// Validating benchmarks:
// ***** BenchmarkRunner: Start   *****
// ***** Found 30 benchmark(s) in total *****
// ***** Building 1 exe(s) in Parallel: Start   *****
// start dotnet  restore --nodeReuse:false /p:UseSharedCompilation=false /p:Deterministic=true /p:Optimize=true /p:ArtifactsPath="/home/i/GitHub/tl-56-feat-data-authored-api/benchmarks/Alpha/bin/Release/net10.0/Alpha-Jit-1/" /p:OutDir="/home/i/GitHub/tl-56-feat-data-authored-api/benchmarks/Alpha/bin/Release/net10.0/Alpha-Jit-1/bin/Release/net10.0/" /p:OutputPath="/home/i/GitHub/tl-56-feat-data-authored-api/benchmarks/Alpha/bin/Release/net10.0/Alpha-Jit-1/bin/Release/net10.0/" /p:PublishDir="/home/i/GitHub/tl-56-feat-data-authored-api/benchmarks/Alpha/bin/Release/net10.0/Alpha-Jit-1/publish/" in /home/i/GitHub/tl-56-feat-data-authored-api/benchmarks/Alpha/bin/Release/net10.0/Alpha-Jit-1
// command took 0.77 sec and exited with 0
// start dotnet  build -c Release --no-restore --nodeReuse:false /p:UseSharedCompilation=false /p:Deterministic=true /p:Optimize=true /p:ArtifactsPath="/home/i/GitHub/tl-56-feat-data-authored-api/benchmarks/Alpha/bin/Release/net10.0/Alpha-Jit-1/" /p:OutDir="/home/i/GitHub/tl-56-feat-data-authored-api/benchmarks/Alpha/bin/Release/net10.0/Alpha-Jit-1/bin/Release/net10.0/" /p:OutputPath="/home/i/GitHub/tl-56-feat-data-authored-api/benchmarks/Alpha/bin/Release/net10.0/Alpha-Jit-1/bin/Release/net10.0/" /p:PublishDir="/home/i/GitHub/tl-56-feat-data-authored-api/benchmarks/Alpha/bin/Release/net10.0/Alpha-Jit-1/publish/" --output "/home/i/GitHub/tl-56-feat-data-authored-api/benchmarks/Alpha/bin/Release/net10.0/Alpha-Jit-1/bin/Release/net10.0/" in /home/i/GitHub/tl-56-feat-data-authored-api/benchmarks/Alpha/bin/Release/net10.0/Alpha-Jit-1
// command took 6.69 sec and exited with 0
// ***** Done, took 00:00:07 (7.49 sec)   *****
// Found 30 benchmarks:
//   DataAuthoredQueryBenchmarks.DirectShape: Jit(IterationCount=12, IterationTime=250ms, WarmupCount=16) [Shape=OneTrack, Pattern=Forward]
//   DataAuthoredQueryBenchmarks.GeneratedShape: Jit(IterationCount=12, IterationTime=250ms, WarmupCount=16) [Shape=OneTrack, Pattern=Forward]
//   DataAuthoredQueryBenchmarks.DataAuthoredFacade: Jit(IterationCount=12, IterationTime=250ms, WarmupCount=16) [Shape=OneTrack, Pattern=Forward]
//   DataAuthoredQueryBenchmarks.DirectShape: Jit(IterationCount=12, IterationTime=250ms, WarmupCount=16) [Shape=OneTrack, Pattern=Alternating]
//   DataAuthoredQueryBenchmarks.GeneratedShape: Jit(IterationCount=12, IterationTime=250ms, WarmupCount=16) [Shape=OneTrack, Pattern=Alternating]
//   DataAuthoredQueryBenchmarks.DataAuthoredFacade: Jit(IterationCount=12, IterationTime=250ms, WarmupCount=16) [Shape=OneTrack, Pattern=Alternating]
//   DataAuthoredQueryBenchmarks.DirectShape: Jit(IterationCount=12, IterationTime=250ms, WarmupCount=16) [Shape=ThreeTracks, Pattern=Forward]
//   DataAuthoredQueryBenchmarks.GeneratedShape: Jit(IterationCount=12, IterationTime=250ms, WarmupCount=16) [Shape=ThreeTracks, Pattern=Forward]
//   DataAuthoredQueryBenchmarks.DataAuthoredFacade: Jit(IterationCount=12, IterationTime=250ms, WarmupCount=16) [Shape=ThreeTracks, Pattern=Forward]
//   DataAuthoredQueryBenchmarks.DirectShape: Jit(IterationCount=12, IterationTime=250ms, WarmupCount=16) [Shape=ThreeTracks, Pattern=Alternating]
//   DataAuthoredQueryBenchmarks.GeneratedShape: Jit(IterationCount=12, IterationTime=250ms, WarmupCount=16) [Shape=ThreeTracks, Pattern=Alternating]
//   DataAuthoredQueryBenchmarks.DataAuthoredFacade: Jit(IterationCount=12, IterationTime=250ms, WarmupCount=16) [Shape=ThreeTracks, Pattern=Alternating]
//   DataAuthoredQueryBenchmarks.DirectShape: Jit(IterationCount=12, IterationTime=250ms, WarmupCount=16) [Shape=SixteenTracks, Pattern=Forward]
//   DataAuthoredQueryBenchmarks.GeneratedShape: Jit(IterationCount=12, IterationTime=250ms, WarmupCount=16) [Shape=SixteenTracks, Pattern=Forward]
//   DataAuthoredQueryBenchmarks.DataAuthoredFacade: Jit(IterationCount=12, IterationTime=250ms, WarmupCount=16) [Shape=SixteenTracks, Pattern=Forward]
//   DataAuthoredQueryBenchmarks.DirectShape: Jit(IterationCount=12, IterationTime=250ms, WarmupCount=16) [Shape=SixteenTracks, Pattern=Alternating]
//   DataAuthoredQueryBenchmarks.GeneratedShape: Jit(IterationCount=12, IterationTime=250ms, WarmupCount=16) [Shape=SixteenTracks, Pattern=Alternating]
//   DataAuthoredQueryBenchmarks.DataAuthoredFacade: Jit(IterationCount=12, IterationTime=250ms, WarmupCount=16) [Shape=SixteenTracks, Pattern=Alternating]
//   DataAuthoredQueryBenchmarks.DirectShape: Jit(IterationCount=12, IterationTime=250ms, WarmupCount=16) [Shape=TwoHundredFiftySixTracks, Pattern=Forward]
//   DataAuthoredQueryBenchmarks.GeneratedShape: Jit(IterationCount=12, IterationTime=250ms, WarmupCount=16) [Shape=TwoHundredFiftySixTracks, Pattern=Forward]
//   DataAuthoredQueryBenchmarks.DataAuthoredFacade: Jit(IterationCount=12, IterationTime=250ms, WarmupCount=16) [Shape=TwoHundredFiftySixTracks, Pattern=Forward]
//   DataAuthoredQueryBenchmarks.DirectShape: Jit(IterationCount=12, IterationTime=250ms, WarmupCount=16) [Shape=TwoHundredFiftySixTracks, Pattern=Alternating]
//   DataAuthoredQueryBenchmarks.GeneratedShape: Jit(IterationCount=12, IterationTime=250ms, WarmupCount=16) [Shape=TwoHundredFiftySixTracks, Pattern=Alternating]
//   DataAuthoredQueryBenchmarks.DataAuthoredFacade: Jit(IterationCount=12, IterationTime=250ms, WarmupCount=16) [Shape=TwoHundredFiftySixTracks, Pattern=Alternating]
//   DataAuthoredQueryBenchmarks.DirectShape: Jit(IterationCount=12, IterationTime=250ms, WarmupCount=16) [Shape=Blend, Pattern=Forward]
//   DataAuthoredQueryBenchmarks.GeneratedShape: Jit(IterationCount=12, IterationTime=250ms, WarmupCount=16) [Shape=Blend, Pattern=Forward]
//   DataAuthoredQueryBenchmarks.DataAuthoredFacade: Jit(IterationCount=12, IterationTime=250ms, WarmupCount=16) [Shape=Blend, Pattern=Forward]
//   DataAuthoredQueryBenchmarks.DirectShape: Jit(IterationCount=12, IterationTime=250ms, WarmupCount=16) [Shape=Blend, Pattern=Alternating]
//   DataAuthoredQueryBenchmarks.GeneratedShape: Jit(IterationCount=12, IterationTime=250ms, WarmupCount=16) [Shape=Blend, Pattern=Alternating]
//   DataAuthoredQueryBenchmarks.DataAuthoredFacade: Jit(IterationCount=12, IterationTime=250ms, WarmupCount=16) [Shape=Blend, Pattern=Alternating]

// **************************
// Benchmark: DataAuthoredQueryBenchmarks.DirectShape: Jit(IterationCount=12, IterationTime=250ms, WarmupCount=16) [Shape=OneTrack, Pattern=Forward]
// *** Execute ***
// Launch: 1 / 1
// Execute: dotnet Alpha-Jit-1.dll --anonymousPipes 157 158 --benchmarkName "DataAuthoredQueryBenchmarks.DirectShape(Shape: OneTrack, Pattern: Forward)" --job Jit --benchmarkId 0 in /home/i/GitHub/tl-56-feat-data-authored-api/benchmarks/Alpha/bin/Release/net10.0/Alpha-Jit-1/bin/Release/net10.0
// Failed to set up high priority (Permission denied). In order to run benchmarks with high priority, make sure you have the right permissions.
// BeforeAnythingElse

// Benchmark Process Environment Information:
// BenchmarkDotNet v0.15.8
// Runtime=.NET 10.0.12 (10.0.12, 10.0.1226.42308), X64 RyuJIT x86-64-v3
// GC=Concurrent Workstation
// HardwareIntrinsics=AVX2+BMI1+BMI2+F16C+FMA+LZCNT+MOVBE,AVX,SSE3+SSSE3+SSE4.1+SSE4.2+POPCNT,X86Base+SSE+SSE2,AES+PCLMUL,AvxVnni,SERIALIZE VectorSize=256
// Job: Jit(IterationCount=12, IterationTime=250ms, WarmupCount=16)

OverheadJitting  1: 4096 op, 100893.00 ns, 24.6321 ns/op
WorkloadJitting  1: 4096 op, 1237798.00 ns, 302.1968 ns/op

OverheadJitting  2: 65536 op, 124515.00 ns, 1.8999 ns/op
WorkloadJitting  2: 65536 op, 398424.00 ns, 6.0795 ns/op

WorkloadPilot    1: 65536 op, 195572.00 ns, 2.9842 ns/op
WorkloadPilot    2: 83820544 op, 213137509.00 ns, 2.5428 ns/op
WorkloadPilot    3: 98369536 op, 252574402.00 ns, 2.5676 ns/op
WorkloadPilot    4: 97386496 op, 248133057.00 ns, 2.5479 ns/op
WorkloadPilot    5: 98172928 op, 248749218.00 ns, 2.5338 ns/op
WorkloadPilot    6: 98697216 op, 250012002.00 ns, 2.5331 ns/op

OverheadWarmup   1: 98697216 op, 37645.00 ns, 0.0004 ns/op
OverheadWarmup   2: 98697216 op, 37232.00 ns, 0.0004 ns/op
OverheadWarmup   3: 98697216 op, 37133.00 ns, 0.0004 ns/op
OverheadWarmup   4: 98697216 op, 37114.00 ns, 0.0004 ns/op
OverheadWarmup   5: 98697216 op, 37187.00 ns, 0.0004 ns/op
OverheadWarmup   6: 98697216 op, 38375.00 ns, 0.0004 ns/op
OverheadWarmup   7: 98697216 op, 37141.00 ns, 0.0004 ns/op
OverheadWarmup   8: 98697216 op, 37126.00 ns, 0.0004 ns/op
OverheadWarmup   9: 98697216 op, 36500.00 ns, 0.0004 ns/op
OverheadWarmup  10: 98697216 op, 36482.00 ns, 0.0004 ns/op

OverheadActual   1: 98697216 op, 42219.00 ns, 0.0004 ns/op
OverheadActual   2: 98697216 op, 37116.00 ns, 0.0004 ns/op
OverheadActual   3: 98697216 op, 37598.00 ns, 0.0004 ns/op
OverheadActual   4: 98697216 op, 36965.00 ns, 0.0004 ns/op
OverheadActual   5: 98697216 op, 37400.00 ns, 0.0004 ns/op
OverheadActual   6: 98697216 op, 37226.00 ns, 0.0004 ns/op
OverheadActual   7: 98697216 op, 37141.00 ns, 0.0004 ns/op
OverheadActual   8: 98697216 op, 37153.00 ns, 0.0004 ns/op
OverheadActual   9: 98697216 op, 37158.00 ns, 0.0004 ns/op
OverheadActual  10: 98697216 op, 37135.00 ns, 0.0004 ns/op
OverheadActual  11: 98697216 op, 37139.00 ns, 0.0004 ns/op
OverheadActual  12: 98697216 op, 37146.00 ns, 0.0004 ns/op
OverheadActual  13: 98697216 op, 37183.00 ns, 0.0004 ns/op
OverheadActual  14: 98697216 op, 37159.00 ns, 0.0004 ns/op
OverheadActual  15: 98697216 op, 37183.00 ns, 0.0004 ns/op

WorkloadWarmup   1: 98697216 op, 250467030.00 ns, 2.5377 ns/op
WorkloadWarmup   2: 98697216 op, 256857658.00 ns, 2.6025 ns/op
WorkloadWarmup   3: 98697216 op, 296060901.00 ns, 2.9997 ns/op
WorkloadWarmup   4: 98697216 op, 285315611.00 ns, 2.8908 ns/op
WorkloadWarmup   5: 98697216 op, 252508790.00 ns, 2.5584 ns/op
WorkloadWarmup   6: 98697216 op, 250514257.00 ns, 2.5382 ns/op
WorkloadWarmup   7: 98697216 op, 188875371.00 ns, 1.9137 ns/op
WorkloadWarmup   8: 98697216 op, 132863562.00 ns, 1.3462 ns/op
WorkloadWarmup   9: 98697216 op, 134782127.00 ns, 1.3656 ns/op
WorkloadWarmup  10: 98697216 op, 133966419.00 ns, 1.3573 ns/op
WorkloadWarmup  11: 98697216 op, 136019213.00 ns, 1.3781 ns/op
WorkloadWarmup  12: 98697216 op, 134679287.00 ns, 1.3646 ns/op
WorkloadWarmup  13: 98697216 op, 136800378.00 ns, 1.3861 ns/op
WorkloadWarmup  14: 98697216 op, 164725020.00 ns, 1.6690 ns/op
WorkloadWarmup  15: 98697216 op, 177461217.00 ns, 1.7980 ns/op
WorkloadWarmup  16: 98697216 op, 132881420.00 ns, 1.3464 ns/op

// BeforeActualRun
WorkloadActual   1: 98697216 op, 136747135.00 ns, 1.3855 ns/op
WorkloadActual   2: 98697216 op, 133143368.00 ns, 1.3490 ns/op
WorkloadActual   3: 98697216 op, 134119781.00 ns, 1.3589 ns/op
WorkloadActual   4: 98697216 op, 133749904.00 ns, 1.3552 ns/op
WorkloadActual   5: 98697216 op, 133844752.00 ns, 1.3561 ns/op
WorkloadActual   6: 98697216 op, 134211377.00 ns, 1.3598 ns/op
WorkloadActual   7: 98697216 op, 133430670.00 ns, 1.3519 ns/op
WorkloadActual   8: 98697216 op, 134657686.00 ns, 1.3644 ns/op
WorkloadActual   9: 98697216 op, 133883077.00 ns, 1.3565 ns/op
WorkloadActual  10: 98697216 op, 134609112.00 ns, 1.3639 ns/op
WorkloadActual  11: 98697216 op, 133416862.00 ns, 1.3518 ns/op
WorkloadActual  12: 98697216 op, 133447642.00 ns, 1.3521 ns/op

// AfterActualRun
WorkloadResult   1: 98697216 op, 133106210.00 ns, 1.3486 ns/op
WorkloadResult   2: 98697216 op, 134082623.00 ns, 1.3585 ns/op
WorkloadResult   3: 98697216 op, 133712746.00 ns, 1.3548 ns/op
WorkloadResult   4: 98697216 op, 133807594.00 ns, 1.3557 ns/op
WorkloadResult   5: 98697216 op, 134174219.00 ns, 1.3595 ns/op
WorkloadResult   6: 98697216 op, 133393512.00 ns, 1.3515 ns/op
WorkloadResult   7: 98697216 op, 134620528.00 ns, 1.3640 ns/op
WorkloadResult   8: 98697216 op, 133845919.00 ns, 1.3561 ns/op
WorkloadResult   9: 98697216 op, 134571954.00 ns, 1.3635 ns/op
WorkloadResult  10: 98697216 op, 133379704.00 ns, 1.3514 ns/op
WorkloadResult  11: 98697216 op, 133410484.00 ns, 1.3517 ns/op
// GC:  0 0 0 0 98697216
// Threading:  0 0 98697216

// AfterAll
// Benchmark Process 3007886 has exited with code 0.

Mean = 1.356 ns, StdErr = 0.002 ns (0.11%), N = 11, StdDev = 0.005 ns
Min = 1.349 ns, Q1 = 1.352 ns, Median = 1.356 ns, Q3 = 1.359 ns, Max = 1.364 ns
IQR = 0.007 ns, LowerFence = 1.341 ns, UpperFence = 1.370 ns
ConfidenceInterval = [1.349 ns; 1.363 ns] (CI 99.9%), Margin = 0.007 ns (0.51% of Mean)
Skewness = 0.26, Kurtosis = 1.64, MValue = 2

// ** Remained 29 (96.7%) benchmark(s) to run. Estimated finish 2026-09-12 12:02 (0h 3m from now) **
// **************************
// Benchmark: DataAuthoredQueryBenchmarks.GeneratedShape: Jit(IterationCount=12, IterationTime=250ms, WarmupCount=16) [Shape=OneTrack, Pattern=Forward]
// *** Execute ***
// Launch: 1 / 1
// Execute: dotnet Alpha-Jit-1.dll --anonymousPipes 157 158 --benchmarkName "DataAuthoredQueryBenchmarks.GeneratedShape(Shape: OneTrack, Pattern: Forward)" --job Jit --benchmarkId 1 in /home/i/GitHub/tl-56-feat-data-authored-api/benchmarks/Alpha/bin/Release/net10.0/Alpha-Jit-1/bin/Release/net10.0
// Failed to set up high priority (Permission denied). In order to run benchmarks with high priority, make sure you have the right permissions.
// BeforeAnythingElse

// Benchmark Process Environment Information:
// BenchmarkDotNet v0.15.8
// Runtime=.NET 10.0.12 (10.0.12, 10.0.1226.42308), X64 RyuJIT x86-64-v3
// GC=Concurrent Workstation
// HardwareIntrinsics=AVX2+BMI1+BMI2+F16C+FMA+LZCNT+MOVBE,AVX,SSE3+SSSE3+SSE4.1+SSE4.2+POPCNT,X86Base+SSE+SSE2,AES+PCLMUL,AvxVnni,SERIALIZE VectorSize=256
// Job: Jit(IterationCount=12, IterationTime=250ms, WarmupCount=16)

OverheadJitting  1: 4096 op, 100553.00 ns, 24.5491 ns/op
WorkloadJitting  1: 4096 op, 277011.00 ns, 67.6296 ns/op

OverheadJitting  2: 65536 op, 134586.00 ns, 2.0536 ns/op
WorkloadJitting  2: 65536 op, 1363191.00 ns, 20.8006 ns/op

WorkloadPilot    1: 65536 op, 551969.00 ns, 8.4224 ns/op
WorkloadPilot    2: 29687808 op, 240765287.00 ns, 8.1099 ns/op
WorkloadPilot    3: 30867456 op, 249141462.00 ns, 8.0713 ns/op
WorkloadPilot    4: 30998528 op, 253026916.00 ns, 8.1625 ns/op
WorkloadPilot    5: 30670848 op, 248406945.00 ns, 8.0991 ns/op
WorkloadPilot    6: 30867456 op, 250953818.00 ns, 8.1300 ns/op
WorkloadPilot    7: 30801920 op, 248048919.00 ns, 8.0530 ns/op
WorkloadPilot    8: 31064064 op, 250673956.00 ns, 8.0696 ns/op

OverheadWarmup   1: 31064064 op, 12560.00 ns, 0.0004 ns/op
OverheadWarmup   2: 31064064 op, 11790.00 ns, 0.0004 ns/op
OverheadWarmup   3: 31064064 op, 11722.00 ns, 0.0004 ns/op
OverheadWarmup   4: 31064064 op, 13780.00 ns, 0.0004 ns/op
OverheadWarmup   5: 31064064 op, 13989.00 ns, 0.0005 ns/op
OverheadWarmup   6: 31064064 op, 13733.00 ns, 0.0004 ns/op
OverheadWarmup   7: 31064064 op, 12582.00 ns, 0.0004 ns/op
OverheadWarmup   8: 31064064 op, 13564.00 ns, 0.0004 ns/op
OverheadWarmup   9: 31064064 op, 11912.00 ns, 0.0004 ns/op

OverheadActual   1: 31064064 op, 11959.00 ns, 0.0004 ns/op
OverheadActual   2: 31064064 op, 11943.00 ns, 0.0004 ns/op
OverheadActual   3: 31064064 op, 11931.00 ns, 0.0004 ns/op
OverheadActual   4: 31064064 op, 11843.00 ns, 0.0004 ns/op
OverheadActual   5: 31064064 op, 13964.00 ns, 0.0004 ns/op
OverheadActual   6: 31064064 op, 13193.00 ns, 0.0004 ns/op
OverheadActual   7: 31064064 op, 12899.00 ns, 0.0004 ns/op
OverheadActual   8: 31064064 op, 12911.00 ns, 0.0004 ns/op
OverheadActual   9: 31064064 op, 13399.00 ns, 0.0004 ns/op
OverheadActual  10: 31064064 op, 13196.00 ns, 0.0004 ns/op
OverheadActual  11: 31064064 op, 13665.00 ns, 0.0004 ns/op
OverheadActual  12: 31064064 op, 11783.00 ns, 0.0004 ns/op
OverheadActual  13: 31064064 op, 11762.00 ns, 0.0004 ns/op
OverheadActual  14: 31064064 op, 11731.00 ns, 0.0004 ns/op
OverheadActual  15: 31064064 op, 11726.00 ns, 0.0004 ns/op
OverheadActual  16: 31064064 op, 11769.00 ns, 0.0004 ns/op
OverheadActual  17: 31064064 op, 11799.00 ns, 0.0004 ns/op
OverheadActual  18: 31064064 op, 11922.00 ns, 0.0004 ns/op
OverheadActual  19: 31064064 op, 11782.00 ns, 0.0004 ns/op
OverheadActual  20: 31064064 op, 11730.00 ns, 0.0004 ns/op

WorkloadWarmup   1: 31064064 op, 283541669.00 ns, 9.1276 ns/op
WorkloadWarmup   2: 31064064 op, 252616407.00 ns, 8.1321 ns/op
WorkloadWarmup   3: 31064064 op, 251483538.00 ns, 8.0956 ns/op
WorkloadWarmup   4: 31064064 op, 250185597.00 ns, 8.0539 ns/op
WorkloadWarmup   5: 31064064 op, 171472895.00 ns, 5.5200 ns/op
WorkloadWarmup   6: 31064064 op, 56992859.00 ns, 1.8347 ns/op
WorkloadWarmup   7: 31064064 op, 59694448.00 ns, 1.9217 ns/op
WorkloadWarmup   8: 31064064 op, 58515453.00 ns, 1.8837 ns/op
WorkloadWarmup   9: 31064064 op, 59774015.00 ns, 1.9242 ns/op
WorkloadWarmup  10: 31064064 op, 59985378.00 ns, 1.9310 ns/op
WorkloadWarmup  11: 31064064 op, 61811400.00 ns, 1.9898 ns/op
WorkloadWarmup  12: 31064064 op, 57245095.00 ns, 1.8428 ns/op
WorkloadWarmup  13: 31064064 op, 60784434.00 ns, 1.9567 ns/op
WorkloadWarmup  14: 31064064 op, 57336618.00 ns, 1.8458 ns/op
WorkloadWarmup  15: 31064064 op, 58958397.00 ns, 1.8980 ns/op
WorkloadWarmup  16: 31064064 op, 59033832.00 ns, 1.9004 ns/op

// BeforeActualRun
WorkloadActual   1: 31064064 op, 57617964.00 ns, 1.8548 ns/op
WorkloadActual   2: 31064064 op, 56895729.00 ns, 1.8316 ns/op
WorkloadActual   3: 31064064 op, 58643894.00 ns, 1.8878 ns/op
WorkloadActual   4: 31064064 op, 58654116.00 ns, 1.8882 ns/op
WorkloadActual   5: 31064064 op, 57623035.00 ns, 1.8550 ns/op
WorkloadActual   6: 31064064 op, 58386166.00 ns, 1.8795 ns/op
WorkloadActual   7: 31064064 op, 57809296.00 ns, 1.8610 ns/op
WorkloadActual   8: 31064064 op, 56238282.00 ns, 1.8104 ns/op
WorkloadActual   9: 31064064 op, 57798817.00 ns, 1.8606 ns/op
WorkloadActual  10: 31064064 op, 57845350.00 ns, 1.8621 ns/op
WorkloadActual  11: 31064064 op, 57503322.00 ns, 1.8511 ns/op
WorkloadActual  12: 31064064 op, 57787794.00 ns, 1.8603 ns/op

// AfterActualRun
WorkloadResult   1: 31064064 op, 57606037.50 ns, 1.8544 ns/op
WorkloadResult   2: 31064064 op, 56883802.50 ns, 1.8312 ns/op
WorkloadResult   3: 31064064 op, 57611108.50 ns, 1.8546 ns/op
WorkloadResult   4: 31064064 op, 58374239.50 ns, 1.8792 ns/op
WorkloadResult   5: 31064064 op, 57797369.50 ns, 1.8606 ns/op
WorkloadResult   6: 31064064 op, 56226355.50 ns, 1.8100 ns/op
WorkloadResult   7: 31064064 op, 57786890.50 ns, 1.8602 ns/op
WorkloadResult   8: 31064064 op, 57833423.50 ns, 1.8617 ns/op
WorkloadResult   9: 31064064 op, 57491395.50 ns, 1.8507 ns/op
WorkloadResult  10: 31064064 op, 57775867.50 ns, 1.8599 ns/op
// GC:  0 0 0 0 31064064
// Threading:  0 0 31064064

// AfterAll
// Benchmark Process 3014195 has exited with code 0.

Mean = 1.852 ns, StdErr = 0.006 ns (0.32%), N = 10, StdDev = 0.019 ns
Min = 1.810 ns, Q1 = 1.852 ns, Median = 1.857 ns, Q3 = 1.861 ns, Max = 1.879 ns
IQR = 0.009 ns, LowerFence = 1.838 ns, UpperFence = 1.874 ns
ConfidenceInterval = [1.824 ns; 1.881 ns] (CI 99.9%), Margin = 0.029 ns (1.55% of Mean)
Skewness = -0.92, Kurtosis = 3.02, MValue = 2

// ** Remained 28 (93.3%) benchmark(s) to run. Estimated finish 2026-09-12 12:01 (0h 2m from now) **
// **************************
// Benchmark: DataAuthoredQueryBenchmarks.DataAuthoredFacade: Jit(IterationCount=12, IterationTime=250ms, WarmupCount=16) [Shape=OneTrack, Pattern=Forward]
// *** Execute ***
// Launch: 1 / 1
// Execute: dotnet Alpha-Jit-1.dll --anonymousPipes 157 158 --benchmarkName "DataAuthoredQueryBenchmarks.DataAuthoredFacade(Shape: OneTrack, Pattern: Forward)" --job Jit --benchmarkId 2 in /home/i/GitHub/tl-56-feat-data-authored-api/benchmarks/Alpha/bin/Release/net10.0/Alpha-Jit-1/bin/Release/net10.0
// Failed to set up high priority (Permission denied). In order to run benchmarks with high priority, make sure you have the right permissions.
// BeforeAnythingElse

// Benchmark Process Environment Information:
// BenchmarkDotNet v0.15.8
// Runtime=.NET 10.0.12 (10.0.12, 10.0.1226.42308), X64 RyuJIT x86-64-v3
// GC=Concurrent Workstation
// HardwareIntrinsics=AVX2+BMI1+BMI2+F16C+FMA+LZCNT+MOVBE,AVX,SSE3+SSSE3+SSE4.1+SSE4.2+POPCNT,X86Base+SSE+SSE2,AES+PCLMUL,AvxVnni,SERIALIZE VectorSize=256
// Job: Jit(IterationCount=12, IterationTime=250ms, WarmupCount=16)

OverheadJitting  1: 4096 op, 98899.00 ns, 24.1453 ns/op
WorkloadJitting  1: 4096 op, 247442.00 ns, 60.4106 ns/op

OverheadJitting  2: 65536 op, 119513.00 ns, 1.8236 ns/op
WorkloadJitting  2: 65536 op, 2994345.00 ns, 45.6901 ns/op

WorkloadPilot    1: 65536 op, 1909734.00 ns, 29.1402 ns/op
WorkloadPilot    2: 8585216 op, 243947315.00 ns, 28.4148 ns/op
WorkloadPilot    3: 8847360 op, 252619594.00 ns, 28.5531 ns/op
WorkloadPilot    4: 8781824 op, 252218085.00 ns, 28.7205 ns/op
WorkloadPilot    5: 8716288 op, 251115276.00 ns, 28.8099 ns/op

OverheadWarmup   1: 8716288 op, 3838.00 ns, 0.0004 ns/op
OverheadWarmup   2: 8716288 op, 3475.00 ns, 0.0004 ns/op
OverheadWarmup   3: 8716288 op, 3366.00 ns, 0.0004 ns/op
OverheadWarmup   4: 8716288 op, 3392.00 ns, 0.0004 ns/op
OverheadWarmup   5: 8716288 op, 3449.00 ns, 0.0004 ns/op
OverheadWarmup   6: 8716288 op, 3360.00 ns, 0.0004 ns/op
OverheadWarmup   7: 8716288 op, 3380.00 ns, 0.0004 ns/op
OverheadWarmup   8: 8716288 op, 3431.00 ns, 0.0004 ns/op
OverheadWarmup   9: 8716288 op, 3406.00 ns, 0.0004 ns/op

OverheadActual   1: 8716288 op, 3943.00 ns, 0.0005 ns/op
OverheadActual   2: 8716288 op, 4949.00 ns, 0.0006 ns/op
OverheadActual   3: 8716288 op, 3814.00 ns, 0.0004 ns/op
OverheadActual   4: 8716288 op, 3527.00 ns, 0.0004 ns/op
OverheadActual   5: 8716288 op, 3550.00 ns, 0.0004 ns/op
OverheadActual   6: 8716288 op, 3426.00 ns, 0.0004 ns/op
OverheadActual   7: 8716288 op, 3361.00 ns, 0.0004 ns/op
OverheadActual   8: 8716288 op, 3315.00 ns, 0.0004 ns/op
OverheadActual   9: 8716288 op, 3333.00 ns, 0.0004 ns/op
OverheadActual  10: 8716288 op, 3367.00 ns, 0.0004 ns/op
OverheadActual  11: 8716288 op, 3382.00 ns, 0.0004 ns/op
OverheadActual  12: 8716288 op, 3368.00 ns, 0.0004 ns/op
OverheadActual  13: 8716288 op, 3359.00 ns, 0.0004 ns/op
OverheadActual  14: 8716288 op, 5066.00 ns, 0.0006 ns/op
OverheadActual  15: 8716288 op, 3385.00 ns, 0.0004 ns/op
OverheadActual  16: 8716288 op, 3337.00 ns, 0.0004 ns/op
OverheadActual  17: 8716288 op, 3344.00 ns, 0.0004 ns/op

WorkloadWarmup   1: 8716288 op, 251500687.00 ns, 28.8541 ns/op
WorkloadWarmup   2: 8716288 op, 252287780.00 ns, 28.9444 ns/op
WorkloadWarmup   3: 8716288 op, 251876997.00 ns, 28.8973 ns/op
WorkloadWarmup   4: 8716288 op, 285435272.00 ns, 32.7473 ns/op
WorkloadWarmup   5: 8716288 op, 251578954.00 ns, 28.8631 ns/op
WorkloadWarmup   6: 8716288 op, 250568838.00 ns, 28.7472 ns/op
WorkloadWarmup   7: 8716288 op, 250063010.00 ns, 28.6892 ns/op
WorkloadWarmup   8: 8716288 op, 186537791.00 ns, 21.4011 ns/op
WorkloadWarmup   9: 8716288 op, 113744549.00 ns, 13.0497 ns/op
WorkloadWarmup  10: 8716288 op, 113853882.00 ns, 13.0622 ns/op
WorkloadWarmup  11: 8716288 op, 116332552.00 ns, 13.3466 ns/op
WorkloadWarmup  12: 8716288 op, 112819153.00 ns, 12.9435 ns/op
WorkloadWarmup  13: 8716288 op, 113916872.00 ns, 13.0694 ns/op
WorkloadWarmup  14: 8716288 op, 114339050.00 ns, 13.1179 ns/op
WorkloadWarmup  15: 8716288 op, 113776071.00 ns, 13.0533 ns/op
WorkloadWarmup  16: 8716288 op, 114303209.00 ns, 13.1137 ns/op

// BeforeActualRun
WorkloadActual   1: 8716288 op, 114048000.00 ns, 13.0845 ns/op
WorkloadActual   2: 8716288 op, 114703056.00 ns, 13.1596 ns/op
WorkloadActual   3: 8716288 op, 113914450.00 ns, 13.0691 ns/op
WorkloadActual   4: 8716288 op, 112996243.00 ns, 12.9638 ns/op
WorkloadActual   5: 8716288 op, 114071797.00 ns, 13.0872 ns/op
WorkloadActual   6: 8716288 op, 114184210.00 ns, 13.1001 ns/op
WorkloadActual   7: 8716288 op, 113427395.00 ns, 13.0133 ns/op
WorkloadActual   8: 8716288 op, 114776539.00 ns, 13.1681 ns/op
WorkloadActual   9: 8716288 op, 113634426.00 ns, 13.0370 ns/op
WorkloadActual  10: 8716288 op, 139150599.00 ns, 15.9644 ns/op
WorkloadActual  11: 8716288 op, 114473785.00 ns, 13.1333 ns/op
WorkloadActual  12: 8716288 op, 113611886.00 ns, 13.0344 ns/op

// AfterActualRun
WorkloadResult   1: 8716288 op, 114044618.00 ns, 13.0841 ns/op
WorkloadResult   2: 8716288 op, 114699674.00 ns, 13.1592 ns/op
WorkloadResult   3: 8716288 op, 113911068.00 ns, 13.0688 ns/op
WorkloadResult   4: 8716288 op, 112992861.00 ns, 12.9634 ns/op
WorkloadResult   5: 8716288 op, 114068415.00 ns, 13.0868 ns/op
WorkloadResult   6: 8716288 op, 114180828.00 ns, 13.0997 ns/op
WorkloadResult   7: 8716288 op, 113424013.00 ns, 13.0129 ns/op
WorkloadResult   8: 8716288 op, 114773157.00 ns, 13.1677 ns/op
WorkloadResult   9: 8716288 op, 113631044.00 ns, 13.0366 ns/op
WorkloadResult  10: 8716288 op, 114470403.00 ns, 13.1329 ns/op
WorkloadResult  11: 8716288 op, 113608504.00 ns, 13.0340 ns/op
// GC:  0 0 0 0 8716288
// Threading:  0 0 8716288

// AfterAll
// Benchmark Process 3018910 has exited with code 0.

Mean = 13.077 ns, StdErr = 0.019 ns (0.14%), N = 11, StdDev = 0.063 ns
Min = 12.963 ns, Q1 = 13.035 ns, Median = 13.084 ns, Q3 = 13.116 ns, Max = 13.168 ns
IQR = 0.081 ns, LowerFence = 12.914 ns, UpperFence = 13.238 ns
ConfidenceInterval = [12.990 ns; 13.164 ns] (CI 99.9%), Margin = 0.087 ns (0.66% of Mean)
Skewness = -0.14, Kurtosis = 1.84, MValue = 2

// ** Remained 27 (90.0%) benchmark(s) to run. Estimated finish 2026-09-12 12:01 (0h 2m from now) **
// **************************
// Benchmark: DataAuthoredQueryBenchmarks.DirectShape: Jit(IterationCount=12, IterationTime=250ms, WarmupCount=16) [Shape=OneTrack, Pattern=Alternating]
// *** Execute ***
// Launch: 1 / 1
// Execute: dotnet Alpha-Jit-1.dll --anonymousPipes 157 158 --benchmarkName "DataAuthoredQueryBenchmarks.DirectShape(Shape: OneTrack, Pattern: Alternating)" --job Jit --benchmarkId 3 in /home/i/GitHub/tl-56-feat-data-authored-api/benchmarks/Alpha/bin/Release/net10.0/Alpha-Jit-1/bin/Release/net10.0
// Failed to set up high priority (Permission denied). In order to run benchmarks with high priority, make sure you have the right permissions.
// BeforeAnythingElse

// Benchmark Process Environment Information:
// BenchmarkDotNet v0.15.8
// Runtime=.NET 10.0.12 (10.0.12, 10.0.1226.42308), X64 RyuJIT x86-64-v3
// GC=Concurrent Workstation
// HardwareIntrinsics=AVX2+BMI1+BMI2+F16C+FMA+LZCNT+MOVBE,AVX,SSE3+SSSE3+SSE4.1+SSE4.2+POPCNT,X86Base+SSE+SSE2,AES+PCLMUL,AvxVnni,SERIALIZE VectorSize=256
// Job: Jit(IterationCount=12, IterationTime=250ms, WarmupCount=16)

OverheadJitting  1: 4096 op, 103678.00 ns, 25.3120 ns/op
WorkloadJitting  1: 4096 op, 1192860.00 ns, 291.2256 ns/op

OverheadJitting  2: 65536 op, 126630.00 ns, 1.9322 ns/op
WorkloadJitting  2: 65536 op, 384863.00 ns, 5.8725 ns/op

WorkloadPilot    1: 65536 op, 216198.00 ns, 3.2989 ns/op
WorkloadPilot    2: 75825152 op, 212941392.00 ns, 2.8083 ns/op
WorkloadPilot    3: 89063424 op, 251269884.00 ns, 2.8212 ns/op
WorkloadPilot    4: 88670208 op, 249092235.00 ns, 2.8092 ns/op
WorkloadPilot    5: 88997888 op, 248625263.00 ns, 2.7936 ns/op
WorkloadPilot    6: 89522176 op, 252895218.00 ns, 2.8249 ns/op
WorkloadPilot    7: 88539136 op, 249531838.00 ns, 2.8183 ns/op
WorkloadPilot    8: 88735744 op, 247661553.00 ns, 2.7910 ns/op
WorkloadPilot    9: 89587712 op, 259634121.00 ns, 2.8981 ns/op

OverheadWarmup   1: 89587712 op, 38719.00 ns, 0.0004 ns/op
OverheadWarmup   2: 89587712 op, 37884.00 ns, 0.0004 ns/op
OverheadWarmup   3: 89587712 op, 38519.00 ns, 0.0004 ns/op
OverheadWarmup   4: 89587712 op, 37765.00 ns, 0.0004 ns/op
OverheadWarmup   5: 89587712 op, 37841.00 ns, 0.0004 ns/op
OverheadWarmup   6: 89587712 op, 37966.00 ns, 0.0004 ns/op
OverheadWarmup   7: 89587712 op, 38004.00 ns, 0.0004 ns/op
OverheadWarmup   8: 89587712 op, 37774.00 ns, 0.0004 ns/op

OverheadActual   1: 89587712 op, 38444.00 ns, 0.0004 ns/op
OverheadActual   2: 89587712 op, 38013.00 ns, 0.0004 ns/op
OverheadActual   3: 89587712 op, 37857.00 ns, 0.0004 ns/op
OverheadActual   4: 89587712 op, 37739.00 ns, 0.0004 ns/op
OverheadActual   5: 89587712 op, 37728.00 ns, 0.0004 ns/op
OverheadActual   6: 89587712 op, 37460.00 ns, 0.0004 ns/op
OverheadActual   7: 89587712 op, 37794.00 ns, 0.0004 ns/op
OverheadActual   8: 89587712 op, 37104.00 ns, 0.0004 ns/op
OverheadActual   9: 89587712 op, 37084.00 ns, 0.0004 ns/op
OverheadActual  10: 89587712 op, 39796.00 ns, 0.0004 ns/op
OverheadActual  11: 89587712 op, 37079.00 ns, 0.0004 ns/op
OverheadActual  12: 89587712 op, 37411.00 ns, 0.0004 ns/op
OverheadActual  13: 89587712 op, 37637.00 ns, 0.0004 ns/op
OverheadActual  14: 89587712 op, 37213.00 ns, 0.0004 ns/op
OverheadActual  15: 89587712 op, 37115.00 ns, 0.0004 ns/op

WorkloadWarmup   1: 89587712 op, 131208981.00 ns, 1.4646 ns/op
WorkloadWarmup   2: 89587712 op, 119549885.00 ns, 1.3344 ns/op
WorkloadWarmup   3: 89587712 op, 119881013.00 ns, 1.3381 ns/op
WorkloadWarmup   4: 89587712 op, 118796246.00 ns, 1.3260 ns/op
WorkloadWarmup   5: 89587712 op, 118735742.00 ns, 1.3254 ns/op
WorkloadWarmup   6: 89587712 op, 118660195.00 ns, 1.3245 ns/op
WorkloadWarmup   7: 89587712 op, 118065755.00 ns, 1.3179 ns/op
WorkloadWarmup   8: 89587712 op, 118715514.00 ns, 1.3251 ns/op
WorkloadWarmup   9: 89587712 op, 118908709.00 ns, 1.3273 ns/op
WorkloadWarmup  10: 89587712 op, 120149107.00 ns, 1.3411 ns/op
WorkloadWarmup  11: 89587712 op, 118280616.00 ns, 1.3203 ns/op
WorkloadWarmup  12: 89587712 op, 118386989.00 ns, 1.3215 ns/op
WorkloadWarmup  13: 89587712 op, 119375090.00 ns, 1.3325 ns/op
WorkloadWarmup  14: 89587712 op, 119145545.00 ns, 1.3299 ns/op
WorkloadWarmup  15: 89587712 op, 119194934.00 ns, 1.3305 ns/op
WorkloadWarmup  16: 89587712 op, 117990077.00 ns, 1.3170 ns/op

// BeforeActualRun
WorkloadActual   1: 89587712 op, 120085295.00 ns, 1.3404 ns/op
WorkloadActual   2: 89587712 op, 119532360.00 ns, 1.3342 ns/op
WorkloadActual   3: 89587712 op, 118961267.00 ns, 1.3279 ns/op
WorkloadActual   4: 89587712 op, 119566470.00 ns, 1.3346 ns/op
WorkloadActual   5: 89587712 op, 119067318.00 ns, 1.3291 ns/op
WorkloadActual   6: 89587712 op, 118480130.00 ns, 1.3225 ns/op
WorkloadActual   7: 89587712 op, 119254859.00 ns, 1.3312 ns/op
WorkloadActual   8: 89587712 op, 118700627.00 ns, 1.3250 ns/op
WorkloadActual   9: 89587712 op, 124063757.00 ns, 1.3848 ns/op
WorkloadActual  10: 89587712 op, 120109884.00 ns, 1.3407 ns/op
WorkloadActual  11: 89587712 op, 118331024.00 ns, 1.3208 ns/op
WorkloadActual  12: 89587712 op, 119928430.00 ns, 1.3387 ns/op

// AfterActualRun
WorkloadResult   1: 89587712 op, 120047658.00 ns, 1.3400 ns/op
WorkloadResult   2: 89587712 op, 119494723.00 ns, 1.3338 ns/op
WorkloadResult   3: 89587712 op, 118923630.00 ns, 1.3275 ns/op
WorkloadResult   4: 89587712 op, 119528833.00 ns, 1.3342 ns/op
WorkloadResult   5: 89587712 op, 119029681.00 ns, 1.3286 ns/op
WorkloadResult   6: 89587712 op, 118442493.00 ns, 1.3221 ns/op
WorkloadResult   7: 89587712 op, 119217222.00 ns, 1.3307 ns/op
WorkloadResult   8: 89587712 op, 118662990.00 ns, 1.3245 ns/op
WorkloadResult   9: 89587712 op, 120072247.00 ns, 1.3403 ns/op
WorkloadResult  10: 89587712 op, 118293387.00 ns, 1.3204 ns/op
WorkloadResult  11: 89587712 op, 119890793.00 ns, 1.3383 ns/op
// GC:  0 0 0 0 89587712
// Threading:  0 0 89587712

// AfterAll
// Benchmark Process 3024551 has exited with code 0.

Mean = 1.331 ns, StdErr = 0.002 ns (0.16%), N = 11, StdDev = 0.007 ns
Min = 1.320 ns, Q1 = 1.326 ns, Median = 1.331 ns, Q3 = 1.336 ns, Max = 1.340 ns
IQR = 0.010 ns, LowerFence = 1.311 ns, UpperFence = 1.352 ns
ConfidenceInterval = [1.321 ns; 1.341 ns] (CI 99.9%), Margin = 0.010 ns (0.73% of Mean)
Skewness = -0.05, Kurtosis = 1.43, MValue = 2

// ** Remained 26 (86.7%) benchmark(s) to run. Estimated finish 2026-09-12 12:01 (0h 2m from now) **
// **************************
// Benchmark: DataAuthoredQueryBenchmarks.GeneratedShape: Jit(IterationCount=12, IterationTime=250ms, WarmupCount=16) [Shape=OneTrack, Pattern=Alternating]
// *** Execute ***
// Launch: 1 / 1
// Execute: dotnet Alpha-Jit-1.dll --anonymousPipes 157 158 --benchmarkName "DataAuthoredQueryBenchmarks.GeneratedShape(Shape: OneTrack, Pattern: Alternating)" --job Jit --benchmarkId 4 in /home/i/GitHub/tl-56-feat-data-authored-api/benchmarks/Alpha/bin/Release/net10.0/Alpha-Jit-1/bin/Release/net10.0
// Failed to set up high priority (Permission denied). In order to run benchmarks with high priority, make sure you have the right permissions.
// BeforeAnythingElse

// Benchmark Process Environment Information:
// BenchmarkDotNet v0.15.8
// Runtime=.NET 10.0.12 (10.0.12, 10.0.1226.42308), X64 RyuJIT x86-64-v3
// GC=Concurrent Workstation
// HardwareIntrinsics=AVX2+BMI1+BMI2+F16C+FMA+LZCNT+MOVBE,AVX,SSE3+SSSE3+SSE4.1+SSE4.2+POPCNT,X86Base+SSE+SSE2,AES+PCLMUL,AvxVnni,SERIALIZE VectorSize=256
// Job: Jit(IterationCount=12, IterationTime=250ms, WarmupCount=16)

OverheadJitting  1: 4096 op, 102692.00 ns, 25.0713 ns/op
WorkloadJitting  1: 4096 op, 243204.00 ns, 59.3760 ns/op

OverheadJitting  2: 65536 op, 119092.00 ns, 1.8172 ns/op
WorkloadJitting  2: 65536 op, 1767089.00 ns, 26.9636 ns/op

WorkloadPilot    1: 65536 op, 637642.00 ns, 9.7296 ns/op
WorkloadPilot    2: 25755648 op, 224067478.00 ns, 8.6997 ns/op
WorkloadPilot    3: 28770304 op, 246064975.00 ns, 8.5527 ns/op
WorkloadPilot    4: 29229056 op, 251058959.00 ns, 8.5894 ns/op
WorkloadPilot    5: 29163520 op, 247665948.00 ns, 8.4923 ns/op
WorkloadPilot    6: 29491200 op, 250107178.00 ns, 8.4807 ns/op

OverheadWarmup   1: 29491200 op, 10247.00 ns, 0.0003 ns/op
OverheadWarmup   2: 29491200 op, 9861.00 ns, 0.0003 ns/op
OverheadWarmup   3: 29491200 op, 9778.00 ns, 0.0003 ns/op
OverheadWarmup   4: 29491200 op, 9793.00 ns, 0.0003 ns/op
OverheadWarmup   5: 29491200 op, 9992.00 ns, 0.0003 ns/op
OverheadWarmup   6: 29491200 op, 9948.00 ns, 0.0003 ns/op
OverheadWarmup   7: 29491200 op, 9786.00 ns, 0.0003 ns/op
OverheadWarmup   8: 29491200 op, 9807.00 ns, 0.0003 ns/op
OverheadWarmup   9: 29491200 op, 10056.00 ns, 0.0003 ns/op
OverheadWarmup  10: 29491200 op, 10008.00 ns, 0.0003 ns/op

OverheadActual   1: 29491200 op, 10467.00 ns, 0.0004 ns/op
OverheadActual   2: 29491200 op, 13161.00 ns, 0.0004 ns/op
OverheadActual   3: 29491200 op, 10199.00 ns, 0.0003 ns/op
OverheadActual   4: 29491200 op, 9846.00 ns, 0.0003 ns/op
OverheadActual   5: 29491200 op, 10007.00 ns, 0.0003 ns/op
OverheadActual   6: 29491200 op, 9769.00 ns, 0.0003 ns/op
OverheadActual   7: 29491200 op, 11493.00 ns, 0.0004 ns/op
OverheadActual   8: 29491200 op, 10723.00 ns, 0.0004 ns/op
OverheadActual   9: 29491200 op, 10193.00 ns, 0.0003 ns/op
OverheadActual  10: 29491200 op, 10877.00 ns, 0.0004 ns/op
OverheadActual  11: 29491200 op, 9806.00 ns, 0.0003 ns/op
OverheadActual  12: 29491200 op, 9781.00 ns, 0.0003 ns/op
OverheadActual  13: 29491200 op, 9791.00 ns, 0.0003 ns/op
OverheadActual  14: 29491200 op, 9805.00 ns, 0.0003 ns/op
OverheadActual  15: 29491200 op, 9810.00 ns, 0.0003 ns/op
OverheadActual  16: 29491200 op, 9984.00 ns, 0.0003 ns/op
OverheadActual  17: 29491200 op, 9963.00 ns, 0.0003 ns/op

WorkloadWarmup   1: 29491200 op, 250464110.00 ns, 8.4928 ns/op
WorkloadWarmup   2: 29491200 op, 253235860.00 ns, 8.5868 ns/op
WorkloadWarmup   3: 29491200 op, 252442226.00 ns, 8.5599 ns/op
WorkloadWarmup   4: 29491200 op, 251190340.00 ns, 8.5175 ns/op
WorkloadWarmup   5: 29491200 op, 249990786.00 ns, 8.4768 ns/op
WorkloadWarmup   6: 29491200 op, 250488001.00 ns, 8.4937 ns/op
WorkloadWarmup   7: 29491200 op, 203420942.00 ns, 6.8977 ns/op
WorkloadWarmup   8: 29491200 op, 61769812.00 ns, 2.0945 ns/op
WorkloadWarmup   9: 29491200 op, 62288540.00 ns, 2.1121 ns/op
WorkloadWarmup  10: 29491200 op, 60350473.00 ns, 2.0464 ns/op
WorkloadWarmup  11: 29491200 op, 63355102.00 ns, 2.1483 ns/op
WorkloadWarmup  12: 29491200 op, 62910199.00 ns, 2.1332 ns/op
WorkloadWarmup  13: 29491200 op, 64400622.00 ns, 2.1837 ns/op
WorkloadWarmup  14: 29491200 op, 60403909.00 ns, 2.0482 ns/op
WorkloadWarmup  15: 29491200 op, 65534179.00 ns, 2.2222 ns/op
WorkloadWarmup  16: 29491200 op, 63129095.00 ns, 2.1406 ns/op

// BeforeActualRun
WorkloadActual   1: 29491200 op, 61622049.00 ns, 2.0895 ns/op
WorkloadActual   2: 29491200 op, 61255694.00 ns, 2.0771 ns/op
WorkloadActual   3: 29491200 op, 62022133.00 ns, 2.1031 ns/op
WorkloadActual   4: 29491200 op, 60479612.00 ns, 2.0508 ns/op
WorkloadActual   5: 29491200 op, 61553921.00 ns, 2.0872 ns/op
WorkloadActual   6: 29491200 op, 62054963.00 ns, 2.1042 ns/op
WorkloadActual   7: 29491200 op, 60759991.00 ns, 2.0603 ns/op
WorkloadActual   8: 29491200 op, 63117117.00 ns, 2.1402 ns/op
WorkloadActual   9: 29491200 op, 61125528.00 ns, 2.0727 ns/op
WorkloadActual  10: 29491200 op, 61748595.00 ns, 2.0938 ns/op
WorkloadActual  11: 29491200 op, 61264851.00 ns, 2.0774 ns/op
WorkloadActual  12: 29491200 op, 60309315.00 ns, 2.0450 ns/op

// AfterActualRun
WorkloadResult   1: 29491200 op, 61612065.00 ns, 2.0892 ns/op
WorkloadResult   2: 29491200 op, 61245710.00 ns, 2.0767 ns/op
WorkloadResult   3: 29491200 op, 62012149.00 ns, 2.1027 ns/op
WorkloadResult   4: 29491200 op, 60469628.00 ns, 2.0504 ns/op
WorkloadResult   5: 29491200 op, 61543937.00 ns, 2.0869 ns/op
WorkloadResult   6: 29491200 op, 62044979.00 ns, 2.1038 ns/op
WorkloadResult   7: 29491200 op, 60750007.00 ns, 2.0599 ns/op
WorkloadResult   8: 29491200 op, 61115544.00 ns, 2.0723 ns/op
WorkloadResult   9: 29491200 op, 61738611.00 ns, 2.0935 ns/op
WorkloadResult  10: 29491200 op, 61254867.00 ns, 2.0771 ns/op
WorkloadResult  11: 29491200 op, 60299331.00 ns, 2.0447 ns/op
// GC:  0 0 0 0 29491200
// Threading:  0 0 29491200

// AfterAll
// Benchmark Process 3030199 has exited with code 0.

Mean = 2.078 ns, StdErr = 0.006 ns (0.29%), N = 11, StdDev = 0.020 ns
Min = 2.045 ns, Q1 = 2.066 ns, Median = 2.077 ns, Q3 = 2.091 ns, Max = 2.104 ns
IQR = 0.025 ns, LowerFence = 2.028 ns, UpperFence = 2.129 ns
ConfidenceInterval = [2.050 ns; 2.105 ns] (CI 99.9%), Margin = 0.028 ns (1.32% of Mean)
Skewness = -0.29, Kurtosis = 1.64, MValue = 2

// ** Remained 25 (83.3%) benchmark(s) to run. Estimated finish 2026-09-12 12:01 (0h 2m from now) **
// **************************
// Benchmark: DataAuthoredQueryBenchmarks.DataAuthoredFacade: Jit(IterationCount=12, IterationTime=250ms, WarmupCount=16) [Shape=OneTrack, Pattern=Alternating]
// *** Execute ***
// Launch: 1 / 1
// Execute: dotnet Alpha-Jit-1.dll --anonymousPipes 157 158 --benchmarkName "DataAuthoredQueryBenchmarks.DataAuthoredFacade(Shape: OneTrack, Pattern: Alternating)" --job Jit --benchmarkId 5 in /home/i/GitHub/tl-56-feat-data-authored-api/benchmarks/Alpha/bin/Release/net10.0/Alpha-Jit-1/bin/Release/net10.0
// Failed to set up high priority (Permission denied). In order to run benchmarks with high priority, make sure you have the right permissions.
// BeforeAnythingElse

// Benchmark Process Environment Information:
// BenchmarkDotNet v0.15.8
// Runtime=.NET 10.0.12 (10.0.12, 10.0.1226.42308), X64 RyuJIT x86-64-v3
// GC=Concurrent Workstation
// HardwareIntrinsics=AVX2+BMI1+BMI2+F16C+FMA+LZCNT+MOVBE,AVX,SSE3+SSSE3+SSE4.1+SSE4.2+POPCNT,X86Base+SSE+SSE2,AES+PCLMUL,AvxVnni,SERIALIZE VectorSize=256
// Job: Jit(IterationCount=12, IterationTime=250ms, WarmupCount=16)

OverheadJitting  1: 4096 op, 102702.00 ns, 25.0737 ns/op
WorkloadJitting  1: 4096 op, 253284.00 ns, 61.8369 ns/op

OverheadJitting  2: 65536 op, 123865.00 ns, 1.8900 ns/op
WorkloadJitting  2: 65536 op, 3159597.00 ns, 48.2116 ns/op

WorkloadPilot    1: 65536 op, 1943907.00 ns, 29.6617 ns/op
WorkloadPilot    2: 8454144 op, 239243911.00 ns, 28.2990 ns/op
WorkloadPilot    3: 8847360 op, 250306254.00 ns, 28.2916 ns/op

OverheadWarmup   1: 8847360 op, 3517.00 ns, 0.0004 ns/op
OverheadWarmup   2: 8847360 op, 3064.00 ns, 0.0003 ns/op
OverheadWarmup   3: 8847360 op, 2948.00 ns, 0.0003 ns/op
OverheadWarmup   4: 8847360 op, 2946.00 ns, 0.0003 ns/op
OverheadWarmup   5: 8847360 op, 3032.00 ns, 0.0003 ns/op
OverheadWarmup   6: 8847360 op, 3005.00 ns, 0.0003 ns/op
OverheadWarmup   7: 8847360 op, 2945.00 ns, 0.0003 ns/op
OverheadWarmup   8: 8847360 op, 2999.00 ns, 0.0003 ns/op
OverheadWarmup   9: 8847360 op, 3041.00 ns, 0.0003 ns/op
OverheadWarmup  10: 8847360 op, 5848.00 ns, 0.0007 ns/op

OverheadActual   1: 8847360 op, 3507.00 ns, 0.0004 ns/op
OverheadActual   2: 8847360 op, 3360.00 ns, 0.0004 ns/op
OverheadActual   3: 8847360 op, 4260.00 ns, 0.0005 ns/op
OverheadActual   4: 8847360 op, 3489.00 ns, 0.0004 ns/op
OverheadActual   5: 8847360 op, 3194.00 ns, 0.0004 ns/op
OverheadActual   6: 8847360 op, 2970.00 ns, 0.0003 ns/op
OverheadActual   7: 8847360 op, 2956.00 ns, 0.0003 ns/op
OverheadActual   8: 8847360 op, 2960.00 ns, 0.0003 ns/op
OverheadActual   9: 8847360 op, 2968.00 ns, 0.0003 ns/op
OverheadActual  10: 8847360 op, 2963.00 ns, 0.0003 ns/op
OverheadActual  11: 8847360 op, 2959.00 ns, 0.0003 ns/op
OverheadActual  12: 8847360 op, 2954.00 ns, 0.0003 ns/op
OverheadActual  13: 8847360 op, 2969.00 ns, 0.0003 ns/op
OverheadActual  14: 8847360 op, 2993.00 ns, 0.0003 ns/op
OverheadActual  15: 8847360 op, 2913.00 ns, 0.0003 ns/op
OverheadActual  16: 8847360 op, 2920.00 ns, 0.0003 ns/op
OverheadActual  17: 8847360 op, 2919.00 ns, 0.0003 ns/op
OverheadActual  18: 8847360 op, 3142.00 ns, 0.0004 ns/op
OverheadActual  19: 8847360 op, 2975.00 ns, 0.0003 ns/op

WorkloadWarmup   1: 8847360 op, 249478752.00 ns, 28.1981 ns/op
WorkloadWarmup   2: 8847360 op, 249454131.00 ns, 28.1953 ns/op
WorkloadWarmup   3: 8847360 op, 256533181.00 ns, 28.9954 ns/op
WorkloadWarmup   4: 8847360 op, 250296280.00 ns, 28.2905 ns/op
WorkloadWarmup   5: 8847360 op, 254536169.00 ns, 28.7697 ns/op
WorkloadWarmup   6: 8847360 op, 195055222.00 ns, 22.0467 ns/op
WorkloadWarmup   7: 8847360 op, 116706316.00 ns, 13.1911 ns/op
WorkloadWarmup   8: 8847360 op, 118481854.00 ns, 13.3918 ns/op
WorkloadWarmup   9: 8847360 op, 118281972.00 ns, 13.3692 ns/op
WorkloadWarmup  10: 8847360 op, 117023549.00 ns, 13.2269 ns/op
WorkloadWarmup  11: 8847360 op, 122272651.00 ns, 13.8202 ns/op
WorkloadWarmup  12: 8847360 op, 117079837.00 ns, 13.2333 ns/op
WorkloadWarmup  13: 8847360 op, 118205931.00 ns, 13.3606 ns/op
WorkloadWarmup  14: 8847360 op, 117394033.00 ns, 13.2688 ns/op
WorkloadWarmup  15: 8847360 op, 126036956.00 ns, 14.2457 ns/op
WorkloadWarmup  16: 8847360 op, 115997419.00 ns, 13.1110 ns/op

// BeforeActualRun
WorkloadActual   1: 8847360 op, 116635855.00 ns, 13.1831 ns/op
WorkloadActual   2: 8847360 op, 116995336.00 ns, 13.2238 ns/op
WorkloadActual   3: 8847360 op, 116878761.00 ns, 13.2106 ns/op
WorkloadActual   4: 8847360 op, 117563667.00 ns, 13.2880 ns/op
WorkloadActual   5: 8847360 op, 116579029.00 ns, 13.1767 ns/op
WorkloadActual   6: 8847360 op, 115897098.00 ns, 13.0996 ns/op
WorkloadActual   7: 8847360 op, 116389391.00 ns, 13.1553 ns/op
WorkloadActual   8: 8847360 op, 116677455.00 ns, 13.1878 ns/op
WorkloadActual   9: 8847360 op, 117235520.00 ns, 13.2509 ns/op
WorkloadActual  10: 8847360 op, 117010748.00 ns, 13.2255 ns/op
WorkloadActual  11: 8847360 op, 117542851.00 ns, 13.2856 ns/op
WorkloadActual  12: 8847360 op, 117229325.00 ns, 13.2502 ns/op

// AfterActualRun
WorkloadResult   1: 8847360 op, 116632886.00 ns, 13.1828 ns/op
WorkloadResult   2: 8847360 op, 116992367.00 ns, 13.2234 ns/op
WorkloadResult   3: 8847360 op, 116875792.00 ns, 13.2102 ns/op
WorkloadResult   4: 8847360 op, 117560698.00 ns, 13.2877 ns/op
WorkloadResult   5: 8847360 op, 116576060.00 ns, 13.1764 ns/op
WorkloadResult   6: 8847360 op, 115894129.00 ns, 13.0993 ns/op
WorkloadResult   7: 8847360 op, 116386422.00 ns, 13.1549 ns/op
WorkloadResult   8: 8847360 op, 116674486.00 ns, 13.1875 ns/op
WorkloadResult   9: 8847360 op, 117232551.00 ns, 13.2506 ns/op
WorkloadResult  10: 8847360 op, 117007779.00 ns, 13.2252 ns/op
WorkloadResult  11: 8847360 op, 117539882.00 ns, 13.2853 ns/op
WorkloadResult  12: 8847360 op, 117226356.00 ns, 13.2499 ns/op
// GC:  0 0 0 0 8847360
// Threading:  0 0 8847360

// AfterAll
// Benchmark Process 3034670 has exited with code 0.

Mean = 13.211 ns, StdErr = 0.016 ns (0.12%), N = 12, StdDev = 0.055 ns
Min = 13.099 ns, Q1 = 13.181 ns, Median = 13.217 ns, Q3 = 13.250 ns, Max = 13.288 ns
IQR = 0.069 ns, LowerFence = 13.078 ns, UpperFence = 13.353 ns
ConfidenceInterval = [13.141 ns; 13.281 ns] (CI 99.9%), Margin = 0.070 ns (0.53% of Mean)
Skewness = -0.34, Kurtosis = 2.2, MValue = 2

// ** Remained 24 (80.0%) benchmark(s) to run. Estimated finish 2026-09-12 12:01 (0h 2m from now) **
// **************************
// Benchmark: DataAuthoredQueryBenchmarks.DirectShape: Jit(IterationCount=12, IterationTime=250ms, WarmupCount=16) [Shape=ThreeTracks, Pattern=Forward]
// *** Execute ***
// Launch: 1 / 1
// Execute: dotnet Alpha-Jit-1.dll --anonymousPipes 157 158 --benchmarkName "DataAuthoredQueryBenchmarks.DirectShape(Shape: ThreeTracks, Pattern: Forward)" --job Jit --benchmarkId 6 in /home/i/GitHub/tl-56-feat-data-authored-api/benchmarks/Alpha/bin/Release/net10.0/Alpha-Jit-1/bin/Release/net10.0
// Failed to set up high priority (Permission denied). In order to run benchmarks with high priority, make sure you have the right permissions.
// BeforeAnythingElse

// Benchmark Process Environment Information:
// BenchmarkDotNet v0.15.8
// Runtime=.NET 10.0.12 (10.0.12, 10.0.1226.42308), X64 RyuJIT x86-64-v3
// GC=Concurrent Workstation
// HardwareIntrinsics=AVX2+BMI1+BMI2+F16C+FMA+LZCNT+MOVBE,AVX,SSE3+SSSE3+SSE4.1+SSE4.2+POPCNT,X86Base+SSE+SSE2,AES+PCLMUL,AvxVnni,SERIALIZE VectorSize=256
// Job: Jit(IterationCount=12, IterationTime=250ms, WarmupCount=16)

OverheadJitting  1: 4096 op, 111969.00 ns, 27.3362 ns/op
WorkloadJitting  1: 4096 op, 1879505.00 ns, 458.8635 ns/op

OverheadJitting  2: 65536 op, 128965.00 ns, 1.9678 ns/op
WorkloadJitting  2: 65536 op, 474512.00 ns, 7.2405 ns/op

WorkloadPilot    1: 65536 op, 283157.00 ns, 4.3206 ns/op
WorkloadPilot    2: 57868288 op, 224832409.00 ns, 3.8852 ns/op
WorkloadPilot    3: 64356352 op, 250515510.00 ns, 3.8926 ns/op
WorkloadPilot    4: 64225280 op, 250275555.00 ns, 3.8968 ns/op
WorkloadPilot    5: 64159744 op, 251608652.00 ns, 3.9216 ns/op

OverheadWarmup   1: 64159744 op, 24616.00 ns, 0.0004 ns/op
OverheadWarmup   2: 64159744 op, 24607.00 ns, 0.0004 ns/op
OverheadWarmup   3: 64159744 op, 23713.00 ns, 0.0004 ns/op
OverheadWarmup   4: 64159744 op, 24595.00 ns, 0.0004 ns/op
OverheadWarmup   5: 64159744 op, 24130.00 ns, 0.0004 ns/op
OverheadWarmup   6: 64159744 op, 24123.00 ns, 0.0004 ns/op
OverheadWarmup   7: 64159744 op, 24150.00 ns, 0.0004 ns/op
OverheadWarmup   8: 64159744 op, 24143.00 ns, 0.0004 ns/op

OverheadActual   1: 64159744 op, 25062.00 ns, 0.0004 ns/op
OverheadActual   2: 64159744 op, 24902.00 ns, 0.0004 ns/op
OverheadActual   3: 64159744 op, 24552.00 ns, 0.0004 ns/op
OverheadActual   4: 64159744 op, 24206.00 ns, 0.0004 ns/op
OverheadActual   5: 64159744 op, 24316.00 ns, 0.0004 ns/op
OverheadActual   6: 64159744 op, 24149.00 ns, 0.0004 ns/op
OverheadActual   7: 64159744 op, 24142.00 ns, 0.0004 ns/op
OverheadActual   8: 64159744 op, 24134.00 ns, 0.0004 ns/op
OverheadActual   9: 64159744 op, 24140.00 ns, 0.0004 ns/op
OverheadActual  10: 64159744 op, 24125.00 ns, 0.0004 ns/op
OverheadActual  11: 64159744 op, 24179.00 ns, 0.0004 ns/op
OverheadActual  12: 64159744 op, 24164.00 ns, 0.0004 ns/op
OverheadActual  13: 64159744 op, 24145.00 ns, 0.0004 ns/op
OverheadActual  14: 64159744 op, 24145.00 ns, 0.0004 ns/op
OverheadActual  15: 64159744 op, 24168.00 ns, 0.0004 ns/op

WorkloadWarmup   1: 64159744 op, 249552375.00 ns, 3.8895 ns/op
WorkloadWarmup   2: 64159744 op, 249151843.00 ns, 3.8833 ns/op
WorkloadWarmup   3: 64159744 op, 247867066.00 ns, 3.8633 ns/op
WorkloadWarmup   4: 64159744 op, 248263045.00 ns, 3.8695 ns/op
WorkloadWarmup   5: 64159744 op, 248349719.00 ns, 3.8708 ns/op
WorkloadWarmup   6: 64159744 op, 248943387.00 ns, 3.8801 ns/op
WorkloadWarmup   7: 64159744 op, 250956918.00 ns, 3.9114 ns/op
WorkloadWarmup   8: 64159744 op, 230170927.00 ns, 3.5875 ns/op
WorkloadWarmup   9: 64159744 op, 142972733.00 ns, 2.2284 ns/op
WorkloadWarmup  10: 64159744 op, 144371450.00 ns, 2.2502 ns/op
WorkloadWarmup  11: 64159744 op, 143794041.00 ns, 2.2412 ns/op
WorkloadWarmup  12: 64159744 op, 147379135.00 ns, 2.2971 ns/op
WorkloadWarmup  13: 64159744 op, 144743595.00 ns, 2.2560 ns/op
WorkloadWarmup  14: 64159744 op, 143853320.00 ns, 2.2421 ns/op
WorkloadWarmup  15: 64159744 op, 141759685.00 ns, 2.2095 ns/op
WorkloadWarmup  16: 64159744 op, 146471326.00 ns, 2.2829 ns/op

// BeforeActualRun
WorkloadActual   1: 64159744 op, 144086475.00 ns, 2.2457 ns/op
WorkloadActual   2: 64159744 op, 143700750.00 ns, 2.2397 ns/op
WorkloadActual   3: 64159744 op, 144236858.00 ns, 2.2481 ns/op
WorkloadActual   4: 64159744 op, 142264125.00 ns, 2.2173 ns/op
WorkloadActual   5: 64159744 op, 142631800.00 ns, 2.2231 ns/op
WorkloadActual   6: 64159744 op, 143181382.00 ns, 2.2316 ns/op
WorkloadActual   7: 64159744 op, 143142363.00 ns, 2.2310 ns/op
WorkloadActual   8: 64159744 op, 144920167.00 ns, 2.2587 ns/op
WorkloadActual   9: 64159744 op, 145626283.00 ns, 2.2697 ns/op
WorkloadActual  10: 64159744 op, 143746578.00 ns, 2.2404 ns/op
WorkloadActual  11: 64159744 op, 142917527.00 ns, 2.2275 ns/op
WorkloadActual  12: 64159744 op, 143193897.00 ns, 2.2318 ns/op

// AfterActualRun
WorkloadResult   1: 64159744 op, 144062311.00 ns, 2.2454 ns/op
WorkloadResult   2: 64159744 op, 143676586.00 ns, 2.2394 ns/op
WorkloadResult   3: 64159744 op, 144212694.00 ns, 2.2477 ns/op
WorkloadResult   4: 64159744 op, 142239961.00 ns, 2.2170 ns/op
WorkloadResult   5: 64159744 op, 142607636.00 ns, 2.2227 ns/op
WorkloadResult   6: 64159744 op, 143157218.00 ns, 2.2313 ns/op
WorkloadResult   7: 64159744 op, 143118199.00 ns, 2.2307 ns/op
WorkloadResult   8: 64159744 op, 144896003.00 ns, 2.2584 ns/op
WorkloadResult   9: 64159744 op, 145602119.00 ns, 2.2694 ns/op
WorkloadResult  10: 64159744 op, 143722414.00 ns, 2.2401 ns/op
WorkloadResult  11: 64159744 op, 142893363.00 ns, 2.2271 ns/op
WorkloadResult  12: 64159744 op, 143169733.00 ns, 2.2315 ns/op
// GC:  0 0 0 0 64159744
// Threading:  0 0 64159744

// AfterAll
// Benchmark Process 3039608 has exited with code 0.

Mean = 2.238 ns, StdErr = 0.004 ns (0.19%), N = 12, StdDev = 0.015 ns
Min = 2.217 ns, Q1 = 2.230 ns, Median = 2.235 ns, Q3 = 2.246 ns, Max = 2.269 ns
IQR = 0.016 ns, LowerFence = 2.206 ns, UpperFence = 2.270 ns
ConfidenceInterval = [2.219 ns; 2.258 ns] (CI 99.9%), Margin = 0.019 ns (0.86% of Mean)
Skewness = 0.56, Kurtosis = 2.26, MValue = 2

// ** Remained 23 (76.7%) benchmark(s) to run. Estimated finish 2026-09-12 12:01 (0h 2m from now) **
// **************************
// Benchmark: DataAuthoredQueryBenchmarks.GeneratedShape: Jit(IterationCount=12, IterationTime=250ms, WarmupCount=16) [Shape=ThreeTracks, Pattern=Forward]
// *** Execute ***
// Launch: 1 / 1
// Execute: dotnet Alpha-Jit-1.dll --anonymousPipes 157 158 --benchmarkName "DataAuthoredQueryBenchmarks.GeneratedShape(Shape: ThreeTracks, Pattern: Forward)" --job Jit --benchmarkId 7 in /home/i/GitHub/tl-56-feat-data-authored-api/benchmarks/Alpha/bin/Release/net10.0/Alpha-Jit-1/bin/Release/net10.0
// Failed to set up high priority (Permission denied). In order to run benchmarks with high priority, make sure you have the right permissions.
// BeforeAnythingElse

// Benchmark Process Environment Information:
// BenchmarkDotNet v0.15.8
// Runtime=.NET 10.0.12 (10.0.12, 10.0.1226.42308), X64 RyuJIT x86-64-v3
// GC=Concurrent Workstation
// HardwareIntrinsics=AVX2+BMI1+BMI2+F16C+FMA+LZCNT+MOVBE,AVX,SSE3+SSSE3+SSE4.1+SSE4.2+POPCNT,X86Base+SSE+SSE2,AES+PCLMUL,AvxVnni,SERIALIZE VectorSize=256
// Job: Jit(IterationCount=12, IterationTime=250ms, WarmupCount=16)

OverheadJitting  1: 4096 op, 105778.00 ns, 25.8247 ns/op
WorkloadJitting  1: 4096 op, 337486.00 ns, 82.3940 ns/op

OverheadJitting  2: 65536 op, 166933.00 ns, 2.5472 ns/op
WorkloadJitting  2: 65536 op, 2081512.00 ns, 31.7614 ns/op

WorkloadPilot    1: 65536 op, 1085739.00 ns, 16.5671 ns/op
WorkloadPilot    2: 15138816 op, 249024449.00 ns, 16.4494 ns/op
WorkloadPilot    3: 15204352 op, 245654472.00 ns, 16.1569 ns/op
WorkloadPilot    4: 15532032 op, 251320194.00 ns, 16.1808 ns/op
WorkloadPilot    5: 15466496 op, 249913752.00 ns, 16.1584 ns/op
WorkloadPilot    6: 15532032 op, 252323156.00 ns, 16.2453 ns/op
WorkloadPilot    7: 15400960 op, 248755496.00 ns, 16.1519 ns/op
WorkloadPilot    8: 15532032 op, 252379245.00 ns, 16.2490 ns/op

OverheadWarmup   1: 15532032 op, 6304.00 ns, 0.0004 ns/op
OverheadWarmup   2: 15532032 op, 5985.00 ns, 0.0004 ns/op
OverheadWarmup   3: 15532032 op, 5887.00 ns, 0.0004 ns/op
OverheadWarmup   4: 15532032 op, 5789.00 ns, 0.0004 ns/op
OverheadWarmup   5: 15532032 op, 5800.00 ns, 0.0004 ns/op
OverheadWarmup   6: 15532032 op, 5856.00 ns, 0.0004 ns/op
OverheadWarmup   7: 15532032 op, 5858.00 ns, 0.0004 ns/op
OverheadWarmup   8: 15532032 op, 5859.00 ns, 0.0004 ns/op
OverheadWarmup   9: 15532032 op, 5803.00 ns, 0.0004 ns/op
OverheadWarmup  10: 15532032 op, 5812.00 ns, 0.0004 ns/op

OverheadActual   1: 15532032 op, 6102.00 ns, 0.0004 ns/op
OverheadActual   2: 15532032 op, 6000.00 ns, 0.0004 ns/op
OverheadActual   3: 15532032 op, 7712.00 ns, 0.0005 ns/op
OverheadActual   4: 15532032 op, 6012.00 ns, 0.0004 ns/op
OverheadActual   5: 15532032 op, 6081.00 ns, 0.0004 ns/op
OverheadActual   6: 15532032 op, 5887.00 ns, 0.0004 ns/op
OverheadActual   7: 15532032 op, 5903.00 ns, 0.0004 ns/op
OverheadActual   8: 15532032 op, 5844.00 ns, 0.0004 ns/op
OverheadActual   9: 15532032 op, 5873.00 ns, 0.0004 ns/op
OverheadActual  10: 15532032 op, 6718.00 ns, 0.0004 ns/op
OverheadActual  11: 15532032 op, 5906.00 ns, 0.0004 ns/op
OverheadActual  12: 15532032 op, 5982.00 ns, 0.0004 ns/op
OverheadActual  13: 15532032 op, 5932.00 ns, 0.0004 ns/op
OverheadActual  14: 15532032 op, 5883.00 ns, 0.0004 ns/op
OverheadActual  15: 15532032 op, 5885.00 ns, 0.0004 ns/op

WorkloadWarmup   1: 15532032 op, 252541078.00 ns, 16.2594 ns/op
WorkloadWarmup   2: 15532032 op, 254139358.00 ns, 16.3623 ns/op
WorkloadWarmup   3: 15532032 op, 251754652.00 ns, 16.2087 ns/op
WorkloadWarmup   4: 15532032 op, 251060051.00 ns, 16.1640 ns/op
WorkloadWarmup   5: 15532032 op, 168547383.00 ns, 10.8516 ns/op
WorkloadWarmup   6: 15532032 op, 59498449.00 ns, 3.8307 ns/op
WorkloadWarmup   7: 15532032 op, 61113745.00 ns, 3.9347 ns/op
WorkloadWarmup   8: 15532032 op, 59933895.00 ns, 3.8587 ns/op
WorkloadWarmup   9: 15532032 op, 61345607.00 ns, 3.9496 ns/op
WorkloadWarmup  10: 15532032 op, 59184399.00 ns, 3.8105 ns/op
WorkloadWarmup  11: 15532032 op, 59815080.00 ns, 3.8511 ns/op
WorkloadWarmup  12: 15532032 op, 59203415.00 ns, 3.8117 ns/op
WorkloadWarmup  13: 15532032 op, 62578395.00 ns, 4.0290 ns/op
WorkloadWarmup  14: 15532032 op, 60041340.00 ns, 3.8656 ns/op
WorkloadWarmup  15: 15532032 op, 60176605.00 ns, 3.8744 ns/op
WorkloadWarmup  16: 15532032 op, 58985690.00 ns, 3.7977 ns/op

// BeforeActualRun
WorkloadActual   1: 15532032 op, 60038741.00 ns, 3.8655 ns/op
WorkloadActual   2: 15532032 op, 60093170.00 ns, 3.8690 ns/op
WorkloadActual   3: 15532032 op, 60346586.00 ns, 3.8853 ns/op
WorkloadActual   4: 15532032 op, 60582086.00 ns, 3.9005 ns/op
WorkloadActual   5: 15532032 op, 58447448.00 ns, 3.7630 ns/op
WorkloadActual   6: 15532032 op, 59582315.00 ns, 3.8361 ns/op
WorkloadActual   7: 15532032 op, 59875387.00 ns, 3.8550 ns/op
WorkloadActual   8: 15532032 op, 59581533.00 ns, 3.8360 ns/op
WorkloadActual   9: 15532032 op, 59148022.00 ns, 3.8081 ns/op
WorkloadActual  10: 15532032 op, 60543197.00 ns, 3.8980 ns/op
WorkloadActual  11: 15532032 op, 59048204.00 ns, 3.8017 ns/op
WorkloadActual  12: 15532032 op, 59206847.00 ns, 3.8119 ns/op

// AfterActualRun
WorkloadResult   1: 15532032 op, 60032809.00 ns, 3.8651 ns/op
WorkloadResult   2: 15532032 op, 60087238.00 ns, 3.8686 ns/op
WorkloadResult   3: 15532032 op, 60340654.00 ns, 3.8849 ns/op
WorkloadResult   4: 15532032 op, 60576154.00 ns, 3.9001 ns/op
WorkloadResult   5: 15532032 op, 58441516.00 ns, 3.7626 ns/op
WorkloadResult   6: 15532032 op, 59576383.00 ns, 3.8357 ns/op
WorkloadResult   7: 15532032 op, 59869455.00 ns, 3.8546 ns/op
WorkloadResult   8: 15532032 op, 59575601.00 ns, 3.8357 ns/op
WorkloadResult   9: 15532032 op, 59142090.00 ns, 3.8077 ns/op
WorkloadResult  10: 15532032 op, 60537265.00 ns, 3.8976 ns/op
WorkloadResult  11: 15532032 op, 59042272.00 ns, 3.8013 ns/op
WorkloadResult  12: 15532032 op, 59200915.00 ns, 3.8115 ns/op
// GC:  0 0 0 0 15532032
// Threading:  0 0 15532032

// AfterAll
// Benchmark Process 3046163 has exited with code 0.

Mean = 3.844 ns, StdErr = 0.012 ns (0.32%), N = 12, StdDev = 0.042 ns
Min = 3.763 ns, Q1 = 3.811 ns, Median = 3.845 ns, Q3 = 3.873 ns, Max = 3.900 ns
IQR = 0.062 ns, LowerFence = 3.717 ns, UpperFence = 3.966 ns
ConfidenceInterval = [3.789 ns; 3.898 ns] (CI 99.9%), Margin = 0.054 ns (1.41% of Mean)
Skewness = -0.29, Kurtosis = 1.83, MValue = 2

// ** Remained 22 (73.3%) benchmark(s) to run. Estimated finish 2026-09-12 12:01 (0h 1m from now) **
// **************************
// Benchmark: DataAuthoredQueryBenchmarks.DataAuthoredFacade: Jit(IterationCount=12, IterationTime=250ms, WarmupCount=16) [Shape=ThreeTracks, Pattern=Forward]
// *** Execute ***
// Launch: 1 / 1
// Execute: dotnet Alpha-Jit-1.dll --anonymousPipes 157 158 --benchmarkName "DataAuthoredQueryBenchmarks.DataAuthoredFacade(Shape: ThreeTracks, Pattern: Forward)" --job Jit --benchmarkId 8 in /home/i/GitHub/tl-56-feat-data-authored-api/benchmarks/Alpha/bin/Release/net10.0/Alpha-Jit-1/bin/Release/net10.0
// Failed to set up high priority (Permission denied). In order to run benchmarks with high priority, make sure you have the right permissions.
// BeforeAnythingElse

// Benchmark Process Environment Information:
// BenchmarkDotNet v0.15.8
// Runtime=.NET 10.0.12 (10.0.12, 10.0.1226.42308), X64 RyuJIT x86-64-v3
// GC=Concurrent Workstation
// HardwareIntrinsics=AVX2+BMI1+BMI2+F16C+FMA+LZCNT+MOVBE,AVX,SSE3+SSSE3+SSE4.1+SSE4.2+POPCNT,X86Base+SSE+SSE2,AES+PCLMUL,AvxVnni,SERIALIZE VectorSize=256
// Job: Jit(IterationCount=12, IterationTime=250ms, WarmupCount=16)

OverheadJitting  1: 4096 op, 105567.00 ns, 25.7732 ns/op
WorkloadJitting  1: 4096 op, 382395.00 ns, 93.3582 ns/op

OverheadJitting  2: 65536 op, 123313.00 ns, 1.8816 ns/op
WorkloadJitting  2: 65536 op, 5935008.00 ns, 90.5610 ns/op

WorkloadPilot    1: 65536 op, 4033391.00 ns, 61.5447 ns/op
WorkloadPilot    2: 4063232 op, 245946260.00 ns, 60.5297 ns/op
WorkloadPilot    3: 4128768 op, 249928980.00 ns, 60.5335 ns/op

OverheadWarmup   1: 4128768 op, 2050.00 ns, 0.0005 ns/op
OverheadWarmup   2: 4128768 op, 1713.00 ns, 0.0004 ns/op
OverheadWarmup   3: 4128768 op, 1629.00 ns, 0.0004 ns/op
OverheadWarmup   4: 4128768 op, 1574.00 ns, 0.0004 ns/op
OverheadWarmup   5: 4128768 op, 1629.00 ns, 0.0004 ns/op
OverheadWarmup   6: 4128768 op, 1871.00 ns, 0.0005 ns/op
OverheadWarmup   7: 4128768 op, 1903.00 ns, 0.0005 ns/op
OverheadWarmup   8: 4128768 op, 1938.00 ns, 0.0005 ns/op
OverheadWarmup   9: 4128768 op, 1896.00 ns, 0.0005 ns/op
OverheadWarmup  10: 4128768 op, 2011.00 ns, 0.0005 ns/op

OverheadActual   1: 4128768 op, 2006.00 ns, 0.0005 ns/op
OverheadActual   2: 4128768 op, 1952.00 ns, 0.0005 ns/op
OverheadActual   3: 4128768 op, 1771.00 ns, 0.0004 ns/op
OverheadActual   4: 4128768 op, 1656.00 ns, 0.0004 ns/op
OverheadActual   5: 4128768 op, 1814.00 ns, 0.0004 ns/op
OverheadActual   6: 4128768 op, 1618.00 ns, 0.0004 ns/op
OverheadActual   7: 4128768 op, 1583.00 ns, 0.0004 ns/op
OverheadActual   8: 4128768 op, 1587.00 ns, 0.0004 ns/op
OverheadActual   9: 4128768 op, 1626.00 ns, 0.0004 ns/op
OverheadActual  10: 4128768 op, 1543.00 ns, 0.0004 ns/op
OverheadActual  11: 4128768 op, 1554.00 ns, 0.0004 ns/op
OverheadActual  12: 4128768 op, 1556.00 ns, 0.0004 ns/op
OverheadActual  13: 4128768 op, 1622.00 ns, 0.0004 ns/op
OverheadActual  14: 4128768 op, 1579.00 ns, 0.0004 ns/op
OverheadActual  15: 4128768 op, 1605.00 ns, 0.0004 ns/op
OverheadActual  16: 4128768 op, 1611.00 ns, 0.0004 ns/op
OverheadActual  17: 4128768 op, 1612.00 ns, 0.0004 ns/op

WorkloadWarmup   1: 4128768 op, 254275267.00 ns, 61.5862 ns/op
WorkloadWarmup   2: 4128768 op, 251680896.00 ns, 60.9579 ns/op
WorkloadWarmup   3: 4128768 op, 255695283.00 ns, 61.9302 ns/op
WorkloadWarmup   4: 4128768 op, 249663055.00 ns, 60.4691 ns/op
WorkloadWarmup   5: 4128768 op, 250295920.00 ns, 60.6224 ns/op
WorkloadWarmup   6: 4128768 op, 200272210.00 ns, 48.5065 ns/op
WorkloadWarmup   7: 4128768 op, 90093242.00 ns, 21.8209 ns/op
WorkloadWarmup   8: 4128768 op, 91143187.00 ns, 22.0752 ns/op
WorkloadWarmup   9: 4128768 op, 91332939.00 ns, 22.1211 ns/op
WorkloadWarmup  10: 4128768 op, 90786599.00 ns, 21.9888 ns/op
WorkloadWarmup  11: 4128768 op, 89689013.00 ns, 21.7229 ns/op
WorkloadWarmup  12: 4128768 op, 91123793.00 ns, 22.0705 ns/op
WorkloadWarmup  13: 4128768 op, 91783959.00 ns, 22.2304 ns/op
WorkloadWarmup  14: 4128768 op, 90812769.00 ns, 21.9951 ns/op
WorkloadWarmup  15: 4128768 op, 90196527.00 ns, 21.8459 ns/op
WorkloadWarmup  16: 4128768 op, 91908236.00 ns, 22.2605 ns/op

// BeforeActualRun
WorkloadActual   1: 4128768 op, 91639663.00 ns, 22.1954 ns/op
WorkloadActual   2: 4128768 op, 92309753.00 ns, 22.3577 ns/op
WorkloadActual   3: 4128768 op, 90311051.00 ns, 21.8736 ns/op
WorkloadActual   4: 4128768 op, 91919984.00 ns, 22.2633 ns/op
WorkloadActual   5: 4128768 op, 91774489.00 ns, 22.2281 ns/op
WorkloadActual   6: 4128768 op, 95870602.00 ns, 23.2201 ns/op
WorkloadActual   7: 4128768 op, 90400365.00 ns, 21.8952 ns/op
WorkloadActual   8: 4128768 op, 91261847.00 ns, 22.1039 ns/op
WorkloadActual   9: 4128768 op, 90964691.00 ns, 22.0319 ns/op
WorkloadActual  10: 4128768 op, 91172417.00 ns, 22.0822 ns/op
WorkloadActual  11: 4128768 op, 91506125.00 ns, 22.1631 ns/op
WorkloadActual  12: 4128768 op, 111066918.00 ns, 26.9007 ns/op

// AfterActualRun
WorkloadResult   1: 4128768 op, 91638051.00 ns, 22.1950 ns/op
WorkloadResult   2: 4128768 op, 92308141.00 ns, 22.3573 ns/op
WorkloadResult   3: 4128768 op, 90309439.00 ns, 21.8732 ns/op
WorkloadResult   4: 4128768 op, 91918372.00 ns, 22.2629 ns/op
WorkloadResult   5: 4128768 op, 91772877.00 ns, 22.2277 ns/op
WorkloadResult   6: 4128768 op, 90398753.00 ns, 21.8948 ns/op
WorkloadResult   7: 4128768 op, 91260235.00 ns, 22.1035 ns/op
WorkloadResult   8: 4128768 op, 90963079.00 ns, 22.0315 ns/op
WorkloadResult   9: 4128768 op, 91170805.00 ns, 22.0818 ns/op
WorkloadResult  10: 4128768 op, 91504513.00 ns, 22.1627 ns/op
// GC:  0 0 0 0 4128768
// Threading:  0 0 4128768

// AfterAll
// Benchmark Process 3050881 has exited with code 0.

Mean = 22.119 ns, StdErr = 0.049 ns (0.22%), N = 10, StdDev = 0.155 ns
Min = 21.873 ns, Q1 = 22.044 ns, Median = 22.133 ns, Q3 = 22.220 ns, Max = 22.357 ns
IQR = 0.175 ns, LowerFence = 21.781 ns, UpperFence = 22.483 ns
ConfidenceInterval = [21.884 ns; 22.354 ns] (CI 99.9%), Margin = 0.235 ns (1.06% of Mean)
Skewness = -0.23, Kurtosis = 1.73, MValue = 2

// ** Remained 21 (70.0%) benchmark(s) to run. Estimated finish 2026-09-12 12:01 (0h 1m from now) **
// **************************
// Benchmark: DataAuthoredQueryBenchmarks.DirectShape: Jit(IterationCount=12, IterationTime=250ms, WarmupCount=16) [Shape=ThreeTracks, Pattern=Alternating]
// *** Execute ***
// Launch: 1 / 1
// Execute: dotnet Alpha-Jit-1.dll --anonymousPipes 157 158 --benchmarkName "DataAuthoredQueryBenchmarks.DirectShape(Shape: ThreeTracks, Pattern: Alternating)" --job Jit --benchmarkId 9 in /home/i/GitHub/tl-56-feat-data-authored-api/benchmarks/Alpha/bin/Release/net10.0/Alpha-Jit-1/bin/Release/net10.0
// Failed to set up high priority (Permission denied). In order to run benchmarks with high priority, make sure you have the right permissions.
// BeforeAnythingElse

// Benchmark Process Environment Information:
// BenchmarkDotNet v0.15.8
// Runtime=.NET 10.0.12 (10.0.12, 10.0.1226.42308), X64 RyuJIT x86-64-v3
// GC=Concurrent Workstation
// HardwareIntrinsics=AVX2+BMI1+BMI2+F16C+FMA+LZCNT+MOVBE,AVX,SSE3+SSSE3+SSE4.1+SSE4.2+POPCNT,X86Base+SSE+SSE2,AES+PCLMUL,AvxVnni,SERIALIZE VectorSize=256
// Job: Jit(IterationCount=12, IterationTime=250ms, WarmupCount=16)

OverheadJitting  1: 4096 op, 110699.00 ns, 27.0261 ns/op
WorkloadJitting  1: 4096 op, 1140275.00 ns, 278.3875 ns/op

OverheadJitting  2: 65536 op, 125448.00 ns, 1.9142 ns/op
WorkloadJitting  2: 65536 op, 504127.00 ns, 7.6924 ns/op

WorkloadPilot    1: 65536 op, 292270.00 ns, 4.4597 ns/op
WorkloadPilot    2: 56098816 op, 226891478.00 ns, 4.0445 ns/op
WorkloadPilot    3: 61865984 op, 249361769.00 ns, 4.0307 ns/op
WorkloadPilot    4: 62062592 op, 251316890.00 ns, 4.0494 ns/op
WorkloadPilot    5: 61800448 op, 243906958.00 ns, 3.9467 ns/op
WorkloadPilot    6: 63373312 op, 254493958.00 ns, 4.0158 ns/op
WorkloadPilot    7: 62259200 op, 246555014.00 ns, 3.9601 ns/op
WorkloadPilot    8: 63176704 op, 245741912.00 ns, 3.8898 ns/op
WorkloadPilot    9: 64290816 op, 263782357.00 ns, 4.1030 ns/op

OverheadWarmup   1: 64290816 op, 29403.00 ns, 0.0005 ns/op
OverheadWarmup   2: 64290816 op, 33495.00 ns, 0.0005 ns/op
OverheadWarmup   3: 64290816 op, 29035.00 ns, 0.0005 ns/op
OverheadWarmup   4: 64290816 op, 28979.00 ns, 0.0005 ns/op
OverheadWarmup   5: 64290816 op, 29180.00 ns, 0.0005 ns/op
OverheadWarmup   6: 64290816 op, 28421.00 ns, 0.0004 ns/op

OverheadActual   1: 64290816 op, 29190.00 ns, 0.0005 ns/op
OverheadActual   2: 64290816 op, 29875.00 ns, 0.0005 ns/op
OverheadActual   3: 64290816 op, 30108.00 ns, 0.0005 ns/op
OverheadActual   4: 64290816 op, 29689.00 ns, 0.0005 ns/op
OverheadActual   5: 64290816 op, 33507.00 ns, 0.0005 ns/op
OverheadActual   6: 64290816 op, 33314.00 ns, 0.0005 ns/op
OverheadActual   7: 64290816 op, 35673.00 ns, 0.0006 ns/op
OverheadActual   8: 64290816 op, 33675.00 ns, 0.0005 ns/op
OverheadActual   9: 64290816 op, 32846.00 ns, 0.0005 ns/op
OverheadActual  10: 64290816 op, 34234.00 ns, 0.0005 ns/op
OverheadActual  11: 64290816 op, 31252.00 ns, 0.0005 ns/op
OverheadActual  12: 64290816 op, 30058.00 ns, 0.0005 ns/op
OverheadActual  13: 64290816 op, 29703.00 ns, 0.0005 ns/op
OverheadActual  14: 64290816 op, 29988.00 ns, 0.0005 ns/op
OverheadActual  15: 64290816 op, 30371.00 ns, 0.0005 ns/op
OverheadActual  16: 64290816 op, 33340.00 ns, 0.0005 ns/op
OverheadActual  17: 64290816 op, 32215.00 ns, 0.0005 ns/op
OverheadActual  18: 64290816 op, 30696.00 ns, 0.0005 ns/op
OverheadActual  19: 64290816 op, 30667.00 ns, 0.0005 ns/op
OverheadActual  20: 64290816 op, 31069.00 ns, 0.0005 ns/op

WorkloadWarmup   1: 64290816 op, 267777126.00 ns, 4.1651 ns/op
WorkloadWarmup   2: 64290816 op, 267594530.00 ns, 4.1623 ns/op
WorkloadWarmup   3: 64290816 op, 269127482.00 ns, 4.1861 ns/op
WorkloadWarmup   4: 64290816 op, 264527380.00 ns, 4.1145 ns/op
WorkloadWarmup   5: 64290816 op, 267395400.00 ns, 4.1592 ns/op
WorkloadWarmup   6: 64290816 op, 265965125.00 ns, 4.1369 ns/op
WorkloadWarmup   7: 64290816 op, 267663692.00 ns, 4.1633 ns/op
WorkloadWarmup   8: 64290816 op, 303261853.00 ns, 4.7170 ns/op
WorkloadWarmup   9: 64290816 op, 267308495.00 ns, 4.1578 ns/op
WorkloadWarmup  10: 64290816 op, 268119548.00 ns, 4.1704 ns/op
WorkloadWarmup  11: 64290816 op, 266654953.00 ns, 4.1476 ns/op
WorkloadWarmup  12: 64290816 op, 267546335.00 ns, 4.1615 ns/op
WorkloadWarmup  13: 64290816 op, 266974606.00 ns, 4.1526 ns/op
WorkloadWarmup  14: 64290816 op, 265059573.00 ns, 4.1228 ns/op
WorkloadWarmup  15: 64290816 op, 266399975.00 ns, 4.1437 ns/op
WorkloadWarmup  16: 64290816 op, 272541387.00 ns, 4.2392 ns/op

// BeforeActualRun
WorkloadActual   1: 64290816 op, 266799525.00 ns, 4.1499 ns/op
WorkloadActual   2: 64290816 op, 265672503.00 ns, 4.1324 ns/op
WorkloadActual   3: 64290816 op, 269675281.00 ns, 4.1946 ns/op
WorkloadActual   4: 64290816 op, 264947991.00 ns, 4.1211 ns/op
WorkloadActual   5: 64290816 op, 267607469.00 ns, 4.1625 ns/op
WorkloadActual   6: 64290816 op, 264605790.00 ns, 4.1158 ns/op
WorkloadActual   7: 64290816 op, 265305016.00 ns, 4.1266 ns/op
WorkloadActual   8: 64290816 op, 282936874.00 ns, 4.4009 ns/op
WorkloadActual   9: 64290816 op, 265955385.00 ns, 4.1368 ns/op
WorkloadActual  10: 64290816 op, 265772872.00 ns, 4.1339 ns/op
WorkloadActual  11: 64290816 op, 267667712.00 ns, 4.1634 ns/op
WorkloadActual  12: 64290816 op, 267019223.00 ns, 4.1533 ns/op

// AfterActualRun
WorkloadResult   1: 64290816 op, 266768642.50 ns, 4.1494 ns/op
WorkloadResult   2: 64290816 op, 265641620.50 ns, 4.1319 ns/op
WorkloadResult   3: 64290816 op, 269644398.50 ns, 4.1941 ns/op
WorkloadResult   4: 64290816 op, 264917108.50 ns, 4.1206 ns/op
WorkloadResult   5: 64290816 op, 267576586.50 ns, 4.1620 ns/op
WorkloadResult   6: 64290816 op, 264574907.50 ns, 4.1153 ns/op
WorkloadResult   7: 64290816 op, 265274133.50 ns, 4.1262 ns/op
WorkloadResult   8: 64290816 op, 265924502.50 ns, 4.1363 ns/op
WorkloadResult   9: 64290816 op, 265741989.50 ns, 4.1334 ns/op
WorkloadResult  10: 64290816 op, 267636829.50 ns, 4.1629 ns/op
WorkloadResult  11: 64290816 op, 266988340.50 ns, 4.1528 ns/op
// GC:  0 0 0 0 64290816
// Threading:  0 0 64290816

// AfterAll
// Benchmark Process 3055367 has exited with code 0.

Mean = 4.144 ns, StdErr = 0.007 ns (0.17%), N = 11, StdDev = 0.023 ns
Min = 4.115 ns, Q1 = 4.129 ns, Median = 4.136 ns, Q3 = 4.157 ns, Max = 4.194 ns
IQR = 0.028 ns, LowerFence = 4.086 ns, UpperFence = 4.200 ns
ConfidenceInterval = [4.112 ns; 4.176 ns] (CI 99.9%), Margin = 0.032 ns (0.77% of Mean)
Skewness = 0.69, Kurtosis = 2.47, MValue = 2

// ** Remained 20 (66.7%) benchmark(s) to run. Estimated finish 2026-09-12 12:01 (0h 1m from now) **
// **************************
// Benchmark: DataAuthoredQueryBenchmarks.GeneratedShape: Jit(IterationCount=12, IterationTime=250ms, WarmupCount=16) [Shape=ThreeTracks, Pattern=Alternating]
// *** Execute ***
// Launch: 1 / 1
// Execute: dotnet Alpha-Jit-1.dll --anonymousPipes 157 158 --benchmarkName "DataAuthoredQueryBenchmarks.GeneratedShape(Shape: ThreeTracks, Pattern: Alternating)" --job Jit --benchmarkId 10 in /home/i/GitHub/tl-56-feat-data-authored-api/benchmarks/Alpha/bin/Release/net10.0/Alpha-Jit-1/bin/Release/net10.0
// Failed to set up high priority (Permission denied). In order to run benchmarks with high priority, make sure you have the right permissions.
// BeforeAnythingElse

// Benchmark Process Environment Information:
// BenchmarkDotNet v0.15.8
// Runtime=.NET 10.0.12 (10.0.12, 10.0.1226.42308), X64 RyuJIT x86-64-v3
// GC=Concurrent Workstation
// HardwareIntrinsics=AVX2+BMI1+BMI2+F16C+FMA+LZCNT+MOVBE,AVX,SSE3+SSSE3+SSE4.1+SSE4.2+POPCNT,X86Base+SSE+SSE2,AES+PCLMUL,AvxVnni,SERIALIZE VectorSize=256
// Job: Jit(IterationCount=12, IterationTime=250ms, WarmupCount=16)

OverheadJitting  1: 4096 op, 105440.00 ns, 25.7422 ns/op
WorkloadJitting  1: 4096 op, 342209.00 ns, 83.5471 ns/op

OverheadJitting  2: 65536 op, 120943.00 ns, 1.8454 ns/op
WorkloadJitting  2: 65536 op, 2644301.00 ns, 40.3488 ns/op

WorkloadPilot    1: 65536 op, 1108970.00 ns, 16.9215 ns/op
WorkloadPilot    2: 14811136 op, 238953544.00 ns, 16.1334 ns/op
WorkloadPilot    3: 15532032 op, 246603304.00 ns, 15.8771 ns/op
WorkloadPilot    4: 15794176 op, 253872163.00 ns, 16.0738 ns/op
WorkloadPilot    5: 15597568 op, 250860664.00 ns, 16.0833 ns/op

OverheadWarmup   1: 15597568 op, 6492.00 ns, 0.0004 ns/op
OverheadWarmup   2: 15597568 op, 5959.00 ns, 0.0004 ns/op
OverheadWarmup   3: 15597568 op, 5906.00 ns, 0.0004 ns/op
OverheadWarmup   4: 15597568 op, 5911.00 ns, 0.0004 ns/op
OverheadWarmup   5: 15597568 op, 6037.00 ns, 0.0004 ns/op
OverheadWarmup   6: 15597568 op, 6018.00 ns, 0.0004 ns/op
OverheadWarmup   7: 15597568 op, 6026.00 ns, 0.0004 ns/op
OverheadWarmup   8: 15597568 op, 6046.00 ns, 0.0004 ns/op
OverheadWarmup   9: 15597568 op, 6027.00 ns, 0.0004 ns/op

OverheadActual   1: 15597568 op, 6204.00 ns, 0.0004 ns/op
OverheadActual   2: 15597568 op, 7060.00 ns, 0.0005 ns/op
OverheadActual   3: 15597568 op, 6646.00 ns, 0.0004 ns/op
OverheadActual   4: 15597568 op, 7343.00 ns, 0.0005 ns/op
OverheadActual   5: 15597568 op, 7710.00 ns, 0.0005 ns/op
OverheadActual   6: 15597568 op, 7216.00 ns, 0.0005 ns/op
OverheadActual   7: 15597568 op, 6161.00 ns, 0.0004 ns/op
OverheadActual   8: 15597568 op, 7313.00 ns, 0.0005 ns/op
OverheadActual   9: 15597568 op, 6139.00 ns, 0.0004 ns/op
OverheadActual  10: 15597568 op, 7191.00 ns, 0.0005 ns/op
OverheadActual  11: 15597568 op, 7261.00 ns, 0.0005 ns/op
OverheadActual  12: 15597568 op, 7206.00 ns, 0.0005 ns/op
OverheadActual  13: 15597568 op, 7104.00 ns, 0.0005 ns/op
OverheadActual  14: 15597568 op, 6005.00 ns, 0.0004 ns/op
OverheadActual  15: 15597568 op, 6063.00 ns, 0.0004 ns/op
OverheadActual  16: 15597568 op, 6020.00 ns, 0.0004 ns/op
OverheadActual  17: 15597568 op, 6042.00 ns, 0.0004 ns/op
OverheadActual  18: 15597568 op, 7782.00 ns, 0.0005 ns/op
OverheadActual  19: 15597568 op, 6963.00 ns, 0.0004 ns/op
OverheadActual  20: 15597568 op, 6276.00 ns, 0.0004 ns/op

WorkloadWarmup   1: 15597568 op, 251793170.00 ns, 16.1431 ns/op
WorkloadWarmup   2: 15597568 op, 257207427.00 ns, 16.4902 ns/op
WorkloadWarmup   3: 15597568 op, 250987847.00 ns, 16.0915 ns/op
WorkloadWarmup   4: 15597568 op, 273066340.00 ns, 17.5070 ns/op
WorkloadWarmup   5: 15597568 op, 250676462.00 ns, 16.0715 ns/op
WorkloadWarmup   6: 15597568 op, 250212188.00 ns, 16.0417 ns/op
WorkloadWarmup   7: 15597568 op, 249736499.00 ns, 16.0112 ns/op
WorkloadWarmup   8: 15597568 op, 182102825.00 ns, 11.6751 ns/op
WorkloadWarmup   9: 15597568 op, 59702350.00 ns, 3.8277 ns/op
WorkloadWarmup  10: 15597568 op, 62028681.00 ns, 3.9768 ns/op
WorkloadWarmup  11: 15597568 op, 61340250.00 ns, 3.9327 ns/op
WorkloadWarmup  12: 15597568 op, 62897875.00 ns, 4.0325 ns/op
WorkloadWarmup  13: 15597568 op, 61390330.00 ns, 3.9359 ns/op
WorkloadWarmup  14: 15597568 op, 60810592.00 ns, 3.8987 ns/op
WorkloadWarmup  15: 15597568 op, 61399431.00 ns, 3.9365 ns/op
WorkloadWarmup  16: 15597568 op, 59414924.00 ns, 3.8092 ns/op

// BeforeActualRun
WorkloadActual   1: 15597568 op, 60910571.00 ns, 3.9051 ns/op
WorkloadActual   2: 15597568 op, 61515424.00 ns, 3.9439 ns/op
WorkloadActual   3: 15597568 op, 60935545.00 ns, 3.9067 ns/op
WorkloadActual   4: 15597568 op, 60333060.00 ns, 3.8681 ns/op
WorkloadActual   5: 15597568 op, 61144088.00 ns, 3.9201 ns/op
WorkloadActual   6: 15597568 op, 61559389.00 ns, 3.9467 ns/op
WorkloadActual   7: 15597568 op, 63014286.00 ns, 4.0400 ns/op
WorkloadActual   8: 15597568 op, 61430422.00 ns, 3.9385 ns/op
WorkloadActual   9: 15597568 op, 65121542.00 ns, 4.1751 ns/op
WorkloadActual  10: 15597568 op, 61871765.00 ns, 3.9668 ns/op
WorkloadActual  11: 15597568 op, 60411514.00 ns, 3.8731 ns/op
WorkloadActual  12: 15597568 op, 60128845.00 ns, 3.8550 ns/op

// AfterActualRun
WorkloadResult   1: 15597568 op, 60903559.50 ns, 3.9047 ns/op
WorkloadResult   2: 15597568 op, 61508412.50 ns, 3.9435 ns/op
WorkloadResult   3: 15597568 op, 60928533.50 ns, 3.9063 ns/op
WorkloadResult   4: 15597568 op, 60326048.50 ns, 3.8677 ns/op
WorkloadResult   5: 15597568 op, 61137076.50 ns, 3.9197 ns/op
WorkloadResult   6: 15597568 op, 61552377.50 ns, 3.9463 ns/op
WorkloadResult   7: 15597568 op, 61423410.50 ns, 3.9380 ns/op
WorkloadResult   8: 15597568 op, 61864753.50 ns, 3.9663 ns/op
WorkloadResult   9: 15597568 op, 60404502.50 ns, 3.8727 ns/op
WorkloadResult  10: 15597568 op, 60121833.50 ns, 3.8546 ns/op
// GC:  0 0 0 0 15597568
// Threading:  0 0 15597568

// AfterAll
// Benchmark Process 3065724 has exited with code 0.

Mean = 3.912 ns, StdErr = 0.012 ns (0.30%), N = 10, StdDev = 0.038 ns
Min = 3.855 ns, Q1 = 3.881 ns, Median = 3.913 ns, Q3 = 3.942 ns, Max = 3.966 ns
IQR = 0.061 ns, LowerFence = 3.789 ns, UpperFence = 4.034 ns
ConfidenceInterval = [3.855 ns; 3.969 ns] (CI 99.9%), Margin = 0.057 ns (1.45% of Mean)
Skewness = -0.16, Kurtosis = 1.43, MValue = 2

// ** Remained 19 (63.3%) benchmark(s) to run. Estimated finish 2026-09-12 12:01 (0h 1m from now) **
// **************************
// Benchmark: DataAuthoredQueryBenchmarks.DataAuthoredFacade: Jit(IterationCount=12, IterationTime=250ms, WarmupCount=16) [Shape=ThreeTracks, Pattern=Alternating]
// *** Execute ***
// Launch: 1 / 1
// Execute: dotnet Alpha-Jit-1.dll --anonymousPipes 157 158 --benchmarkName "DataAuthoredQueryBenchmarks.DataAuthoredFacade(Shape: ThreeTracks, Pattern: Alternating)" --job Jit --benchmarkId 11 in /home/i/GitHub/tl-56-feat-data-authored-api/benchmarks/Alpha/bin/Release/net10.0/Alpha-Jit-1/bin/Release/net10.0
// Failed to set up high priority (Permission denied). In order to run benchmarks with high priority, make sure you have the right permissions.
// BeforeAnythingElse

// Benchmark Process Environment Information:
// BenchmarkDotNet v0.15.8
// Runtime=.NET 10.0.12 (10.0.12, 10.0.1226.42308), X64 RyuJIT x86-64-v3
// GC=Concurrent Workstation
// HardwareIntrinsics=AVX2+BMI1+BMI2+F16C+FMA+LZCNT+MOVBE,AVX,SSE3+SSSE3+SSE4.1+SSE4.2+POPCNT,X86Base+SSE+SSE2,AES+PCLMUL,AvxVnni,SERIALIZE VectorSize=256
// Job: Jit(IterationCount=12, IterationTime=250ms, WarmupCount=16)

OverheadJitting  1: 4096 op, 107398.00 ns, 26.2202 ns/op
WorkloadJitting  1: 4096 op, 391171.00 ns, 95.5007 ns/op

OverheadJitting  2: 65536 op, 125886.00 ns, 1.9209 ns/op
WorkloadJitting  2: 65536 op, 6040373.00 ns, 92.1688 ns/op

WorkloadPilot    1: 65536 op, 4097225.00 ns, 62.5187 ns/op
WorkloadPilot    2: 3997696 op, 246480048.00 ns, 61.6555 ns/op
WorkloadPilot    3: 4063232 op, 250556929.00 ns, 61.6644 ns/op

OverheadWarmup   1: 4063232 op, 2075.00 ns, 0.0005 ns/op
OverheadWarmup   2: 4063232 op, 1664.00 ns, 0.0004 ns/op
OverheadWarmup   3: 4063232 op, 1608.00 ns, 0.0004 ns/op
OverheadWarmup   4: 4063232 op, 1613.00 ns, 0.0004 ns/op
OverheadWarmup   5: 4063232 op, 1594.00 ns, 0.0004 ns/op
OverheadWarmup   6: 4063232 op, 1565.00 ns, 0.0004 ns/op
OverheadWarmup   7: 4063232 op, 1819.00 ns, 0.0004 ns/op
OverheadWarmup   8: 4063232 op, 1825.00 ns, 0.0004 ns/op
OverheadWarmup   9: 4063232 op, 2435.00 ns, 0.0006 ns/op
OverheadWarmup  10: 4063232 op, 2021.00 ns, 0.0005 ns/op

OverheadActual   1: 4063232 op, 3158.00 ns, 0.0008 ns/op
OverheadActual   2: 4063232 op, 1791.00 ns, 0.0004 ns/op
OverheadActual   3: 4063232 op, 1831.00 ns, 0.0005 ns/op
OverheadActual   4: 4063232 op, 1643.00 ns, 0.0004 ns/op
OverheadActual   5: 4063232 op, 1762.00 ns, 0.0004 ns/op
OverheadActual   6: 4063232 op, 1571.00 ns, 0.0004 ns/op
OverheadActual   7: 4063232 op, 1626.00 ns, 0.0004 ns/op
OverheadActual   8: 4063232 op, 1552.00 ns, 0.0004 ns/op
OverheadActual   9: 4063232 op, 1522.00 ns, 0.0004 ns/op
OverheadActual  10: 4063232 op, 1518.00 ns, 0.0004 ns/op
OverheadActual  11: 4063232 op, 1554.00 ns, 0.0004 ns/op
OverheadActual  12: 4063232 op, 1521.00 ns, 0.0004 ns/op
OverheadActual  13: 4063232 op, 1535.00 ns, 0.0004 ns/op
OverheadActual  14: 4063232 op, 1526.00 ns, 0.0004 ns/op
OverheadActual  15: 4063232 op, 1520.00 ns, 0.0004 ns/op
OverheadActual  16: 4063232 op, 1546.00 ns, 0.0004 ns/op
OverheadActual  17: 4063232 op, 1540.00 ns, 0.0004 ns/op
OverheadActual  18: 4063232 op, 1750.00 ns, 0.0004 ns/op
OverheadActual  19: 4063232 op, 1557.00 ns, 0.0004 ns/op
OverheadActual  20: 4063232 op, 1555.00 ns, 0.0004 ns/op

WorkloadWarmup   1: 4063232 op, 250410601.00 ns, 61.6284 ns/op
WorkloadWarmup   2: 4063232 op, 249900101.00 ns, 61.5028 ns/op
WorkloadWarmup   3: 4063232 op, 248613141.00 ns, 61.1861 ns/op
WorkloadWarmup   4: 4063232 op, 248259872.00 ns, 61.0991 ns/op
WorkloadWarmup   5: 4063232 op, 251767665.00 ns, 61.9624 ns/op
WorkloadWarmup   6: 4063232 op, 211317619.00 ns, 52.0073 ns/op
WorkloadWarmup   7: 4063232 op, 90988891.00 ns, 22.3932 ns/op
WorkloadWarmup   8: 4063232 op, 91181845.00 ns, 22.4407 ns/op
WorkloadWarmup   9: 4063232 op, 91163125.00 ns, 22.4361 ns/op
WorkloadWarmup  10: 4063232 op, 89565440.00 ns, 22.0429 ns/op
WorkloadWarmup  11: 4063232 op, 92179888.00 ns, 22.6863 ns/op
WorkloadWarmup  12: 4063232 op, 90713570.00 ns, 22.3255 ns/op
WorkloadWarmup  13: 4063232 op, 91811052.00 ns, 22.5956 ns/op
WorkloadWarmup  14: 4063232 op, 91555567.00 ns, 22.5327 ns/op
WorkloadWarmup  15: 4063232 op, 91860666.00 ns, 22.6078 ns/op
WorkloadWarmup  16: 4063232 op, 90308100.00 ns, 22.2257 ns/op

// BeforeActualRun
WorkloadActual   1: 4063232 op, 91961073.00 ns, 22.6325 ns/op
WorkloadActual   2: 4063232 op, 90242500.00 ns, 22.2095 ns/op
WorkloadActual   3: 4063232 op, 91039887.00 ns, 22.4058 ns/op
WorkloadActual   4: 4063232 op, 91444354.00 ns, 22.5053 ns/op
WorkloadActual   5: 4063232 op, 91362996.00 ns, 22.4853 ns/op
WorkloadActual   6: 4063232 op, 91224773.00 ns, 22.4513 ns/op
WorkloadActual   7: 4063232 op, 91548305.00 ns, 22.5309 ns/op
WorkloadActual   8: 4063232 op, 90582866.00 ns, 22.2933 ns/op
WorkloadActual   9: 4063232 op, 90908074.00 ns, 22.3733 ns/op
WorkloadActual  10: 4063232 op, 91037816.00 ns, 22.4053 ns/op
WorkloadActual  11: 4063232 op, 91292352.00 ns, 22.4679 ns/op
WorkloadActual  12: 4063232 op, 109779685.00 ns, 27.0178 ns/op

// AfterActualRun
WorkloadResult   1: 4063232 op, 91959518.50 ns, 22.6321 ns/op
WorkloadResult   2: 4063232 op, 90240945.50 ns, 22.2092 ns/op
WorkloadResult   3: 4063232 op, 91038332.50 ns, 22.4054 ns/op
WorkloadResult   4: 4063232 op, 91442799.50 ns, 22.5049 ns/op
WorkloadResult   5: 4063232 op, 91361441.50 ns, 22.4849 ns/op
WorkloadResult   6: 4063232 op, 91223218.50 ns, 22.4509 ns/op
WorkloadResult   7: 4063232 op, 91546750.50 ns, 22.5305 ns/op
WorkloadResult   8: 4063232 op, 90581311.50 ns, 22.2929 ns/op
WorkloadResult   9: 4063232 op, 90906519.50 ns, 22.3730 ns/op
WorkloadResult  10: 4063232 op, 91036261.50 ns, 22.4049 ns/op
WorkloadResult  11: 4063232 op, 91290797.50 ns, 22.4675 ns/op
// GC:  0 0 0 0 4063232
// Threading:  0 0 4063232

// AfterAll
// Benchmark Process 3070394 has exited with code 0.

Mean = 22.432 ns, StdErr = 0.035 ns (0.16%), N = 11, StdDev = 0.116 ns
Min = 22.209 ns, Q1 = 22.389 ns, Median = 22.451 ns, Q3 = 22.495 ns, Max = 22.632 ns
IQR = 0.106 ns, LowerFence = 22.230 ns, UpperFence = 22.654 ns
ConfidenceInterval = [22.273 ns; 22.592 ns] (CI 99.9%), Margin = 0.160 ns (0.71% of Mean)
Skewness = -0.27, Kurtosis = 2.35, MValue = 2

// ** Remained 18 (60.0%) benchmark(s) to run. Estimated finish 2026-09-12 12:01 (0h 1m from now) **
// **************************
// Benchmark: DataAuthoredQueryBenchmarks.DirectShape: Jit(IterationCount=12, IterationTime=250ms, WarmupCount=16) [Shape=SixteenTracks, Pattern=Forward]
// *** Execute ***
// Launch: 1 / 1
// Execute: dotnet Alpha-Jit-1.dll --anonymousPipes 157 158 --benchmarkName "DataAuthoredQueryBenchmarks.DirectShape(Shape: SixteenTracks, Pattern: Forward)" --job Jit --benchmarkId 12 in /home/i/GitHub/tl-56-feat-data-authored-api/benchmarks/Alpha/bin/Release/net10.0/Alpha-Jit-1/bin/Release/net10.0
// Failed to set up high priority (Permission denied). In order to run benchmarks with high priority, make sure you have the right permissions.
// BeforeAnythingElse

// Benchmark Process Environment Information:
// BenchmarkDotNet v0.15.8
// Runtime=.NET 10.0.12 (10.0.12, 10.0.1226.42308), X64 RyuJIT x86-64-v3
// GC=Concurrent Workstation
// HardwareIntrinsics=AVX2+BMI1+BMI2+F16C+FMA+LZCNT+MOVBE,AVX,SSE3+SSSE3+SSE4.1+SSE4.2+POPCNT,X86Base+SSE+SSE2,AES+PCLMUL,AvxVnni,SERIALIZE VectorSize=256
// Job: Jit(IterationCount=12, IterationTime=250ms, WarmupCount=16)

OverheadJitting  1: 4096 op, 110827.00 ns, 27.0574 ns/op
WorkloadJitting  1: 4096 op, 1529076.00 ns, 373.3096 ns/op

OverheadJitting  2: 65536 op, 127026.00 ns, 1.9383 ns/op
WorkloadJitting  2: 65536 op, 1792368.00 ns, 27.3494 ns/op

WorkloadPilot    1: 65536 op, 1111491.00 ns, 16.9600 ns/op
WorkloadPilot    2: 14745600 op, 243622363.00 ns, 16.5217 ns/op
WorkloadPilot    3: 15138816 op, 252954051.00 ns, 16.7090 ns/op
WorkloadPilot    4: 15007744 op, 252491877.00 ns, 16.8241 ns/op
WorkloadPilot    5: 14876672 op, 251262952.00 ns, 16.8897 ns/op

OverheadWarmup   1: 14876672 op, 6204.00 ns, 0.0004 ns/op
OverheadWarmup   2: 14876672 op, 5062.00 ns, 0.0003 ns/op
OverheadWarmup   3: 14876672 op, 4933.00 ns, 0.0003 ns/op
OverheadWarmup   4: 14876672 op, 4971.00 ns, 0.0003 ns/op
OverheadWarmup   5: 14876672 op, 4957.00 ns, 0.0003 ns/op
OverheadWarmup   6: 14876672 op, 4935.00 ns, 0.0003 ns/op
OverheadWarmup   7: 14876672 op, 4946.00 ns, 0.0003 ns/op
OverheadWarmup   8: 14876672 op, 4976.00 ns, 0.0003 ns/op
OverheadWarmup   9: 14876672 op, 4962.00 ns, 0.0003 ns/op

OverheadActual   1: 14876672 op, 5641.00 ns, 0.0004 ns/op
OverheadActual   2: 14876672 op, 6807.00 ns, 0.0005 ns/op
OverheadActual   3: 14876672 op, 5560.00 ns, 0.0004 ns/op
OverheadActual   4: 14876672 op, 5079.00 ns, 0.0003 ns/op
OverheadActual   5: 14876672 op, 5118.00 ns, 0.0003 ns/op
OverheadActual   6: 14876672 op, 4975.00 ns, 0.0003 ns/op
OverheadActual   7: 14876672 op, 4860.00 ns, 0.0003 ns/op
OverheadActual   8: 14876672 op, 4855.00 ns, 0.0003 ns/op
OverheadActual   9: 14876672 op, 4952.00 ns, 0.0003 ns/op
OverheadActual  10: 14876672 op, 4964.00 ns, 0.0003 ns/op
OverheadActual  11: 14876672 op, 4914.00 ns, 0.0003 ns/op
OverheadActual  12: 14876672 op, 4997.00 ns, 0.0003 ns/op
OverheadActual  13: 14876672 op, 4906.00 ns, 0.0003 ns/op
OverheadActual  14: 14876672 op, 4964.00 ns, 0.0003 ns/op
OverheadActual  15: 14876672 op, 4968.00 ns, 0.0003 ns/op

WorkloadWarmup   1: 14876672 op, 251980182.00 ns, 16.9379 ns/op
WorkloadWarmup   2: 14876672 op, 256950503.00 ns, 17.2720 ns/op
WorkloadWarmup   3: 14876672 op, 252160108.00 ns, 16.9500 ns/op
WorkloadWarmup   4: 14876672 op, 249704010.00 ns, 16.7849 ns/op
WorkloadWarmup   5: 14876672 op, 249988363.00 ns, 16.8041 ns/op
WorkloadWarmup   6: 14876672 op, 251137425.00 ns, 16.8813 ns/op
WorkloadWarmup   7: 14876672 op, 249484971.00 ns, 16.7702 ns/op
WorkloadWarmup   8: 14876672 op, 224618179.00 ns, 15.0987 ns/op
WorkloadWarmup   9: 14876672 op, 178233834.00 ns, 11.9808 ns/op
WorkloadWarmup  10: 14876672 op, 179863934.00 ns, 12.0903 ns/op
WorkloadWarmup  11: 14876672 op, 177945571.00 ns, 11.9614 ns/op
WorkloadWarmup  12: 14876672 op, 181258988.00 ns, 12.1841 ns/op
WorkloadWarmup  13: 14876672 op, 179839533.00 ns, 12.0887 ns/op
WorkloadWarmup  14: 14876672 op, 178651078.00 ns, 12.0088 ns/op
WorkloadWarmup  15: 14876672 op, 179272552.00 ns, 12.0506 ns/op
WorkloadWarmup  16: 14876672 op, 176486927.00 ns, 11.8633 ns/op

// BeforeActualRun
WorkloadActual   1: 14876672 op, 183391149.00 ns, 12.3274 ns/op
WorkloadActual   2: 14876672 op, 178152721.00 ns, 11.9753 ns/op
WorkloadActual   3: 14876672 op, 178912779.00 ns, 12.0264 ns/op
WorkloadActual   4: 14876672 op, 176389627.00 ns, 11.8568 ns/op
WorkloadActual   5: 14876672 op, 172538543.00 ns, 11.5979 ns/op
WorkloadActual   6: 14876672 op, 177619255.00 ns, 11.9394 ns/op
WorkloadActual   7: 14876672 op, 177339885.00 ns, 11.9207 ns/op
WorkloadActual   8: 14876672 op, 174568270.00 ns, 11.7344 ns/op
WorkloadActual   9: 14876672 op, 178077986.00 ns, 11.9703 ns/op
WorkloadActual  10: 14876672 op, 178655087.00 ns, 12.0091 ns/op
WorkloadActual  11: 14876672 op, 199614006.00 ns, 13.4179 ns/op
WorkloadActual  12: 14876672 op, 177710950.00 ns, 11.9456 ns/op

// AfterActualRun
WorkloadResult   1: 14876672 op, 178147753.00 ns, 11.9750 ns/op
WorkloadResult   2: 14876672 op, 178907811.00 ns, 12.0261 ns/op
WorkloadResult   3: 14876672 op, 176384659.00 ns, 11.8565 ns/op
WorkloadResult   4: 14876672 op, 172533575.00 ns, 11.5976 ns/op
WorkloadResult   5: 14876672 op, 177614287.00 ns, 11.9391 ns/op
WorkloadResult   6: 14876672 op, 177334917.00 ns, 11.9203 ns/op
WorkloadResult   7: 14876672 op, 174563302.00 ns, 11.7340 ns/op
WorkloadResult   8: 14876672 op, 178073018.00 ns, 11.9699 ns/op
WorkloadResult   9: 14876672 op, 178650119.00 ns, 12.0087 ns/op
WorkloadResult  10: 14876672 op, 177705982.00 ns, 11.9453 ns/op
// GC:  0 0 0 0 14876672
// Threading:  0 0 14876672

// AfterAll
// Benchmark Process 3074831 has exited with code 0.

Mean = 11.897 ns, StdErr = 0.043 ns (0.36%), N = 10, StdDev = 0.135 ns
Min = 11.598 ns, Q1 = 11.872 ns, Median = 11.942 ns, Q3 = 11.974 ns, Max = 12.026 ns
IQR = 0.101 ns, LowerFence = 11.720 ns, UpperFence = 12.126 ns
ConfidenceInterval = [11.694 ns; 12.101 ns] (CI 99.9%), Margin = 0.203 ns (1.71% of Mean)
Skewness = -1.1, Kurtosis = 2.83, MValue = 2

// ** Remained 17 (56.7%) benchmark(s) to run. Estimated finish 2026-09-12 12:01 (0h 1m from now) **
// **************************
// Benchmark: DataAuthoredQueryBenchmarks.GeneratedShape: Jit(IterationCount=12, IterationTime=250ms, WarmupCount=16) [Shape=SixteenTracks, Pattern=Forward]
// *** Execute ***
// Launch: 1 / 1
// Execute: dotnet Alpha-Jit-1.dll --anonymousPipes 157 158 --benchmarkName "DataAuthoredQueryBenchmarks.GeneratedShape(Shape: SixteenTracks, Pattern: Forward)" --job Jit --benchmarkId 13 in /home/i/GitHub/tl-56-feat-data-authored-api/benchmarks/Alpha/bin/Release/net10.0/Alpha-Jit-1/bin/Release/net10.0
// Failed to set up high priority (Permission denied). In order to run benchmarks with high priority, make sure you have the right permissions.
// BeforeAnythingElse

// Benchmark Process Environment Information:
// BenchmarkDotNet v0.15.8
// Runtime=.NET 10.0.12 (10.0.12, 10.0.1226.42308), X64 RyuJIT x86-64-v3
// GC=Concurrent Workstation
// HardwareIntrinsics=AVX2+BMI1+BMI2+F16C+FMA+LZCNT+MOVBE,AVX,SSE3+SSSE3+SSE4.1+SSE4.2+POPCNT,X86Base+SSE+SSE2,AES+PCLMUL,AvxVnni,SERIALIZE VectorSize=256
// Job: Jit(IterationCount=12, IterationTime=250ms, WarmupCount=16)

OverheadJitting  1: 4096 op, 109737.00 ns, 26.7913 ns/op
WorkloadJitting  1: 4096 op, 993954.00 ns, 242.6646 ns/op

OverheadJitting  2: 65536 op, 142700.00 ns, 2.1774 ns/op
WorkloadJitting  2: 65536 op, 8194677.00 ns, 125.0408 ns/op

WorkloadPilot    1: 65536 op, 5069184.00 ns, 77.3496 ns/op
WorkloadPilot    2: 3276800 op, 252456389.00 ns, 77.0436 ns/op

OverheadWarmup   1: 3276800 op, 1817.00 ns, 0.0006 ns/op
OverheadWarmup   2: 3276800 op, 1336.00 ns, 0.0004 ns/op
OverheadWarmup   3: 3276800 op, 1194.00 ns, 0.0004 ns/op
OverheadWarmup   4: 3276800 op, 1160.00 ns, 0.0004 ns/op
OverheadWarmup   5: 3276800 op, 1223.00 ns, 0.0004 ns/op
OverheadWarmup   6: 3276800 op, 1222.00 ns, 0.0004 ns/op
OverheadWarmup   7: 3276800 op, 1155.00 ns, 0.0004 ns/op
OverheadWarmup   8: 3276800 op, 1322.00 ns, 0.0004 ns/op
OverheadWarmup   9: 3276800 op, 1292.00 ns, 0.0004 ns/op

OverheadActual   1: 3276800 op, 1401.00 ns, 0.0004 ns/op
OverheadActual   2: 3276800 op, 2689.00 ns, 0.0008 ns/op
OverheadActual   3: 3276800 op, 1449.00 ns, 0.0004 ns/op
OverheadActual   4: 3276800 op, 1305.00 ns, 0.0004 ns/op
OverheadActual   5: 3276800 op, 1353.00 ns, 0.0004 ns/op
OverheadActual   6: 3276800 op, 1138.00 ns, 0.0003 ns/op
OverheadActual   7: 3276800 op, 1135.00 ns, 0.0003 ns/op
OverheadActual   8: 3276800 op, 1144.00 ns, 0.0003 ns/op
OverheadActual   9: 3276800 op, 1125.00 ns, 0.0003 ns/op
OverheadActual  10: 3276800 op, 1152.00 ns, 0.0004 ns/op
OverheadActual  11: 3276800 op, 1148.00 ns, 0.0004 ns/op
OverheadActual  12: 3276800 op, 1147.00 ns, 0.0004 ns/op
OverheadActual  13: 3276800 op, 1136.00 ns, 0.0003 ns/op
OverheadActual  14: 3276800 op, 1137.00 ns, 0.0003 ns/op
OverheadActual  15: 3276800 op, 1137.00 ns, 0.0003 ns/op
OverheadActual  16: 3276800 op, 1139.00 ns, 0.0003 ns/op
OverheadActual  17: 3276800 op, 1146.00 ns, 0.0003 ns/op
OverheadActual  18: 3276800 op, 1330.00 ns, 0.0004 ns/op
OverheadActual  19: 3276800 op, 1224.00 ns, 0.0004 ns/op
OverheadActual  20: 3276800 op, 1158.00 ns, 0.0004 ns/op

WorkloadWarmup   1: 3276800 op, 253817654.00 ns, 77.4590 ns/op
WorkloadWarmup   2: 3276800 op, 254653642.00 ns, 77.7141 ns/op
WorkloadWarmup   3: 3276800 op, 250834829.00 ns, 76.5487 ns/op
WorkloadWarmup   4: 3276800 op, 252741128.00 ns, 77.1305 ns/op
WorkloadWarmup   5: 3276800 op, 249368439.00 ns, 76.1012 ns/op
WorkloadWarmup   6: 3276800 op, 251761776.00 ns, 76.8316 ns/op
WorkloadWarmup   7: 3276800 op, 188821024.00 ns, 57.6236 ns/op
WorkloadWarmup   8: 3276800 op, 72690000.00 ns, 22.1832 ns/op
WorkloadWarmup   9: 3276800 op, 74723035.00 ns, 22.8037 ns/op
WorkloadWarmup  10: 3276800 op, 73154544.00 ns, 22.3250 ns/op
WorkloadWarmup  11: 3276800 op, 75822573.00 ns, 23.1392 ns/op
WorkloadWarmup  12: 3276800 op, 75879466.00 ns, 23.1566 ns/op
WorkloadWarmup  13: 3276800 op, 72887889.00 ns, 22.2436 ns/op
WorkloadWarmup  14: 3276800 op, 72876984.00 ns, 22.2403 ns/op
WorkloadWarmup  15: 3276800 op, 75622229.00 ns, 23.0781 ns/op
WorkloadWarmup  16: 3276800 op, 72994990.00 ns, 22.2763 ns/op

// BeforeActualRun
WorkloadActual   1: 3276800 op, 73508368.00 ns, 22.4330 ns/op
WorkloadActual   2: 3276800 op, 73581505.00 ns, 22.4553 ns/op
WorkloadActual   3: 3276800 op, 73236133.00 ns, 22.3499 ns/op
WorkloadActual   4: 3276800 op, 72976988.00 ns, 22.2708 ns/op
WorkloadActual   5: 3276800 op, 72749719.00 ns, 22.2015 ns/op
WorkloadActual   6: 3276800 op, 72423414.00 ns, 22.1019 ns/op
WorkloadActual   7: 3276800 op, 72872155.00 ns, 22.2388 ns/op
WorkloadActual   8: 3276800 op, 72226199.00 ns, 22.0417 ns/op
WorkloadActual   9: 3276800 op, 73241823.00 ns, 22.3516 ns/op
WorkloadActual  10: 3276800 op, 73027283.00 ns, 22.2862 ns/op
WorkloadActual  11: 3276800 op, 73190001.00 ns, 22.3358 ns/op
WorkloadActual  12: 3276800 op, 73015768.00 ns, 22.2826 ns/op

// AfterActualRun
WorkloadResult   1: 3276800 op, 73507220.50 ns, 22.4326 ns/op
WorkloadResult   2: 3276800 op, 73580357.50 ns, 22.4549 ns/op
WorkloadResult   3: 3276800 op, 73234985.50 ns, 22.3495 ns/op
WorkloadResult   4: 3276800 op, 72975840.50 ns, 22.2705 ns/op
WorkloadResult   5: 3276800 op, 72748571.50 ns, 22.2011 ns/op
WorkloadResult   6: 3276800 op, 72422266.50 ns, 22.1015 ns/op
WorkloadResult   7: 3276800 op, 72871007.50 ns, 22.2385 ns/op
WorkloadResult   8: 3276800 op, 72225051.50 ns, 22.0413 ns/op
WorkloadResult   9: 3276800 op, 73240675.50 ns, 22.3513 ns/op
WorkloadResult  10: 3276800 op, 73026135.50 ns, 22.2858 ns/op
WorkloadResult  11: 3276800 op, 73188853.50 ns, 22.3355 ns/op
WorkloadResult  12: 3276800 op, 73014620.50 ns, 22.2823 ns/op
// GC:  0 0 0 0 3276800
// Threading:  0 0 3276800

// AfterAll
// Benchmark Process 3081686 has exited with code 0.

Mean = 22.279 ns, StdErr = 0.035 ns (0.16%), N = 12, StdDev = 0.122 ns
Min = 22.041 ns, Q1 = 22.229 ns, Median = 22.284 ns, Q3 = 22.350 ns, Max = 22.455 ns
IQR = 0.121 ns, LowerFence = 22.048 ns, UpperFence = 22.531 ns
ConfidenceInterval = [22.122 ns; 22.435 ns] (CI 99.9%), Margin = 0.156 ns (0.70% of Mean)
Skewness = -0.43, Kurtosis = 2.18, MValue = 2

// ** Remained 16 (53.3%) benchmark(s) to run. Estimated finish 2026-09-12 12:01 (0h 1m from now) **
// **************************
// Benchmark: DataAuthoredQueryBenchmarks.DataAuthoredFacade: Jit(IterationCount=12, IterationTime=250ms, WarmupCount=16) [Shape=SixteenTracks, Pattern=Forward]
// *** Execute ***
// Launch: 1 / 1
// Execute: dotnet Alpha-Jit-1.dll --anonymousPipes 157 158 --benchmarkName "DataAuthoredQueryBenchmarks.DataAuthoredFacade(Shape: SixteenTracks, Pattern: Forward)" --job Jit --benchmarkId 14 in /home/i/GitHub/tl-56-feat-data-authored-api/benchmarks/Alpha/bin/Release/net10.0/Alpha-Jit-1/bin/Release/net10.0
// Failed to set up high priority (Permission denied). In order to run benchmarks with high priority, make sure you have the right permissions.
// BeforeAnythingElse

// Benchmark Process Environment Information:
// BenchmarkDotNet v0.15.8
// Runtime=.NET 10.0.12 (10.0.12, 10.0.1226.42308), X64 RyuJIT x86-64-v3
// GC=Concurrent Workstation
// HardwareIntrinsics=AVX2+BMI1+BMI2+F16C+FMA+LZCNT+MOVBE,AVX,SSE3+SSSE3+SSE4.1+SSE4.2+POPCNT,X86Base+SSE+SSE2,AES+PCLMUL,AvxVnni,SERIALIZE VectorSize=256
// Job: Jit(IterationCount=12, IterationTime=250ms, WarmupCount=16)

OverheadJitting  1: 4096 op, 108055.00 ns, 26.3806 ns/op
WorkloadJitting  1: 4096 op, 1252514.00 ns, 305.7896 ns/op

OverheadJitting  2: 65536 op, 128172.00 ns, 1.9557 ns/op
WorkloadJitting  2: 65536 op, 20147305.00 ns, 307.4235 ns/op

WorkloadPilot    1: 65536 op, 19026782.00 ns, 290.3257 ns/op
WorkloadPilot    2: 917504 op, 258974509.00 ns, 282.2598 ns/op

OverheadWarmup   1: 917504 op, 941.00 ns, 0.0010 ns/op
OverheadWarmup   2: 917504 op, 575.00 ns, 0.0006 ns/op
OverheadWarmup   3: 917504 op, 350.00 ns, 0.0004 ns/op
OverheadWarmup   4: 917504 op, 367.00 ns, 0.0004 ns/op
OverheadWarmup   5: 917504 op, 423.00 ns, 0.0005 ns/op
OverheadWarmup   6: 917504 op, 346.00 ns, 0.0004 ns/op
OverheadWarmup   7: 917504 op, 372.00 ns, 0.0004 ns/op
OverheadWarmup   8: 917504 op, 347.00 ns, 0.0004 ns/op

OverheadActual   1: 917504 op, 724.00 ns, 0.0008 ns/op
OverheadActual   2: 917504 op, 595.00 ns, 0.0006 ns/op
OverheadActual   3: 917504 op, 582.00 ns, 0.0006 ns/op
OverheadActual   4: 917504 op, 496.00 ns, 0.0005 ns/op
OverheadActual   5: 917504 op, 555.00 ns, 0.0006 ns/op
OverheadActual   6: 917504 op, 407.00 ns, 0.0004 ns/op
OverheadActual   7: 917504 op, 384.00 ns, 0.0004 ns/op
OverheadActual   8: 917504 op, 352.00 ns, 0.0004 ns/op
OverheadActual   9: 917504 op, 461.00 ns, 0.0005 ns/op
OverheadActual  10: 917504 op, 408.00 ns, 0.0004 ns/op
OverheadActual  11: 917504 op, 508.00 ns, 0.0006 ns/op
OverheadActual  12: 917504 op, 524.00 ns, 0.0006 ns/op
OverheadActual  13: 917504 op, 513.00 ns, 0.0006 ns/op
OverheadActual  14: 917504 op, 368.00 ns, 0.0004 ns/op
OverheadActual  15: 917504 op, 353.00 ns, 0.0004 ns/op
OverheadActual  16: 917504 op, 399.00 ns, 0.0004 ns/op
OverheadActual  17: 917504 op, 432.00 ns, 0.0005 ns/op
OverheadActual  18: 917504 op, 945.00 ns, 0.0010 ns/op
OverheadActual  19: 917504 op, 483.00 ns, 0.0005 ns/op
OverheadActual  20: 917504 op, 373.00 ns, 0.0004 ns/op

WorkloadWarmup   1: 917504 op, 259958563.00 ns, 283.3323 ns/op
WorkloadWarmup   2: 917504 op, 262132834.00 ns, 285.7021 ns/op
WorkloadWarmup   3: 917504 op, 257680592.00 ns, 280.8496 ns/op
WorkloadWarmup   4: 917504 op, 258868239.00 ns, 282.1440 ns/op
WorkloadWarmup   5: 917504 op, 258245364.00 ns, 281.4651 ns/op
WorkloadWarmup   6: 917504 op, 258006934.00 ns, 281.2052 ns/op
WorkloadWarmup   7: 917504 op, 116044113.00 ns, 126.4780 ns/op
WorkloadWarmup   8: 917504 op, 70989954.00 ns, 77.3729 ns/op
WorkloadWarmup   9: 917504 op, 70825689.00 ns, 77.1939 ns/op
WorkloadWarmup  10: 917504 op, 70137954.00 ns, 76.4443 ns/op
WorkloadWarmup  11: 917504 op, 70762466.00 ns, 77.1250 ns/op
WorkloadWarmup  12: 917504 op, 70717637.00 ns, 77.0761 ns/op
WorkloadWarmup  13: 917504 op, 70926292.00 ns, 77.3035 ns/op
WorkloadWarmup  14: 917504 op, 70363115.00 ns, 76.6897 ns/op
WorkloadWarmup  15: 917504 op, 70853379.00 ns, 77.2241 ns/op
WorkloadWarmup  16: 917504 op, 70922367.00 ns, 77.2992 ns/op

// BeforeActualRun
WorkloadActual   1: 917504 op, 70444955.00 ns, 76.7789 ns/op
WorkloadActual   2: 917504 op, 71014154.00 ns, 77.3993 ns/op
WorkloadActual   3: 917504 op, 71327953.00 ns, 77.7413 ns/op
WorkloadActual   4: 917504 op, 70224231.00 ns, 76.5383 ns/op
WorkloadActual   5: 917504 op, 71413350.00 ns, 77.8344 ns/op
WorkloadActual   6: 917504 op, 71157127.00 ns, 77.5551 ns/op
WorkloadActual   7: 917504 op, 72179621.00 ns, 78.6695 ns/op
WorkloadActual   8: 917504 op, 74625742.00 ns, 81.3356 ns/op
WorkloadActual   9: 917504 op, 70857324.00 ns, 77.2284 ns/op
WorkloadActual  10: 917504 op, 70852490.00 ns, 77.2231 ns/op
WorkloadActual  11: 917504 op, 70897868.00 ns, 77.2725 ns/op
WorkloadActual  12: 917504 op, 72210390.00 ns, 78.7031 ns/op

// AfterActualRun
WorkloadResult   1: 917504 op, 70444483.00 ns, 76.7784 ns/op
WorkloadResult   2: 917504 op, 71013682.00 ns, 77.3988 ns/op
WorkloadResult   3: 917504 op, 71327481.00 ns, 77.7408 ns/op
WorkloadResult   4: 917504 op, 70223759.00 ns, 76.5378 ns/op
WorkloadResult   5: 917504 op, 71412878.00 ns, 77.8339 ns/op
WorkloadResult   6: 917504 op, 71156655.00 ns, 77.5546 ns/op
WorkloadResult   7: 917504 op, 72179149.00 ns, 78.6690 ns/op
WorkloadResult   8: 917504 op, 70856852.00 ns, 77.2278 ns/op
WorkloadResult   9: 917504 op, 70852018.00 ns, 77.2226 ns/op
WorkloadResult  10: 917504 op, 70897396.00 ns, 77.2720 ns/op
WorkloadResult  11: 917504 op, 72209918.00 ns, 78.7026 ns/op
// GC:  0 0 0 0 917504
// Threading:  0 0 917504

// AfterAll
// Benchmark Process 3085487 has exited with code 0.

Mean = 77.540 ns, StdErr = 0.205 ns (0.26%), N = 11, StdDev = 0.680 ns
Min = 76.538 ns, Q1 = 77.225 ns, Median = 77.399 ns, Q3 = 77.787 ns, Max = 78.703 ns
IQR = 0.562 ns, LowerFence = 76.382 ns, UpperFence = 78.630 ns
ConfidenceInterval = [76.599 ns; 78.481 ns] (CI 99.9%), Margin = 0.941 ns (1.21% of Mean)
Skewness = 0.44, Kurtosis = 2.05, MValue = 2

// ** Remained 15 (50.0%) benchmark(s) to run. Estimated finish 2026-09-12 12:01 (0h 1m from now) **
// **************************
// Benchmark: DataAuthoredQueryBenchmarks.DirectShape: Jit(IterationCount=12, IterationTime=250ms, WarmupCount=16) [Shape=SixteenTracks, Pattern=Alternating]
// *** Execute ***
// Launch: 1 / 1
// Execute: dotnet Alpha-Jit-1.dll --anonymousPipes 157 158 --benchmarkName "DataAuthoredQueryBenchmarks.DirectShape(Shape: SixteenTracks, Pattern: Alternating)" --job Jit --benchmarkId 15 in /home/i/GitHub/tl-56-feat-data-authored-api/benchmarks/Alpha/bin/Release/net10.0/Alpha-Jit-1/bin/Release/net10.0
// Failed to set up high priority (Permission denied). In order to run benchmarks with high priority, make sure you have the right permissions.
// BeforeAnythingElse

// Benchmark Process Environment Information:
// BenchmarkDotNet v0.15.8
// Runtime=.NET 10.0.12 (10.0.12, 10.0.1226.42308), X64 RyuJIT x86-64-v3
// GC=Concurrent Workstation
// HardwareIntrinsics=AVX2+BMI1+BMI2+F16C+FMA+LZCNT+MOVBE,AVX,SSE3+SSSE3+SSE4.1+SSE4.2+POPCNT,X86Base+SSE+SSE2,AES+PCLMUL,AvxVnni,SERIALIZE VectorSize=256
// Job: Jit(IterationCount=12, IterationTime=250ms, WarmupCount=16)

OverheadJitting  1: 4096 op, 105748.00 ns, 25.8174 ns/op
WorkloadJitting  1: 4096 op, 1591273.00 ns, 388.4944 ns/op

OverheadJitting  2: 65536 op, 130622.00 ns, 1.9931 ns/op
WorkloadJitting  2: 65536 op, 1289918.00 ns, 19.6826 ns/op

WorkloadPilot    1: 65536 op, 1160732.00 ns, 17.7114 ns/op
WorkloadPilot    2: 14155776 op, 242494876.00 ns, 17.1305 ns/op
WorkloadPilot    3: 14614528 op, 251284155.00 ns, 17.1941 ns/op
WorkloadPilot    4: 14548992 op, 249705470.00 ns, 17.1631 ns/op
WorkloadPilot    5: 14614528 op, 300073498.00 ns, 20.5325 ns/op
WorkloadPilot    6: 12189696 op, 208840338.00 ns, 17.1325 ns/op
WorkloadPilot    7: 14614528 op, 251481406.00 ns, 17.2076 ns/op

OverheadWarmup   1: 14614528 op, 5380.00 ns, 0.0004 ns/op
OverheadWarmup   2: 14614528 op, 5005.00 ns, 0.0003 ns/op
OverheadWarmup   3: 14614528 op, 4931.00 ns, 0.0003 ns/op
OverheadWarmup   4: 14614528 op, 4899.00 ns, 0.0003 ns/op
OverheadWarmup   5: 14614528 op, 4960.00 ns, 0.0003 ns/op
OverheadWarmup   6: 14614528 op, 6585.00 ns, 0.0005 ns/op
OverheadWarmup   7: 14614528 op, 5082.00 ns, 0.0003 ns/op
OverheadWarmup   8: 14614528 op, 5062.00 ns, 0.0003 ns/op
OverheadWarmup   9: 14614528 op, 5041.00 ns, 0.0003 ns/op
OverheadWarmup  10: 14614528 op, 5121.00 ns, 0.0004 ns/op

OverheadActual   1: 14614528 op, 5204.00 ns, 0.0004 ns/op
OverheadActual   2: 14614528 op, 5113.00 ns, 0.0003 ns/op
OverheadActual   3: 14614528 op, 5132.00 ns, 0.0004 ns/op
OverheadActual   4: 14614528 op, 5297.00 ns, 0.0004 ns/op
OverheadActual   5: 14614528 op, 5419.00 ns, 0.0004 ns/op
OverheadActual   6: 14614528 op, 5471.00 ns, 0.0004 ns/op
OverheadActual   7: 14614528 op, 5382.00 ns, 0.0004 ns/op
OverheadActual   8: 14614528 op, 4956.00 ns, 0.0003 ns/op
OverheadActual   9: 14614528 op, 4894.00 ns, 0.0003 ns/op
OverheadActual  10: 14614528 op, 4892.00 ns, 0.0003 ns/op
OverheadActual  11: 14614528 op, 5954.00 ns, 0.0004 ns/op
OverheadActual  12: 14614528 op, 4873.00 ns, 0.0003 ns/op
OverheadActual  13: 14614528 op, 4932.00 ns, 0.0003 ns/op
OverheadActual  14: 14614528 op, 7365.00 ns, 0.0005 ns/op
OverheadActual  15: 14614528 op, 4935.00 ns, 0.0003 ns/op
OverheadActual  16: 14614528 op, 4933.00 ns, 0.0003 ns/op
OverheadActual  17: 14614528 op, 4943.00 ns, 0.0003 ns/op
OverheadActual  18: 14614528 op, 5090.00 ns, 0.0003 ns/op
OverheadActual  19: 14614528 op, 5007.00 ns, 0.0003 ns/op

WorkloadWarmup   1: 14614528 op, 249755130.00 ns, 17.0895 ns/op
WorkloadWarmup   2: 14614528 op, 250548853.00 ns, 17.1438 ns/op
WorkloadWarmup   3: 14614528 op, 250376227.00 ns, 17.1320 ns/op
WorkloadWarmup   4: 14614528 op, 250009489.00 ns, 17.1069 ns/op
WorkloadWarmup   5: 14614528 op, 250232204.00 ns, 17.1222 ns/op
WorkloadWarmup   6: 14614528 op, 267229542.00 ns, 18.2852 ns/op
WorkloadWarmup   7: 14614528 op, 273270361.00 ns, 18.6985 ns/op
WorkloadWarmup   8: 14614528 op, 272775531.00 ns, 18.6647 ns/op
WorkloadWarmup   9: 14614528 op, 272487208.00 ns, 18.6450 ns/op
WorkloadWarmup  10: 14614528 op, 270379598.00 ns, 18.5007 ns/op
WorkloadWarmup  11: 14614528 op, 272135674.00 ns, 18.6209 ns/op
WorkloadWarmup  12: 14614528 op, 270560382.00 ns, 18.5131 ns/op
WorkloadWarmup  13: 14614528 op, 269641899.00 ns, 18.4503 ns/op
WorkloadWarmup  14: 14614528 op, 274038473.00 ns, 18.7511 ns/op
WorkloadWarmup  15: 14614528 op, 270602076.00 ns, 18.5160 ns/op
WorkloadWarmup  16: 14614528 op, 269261806.00 ns, 18.4243 ns/op

// BeforeActualRun
WorkloadActual   1: 14614528 op, 268924500.00 ns, 18.4012 ns/op
WorkloadActual   2: 14614528 op, 271975766.00 ns, 18.6100 ns/op
WorkloadActual   3: 14614528 op, 270817123.00 ns, 18.5307 ns/op
WorkloadActual   4: 14614528 op, 267863204.00 ns, 18.3286 ns/op
WorkloadActual   5: 14614528 op, 272983581.00 ns, 18.6789 ns/op
WorkloadActual   6: 14614528 op, 291521877.00 ns, 19.9474 ns/op
WorkloadActual   7: 14614528 op, 270681495.00 ns, 18.5214 ns/op
WorkloadActual   8: 14614528 op, 273367432.00 ns, 18.7052 ns/op
WorkloadActual   9: 14614528 op, 270481943.00 ns, 18.5077 ns/op
WorkloadActual  10: 14614528 op, 270644446.00 ns, 18.5189 ns/op
WorkloadActual  11: 14614528 op, 277384627.00 ns, 18.9801 ns/op
WorkloadActual  12: 14614528 op, 270835600.00 ns, 18.5319 ns/op

// AfterActualRun
WorkloadResult   1: 14614528 op, 268919410.00 ns, 18.4008 ns/op
WorkloadResult   2: 14614528 op, 271970676.00 ns, 18.6096 ns/op
WorkloadResult   3: 14614528 op, 270812033.00 ns, 18.5303 ns/op
WorkloadResult   4: 14614528 op, 267858114.00 ns, 18.3282 ns/op
WorkloadResult   5: 14614528 op, 272978491.00 ns, 18.6786 ns/op
WorkloadResult   6: 14614528 op, 270676405.00 ns, 18.5211 ns/op
WorkloadResult   7: 14614528 op, 273362342.00 ns, 18.7048 ns/op
WorkloadResult   8: 14614528 op, 270476853.00 ns, 18.5074 ns/op
WorkloadResult   9: 14614528 op, 270639356.00 ns, 18.5185 ns/op
WorkloadResult  10: 14614528 op, 270830510.00 ns, 18.5316 ns/op
// GC:  0 0 0 0 14614528
// Threading:  0 0 14614528

// AfterAll
// Benchmark Process 3089109 has exited with code 0.

Mean = 18.533 ns, StdErr = 0.036 ns (0.19%), N = 10, StdDev = 0.114 ns
Min = 18.328 ns, Q1 = 18.510 ns, Median = 18.526 ns, Q3 = 18.590 ns, Max = 18.705 ns
IQR = 0.080 ns, LowerFence = 18.390 ns, UpperFence = 18.710 ns
ConfidenceInterval = [18.361 ns; 18.705 ns] (CI 99.9%), Margin = 0.172 ns (0.93% of Mean)
Skewness = -0.16, Kurtosis = 2.02, MValue = 2

// ** Remained 14 (46.7%) benchmark(s) to run. Estimated finish 2026-09-12 12:01 (0h 1m from now) **
// **************************
// Benchmark: DataAuthoredQueryBenchmarks.GeneratedShape: Jit(IterationCount=12, IterationTime=250ms, WarmupCount=16) [Shape=SixteenTracks, Pattern=Alternating]
// *** Execute ***
// Launch: 1 / 1
// Execute: dotnet Alpha-Jit-1.dll --anonymousPipes 159 160 --benchmarkName "DataAuthoredQueryBenchmarks.GeneratedShape(Shape: SixteenTracks, Pattern: Alternating)" --job Jit --benchmarkId 16 in /home/i/GitHub/tl-56-feat-data-authored-api/benchmarks/Alpha/bin/Release/net10.0/Alpha-Jit-1/bin/Release/net10.0
// Failed to set up high priority (Permission denied). In order to run benchmarks with high priority, make sure you have the right permissions.
// BeforeAnythingElse

// Benchmark Process Environment Information:
// BenchmarkDotNet v0.15.8
// Runtime=.NET 10.0.12 (10.0.12, 10.0.1226.42308), X64 RyuJIT x86-64-v3
// GC=Concurrent Workstation
// HardwareIntrinsics=AVX2+BMI1+BMI2+F16C+FMA+LZCNT+MOVBE,AVX,SSE3+SSSE3+SSE4.1+SSE4.2+POPCNT,X86Base+SSE+SSE2,AES+PCLMUL,AvxVnni,SERIALIZE VectorSize=256
// Job: Jit(IterationCount=12, IterationTime=250ms, WarmupCount=16)

OverheadJitting  1: 4096 op, 106488.00 ns, 25.9980 ns/op
WorkloadJitting  1: 4096 op, 961882.00 ns, 234.8345 ns/op

OverheadJitting  2: 65536 op, 122876.00 ns, 1.8749 ns/op
WorkloadJitting  2: 65536 op, 12217580.00 ns, 186.4255 ns/op

WorkloadPilot    1: 65536 op, 10194505.00 ns, 155.5558 ns/op
WorkloadPilot    2: 1638400 op, 236235134.00 ns, 144.1865 ns/op
WorkloadPilot    3: 1769472 op, 254025821.00 ns, 143.5602 ns/op

OverheadWarmup   1: 1769472 op, 1111.00 ns, 0.0006 ns/op
OverheadWarmup   2: 1769472 op, 790.00 ns, 0.0004 ns/op
OverheadWarmup   3: 1769472 op, 661.00 ns, 0.0004 ns/op
OverheadWarmup   4: 1769472 op, 670.00 ns, 0.0004 ns/op
OverheadWarmup   5: 1769472 op, 716.00 ns, 0.0004 ns/op
OverheadWarmup   6: 1769472 op, 718.00 ns, 0.0004 ns/op
OverheadWarmup   7: 1769472 op, 702.00 ns, 0.0004 ns/op
OverheadWarmup   8: 1769472 op, 702.00 ns, 0.0004 ns/op
OverheadWarmup   9: 1769472 op, 876.00 ns, 0.0005 ns/op

OverheadActual   1: 1769472 op, 897.00 ns, 0.0005 ns/op
OverheadActual   2: 1769472 op, 909.00 ns, 0.0005 ns/op
OverheadActual   3: 1769472 op, 940.00 ns, 0.0005 ns/op
OverheadActual   4: 1769472 op, 876.00 ns, 0.0005 ns/op
OverheadActual   5: 1769472 op, 886.00 ns, 0.0005 ns/op
OverheadActual   6: 1769472 op, 805.00 ns, 0.0005 ns/op
OverheadActual   7: 1769472 op, 748.00 ns, 0.0004 ns/op
OverheadActual   8: 1769472 op, 761.00 ns, 0.0004 ns/op
OverheadActual   9: 1769472 op, 893.00 ns, 0.0005 ns/op
OverheadActual  10: 1769472 op, 814.00 ns, 0.0005 ns/op
OverheadActual  11: 1769472 op, 788.00 ns, 0.0004 ns/op
OverheadActual  12: 1769472 op, 797.00 ns, 0.0005 ns/op
OverheadActual  13: 1769472 op, 781.00 ns, 0.0004 ns/op
OverheadActual  14: 1769472 op, 713.00 ns, 0.0004 ns/op
OverheadActual  15: 1769472 op, 835.00 ns, 0.0005 ns/op
OverheadActual  16: 1769472 op, 771.00 ns, 0.0004 ns/op
OverheadActual  17: 1769472 op, 703.00 ns, 0.0004 ns/op
OverheadActual  18: 1769472 op, 908.00 ns, 0.0005 ns/op
OverheadActual  19: 1769472 op, 802.00 ns, 0.0005 ns/op
OverheadActual  20: 1769472 op, 758.00 ns, 0.0004 ns/op

WorkloadWarmup   1: 1769472 op, 256041621.00 ns, 144.6994 ns/op
WorkloadWarmup   2: 1769472 op, 251868001.00 ns, 142.3408 ns/op
WorkloadWarmup   3: 1769472 op, 253401253.00 ns, 143.2073 ns/op
WorkloadWarmup   4: 1769472 op, 252373158.00 ns, 142.6263 ns/op
WorkloadWarmup   5: 1769472 op, 254193411.00 ns, 143.6549 ns/op
WorkloadWarmup   6: 1769472 op, 185158672.00 ns, 104.6406 ns/op
WorkloadWarmup   7: 1769472 op, 36885622.00 ns, 20.8456 ns/op
WorkloadWarmup   8: 1769472 op, 37879648.00 ns, 21.4073 ns/op
WorkloadWarmup   9: 1769472 op, 37556658.00 ns, 21.2248 ns/op
WorkloadWarmup  10: 1769472 op, 39041541.00 ns, 22.0639 ns/op
WorkloadWarmup  11: 1769472 op, 38419173.00 ns, 21.7122 ns/op
WorkloadWarmup  12: 1769472 op, 36171543.00 ns, 20.4420 ns/op
WorkloadWarmup  13: 1769472 op, 37120220.00 ns, 20.9781 ns/op
WorkloadWarmup  14: 1769472 op, 39765306.00 ns, 22.4730 ns/op
WorkloadWarmup  15: 1769472 op, 35972653.00 ns, 20.3296 ns/op
WorkloadWarmup  16: 1769472 op, 37022421.00 ns, 20.9229 ns/op

// BeforeActualRun
WorkloadActual   1: 1769472 op, 37204414.00 ns, 21.0257 ns/op
WorkloadActual   2: 1769472 op, 36686720.00 ns, 20.7331 ns/op
WorkloadActual   3: 1769472 op, 35877753.00 ns, 20.2760 ns/op
WorkloadActual   4: 1769472 op, 36403964.00 ns, 20.5733 ns/op
WorkloadActual   5: 1769472 op, 36642438.00 ns, 20.7081 ns/op
WorkloadActual   6: 1769472 op, 35972843.00 ns, 20.3297 ns/op
WorkloadActual   7: 1769472 op, 37874892.00 ns, 21.4046 ns/op
WorkloadActual   8: 1769472 op, 36383830.00 ns, 20.5620 ns/op
WorkloadActual   9: 1769472 op, 36810188.00 ns, 20.8029 ns/op
WorkloadActual  10: 1769472 op, 36580118.00 ns, 20.6729 ns/op
WorkloadActual  11: 1769472 op, 35826114.00 ns, 20.2468 ns/op
WorkloadActual  12: 1769472 op, 36119470.00 ns, 20.4126 ns/op

// AfterActualRun
WorkloadResult   1: 1769472 op, 37203610.50 ns, 21.0253 ns/op
WorkloadResult   2: 1769472 op, 36685916.50 ns, 20.7327 ns/op
WorkloadResult   3: 1769472 op, 35876949.50 ns, 20.2755 ns/op
WorkloadResult   4: 1769472 op, 36403160.50 ns, 20.5729 ns/op
WorkloadResult   5: 1769472 op, 36641634.50 ns, 20.7077 ns/op
WorkloadResult   6: 1769472 op, 35972039.50 ns, 20.3293 ns/op
WorkloadResult   7: 1769472 op, 36383026.50 ns, 20.5615 ns/op
WorkloadResult   8: 1769472 op, 36809384.50 ns, 20.8025 ns/op
WorkloadResult   9: 1769472 op, 36579314.50 ns, 20.6724 ns/op
WorkloadResult  10: 1769472 op, 35825310.50 ns, 20.2463 ns/op
WorkloadResult  11: 1769472 op, 36118666.50 ns, 20.4121 ns/op
// GC:  0 0 0 0 1769472
// Threading:  0 0 1769472

// AfterAll
// Benchmark Process 3099219 has exited with code 0.

Mean = 20.576 ns, StdErr = 0.073 ns (0.36%), N = 11, StdDev = 0.243 ns
Min = 20.246 ns, Q1 = 20.371 ns, Median = 20.573 ns, Q3 = 20.720 ns, Max = 21.025 ns
IQR = 0.349 ns, LowerFence = 19.846 ns, UpperFence = 21.244 ns
ConfidenceInterval = [20.240 ns; 20.912 ns] (CI 99.9%), Margin = 0.336 ns (1.63% of Mean)
Skewness = 0.17, Kurtosis = 1.79, MValue = 2

// ** Remained 13 (43.3%) benchmark(s) to run. Estimated finish 2026-09-12 12:01 (0h 1m from now) **
// **************************
// Benchmark: DataAuthoredQueryBenchmarks.DataAuthoredFacade: Jit(IterationCount=12, IterationTime=250ms, WarmupCount=16) [Shape=SixteenTracks, Pattern=Alternating]
// *** Execute ***
// Launch: 1 / 1
// Execute: dotnet Alpha-Jit-1.dll --anonymousPipes 116 117 --benchmarkName "DataAuthoredQueryBenchmarks.DataAuthoredFacade(Shape: SixteenTracks, Pattern: Alternating)" --job Jit --benchmarkId 17 in /home/i/GitHub/tl-56-feat-data-authored-api/benchmarks/Alpha/bin/Release/net10.0/Alpha-Jit-1/bin/Release/net10.0
// Failed to set up high priority (Permission denied). In order to run benchmarks with high priority, make sure you have the right permissions.
// BeforeAnythingElse

// Benchmark Process Environment Information:
// BenchmarkDotNet v0.15.8
// Runtime=.NET 10.0.12 (10.0.12, 10.0.1226.42308), X64 RyuJIT x86-64-v3
// GC=Concurrent Workstation
// HardwareIntrinsics=AVX2+BMI1+BMI2+F16C+FMA+LZCNT+MOVBE,AVX,SSE3+SSSE3+SSE4.1+SSE4.2+POPCNT,X86Base+SSE+SSE2,AES+PCLMUL,AvxVnni,SERIALIZE VectorSize=256
// Job: Jit(IterationCount=12, IterationTime=250ms, WarmupCount=16)

OverheadJitting  1: 4096 op, 107985.00 ns, 26.3635 ns/op
WorkloadJitting  1: 4096 op, 1338368.00 ns, 326.7500 ns/op

OverheadJitting  2: 65536 op, 134571.00 ns, 2.0534 ns/op
WorkloadJitting  2: 65536 op, 21375021.00 ns, 326.1569 ns/op

WorkloadPilot    1: 65536 op, 19384091.00 ns, 295.7778 ns/op
WorkloadPilot    2: 851968 op, 243725399.00 ns, 286.0734 ns/op
WorkloadPilot    3: 917504 op, 261544387.00 ns, 285.0608 ns/op

OverheadWarmup   1: 917504 op, 854.00 ns, 0.0009 ns/op
OverheadWarmup   2: 917504 op, 464.00 ns, 0.0005 ns/op
OverheadWarmup   3: 917504 op, 388.00 ns, 0.0004 ns/op
OverheadWarmup   4: 917504 op, 389.00 ns, 0.0004 ns/op
OverheadWarmup   5: 917504 op, 413.00 ns, 0.0005 ns/op
OverheadWarmup   6: 917504 op, 428.00 ns, 0.0005 ns/op
OverheadWarmup   7: 917504 op, 406.00 ns, 0.0004 ns/op
OverheadWarmup   8: 917504 op, 606.00 ns, 0.0007 ns/op
OverheadWarmup   9: 917504 op, 382.00 ns, 0.0004 ns/op

OverheadActual   1: 917504 op, 623.00 ns, 0.0007 ns/op
OverheadActual   2: 917504 op, 602.00 ns, 0.0007 ns/op
OverheadActual   3: 917504 op, 677.00 ns, 0.0007 ns/op
OverheadActual   4: 917504 op, 528.00 ns, 0.0006 ns/op
OverheadActual   5: 917504 op, 609.00 ns, 0.0007 ns/op
OverheadActual   6: 917504 op, 412.00 ns, 0.0004 ns/op
OverheadActual   7: 917504 op, 391.00 ns, 0.0004 ns/op
OverheadActual   8: 917504 op, 379.00 ns, 0.0004 ns/op
OverheadActual   9: 917504 op, 377.00 ns, 0.0004 ns/op
OverheadActual  10: 917504 op, 369.00 ns, 0.0004 ns/op
OverheadActual  11: 917504 op, 402.00 ns, 0.0004 ns/op
OverheadActual  12: 917504 op, 393.00 ns, 0.0004 ns/op
OverheadActual  13: 917504 op, 437.00 ns, 0.0005 ns/op
OverheadActual  14: 917504 op, 409.00 ns, 0.0004 ns/op
OverheadActual  15: 917504 op, 438.00 ns, 0.0005 ns/op
OverheadActual  16: 917504 op, 444.00 ns, 0.0005 ns/op
OverheadActual  17: 917504 op, 610.00 ns, 0.0007 ns/op
OverheadActual  18: 917504 op, 628.00 ns, 0.0007 ns/op
OverheadActual  19: 917504 op, 622.00 ns, 0.0007 ns/op
OverheadActual  20: 917504 op, 463.00 ns, 0.0005 ns/op

WorkloadWarmup   1: 917504 op, 262421733.00 ns, 286.0170 ns/op
WorkloadWarmup   2: 917504 op, 264549948.00 ns, 288.3366 ns/op
WorkloadWarmup   3: 917504 op, 262291039.00 ns, 285.8745 ns/op
WorkloadWarmup   4: 917504 op, 264614396.00 ns, 288.4068 ns/op
WorkloadWarmup   5: 917504 op, 268189345.00 ns, 292.3032 ns/op
WorkloadWarmup   6: 917504 op, 106394013.00 ns, 115.9603 ns/op
WorkloadWarmup   7: 917504 op, 71102639.00 ns, 77.4957 ns/op
WorkloadWarmup   8: 917504 op, 72444012.00 ns, 78.9577 ns/op
WorkloadWarmup   9: 917504 op, 72391562.00 ns, 78.9005 ns/op
WorkloadWarmup  10: 917504 op, 72615120.00 ns, 79.1442 ns/op
WorkloadWarmup  11: 917504 op, 72715049.00 ns, 79.2531 ns/op
WorkloadWarmup  12: 917504 op, 71692808.00 ns, 78.1390 ns/op
WorkloadWarmup  13: 917504 op, 72215184.00 ns, 78.7083 ns/op
WorkloadWarmup  14: 917504 op, 71615507.00 ns, 78.0547 ns/op
WorkloadWarmup  15: 917504 op, 72161447.00 ns, 78.6497 ns/op
WorkloadWarmup  16: 917504 op, 72836492.00 ns, 79.3855 ns/op

// BeforeActualRun
WorkloadActual   1: 917504 op, 72542946.00 ns, 79.0655 ns/op
WorkloadActual   2: 917504 op, 70966683.00 ns, 77.3475 ns/op
WorkloadActual   3: 917504 op, 72262266.00 ns, 78.7596 ns/op
WorkloadActual   4: 917504 op, 75600068.00 ns, 82.3975 ns/op
WorkloadActual   5: 917504 op, 77988070.00 ns, 85.0003 ns/op
WorkloadActual   6: 917504 op, 71719969.00 ns, 78.1686 ns/op
WorkloadActual   7: 917504 op, 72201935.00 ns, 78.6939 ns/op
WorkloadActual   8: 917504 op, 72797133.00 ns, 79.3426 ns/op
WorkloadActual   9: 917504 op, 72537859.00 ns, 79.0600 ns/op
WorkloadActual  10: 917504 op, 72617086.00 ns, 79.1463 ns/op
WorkloadActual  11: 917504 op, 71521476.00 ns, 77.9522 ns/op
WorkloadActual  12: 917504 op, 72734662.00 ns, 79.2745 ns/op

// AfterActualRun
WorkloadResult   1: 917504 op, 72542505.00 ns, 79.0651 ns/op
WorkloadResult   2: 917504 op, 70966242.00 ns, 77.3471 ns/op
WorkloadResult   3: 917504 op, 72261825.00 ns, 78.7591 ns/op
WorkloadResult   4: 917504 op, 71719528.00 ns, 78.1681 ns/op
WorkloadResult   5: 917504 op, 72201494.00 ns, 78.6934 ns/op
WorkloadResult   6: 917504 op, 72796692.00 ns, 79.3421 ns/op
WorkloadResult   7: 917504 op, 72537418.00 ns, 79.0595 ns/op
WorkloadResult   8: 917504 op, 72616645.00 ns, 79.1459 ns/op
WorkloadResult   9: 917504 op, 71521035.00 ns, 77.9517 ns/op
WorkloadResult  10: 917504 op, 72734221.00 ns, 79.2740 ns/op
// GC:  0 0 0 0 917504
// Threading:  0 0 917504

// AfterAll
// Benchmark Process 3102249 has exited with code 0.

Mean = 78.681 ns, StdErr = 0.208 ns (0.26%), N = 10, StdDev = 0.656 ns
Min = 77.347 ns, Q1 = 78.299 ns, Median = 78.909 ns, Q3 = 79.126 ns, Max = 79.342 ns
IQR = 0.826 ns, LowerFence = 77.060 ns, UpperFence = 80.365 ns
ConfidenceInterval = [77.688 ns; 79.673 ns] (CI 99.9%), Margin = 0.992 ns (1.26% of Mean)
Skewness = -0.77, Kurtosis = 2.11, MValue = 2

// ** Remained 12 (40.0%) benchmark(s) to run. Estimated finish 2026-09-12 12:01 (0h 1m from now) **
// **************************
// Benchmark: DataAuthoredQueryBenchmarks.DirectShape: Jit(IterationCount=12, IterationTime=250ms, WarmupCount=16) [Shape=TwoHundredFiftySixTracks, Pattern=Forward]
// *** Execute ***
// Launch: 1 / 1
// Execute: dotnet Alpha-Jit-1.dll --anonymousPipes 116 117 --benchmarkName "DataAuthoredQueryBenchmarks.DirectShape(Shape: TwoHundredFiftySixTracks, Pattern: Forward)" --job Jit --benchmarkId 18 in /home/i/GitHub/tl-56-feat-data-authored-api/benchmarks/Alpha/bin/Release/net10.0/Alpha-Jit-1/bin/Release/net10.0
// Failed to set up high priority (Permission denied). In order to run benchmarks with high priority, make sure you have the right permissions.
// BeforeAnythingElse

// Benchmark Process Environment Information:
// BenchmarkDotNet v0.15.8
// Runtime=.NET 10.0.12 (10.0.12, 10.0.1226.42308), X64 RyuJIT x86-64-v3
// GC=Concurrent Workstation
// HardwareIntrinsics=AVX2+BMI1+BMI2+F16C+FMA+LZCNT+MOVBE,AVX,SSE3+SSSE3+SSE4.1+SSE4.2+POPCNT,X86Base+SSE+SSE2,AES+PCLMUL,AvxVnni,SERIALIZE VectorSize=256
// Job: Jit(IterationCount=12, IterationTime=250ms, WarmupCount=16)

OverheadJitting  1: 4096 op, 107937.00 ns, 26.3518 ns/op
WorkloadJitting  1: 4096 op, 3195718.00 ns, 780.2046 ns/op

OverheadJitting  2: 65536 op, 127847.00 ns, 1.9508 ns/op
WorkloadJitting  2: 65536 op, 30278581.00 ns, 462.0145 ns/op

WorkloadPilot    1: 65536 op, 28385827.00 ns, 433.1333 ns/op
WorkloadPilot    2: 589824 op, 262896950.00 ns, 445.7210 ns/op

OverheadWarmup   1: 589824 op, 712.00 ns, 0.0012 ns/op
OverheadWarmup   2: 589824 op, 323.00 ns, 0.0005 ns/op
OverheadWarmup   3: 589824 op, 238.00 ns, 0.0004 ns/op
OverheadWarmup   4: 589824 op, 241.00 ns, 0.0004 ns/op
OverheadWarmup   5: 589824 op, 253.00 ns, 0.0004 ns/op
OverheadWarmup   6: 589824 op, 240.00 ns, 0.0004 ns/op
OverheadWarmup   7: 589824 op, 235.00 ns, 0.0004 ns/op
OverheadWarmup   8: 589824 op, 245.00 ns, 0.0004 ns/op
OverheadWarmup   9: 589824 op, 237.00 ns, 0.0004 ns/op

OverheadActual   1: 589824 op, 528.00 ns, 0.0009 ns/op
OverheadActual   2: 589824 op, 561.00 ns, 0.0010 ns/op
OverheadActual   3: 589824 op, 539.00 ns, 0.0009 ns/op
OverheadActual   4: 589824 op, 408.00 ns, 0.0007 ns/op
OverheadActual   5: 589824 op, 427.00 ns, 0.0007 ns/op
OverheadActual   6: 589824 op, 314.00 ns, 0.0005 ns/op
OverheadActual   7: 589824 op, 255.00 ns, 0.0004 ns/op
OverheadActual   8: 589824 op, 235.00 ns, 0.0004 ns/op
OverheadActual   9: 589824 op, 240.00 ns, 0.0004 ns/op
OverheadActual  10: 589824 op, 236.00 ns, 0.0004 ns/op
OverheadActual  11: 589824 op, 234.00 ns, 0.0004 ns/op
OverheadActual  12: 589824 op, 257.00 ns, 0.0004 ns/op
OverheadActual  13: 589824 op, 257.00 ns, 0.0004 ns/op
OverheadActual  14: 589824 op, 243.00 ns, 0.0004 ns/op
OverheadActual  15: 589824 op, 276.00 ns, 0.0005 ns/op
OverheadActual  16: 589824 op, 254.00 ns, 0.0004 ns/op
OverheadActual  17: 589824 op, 284.00 ns, 0.0005 ns/op
OverheadActual  18: 589824 op, 436.00 ns, 0.0007 ns/op
OverheadActual  19: 589824 op, 246.00 ns, 0.0004 ns/op
OverheadActual  20: 589824 op, 280.00 ns, 0.0005 ns/op

WorkloadWarmup   1: 589824 op, 267512920.00 ns, 453.5470 ns/op
WorkloadWarmup   2: 589824 op, 267436121.00 ns, 453.4168 ns/op
WorkloadWarmup   3: 589824 op, 272910482.00 ns, 462.6982 ns/op
WorkloadWarmup   4: 589824 op, 268027620.00 ns, 454.4197 ns/op
WorkloadWarmup   5: 589824 op, 269373805.00 ns, 456.7020 ns/op
WorkloadWarmup   6: 589824 op, 221510835.00 ns, 375.5541 ns/op
WorkloadWarmup   7: 589824 op, 197599437.00 ns, 335.0142 ns/op
WorkloadWarmup   8: 589824 op, 198773172.00 ns, 337.0042 ns/op
WorkloadWarmup   9: 589824 op, 199638183.00 ns, 338.4708 ns/op
WorkloadWarmup  10: 589824 op, 200093823.00 ns, 339.2433 ns/op
WorkloadWarmup  11: 589824 op, 200414717.00 ns, 339.7873 ns/op
WorkloadWarmup  12: 589824 op, 199825689.00 ns, 338.7887 ns/op
WorkloadWarmup  13: 589824 op, 197358735.00 ns, 334.6061 ns/op
WorkloadWarmup  14: 589824 op, 194023335.00 ns, 328.9512 ns/op
WorkloadWarmup  15: 589824 op, 195592903.00 ns, 331.6123 ns/op
WorkloadWarmup  16: 589824 op, 197482510.00 ns, 334.8160 ns/op

// BeforeActualRun
WorkloadActual   1: 589824 op, 198911417.00 ns, 337.2386 ns/op
WorkloadActual   2: 589824 op, 197147468.00 ns, 334.2480 ns/op
WorkloadActual   3: 589824 op, 197222022.00 ns, 334.3744 ns/op
WorkloadActual   4: 589824 op, 195540658.00 ns, 331.5237 ns/op
WorkloadActual   5: 589824 op, 198182255.00 ns, 336.0024 ns/op
WorkloadActual   6: 589824 op, 197624053.00 ns, 335.0560 ns/op
WorkloadActual   7: 589824 op, 198479619.00 ns, 336.5065 ns/op
WorkloadActual   8: 589824 op, 198189456.00 ns, 336.0146 ns/op
WorkloadActual   9: 589824 op, 218830321.00 ns, 371.0095 ns/op
WorkloadActual  10: 589824 op, 197940345.00 ns, 335.5922 ns/op
WorkloadActual  11: 589824 op, 199028891.00 ns, 337.4378 ns/op
WorkloadActual  12: 589824 op, 197388849.00 ns, 334.6572 ns/op

// AfterActualRun
WorkloadResult   1: 589824 op, 198911150.50 ns, 337.2381 ns/op
WorkloadResult   2: 589824 op, 197147201.50 ns, 334.2475 ns/op
WorkloadResult   3: 589824 op, 197221755.50 ns, 334.3739 ns/op
WorkloadResult   4: 589824 op, 195540391.50 ns, 331.5233 ns/op
WorkloadResult   5: 589824 op, 198181988.50 ns, 336.0019 ns/op
WorkloadResult   6: 589824 op, 197623786.50 ns, 335.0555 ns/op
WorkloadResult   7: 589824 op, 198479352.50 ns, 336.5061 ns/op
WorkloadResult   8: 589824 op, 198189189.50 ns, 336.0141 ns/op
WorkloadResult   9: 589824 op, 197940078.50 ns, 335.5918 ns/op
WorkloadResult  10: 589824 op, 199028624.50 ns, 337.4373 ns/op
WorkloadResult  11: 589824 op, 197388582.50 ns, 334.6567 ns/op
// GC:  0 0 0 0 589824
// Threading:  0 0 589824

// AfterAll
// Benchmark Process 3106256 has exited with code 0.

Mean = 335.331 ns, StdErr = 0.501 ns (0.15%), N = 11, StdDev = 1.660 ns
Min = 331.523 ns, Q1 = 334.515 ns, Median = 335.592 ns, Q3 = 336.260 ns, Max = 337.437 ns
IQR = 1.745 ns, LowerFence = 331.898 ns, UpperFence = 338.877 ns
ConfidenceInterval = [333.036 ns; 337.627 ns] (CI 99.9%), Margin = 2.296 ns (0.68% of Mean)
Skewness = -0.78, Kurtosis = 2.97, MValue = 2

// ** Remained 11 (36.7%) benchmark(s) to run. Estimated finish 2026-09-12 12:01 (0h 0m from now) **
// **************************
// Benchmark: DataAuthoredQueryBenchmarks.GeneratedShape: Jit(IterationCount=12, IterationTime=250ms, WarmupCount=16) [Shape=TwoHundredFiftySixTracks, Pattern=Forward]
// *** Execute ***
// Launch: 1 / 1
// Execute: dotnet Alpha-Jit-1.dll --anonymousPipes 116 117 --benchmarkName "DataAuthoredQueryBenchmarks.GeneratedShape(Shape: TwoHundredFiftySixTracks, Pattern: Forward)" --job Jit --benchmarkId 19 in /home/i/GitHub/tl-56-feat-data-authored-api/benchmarks/Alpha/bin/Release/net10.0/Alpha-Jit-1/bin/Release/net10.0
// Failed to set up high priority (Permission denied). In order to run benchmarks with high priority, make sure you have the right permissions.
// BeforeAnythingElse

// Benchmark Process Environment Information:
// BenchmarkDotNet v0.15.8
// Runtime=.NET 10.0.12 (10.0.12, 10.0.1226.42308), X64 RyuJIT x86-64-v3
// GC=Concurrent Workstation
// HardwareIntrinsics=AVX2+BMI1+BMI2+F16C+FMA+LZCNT+MOVBE,AVX,SSE3+SSSE3+SSE4.1+SSE4.2+POPCNT,X86Base+SSE+SSE2,AES+PCLMUL,AvxVnni,SERIALIZE VectorSize=256
// Job: Jit(IterationCount=12, IterationTime=250ms, WarmupCount=16)

OverheadJitting  1: 4096 op, 109124.00 ns, 26.6416 ns/op
WorkloadJitting  1: 4096 op, 171440377.00 ns, 41.8556 us/op

OverheadJitting  2: 4096 op, 355.00 ns, 0.0867 ns/op
WorkloadJitting  2: 4096 op, 171406263.00 ns, 41.8472 us/op

WorkloadWarmup   1: 4096 op, 171580841.00 ns, 41.8899 us/op
WorkloadWarmup   2: 4096 op, 170618326.00 ns, 41.6549 us/op
WorkloadWarmup   3: 4096 op, 170384939.00 ns, 41.5979 us/op
WorkloadWarmup   4: 4096 op, 169830676.00 ns, 41.4626 us/op
WorkloadWarmup   5: 4096 op, 169430570.00 ns, 41.3649 us/op
WorkloadWarmup   6: 4096 op, 170270253.00 ns, 41.5699 us/op
WorkloadWarmup   7: 4096 op, 170479414.00 ns, 41.6210 us/op
WorkloadWarmup   8: 4096 op, 170991269.00 ns, 41.7459 us/op
WorkloadWarmup   9: 4096 op, 160489754.00 ns, 39.1821 us/op
WorkloadWarmup  10: 4096 op, 142263975.00 ns, 34.7324 us/op
WorkloadWarmup  11: 4096 op, 142608175.00 ns, 34.8164 us/op
WorkloadWarmup  12: 4096 op, 142792736.00 ns, 34.8615 us/op
WorkloadWarmup  13: 4096 op, 144011400.00 ns, 35.1590 us/op
WorkloadWarmup  14: 4096 op, 141716932.00 ns, 34.5989 us/op
WorkloadWarmup  15: 4096 op, 142193116.00 ns, 34.7151 us/op
WorkloadWarmup  16: 4096 op, 140473814.00 ns, 34.2954 us/op

// BeforeActualRun
WorkloadActual   1: 4096 op, 142323658.00 ns, 34.7470 us/op
WorkloadActual   2: 4096 op, 141188783.00 ns, 34.4699 us/op
WorkloadActual   3: 4096 op, 141107878.00 ns, 34.4502 us/op
WorkloadActual   4: 4096 op, 142093418.00 ns, 34.6908 us/op
WorkloadActual   5: 4096 op, 142128550.00 ns, 34.6994 us/op
WorkloadActual   6: 4096 op, 146507253.00 ns, 35.7684 us/op
WorkloadActual   7: 4096 op, 140333233.00 ns, 34.2610 us/op
WorkloadActual   8: 4096 op, 141077817.00 ns, 34.4428 us/op
WorkloadActual   9: 4096 op, 141417513.00 ns, 34.5258 us/op
WorkloadActual  10: 4096 op, 141724789.00 ns, 34.6008 us/op
WorkloadActual  11: 4096 op, 141499815.00 ns, 34.5459 us/op
WorkloadActual  12: 4096 op, 143074748.00 ns, 34.9304 us/op

// AfterActualRun
WorkloadResult   1: 4096 op, 142323658.00 ns, 34.7470 us/op
WorkloadResult   2: 4096 op, 141188783.00 ns, 34.4699 us/op
WorkloadResult   3: 4096 op, 141107878.00 ns, 34.4502 us/op
WorkloadResult   4: 4096 op, 142093418.00 ns, 34.6908 us/op
WorkloadResult   5: 4096 op, 142128550.00 ns, 34.6994 us/op
WorkloadResult   6: 4096 op, 140333233.00 ns, 34.2610 us/op
WorkloadResult   7: 4096 op, 141077817.00 ns, 34.4428 us/op
WorkloadResult   8: 4096 op, 141417513.00 ns, 34.5258 us/op
WorkloadResult   9: 4096 op, 141724789.00 ns, 34.6008 us/op
WorkloadResult  10: 4096 op, 141499815.00 ns, 34.5459 us/op
WorkloadResult  11: 4096 op, 143074748.00 ns, 34.9304 us/op
// GC:  0 0 0 0 4096
// Threading:  0 0 4096

// AfterAll
// Benchmark Process 3113042 has exited with code 0.

Mean = 34.579 us, StdErr = 0.055 us (0.16%), N = 11, StdDev = 0.182 us
Min = 34.261 us, Q1 = 34.460 us, Median = 34.546 us, Q3 = 34.695 us, Max = 34.930 us
IQR = 0.235 us, LowerFence = 34.108 us, UpperFence = 35.048 us
ConfidenceInterval = [34.327 us; 34.830 us] (CI 99.9%), Margin = 0.252 us (0.73% of Mean)
Skewness = 0.2, Kurtosis = 2.27, MValue = 2

// ** Remained 10 (33.3%) benchmark(s) to run. Estimated finish 2026-09-12 12:01 (0h 0m from now) **
// **************************
// Benchmark: DataAuthoredQueryBenchmarks.DataAuthoredFacade: Jit(IterationCount=12, IterationTime=250ms, WarmupCount=16) [Shape=TwoHundredFiftySixTracks, Pattern=Forward]
// *** Execute ***
// Launch: 1 / 1
// Execute: dotnet Alpha-Jit-1.dll --anonymousPipes 116 117 --benchmarkName "DataAuthoredQueryBenchmarks.DataAuthoredFacade(Shape: TwoHundredFiftySixTracks, Pattern: Forward)" --job Jit --benchmarkId 20 in /home/i/GitHub/tl-56-feat-data-authored-api/benchmarks/Alpha/bin/Release/net10.0/Alpha-Jit-1/bin/Release/net10.0
// Failed to set up high priority (Permission denied). In order to run benchmarks with high priority, make sure you have the right permissions.
// BeforeAnythingElse

// Benchmark Process Environment Information:
// BenchmarkDotNet v0.15.8
// Runtime=.NET 10.0.12 (10.0.12, 10.0.1226.42308), X64 RyuJIT x86-64-v3
// GC=Concurrent Workstation
// HardwareIntrinsics=AVX2+BMI1+BMI2+F16C+FMA+LZCNT+MOVBE,AVX,SSE3+SSSE3+SSE4.1+SSE4.2+POPCNT,X86Base+SSE+SSE2,AES+PCLMUL,AvxVnni,SERIALIZE VectorSize=256
// Job: Jit(IterationCount=12, IterationTime=250ms, WarmupCount=16)

OverheadJitting  1: 4096 op, 105843.00 ns, 25.8406 ns/op
WorkloadJitting  1: 4096 op, 17950195.00 ns, 4.3824 us/op

WorkloadPilot    1: 16384 op, 70535471.00 ns, 4.3051 us/op
WorkloadPilot    2: 57344 op, 240546504.00 ns, 4.1948 us/op

WorkloadWarmup   1: 57344 op, 240046354.00 ns, 4.1861 us/op
WorkloadWarmup   2: 57344 op, 242630940.00 ns, 4.2311 us/op
WorkloadWarmup   3: 57344 op, 242001224.00 ns, 4.2202 us/op
WorkloadWarmup   4: 57344 op, 240135022.00 ns, 4.1876 us/op
WorkloadWarmup   5: 57344 op, 240441459.00 ns, 4.1930 us/op
WorkloadWarmup   6: 57344 op, 203413916.00 ns, 3.5473 us/op
WorkloadWarmup   7: 57344 op, 65538810.00 ns, 1.1429 us/op
WorkloadWarmup   8: 57344 op, 66979299.00 ns, 1.1680 us/op
WorkloadWarmup   9: 57344 op, 65023338.00 ns, 1.1339 us/op
WorkloadWarmup  10: 57344 op, 69896123.00 ns, 1.2189 us/op
WorkloadWarmup  11: 57344 op, 65094028.00 ns, 1.1351 us/op
WorkloadWarmup  12: 57344 op, 64437933.00 ns, 1.1237 us/op
WorkloadWarmup  13: 57344 op, 63530188.00 ns, 1.1079 us/op
WorkloadWarmup  14: 57344 op, 63944403.00 ns, 1.1151 us/op
WorkloadWarmup  15: 57344 op, 64863966.00 ns, 1.1311 us/op
WorkloadWarmup  16: 57344 op, 64142399.00 ns, 1.1186 us/op

// BeforeActualRun
WorkloadActual   1: 57344 op, 65017009.00 ns, 1.1338 us/op
WorkloadActual   2: 57344 op, 63530805.00 ns, 1.1079 us/op
WorkloadActual   3: 57344 op, 65410496.00 ns, 1.1407 us/op
WorkloadActual   4: 57344 op, 67722641.00 ns, 1.1810 us/op
WorkloadActual   5: 57344 op, 64546360.00 ns, 1.1256 us/op
WorkloadActual   6: 57344 op, 63588695.00 ns, 1.1089 us/op
WorkloadActual   7: 57344 op, 64088065.00 ns, 1.1176 us/op
WorkloadActual   8: 57344 op, 64242505.00 ns, 1.1203 us/op
WorkloadActual   9: 57344 op, 64166566.00 ns, 1.1190 us/op
WorkloadActual  10: 57344 op, 62814843.00 ns, 1.0954 us/op
WorkloadActual  11: 57344 op, 65520132.00 ns, 1.1426 us/op
WorkloadActual  12: 57344 op, 64055090.00 ns, 1.1170 us/op

// AfterActualRun
WorkloadResult   1: 57344 op, 65017009.00 ns, 1.1338 us/op
WorkloadResult   2: 57344 op, 63530805.00 ns, 1.1079 us/op
WorkloadResult   3: 57344 op, 65410496.00 ns, 1.1407 us/op
WorkloadResult   4: 57344 op, 64546360.00 ns, 1.1256 us/op
WorkloadResult   5: 57344 op, 63588695.00 ns, 1.1089 us/op
WorkloadResult   6: 57344 op, 64088065.00 ns, 1.1176 us/op
WorkloadResult   7: 57344 op, 64242505.00 ns, 1.1203 us/op
WorkloadResult   8: 57344 op, 64166566.00 ns, 1.1190 us/op
WorkloadResult   9: 57344 op, 62814843.00 ns, 1.0954 us/op
WorkloadResult  10: 57344 op, 65520132.00 ns, 1.1426 us/op
WorkloadResult  11: 57344 op, 64055090.00 ns, 1.1170 us/op
// GC:  0 0 0 0 57344
// Threading:  0 0 57344

// AfterAll
// Benchmark Process 3118239 has exited with code 0.

Mean = 1.121 us, StdErr = 0.004 us (0.38%), N = 11, StdDev = 0.014 us
Min = 1.095 us, Q1 = 1.113 us, Median = 1.119 us, Q3 = 1.130 us, Max = 1.143 us
IQR = 0.017 us, LowerFence = 1.088 us, UpperFence = 1.155 us
ConfidenceInterval = [1.101 us; 1.141 us] (CI 99.9%), Margin = 0.020 us (1.76% of Mean)
Skewness = 0.01, Kurtosis = 1.9, MValue = 2

// ** Remained 9 (30.0%) benchmark(s) to run. Estimated finish 2026-09-12 12:01 (0h 0m from now) **
// **************************
// Benchmark: DataAuthoredQueryBenchmarks.DirectShape: Jit(IterationCount=12, IterationTime=250ms, WarmupCount=16) [Shape=TwoHundredFiftySixTracks, Pattern=Alternating]
// *** Execute ***
// Launch: 1 / 1
// Execute: dotnet Alpha-Jit-1.dll --anonymousPipes 116 117 --benchmarkName "DataAuthoredQueryBenchmarks.DirectShape(Shape: TwoHundredFiftySixTracks, Pattern: Alternating)" --job Jit --benchmarkId 21 in /home/i/GitHub/tl-56-feat-data-authored-api/benchmarks/Alpha/bin/Release/net10.0/Alpha-Jit-1/bin/Release/net10.0
// Failed to set up high priority (Permission denied). In order to run benchmarks with high priority, make sure you have the right permissions.
// BeforeAnythingElse

// Benchmark Process Environment Information:
// BenchmarkDotNet v0.15.8
// Runtime=.NET 10.0.12 (10.0.12, 10.0.1226.42308), X64 RyuJIT x86-64-v3
// GC=Concurrent Workstation
// HardwareIntrinsics=AVX2+BMI1+BMI2+F16C+FMA+LZCNT+MOVBE,AVX,SSE3+SSSE3+SSE4.1+SSE4.2+POPCNT,X86Base+SSE+SSE2,AES+PCLMUL,AvxVnni,SERIALIZE VectorSize=256
// Job: Jit(IterationCount=12, IterationTime=250ms, WarmupCount=16)

OverheadJitting  1: 4096 op, 104920.00 ns, 25.6152 ns/op
WorkloadJitting  1: 4096 op, 2856512.00 ns, 697.3906 ns/op

OverheadJitting  2: 65536 op, 124470.00 ns, 1.8993 ns/op
WorkloadJitting  2: 65536 op, 31238464.00 ns, 476.6611 ns/op

WorkloadPilot    1: 65536 op, 30412614.00 ns, 464.0597 ns/op
WorkloadPilot    2: 589824 op, 274395878.00 ns, 465.2165 ns/op

OverheadWarmup   1: 589824 op, 682.00 ns, 0.0012 ns/op
OverheadWarmup   2: 589824 op, 386.00 ns, 0.0007 ns/op
OverheadWarmup   3: 589824 op, 311.00 ns, 0.0005 ns/op
OverheadWarmup   4: 589824 op, 292.00 ns, 0.0005 ns/op
OverheadWarmup   5: 589824 op, 358.00 ns, 0.0006 ns/op
OverheadWarmup   6: 589824 op, 357.00 ns, 0.0006 ns/op
OverheadWarmup   7: 589824 op, 307.00 ns, 0.0005 ns/op
OverheadWarmup   8: 589824 op, 312.00 ns, 0.0005 ns/op
OverheadWarmup   9: 589824 op, 329.00 ns, 0.0006 ns/op
OverheadWarmup  10: 589824 op, 417.00 ns, 0.0007 ns/op

OverheadActual   1: 589824 op, 869.00 ns, 0.0015 ns/op
OverheadActual   2: 589824 op, 702.00 ns, 0.0012 ns/op
OverheadActual   3: 589824 op, 672.00 ns, 0.0011 ns/op
OverheadActual   4: 589824 op, 367.00 ns, 0.0006 ns/op
OverheadActual   5: 589824 op, 462.00 ns, 0.0008 ns/op
OverheadActual   6: 589824 op, 290.00 ns, 0.0005 ns/op
OverheadActual   7: 589824 op, 278.00 ns, 0.0005 ns/op
OverheadActual   8: 589824 op, 279.00 ns, 0.0005 ns/op
OverheadActual   9: 589824 op, 305.00 ns, 0.0005 ns/op
OverheadActual  10: 589824 op, 291.00 ns, 0.0005 ns/op
OverheadActual  11: 589824 op, 285.00 ns, 0.0005 ns/op
OverheadActual  12: 589824 op, 298.00 ns, 0.0005 ns/op
OverheadActual  13: 589824 op, 329.00 ns, 0.0006 ns/op
OverheadActual  14: 589824 op, 299.00 ns, 0.0005 ns/op
OverheadActual  15: 589824 op, 294.00 ns, 0.0005 ns/op
OverheadActual  16: 589824 op, 301.00 ns, 0.0005 ns/op
OverheadActual  17: 589824 op, 322.00 ns, 0.0005 ns/op
OverheadActual  18: 589824 op, 420.00 ns, 0.0007 ns/op
OverheadActual  19: 589824 op, 309.00 ns, 0.0005 ns/op
OverheadActual  20: 589824 op, 316.00 ns, 0.0005 ns/op

WorkloadWarmup   1: 589824 op, 275085764.00 ns, 466.3862 ns/op
WorkloadWarmup   2: 589824 op, 273673774.00 ns, 463.9923 ns/op
WorkloadWarmup   3: 589824 op, 272607332.00 ns, 462.1842 ns/op
WorkloadWarmup   4: 589824 op, 272718454.00 ns, 462.3726 ns/op
WorkloadWarmup   5: 589824 op, 273600001.00 ns, 463.8672 ns/op
WorkloadWarmup   6: 589824 op, 220570512.00 ns, 373.9599 ns/op
WorkloadWarmup   7: 589824 op, 202137060.00 ns, 342.7074 ns/op
WorkloadWarmup   8: 589824 op, 203352683.00 ns, 344.7684 ns/op
WorkloadWarmup   9: 589824 op, 201730450.00 ns, 342.0180 ns/op
WorkloadWarmup  10: 589824 op, 204010920.00 ns, 345.8844 ns/op
WorkloadWarmup  11: 589824 op, 203756837.00 ns, 345.4536 ns/op
WorkloadWarmup  12: 589824 op, 202289638.00 ns, 342.9661 ns/op
WorkloadWarmup  13: 589824 op, 202671145.00 ns, 343.6129 ns/op
WorkloadWarmup  14: 589824 op, 204466663.00 ns, 346.6571 ns/op
WorkloadWarmup  15: 589824 op, 204807062.00 ns, 347.2342 ns/op
WorkloadWarmup  16: 589824 op, 204799986.00 ns, 347.2222 ns/op

// BeforeActualRun
WorkloadActual   1: 589824 op, 202418570.00 ns, 343.1847 ns/op
WorkloadActual   2: 589824 op, 201742816.00 ns, 342.0390 ns/op
WorkloadActual   3: 589824 op, 201866733.00 ns, 342.2491 ns/op
WorkloadActual   4: 589824 op, 200185019.00 ns, 339.3979 ns/op
WorkloadActual   5: 589824 op, 199545163.00 ns, 338.3131 ns/op
WorkloadActual   6: 589824 op, 202467409.00 ns, 343.2675 ns/op
WorkloadActual   7: 589824 op, 202755733.00 ns, 343.7563 ns/op
WorkloadActual   8: 589824 op, 217115064.00 ns, 368.1014 ns/op
WorkloadActual   9: 589824 op, 198370432.00 ns, 336.3214 ns/op
WorkloadActual  10: 589824 op, 202063790.00 ns, 342.5832 ns/op
WorkloadActual  11: 589824 op, 201169329.00 ns, 341.0667 ns/op
WorkloadActual  12: 589824 op, 200823922.00 ns, 340.4811 ns/op

// AfterActualRun
WorkloadResult   1: 589824 op, 202418263.00 ns, 343.1842 ns/op
WorkloadResult   2: 589824 op, 201742509.00 ns, 342.0385 ns/op
WorkloadResult   3: 589824 op, 201866426.00 ns, 342.2486 ns/op
WorkloadResult   4: 589824 op, 200184712.00 ns, 339.3974 ns/op
WorkloadResult   5: 589824 op, 199544856.00 ns, 338.3125 ns/op
WorkloadResult   6: 589824 op, 202467102.00 ns, 343.2670 ns/op
WorkloadResult   7: 589824 op, 202755426.00 ns, 343.7558 ns/op
WorkloadResult   8: 589824 op, 198370125.00 ns, 336.3209 ns/op
WorkloadResult   9: 589824 op, 202063483.00 ns, 342.5827 ns/op
WorkloadResult  10: 589824 op, 201169022.00 ns, 341.0662 ns/op
WorkloadResult  11: 589824 op, 200823615.00 ns, 340.4806 ns/op
// GC:  0 0 0 0 589824
// Threading:  0 0 589824

// AfterAll
// Benchmark Process 3121951 has exited with code 0.

Mean = 341.150 ns, StdErr = 0.703 ns (0.21%), N = 11, StdDev = 2.331 ns
Min = 336.321 ns, Q1 = 339.939 ns, Median = 342.038 ns, Q3 = 342.883 ns, Max = 343.756 ns
IQR = 2.944 ns, LowerFence = 335.522 ns, UpperFence = 347.300 ns
ConfidenceInterval = [337.926 ns; 344.375 ns] (CI 99.9%), Margin = 3.224 ns (0.95% of Mean)
Skewness = -0.72, Kurtosis = 2.18, MValue = 2

// ** Remained 8 (26.7%) benchmark(s) to run. Estimated finish 2026-09-12 12:01 (0h 0m from now) **
// **************************
// Benchmark: DataAuthoredQueryBenchmarks.GeneratedShape: Jit(IterationCount=12, IterationTime=250ms, WarmupCount=16) [Shape=TwoHundredFiftySixTracks, Pattern=Alternating]
// *** Execute ***
// Launch: 1 / 1
// Execute: dotnet Alpha-Jit-1.dll --anonymousPipes 116 117 --benchmarkName "DataAuthoredQueryBenchmarks.GeneratedShape(Shape: TwoHundredFiftySixTracks, Pattern: Alternating)" --job Jit --benchmarkId 22 in /home/i/GitHub/tl-56-feat-data-authored-api/benchmarks/Alpha/bin/Release/net10.0/Alpha-Jit-1/bin/Release/net10.0
// Failed to set up high priority (Permission denied). In order to run benchmarks with high priority, make sure you have the right permissions.
// BeforeAnythingElse

// Benchmark Process Environment Information:
// BenchmarkDotNet v0.15.8
// Runtime=.NET 10.0.12 (10.0.12, 10.0.1226.42308), X64 RyuJIT x86-64-v3
// GC=Concurrent Workstation
// HardwareIntrinsics=AVX2+BMI1+BMI2+F16C+FMA+LZCNT+MOVBE,AVX,SSE3+SSSE3+SSE4.1+SSE4.2+POPCNT,X86Base+SSE+SSE2,AES+PCLMUL,AvxVnni,SERIALIZE VectorSize=256
// Job: Jit(IterationCount=12, IterationTime=250ms, WarmupCount=16)

OverheadJitting  1: 4096 op, 107384.00 ns, 26.2168 ns/op
WorkloadJitting  1: 4096 op, 172246701.00 ns, 42.0524 us/op

OverheadJitting  2: 4096 op, 103.00 ns, 0.0251 ns/op
WorkloadJitting  2: 4096 op, 179083453.00 ns, 43.7215 us/op

WorkloadWarmup   1: 4096 op, 171654261.00 ns, 41.9078 us/op
WorkloadWarmup   2: 4096 op, 171553895.00 ns, 41.8833 us/op
WorkloadWarmup   3: 4096 op, 171289224.00 ns, 41.8187 us/op
WorkloadWarmup   4: 4096 op, 170835305.00 ns, 41.7078 us/op
WorkloadWarmup   5: 4096 op, 171534885.00 ns, 41.8786 us/op
WorkloadWarmup   6: 4096 op, 169354406.00 ns, 41.3463 us/op
WorkloadWarmup   7: 4096 op, 169945471.00 ns, 41.4906 us/op
WorkloadWarmup   8: 4096 op, 179958636.00 ns, 43.9352 us/op
WorkloadWarmup   9: 4096 op, 154171866.00 ns, 37.6396 us/op
WorkloadWarmup  10: 4096 op, 142352732.00 ns, 34.7541 us/op
WorkloadWarmup  11: 4096 op, 139259151.00 ns, 33.9988 us/op
WorkloadWarmup  12: 4096 op, 143284958.00 ns, 34.9817 us/op
WorkloadWarmup  13: 4096 op, 141012964.00 ns, 34.4270 us/op
WorkloadWarmup  14: 4096 op, 140155034.00 ns, 34.2175 us/op
WorkloadWarmup  15: 4096 op, 138835728.00 ns, 33.8954 us/op
WorkloadWarmup  16: 4096 op, 145320792.00 ns, 35.4787 us/op

// BeforeActualRun
WorkloadActual   1: 4096 op, 139265403.00 ns, 34.0003 us/op
WorkloadActual   2: 4096 op, 140428172.00 ns, 34.2842 us/op
WorkloadActual   3: 4096 op, 139125128.00 ns, 33.9661 us/op
WorkloadActual   4: 4096 op, 140126512.00 ns, 34.2106 us/op
WorkloadActual   5: 4096 op, 139724099.00 ns, 34.1123 us/op
WorkloadActual   6: 4096 op, 138357838.00 ns, 33.7788 us/op
WorkloadActual   7: 4096 op, 142316706.00 ns, 34.7453 us/op
WorkloadActual   8: 4096 op, 139730739.00 ns, 34.1139 us/op
WorkloadActual   9: 4096 op, 139249704.00 ns, 33.9965 us/op
WorkloadActual  10: 4096 op, 140789447.00 ns, 34.3724 us/op
WorkloadActual  11: 4096 op, 139557741.00 ns, 34.0717 us/op
WorkloadActual  12: 4096 op, 140283144.00 ns, 34.2488 us/op

// AfterActualRun
WorkloadResult   1: 4096 op, 139265403.00 ns, 34.0003 us/op
WorkloadResult   2: 4096 op, 140428172.00 ns, 34.2842 us/op
WorkloadResult   3: 4096 op, 139125128.00 ns, 33.9661 us/op
WorkloadResult   4: 4096 op, 140126512.00 ns, 34.2106 us/op
WorkloadResult   5: 4096 op, 139724099.00 ns, 34.1123 us/op
WorkloadResult   6: 4096 op, 138357838.00 ns, 33.7788 us/op
WorkloadResult   7: 4096 op, 139730739.00 ns, 34.1139 us/op
WorkloadResult   8: 4096 op, 139249704.00 ns, 33.9965 us/op
WorkloadResult   9: 4096 op, 140789447.00 ns, 34.3724 us/op
WorkloadResult  10: 4096 op, 139557741.00 ns, 34.0717 us/op
WorkloadResult  11: 4096 op, 140283144.00 ns, 34.2488 us/op
// GC:  0 0 0 0 4096
// Threading:  0 0 4096

// AfterAll
// Benchmark Process 3129180 has exited with code 0.

Mean = 34.105 us, StdErr = 0.051 us (0.15%), N = 11, StdDev = 0.169 us
Min = 33.779 us, Q1 = 33.998 us, Median = 34.112 us, Q3 = 34.230 us, Max = 34.372 us
IQR = 0.231 us, LowerFence = 33.652 us, UpperFence = 34.577 us
ConfidenceInterval = [33.872 us; 34.339 us] (CI 99.9%), Margin = 0.234 us (0.68% of Mean)
Skewness = -0.21, Kurtosis = 2.09, MValue = 2

// ** Remained 7 (23.3%) benchmark(s) to run. Estimated finish 2026-09-12 12:01 (0h 0m from now) **
// **************************
// Benchmark: DataAuthoredQueryBenchmarks.DataAuthoredFacade: Jit(IterationCount=12, IterationTime=250ms, WarmupCount=16) [Shape=TwoHundredFiftySixTracks, Pattern=Alternating]
// *** Execute ***
// Launch: 1 / 1
// Execute: dotnet Alpha-Jit-1.dll --anonymousPipes 116 117 --benchmarkName "DataAuthoredQueryBenchmarks.DataAuthoredFacade(Shape: TwoHundredFiftySixTracks, Pattern: Alternating)" --job Jit --benchmarkId 23 in /home/i/GitHub/tl-56-feat-data-authored-api/benchmarks/Alpha/bin/Release/net10.0/Alpha-Jit-1/bin/Release/net10.0
// Failed to set up high priority (Permission denied). In order to run benchmarks with high priority, make sure you have the right permissions.
// BeforeAnythingElse

// Benchmark Process Environment Information:
// BenchmarkDotNet v0.15.8
// Runtime=.NET 10.0.12 (10.0.12, 10.0.1226.42308), X64 RyuJIT x86-64-v3
// GC=Concurrent Workstation
// HardwareIntrinsics=AVX2+BMI1+BMI2+F16C+FMA+LZCNT+MOVBE,AVX,SSE3+SSSE3+SSE4.1+SSE4.2+POPCNT,X86Base+SSE+SSE2,AES+PCLMUL,AvxVnni,SERIALIZE VectorSize=256
// Job: Jit(IterationCount=12, IterationTime=250ms, WarmupCount=16)

OverheadJitting  1: 4096 op, 109578.00 ns, 26.7524 ns/op
WorkloadJitting  1: 4096 op, 17904993.00 ns, 4.3713 us/op

WorkloadPilot    1: 16384 op, 70144206.00 ns, 4.2813 us/op
WorkloadPilot    2: 57344 op, 238571019.00 ns, 4.1603 us/op

WorkloadWarmup   1: 57344 op, 238192511.00 ns, 4.1537 us/op
WorkloadWarmup   2: 57344 op, 240172067.00 ns, 4.1883 us/op
WorkloadWarmup   3: 57344 op, 238659306.00 ns, 4.1619 us/op
WorkloadWarmup   4: 57344 op, 237038930.00 ns, 4.1336 us/op
WorkloadWarmup   5: 57344 op, 237054069.00 ns, 4.1339 us/op
WorkloadWarmup   6: 57344 op, 218697213.00 ns, 3.8138 us/op
WorkloadWarmup   7: 57344 op, 65262572.00 ns, 1.1381 us/op
WorkloadWarmup   8: 57344 op, 66692487.00 ns, 1.1630 us/op
WorkloadWarmup   9: 57344 op, 66210499.00 ns, 1.1546 us/op
WorkloadWarmup  10: 57344 op, 68526019.00 ns, 1.1950 us/op
WorkloadWarmup  11: 57344 op, 68382059.00 ns, 1.1925 us/op
WorkloadWarmup  12: 57344 op, 63417562.00 ns, 1.1059 us/op
WorkloadWarmup  13: 57344 op, 63671936.00 ns, 1.1104 us/op
WorkloadWarmup  14: 57344 op, 63960775.00 ns, 1.1154 us/op
WorkloadWarmup  15: 57344 op, 64247366.00 ns, 1.1204 us/op
WorkloadWarmup  16: 57344 op, 63842573.00 ns, 1.1133 us/op

// BeforeActualRun
WorkloadActual   1: 57344 op, 64338280.00 ns, 1.1220 us/op
WorkloadActual   2: 57344 op, 64307384.00 ns, 1.1214 us/op
WorkloadActual   3: 57344 op, 64021971.00 ns, 1.1165 us/op
WorkloadActual   4: 57344 op, 63377810.00 ns, 1.1052 us/op
WorkloadActual   5: 57344 op, 64412162.00 ns, 1.1233 us/op
WorkloadActual   6: 57344 op, 62679797.00 ns, 1.0930 us/op
WorkloadActual   7: 57344 op, 63387019.00 ns, 1.1054 us/op
WorkloadActual   8: 57344 op, 64655322.00 ns, 1.1275 us/op
WorkloadActual   9: 57344 op, 63792297.00 ns, 1.1124 us/op
WorkloadActual  10: 57344 op, 64975079.00 ns, 1.1331 us/op
WorkloadActual  11: 57344 op, 64160645.00 ns, 1.1189 us/op
WorkloadActual  12: 57344 op, 64983597.00 ns, 1.1332 us/op

// AfterActualRun
WorkloadResult   1: 57344 op, 64338280.00 ns, 1.1220 us/op
WorkloadResult   2: 57344 op, 64307384.00 ns, 1.1214 us/op
WorkloadResult   3: 57344 op, 64021971.00 ns, 1.1165 us/op
WorkloadResult   4: 57344 op, 63377810.00 ns, 1.1052 us/op
WorkloadResult   5: 57344 op, 64412162.00 ns, 1.1233 us/op
WorkloadResult   6: 57344 op, 62679797.00 ns, 1.0930 us/op
WorkloadResult   7: 57344 op, 63387019.00 ns, 1.1054 us/op
WorkloadResult   8: 57344 op, 64655322.00 ns, 1.1275 us/op
WorkloadResult   9: 57344 op, 63792297.00 ns, 1.1124 us/op
WorkloadResult  10: 57344 op, 64975079.00 ns, 1.1331 us/op
WorkloadResult  11: 57344 op, 64160645.00 ns, 1.1189 us/op
WorkloadResult  12: 57344 op, 64983597.00 ns, 1.1332 us/op
// GC:  0 0 0 0 57344
// Threading:  0 0 57344

// AfterAll
// Benchmark Process 3134477 has exited with code 0.

Mean = 1.118 us, StdErr = 0.003 us (0.31%), N = 12, StdDev = 0.012 us
Min = 1.093 us, Q1 = 1.111 us, Median = 1.120 us, Q3 = 1.124 us, Max = 1.133 us
IQR = 0.014 us, LowerFence = 1.090 us, UpperFence = 1.145 us
ConfidenceInterval = [1.102 us; 1.133 us] (CI 99.9%), Margin = 0.015 us (1.37% of Mean)
Skewness = -0.49, Kurtosis = 2.18, MValue = 2

// ** Remained 6 (20.0%) benchmark(s) to run. Estimated finish 2026-09-12 12:01 (0h 0m from now) **
// **************************
// Benchmark: DataAuthoredQueryBenchmarks.DirectShape: Jit(IterationCount=12, IterationTime=250ms, WarmupCount=16) [Shape=Blend, Pattern=Forward]
// *** Execute ***
// Launch: 1 / 1
// Execute: dotnet Alpha-Jit-1.dll --anonymousPipes 116 117 --benchmarkName "DataAuthoredQueryBenchmarks.DirectShape(Shape: Blend, Pattern: Forward)" --job Jit --benchmarkId 24 in /home/i/GitHub/tl-56-feat-data-authored-api/benchmarks/Alpha/bin/Release/net10.0/Alpha-Jit-1/bin/Release/net10.0
// Failed to set up high priority (Permission denied). In order to run benchmarks with high priority, make sure you have the right permissions.
// BeforeAnythingElse

// Benchmark Process Environment Information:
// BenchmarkDotNet v0.15.8
// Runtime=.NET 10.0.12 (10.0.12, 10.0.1226.42308), X64 RyuJIT x86-64-v3
// GC=Concurrent Workstation
// HardwareIntrinsics=AVX2+BMI1+BMI2+F16C+FMA+LZCNT+MOVBE,AVX,SSE3+SSSE3+SSE4.1+SSE4.2+POPCNT,X86Base+SSE+SSE2,AES+PCLMUL,AvxVnni,SERIALIZE VectorSize=256
// Job: Jit(IterationCount=12, IterationTime=250ms, WarmupCount=16)

OverheadJitting  1: 4096 op, 102872.00 ns, 25.1152 ns/op
WorkloadJitting  1: 4096 op, 1334427.00 ns, 325.7878 ns/op

OverheadJitting  2: 65536 op, 140434.00 ns, 2.1429 ns/op
WorkloadJitting  2: 65536 op, 578406.00 ns, 8.8258 ns/op

WorkloadPilot    1: 65536 op, 264100.00 ns, 4.0298 ns/op
WorkloadPilot    2: 62062592 op, 190917168.00 ns, 3.0762 ns/op
WorkloadPilot    3: 81330176 op, 249629847.00 ns, 3.0693 ns/op
WorkloadPilot    4: 81461248 op, 249811061.00 ns, 3.0666 ns/op
WorkloadPilot    5: 81526784 op, 249322357.00 ns, 3.0582 ns/op
WorkloadPilot    6: 81788928 op, 249307258.00 ns, 3.0482 ns/op
WorkloadPilot    7: 82051072 op, 250988634.00 ns, 3.0589 ns/op
WorkloadPilot    8: 81788928 op, 249833690.00 ns, 3.0546 ns/op
WorkloadPilot    9: 81854464 op, 255381512.00 ns, 3.1199 ns/op
WorkloadPilot   10: 80150528 op, 137989837.00 ns, 1.7216 ns/op
WorkloadPilot   11: 145227776 op, 247781310.00 ns, 1.7062 ns/op
WorkloadPilot   12: 146538496 op, 249657341.00 ns, 1.7037 ns/op
WorkloadPilot   13: 146800640 op, 252683939.00 ns, 1.7213 ns/op

OverheadWarmup   1: 146800640 op, 71029.00 ns, 0.0005 ns/op
OverheadWarmup   2: 146800640 op, 72033.00 ns, 0.0005 ns/op
OverheadWarmup   3: 146800640 op, 68526.00 ns, 0.0005 ns/op
OverheadWarmup   4: 146800640 op, 71222.00 ns, 0.0005 ns/op
OverheadWarmup   5: 146800640 op, 68708.00 ns, 0.0005 ns/op

OverheadActual   1: 146800640 op, 69202.00 ns, 0.0005 ns/op
OverheadActual   2: 146800640 op, 69015.00 ns, 0.0005 ns/op
OverheadActual   3: 146800640 op, 69139.00 ns, 0.0005 ns/op
OverheadActual   4: 146800640 op, 68783.00 ns, 0.0005 ns/op
OverheadActual   5: 146800640 op, 69056.00 ns, 0.0005 ns/op
OverheadActual   6: 146800640 op, 68631.00 ns, 0.0005 ns/op
OverheadActual   7: 146800640 op, 68484.00 ns, 0.0005 ns/op
OverheadActual   8: 146800640 op, 68618.00 ns, 0.0005 ns/op
OverheadActual   9: 146800640 op, 68457.00 ns, 0.0005 ns/op
OverheadActual  10: 146800640 op, 68570.00 ns, 0.0005 ns/op
OverheadActual  11: 146800640 op, 68484.00 ns, 0.0005 ns/op
OverheadActual  12: 146800640 op, 68585.00 ns, 0.0005 ns/op
OverheadActual  13: 146800640 op, 68478.00 ns, 0.0005 ns/op
OverheadActual  14: 146800640 op, 67328.00 ns, 0.0005 ns/op
OverheadActual  15: 146800640 op, 67243.00 ns, 0.0005 ns/op

WorkloadWarmup   1: 146800640 op, 250313169.00 ns, 1.7051 ns/op
WorkloadWarmup   2: 146800640 op, 249004020.00 ns, 1.6962 ns/op
WorkloadWarmup   3: 146800640 op, 249696394.00 ns, 1.7009 ns/op
WorkloadWarmup   4: 146800640 op, 249232011.00 ns, 1.6978 ns/op
WorkloadWarmup   5: 146800640 op, 250768248.00 ns, 1.7082 ns/op
WorkloadWarmup   6: 146800640 op, 248237540.00 ns, 1.6910 ns/op
WorkloadWarmup   7: 146800640 op, 249788155.00 ns, 1.7015 ns/op
WorkloadWarmup   8: 146800640 op, 249507411.00 ns, 1.6996 ns/op
WorkloadWarmup   9: 146800640 op, 247878740.00 ns, 1.6885 ns/op
WorkloadWarmup  10: 146800640 op, 249644474.00 ns, 1.7006 ns/op
WorkloadWarmup  11: 146800640 op, 249708769.00 ns, 1.7010 ns/op
WorkloadWarmup  12: 146800640 op, 249081162.00 ns, 1.6967 ns/op
WorkloadWarmup  13: 146800640 op, 281830072.00 ns, 1.9198 ns/op
WorkloadWarmup  14: 146800640 op, 249044588.00 ns, 1.6965 ns/op
WorkloadWarmup  15: 146800640 op, 249831078.00 ns, 1.7018 ns/op
WorkloadWarmup  16: 146800640 op, 248656227.00 ns, 1.6938 ns/op

// BeforeActualRun
WorkloadActual   1: 146800640 op, 249142145.00 ns, 1.6971 ns/op
WorkloadActual   2: 146800640 op, 248634857.00 ns, 1.6937 ns/op
WorkloadActual   3: 146800640 op, 248776954.00 ns, 1.6947 ns/op
WorkloadActual   4: 146800640 op, 247106104.00 ns, 1.6833 ns/op
WorkloadActual   5: 146800640 op, 247978717.00 ns, 1.6892 ns/op
WorkloadActual   6: 146800640 op, 255650678.00 ns, 1.7415 ns/op
WorkloadActual   7: 146800640 op, 249998672.00 ns, 1.7030 ns/op
WorkloadActual   8: 146800640 op, 250140217.00 ns, 1.7039 ns/op
WorkloadActual   9: 146800640 op, 250556891.00 ns, 1.7068 ns/op
WorkloadActual  10: 146800640 op, 250209205.00 ns, 1.7044 ns/op
WorkloadActual  11: 146800640 op, 249533248.00 ns, 1.6998 ns/op
WorkloadActual  12: 146800640 op, 262643837.00 ns, 1.7891 ns/op

// AfterActualRun
WorkloadResult   1: 146800640 op, 249073560.00 ns, 1.6967 ns/op
WorkloadResult   2: 146800640 op, 248566272.00 ns, 1.6932 ns/op
WorkloadResult   3: 146800640 op, 248708369.00 ns, 1.6942 ns/op
WorkloadResult   4: 146800640 op, 247037519.00 ns, 1.6828 ns/op
WorkloadResult   5: 146800640 op, 247910132.00 ns, 1.6888 ns/op
WorkloadResult   6: 146800640 op, 249930087.00 ns, 1.7025 ns/op
WorkloadResult   7: 146800640 op, 250071632.00 ns, 1.7035 ns/op
WorkloadResult   8: 146800640 op, 250488306.00 ns, 1.7063 ns/op
WorkloadResult   9: 146800640 op, 250140620.00 ns, 1.7039 ns/op
WorkloadResult  10: 146800640 op, 249464663.00 ns, 1.6993 ns/op
// GC:  0 0 0 0 146800640
// Threading:  0 0 146800640

// AfterAll
// Benchmark Process 3138103 has exited with code 0.

Mean = 1.697 ns, StdErr = 0.002 ns (0.14%), N = 10, StdDev = 0.007 ns
Min = 1.683 ns, Q1 = 1.693 ns, Median = 1.698 ns, Q3 = 1.703 ns, Max = 1.706 ns
IQR = 0.010 ns, LowerFence = 1.679 ns, UpperFence = 1.718 ns
ConfidenceInterval = [1.686 ns; 1.708 ns] (CI 99.9%), Margin = 0.011 ns (0.67% of Mean)
Skewness = -0.5, Kurtosis = 1.88, MValue = 2

// ** Remained 5 (16.7%) benchmark(s) to run. Estimated finish 2026-09-12 12:01 (0h 0m from now) **
// **************************
// Benchmark: DataAuthoredQueryBenchmarks.GeneratedShape: Jit(IterationCount=12, IterationTime=250ms, WarmupCount=16) [Shape=Blend, Pattern=Forward]
// *** Execute ***
// Launch: 1 / 1
// Execute: dotnet Alpha-Jit-1.dll --anonymousPipes 116 117 --benchmarkName "DataAuthoredQueryBenchmarks.GeneratedShape(Shape: Blend, Pattern: Forward)" --job Jit --benchmarkId 25 in /home/i/GitHub/tl-56-feat-data-authored-api/benchmarks/Alpha/bin/Release/net10.0/Alpha-Jit-1/bin/Release/net10.0
// Failed to set up high priority (Permission denied). In order to run benchmarks with high priority, make sure you have the right permissions.
// BeforeAnythingElse

// Benchmark Process Environment Information:
// BenchmarkDotNet v0.15.8
// Runtime=.NET 10.0.12 (10.0.12, 10.0.1226.42308), X64 RyuJIT x86-64-v3
// GC=Concurrent Workstation
// HardwareIntrinsics=AVX2+BMI1+BMI2+F16C+FMA+LZCNT+MOVBE,AVX,SSE3+SSSE3+SSE4.1+SSE4.2+POPCNT,X86Base+SSE+SSE2,AES+PCLMUL,AvxVnni,SERIALIZE VectorSize=256
// Job: Jit(IterationCount=12, IterationTime=250ms, WarmupCount=16)

OverheadJitting  1: 4096 op, 102166.00 ns, 24.9429 ns/op
WorkloadJitting  1: 4096 op, 248791.00 ns, 60.7400 ns/op

OverheadJitting  2: 65536 op, 124516.00 ns, 1.9000 ns/op
WorkloadJitting  2: 65536 op, 1519582.00 ns, 23.1870 ns/op

WorkloadPilot    1: 65536 op, 655606.00 ns, 10.0038 ns/op
WorkloadPilot    2: 25034752 op, 240533945.00 ns, 9.6080 ns/op
WorkloadPilot    3: 26083328 op, 249219133.00 ns, 9.5547 ns/op
WorkloadPilot    4: 26214400 op, 252603462.00 ns, 9.6361 ns/op
WorkloadPilot    5: 25952256 op, 252037582.00 ns, 9.7116 ns/op
WorkloadPilot    6: 25755648 op, 248471456.00 ns, 9.6473 ns/op
WorkloadPilot    7: 25952256 op, 248344206.00 ns, 9.5693 ns/op
WorkloadPilot    8: 26148864 op, 251521325.00 ns, 9.6188 ns/op

OverheadWarmup   1: 26148864 op, 10394.00 ns, 0.0004 ns/op
OverheadWarmup   2: 26148864 op, 9735.00 ns, 0.0004 ns/op
OverheadWarmup   3: 26148864 op, 10053.00 ns, 0.0004 ns/op
OverheadWarmup   4: 26148864 op, 9856.00 ns, 0.0004 ns/op
OverheadWarmup   5: 26148864 op, 10067.00 ns, 0.0004 ns/op
OverheadWarmup   6: 26148864 op, 10017.00 ns, 0.0004 ns/op

OverheadActual   1: 26148864 op, 10217.00 ns, 0.0004 ns/op
OverheadActual   2: 26148864 op, 10073.00 ns, 0.0004 ns/op
OverheadActual   3: 26148864 op, 10244.00 ns, 0.0004 ns/op
OverheadActual   4: 26148864 op, 10032.00 ns, 0.0004 ns/op
OverheadActual   5: 26148864 op, 11300.00 ns, 0.0004 ns/op
OverheadActual   6: 26148864 op, 11388.00 ns, 0.0004 ns/op
OverheadActual   7: 26148864 op, 10745.00 ns, 0.0004 ns/op
OverheadActual   8: 26148864 op, 11250.00 ns, 0.0004 ns/op
OverheadActual   9: 26148864 op, 11764.00 ns, 0.0004 ns/op
OverheadActual  10: 26148864 op, 11179.00 ns, 0.0004 ns/op
OverheadActual  11: 26148864 op, 14018.00 ns, 0.0005 ns/op
OverheadActual  12: 26148864 op, 12040.00 ns, 0.0005 ns/op
OverheadActual  13: 26148864 op, 10100.00 ns, 0.0004 ns/op
OverheadActual  14: 26148864 op, 9883.00 ns, 0.0004 ns/op
OverheadActual  15: 26148864 op, 9883.00 ns, 0.0004 ns/op
OverheadActual  16: 26148864 op, 9850.00 ns, 0.0004 ns/op
OverheadActual  17: 26148864 op, 9862.00 ns, 0.0004 ns/op
OverheadActual  18: 26148864 op, 9989.00 ns, 0.0004 ns/op
OverheadActual  19: 26148864 op, 9884.00 ns, 0.0004 ns/op
OverheadActual  20: 26148864 op, 9870.00 ns, 0.0004 ns/op

WorkloadWarmup   1: 26148864 op, 250961157.00 ns, 9.5974 ns/op
WorkloadWarmup   2: 26148864 op, 251106938.00 ns, 9.6030 ns/op
WorkloadWarmup   3: 26148864 op, 252828182.00 ns, 9.6688 ns/op
WorkloadWarmup   4: 26148864 op, 251873143.00 ns, 9.6323 ns/op
WorkloadWarmup   5: 26148864 op, 198846917.00 ns, 7.6044 ns/op
WorkloadWarmup   6: 26148864 op, 67106035.00 ns, 2.5663 ns/op
WorkloadWarmup   7: 26148864 op, 68048788.00 ns, 2.6024 ns/op
WorkloadWarmup   8: 26148864 op, 66952266.00 ns, 2.5604 ns/op
WorkloadWarmup   9: 26148864 op, 69363596.00 ns, 2.6526 ns/op
WorkloadWarmup  10: 26148864 op, 67472945.00 ns, 2.5803 ns/op
WorkloadWarmup  11: 26148864 op, 66727558.00 ns, 2.5518 ns/op
WorkloadWarmup  12: 26148864 op, 66531626.00 ns, 2.5443 ns/op
WorkloadWarmup  13: 26148864 op, 70138224.00 ns, 2.6823 ns/op
WorkloadWarmup  14: 26148864 op, 67240076.00 ns, 2.5714 ns/op
WorkloadWarmup  15: 26148864 op, 65256874.00 ns, 2.4956 ns/op
WorkloadWarmup  16: 26148864 op, 66600279.00 ns, 2.5470 ns/op

// BeforeActualRun
WorkloadActual   1: 26148864 op, 66655107.00 ns, 2.5491 ns/op
WorkloadActual   2: 26148864 op, 67001494.00 ns, 2.5623 ns/op
WorkloadActual   3: 26148864 op, 66682314.00 ns, 2.5501 ns/op
WorkloadActual   4: 26148864 op, 66827208.00 ns, 2.5556 ns/op
WorkloadActual   5: 26148864 op, 65974747.00 ns, 2.5230 ns/op
WorkloadActual   6: 26148864 op, 65558856.00 ns, 2.5071 ns/op
WorkloadActual   7: 26148864 op, 68200424.00 ns, 2.6082 ns/op
WorkloadActual   8: 26148864 op, 67150738.00 ns, 2.5680 ns/op
WorkloadActual   9: 26148864 op, 65763299.00 ns, 2.5150 ns/op
WorkloadActual  10: 26148864 op, 66293443.00 ns, 2.5352 ns/op
WorkloadActual  11: 26148864 op, 65566941.00 ns, 2.5074 ns/op
WorkloadActual  12: 26148864 op, 65187224.00 ns, 2.4929 ns/op

// AfterActualRun
WorkloadResult   1: 26148864 op, 66644948.50 ns, 2.5487 ns/op
WorkloadResult   2: 26148864 op, 66991335.50 ns, 2.5619 ns/op
WorkloadResult   3: 26148864 op, 66672155.50 ns, 2.5497 ns/op
WorkloadResult   4: 26148864 op, 66817049.50 ns, 2.5553 ns/op
WorkloadResult   5: 26148864 op, 65964588.50 ns, 2.5227 ns/op
WorkloadResult   6: 26148864 op, 65548697.50 ns, 2.5068 ns/op
WorkloadResult   7: 26148864 op, 68190265.50 ns, 2.6078 ns/op
WorkloadResult   8: 26148864 op, 67140579.50 ns, 2.5676 ns/op
WorkloadResult   9: 26148864 op, 65753140.50 ns, 2.5146 ns/op
WorkloadResult  10: 26148864 op, 66283284.50 ns, 2.5348 ns/op
WorkloadResult  11: 26148864 op, 65556782.50 ns, 2.5071 ns/op
WorkloadResult  12: 26148864 op, 65177065.50 ns, 2.4925 ns/op
// GC:  0 0 0 0 26148864
// Threading:  0 0 26148864

// AfterAll
// Benchmark Process 3148591 has exited with code 0.

Mean = 2.539 ns, StdErr = 0.009 ns (0.37%), N = 12, StdDev = 0.033 ns
Min = 2.493 ns, Q1 = 2.513 ns, Median = 2.542 ns, Q3 = 2.557 ns, Max = 2.608 ns
IQR = 0.044 ns, LowerFence = 2.446 ns, UpperFence = 2.623 ns
ConfidenceInterval = [2.497 ns; 2.581 ns] (CI 99.9%), Margin = 0.042 ns (1.64% of Mean)
Skewness = 0.43, Kurtosis = 2.27, MValue = 2

// ** Remained 4 (13.3%) benchmark(s) to run. Estimated finish 2026-09-12 12:01 (0h 0m from now) **
// **************************
// Benchmark: DataAuthoredQueryBenchmarks.DataAuthoredFacade: Jit(IterationCount=12, IterationTime=250ms, WarmupCount=16) [Shape=Blend, Pattern=Forward]
// *** Execute ***
// Launch: 1 / 1
// Execute: dotnet Alpha-Jit-1.dll --anonymousPipes 116 117 --benchmarkName "DataAuthoredQueryBenchmarks.DataAuthoredFacade(Shape: Blend, Pattern: Forward)" --job Jit --benchmarkId 26 in /home/i/GitHub/tl-56-feat-data-authored-api/benchmarks/Alpha/bin/Release/net10.0/Alpha-Jit-1/bin/Release/net10.0
// Failed to set up high priority (Permission denied). In order to run benchmarks with high priority, make sure you have the right permissions.
// BeforeAnythingElse

// Benchmark Process Environment Information:
// BenchmarkDotNet v0.15.8
// Runtime=.NET 10.0.12 (10.0.12, 10.0.1226.42308), X64 RyuJIT x86-64-v3
// GC=Concurrent Workstation
// HardwareIntrinsics=AVX2+BMI1+BMI2+F16C+FMA+LZCNT+MOVBE,AVX,SSE3+SSSE3+SSE4.1+SSE4.2+POPCNT,X86Base+SSE+SSE2,AES+PCLMUL,AvxVnni,SERIALIZE VectorSize=256
// Job: Jit(IterationCount=12, IterationTime=250ms, WarmupCount=16)

OverheadJitting  1: 4096 op, 103549.00 ns, 25.2805 ns/op
WorkloadJitting  1: 4096 op, 292823.00 ns, 71.4900 ns/op

OverheadJitting  2: 65536 op, 162772.00 ns, 2.4837 ns/op
WorkloadJitting  2: 65536 op, 3548843.00 ns, 54.1510 ns/op

WorkloadPilot    1: 65536 op, 2409905.00 ns, 36.7722 ns/op
WorkloadPilot    2: 6815744 op, 242101707.00 ns, 35.5210 ns/op
WorkloadPilot    3: 7077888 op, 250671362.00 ns, 35.4161 ns/op

OverheadWarmup   1: 7077888 op, 3267.00 ns, 0.0005 ns/op
OverheadWarmup   2: 7077888 op, 2873.00 ns, 0.0004 ns/op
OverheadWarmup   3: 7077888 op, 2754.00 ns, 0.0004 ns/op
OverheadWarmup   4: 7077888 op, 2746.00 ns, 0.0004 ns/op
OverheadWarmup   5: 7077888 op, 2768.00 ns, 0.0004 ns/op
OverheadWarmup   6: 7077888 op, 2765.00 ns, 0.0004 ns/op
OverheadWarmup   7: 7077888 op, 2728.00 ns, 0.0004 ns/op
OverheadWarmup   8: 7077888 op, 3080.00 ns, 0.0004 ns/op
OverheadWarmup   9: 7077888 op, 3021.00 ns, 0.0004 ns/op

OverheadActual   1: 7077888 op, 3300.00 ns, 0.0005 ns/op
OverheadActual   2: 7077888 op, 2928.00 ns, 0.0004 ns/op
OverheadActual   3: 7077888 op, 3015.00 ns, 0.0004 ns/op
OverheadActual   4: 7077888 op, 2762.00 ns, 0.0004 ns/op
OverheadActual   5: 7077888 op, 2929.00 ns, 0.0004 ns/op
OverheadActual   6: 7077888 op, 2698.00 ns, 0.0004 ns/op
OverheadActual   7: 7077888 op, 2684.00 ns, 0.0004 ns/op
OverheadActual   8: 7077888 op, 2685.00 ns, 0.0004 ns/op
OverheadActual   9: 7077888 op, 2684.00 ns, 0.0004 ns/op
OverheadActual  10: 7077888 op, 2675.00 ns, 0.0004 ns/op
OverheadActual  11: 7077888 op, 2672.00 ns, 0.0004 ns/op
OverheadActual  12: 7077888 op, 2697.00 ns, 0.0004 ns/op
OverheadActual  13: 7077888 op, 2671.00 ns, 0.0004 ns/op
OverheadActual  14: 7077888 op, 2674.00 ns, 0.0004 ns/op
OverheadActual  15: 7077888 op, 2699.00 ns, 0.0004 ns/op

WorkloadWarmup   1: 7077888 op, 251348856.00 ns, 35.5118 ns/op
WorkloadWarmup   2: 7077888 op, 251036232.00 ns, 35.4677 ns/op
WorkloadWarmup   3: 7077888 op, 251909623.00 ns, 35.5911 ns/op
WorkloadWarmup   4: 7077888 op, 249897629.00 ns, 35.3068 ns/op
WorkloadWarmup   5: 7077888 op, 249373723.00 ns, 35.2328 ns/op
WorkloadWarmup   6: 7077888 op, 205540861.00 ns, 29.0399 ns/op
WorkloadWarmup   7: 7077888 op, 98214835.00 ns, 13.8763 ns/op
WorkloadWarmup   8: 7077888 op, 98008010.00 ns, 13.8471 ns/op
WorkloadWarmup   9: 7077888 op, 97790596.00 ns, 13.8164 ns/op
WorkloadWarmup  10: 7077888 op, 98918930.00 ns, 13.9758 ns/op
WorkloadWarmup  11: 7077888 op, 97339600.00 ns, 13.7526 ns/op
WorkloadWarmup  12: 7077888 op, 97165910.00 ns, 13.7281 ns/op
WorkloadWarmup  13: 7077888 op, 97003325.00 ns, 13.7051 ns/op
WorkloadWarmup  14: 7077888 op, 97297172.00 ns, 13.7466 ns/op
WorkloadWarmup  15: 7077888 op, 97411677.00 ns, 13.7628 ns/op
WorkloadWarmup  16: 7077888 op, 102284432.00 ns, 14.4513 ns/op

// BeforeActualRun
WorkloadActual   1: 7077888 op, 97575890.00 ns, 13.7860 ns/op
WorkloadActual   2: 7077888 op, 98874494.00 ns, 13.9695 ns/op
WorkloadActual   3: 7077888 op, 97429199.00 ns, 13.7653 ns/op
WorkloadActual   4: 7077888 op, 97335574.00 ns, 13.7521 ns/op
WorkloadActual   5: 7077888 op, 96642978.00 ns, 13.6542 ns/op
WorkloadActual   6: 7077888 op, 96740544.00 ns, 13.6680 ns/op
WorkloadActual   7: 7077888 op, 96919931.00 ns, 13.6933 ns/op
WorkloadActual   8: 7077888 op, 96906620.00 ns, 13.6915 ns/op
WorkloadActual   9: 7077888 op, 96281070.00 ns, 13.6031 ns/op
WorkloadActual  10: 7077888 op, 96216311.00 ns, 13.5939 ns/op
WorkloadActual  11: 7077888 op, 96176103.00 ns, 13.5882 ns/op
WorkloadActual  12: 7077888 op, 97143476.00 ns, 13.7249 ns/op

// AfterActualRun
WorkloadResult   1: 7077888 op, 97573193.00 ns, 13.7856 ns/op
WorkloadResult   2: 7077888 op, 97426502.00 ns, 13.7649 ns/op
WorkloadResult   3: 7077888 op, 97332877.00 ns, 13.7517 ns/op
WorkloadResult   4: 7077888 op, 96640281.00 ns, 13.6538 ns/op
WorkloadResult   5: 7077888 op, 96737847.00 ns, 13.6676 ns/op
WorkloadResult   6: 7077888 op, 96917234.00 ns, 13.6930 ns/op
WorkloadResult   7: 7077888 op, 96903923.00 ns, 13.6911 ns/op
WorkloadResult   8: 7077888 op, 96278373.00 ns, 13.6027 ns/op
WorkloadResult   9: 7077888 op, 96213614.00 ns, 13.5935 ns/op
WorkloadResult  10: 7077888 op, 96173406.00 ns, 13.5879 ns/op
WorkloadResult  11: 7077888 op, 97140779.00 ns, 13.7245 ns/op
// GC:  0 0 0 0 7077888
// Threading:  0 0 7077888

// AfterAll
// Benchmark Process 3153359 has exited with code 0.

Mean = 13.683 ns, StdErr = 0.021 ns (0.15%), N = 11, StdDev = 0.070 ns
Min = 13.588 ns, Q1 = 13.628 ns, Median = 13.691 ns, Q3 = 13.738 ns, Max = 13.786 ns
IQR = 0.110 ns, LowerFence = 13.463 ns, UpperFence = 13.903 ns
ConfidenceInterval = [13.587 ns; 13.780 ns] (CI 99.9%), Margin = 0.096 ns (0.70% of Mean)
Skewness = -0.04, Kurtosis = 1.43, MValue = 2

// ** Remained 3 (10.0%) benchmark(s) to run. Estimated finish 2026-09-12 12:01 (0h 0m from now) **
// **************************
// Benchmark: DataAuthoredQueryBenchmarks.DirectShape: Jit(IterationCount=12, IterationTime=250ms, WarmupCount=16) [Shape=Blend, Pattern=Alternating]
// *** Execute ***
// Launch: 1 / 1
// Execute: dotnet Alpha-Jit-1.dll --anonymousPipes 118 119 --benchmarkName "DataAuthoredQueryBenchmarks.DirectShape(Shape: Blend, Pattern: Alternating)" --job Jit --benchmarkId 27 in /home/i/GitHub/tl-56-feat-data-authored-api/benchmarks/Alpha/bin/Release/net10.0/Alpha-Jit-1/bin/Release/net10.0
// Failed to set up high priority (Permission denied). In order to run benchmarks with high priority, make sure you have the right permissions.
// BeforeAnythingElse

// Benchmark Process Environment Information:
// BenchmarkDotNet v0.15.8
// Runtime=.NET 10.0.12 (10.0.12, 10.0.1226.42308), X64 RyuJIT x86-64-v3
// GC=Concurrent Workstation
// HardwareIntrinsics=AVX2+BMI1+BMI2+F16C+FMA+LZCNT+MOVBE,AVX,SSE3+SSSE3+SSE4.1+SSE4.2+POPCNT,X86Base+SSE+SSE2,AES+PCLMUL,AvxVnni,SERIALIZE VectorSize=256
// Job: Jit(IterationCount=12, IterationTime=250ms, WarmupCount=16)

OverheadJitting  1: 4096 op, 102911.00 ns, 25.1248 ns/op
WorkloadJitting  1: 4096 op, 1310679.00 ns, 319.9900 ns/op

OverheadJitting  2: 65536 op, 157716.00 ns, 2.4066 ns/op
WorkloadJitting  2: 65536 op, 465290.00 ns, 7.0998 ns/op

WorkloadPilot    1: 65536 op, 265854.00 ns, 4.0566 ns/op
WorkloadPilot    2: 61669376 op, 224886129.00 ns, 3.6466 ns/op
WorkloadPilot    3: 68616192 op, 247983341.00 ns, 3.6141 ns/op
WorkloadPilot    4: 69206016 op, 251230638.00 ns, 3.6302 ns/op
WorkloadPilot    5: 68878336 op, 250867106.00 ns, 3.6422 ns/op
WorkloadPilot    6: 68681728 op, 248650787.00 ns, 3.6203 ns/op
WorkloadPilot    7: 69074944 op, 250202571.00 ns, 3.6222 ns/op

OverheadWarmup   1: 69074944 op, 23865.00 ns, 0.0003 ns/op
OverheadWarmup   2: 69074944 op, 22974.00 ns, 0.0003 ns/op
OverheadWarmup   3: 69074944 op, 22873.00 ns, 0.0003 ns/op
OverheadWarmup   4: 69074944 op, 22872.00 ns, 0.0003 ns/op
OverheadWarmup   5: 69074944 op, 23326.00 ns, 0.0003 ns/op
OverheadWarmup   6: 69074944 op, 23285.00 ns, 0.0003 ns/op
OverheadWarmup   7: 69074944 op, 23282.00 ns, 0.0003 ns/op
OverheadWarmup   8: 69074944 op, 23295.00 ns, 0.0003 ns/op
OverheadWarmup   9: 69074944 op, 23292.00 ns, 0.0003 ns/op

OverheadActual   1: 69074944 op, 23290.00 ns, 0.0003 ns/op
OverheadActual   2: 69074944 op, 23152.00 ns, 0.0003 ns/op
OverheadActual   3: 69074944 op, 23258.00 ns, 0.0003 ns/op
OverheadActual   4: 69074944 op, 22929.00 ns, 0.0003 ns/op
OverheadActual   5: 69074944 op, 25790.00 ns, 0.0004 ns/op
OverheadActual   6: 69074944 op, 24589.00 ns, 0.0004 ns/op
OverheadActual   7: 69074944 op, 25810.00 ns, 0.0004 ns/op
OverheadActual   8: 69074944 op, 22945.00 ns, 0.0003 ns/op
OverheadActual   9: 69074944 op, 22843.00 ns, 0.0003 ns/op
OverheadActual  10: 69074944 op, 22847.00 ns, 0.0003 ns/op
OverheadActual  11: 69074944 op, 22846.00 ns, 0.0003 ns/op
OverheadActual  12: 69074944 op, 22850.00 ns, 0.0003 ns/op
OverheadActual  13: 69074944 op, 22880.00 ns, 0.0003 ns/op
OverheadActual  14: 69074944 op, 22840.00 ns, 0.0003 ns/op
OverheadActual  15: 69074944 op, 22866.00 ns, 0.0003 ns/op

WorkloadWarmup   1: 69074944 op, 250752055.00 ns, 3.6301 ns/op
WorkloadWarmup   2: 69074944 op, 251551917.00 ns, 3.6417 ns/op
WorkloadWarmup   3: 69074944 op, 251548120.00 ns, 3.6417 ns/op
WorkloadWarmup   4: 69074944 op, 250106553.00 ns, 3.6208 ns/op
WorkloadWarmup   5: 69074944 op, 251268059.00 ns, 3.6376 ns/op
WorkloadWarmup   6: 69074944 op, 227800801.00 ns, 3.2979 ns/op
WorkloadWarmup   7: 69074944 op, 134527852.00 ns, 1.9476 ns/op
WorkloadWarmup   8: 69074944 op, 133656338.00 ns, 1.9349 ns/op
WorkloadWarmup   9: 69074944 op, 132854294.00 ns, 1.9233 ns/op
WorkloadWarmup  10: 69074944 op, 134685444.00 ns, 1.9498 ns/op
WorkloadWarmup  11: 69074944 op, 132185362.00 ns, 1.9137 ns/op
WorkloadWarmup  12: 69074944 op, 132228081.00 ns, 1.9143 ns/op
WorkloadWarmup  13: 69074944 op, 133317202.00 ns, 1.9300 ns/op
WorkloadWarmup  14: 69074944 op, 130657650.00 ns, 1.8915 ns/op
WorkloadWarmup  15: 69074944 op, 131130609.00 ns, 1.8984 ns/op
WorkloadWarmup  16: 69074944 op, 131144954.00 ns, 1.8986 ns/op

// BeforeActualRun
WorkloadActual   1: 69074944 op, 133200089.00 ns, 1.9283 ns/op
WorkloadActual   2: 69074944 op, 131824365.00 ns, 1.9084 ns/op
WorkloadActual   3: 69074944 op, 133892716.00 ns, 1.9384 ns/op
WorkloadActual   4: 69074944 op, 131897869.00 ns, 1.9095 ns/op
WorkloadActual   5: 69074944 op, 133613533.00 ns, 1.9343 ns/op
WorkloadActual   6: 69074944 op, 132729949.00 ns, 1.9215 ns/op
WorkloadActual   7: 69074944 op, 133753747.00 ns, 1.9364 ns/op
WorkloadActual   8: 69074944 op, 138884819.00 ns, 2.0106 ns/op
WorkloadActual   9: 69074944 op, 130276166.00 ns, 1.8860 ns/op
WorkloadActual  10: 69074944 op, 130873151.00 ns, 1.8947 ns/op
WorkloadActual  11: 69074944 op, 131513459.00 ns, 1.9039 ns/op
WorkloadActual  12: 69074944 op, 132095585.00 ns, 1.9124 ns/op

// AfterActualRun
WorkloadResult   1: 69074944 op, 133177160.00 ns, 1.9280 ns/op
WorkloadResult   2: 69074944 op, 131801436.00 ns, 1.9081 ns/op
WorkloadResult   3: 69074944 op, 133869787.00 ns, 1.9380 ns/op
WorkloadResult   4: 69074944 op, 131874940.00 ns, 1.9092 ns/op
WorkloadResult   5: 69074944 op, 133590604.00 ns, 1.9340 ns/op
WorkloadResult   6: 69074944 op, 132707020.00 ns, 1.9212 ns/op
WorkloadResult   7: 69074944 op, 133730818.00 ns, 1.9360 ns/op
WorkloadResult   8: 69074944 op, 130253237.00 ns, 1.8857 ns/op
WorkloadResult   9: 69074944 op, 130850222.00 ns, 1.8943 ns/op
WorkloadResult  10: 69074944 op, 131490530.00 ns, 1.9036 ns/op
WorkloadResult  11: 69074944 op, 132072656.00 ns, 1.9120 ns/op
// GC:  0 0 0 0 69074944
// Threading:  0 0 69074944

// AfterAll
// Benchmark Process 3157806 has exited with code 0.

Mean = 1.915 ns, StdErr = 0.005 ns (0.27%), N = 11, StdDev = 0.017 ns
Min = 1.886 ns, Q1 = 1.906 ns, Median = 1.912 ns, Q3 = 1.931 ns, Max = 1.938 ns
IQR = 0.025 ns, LowerFence = 1.868 ns, UpperFence = 1.969 ns
ConfidenceInterval = [1.891 ns; 1.940 ns] (CI 99.9%), Margin = 0.024 ns (1.26% of Mean)
Skewness = -0.16, Kurtosis = 1.56, MValue = 2

// ** Remained 2 (6.7%) benchmark(s) to run. Estimated finish 2026-09-12 12:01 (0h 0m from now) **
// **************************
// Benchmark: DataAuthoredQueryBenchmarks.GeneratedShape: Jit(IterationCount=12, IterationTime=250ms, WarmupCount=16) [Shape=Blend, Pattern=Alternating]
// *** Execute ***
// Launch: 1 / 1
// Execute: dotnet Alpha-Jit-1.dll --anonymousPipes 116 117 --benchmarkName "DataAuthoredQueryBenchmarks.GeneratedShape(Shape: Blend, Pattern: Alternating)" --job Jit --benchmarkId 28 in /home/i/GitHub/tl-56-feat-data-authored-api/benchmarks/Alpha/bin/Release/net10.0/Alpha-Jit-1/bin/Release/net10.0
// Failed to set up high priority (Permission denied). In order to run benchmarks with high priority, make sure you have the right permissions.
// BeforeAnythingElse

// Benchmark Process Environment Information:
// BenchmarkDotNet v0.15.8
// Runtime=.NET 10.0.12 (10.0.12, 10.0.1226.42308), X64 RyuJIT x86-64-v3
// GC=Concurrent Workstation
// HardwareIntrinsics=AVX2+BMI1+BMI2+F16C+FMA+LZCNT+MOVBE,AVX,SSE3+SSSE3+SSE4.1+SSE4.2+POPCNT,X86Base+SSE+SSE2,AES+PCLMUL,AvxVnni,SERIALIZE VectorSize=256
// Job: Jit(IterationCount=12, IterationTime=250ms, WarmupCount=16)

OverheadJitting  1: 4096 op, 104250.00 ns, 25.4517 ns/op
WorkloadJitting  1: 4096 op, 265056.00 ns, 64.7109 ns/op

OverheadJitting  2: 65536 op, 128479.00 ns, 1.9604 ns/op
WorkloadJitting  2: 65536 op, 2004933.00 ns, 30.5928 ns/op

WorkloadPilot    1: 65536 op, 782117.00 ns, 11.9342 ns/op
WorkloadPilot    2: 20971520 op, 216401767.00 ns, 10.3188 ns/op
WorkloadPilot    3: 24248320 op, 250127059.00 ns, 10.3152 ns/op

OverheadWarmup   1: 24248320 op, 8389.00 ns, 0.0003 ns/op
OverheadWarmup   2: 24248320 op, 8133.00 ns, 0.0003 ns/op
OverheadWarmup   3: 24248320 op, 8062.00 ns, 0.0003 ns/op
OverheadWarmup   4: 24248320 op, 8042.00 ns, 0.0003 ns/op
OverheadWarmup   5: 24248320 op, 8840.00 ns, 0.0004 ns/op
OverheadWarmup   6: 24248320 op, 8082.00 ns, 0.0003 ns/op
OverheadWarmup   7: 24248320 op, 7908.00 ns, 0.0003 ns/op
OverheadWarmup   8: 24248320 op, 8051.00 ns, 0.0003 ns/op
OverheadWarmup   9: 24248320 op, 8033.00 ns, 0.0003 ns/op

OverheadActual   1: 24248320 op, 8436.00 ns, 0.0003 ns/op
OverheadActual   2: 24248320 op, 8183.00 ns, 0.0003 ns/op
OverheadActual   3: 24248320 op, 8131.00 ns, 0.0003 ns/op
OverheadActual   4: 24248320 op, 8117.00 ns, 0.0003 ns/op
OverheadActual   5: 24248320 op, 8266.00 ns, 0.0003 ns/op
OverheadActual   6: 24248320 op, 8041.00 ns, 0.0003 ns/op
OverheadActual   7: 24248320 op, 8032.00 ns, 0.0003 ns/op
OverheadActual   8: 24248320 op, 8020.00 ns, 0.0003 ns/op
OverheadActual   9: 24248320 op, 8048.00 ns, 0.0003 ns/op
OverheadActual  10: 24248320 op, 8038.00 ns, 0.0003 ns/op
OverheadActual  11: 24248320 op, 8032.00 ns, 0.0003 ns/op
OverheadActual  12: 24248320 op, 8034.00 ns, 0.0003 ns/op
OverheadActual  13: 24248320 op, 8020.00 ns, 0.0003 ns/op
OverheadActual  14: 24248320 op, 8042.00 ns, 0.0003 ns/op
OverheadActual  15: 24248320 op, 8023.00 ns, 0.0003 ns/op

WorkloadWarmup   1: 24248320 op, 250411816.00 ns, 10.3270 ns/op
WorkloadWarmup   2: 24248320 op, 251160249.00 ns, 10.3578 ns/op
WorkloadWarmup   3: 24248320 op, 248794896.00 ns, 10.2603 ns/op
WorkloadWarmup   4: 24248320 op, 247461933.00 ns, 10.2053 ns/op
WorkloadWarmup   5: 24248320 op, 249993639.00 ns, 10.3097 ns/op
WorkloadWarmup   6: 24248320 op, 231327841.00 ns, 9.5400 ns/op
WorkloadWarmup   7: 24248320 op, 70990919.00 ns, 2.9277 ns/op
WorkloadWarmup   8: 24248320 op, 72435319.00 ns, 2.9872 ns/op
WorkloadWarmup   9: 24248320 op, 72420310.00 ns, 2.9866 ns/op
WorkloadWarmup  10: 24248320 op, 74117172.00 ns, 3.0566 ns/op
WorkloadWarmup  11: 24248320 op, 71270959.00 ns, 2.9392 ns/op
WorkloadWarmup  12: 24248320 op, 72385966.00 ns, 2.9852 ns/op
WorkloadWarmup  13: 24248320 op, 71859264.00 ns, 2.9635 ns/op
WorkloadWarmup  14: 24248320 op, 75864188.00 ns, 3.1286 ns/op
WorkloadWarmup  15: 24248320 op, 70473573.00 ns, 2.9063 ns/op
WorkloadWarmup  16: 24248320 op, 71773814.00 ns, 2.9599 ns/op

// BeforeActualRun
WorkloadActual   1: 24248320 op, 72284674.00 ns, 2.9810 ns/op
WorkloadActual   2: 24248320 op, 70636184.00 ns, 2.9130 ns/op
WorkloadActual   3: 24248320 op, 71944366.00 ns, 2.9670 ns/op
WorkloadActual   4: 24248320 op, 71943609.00 ns, 2.9670 ns/op
WorkloadActual   5: 24248320 op, 71490410.00 ns, 2.9483 ns/op
WorkloadActual   6: 24248320 op, 71095922.00 ns, 2.9320 ns/op
WorkloadActual   7: 24248320 op, 71991536.00 ns, 2.9689 ns/op
WorkloadActual   8: 24248320 op, 71675519.00 ns, 2.9559 ns/op
WorkloadActual   9: 24248320 op, 71498555.00 ns, 2.9486 ns/op
WorkloadActual  10: 24248320 op, 71226825.00 ns, 2.9374 ns/op
WorkloadActual  11: 24248320 op, 70621437.00 ns, 2.9124 ns/op
WorkloadActual  12: 24248320 op, 71573644.00 ns, 2.9517 ns/op

// AfterActualRun
WorkloadResult   1: 24248320 op, 72276633.00 ns, 2.9807 ns/op
WorkloadResult   2: 24248320 op, 70628143.00 ns, 2.9127 ns/op
WorkloadResult   3: 24248320 op, 71936325.00 ns, 2.9667 ns/op
WorkloadResult   4: 24248320 op, 71935568.00 ns, 2.9666 ns/op
WorkloadResult   5: 24248320 op, 71482369.00 ns, 2.9479 ns/op
WorkloadResult   6: 24248320 op, 71087881.00 ns, 2.9317 ns/op
WorkloadResult   7: 24248320 op, 71983495.00 ns, 2.9686 ns/op
WorkloadResult   8: 24248320 op, 71667478.00 ns, 2.9556 ns/op
WorkloadResult   9: 24248320 op, 71490514.00 ns, 2.9483 ns/op
WorkloadResult  10: 24248320 op, 71218784.00 ns, 2.9371 ns/op
WorkloadResult  11: 24248320 op, 70613396.00 ns, 2.9121 ns/op
WorkloadResult  12: 24248320 op, 71565603.00 ns, 2.9514 ns/op
// GC:  0 0 0 0 24248320
// Threading:  0 0 24248320

// AfterAll
// Benchmark Process 3164124 has exited with code 0.

Mean = 2.948 ns, StdErr = 0.006 ns (0.21%), N = 12, StdDev = 0.022 ns
Min = 2.912 ns, Q1 = 2.936 ns, Median = 2.950 ns, Q3 = 2.967 ns, Max = 2.981 ns
IQR = 0.031 ns, LowerFence = 2.889 ns, UpperFence = 3.013 ns
ConfidenceInterval = [2.920 ns; 2.976 ns] (CI 99.9%), Margin = 0.028 ns (0.94% of Mean)
Skewness = -0.35, Kurtosis = 1.85, MValue = 2

// ** Remained 1 (3.3%) benchmark(s) to run. Estimated finish 2026-09-12 12:01 (0h 0m from now) **
// **************************
// Benchmark: DataAuthoredQueryBenchmarks.DataAuthoredFacade: Jit(IterationCount=12, IterationTime=250ms, WarmupCount=16) [Shape=Blend, Pattern=Alternating]
// *** Execute ***
// Launch: 1 / 1
// Execute: dotnet Alpha-Jit-1.dll --anonymousPipes 116 117 --benchmarkName "DataAuthoredQueryBenchmarks.DataAuthoredFacade(Shape: Blend, Pattern: Alternating)" --job Jit --benchmarkId 29 in /home/i/GitHub/tl-56-feat-data-authored-api/benchmarks/Alpha/bin/Release/net10.0/Alpha-Jit-1/bin/Release/net10.0
// Failed to set up high priority (Permission denied). In order to run benchmarks with high priority, make sure you have the right permissions.
// BeforeAnythingElse

// Benchmark Process Environment Information:
// BenchmarkDotNet v0.15.8
// Runtime=.NET 10.0.12 (10.0.12, 10.0.1226.42308), X64 RyuJIT x86-64-v3
// GC=Concurrent Workstation
// HardwareIntrinsics=AVX2+BMI1+BMI2+F16C+FMA+LZCNT+MOVBE,AVX,SSE3+SSSE3+SSE4.1+SSE4.2+POPCNT,X86Base+SSE+SSE2,AES+PCLMUL,AvxVnni,SERIALIZE VectorSize=256
// Job: Jit(IterationCount=12, IterationTime=250ms, WarmupCount=16)

OverheadJitting  1: 4096 op, 113166.00 ns, 27.6284 ns/op
WorkloadJitting  1: 4096 op, 270645.00 ns, 66.0754 ns/op

OverheadJitting  2: 65536 op, 142944.00 ns, 2.1812 ns/op
WorkloadJitting  2: 65536 op, 4859874.00 ns, 74.1558 ns/op

WorkloadPilot    1: 65536 op, 4713462.00 ns, 71.9217 ns/op
WorkloadPilot    2: 3538944 op, 140802716.00 ns, 39.7866 ns/op
WorkloadPilot    3: 6291456 op, 222853213.00 ns, 35.4216 ns/op
WorkloadPilot    4: 7077888 op, 252162148.00 ns, 35.6268 ns/op

OverheadWarmup   1: 7077888 op, 2840.00 ns, 0.0004 ns/op
OverheadWarmup   2: 7077888 op, 2477.00 ns, 0.0003 ns/op
OverheadWarmup   3: 7077888 op, 2409.00 ns, 0.0003 ns/op
OverheadWarmup   4: 7077888 op, 2381.00 ns, 0.0003 ns/op
OverheadWarmup   5: 7077888 op, 2410.00 ns, 0.0003 ns/op
OverheadWarmup   6: 7077888 op, 2380.00 ns, 0.0003 ns/op
OverheadWarmup   7: 7077888 op, 3045.00 ns, 0.0004 ns/op
OverheadWarmup   8: 7077888 op, 2823.00 ns, 0.0004 ns/op

OverheadActual   1: 7077888 op, 2775.00 ns, 0.0004 ns/op
OverheadActual   2: 7077888 op, 2699.00 ns, 0.0004 ns/op
OverheadActual   3: 7077888 op, 3153.00 ns, 0.0004 ns/op
OverheadActual   4: 7077888 op, 3078.00 ns, 0.0004 ns/op
OverheadActual   5: 7077888 op, 2572.00 ns, 0.0004 ns/op
OverheadActual   6: 7077888 op, 2403.00 ns, 0.0003 ns/op
OverheadActual   7: 7077888 op, 2373.00 ns, 0.0003 ns/op
OverheadActual   8: 7077888 op, 2366.00 ns, 0.0003 ns/op
OverheadActual   9: 7077888 op, 2368.00 ns, 0.0003 ns/op
OverheadActual  10: 7077888 op, 2371.00 ns, 0.0003 ns/op
OverheadActual  11: 7077888 op, 2372.00 ns, 0.0003 ns/op
OverheadActual  12: 7077888 op, 2389.00 ns, 0.0003 ns/op
OverheadActual  13: 7077888 op, 2366.00 ns, 0.0003 ns/op
OverheadActual  14: 7077888 op, 2369.00 ns, 0.0003 ns/op
OverheadActual  15: 7077888 op, 2372.00 ns, 0.0003 ns/op
OverheadActual  16: 7077888 op, 2368.00 ns, 0.0003 ns/op
OverheadActual  17: 7077888 op, 2432.00 ns, 0.0003 ns/op
OverheadActual  18: 7077888 op, 2572.00 ns, 0.0004 ns/op
OverheadActual  19: 7077888 op, 2478.00 ns, 0.0004 ns/op
OverheadActual  20: 7077888 op, 2463.00 ns, 0.0003 ns/op

WorkloadWarmup   1: 7077888 op, 252284143.00 ns, 35.6440 ns/op
WorkloadWarmup   2: 7077888 op, 251183694.00 ns, 35.4885 ns/op
WorkloadWarmup   3: 7077888 op, 251581871.00 ns, 35.5448 ns/op
WorkloadWarmup   4: 7077888 op, 253287158.00 ns, 35.7857 ns/op
WorkloadWarmup   5: 7077888 op, 253110456.00 ns, 35.7607 ns/op
WorkloadWarmup   6: 7077888 op, 101308072.00 ns, 14.3133 ns/op
WorkloadWarmup   7: 7077888 op, 98042568.00 ns, 13.8520 ns/op
WorkloadWarmup   8: 7077888 op, 98066306.00 ns, 13.8553 ns/op
WorkloadWarmup   9: 7077888 op, 97008134.00 ns, 13.7058 ns/op
WorkloadWarmup  10: 7077888 op, 97662395.00 ns, 13.7982 ns/op
WorkloadWarmup  11: 7077888 op, 98407544.00 ns, 13.9035 ns/op
WorkloadWarmup  12: 7077888 op, 98347412.00 ns, 13.8950 ns/op
WorkloadWarmup  13: 7077888 op, 97472155.00 ns, 13.7714 ns/op
WorkloadWarmup  14: 7077888 op, 97188358.00 ns, 13.7313 ns/op
WorkloadWarmup  15: 7077888 op, 98613936.00 ns, 13.9327 ns/op
WorkloadWarmup  16: 7077888 op, 105894210.00 ns, 14.9613 ns/op

// BeforeActualRun
WorkloadActual   1: 7077888 op, 99630692.00 ns, 14.0763 ns/op
WorkloadActual   2: 7077888 op, 97642798.00 ns, 13.7955 ns/op
WorkloadActual   3: 7077888 op, 97422979.00 ns, 13.7644 ns/op
WorkloadActual   4: 7077888 op, 98216333.00 ns, 13.8765 ns/op
WorkloadActual   5: 7077888 op, 98438393.00 ns, 13.9079 ns/op
WorkloadActual   6: 7077888 op, 98118880.00 ns, 13.8627 ns/op
WorkloadActual   7: 7077888 op, 98034770.00 ns, 13.8509 ns/op
WorkloadActual   8: 7077888 op, 98157572.00 ns, 13.8682 ns/op
WorkloadActual   9: 7077888 op, 97625856.00 ns, 13.7931 ns/op
WorkloadActual  10: 7077888 op, 97669281.00 ns, 13.7992 ns/op
WorkloadActual  11: 7077888 op, 98215152.00 ns, 13.8763 ns/op
WorkloadActual  12: 7077888 op, 97934391.00 ns, 13.8367 ns/op

// AfterActualRun
WorkloadResult   1: 7077888 op, 97640402.00 ns, 13.7951 ns/op
WorkloadResult   2: 7077888 op, 97420583.00 ns, 13.7641 ns/op
WorkloadResult   3: 7077888 op, 98213937.00 ns, 13.8762 ns/op
WorkloadResult   4: 7077888 op, 98435997.00 ns, 13.9075 ns/op
WorkloadResult   5: 7077888 op, 98116484.00 ns, 13.8624 ns/op
WorkloadResult   6: 7077888 op, 98032374.00 ns, 13.8505 ns/op
WorkloadResult   7: 7077888 op, 98155176.00 ns, 13.8679 ns/op
WorkloadResult   8: 7077888 op, 97623460.00 ns, 13.7927 ns/op
WorkloadResult   9: 7077888 op, 97666885.00 ns, 13.7989 ns/op
WorkloadResult  10: 7077888 op, 98212756.00 ns, 13.8760 ns/op
WorkloadResult  11: 7077888 op, 97931995.00 ns, 13.8363 ns/op
// GC:  0 0 0 0 7077888
// Threading:  0 0 7077888

// AfterAll
// Benchmark Process 3167935 has exited with code 0.

Mean = 13.839 ns, StdErr = 0.014 ns (0.10%), N = 11, StdDev = 0.045 ns
Min = 13.764 ns, Q1 = 13.797 ns, Median = 13.851 ns, Q3 = 13.872 ns, Max = 13.908 ns
IQR = 0.075 ns, LowerFence = 13.685 ns, UpperFence = 13.984 ns
ConfidenceInterval = [13.777 ns; 13.901 ns] (CI 99.9%), Margin = 0.062 ns (0.45% of Mean)
Skewness = -0.2, Kurtosis = 1.53, MValue = 2

// ** Remained 0 (0.0%) benchmark(s) to run. Estimated finish 2026-09-12 12:01 (0h 0m from now) **
// ***** BenchmarkRunner: Finish  *****

// * Export *
  BenchmarkDotNet.Artifacts/results/DataAuthoredQueryBenchmarks-report.csv
  BenchmarkDotNet.Artifacts/results/DataAuthoredQueryBenchmarks-report-github.md
  BenchmarkDotNet.Artifacts/results/DataAuthoredQueryBenchmarks-report.html
  BenchmarkDotNet.Artifacts/results/DataAuthoredQueryBenchmarks-report-full.json

// * Detailed results *
DataAuthoredQueryBenchmarks.DirectShape: Jit(IterationCount=12, IterationTime=250ms, WarmupCount=16) [Shape=OneTrack, Pattern=Forward]
Runtime = .NET 10.0.12 (10.0.12, 10.0.1226.42308), X64 RyuJIT x86-64-v3; GC = Concurrent Workstation
Mean = 1.356 ns, StdErr = 0.002 ns (0.11%), N = 11, StdDev = 0.005 ns
Min = 1.349 ns, Q1 = 1.352 ns, Median = 1.356 ns, Q3 = 1.359 ns, Max = 1.364 ns
IQR = 0.007 ns, LowerFence = 1.341 ns, UpperFence = 1.370 ns
ConfidenceInterval = [1.349 ns; 1.363 ns] (CI 99.9%), Margin = 0.007 ns (0.51% of Mean)
Skewness = 0.26, Kurtosis = 1.64, MValue = 2
-------------------- Histogram --------------------
[1.346 ns ; 1.367 ns) | @@@@@@@@@@@
---------------------------------------------------

DataAuthoredQueryBenchmarks.GeneratedShape: Jit(IterationCount=12, IterationTime=250ms, WarmupCount=16) [Shape=OneTrack, Pattern=Forward]
Runtime = .NET 10.0.12 (10.0.12, 10.0.1226.42308), X64 RyuJIT x86-64-v3; GC = Concurrent Workstation
Mean = 1.852 ns, StdErr = 0.006 ns (0.32%), N = 10, StdDev = 0.019 ns
Min = 1.810 ns, Q1 = 1.852 ns, Median = 1.857 ns, Q3 = 1.861 ns, Max = 1.879 ns
IQR = 0.009 ns, LowerFence = 1.838 ns, UpperFence = 1.874 ns
ConfidenceInterval = [1.824 ns; 1.881 ns] (CI 99.9%), Margin = 0.029 ns (1.55% of Mean)
Skewness = -0.92, Kurtosis = 3.02, MValue = 2
-------------------- Histogram --------------------
[1.802 ns ; 1.891 ns) | @@@@@@@@@@
---------------------------------------------------

DataAuthoredQueryBenchmarks.DataAuthoredFacade: Jit(IterationCount=12, IterationTime=250ms, WarmupCount=16) [Shape=OneTrack, Pattern=Forward]
Runtime = .NET 10.0.12 (10.0.12, 10.0.1226.42308), X64 RyuJIT x86-64-v3; GC = Concurrent Workstation
Mean = 13.077 ns, StdErr = 0.019 ns (0.14%), N = 11, StdDev = 0.063 ns
Min = 12.963 ns, Q1 = 13.035 ns, Median = 13.084 ns, Q3 = 13.116 ns, Max = 13.168 ns
IQR = 0.081 ns, LowerFence = 12.914 ns, UpperFence = 13.238 ns
ConfidenceInterval = [12.990 ns; 13.164 ns] (CI 99.9%), Margin = 0.087 ns (0.66% of Mean)
Skewness = -0.14, Kurtosis = 1.84, MValue = 2
-------------------- Histogram --------------------
[12.936 ns ; 13.205 ns) | @@@@@@@@@@@
---------------------------------------------------

DataAuthoredQueryBenchmarks.DirectShape: Jit(IterationCount=12, IterationTime=250ms, WarmupCount=16) [Shape=OneTrack, Pattern=Alternating]
Runtime = .NET 10.0.12 (10.0.12, 10.0.1226.42308), X64 RyuJIT x86-64-v3; GC = Concurrent Workstation
Mean = 1.331 ns, StdErr = 0.002 ns (0.16%), N = 11, StdDev = 0.007 ns
Min = 1.320 ns, Q1 = 1.326 ns, Median = 1.331 ns, Q3 = 1.336 ns, Max = 1.340 ns
IQR = 0.010 ns, LowerFence = 1.311 ns, UpperFence = 1.352 ns
ConfidenceInterval = [1.321 ns; 1.341 ns] (CI 99.9%), Margin = 0.010 ns (0.73% of Mean)
Skewness = -0.05, Kurtosis = 1.43, MValue = 2
-------------------- Histogram --------------------
[1.316 ns ; 1.345 ns) | @@@@@@@@@@@
---------------------------------------------------

DataAuthoredQueryBenchmarks.GeneratedShape: Jit(IterationCount=12, IterationTime=250ms, WarmupCount=16) [Shape=OneTrack, Pattern=Alternating]
Runtime = .NET 10.0.12 (10.0.12, 10.0.1226.42308), X64 RyuJIT x86-64-v3; GC = Concurrent Workstation
Mean = 2.078 ns, StdErr = 0.006 ns (0.29%), N = 11, StdDev = 0.020 ns
Min = 2.045 ns, Q1 = 2.066 ns, Median = 2.077 ns, Q3 = 2.091 ns, Max = 2.104 ns
IQR = 0.025 ns, LowerFence = 2.028 ns, UpperFence = 2.129 ns
ConfidenceInterval = [2.050 ns; 2.105 ns] (CI 99.9%), Margin = 0.028 ns (1.32% of Mean)
Skewness = -0.29, Kurtosis = 1.64, MValue = 2
-------------------- Histogram --------------------
[2.033 ns ; 2.116 ns) | @@@@@@@@@@@
---------------------------------------------------

DataAuthoredQueryBenchmarks.DataAuthoredFacade: Jit(IterationCount=12, IterationTime=250ms, WarmupCount=16) [Shape=OneTrack, Pattern=Alternating]
Runtime = .NET 10.0.12 (10.0.12, 10.0.1226.42308), X64 RyuJIT x86-64-v3; GC = Concurrent Workstation
Mean = 13.211 ns, StdErr = 0.016 ns (0.12%), N = 12, StdDev = 0.055 ns
Min = 13.099 ns, Q1 = 13.181 ns, Median = 13.217 ns, Q3 = 13.250 ns, Max = 13.288 ns
IQR = 0.069 ns, LowerFence = 13.078 ns, UpperFence = 13.353 ns
ConfidenceInterval = [13.141 ns; 13.281 ns] (CI 99.9%), Margin = 0.070 ns (0.53% of Mean)
Skewness = -0.34, Kurtosis = 2.2, MValue = 2
-------------------- Histogram --------------------
[13.068 ns ; 13.319 ns) | @@@@@@@@@@@@
---------------------------------------------------

DataAuthoredQueryBenchmarks.DirectShape: Jit(IterationCount=12, IterationTime=250ms, WarmupCount=16) [Shape=ThreeTracks, Pattern=Forward]
Runtime = .NET 10.0.12 (10.0.12, 10.0.1226.42308), X64 RyuJIT x86-64-v3; GC = Concurrent Workstation
Mean = 2.238 ns, StdErr = 0.004 ns (0.19%), N = 12, StdDev = 0.015 ns
Min = 2.217 ns, Q1 = 2.230 ns, Median = 2.235 ns, Q3 = 2.246 ns, Max = 2.269 ns
IQR = 0.016 ns, LowerFence = 2.206 ns, UpperFence = 2.270 ns
ConfidenceInterval = [2.219 ns; 2.258 ns] (CI 99.9%), Margin = 0.019 ns (0.86% of Mean)
Skewness = 0.56, Kurtosis = 2.26, MValue = 2
-------------------- Histogram --------------------
[2.217 ns ; 2.278 ns) | @@@@@@@@@@@@
---------------------------------------------------

DataAuthoredQueryBenchmarks.GeneratedShape: Jit(IterationCount=12, IterationTime=250ms, WarmupCount=16) [Shape=ThreeTracks, Pattern=Forward]
Runtime = .NET 10.0.12 (10.0.12, 10.0.1226.42308), X64 RyuJIT x86-64-v3; GC = Concurrent Workstation
Mean = 3.844 ns, StdErr = 0.012 ns (0.32%), N = 12, StdDev = 0.042 ns
Min = 3.763 ns, Q1 = 3.811 ns, Median = 3.845 ns, Q3 = 3.873 ns, Max = 3.900 ns
IQR = 0.062 ns, LowerFence = 3.717 ns, UpperFence = 3.966 ns
ConfidenceInterval = [3.789 ns; 3.898 ns] (CI 99.9%), Margin = 0.054 ns (1.41% of Mean)
Skewness = -0.29, Kurtosis = 1.83, MValue = 2
-------------------- Histogram --------------------
[3.738 ns ; 3.916 ns) | @@@@@@@@@@@@
---------------------------------------------------

DataAuthoredQueryBenchmarks.DataAuthoredFacade: Jit(IterationCount=12, IterationTime=250ms, WarmupCount=16) [Shape=ThreeTracks, Pattern=Forward]
Runtime = .NET 10.0.12 (10.0.12, 10.0.1226.42308), X64 RyuJIT x86-64-v3; GC = Concurrent Workstation
Mean = 22.119 ns, StdErr = 0.049 ns (0.22%), N = 10, StdDev = 0.155 ns
Min = 21.873 ns, Q1 = 22.044 ns, Median = 22.133 ns, Q3 = 22.220 ns, Max = 22.357 ns
IQR = 0.175 ns, LowerFence = 21.781 ns, UpperFence = 22.483 ns
ConfidenceInterval = [21.884 ns; 22.354 ns] (CI 99.9%), Margin = 0.235 ns (1.06% of Mean)
Skewness = -0.23, Kurtosis = 1.73, MValue = 2
-------------------- Histogram --------------------
[21.779 ns ; 22.394 ns) | @@@@@@@@@@
---------------------------------------------------

DataAuthoredQueryBenchmarks.DirectShape: Jit(IterationCount=12, IterationTime=250ms, WarmupCount=16) [Shape=ThreeTracks, Pattern=Alternating]
Runtime = .NET 10.0.12 (10.0.12, 10.0.1226.42308), X64 RyuJIT x86-64-v3; GC = Concurrent Workstation
Mean = 4.144 ns, StdErr = 0.007 ns (0.17%), N = 11, StdDev = 0.023 ns
Min = 4.115 ns, Q1 = 4.129 ns, Median = 4.136 ns, Q3 = 4.157 ns, Max = 4.194 ns
IQR = 0.028 ns, LowerFence = 4.086 ns, UpperFence = 4.200 ns
ConfidenceInterval = [4.112 ns; 4.176 ns] (CI 99.9%), Margin = 0.032 ns (0.77% of Mean)
Skewness = 0.69, Kurtosis = 2.47, MValue = 2
-------------------- Histogram --------------------
[4.102 ns ; 4.208 ns) | @@@@@@@@@@@
---------------------------------------------------

DataAuthoredQueryBenchmarks.GeneratedShape: Jit(IterationCount=12, IterationTime=250ms, WarmupCount=16) [Shape=ThreeTracks, Pattern=Alternating]
Runtime = .NET 10.0.12 (10.0.12, 10.0.1226.42308), X64 RyuJIT x86-64-v3; GC = Concurrent Workstation
Mean = 3.912 ns, StdErr = 0.012 ns (0.30%), N = 10, StdDev = 0.038 ns
Min = 3.855 ns, Q1 = 3.881 ns, Median = 3.913 ns, Q3 = 3.942 ns, Max = 3.966 ns
IQR = 0.061 ns, LowerFence = 3.789 ns, UpperFence = 4.034 ns
ConfidenceInterval = [3.855 ns; 3.969 ns] (CI 99.9%), Margin = 0.057 ns (1.45% of Mean)
Skewness = -0.16, Kurtosis = 1.43, MValue = 2
-------------------- Histogram --------------------
[3.832 ns ; 3.989 ns) | @@@@@@@@@@
---------------------------------------------------

DataAuthoredQueryBenchmarks.DataAuthoredFacade: Jit(IterationCount=12, IterationTime=250ms, WarmupCount=16) [Shape=ThreeTracks, Pattern=Alternating]
Runtime = .NET 10.0.12 (10.0.12, 10.0.1226.42308), X64 RyuJIT x86-64-v3; GC = Concurrent Workstation
Mean = 22.432 ns, StdErr = 0.035 ns (0.16%), N = 11, StdDev = 0.116 ns
Min = 22.209 ns, Q1 = 22.389 ns, Median = 22.451 ns, Q3 = 22.495 ns, Max = 22.632 ns
IQR = 0.106 ns, LowerFence = 22.230 ns, UpperFence = 22.654 ns
ConfidenceInterval = [22.273 ns; 22.592 ns] (CI 99.9%), Margin = 0.160 ns (0.71% of Mean)
Skewness = -0.27, Kurtosis = 2.35, MValue = 2
-------------------- Histogram --------------------
[22.141 ns ; 22.700 ns) | @@@@@@@@@@@
---------------------------------------------------

DataAuthoredQueryBenchmarks.DirectShape: Jit(IterationCount=12, IterationTime=250ms, WarmupCount=16) [Shape=SixteenTracks, Pattern=Forward]
Runtime = .NET 10.0.12 (10.0.12, 10.0.1226.42308), X64 RyuJIT x86-64-v3; GC = Concurrent Workstation
Mean = 11.897 ns, StdErr = 0.043 ns (0.36%), N = 10, StdDev = 0.135 ns
Min = 11.598 ns, Q1 = 11.872 ns, Median = 11.942 ns, Q3 = 11.974 ns, Max = 12.026 ns
IQR = 0.101 ns, LowerFence = 11.720 ns, UpperFence = 12.126 ns
ConfidenceInterval = [11.694 ns; 12.101 ns] (CI 99.9%), Margin = 0.203 ns (1.71% of Mean)
Skewness = -1.1, Kurtosis = 2.83, MValue = 2
-------------------- Histogram --------------------
[11.549 ns ; 11.853 ns) | @@
[11.853 ns ; 12.108 ns) | @@@@@@@@
---------------------------------------------------

DataAuthoredQueryBenchmarks.GeneratedShape: Jit(IterationCount=12, IterationTime=250ms, WarmupCount=16) [Shape=SixteenTracks, Pattern=Forward]
Runtime = .NET 10.0.12 (10.0.12, 10.0.1226.42308), X64 RyuJIT x86-64-v3; GC = Concurrent Workstation
Mean = 22.279 ns, StdErr = 0.035 ns (0.16%), N = 12, StdDev = 0.122 ns
Min = 22.041 ns, Q1 = 22.229 ns, Median = 22.284 ns, Q3 = 22.350 ns, Max = 22.455 ns
IQR = 0.121 ns, LowerFence = 22.048 ns, UpperFence = 22.531 ns
ConfidenceInterval = [22.122 ns; 22.435 ns] (CI 99.9%), Margin = 0.156 ns (0.70% of Mean)
Skewness = -0.43, Kurtosis = 2.18, MValue = 2
-------------------- Histogram --------------------
[21.971 ns ; 22.525 ns) | @@@@@@@@@@@@
---------------------------------------------------

DataAuthoredQueryBenchmarks.DataAuthoredFacade: Jit(IterationCount=12, IterationTime=250ms, WarmupCount=16) [Shape=SixteenTracks, Pattern=Forward]
Runtime = .NET 10.0.12 (10.0.12, 10.0.1226.42308), X64 RyuJIT x86-64-v3; GC = Concurrent Workstation
Mean = 77.540 ns, StdErr = 0.205 ns (0.26%), N = 11, StdDev = 0.680 ns
Min = 76.538 ns, Q1 = 77.225 ns, Median = 77.399 ns, Q3 = 77.787 ns, Max = 78.703 ns
IQR = 0.562 ns, LowerFence = 76.382 ns, UpperFence = 78.630 ns
ConfidenceInterval = [76.599 ns; 78.481 ns] (CI 99.9%), Margin = 0.941 ns (1.21% of Mean)
Skewness = 0.44, Kurtosis = 2.05, MValue = 2
-------------------- Histogram --------------------
[76.136 ns ; 79.104 ns) | @@@@@@@@@@@
---------------------------------------------------

DataAuthoredQueryBenchmarks.DirectShape: Jit(IterationCount=12, IterationTime=250ms, WarmupCount=16) [Shape=SixteenTracks, Pattern=Alternating]
Runtime = .NET 10.0.12 (10.0.12, 10.0.1226.42308), X64 RyuJIT x86-64-v3; GC = Concurrent Workstation
Mean = 18.533 ns, StdErr = 0.036 ns (0.19%), N = 10, StdDev = 0.114 ns
Min = 18.328 ns, Q1 = 18.510 ns, Median = 18.526 ns, Q3 = 18.590 ns, Max = 18.705 ns
IQR = 0.080 ns, LowerFence = 18.390 ns, UpperFence = 18.710 ns
ConfidenceInterval = [18.361 ns; 18.705 ns] (CI 99.9%), Margin = 0.172 ns (0.93% of Mean)
Skewness = -0.16, Kurtosis = 2.02, MValue = 2
-------------------- Histogram --------------------
[18.259 ns ; 18.744 ns) | @@@@@@@@@@
---------------------------------------------------

DataAuthoredQueryBenchmarks.GeneratedShape: Jit(IterationCount=12, IterationTime=250ms, WarmupCount=16) [Shape=SixteenTracks, Pattern=Alternating]
Runtime = .NET 10.0.12 (10.0.12, 10.0.1226.42308), X64 RyuJIT x86-64-v3; GC = Concurrent Workstation
Mean = 20.576 ns, StdErr = 0.073 ns (0.36%), N = 11, StdDev = 0.243 ns
Min = 20.246 ns, Q1 = 20.371 ns, Median = 20.573 ns, Q3 = 20.720 ns, Max = 21.025 ns
IQR = 0.349 ns, LowerFence = 19.846 ns, UpperFence = 21.244 ns
ConfidenceInterval = [20.240 ns; 20.912 ns] (CI 99.9%), Margin = 0.336 ns (1.63% of Mean)
Skewness = 0.17, Kurtosis = 1.79, MValue = 2
-------------------- Histogram --------------------
[20.103 ns ; 21.169 ns) | @@@@@@@@@@@
---------------------------------------------------

DataAuthoredQueryBenchmarks.DataAuthoredFacade: Jit(IterationCount=12, IterationTime=250ms, WarmupCount=16) [Shape=SixteenTracks, Pattern=Alternating]
Runtime = .NET 10.0.12 (10.0.12, 10.0.1226.42308), X64 RyuJIT x86-64-v3; GC = Concurrent Workstation
Mean = 78.681 ns, StdErr = 0.208 ns (0.26%), N = 10, StdDev = 0.656 ns
Min = 77.347 ns, Q1 = 78.299 ns, Median = 78.909 ns, Q3 = 79.126 ns, Max = 79.342 ns
IQR = 0.826 ns, LowerFence = 77.060 ns, UpperFence = 80.365 ns
ConfidenceInterval = [77.688 ns; 79.673 ns] (CI 99.9%), Margin = 0.992 ns (1.26% of Mean)
Skewness = -0.77, Kurtosis = 2.11, MValue = 2
-------------------- Histogram --------------------
[76.947 ns ; 79.742 ns) | @@@@@@@@@@
---------------------------------------------------

DataAuthoredQueryBenchmarks.DirectShape: Jit(IterationCount=12, IterationTime=250ms, WarmupCount=16) [Shape=TwoHundredFiftySixTracks, Pattern=Forward]
Runtime = .NET 10.0.12 (10.0.12, 10.0.1226.42308), X64 RyuJIT x86-64-v3; GC = Concurrent Workstation
Mean = 335.331 ns, StdErr = 0.501 ns (0.15%), N = 11, StdDev = 1.660 ns
Min = 331.523 ns, Q1 = 334.515 ns, Median = 335.592 ns, Q3 = 336.260 ns, Max = 337.437 ns
IQR = 1.745 ns, LowerFence = 331.898 ns, UpperFence = 338.877 ns
ConfidenceInterval = [333.036 ns; 337.627 ns] (CI 99.9%), Margin = 2.296 ns (0.68% of Mean)
Skewness = -0.78, Kurtosis = 2.97, MValue = 2
-------------------- Histogram --------------------
[330.543 ns ; 338.417 ns) | @@@@@@@@@@@
---------------------------------------------------

DataAuthoredQueryBenchmarks.GeneratedShape: Jit(IterationCount=12, IterationTime=250ms, WarmupCount=16) [Shape=TwoHundredFiftySixTracks, Pattern=Forward]
Runtime = .NET 10.0.12 (10.0.12, 10.0.1226.42308), X64 RyuJIT x86-64-v3; GC = Concurrent Workstation
Mean = 34.579 us, StdErr = 0.055 us (0.16%), N = 11, StdDev = 0.182 us
Min = 34.261 us, Q1 = 34.460 us, Median = 34.546 us, Q3 = 34.695 us, Max = 34.930 us
IQR = 0.235 us, LowerFence = 34.108 us, UpperFence = 35.048 us
ConfidenceInterval = [34.327 us; 34.830 us] (CI 99.9%), Margin = 0.252 us (0.73% of Mean)
Skewness = 0.2, Kurtosis = 2.27, MValue = 2
-------------------- Histogram --------------------
[34.177 us ; 35.038 us) | @@@@@@@@@@@
---------------------------------------------------

DataAuthoredQueryBenchmarks.DataAuthoredFacade: Jit(IterationCount=12, IterationTime=250ms, WarmupCount=16) [Shape=TwoHundredFiftySixTracks, Pattern=Forward]
Runtime = .NET 10.0.12 (10.0.12, 10.0.1226.42308), X64 RyuJIT x86-64-v3; GC = Concurrent Workstation
Mean = 1.121 us, StdErr = 0.004 us (0.38%), N = 11, StdDev = 0.014 us
Min = 1.095 us, Q1 = 1.113 us, Median = 1.119 us, Q3 = 1.130 us, Max = 1.143 us
IQR = 0.017 us, LowerFence = 1.088 us, UpperFence = 1.155 us
ConfidenceInterval = [1.101 us; 1.141 us] (CI 99.9%), Margin = 0.020 us (1.76% of Mean)
Skewness = 0.01, Kurtosis = 1.9, MValue = 2
-------------------- Histogram --------------------
[1.087 us ; 1.125 us) | @@@@@@@
[1.125 us ; 1.151 us) | @@@@
---------------------------------------------------

DataAuthoredQueryBenchmarks.DirectShape: Jit(IterationCount=12, IterationTime=250ms, WarmupCount=16) [Shape=TwoHundredFiftySixTracks, Pattern=Alternating]
Runtime = .NET 10.0.12 (10.0.12, 10.0.1226.42308), X64 RyuJIT x86-64-v3; GC = Concurrent Workstation
Mean = 341.150 ns, StdErr = 0.703 ns (0.21%), N = 11, StdDev = 2.331 ns
Min = 336.321 ns, Q1 = 339.939 ns, Median = 342.038 ns, Q3 = 342.883 ns, Max = 343.756 ns
IQR = 2.944 ns, LowerFence = 335.522 ns, UpperFence = 347.300 ns
ConfidenceInterval = [337.926 ns; 344.375 ns] (CI 99.9%), Margin = 3.224 ns (0.95% of Mean)
Skewness = -0.72, Kurtosis = 2.18, MValue = 2
-------------------- Histogram --------------------
[334.945 ns ; 345.132 ns) | @@@@@@@@@@@
---------------------------------------------------

DataAuthoredQueryBenchmarks.GeneratedShape: Jit(IterationCount=12, IterationTime=250ms, WarmupCount=16) [Shape=TwoHundredFiftySixTracks, Pattern=Alternating]
Runtime = .NET 10.0.12 (10.0.12, 10.0.1226.42308), X64 RyuJIT x86-64-v3; GC = Concurrent Workstation
Mean = 34.105 us, StdErr = 0.051 us (0.15%), N = 11, StdDev = 0.169 us
Min = 33.779 us, Q1 = 33.998 us, Median = 34.112 us, Q3 = 34.230 us, Max = 34.372 us
IQR = 0.231 us, LowerFence = 33.652 us, UpperFence = 34.577 us
ConfidenceInterval = [33.872 us; 34.339 us] (CI 99.9%), Margin = 0.234 us (0.68% of Mean)
Skewness = -0.21, Kurtosis = 2.09, MValue = 2
-------------------- Histogram --------------------
[33.700 us ; 34.380 us) | @@@@@@@@@@@
---------------------------------------------------

DataAuthoredQueryBenchmarks.DataAuthoredFacade: Jit(IterationCount=12, IterationTime=250ms, WarmupCount=16) [Shape=TwoHundredFiftySixTracks, Pattern=Alternating]
Runtime = .NET 10.0.12 (10.0.12, 10.0.1226.42308), X64 RyuJIT x86-64-v3; GC = Concurrent Workstation
Mean = 1.118 us, StdErr = 0.003 us (0.31%), N = 12, StdDev = 0.012 us
Min = 1.093 us, Q1 = 1.111 us, Median = 1.120 us, Q3 = 1.124 us, Max = 1.133 us
IQR = 0.014 us, LowerFence = 1.090 us, UpperFence = 1.145 us
ConfidenceInterval = [1.102 us; 1.133 us] (CI 99.9%), Margin = 0.015 us (1.37% of Mean)
Skewness = -0.49, Kurtosis = 2.18, MValue = 2
-------------------- Histogram --------------------
[1.086 us ; 1.140 us) | @@@@@@@@@@@@
---------------------------------------------------

DataAuthoredQueryBenchmarks.DirectShape: Jit(IterationCount=12, IterationTime=250ms, WarmupCount=16) [Shape=Blend, Pattern=Forward]
Runtime = .NET 10.0.12 (10.0.12, 10.0.1226.42308), X64 RyuJIT x86-64-v3; GC = Concurrent Workstation
Mean = 1.697 ns, StdErr = 0.002 ns (0.14%), N = 10, StdDev = 0.007 ns
Min = 1.683 ns, Q1 = 1.693 ns, Median = 1.698 ns, Q3 = 1.703 ns, Max = 1.706 ns
IQR = 0.010 ns, LowerFence = 1.679 ns, UpperFence = 1.718 ns
ConfidenceInterval = [1.686 ns; 1.708 ns] (CI 99.9%), Margin = 0.011 ns (0.67% of Mean)
Skewness = -0.5, Kurtosis = 1.88, MValue = 2
-------------------- Histogram --------------------
[1.678 ns ; 1.711 ns) | @@@@@@@@@@
---------------------------------------------------

DataAuthoredQueryBenchmarks.GeneratedShape: Jit(IterationCount=12, IterationTime=250ms, WarmupCount=16) [Shape=Blend, Pattern=Forward]
Runtime = .NET 10.0.12 (10.0.12, 10.0.1226.42308), X64 RyuJIT x86-64-v3; GC = Concurrent Workstation
Mean = 2.539 ns, StdErr = 0.009 ns (0.37%), N = 12, StdDev = 0.033 ns
Min = 2.493 ns, Q1 = 2.513 ns, Median = 2.542 ns, Q3 = 2.557 ns, Max = 2.608 ns
IQR = 0.044 ns, LowerFence = 2.446 ns, UpperFence = 2.623 ns
ConfidenceInterval = [2.497 ns; 2.581 ns] (CI 99.9%), Margin = 0.042 ns (1.64% of Mean)
Skewness = 0.43, Kurtosis = 2.27, MValue = 2
-------------------- Histogram --------------------
[2.482 ns ; 2.627 ns) | @@@@@@@@@@@@
---------------------------------------------------

DataAuthoredQueryBenchmarks.DataAuthoredFacade: Jit(IterationCount=12, IterationTime=250ms, WarmupCount=16) [Shape=Blend, Pattern=Forward]
Runtime = .NET 10.0.12 (10.0.12, 10.0.1226.42308), X64 RyuJIT x86-64-v3; GC = Concurrent Workstation
Mean = 13.683 ns, StdErr = 0.021 ns (0.15%), N = 11, StdDev = 0.070 ns
Min = 13.588 ns, Q1 = 13.628 ns, Median = 13.691 ns, Q3 = 13.738 ns, Max = 13.786 ns
IQR = 0.110 ns, LowerFence = 13.463 ns, UpperFence = 13.903 ns
ConfidenceInterval = [13.587 ns; 13.780 ns] (CI 99.9%), Margin = 0.096 ns (0.70% of Mean)
Skewness = -0.04, Kurtosis = 1.43, MValue = 2
-------------------- Histogram --------------------
[13.547 ns ; 13.827 ns) | @@@@@@@@@@@
---------------------------------------------------

DataAuthoredQueryBenchmarks.DirectShape: Jit(IterationCount=12, IterationTime=250ms, WarmupCount=16) [Shape=Blend, Pattern=Alternating]
Runtime = .NET 10.0.12 (10.0.12, 10.0.1226.42308), X64 RyuJIT x86-64-v3; GC = Concurrent Workstation
Mean = 1.915 ns, StdErr = 0.005 ns (0.27%), N = 11, StdDev = 0.017 ns
Min = 1.886 ns, Q1 = 1.906 ns, Median = 1.912 ns, Q3 = 1.931 ns, Max = 1.938 ns
IQR = 0.025 ns, LowerFence = 1.868 ns, UpperFence = 1.969 ns
ConfidenceInterval = [1.891 ns; 1.940 ns] (CI 99.9%), Margin = 0.024 ns (1.26% of Mean)
Skewness = -0.16, Kurtosis = 1.56, MValue = 2
-------------------- Histogram --------------------
[1.875 ns ; 1.948 ns) | @@@@@@@@@@@
---------------------------------------------------

DataAuthoredQueryBenchmarks.GeneratedShape: Jit(IterationCount=12, IterationTime=250ms, WarmupCount=16) [Shape=Blend, Pattern=Alternating]
Runtime = .NET 10.0.12 (10.0.12, 10.0.1226.42308), X64 RyuJIT x86-64-v3; GC = Concurrent Workstation
Mean = 2.948 ns, StdErr = 0.006 ns (0.21%), N = 12, StdDev = 0.022 ns
Min = 2.912 ns, Q1 = 2.936 ns, Median = 2.950 ns, Q3 = 2.967 ns, Max = 2.981 ns
IQR = 0.031 ns, LowerFence = 2.889 ns, UpperFence = 3.013 ns
ConfidenceInterval = [2.920 ns; 2.976 ns] (CI 99.9%), Margin = 0.028 ns (0.94% of Mean)
Skewness = -0.35, Kurtosis = 1.85, MValue = 2
-------------------- Histogram --------------------
[2.900 ns ; 2.988 ns) | @@@@@@@@@@@@
---------------------------------------------------

DataAuthoredQueryBenchmarks.DataAuthoredFacade: Jit(IterationCount=12, IterationTime=250ms, WarmupCount=16) [Shape=Blend, Pattern=Alternating]
Runtime = .NET 10.0.12 (10.0.12, 10.0.1226.42308), X64 RyuJIT x86-64-v3; GC = Concurrent Workstation
Mean = 13.839 ns, StdErr = 0.014 ns (0.10%), N = 11, StdDev = 0.045 ns
Min = 13.764 ns, Q1 = 13.797 ns, Median = 13.851 ns, Q3 = 13.872 ns, Max = 13.908 ns
IQR = 0.075 ns, LowerFence = 13.685 ns, UpperFence = 13.984 ns
ConfidenceInterval = [13.777 ns; 13.901 ns] (CI 99.9%), Margin = 0.062 ns (0.45% of Mean)
Skewness = -0.2, Kurtosis = 1.53, MValue = 2
-------------------- Histogram --------------------
[13.737 ns ; 13.934 ns) | @@@@@@@@@@@
---------------------------------------------------

// * Summary *

BenchmarkDotNet v0.15.8, Linux Omarchy
Intel Core i9-14900K 4.36GHz, 1 CPU, 32 logical and 24 physical cores
.NET SDK 10.0.401
  [Host] : .NET 10.0.12 (10.0.12, 10.0.1226.42308), X64 RyuJIT x86-64-v3
  Jit    : .NET 10.0.12 (10.0.12, 10.0.1226.42308), X64 RyuJIT x86-64-v3

Job=Jit  IterationCount=12  IterationTime=250ms  
WarmupCount=16  

| Method             | Shape                    | Pattern     | Mean          | Error       | StdDev      | Median        | Ratio  | RatioSD | Allocated | Alloc Ratio |
|------------------- |------------------------- |------------ |--------------:|------------:|------------:|--------------:|-------:|--------:|----------:|------------:|
| DirectShape        | OneTrack                 | Forward     |      1.356 ns |   0.0070 ns |   0.0050 ns |      1.356 ns |   1.00 |    0.01 |         - |          NA |
| GeneratedShape     | OneTrack                 | Forward     |      1.852 ns |   0.0287 ns |   0.0190 ns |      1.857 ns |   1.37 |    0.01 |         - |          NA |
| DataAuthoredFacade | OneTrack                 | Forward     |     13.077 ns |   0.0867 ns |   0.0627 ns |     13.084 ns |   9.64 |    0.06 |         - |          NA |
|                    |                          |             |               |             |             |               |        |         |           |             |
| DirectShape        | OneTrack                 | Alternating |      1.331 ns |   0.0097 ns |   0.0070 ns |      1.331 ns |   1.00 |    0.01 |         - |          NA |
| GeneratedShape     | OneTrack                 | Alternating |      2.078 ns |   0.0275 ns |   0.0199 ns |      2.077 ns |   1.56 |    0.02 |         - |          NA |
| DataAuthoredFacade | OneTrack                 | Alternating |     13.211 ns |   0.0702 ns |   0.0548 ns |     13.217 ns |   9.93 |    0.06 |         - |          NA |
|                    |                          |             |               |             |             |               |        |         |           |             |
| DirectShape        | ThreeTracks              | Forward     |      2.238 ns |   0.0193 ns |   0.0150 ns |      2.235 ns |   1.00 |    0.01 |         - |          NA |
| GeneratedShape     | ThreeTracks              | Forward     |      3.844 ns |   0.0543 ns |   0.0424 ns |      3.845 ns |   1.72 |    0.02 |         - |          NA |
| DataAuthoredFacade | ThreeTracks              | Forward     |     22.119 ns |   0.2347 ns |   0.1552 ns |     22.133 ns |   9.88 |    0.09 |         - |          NA |
|                    |                          |             |               |             |             |               |        |         |           |             |
| DirectShape        | ThreeTracks              | Alternating |      4.144 ns |   0.0319 ns |   0.0230 ns |      4.136 ns |   1.00 |    0.01 |         - |          NA |
| GeneratedShape     | ThreeTracks              | Alternating |      3.912 ns |   0.0569 ns |   0.0376 ns |      3.913 ns |   0.94 |    0.01 |         - |          NA |
| DataAuthoredFacade | ThreeTracks              | Alternating |     22.432 ns |   0.1597 ns |   0.1155 ns |     22.451 ns |   5.41 |    0.04 |         - |          NA |
|                    |                          |             |               |             |             |               |        |         |           |             |
| DirectShape        | SixteenTracks            | Forward     |     11.897 ns |   0.2035 ns |   0.1346 ns |     11.942 ns |   1.00 |    0.02 |         - |          NA |
| GeneratedShape     | SixteenTracks            | Forward     |     22.279 ns |   0.1563 ns |   0.1220 ns |     22.284 ns |   1.87 |    0.02 |         - |          NA |
| DataAuthoredFacade | SixteenTracks            | Forward     |     77.540 ns |   0.9408 ns |   0.6803 ns |     77.399 ns |   6.52 |    0.09 |         - |          NA |
|                    |                          |             |               |             |             |               |        |         |           |             |
| DirectShape        | SixteenTracks            | Alternating |     18.533 ns |   0.1724 ns |   0.1140 ns |     18.526 ns |   1.00 |    0.01 |         - |          NA |
| GeneratedShape     | SixteenTracks            | Alternating |     20.576 ns |   0.3363 ns |   0.2432 ns |     20.573 ns |   1.11 |    0.01 |         - |          NA |
| DataAuthoredFacade | SixteenTracks            | Alternating |     78.681 ns |   0.9922 ns |   0.6563 ns |     78.909 ns |   4.25 |    0.04 |         - |          NA |
|                    |                          |             |               |             |             |               |        |         |           |             |
| DirectShape        | TwoHundredFiftySixTracks | Forward     |    335.331 ns |   2.2959 ns |   1.6601 ns |    335.592 ns |   1.00 |    0.01 |         - |          NA |
| GeneratedShape     | TwoHundredFiftySixTracks | Forward     | 34,578.529 ns | 251.6883 ns | 181.9871 ns | 34,545.853 ns | 103.12 |    0.71 |         - |          NA |
| DataAuthoredFacade | TwoHundredFiftySixTracks | Forward     |  1,120.797 ns |  19.7658 ns |  14.2920 ns |  1,118.976 ns |   3.34 |    0.04 |         - |          NA |
|                    |                          |             |               |             |             |               |        |         |           |             |
| DirectShape        | TwoHundredFiftySixTracks | Alternating |    341.150 ns |   3.2244 ns |   2.3315 ns |    342.038 ns |   1.00 |    0.01 |         - |          NA |
| GeneratedShape     | TwoHundredFiftySixTracks | Alternating | 34,105.068 ns | 233.5389 ns | 168.8640 ns | 34,112.329 ns |  99.98 |    0.81 |         - |          NA |
| DataAuthoredFacade | TwoHundredFiftySixTracks | Alternating |  1,117.657 ns |  15.3609 ns |  11.9928 ns |  1,120.152 ns |   3.28 |    0.04 |         - |          NA |
|                    |                          |             |               |             |             |               |        |         |           |             |
| DirectShape        | Blend                    | Forward     |      1.697 ns |   0.0113 ns |   0.0075 ns |      1.698 ns |   1.00 |    0.01 |         - |          NA |
| GeneratedShape     | Blend                    | Forward     |      2.539 ns |   0.0417 ns |   0.0325 ns |      2.542 ns |   1.50 |    0.02 |         - |          NA |
| DataAuthoredFacade | Blend                    | Forward     |     13.683 ns |   0.0963 ns |   0.0696 ns |     13.691 ns |   8.06 |    0.05 |         - |          NA |
|                    |                          |             |               |             |             |               |        |         |           |             |
| DirectShape        | Blend                    | Alternating |      1.915 ns |   0.0241 ns |   0.0175 ns |      1.912 ns |   1.00 |    0.01 |         - |          NA |
| GeneratedShape     | Blend                    | Alternating |      2.948 ns |   0.0278 ns |   0.0217 ns |      2.950 ns |   1.54 |    0.02 |         - |          NA |
| DataAuthoredFacade | Blend                    | Alternating |     13.839 ns |   0.0622 ns |   0.0450 ns |     13.851 ns |   7.23 |    0.07 |         - |          NA |

// * Warnings *
MinIterationTime
  DataAuthoredQueryBenchmarks.GeneratedShape: Jit     -> The minimum observed iteration time is 56.238ms which is very small. It's recommended to increase it to at least 100ms using more operations.
  DataAuthoredQueryBenchmarks.GeneratedShape: Jit     -> The minimum observed iteration time is 60.309ms which is very small. It's recommended to increase it to at least 100ms using more operations.
  DataAuthoredQueryBenchmarks.GeneratedShape: Jit     -> The minimum observed iteration time is 58.447ms which is very small. It's recommended to increase it to at least 100ms using more operations.
  DataAuthoredQueryBenchmarks.DataAuthoredFacade: Jit -> The minimum observed iteration time is 90.311ms which is very small. It's recommended to increase it to at least 100ms using more operations.
  DataAuthoredQueryBenchmarks.GeneratedShape: Jit     -> The minimum observed iteration time is 60.129ms which is very small. It's recommended to increase it to at least 100ms using more operations.
  DataAuthoredQueryBenchmarks.DataAuthoredFacade: Jit -> The minimum observed iteration time is 90.243ms which is very small. It's recommended to increase it to at least 100ms using more operations.
  DataAuthoredQueryBenchmarks.GeneratedShape: Jit     -> The minimum observed iteration time is 72.226ms which is very small. It's recommended to increase it to at least 100ms using more operations.
  DataAuthoredQueryBenchmarks.DataAuthoredFacade: Jit -> The minimum observed iteration time is 70.224ms which is very small. It's recommended to increase it to at least 100ms using more operations.
  DataAuthoredQueryBenchmarks.GeneratedShape: Jit     -> The minimum observed iteration time is 35.826ms which is very small. It's recommended to increase it to at least 100ms using more operations.
  DataAuthoredQueryBenchmarks.DataAuthoredFacade: Jit -> The minimum observed iteration time is 70.967ms which is very small. It's recommended to increase it to at least 100ms using more operations.
  DataAuthoredQueryBenchmarks.DataAuthoredFacade: Jit -> The minimum observed iteration time is 62.815ms which is very small. It's recommended to increase it to at least 100ms using more operations.
  DataAuthoredQueryBenchmarks.DataAuthoredFacade: Jit -> The minimum observed iteration time is 62.68ms which is very small. It's recommended to increase it to at least 100ms using more operations.
  DataAuthoredQueryBenchmarks.GeneratedShape: Jit     -> The minimum observed iteration time is 65.187ms which is very small. It's recommended to increase it to at least 100ms using more operations.
  DataAuthoredQueryBenchmarks.DataAuthoredFacade: Jit -> The minimum observed iteration time is 96.176ms which is very small. It's recommended to increase it to at least 100ms using more operations.
  DataAuthoredQueryBenchmarks.GeneratedShape: Jit     -> The minimum observed iteration time is 70.621ms which is very small. It's recommended to increase it to at least 100ms using more operations.
  DataAuthoredQueryBenchmarks.DataAuthoredFacade: Jit -> The minimum observed iteration time is 97.423ms which is very small. It's recommended to increase it to at least 100ms using more operations.

// * Hints *
Outliers
  DataAuthoredQueryBenchmarks.DirectShape: Jit        -> 1 outlier  was  removed (1.39 ns)
  DataAuthoredQueryBenchmarks.GeneratedShape: Jit     -> 2 outliers were removed, 4 outliers were detected (1.81 ns, 1.83 ns, 1.89 ns, 1.89 ns)
  DataAuthoredQueryBenchmarks.DataAuthoredFacade: Jit -> 1 outlier  was  removed (15.96 ns)
  DataAuthoredQueryBenchmarks.DirectShape: Jit        -> 1 outlier  was  removed (1.38 ns)
  DataAuthoredQueryBenchmarks.GeneratedShape: Jit     -> 1 outlier  was  removed (2.14 ns)
  DataAuthoredQueryBenchmarks.DataAuthoredFacade: Jit -> 2 outliers were removed (23.22 ns, 26.90 ns)
  DataAuthoredQueryBenchmarks.DirectShape: Jit        -> 1 outlier  was  removed (4.40 ns)
  DataAuthoredQueryBenchmarks.GeneratedShape: Jit     -> 2 outliers were removed (4.04 ns, 4.18 ns)
  DataAuthoredQueryBenchmarks.DataAuthoredFacade: Jit -> 1 outlier  was  removed, 2 outliers were detected (22.21 ns, 27.02 ns)
  DataAuthoredQueryBenchmarks.DirectShape: Jit        -> 2 outliers were removed, 4 outliers were detected (11.60 ns, 11.73 ns, 12.33 ns, 13.42 ns)
  DataAuthoredQueryBenchmarks.GeneratedShape: Jit     -> 1 outlier  was  detected (22.04 ns)
  DataAuthoredQueryBenchmarks.DataAuthoredFacade: Jit -> 1 outlier  was  removed (81.34 ns)
  DataAuthoredQueryBenchmarks.DirectShape: Jit        -> 2 outliers were removed (18.98 ns, 19.95 ns)
  DataAuthoredQueryBenchmarks.GeneratedShape: Jit     -> 1 outlier  was  removed (21.40 ns)
  DataAuthoredQueryBenchmarks.DataAuthoredFacade: Jit -> 2 outliers were removed, 3 outliers were detected (77.35 ns, 82.40 ns, 85.00 ns)
  DataAuthoredQueryBenchmarks.DirectShape: Jit        -> 1 outlier  was  removed (371.01 ns)
  DataAuthoredQueryBenchmarks.GeneratedShape: Jit     -> 1 outlier  was  removed (35.77 us)
  DataAuthoredQueryBenchmarks.DataAuthoredFacade: Jit -> 1 outlier  was  removed (1.18 us)
  DataAuthoredQueryBenchmarks.DirectShape: Jit        -> 1 outlier  was  removed (368.10 ns)
  DataAuthoredQueryBenchmarks.GeneratedShape: Jit     -> 1 outlier  was  removed (34.75 us)
  DataAuthoredQueryBenchmarks.DirectShape: Jit        -> 2 outliers were removed (1.74 ns, 1.79 ns)
  DataAuthoredQueryBenchmarks.DataAuthoredFacade: Jit -> 1 outlier  was  removed (13.97 ns)
  DataAuthoredQueryBenchmarks.DirectShape: Jit        -> 1 outlier  was  removed (2.01 ns)
  DataAuthoredQueryBenchmarks.DataAuthoredFacade: Jit -> 1 outlier  was  removed (14.08 ns)

// * Legends *
  Shape       : Value of the 'Shape' parameter
  Pattern     : Value of the 'Pattern' parameter
  Mean        : Arithmetic mean of all measurements
  Error       : Half of 99.9% confidence interval
  StdDev      : Standard deviation of all measurements
  Median      : Value separating the higher half of all measurements (50th percentile)
  Ratio       : Mean of the ratio distribution ([Current]/[Baseline])
  RatioSD     : Standard deviation of the ratio distribution ([Current]/[Baseline])
  Allocated   : Allocated memory per single operation (managed only, inclusive, 1KB = 1024B)
  Alloc Ratio : Allocated memory ratio distribution ([Current]/[Baseline])
  1 ns        : 1 Nanosecond (0.000000001 sec)

// * Diagnostic Output - MemoryDiagnoser *


// ***** BenchmarkRunner: End *****
Run time: 00:02:39 (159.23 sec), executed benchmarks: 30

Global total time: 00:02:46 (166.84 sec), executed benchmarks: 30
// * Artifacts cleanup *
Artifacts cleanup is finished
