// Validating benchmarks:
// ***** BenchmarkRunner: Start   *****
// ***** Found 14 benchmark(s) in total *****
// ***** Building 2 exe(s) in Parallel: Start   *****
// ***** Done, took 00:00:03 (3.68 sec)   *****
// Found 14 benchmarks:
//   PairHandleBenchmarks.Advance: Job-TZECNT(IterationCount=16, IterationTime=200ms, WarmupCount=8) [Shape=LaneUniform]
//   PairHandleBenchmarks.Advance: InProcess(Toolchain=InProcessEmitToolchain) [Shape=LaneUniform]
//   PairHandleBenchmarks.Advance: Job-TZECNT(IterationCount=16, IterationTime=200ms, WarmupCount=8) [Shape=PairOne]
//   PairHandleBenchmarks.Advance: InProcess(Toolchain=InProcessEmitToolchain) [Shape=PairOne]
//   PairHandleBenchmarks.Advance: Job-TZECNT(IterationCount=16, IterationTime=200ms, WarmupCount=8) [Shape=PairRuns8]
//   PairHandleBenchmarks.Advance: InProcess(Toolchain=InProcessEmitToolchain) [Shape=PairRuns8]
//   PairHandleBenchmarks.Advance: Job-TZECNT(IterationCount=16, IterationTime=200ms, WarmupCount=8) [Shape=PairAlternating8]
//   PairHandleBenchmarks.Advance: InProcess(Toolchain=InProcessEmitToolchain) [Shape=PairAlternating8]
//   PairHandleBenchmarks.Advance: Job-TZECNT(IterationCount=16, IterationTime=200ms, WarmupCount=8) [Shape=PairRuns8Waves]
//   PairHandleBenchmarks.Advance: InProcess(Toolchain=InProcessEmitToolchain) [Shape=PairRuns8Waves]
//   PairHandleBenchmarks.Advance: Job-TZECNT(IterationCount=16, IterationTime=200ms, WarmupCount=8) [Shape=PairBlocks8Waves]
//   PairHandleBenchmarks.Advance: InProcess(Toolchain=InProcessEmitToolchain) [Shape=PairBlocks8Waves]
//   PairHandleBenchmarks.Advance: Job-TZECNT(IterationCount=16, IterationTime=200ms, WarmupCount=8) [Shape=PairA(...)Waves [21]]
//   PairHandleBenchmarks.Advance: InProcess(Toolchain=InProcessEmitToolchain) [Shape=PairA(...)Waves [21]]

// **************************
// Benchmark: PairHandleBenchmarks.Advance: Job-TZECNT(IterationCount=16, IterationTime=200ms, WarmupCount=8) [Shape=LaneUniform]
// *** Execute ***
// Launch: 1 / 1
// Execute: dotnet PairHandles-Job-TZECNT-1.dll --anonymousPipes 138 139 --benchmarkName "Tl.PairHandlesProbe.PairHandleBenchmarks.Advance(Shape: LaneUniform)" --job "IterationCount=16, IterationTime=200ms, WarmupCount=8" --benchmarkId 0 in /home/i/GitHub/tl-perf167/benchmarks/PairHandles/bin/Release/net10.0/PairHandles-Job-TZECNT-1/bin/Release/net10.0
// Failed to set up high priority (Permission denied). In order to run benchmarks with high priority, make sure you have the right permissions.
// BeforeAnythingElse

// Benchmark Process Environment Information:
// BenchmarkDotNet v0.15.8
// Runtime=.NET 10.0.12 (10.0.12, 10.0.1226.42308), X64 RyuJIT x86-64-v3
// GC=Concurrent Workstation
// HardwareIntrinsics=AVX2+BMI1+BMI2+F16C+FMA+LZCNT+MOVBE,AVX,SSE3+SSSE3+SSE4.1+SSE4.2+POPCNT,X86Base+SSE+SSE2,AES+PCLMUL,AvxVnni,SERIALIZE VectorSize=256
// Job: Job-TZECNT(IterationCount=16, IterationTime=200ms, WarmupCount=8)

OverheadJitting  1: 1 op, 81508.00 ns, 81.5080 us/op
WorkloadJitting  1: 1 op, 2807822.00 ns, 2.8078 ms/op

OverheadJitting  2: 16 op, 112852.00 ns, 7.0533 us/op
WorkloadJitting  2: 16 op, 590336.00 ns, 36.8960 us/op

WorkloadPilot    1: 16 op, 409243.00 ns, 25.5777 us/op
WorkloadPilot    2: 7824 op, 174534386.00 ns, 22.3076 us/op
WorkloadPilot    3: 8976 op, 171667812.00 ns, 19.1252 us/op
WorkloadPilot    4: 10464 op, 183124597.00 ns, 17.5004 us/op
WorkloadPilot    5: 11440 op, 180890238.00 ns, 15.8121 us/op
WorkloadPilot    6: 12656 op, 199331071.00 ns, 15.7499 us/op
WorkloadPilot    7: 12704 op, 203636232.00 ns, 16.0293 us/op
WorkloadPilot    8: 12480 op, 238643136.00 ns, 19.1220 us/op
WorkloadPilot    9: 10464 op, 200671965.00 ns, 19.1774 us/op

OverheadWarmup   1: 10464 op, 20166.00 ns, 1.9272 ns/op
OverheadWarmup   2: 10464 op, 19125.00 ns, 1.8277 ns/op
OverheadWarmup   3: 10464 op, 19015.00 ns, 1.8172 ns/op
OverheadWarmup   4: 10464 op, 18994.00 ns, 1.8152 ns/op
OverheadWarmup   5: 10464 op, 19085.00 ns, 1.8239 ns/op
OverheadWarmup   6: 10464 op, 18991.00 ns, 1.8149 ns/op
OverheadWarmup   7: 10464 op, 19125.00 ns, 1.8277 ns/op
OverheadWarmup   8: 10464 op, 18986.00 ns, 1.8144 ns/op

OverheadActual   1: 10464 op, 19321.00 ns, 1.8464 ns/op
OverheadActual   2: 10464 op, 19267.00 ns, 1.8413 ns/op
OverheadActual   3: 10464 op, 20336.00 ns, 1.9434 ns/op
OverheadActual   4: 10464 op, 19911.00 ns, 1.9028 ns/op
OverheadActual   5: 10464 op, 20164.00 ns, 1.9270 ns/op
OverheadActual   6: 10464 op, 19729.00 ns, 1.8854 ns/op
OverheadActual   7: 10464 op, 19674.00 ns, 1.8802 ns/op
OverheadActual   8: 10464 op, 19614.00 ns, 1.8744 ns/op
OverheadActual   9: 10464 op, 19679.00 ns, 1.8806 ns/op
OverheadActual  10: 10464 op, 19656.00 ns, 1.8784 ns/op
OverheadActual  11: 10464 op, 19794.00 ns, 1.8916 ns/op
OverheadActual  12: 10464 op, 19696.00 ns, 1.8823 ns/op
OverheadActual  13: 10464 op, 19607.00 ns, 1.8738 ns/op
OverheadActual  14: 10464 op, 19810.00 ns, 1.8932 ns/op
OverheadActual  15: 10464 op, 19677.00 ns, 1.8804 ns/op

WorkloadWarmup   1: 10464 op, 165241369.00 ns, 15.7914 us/op
WorkloadWarmup   2: 10464 op, 165190350.00 ns, 15.7865 us/op
WorkloadWarmup   3: 10464 op, 166298236.00 ns, 15.8924 us/op
WorkloadWarmup   4: 10464 op, 165298851.00 ns, 15.7969 us/op
WorkloadWarmup   5: 10464 op, 164995826.00 ns, 15.7679 us/op
WorkloadWarmup   6: 10464 op, 165185906.00 ns, 15.7861 us/op
WorkloadWarmup   7: 10464 op, 165322496.00 ns, 15.7992 us/op
WorkloadWarmup   8: 10464 op, 165348648.00 ns, 15.8017 us/op

// BeforeActualRun
WorkloadActual   1: 10464 op, 165304920.00 ns, 15.7975 us/op
WorkloadActual   2: 10464 op, 165206654.00 ns, 15.7881 us/op
WorkloadActual   3: 10464 op, 165802492.00 ns, 15.8450 us/op
WorkloadActual   4: 10464 op, 166877505.00 ns, 15.9478 us/op
WorkloadActual   5: 10464 op, 165320955.00 ns, 15.7990 us/op
WorkloadActual   6: 10464 op, 165198179.00 ns, 15.7873 us/op
WorkloadActual   7: 10464 op, 165191977.00 ns, 15.7867 us/op
WorkloadActual   8: 10464 op, 165702233.00 ns, 15.8355 us/op
WorkloadActual   9: 10464 op, 165483899.00 ns, 15.8146 us/op
WorkloadActual  10: 10464 op, 166258305.00 ns, 15.8886 us/op
WorkloadActual  11: 10464 op, 165330677.00 ns, 15.8000 us/op
WorkloadActual  12: 10464 op, 165580500.00 ns, 15.8238 us/op
WorkloadActual  13: 10464 op, 166250194.00 ns, 15.8878 us/op
WorkloadActual  14: 10464 op, 165754783.00 ns, 15.8405 us/op
WorkloadActual  15: 10464 op, 167165582.00 ns, 15.9753 us/op
WorkloadActual  16: 10464 op, 166401389.00 ns, 15.9023 us/op

// AfterActualRun
WorkloadResult   1: 10464 op, 165285241.00 ns, 15.7956 us/op
WorkloadResult   2: 10464 op, 165186975.00 ns, 15.7862 us/op
WorkloadResult   3: 10464 op, 165782813.00 ns, 15.8432 us/op
WorkloadResult   4: 10464 op, 166857826.00 ns, 15.9459 us/op
WorkloadResult   5: 10464 op, 165301276.00 ns, 15.7971 us/op
WorkloadResult   6: 10464 op, 165178500.00 ns, 15.7854 us/op
WorkloadResult   7: 10464 op, 165172298.00 ns, 15.7848 us/op
WorkloadResult   8: 10464 op, 165682554.00 ns, 15.8336 us/op
WorkloadResult   9: 10464 op, 165464220.00 ns, 15.8127 us/op
WorkloadResult  10: 10464 op, 166238626.00 ns, 15.8867 us/op
WorkloadResult  11: 10464 op, 165310998.00 ns, 15.7981 us/op
WorkloadResult  12: 10464 op, 165560821.00 ns, 15.8219 us/op
WorkloadResult  13: 10464 op, 166230515.00 ns, 15.8859 us/op
WorkloadResult  14: 10464 op, 165735104.00 ns, 15.8386 us/op
WorkloadResult  15: 10464 op, 167145903.00 ns, 15.9734 us/op
WorkloadResult  16: 10464 op, 166381710.00 ns, 15.9004 us/op
// GC:  0 0 0 0 10464
// Threading:  0 0 10464

// AfterAll
// Benchmark Process 21115 has exited with code 0.

Mean = 15.843 μs, StdErr = 0.015 μs (0.09%), N = 16, StdDev = 0.059 μs
Min = 15.785 μs, Q1 = 15.797 μs, Median = 15.828 μs, Q3 = 15.886 μs, Max = 15.973 μs
IQR = 0.089 μs, LowerFence = 15.663 μs, UpperFence = 16.020 μs
ConfidenceInterval = [15.783 μs; 15.903 μs] (CI 99.9%), Margin = 0.060 μs (0.38% of Mean)
Skewness = 0.83, Kurtosis = 2.38, MValue = 2

// ** Remained 13 (92.9 %) benchmark(s) to run. Estimated finish 2026-09-18 1:31 (0h 1m from now) **
// **************************
// Benchmark: PairHandleBenchmarks.Advance: InProcess(Toolchain=InProcessEmitToolchain) [Shape=LaneUniform]
// *** Execute ***
// Launch: 1 / 1
// ! Failed to set up priority High for process System.Diagnostics.Process (PairHandles). Make sure you have the right permissions. Message: Permission denied

// Benchmark Process Environment Information:
// BenchmarkDotNet v0.15.8
// Runtime=.NET 10.0.12 (10.0.12, 10.0.1226.42308), X64 RyuJIT x86-64-v3
// GC=Concurrent Workstation
// HardwareIntrinsics=AVX2+BMI1+BMI2+F16C+FMA+LZCNT+MOVBE,AVX,SSE3+SSSE3+SSE4.1+SSE4.2+POPCNT,X86Base+SSE+SSE2,AES+PCLMUL,AvxVnni,SERIALIZE VectorSize=256
// Job: Job-JWQWGO(Toolchain=InProcessEmitToolchain)

OverheadJitting  1: 1 op, 89344.00 ns, 89.3440 us/op
WorkloadJitting  1: 1 op, 1613646.00 ns, 1.6136 ms/op

OverheadJitting  2: 16 op, 121600.00 ns, 7.6000 us/op
WorkloadJitting  2: 16 op, 631119.00 ns, 39.4449 us/op

WorkloadPilot    1: 16 op, 436569.00 ns, 27.2856 us/op
WorkloadPilot    2: 32 op, 797553.00 ns, 24.9235 us/op
WorkloadPilot    3: 64 op, 1479188.00 ns, 23.1123 us/op
WorkloadPilot    4: 128 op, 2873552.00 ns, 22.4496 us/op
WorkloadPilot    5: 256 op, 5817209.00 ns, 22.7235 us/op
WorkloadPilot    6: 512 op, 11346147.00 ns, 22.1604 us/op
WorkloadPilot    7: 1024 op, 22455357.00 ns, 21.9291 us/op
WorkloadPilot    8: 2048 op, 45064582.00 ns, 22.0042 us/op
WorkloadPilot    9: 4096 op, 92479882.00 ns, 22.5781 us/op
WorkloadPilot   10: 8192 op, 171050671.00 ns, 20.8802 us/op
WorkloadPilot   11: 16384 op, 271299281.00 ns, 16.5588 us/op
WorkloadPilot   12: 32768 op, 538844809.00 ns, 16.4442 us/op

OverheadWarmup   1: 32768 op, 53838.00 ns, 1.6430 ns/op
OverheadWarmup   2: 32768 op, 44736.00 ns, 1.3652 ns/op
OverheadWarmup   3: 32768 op, 43937.00 ns, 1.3409 ns/op
OverheadWarmup   4: 32768 op, 43691.00 ns, 1.3333 ns/op
OverheadWarmup   5: 32768 op, 43636.00 ns, 1.3317 ns/op
OverheadWarmup   6: 32768 op, 42106.00 ns, 1.2850 ns/op
OverheadWarmup   7: 32768 op, 44919.00 ns, 1.3708 ns/op
OverheadWarmup   8: 32768 op, 42200.00 ns, 1.2878 ns/op
OverheadWarmup   9: 32768 op, 42128.00 ns, 1.2856 ns/op
OverheadWarmup  10: 32768 op, 42860.00 ns, 1.3080 ns/op

OverheadActual   1: 32768 op, 43044.00 ns, 1.3136 ns/op
OverheadActual   2: 32768 op, 43818.00 ns, 1.3372 ns/op
OverheadActual   3: 32768 op, 43053.00 ns, 1.3139 ns/op
OverheadActual   4: 32768 op, 42269.00 ns, 1.2899 ns/op
OverheadActual   5: 32768 op, 45680.00 ns, 1.3940 ns/op
OverheadActual   6: 32768 op, 43796.00 ns, 1.3365 ns/op
OverheadActual   7: 32768 op, 65231.00 ns, 1.9907 ns/op
OverheadActual   8: 32768 op, 51986.00 ns, 1.5865 ns/op
OverheadActual   9: 32768 op, 43052.00 ns, 1.3138 ns/op
OverheadActual  10: 32768 op, 46775.00 ns, 1.4275 ns/op
OverheadActual  11: 32768 op, 42943.00 ns, 1.3105 ns/op
OverheadActual  12: 32768 op, 42872.00 ns, 1.3083 ns/op
OverheadActual  13: 32768 op, 42873.00 ns, 1.3084 ns/op
OverheadActual  14: 32768 op, 42927.00 ns, 1.3100 ns/op
OverheadActual  15: 32768 op, 42842.00 ns, 1.3074 ns/op

WorkloadWarmup   1: 32768 op, 553090067.00 ns, 16.8790 us/op
WorkloadWarmup   2: 32768 op, 537337055.00 ns, 16.3982 us/op
WorkloadWarmup   3: 32768 op, 558493781.00 ns, 17.0439 us/op
WorkloadWarmup   4: 32768 op, 585526252.00 ns, 17.8688 us/op
WorkloadWarmup   5: 32768 op, 560777879.00 ns, 17.1136 us/op
WorkloadWarmup   6: 32768 op, 528162859.00 ns, 16.1183 us/op
WorkloadWarmup   7: 32768 op, 541789385.00 ns, 16.5341 us/op
WorkloadWarmup   8: 32768 op, 530015290.00 ns, 16.1748 us/op

WorkloadActual   1: 32768 op, 529159728.00 ns, 16.1487 us/op
WorkloadActual   2: 32768 op, 588028998.00 ns, 17.9452 us/op
WorkloadActual   3: 32768 op, 527079113.00 ns, 16.0852 us/op
WorkloadActual   4: 32768 op, 527147660.00 ns, 16.0873 us/op
WorkloadActual   5: 32768 op, 533827138.00 ns, 16.2911 us/op
WorkloadActual   6: 32768 op, 558668620.00 ns, 17.0492 us/op
WorkloadActual   7: 32768 op, 558897133.00 ns, 17.0562 us/op
WorkloadActual   8: 32768 op, 557841284.00 ns, 17.0240 us/op
WorkloadActual   9: 32768 op, 560732151.00 ns, 17.1122 us/op
WorkloadActual  10: 32768 op, 536103222.00 ns, 16.3606 us/op
WorkloadActual  11: 32768 op, 543964569.00 ns, 16.6005 us/op
WorkloadActual  12: 32768 op, 532032825.00 ns, 16.2364 us/op
WorkloadActual  13: 32768 op, 528842407.00 ns, 16.1390 us/op
WorkloadActual  14: 32768 op, 532592116.00 ns, 16.2534 us/op
WorkloadActual  15: 32768 op, 568326625.00 ns, 17.3440 us/op
WorkloadActual  16: 32768 op, 535856908.00 ns, 16.3531 us/op
WorkloadActual  17: 32768 op, 531407630.00 ns, 16.2173 us/op
WorkloadActual  18: 32768 op, 545170048.00 ns, 16.6373 us/op
WorkloadActual  19: 32768 op, 535268622.00 ns, 16.3351 us/op
WorkloadActual  20: 32768 op, 531367727.00 ns, 16.2161 us/op
WorkloadActual  21: 32768 op, 526712423.00 ns, 16.0740 us/op
WorkloadActual  22: 32768 op, 527353207.00 ns, 16.0935 us/op
WorkloadActual  23: 32768 op, 527196294.00 ns, 16.0888 us/op
WorkloadActual  24: 32768 op, 527060832.00 ns, 16.0846 us/op

WorkloadResult   1: 32768 op, 529116676.00 ns, 16.1474 us/op
WorkloadResult   2: 32768 op, 527036061.00 ns, 16.0839 us/op
WorkloadResult   3: 32768 op, 527104608.00 ns, 16.0860 us/op
WorkloadResult   4: 32768 op, 533784086.00 ns, 16.2898 us/op
WorkloadResult   5: 32768 op, 558625568.00 ns, 17.0479 us/op
WorkloadResult   6: 32768 op, 558854081.00 ns, 17.0549 us/op
WorkloadResult   7: 32768 op, 557798232.00 ns, 17.0227 us/op
WorkloadResult   8: 32768 op, 560689099.00 ns, 17.1109 us/op
WorkloadResult   9: 32768 op, 536060170.00 ns, 16.3593 us/op
WorkloadResult  10: 32768 op, 543921517.00 ns, 16.5992 us/op
WorkloadResult  11: 32768 op, 531989773.00 ns, 16.2350 us/op
WorkloadResult  12: 32768 op, 528799355.00 ns, 16.1377 us/op
WorkloadResult  13: 32768 op, 532549064.00 ns, 16.2521 us/op
WorkloadResult  14: 32768 op, 568283573.00 ns, 17.3426 us/op
WorkloadResult  15: 32768 op, 535813856.00 ns, 16.3517 us/op
WorkloadResult  16: 32768 op, 531364578.00 ns, 16.2160 us/op
WorkloadResult  17: 32768 op, 545126996.00 ns, 16.6360 us/op
WorkloadResult  18: 32768 op, 535225570.00 ns, 16.3338 us/op
WorkloadResult  19: 32768 op, 531324675.00 ns, 16.2147 us/op
WorkloadResult  20: 32768 op, 526669371.00 ns, 16.0727 us/op
WorkloadResult  21: 32768 op, 527310155.00 ns, 16.0922 us/op
WorkloadResult  22: 32768 op, 527153242.00 ns, 16.0874 us/op
WorkloadResult  23: 32768 op, 527017780.00 ns, 16.0833 us/op
// GC:  0 0 0 0 32768
// Threading:  0 0 32768


Mean = 16.429 μs, StdErr = 0.084 μs (0.51%), N = 23, StdDev = 0.403 μs
Min = 16.073 μs, Q1 = 16.115 μs, Median = 16.252 μs, Q3 = 16.618 μs, Max = 17.343 μs
IQR = 0.503 μs, LowerFence = 15.361 μs, UpperFence = 17.371 μs
ConfidenceInterval = [16.110 μs; 16.747 μs] (CI 99.9%), Margin = 0.319 μs (1.94% of Mean)
Skewness = 0.97, Kurtosis = 2.38, MValue = 2.38

// ** Remained 12 (85.7 %) benchmark(s) to run. Estimated finish 2026-09-18 1:32 (0h 2m from now) **
// **************************
// Benchmark: PairHandleBenchmarks.Advance: Job-TZECNT(IterationCount=16, IterationTime=200ms, WarmupCount=8) [Shape=PairOne]
// *** Execute ***
// Launch: 1 / 1
// Execute: dotnet PairHandles-Job-TZECNT-1.dll --anonymousPipes 118 119 --benchmarkName "Tl.PairHandlesProbe.PairHandleBenchmarks.Advance(Shape: PairOne)" --job "IterationCount=16, IterationTime=200ms, WarmupCount=8" --benchmarkId 1 in /home/i/GitHub/tl-perf167/benchmarks/PairHandles/bin/Release/net10.0/PairHandles-Job-TZECNT-1/bin/Release/net10.0
// Failed to set up high priority (Permission denied). In order to run benchmarks with high priority, make sure you have the right permissions.
// BeforeAnythingElse

// Benchmark Process Environment Information:
// BenchmarkDotNet v0.15.8
// Runtime=.NET 10.0.12 (10.0.12, 10.0.1226.42308), X64 RyuJIT x86-64-v3
// GC=Concurrent Workstation
// HardwareIntrinsics=AVX2+BMI1+BMI2+F16C+FMA+LZCNT+MOVBE,AVX,SSE3+SSSE3+SSE4.1+SSE4.2+POPCNT,X86Base+SSE+SSE2,AES+PCLMUL,AvxVnni,SERIALIZE VectorSize=256
// Job: Job-TZECNT(IterationCount=16, IterationTime=200ms, WarmupCount=8)

OverheadJitting  1: 1 op, 86853.00 ns, 86.8530 us/op
WorkloadJitting  1: 1 op, 3355648.00 ns, 3.3556 ms/op

OverheadJitting  2: 16 op, 110787.00 ns, 6.9242 us/op
WorkloadJitting  2: 16 op, 1007980.00 ns, 62.9988 us/op

WorkloadPilot    1: 16 op, 711859.00 ns, 44.4912 us/op
WorkloadPilot    2: 4496 op, 149535911.00 ns, 33.2598 us/op
WorkloadPilot    3: 6016 op, 110006621.00 ns, 18.2857 us/op
WorkloadPilot    4: 10944 op, 199693243.00 ns, 18.2468 us/op
WorkloadPilot    5: 10976 op, 200048924.00 ns, 18.2260 us/op

OverheadWarmup   1: 10976 op, 21746.00 ns, 1.9812 ns/op
OverheadWarmup   2: 10976 op, 20851.00 ns, 1.8997 ns/op
OverheadWarmup   3: 10976 op, 20910.00 ns, 1.9051 ns/op
OverheadWarmup   4: 10976 op, 20775.00 ns, 1.8928 ns/op
OverheadWarmup   5: 10976 op, 20888.00 ns, 1.9031 ns/op
OverheadWarmup   6: 10976 op, 20801.00 ns, 1.8951 ns/op

OverheadActual   1: 10976 op, 20997.00 ns, 1.9130 ns/op
OverheadActual   2: 10976 op, 20935.00 ns, 1.9073 ns/op
OverheadActual   3: 10976 op, 20920.00 ns, 1.9060 ns/op
OverheadActual   4: 10976 op, 20730.00 ns, 1.8887 ns/op
OverheadActual   5: 10976 op, 20898.00 ns, 1.9040 ns/op
OverheadActual   6: 10976 op, 20836.00 ns, 1.8983 ns/op
OverheadActual   7: 10976 op, 20683.00 ns, 1.8844 ns/op
OverheadActual   8: 10976 op, 20696.00 ns, 1.8856 ns/op
OverheadActual   9: 10976 op, 20693.00 ns, 1.8853 ns/op
OverheadActual  10: 10976 op, 20700.00 ns, 1.8859 ns/op
OverheadActual  11: 10976 op, 20702.00 ns, 1.8861 ns/op
OverheadActual  12: 10976 op, 20886.00 ns, 1.9029 ns/op
OverheadActual  13: 10976 op, 20721.00 ns, 1.8878 ns/op
OverheadActual  14: 10976 op, 20669.00 ns, 1.8831 ns/op
OverheadActual  15: 10976 op, 20660.00 ns, 1.8823 ns/op

WorkloadWarmup   1: 10976 op, 211168849.00 ns, 19.2391 us/op
WorkloadWarmup   2: 10976 op, 200293947.00 ns, 18.2484 us/op
WorkloadWarmup   3: 10976 op, 202503685.00 ns, 18.4497 us/op
WorkloadWarmup   4: 10976 op, 212211917.00 ns, 19.3342 us/op
WorkloadWarmup   5: 10976 op, 212621769.00 ns, 19.3715 us/op
WorkloadWarmup   6: 10976 op, 212350464.00 ns, 19.3468 us/op
WorkloadWarmup   7: 10976 op, 214096534.00 ns, 19.5059 us/op
WorkloadWarmup   8: 10976 op, 213917417.00 ns, 19.4896 us/op

// BeforeActualRun
WorkloadActual   1: 10976 op, 212181173.00 ns, 19.3314 us/op
WorkloadActual   2: 10976 op, 212218115.00 ns, 19.3347 us/op
WorkloadActual   3: 10976 op, 212376727.00 ns, 19.3492 us/op
WorkloadActual   4: 10976 op, 212246596.00 ns, 19.3373 us/op
WorkloadActual   5: 10976 op, 205520293.00 ns, 18.7245 us/op
WorkloadActual   6: 10976 op, 208894967.00 ns, 19.0320 us/op
WorkloadActual   7: 10976 op, 212236262.00 ns, 19.3364 us/op
WorkloadActual   8: 10976 op, 212315215.00 ns, 19.3436 us/op
WorkloadActual   9: 10976 op, 212394934.00 ns, 19.3509 us/op
WorkloadActual  10: 10976 op, 226596981.00 ns, 20.6448 us/op
WorkloadActual  11: 10976 op, 219694228.00 ns, 20.0159 us/op
WorkloadActual  12: 10976 op, 216039609.00 ns, 19.6829 us/op
WorkloadActual  13: 10976 op, 239013995.00 ns, 21.7761 us/op
WorkloadActual  14: 10976 op, 222748128.00 ns, 20.2941 us/op
WorkloadActual  15: 10976 op, 212346891.00 ns, 19.3465 us/op
WorkloadActual  16: 10976 op, 212025242.00 ns, 19.3172 us/op

// AfterActualRun
WorkloadResult   1: 10976 op, 212160452.00 ns, 19.3295 us/op
WorkloadResult   2: 10976 op, 212197394.00 ns, 19.3329 us/op
WorkloadResult   3: 10976 op, 212356006.00 ns, 19.3473 us/op
WorkloadResult   4: 10976 op, 212225875.00 ns, 19.3354 us/op
WorkloadResult   5: 10976 op, 205499572.00 ns, 18.7226 us/op
WorkloadResult   6: 10976 op, 208874246.00 ns, 19.0301 us/op
WorkloadResult   7: 10976 op, 212215541.00 ns, 19.3345 us/op
WorkloadResult   8: 10976 op, 212294494.00 ns, 19.3417 us/op
WorkloadResult   9: 10976 op, 212374213.00 ns, 19.3490 us/op
WorkloadResult  10: 10976 op, 219673507.00 ns, 20.0140 us/op
WorkloadResult  11: 10976 op, 216018888.00 ns, 19.6810 us/op
WorkloadResult  12: 10976 op, 222727407.00 ns, 20.2922 us/op
WorkloadResult  13: 10976 op, 212326170.00 ns, 19.3446 us/op
WorkloadResult  14: 10976 op, 212004521.00 ns, 19.3153 us/op
// GC:  0 0 0 0 10976
// Threading:  0 0 10976

// AfterAll
// Benchmark Process 21397 has exited with code 0.

Mean = 19.412 μs, StdErr = 0.102 μs (0.52%), N = 14, StdDev = 0.381 μs
Min = 18.723 μs, Q1 = 19.330 μs, Median = 19.339 μs, Q3 = 19.349 μs, Max = 20.292 μs
IQR = 0.018 μs, LowerFence = 19.303 μs, UpperFence = 19.376 μs
ConfidenceInterval = [18.983 μs; 19.841 μs] (CI 99.9%), Margin = 0.429 μs (2.21% of Mean)
Skewness = 0.69, Kurtosis = 3.35, MValue = 2

// ** Remained 11 (78.6 %) benchmark(s) to run. Estimated finish 2026-09-18 1:32 (0h 1m from now) **
// **************************
// Benchmark: PairHandleBenchmarks.Advance: InProcess(Toolchain=InProcessEmitToolchain) [Shape=PairOne]
// *** Execute ***
// Launch: 1 / 1
// ! Failed to set up priority High for process System.Diagnostics.Process (PairHandles). Make sure you have the right permissions. Message: Permission denied

// Benchmark Process Environment Information:
// BenchmarkDotNet v0.15.8
// Runtime=.NET 10.0.12 (10.0.12, 10.0.1226.42308), X64 RyuJIT x86-64-v3
// GC=Concurrent Workstation
// HardwareIntrinsics=AVX2+BMI1+BMI2+F16C+FMA+LZCNT+MOVBE,AVX,SSE3+SSSE3+SSE4.1+SSE4.2+POPCNT,X86Base+SSE+SSE2,AES+PCLMUL,AvxVnni,SERIALIZE VectorSize=256
// Job: Job-JWQWGO(Toolchain=InProcessEmitToolchain)

OverheadJitting  1: 1 op, 98249.00 ns, 98.2490 us/op
WorkloadJitting  1: 1 op, 140054.00 ns, 140.0540 us/op

OverheadJitting  2: 16 op, 131326.00 ns, 8.2079 us/op
WorkloadJitting  2: 16 op, 824107.00 ns, 51.5067 us/op

WorkloadPilot    1: 16 op, 700981.00 ns, 43.8113 us/op
WorkloadPilot    2: 32 op, 2989959.00 ns, 93.4362 us/op
WorkloadPilot    3: 64 op, 9517415.00 ns, 148.7096 us/op
WorkloadPilot    4: 128 op, 6777583.00 ns, 52.9499 us/op
WorkloadPilot    5: 256 op, 11094562.00 ns, 43.3381 us/op
WorkloadPilot    6: 512 op, 20200482.00 ns, 39.4541 us/op
WorkloadPilot    7: 1024 op, 40046866.00 ns, 39.1083 us/op
WorkloadPilot    8: 2048 op, 81755459.00 ns, 39.9197 us/op
WorkloadPilot    9: 4096 op, 125379671.00 ns, 30.6103 us/op
WorkloadPilot   10: 8192 op, 153888023.00 ns, 18.7852 us/op
WorkloadPilot   11: 16384 op, 317593449.00 ns, 19.3844 us/op
WorkloadPilot   12: 32768 op, 613296327.00 ns, 18.7163 us/op

OverheadWarmup   1: 32768 op, 44611.00 ns, 1.3614 ns/op
OverheadWarmup   2: 32768 op, 42282.00 ns, 1.2903 ns/op
OverheadWarmup   3: 32768 op, 42248.00 ns, 1.2893 ns/op
OverheadWarmup   4: 32768 op, 42211.00 ns, 1.2882 ns/op
OverheadWarmup   5: 32768 op, 42201.00 ns, 1.2879 ns/op
OverheadWarmup   6: 32768 op, 42113.00 ns, 1.2852 ns/op
OverheadWarmup   7: 32768 op, 42079.00 ns, 1.2841 ns/op
OverheadWarmup   8: 32768 op, 42106.00 ns, 1.2850 ns/op
OverheadWarmup   9: 32768 op, 42100.00 ns, 1.2848 ns/op
OverheadWarmup  10: 32768 op, 42321.00 ns, 1.2915 ns/op

OverheadActual   1: 32768 op, 42152.00 ns, 1.2864 ns/op
OverheadActual   2: 32768 op, 42035.00 ns, 1.2828 ns/op
OverheadActual   3: 32768 op, 43698.00 ns, 1.3336 ns/op
OverheadActual   4: 32768 op, 42085.00 ns, 1.2843 ns/op
OverheadActual   5: 32768 op, 42065.00 ns, 1.2837 ns/op
OverheadActual   6: 32768 op, 42076.00 ns, 1.2841 ns/op
OverheadActual   7: 32768 op, 42092.00 ns, 1.2845 ns/op
OverheadActual   8: 32768 op, 42093.00 ns, 1.2846 ns/op
OverheadActual   9: 32768 op, 42057.00 ns, 1.2835 ns/op
OverheadActual  10: 32768 op, 42086.00 ns, 1.2844 ns/op
OverheadActual  11: 32768 op, 42820.00 ns, 1.3068 ns/op
OverheadActual  12: 32768 op, 42046.00 ns, 1.2831 ns/op
OverheadActual  13: 32768 op, 42058.00 ns, 1.2835 ns/op
OverheadActual  14: 32768 op, 43697.00 ns, 1.3335 ns/op
OverheadActual  15: 32768 op, 42076.00 ns, 1.2841 ns/op

WorkloadWarmup   1: 32768 op, 619820353.00 ns, 18.9154 us/op
WorkloadWarmup   2: 32768 op, 625547812.00 ns, 19.0902 us/op
WorkloadWarmup   3: 32768 op, 600552030.00 ns, 18.3274 us/op
WorkloadWarmup   4: 32768 op, 596832896.00 ns, 18.2139 us/op
WorkloadWarmup   5: 32768 op, 593169183.00 ns, 18.1021 us/op
WorkloadWarmup   6: 32768 op, 628520600.00 ns, 19.1809 us/op
WorkloadWarmup   7: 32768 op, 638256220.00 ns, 19.4780 us/op
WorkloadWarmup   8: 32768 op, 596380824.00 ns, 18.2001 us/op

WorkloadActual   1: 32768 op, 592281822.00 ns, 18.0750 us/op
WorkloadActual   2: 32768 op, 628180719.00 ns, 19.1706 us/op
WorkloadActual   3: 32768 op, 615671910.00 ns, 18.7888 us/op
WorkloadActual   4: 32768 op, 611134807.00 ns, 18.6504 us/op
WorkloadActual   5: 32768 op, 628894508.00 ns, 19.1923 us/op
WorkloadActual   6: 32768 op, 628941846.00 ns, 19.1938 us/op
WorkloadActual   7: 32768 op, 592883514.00 ns, 18.0934 us/op
WorkloadActual   8: 32768 op, 596492049.00 ns, 18.2035 us/op
WorkloadActual   9: 32768 op, 600778241.00 ns, 18.3343 us/op
WorkloadActual  10: 32768 op, 592007419.00 ns, 18.0666 us/op
WorkloadActual  11: 32768 op, 592522036.00 ns, 18.0823 us/op
WorkloadActual  12: 32768 op, 592346886.00 ns, 18.0770 us/op
WorkloadActual  13: 32768 op, 593457653.00 ns, 18.1109 us/op
WorkloadActual  14: 32768 op, 597210423.00 ns, 18.2254 us/op
WorkloadActual  15: 32768 op, 628628964.00 ns, 19.1842 us/op
WorkloadActual  16: 32768 op, 620473564.00 ns, 18.9354 us/op
WorkloadActual  17: 32768 op, 617891465.00 ns, 18.8566 us/op
WorkloadActual  18: 32768 op, 627649226.00 ns, 19.1543 us/op
WorkloadActual  19: 32768 op, 628025696.00 ns, 19.1658 us/op
WorkloadActual  20: 32768 op, 628777847.00 ns, 19.1888 us/op
WorkloadActual  21: 32768 op, 619165560.00 ns, 18.8954 us/op
WorkloadActual  22: 32768 op, 605552455.00 ns, 18.4800 us/op
WorkloadActual  23: 32768 op, 608992988.00 ns, 18.5850 us/op

WorkloadResult   1: 32768 op, 592239737.00 ns, 18.0737 us/op
WorkloadResult   2: 32768 op, 628138634.00 ns, 19.1693 us/op
WorkloadResult   3: 32768 op, 615629825.00 ns, 18.7875 us/op
WorkloadResult   4: 32768 op, 611092722.00 ns, 18.6491 us/op
WorkloadResult   5: 32768 op, 628852423.00 ns, 19.1911 us/op
WorkloadResult   6: 32768 op, 628899761.00 ns, 19.1925 us/op
WorkloadResult   7: 32768 op, 592841429.00 ns, 18.0921 us/op
WorkloadResult   8: 32768 op, 596449964.00 ns, 18.2022 us/op
WorkloadResult   9: 32768 op, 600736156.00 ns, 18.3330 us/op
WorkloadResult  10: 32768 op, 591965334.00 ns, 18.0653 us/op
WorkloadResult  11: 32768 op, 592479951.00 ns, 18.0811 us/op
WorkloadResult  12: 32768 op, 592304801.00 ns, 18.0757 us/op
WorkloadResult  13: 32768 op, 593415568.00 ns, 18.1096 us/op
WorkloadResult  14: 32768 op, 597168338.00 ns, 18.2241 us/op
WorkloadResult  15: 32768 op, 628586879.00 ns, 19.1829 us/op
WorkloadResult  16: 32768 op, 620431479.00 ns, 18.9341 us/op
WorkloadResult  17: 32768 op, 617849380.00 ns, 18.8553 us/op
WorkloadResult  18: 32768 op, 627607141.00 ns, 19.1530 us/op
WorkloadResult  19: 32768 op, 627983611.00 ns, 19.1645 us/op
WorkloadResult  20: 32768 op, 628735762.00 ns, 19.1875 us/op
WorkloadResult  21: 32768 op, 619123475.00 ns, 18.8941 us/op
WorkloadResult  22: 32768 op, 605510370.00 ns, 18.4787 us/op
WorkloadResult  23: 32768 op, 608950903.00 ns, 18.5837 us/op
// GC:  0 0 0 4320 32768
// Threading:  0 0 32768


Mean = 18.638 μs, StdErr = 0.095 μs (0.51%), N = 23, StdDev = 0.457 μs
Min = 18.065 μs, Q1 = 18.156 μs, Median = 18.649 μs, Q3 = 19.159 μs, Max = 19.192 μs
IQR = 1.003 μs, LowerFence = 16.652 μs, UpperFence = 20.663 μs
ConfidenceInterval = [18.277 μs; 19.000 μs] (CI 99.9%), Margin = 0.361 μs (1.94% of Mean)
Skewness = -0.03, Kurtosis = 1.25, MValue = 2

// ** Remained 10 (71.4 %) benchmark(s) to run. Estimated finish 2026-09-18 1:33 (0h 2m from now) **
// **************************
// Benchmark: PairHandleBenchmarks.Advance: Job-TZECNT(IterationCount=16, IterationTime=200ms, WarmupCount=8) [Shape=PairRuns8]
// *** Execute ***
// Launch: 1 / 1
// Execute: dotnet PairHandles-Job-TZECNT-1.dll --anonymousPipes 118 119 --benchmarkName "Tl.PairHandlesProbe.PairHandleBenchmarks.Advance(Shape: PairRuns8)" --job "IterationCount=16, IterationTime=200ms, WarmupCount=8" --benchmarkId 2 in /home/i/GitHub/tl-perf167/benchmarks/PairHandles/bin/Release/net10.0/PairHandles-Job-TZECNT-1/bin/Release/net10.0
// Failed to set up high priority (Permission denied). In order to run benchmarks with high priority, make sure you have the right permissions.
// BeforeAnythingElse

// Benchmark Process Environment Information:
// BenchmarkDotNet v0.15.8
// Runtime=.NET 10.0.12 (10.0.12, 10.0.1226.42308), X64 RyuJIT x86-64-v3
// GC=Concurrent Workstation
// HardwareIntrinsics=AVX2+BMI1+BMI2+F16C+FMA+LZCNT+MOVBE,AVX,SSE3+SSSE3+SSE4.1+SSE4.2+POPCNT,X86Base+SSE+SSE2,AES+PCLMUL,AvxVnni,SERIALIZE VectorSize=256
// Job: Job-TZECNT(IterationCount=16, IterationTime=200ms, WarmupCount=8)

OverheadJitting  1: 1 op, 83789.00 ns, 83.7890 us/op
WorkloadJitting  1: 1 op, 4180538.00 ns, 4.1805 ms/op

OverheadJitting  2: 16 op, 98788.00 ns, 6.1743 us/op
WorkloadJitting  2: 16 op, 2227971.00 ns, 139.2482 us/op

WorkloadPilot    1: 16 op, 1170155.00 ns, 73.1347 us/op
WorkloadPilot    2: 2736 op, 156341202.00 ns, 57.1423 us/op
WorkloadPilot    3: 3504 op, 131732198.00 ns, 37.5948 us/op
WorkloadPilot    4: 5328 op, 182687768.00 ns, 34.2882 us/op
WorkloadPilot    5: 5840 op, 198734143.00 ns, 34.0298 us/op
WorkloadPilot    6: 5888 op, 206499558.00 ns, 35.0713 us/op
WorkloadPilot    7: 5712 op, 199363877.00 ns, 34.9026 us/op
WorkloadPilot    8: 5744 op, 200623213.00 ns, 34.9274 us/op
WorkloadPilot    9: 5728 op, 199363363.00 ns, 34.8051 us/op
WorkloadPilot   10: 5760 op, 200663216.00 ns, 34.8374 us/op

OverheadWarmup   1: 5760 op, 13168.00 ns, 2.2861 ns/op
OverheadWarmup   2: 5760 op, 12066.00 ns, 2.0948 ns/op
OverheadWarmup   3: 5760 op, 12221.00 ns, 2.1217 ns/op
OverheadWarmup   4: 5760 op, 12048.00 ns, 2.0917 ns/op
OverheadWarmup   5: 5760 op, 11152.00 ns, 1.9361 ns/op
OverheadWarmup   6: 5760 op, 11134.00 ns, 1.9330 ns/op
OverheadWarmup   7: 5760 op, 11140.00 ns, 1.9340 ns/op
OverheadWarmup   8: 5760 op, 11122.00 ns, 1.9309 ns/op

OverheadActual   1: 5760 op, 10966.00 ns, 1.9038 ns/op
OverheadActual   2: 5760 op, 10768.00 ns, 1.8694 ns/op
OverheadActual   3: 5760 op, 10947.00 ns, 1.9005 ns/op
OverheadActual   4: 5760 op, 11182.00 ns, 1.9413 ns/op
OverheadActual   5: 5760 op, 10917.00 ns, 1.8953 ns/op
OverheadActual   6: 5760 op, 10737.00 ns, 1.8641 ns/op
OverheadActual   7: 5760 op, 10909.00 ns, 1.8939 ns/op
OverheadActual   8: 5760 op, 10536.00 ns, 1.8292 ns/op
OverheadActual   9: 5760 op, 10718.00 ns, 1.8608 ns/op
OverheadActual  10: 5760 op, 10522.00 ns, 1.8267 ns/op
OverheadActual  11: 5760 op, 10754.00 ns, 1.8670 ns/op
OverheadActual  12: 5760 op, 10754.00 ns, 1.8670 ns/op
OverheadActual  13: 5760 op, 10544.00 ns, 1.8306 ns/op
OverheadActual  14: 5760 op, 10532.00 ns, 1.8285 ns/op
OverheadActual  15: 5760 op, 10643.00 ns, 1.8477 ns/op

WorkloadWarmup   1: 5760 op, 201929388.00 ns, 35.0572 us/op
WorkloadWarmup   2: 5760 op, 201047957.00 ns, 34.9042 us/op
WorkloadWarmup   3: 5760 op, 201302843.00 ns, 34.9484 us/op
WorkloadWarmup   4: 5760 op, 200580620.00 ns, 34.8230 us/op
WorkloadWarmup   5: 5760 op, 200683266.00 ns, 34.8408 us/op
WorkloadWarmup   6: 5760 op, 200478427.00 ns, 34.8053 us/op
WorkloadWarmup   7: 5760 op, 201260349.00 ns, 34.9410 us/op
WorkloadWarmup   8: 5760 op, 197437015.00 ns, 34.2773 us/op

// BeforeActualRun
WorkloadActual   1: 5760 op, 189461888.00 ns, 32.8927 us/op
WorkloadActual   2: 5760 op, 193838414.00 ns, 33.6525 us/op
WorkloadActual   3: 5760 op, 197348082.00 ns, 34.2618 us/op
WorkloadActual   4: 5760 op, 197119977.00 ns, 34.2222 us/op
WorkloadActual   5: 5760 op, 194839898.00 ns, 33.8264 us/op
WorkloadActual   6: 5760 op, 194347871.00 ns, 33.7409 us/op
WorkloadActual   7: 5760 op, 194910672.00 ns, 33.8387 us/op
WorkloadActual   8: 5760 op, 189721131.00 ns, 32.9377 us/op
WorkloadActual   9: 5760 op, 192252252.00 ns, 33.3771 us/op
WorkloadActual  10: 5760 op, 192965227.00 ns, 33.5009 us/op
WorkloadActual  11: 5760 op, 193439304.00 ns, 33.5832 us/op
WorkloadActual  12: 5760 op, 198127088.00 ns, 34.3971 us/op
WorkloadActual  13: 5760 op, 200853497.00 ns, 34.8704 us/op
WorkloadActual  14: 5760 op, 201985564.00 ns, 35.0669 us/op
WorkloadActual  15: 5760 op, 200713923.00 ns, 34.8462 us/op
WorkloadActual  16: 5760 op, 201226025.00 ns, 34.9351 us/op

// AfterActualRun
WorkloadResult   1: 5760 op, 189451134.00 ns, 32.8908 us/op
WorkloadResult   2: 5760 op, 193827660.00 ns, 33.6506 us/op
WorkloadResult   3: 5760 op, 197337328.00 ns, 34.2600 us/op
WorkloadResult   4: 5760 op, 197109223.00 ns, 34.2204 us/op
WorkloadResult   5: 5760 op, 194829144.00 ns, 33.8245 us/op
WorkloadResult   6: 5760 op, 194337117.00 ns, 33.7391 us/op
WorkloadResult   7: 5760 op, 194899918.00 ns, 33.8368 us/op
WorkloadResult   8: 5760 op, 189710377.00 ns, 32.9358 us/op
WorkloadResult   9: 5760 op, 192241498.00 ns, 33.3753 us/op
WorkloadResult  10: 5760 op, 192954473.00 ns, 33.4990 us/op
WorkloadResult  11: 5760 op, 193428550.00 ns, 33.5813 us/op
WorkloadResult  12: 5760 op, 198116334.00 ns, 34.3952 us/op
WorkloadResult  13: 5760 op, 200842743.00 ns, 34.8685 us/op
WorkloadResult  14: 5760 op, 201974810.00 ns, 35.0651 us/op
WorkloadResult  15: 5760 op, 200703169.00 ns, 34.8443 us/op
WorkloadResult  16: 5760 op, 201215271.00 ns, 34.9332 us/op
// GC:  0 0 0 0 5760
// Threading:  0 0 5760

// AfterAll
// Benchmark Process 21466 has exited with code 0.

Mean = 33.995 μs, StdErr = 0.173 μs (0.51%), N = 16, StdDev = 0.691 μs
Min = 32.891 μs, Q1 = 33.561 μs, Median = 33.831 μs, Q3 = 34.507 μs, Max = 35.065 μs
IQR = 0.947 μs, LowerFence = 32.141 μs, UpperFence = 35.928 μs
ConfidenceInterval = [33.291 μs; 34.699 μs] (CI 99.9%), Margin = 0.704 μs (2.07% of Mean)
Skewness = 0.07, Kurtosis = 1.7, MValue = 2

// ** Remained 9 (64.3 %) benchmark(s) to run. Estimated finish 2026-09-18 1:32 (0h 1m from now) **
// **************************
// Benchmark: PairHandleBenchmarks.Advance: InProcess(Toolchain=InProcessEmitToolchain) [Shape=PairRuns8]
// *** Execute ***
// Launch: 1 / 1
// ! Failed to set up priority High for process System.Diagnostics.Process (PairHandles). Make sure you have the right permissions. Message: Permission denied

// Benchmark Process Environment Information:
// BenchmarkDotNet v0.15.8
// Runtime=.NET 10.0.12 (10.0.12, 10.0.1226.42308), X64 RyuJIT x86-64-v3
// GC=Concurrent Workstation
// HardwareIntrinsics=AVX2+BMI1+BMI2+F16C+FMA+LZCNT+MOVBE,AVX,SSE3+SSSE3+SSE4.1+SSE4.2+POPCNT,X86Base+SSE+SSE2,AES+PCLMUL,AvxVnni,SERIALIZE VectorSize=256
// Job: Job-JWQWGO(Toolchain=InProcessEmitToolchain)

OverheadJitting  1: 1 op, 118067.00 ns, 118.0670 us/op
WorkloadJitting  1: 1 op, 144821.00 ns, 144.8210 us/op

OverheadJitting  2: 16 op, 117769.00 ns, 7.3606 us/op
WorkloadJitting  2: 16 op, 933511.00 ns, 58.3444 us/op

WorkloadPilot    1: 16 op, 862982.00 ns, 53.9364 us/op
WorkloadPilot    2: 32 op, 1754504.00 ns, 54.8283 us/op
WorkloadPilot    3: 64 op, 3362297.00 ns, 52.5359 us/op
WorkloadPilot    4: 128 op, 7107874.00 ns, 55.5303 us/op
WorkloadPilot    5: 256 op, 13469047.00 ns, 52.6135 us/op
WorkloadPilot    6: 512 op, 26992803.00 ns, 52.7203 us/op
WorkloadPilot    7: 1024 op, 54233568.00 ns, 52.9625 us/op
WorkloadPilot    8: 2048 op, 107865008.00 ns, 52.6685 us/op
WorkloadPilot    9: 4096 op, 143927659.00 ns, 35.1386 us/op
WorkloadPilot   10: 8192 op, 273549161.00 ns, 33.3922 us/op
WorkloadPilot   11: 16384 op, 545655689.00 ns, 33.3042 us/op

OverheadWarmup   1: 16384 op, 23485.00 ns, 1.4334 ns/op
OverheadWarmup   2: 16384 op, 21645.00 ns, 1.3211 ns/op
OverheadWarmup   3: 16384 op, 21841.00 ns, 1.3331 ns/op
OverheadWarmup   4: 16384 op, 21821.00 ns, 1.3318 ns/op
OverheadWarmup   5: 16384 op, 21440.00 ns, 1.3086 ns/op
OverheadWarmup   6: 16384 op, 21445.00 ns, 1.3089 ns/op
OverheadWarmup   7: 16384 op, 21446.00 ns, 1.3090 ns/op
OverheadWarmup   8: 16384 op, 21816.00 ns, 1.3315 ns/op
OverheadWarmup   9: 16384 op, 21836.00 ns, 1.3328 ns/op
OverheadWarmup  10: 16384 op, 21805.00 ns, 1.3309 ns/op

OverheadActual   1: 16384 op, 21817.00 ns, 1.3316 ns/op
OverheadActual   2: 16384 op, 21424.00 ns, 1.3076 ns/op
OverheadActual   3: 16384 op, 21413.00 ns, 1.3069 ns/op
OverheadActual   4: 16384 op, 21455.00 ns, 1.3095 ns/op
OverheadActual   5: 16384 op, 21840.00 ns, 1.3330 ns/op
OverheadActual   6: 16384 op, 21834.00 ns, 1.3326 ns/op
OverheadActual   7: 16384 op, 21825.00 ns, 1.3321 ns/op
OverheadActual   8: 16384 op, 21810.00 ns, 1.3312 ns/op
OverheadActual   9: 16384 op, 21831.00 ns, 1.3325 ns/op
OverheadActual  10: 16384 op, 21828.00 ns, 1.3323 ns/op
OverheadActual  11: 16384 op, 21839.00 ns, 1.3329 ns/op
OverheadActual  12: 16384 op, 21828.00 ns, 1.3323 ns/op
OverheadActual  13: 16384 op, 22204.00 ns, 1.3552 ns/op
OverheadActual  14: 16384 op, 22222.00 ns, 1.3563 ns/op
OverheadActual  15: 16384 op, 22229.00 ns, 1.3568 ns/op

WorkloadWarmup   1: 16384 op, 546470915.00 ns, 33.3539 us/op
WorkloadWarmup   2: 16384 op, 514740287.00 ns, 31.4173 us/op
WorkloadWarmup   3: 16384 op, 513718722.00 ns, 31.3549 us/op
WorkloadWarmup   4: 16384 op, 524690519.00 ns, 32.0246 us/op
WorkloadWarmup   5: 16384 op, 546524246.00 ns, 33.3572 us/op
WorkloadWarmup   6: 16384 op, 546775133.00 ns, 33.3725 us/op
WorkloadWarmup   7: 16384 op, 546946363.00 ns, 33.3830 us/op
WorkloadWarmup   8: 16384 op, 547268518.00 ns, 33.4026 us/op
WorkloadWarmup   9: 16384 op, 546129601.00 ns, 33.3331 us/op
WorkloadWarmup  10: 16384 op, 548870681.00 ns, 33.5004 us/op
WorkloadWarmup  11: 16384 op, 515437713.00 ns, 31.4598 us/op

WorkloadActual   1: 16384 op, 516667640.00 ns, 31.5349 us/op
WorkloadActual   2: 16384 op, 527137210.00 ns, 32.1739 us/op
WorkloadActual   3: 16384 op, 516542645.00 ns, 31.5273 us/op
WorkloadActual   4: 16384 op, 544922403.00 ns, 33.2594 us/op
WorkloadActual   5: 16384 op, 545287721.00 ns, 33.2817 us/op
WorkloadActual   6: 16384 op, 527431084.00 ns, 32.1918 us/op
WorkloadActual   7: 16384 op, 538427883.00 ns, 32.8630 us/op
WorkloadActual   8: 16384 op, 529033181.00 ns, 32.2896 us/op
WorkloadActual   9: 16384 op, 541852602.00 ns, 33.0721 us/op
WorkloadActual  10: 16384 op, 516764063.00 ns, 31.5408 us/op
WorkloadActual  11: 16384 op, 519268302.00 ns, 31.6936 us/op
WorkloadActual  12: 16384 op, 522731393.00 ns, 31.9050 us/op
WorkloadActual  13: 16384 op, 516813132.00 ns, 31.5438 us/op
WorkloadActual  14: 16384 op, 518699810.00 ns, 31.6589 us/op
WorkloadActual  15: 16384 op, 517098372.00 ns, 31.5612 us/op
WorkloadActual  16: 16384 op, 514631730.00 ns, 31.4106 us/op
WorkloadActual  17: 16384 op, 513147704.00 ns, 31.3201 us/op
WorkloadActual  18: 16384 op, 514098566.00 ns, 31.3781 us/op

WorkloadResult   1: 16384 op, 516645812.00 ns, 31.5336 us/op
WorkloadResult   2: 16384 op, 527115382.00 ns, 32.1726 us/op
WorkloadResult   3: 16384 op, 516520817.00 ns, 31.5259 us/op
WorkloadResult   4: 16384 op, 544900575.00 ns, 33.2581 us/op
WorkloadResult   5: 16384 op, 545265893.00 ns, 33.2804 us/op
WorkloadResult   6: 16384 op, 527409256.00 ns, 32.1905 us/op
WorkloadResult   7: 16384 op, 538406055.00 ns, 32.8617 us/op
WorkloadResult   8: 16384 op, 529011353.00 ns, 32.2883 us/op
WorkloadResult   9: 16384 op, 541830774.00 ns, 33.0707 us/op
WorkloadResult  10: 16384 op, 516742235.00 ns, 31.5394 us/op
WorkloadResult  11: 16384 op, 519246474.00 ns, 31.6923 us/op
WorkloadResult  12: 16384 op, 522709565.00 ns, 31.9037 us/op
WorkloadResult  13: 16384 op, 516791304.00 ns, 31.5424 us/op
WorkloadResult  14: 16384 op, 518677982.00 ns, 31.6576 us/op
WorkloadResult  15: 16384 op, 517076544.00 ns, 31.5598 us/op
WorkloadResult  16: 16384 op, 514609902.00 ns, 31.4093 us/op
WorkloadResult  17: 16384 op, 513125876.00 ns, 31.3187 us/op
WorkloadResult  18: 16384 op, 514076738.00 ns, 31.3768 us/op
// GC:  0 0 0 4656 16384
// Threading:  0 0 16384


Mean = 32.010 μs, StdErr = 0.159 μs (0.50%), N = 18, StdDev = 0.675 μs
Min = 31.319 μs, Q1 = 31.535 μs, Median = 31.675 μs, Q3 = 32.264 μs, Max = 33.280 μs
IQR = 0.729 μs, LowerFence = 30.442 μs, UpperFence = 33.357 μs
ConfidenceInterval = [31.380 μs; 32.641 μs] (CI 99.9%), Margin = 0.631 μs (1.97% of Mean)
Skewness = 0.8, Kurtosis = 2.04, MValue = 2.18

// ** Remained 8 (57.1 %) benchmark(s) to run. Estimated finish 2026-09-18 1:32 (0h 1m from now) **
// **************************
// Benchmark: PairHandleBenchmarks.Advance: Job-TZECNT(IterationCount=16, IterationTime=200ms, WarmupCount=8) [Shape=PairAlternating8]
// *** Execute ***
// Launch: 1 / 1
// Execute: dotnet PairHandles-Job-TZECNT-1.dll --anonymousPipes 118 119 --benchmarkName "Tl.PairHandlesProbe.PairHandleBenchmarks.Advance(Shape: PairAlternating8)" --job "IterationCount=16, IterationTime=200ms, WarmupCount=8" --benchmarkId 3 in /home/i/GitHub/tl-perf167/benchmarks/PairHandles/bin/Release/net10.0/PairHandles-Job-TZECNT-1/bin/Release/net10.0
// Failed to set up high priority (Permission denied). In order to run benchmarks with high priority, make sure you have the right permissions.
// BeforeAnythingElse

// Benchmark Process Environment Information:
// BenchmarkDotNet v0.15.8
// Runtime=.NET 10.0.12 (10.0.12, 10.0.1226.42308), X64 RyuJIT x86-64-v3
// GC=Concurrent Workstation
// HardwareIntrinsics=AVX2+BMI1+BMI2+F16C+FMA+LZCNT+MOVBE,AVX,SSE3+SSSE3+SSE4.1+SSE4.2+POPCNT,X86Base+SSE+SSE2,AES+PCLMUL,AvxVnni,SERIALIZE VectorSize=256
// Job: Job-TZECNT(IterationCount=16, IterationTime=200ms, WarmupCount=8)

OverheadJitting  1: 1 op, 83670.00 ns, 83.6700 us/op
WorkloadJitting  1: 1 op, 2954567.00 ns, 2.9546 ms/op

OverheadJitting  2: 16 op, 100383.00 ns, 6.2739 us/op
WorkloadJitting  2: 16 op, 2794470.00 ns, 174.6544 us/op

WorkloadPilot    1: 16 op, 2524762.00 ns, 157.7976 us/op
WorkloadPilot    2: 1280 op, 163289050.00 ns, 127.5696 us/op
WorkloadPilot    3: 1568 op, 135397165.00 ns, 86.3502 us/op
WorkloadPilot    4: 2320 op, 200676456.00 ns, 86.4985 us/op

OverheadWarmup   1: 2320 op, 5677.00 ns, 2.4470 ns/op
OverheadWarmup   2: 2320 op, 4685.00 ns, 2.0194 ns/op
OverheadWarmup   3: 2320 op, 4632.00 ns, 1.9966 ns/op
OverheadWarmup   4: 2320 op, 4431.00 ns, 1.9099 ns/op
OverheadWarmup   5: 2320 op, 4488.00 ns, 1.9345 ns/op
OverheadWarmup   6: 2320 op, 4428.00 ns, 1.9086 ns/op
OverheadWarmup   7: 2320 op, 4413.00 ns, 1.9022 ns/op
OverheadWarmup   8: 2320 op, 6255.00 ns, 2.6961 ns/op
OverheadWarmup   9: 2320 op, 4428.00 ns, 1.9086 ns/op

OverheadActual   1: 2320 op, 4597.00 ns, 1.9815 ns/op
OverheadActual   2: 2320 op, 4867.00 ns, 2.0978 ns/op
OverheadActual   3: 2320 op, 4680.00 ns, 2.0172 ns/op
OverheadActual   4: 2320 op, 4547.00 ns, 1.9599 ns/op
OverheadActual   5: 2320 op, 4644.00 ns, 2.0017 ns/op
OverheadActual   6: 2320 op, 4485.00 ns, 1.9332 ns/op
OverheadActual   7: 2320 op, 4435.00 ns, 1.9116 ns/op
OverheadActual   8: 2320 op, 4437.00 ns, 1.9125 ns/op
OverheadActual   9: 2320 op, 4436.00 ns, 1.9121 ns/op
OverheadActual  10: 2320 op, 4468.00 ns, 1.9259 ns/op
OverheadActual  11: 2320 op, 4760.00 ns, 2.0517 ns/op
OverheadActual  12: 2320 op, 4498.00 ns, 1.9388 ns/op
OverheadActual  13: 2320 op, 4381.00 ns, 1.8884 ns/op
OverheadActual  14: 2320 op, 4498.00 ns, 1.9388 ns/op
OverheadActual  15: 2320 op, 4448.00 ns, 1.9172 ns/op

WorkloadWarmup   1: 2320 op, 199752263.00 ns, 86.1001 us/op
WorkloadWarmup   2: 2320 op, 200478428.00 ns, 86.4131 us/op
WorkloadWarmup   3: 2320 op, 201136387.00 ns, 86.6967 us/op
WorkloadWarmup   4: 2320 op, 199834810.00 ns, 86.1357 us/op
WorkloadWarmup   5: 2320 op, 209011746.00 ns, 90.0913 us/op
WorkloadWarmup   6: 2320 op, 202746167.00 ns, 87.3906 us/op
WorkloadWarmup   7: 2320 op, 199382649.00 ns, 85.9408 us/op
WorkloadWarmup   8: 2320 op, 200911199.00 ns, 86.5997 us/op

// BeforeActualRun
WorkloadActual   1: 2320 op, 201576323.00 ns, 86.8863 us/op
WorkloadActual   2: 2320 op, 200863348.00 ns, 86.5790 us/op
WorkloadActual   3: 2320 op, 202582619.00 ns, 87.3201 us/op
WorkloadActual   4: 2320 op, 204194012.00 ns, 88.0147 us/op
WorkloadActual   5: 2320 op, 203898384.00 ns, 87.8872 us/op
WorkloadActual   6: 2320 op, 201660688.00 ns, 86.9227 us/op
WorkloadActual   7: 2320 op, 203122312.00 ns, 87.5527 us/op
WorkloadActual   8: 2320 op, 203484648.00 ns, 87.7089 us/op
WorkloadActual   9: 2320 op, 203278105.00 ns, 87.6199 us/op
WorkloadActual  10: 2320 op, 205079077.00 ns, 88.3962 us/op
WorkloadActual  11: 2320 op, 201989969.00 ns, 87.0646 us/op
WorkloadActual  12: 2320 op, 205329718.00 ns, 88.5042 us/op
WorkloadActual  13: 2320 op, 206899610.00 ns, 89.1809 us/op
WorkloadActual  14: 2320 op, 206192179.00 ns, 88.8759 us/op
WorkloadActual  15: 2320 op, 206445626.00 ns, 88.9852 us/op
WorkloadActual  16: 2320 op, 206106800.00 ns, 88.8391 us/op

// AfterActualRun
WorkloadResult   1: 2320 op, 201571825.00 ns, 86.8844 us/op
WorkloadResult   2: 2320 op, 200858850.00 ns, 86.5771 us/op
WorkloadResult   3: 2320 op, 202578121.00 ns, 87.3182 us/op
WorkloadResult   4: 2320 op, 204189514.00 ns, 88.0127 us/op
WorkloadResult   5: 2320 op, 203893886.00 ns, 87.8853 us/op
WorkloadResult   6: 2320 op, 201656190.00 ns, 86.9208 us/op
WorkloadResult   7: 2320 op, 203117814.00 ns, 87.5508 us/op
WorkloadResult   8: 2320 op, 203480150.00 ns, 87.7070 us/op
WorkloadResult   9: 2320 op, 203273607.00 ns, 87.6179 us/op
WorkloadResult  10: 2320 op, 205074579.00 ns, 88.3942 us/op
WorkloadResult  11: 2320 op, 201985471.00 ns, 87.0627 us/op
WorkloadResult  12: 2320 op, 205325220.00 ns, 88.5023 us/op
WorkloadResult  13: 2320 op, 206895112.00 ns, 89.1789 us/op
WorkloadResult  14: 2320 op, 206187681.00 ns, 88.8740 us/op
WorkloadResult  15: 2320 op, 206441128.00 ns, 88.9832 us/op
WorkloadResult  16: 2320 op, 206102302.00 ns, 88.8372 us/op
// GC:  0 0 0 0 2320
// Threading:  0 0 2320

// AfterAll
// Benchmark Process 21548 has exited with code 0.

Mean = 87.894 μs, StdErr = 0.207 μs (0.24%), N = 16, StdDev = 0.828 μs
Min = 86.577 μs, Q1 = 87.254 μs, Median = 87.796 μs, Q3 = 88.586 μs, Max = 89.179 μs
IQR = 1.332 μs, LowerFence = 85.257 μs, UpperFence = 90.584 μs
ConfidenceInterval = [87.051 μs; 88.737 μs] (CI 99.9%), Margin = 0.843 μs (0.96% of Mean)
Skewness = 0.05, Kurtosis = 1.55, MValue = 2

// ** Remained 7 (50.0 %) benchmark(s) to run. Estimated finish 2026-09-18 1:32 (0h 1m from now) **
// **************************
// Benchmark: PairHandleBenchmarks.Advance: InProcess(Toolchain=InProcessEmitToolchain) [Shape=PairAlternating8]
// *** Execute ***
// Launch: 1 / 1
// ! Failed to set up priority High for process System.Diagnostics.Process (PairHandles). Make sure you have the right permissions. Message: Permission denied

// Benchmark Process Environment Information:
// BenchmarkDotNet v0.15.8
// Runtime=.NET 10.0.12 (10.0.12, 10.0.1226.42308), X64 RyuJIT x86-64-v3
// GC=Concurrent Workstation
// HardwareIntrinsics=AVX2+BMI1+BMI2+F16C+FMA+LZCNT+MOVBE,AVX,SSE3+SSSE3+SSE4.1+SSE4.2+POPCNT,X86Base+SSE+SSE2,AES+PCLMUL,AvxVnni,SERIALIZE VectorSize=256
// Job: Job-JWQWGO(Toolchain=InProcessEmitToolchain)

OverheadJitting  1: 1 op, 114427.00 ns, 114.4270 us/op
WorkloadJitting  1: 1 op, 173385.00 ns, 173.3850 us/op

OverheadJitting  2: 16 op, 109925.00 ns, 6.8703 us/op
WorkloadJitting  2: 16 op, 1682899.00 ns, 105.1812 us/op

WorkloadPilot    1: 16 op, 1397878.00 ns, 87.3674 us/op
WorkloadPilot    2: 32 op, 2767648.00 ns, 86.4890 us/op
WorkloadPilot    3: 64 op, 5702046.00 ns, 89.0945 us/op
WorkloadPilot    4: 128 op, 11359679.00 ns, 88.7475 us/op
WorkloadPilot    5: 256 op, 22933728.00 ns, 89.5849 us/op
WorkloadPilot    6: 512 op, 46038515.00 ns, 89.9190 us/op
WorkloadPilot    7: 1024 op, 92376991.00 ns, 90.2119 us/op
WorkloadPilot    8: 2048 op, 183379013.00 ns, 89.5405 us/op
WorkloadPilot    9: 4096 op, 358466879.00 ns, 87.5163 us/op
WorkloadPilot   10: 8192 op, 714441556.00 ns, 87.2121 us/op

OverheadWarmup   1: 8192 op, 13141.00 ns, 1.6041 ns/op
OverheadWarmup   2: 8192 op, 10943.00 ns, 1.3358 ns/op
OverheadWarmup   3: 8192 op, 10754.00 ns, 1.3127 ns/op
OverheadWarmup   4: 8192 op, 10753.00 ns, 1.3126 ns/op
OverheadWarmup   5: 8192 op, 10935.00 ns, 1.3348 ns/op
OverheadWarmup   6: 8192 op, 10926.00 ns, 1.3337 ns/op
OverheadWarmup   7: 8192 op, 11125.00 ns, 1.3580 ns/op
OverheadWarmup   8: 8192 op, 11353.00 ns, 1.3859 ns/op
OverheadWarmup   9: 8192 op, 10912.00 ns, 1.3320 ns/op

OverheadActual   1: 8192 op, 10954.00 ns, 1.3372 ns/op
OverheadActual   2: 8192 op, 10942.00 ns, 1.3357 ns/op
OverheadActual   3: 8192 op, 10944.00 ns, 1.3359 ns/op
OverheadActual   4: 8192 op, 10911.00 ns, 1.3319 ns/op
OverheadActual   5: 8192 op, 10960.00 ns, 1.3379 ns/op
OverheadActual   6: 8192 op, 10979.00 ns, 1.3402 ns/op
OverheadActual   7: 8192 op, 10948.00 ns, 1.3364 ns/op
OverheadActual   8: 8192 op, 10936.00 ns, 1.3350 ns/op
OverheadActual   9: 8192 op, 10949.00 ns, 1.3365 ns/op
OverheadActual  10: 8192 op, 10952.00 ns, 1.3369 ns/op
OverheadActual  11: 8192 op, 10957.00 ns, 1.3375 ns/op
OverheadActual  12: 8192 op, 11173.00 ns, 1.3639 ns/op
OverheadActual  13: 8192 op, 10952.00 ns, 1.3369 ns/op
OverheadActual  14: 8192 op, 10945.00 ns, 1.3361 ns/op
OverheadActual  15: 8192 op, 10943.00 ns, 1.3358 ns/op

WorkloadWarmup   1: 8192 op, 715578830.00 ns, 87.3509 us/op
WorkloadWarmup   2: 8192 op, 699973945.00 ns, 85.4460 us/op
WorkloadWarmup   3: 8192 op, 694048673.00 ns, 84.7227 us/op
WorkloadWarmup   4: 8192 op, 698682769.00 ns, 85.2884 us/op
WorkloadWarmup   5: 8192 op, 699004529.00 ns, 85.3277 us/op
WorkloadWarmup   6: 8192 op, 693124522.00 ns, 84.6099 us/op
WorkloadWarmup   7: 8192 op, 695717475.00 ns, 84.9264 us/op
WorkloadWarmup   8: 8192 op, 698247565.00 ns, 85.2353 us/op
WorkloadWarmup   9: 8192 op, 699612229.00 ns, 85.4019 us/op
WorkloadWarmup  10: 8192 op, 696205204.00 ns, 84.9860 us/op

WorkloadActual   1: 8192 op, 693981106.00 ns, 84.7145 us/op
WorkloadActual   2: 8192 op, 703749361.00 ns, 85.9069 us/op
WorkloadActual   3: 8192 op, 704247419.00 ns, 85.9677 us/op
WorkloadActual   4: 8192 op, 691185784.00 ns, 84.3733 us/op
WorkloadActual   5: 8192 op, 693069662.00 ns, 84.6032 us/op
WorkloadActual   6: 8192 op, 693555588.00 ns, 84.6625 us/op
WorkloadActual   7: 8192 op, 709155521.00 ns, 86.5668 us/op
WorkloadActual   8: 8192 op, 700542474.00 ns, 85.5154 us/op
WorkloadActual   9: 8192 op, 673873634.00 ns, 82.2600 us/op
WorkloadActual  10: 8192 op, 696583808.00 ns, 85.0322 us/op
WorkloadActual  11: 8192 op, 697290969.00 ns, 85.1185 us/op
WorkloadActual  12: 8192 op, 698768256.00 ns, 85.2989 us/op
WorkloadActual  13: 8192 op, 709494974.00 ns, 86.6083 us/op
WorkloadActual  14: 8192 op, 703820904.00 ns, 85.9156 us/op
WorkloadActual  15: 8192 op, 707980173.00 ns, 86.4234 us/op

WorkloadResult   1: 8192 op, 693970157.00 ns, 84.7132 us/op
WorkloadResult   2: 8192 op, 703738412.00 ns, 85.9056 us/op
WorkloadResult   3: 8192 op, 704236470.00 ns, 85.9664 us/op
WorkloadResult   4: 8192 op, 691174835.00 ns, 84.3719 us/op
WorkloadResult   5: 8192 op, 693058713.00 ns, 84.6019 us/op
WorkloadResult   6: 8192 op, 693544639.00 ns, 84.6612 us/op
WorkloadResult   7: 8192 op, 709144572.00 ns, 86.5655 us/op
WorkloadResult   8: 8192 op, 700531525.00 ns, 85.5141 us/op
WorkloadResult   9: 8192 op, 673862685.00 ns, 82.2586 us/op
WorkloadResult  10: 8192 op, 696572859.00 ns, 85.0309 us/op
WorkloadResult  11: 8192 op, 697280020.00 ns, 85.1172 us/op
WorkloadResult  12: 8192 op, 698757307.00 ns, 85.2975 us/op
WorkloadResult  13: 8192 op, 709484025.00 ns, 86.6069 us/op
WorkloadResult  14: 8192 op, 703809955.00 ns, 85.9143 us/op
WorkloadResult  15: 8192 op, 707969224.00 ns, 86.4220 us/op
// GC:  0 0 0 4368 8192
// Threading:  0 0 8192


Mean = 85.263 μs, StdErr = 0.287 μs (0.34%), N = 15, StdDev = 1.110 μs
Min = 82.259 μs, Q1 = 84.687 μs, Median = 85.298 μs, Q3 = 85.940 μs, Max = 86.607 μs
IQR = 1.253 μs, LowerFence = 82.807 μs, UpperFence = 87.820 μs
ConfidenceInterval = [84.077 μs; 86.449 μs] (CI 99.9%), Margin = 1.186 μs (1.39% of Mean)
Skewness = -1.05, Kurtosis = 4, MValue = 2

// ** Remained 6 (42.9 %) benchmark(s) to run. Estimated finish 2026-09-18 1:32 (0h 1m from now) **
// **************************
// Benchmark: PairHandleBenchmarks.Advance: Job-TZECNT(IterationCount=16, IterationTime=200ms, WarmupCount=8) [Shape=PairRuns8Waves]
// *** Execute ***
// Launch: 1 / 1
// Execute: dotnet PairHandles-Job-TZECNT-1.dll --anonymousPipes 118 119 --benchmarkName "Tl.PairHandlesProbe.PairHandleBenchmarks.Advance(Shape: PairRuns8Waves)" --job "IterationCount=16, IterationTime=200ms, WarmupCount=8" --benchmarkId 4 in /home/i/GitHub/tl-perf167/benchmarks/PairHandles/bin/Release/net10.0/PairHandles-Job-TZECNT-1/bin/Release/net10.0
// Failed to set up high priority (Permission denied). In order to run benchmarks with high priority, make sure you have the right permissions.
// BeforeAnythingElse

// Benchmark Process Environment Information:
// BenchmarkDotNet v0.15.8
// Runtime=.NET 10.0.12 (10.0.12, 10.0.1226.42308), X64 RyuJIT x86-64-v3
// GC=Concurrent Workstation
// HardwareIntrinsics=AVX2+BMI1+BMI2+F16C+FMA+LZCNT+MOVBE,AVX,SSE3+SSSE3+SSE4.1+SSE4.2+POPCNT,X86Base+SSE+SSE2,AES+PCLMUL,AvxVnni,SERIALIZE VectorSize=256
// Job: Job-TZECNT(IterationCount=16, IterationTime=200ms, WarmupCount=8)

OverheadJitting  1: 1 op, 88084.00 ns, 88.0840 us/op
WorkloadJitting  1: 1 op, 4630858.00 ns, 4.6309 ms/op

OverheadJitting  2: 16 op, 115179.00 ns, 7.1987 us/op
WorkloadJitting  2: 16 op, 4211724.00 ns, 263.2328 us/op

WorkloadPilot    1: 16 op, 3302929.00 ns, 206.4331 us/op
WorkloadPilot    2: 976 op, 127720451.00 ns, 130.8611 us/op
WorkloadPilot    3: 1536 op, 28378692.00 ns, 18.4757 us/op
WorkloadPilot    4: 10832 op, 194991837.00 ns, 18.0015 us/op
WorkloadPilot    5: 11120 op, 204790177.00 ns, 18.4164 us/op
WorkloadPilot    6: 10864 op, 217684345.00 ns, 20.0372 us/op
WorkloadPilot    7: 9984 op, 183047329.00 ns, 18.3341 us/op
WorkloadPilot    8: 10912 op, 192660124.00 ns, 17.6558 us/op
WorkloadPilot    9: 11328 op, 204877794.00 ns, 18.0860 us/op

OverheadWarmup   1: 11328 op, 23497.00 ns, 2.0742 ns/op
OverheadWarmup   2: 11328 op, 23804.00 ns, 2.1013 ns/op
OverheadWarmup   3: 11328 op, 22462.00 ns, 1.9829 ns/op
OverheadWarmup   4: 11328 op, 22387.00 ns, 1.9763 ns/op
OverheadWarmup   5: 11328 op, 22334.00 ns, 1.9716 ns/op
OverheadWarmup   6: 11328 op, 22348.00 ns, 1.9728 ns/op
OverheadWarmup   7: 11328 op, 22196.00 ns, 1.9594 ns/op

OverheadActual   1: 11328 op, 22459.00 ns, 1.9826 ns/op
OverheadActual   2: 11328 op, 22488.00 ns, 1.9852 ns/op
OverheadActual   3: 11328 op, 24656.00 ns, 2.1766 ns/op
OverheadActual   4: 11328 op, 21763.00 ns, 1.9212 ns/op
OverheadActual   5: 11328 op, 22159.00 ns, 1.9561 ns/op
OverheadActual   6: 11328 op, 21775.00 ns, 1.9222 ns/op
OverheadActual   7: 11328 op, 21776.00 ns, 1.9223 ns/op
OverheadActual   8: 11328 op, 21794.00 ns, 1.9239 ns/op
OverheadActual   9: 11328 op, 21792.00 ns, 1.9237 ns/op
OverheadActual  10: 11328 op, 21788.00 ns, 1.9234 ns/op
OverheadActual  11: 11328 op, 21919.00 ns, 1.9349 ns/op
OverheadActual  12: 11328 op, 21765.00 ns, 1.9213 ns/op
OverheadActual  13: 11328 op, 21804.00 ns, 1.9248 ns/op
OverheadActual  14: 11328 op, 21770.00 ns, 1.9218 ns/op
OverheadActual  15: 11328 op, 21784.00 ns, 1.9230 ns/op

WorkloadWarmup   1: 11328 op, 206007945.00 ns, 18.1857 us/op
WorkloadWarmup   2: 11328 op, 203355349.00 ns, 17.9516 us/op
WorkloadWarmup   3: 11328 op, 205262751.00 ns, 18.1199 us/op
WorkloadWarmup   4: 11328 op, 202242286.00 ns, 17.8533 us/op
WorkloadWarmup   5: 11328 op, 200426890.00 ns, 17.6931 us/op
WorkloadWarmup   6: 11328 op, 198631829.00 ns, 17.5346 us/op
WorkloadWarmup   7: 11328 op, 202233968.00 ns, 17.8526 us/op
WorkloadWarmup   8: 11328 op, 203669748.00 ns, 17.9793 us/op

// BeforeActualRun
WorkloadActual   1: 11328 op, 201454762.00 ns, 17.7838 us/op
WorkloadActual   2: 11328 op, 201592239.00 ns, 17.7959 us/op
WorkloadActual   3: 11328 op, 197820941.00 ns, 17.4630 us/op
WorkloadActual   4: 11328 op, 200839809.00 ns, 17.7295 us/op
WorkloadActual   5: 11328 op, 201137213.00 ns, 17.7558 us/op
WorkloadActual   6: 11328 op, 203683636.00 ns, 17.9805 us/op
WorkloadActual   7: 11328 op, 200535509.00 ns, 17.7026 us/op
WorkloadActual   8: 11328 op, 203236520.00 ns, 17.9411 us/op
WorkloadActual   9: 11328 op, 202412968.00 ns, 17.8684 us/op
WorkloadActual  10: 11328 op, 203441310.00 ns, 17.9592 us/op
WorkloadActual  11: 11328 op, 206504902.00 ns, 18.2296 us/op
WorkloadActual  12: 11328 op, 203695461.00 ns, 17.9816 us/op
WorkloadActual  13: 11328 op, 206151618.00 ns, 18.1984 us/op
WorkloadActual  14: 11328 op, 210966280.00 ns, 18.6234 us/op
WorkloadActual  15: 11328 op, 204909010.00 ns, 18.0887 us/op
WorkloadActual  16: 11328 op, 206034339.00 ns, 18.1881 us/op

// AfterActualRun
WorkloadResult   1: 11328 op, 201432970.00 ns, 17.7819 us/op
WorkloadResult   2: 11328 op, 201570447.00 ns, 17.7940 us/op
WorkloadResult   3: 11328 op, 197799149.00 ns, 17.4611 us/op
WorkloadResult   4: 11328 op, 200818017.00 ns, 17.7276 us/op
WorkloadResult   5: 11328 op, 201115421.00 ns, 17.7538 us/op
WorkloadResult   6: 11328 op, 203661844.00 ns, 17.9786 us/op
WorkloadResult   7: 11328 op, 200513717.00 ns, 17.7007 us/op
WorkloadResult   8: 11328 op, 203214728.00 ns, 17.9392 us/op
WorkloadResult   9: 11328 op, 202391176.00 ns, 17.8665 us/op
WorkloadResult  10: 11328 op, 203419518.00 ns, 17.9572 us/op
WorkloadResult  11: 11328 op, 206483110.00 ns, 18.2277 us/op
WorkloadResult  12: 11328 op, 203673669.00 ns, 17.9797 us/op
WorkloadResult  13: 11328 op, 206129826.00 ns, 18.1965 us/op
WorkloadResult  14: 11328 op, 204887218.00 ns, 18.0868 us/op
WorkloadResult  15: 11328 op, 206012547.00 ns, 18.1861 us/op
// GC:  0 0 0 0 11328
// Threading:  0 0 11328

// AfterAll
// Benchmark Process 22004 has exited with code 0.

Mean = 17.909 μs, StdErr = 0.055 μs (0.31%), N = 15, StdDev = 0.213 μs
Min = 17.461 μs, Q1 = 17.768 μs, Median = 17.939 μs, Q3 = 18.033 μs, Max = 18.228 μs
IQR = 0.265 μs, LowerFence = 17.370 μs, UpperFence = 18.431 μs
ConfidenceInterval = [17.681 μs; 18.137 μs] (CI 99.9%), Margin = 0.228 μs (1.27% of Mean)
Skewness = -0.2, Kurtosis = 2.19, MValue = 2

// ** Remained 5 (35.7 %) benchmark(s) to run. Estimated finish 2026-09-18 1:32 (0h 0m from now) **
// **************************
// Benchmark: PairHandleBenchmarks.Advance: InProcess(Toolchain=InProcessEmitToolchain) [Shape=PairRuns8Waves]
// *** Execute ***
// Launch: 1 / 1
// ! Failed to set up priority High for process System.Diagnostics.Process (PairHandles). Make sure you have the right permissions. Message: Permission denied

// Benchmark Process Environment Information:
// BenchmarkDotNet v0.15.8
// Runtime=.NET 10.0.12 (10.0.12, 10.0.1226.42308), X64 RyuJIT x86-64-v3
// GC=Concurrent Workstation
// HardwareIntrinsics=AVX2+BMI1+BMI2+F16C+FMA+LZCNT+MOVBE,AVX,SSE3+SSSE3+SSE4.1+SSE4.2+POPCNT,X86Base+SSE+SSE2,AES+PCLMUL,AvxVnni,SERIALIZE VectorSize=256
// Job: Job-JWQWGO(Toolchain=InProcessEmitToolchain)

OverheadJitting  1: 1 op, 99481.00 ns, 99.4810 us/op
WorkloadJitting  1: 1 op, 1920154.00 ns, 1.9202 ms/op

OverheadJitting  2: 16 op, 113009.00 ns, 7.0631 us/op
WorkloadJitting  2: 16 op, 3312924.00 ns, 207.0578 us/op

WorkloadPilot    1: 16 op, 2677978.00 ns, 167.3736 us/op
WorkloadPilot    2: 32 op, 4782391.00 ns, 149.4497 us/op
WorkloadPilot    3: 64 op, 9110236.00 ns, 142.3474 us/op
WorkloadPilot    4: 128 op, 17298447.00 ns, 135.1441 us/op
WorkloadPilot    5: 256 op, 33453980.00 ns, 130.6796 us/op
WorkloadPilot    6: 512 op, 65825698.00 ns, 128.5658 us/op
WorkloadPilot    7: 1024 op, 92001591.00 ns, 89.8453 us/op
WorkloadPilot    8: 2048 op, 34940132.00 ns, 17.0606 us/op
WorkloadPilot    9: 4096 op, 70605745.00 ns, 17.2377 us/op
WorkloadPilot   10: 8192 op, 137043856.00 ns, 16.7290 us/op
WorkloadPilot   11: 16384 op, 270603270.00 ns, 16.5163 us/op
WorkloadPilot   12: 32768 op, 547089906.00 ns, 16.6959 us/op

OverheadWarmup   1: 32768 op, 48010.00 ns, 1.4651 ns/op
OverheadWarmup   2: 32768 op, 42074.00 ns, 1.2840 ns/op
OverheadWarmup   3: 32768 op, 42317.00 ns, 1.2914 ns/op
OverheadWarmup   4: 32768 op, 42252.00 ns, 1.2894 ns/op
OverheadWarmup   5: 32768 op, 42286.00 ns, 1.2905 ns/op
OverheadWarmup   6: 32768 op, 42304.00 ns, 1.2910 ns/op
OverheadWarmup   7: 32768 op, 42092.00 ns, 1.2845 ns/op

OverheadActual   1: 32768 op, 42094.00 ns, 1.2846 ns/op
OverheadActual   2: 32768 op, 45866.00 ns, 1.3997 ns/op
OverheadActual   3: 32768 op, 45139.00 ns, 1.3775 ns/op
OverheadActual   4: 32768 op, 42091.00 ns, 1.2845 ns/op
OverheadActual   5: 32768 op, 42115.00 ns, 1.2852 ns/op
OverheadActual   6: 32768 op, 42114.00 ns, 1.2852 ns/op
OverheadActual   7: 32768 op, 42100.00 ns, 1.2848 ns/op
OverheadActual   8: 32768 op, 42854.00 ns, 1.3078 ns/op
OverheadActual   9: 32768 op, 42079.00 ns, 1.2841 ns/op
OverheadActual  10: 32768 op, 42104.00 ns, 1.2849 ns/op
OverheadActual  11: 32768 op, 42090.00 ns, 1.2845 ns/op
OverheadActual  12: 32768 op, 42189.00 ns, 1.2875 ns/op
OverheadActual  13: 32768 op, 42080.00 ns, 1.2842 ns/op
OverheadActual  14: 32768 op, 43767.00 ns, 1.3357 ns/op
OverheadActual  15: 32768 op, 43660.00 ns, 1.3324 ns/op

WorkloadWarmup   1: 32768 op, 546123933.00 ns, 16.6664 us/op
WorkloadWarmup   2: 32768 op, 540825092.00 ns, 16.5047 us/op
WorkloadWarmup   3: 32768 op, 542054078.00 ns, 16.5422 us/op
WorkloadWarmup   4: 32768 op, 548897904.00 ns, 16.7510 us/op
WorkloadWarmup   5: 32768 op, 548519589.00 ns, 16.7395 us/op
WorkloadWarmup   6: 32768 op, 538339088.00 ns, 16.4288 us/op
WorkloadWarmup   7: 32768 op, 551787509.00 ns, 16.8392 us/op
WorkloadWarmup   8: 32768 op, 539139392.00 ns, 16.4532 us/op

WorkloadActual   1: 32768 op, 533165531.00 ns, 16.2709 us/op
WorkloadActual   2: 32768 op, 538364347.00 ns, 16.4296 us/op
WorkloadActual   3: 32768 op, 547193638.00 ns, 16.6990 us/op
WorkloadActual   4: 32768 op, 546430324.00 ns, 16.6757 us/op
WorkloadActual   5: 32768 op, 555666365.00 ns, 16.9576 us/op
WorkloadActual   6: 32768 op, 556051205.00 ns, 16.9693 us/op
WorkloadActual   7: 32768 op, 537240450.00 ns, 16.3953 us/op
WorkloadActual   8: 32768 op, 539564207.00 ns, 16.4662 us/op
WorkloadActual   9: 32768 op, 540877402.00 ns, 16.5063 us/op
WorkloadActual  10: 32768 op, 542178204.00 ns, 16.5460 us/op
WorkloadActual  11: 32768 op, 547829894.00 ns, 16.7184 us/op
WorkloadActual  12: 32768 op, 537558930.00 ns, 16.4050 us/op
WorkloadActual  13: 32768 op, 532188882.00 ns, 16.2411 us/op
WorkloadActual  14: 32768 op, 541986139.00 ns, 16.5401 us/op
WorkloadActual  15: 32768 op, 535989170.00 ns, 16.3571 us/op

WorkloadResult   1: 32768 op, 533123417.00 ns, 16.2696 us/op
WorkloadResult   2: 32768 op, 538322233.00 ns, 16.4283 us/op
WorkloadResult   3: 32768 op, 547151524.00 ns, 16.6977 us/op
WorkloadResult   4: 32768 op, 546388210.00 ns, 16.6744 us/op
WorkloadResult   5: 32768 op, 555624251.00 ns, 16.9563 us/op
WorkloadResult   6: 32768 op, 556009091.00 ns, 16.9681 us/op
WorkloadResult   7: 32768 op, 537198336.00 ns, 16.3940 us/op
WorkloadResult   8: 32768 op, 539522093.00 ns, 16.4649 us/op
WorkloadResult   9: 32768 op, 540835288.00 ns, 16.5050 us/op
WorkloadResult  10: 32768 op, 542136090.00 ns, 16.5447 us/op
WorkloadResult  11: 32768 op, 547787780.00 ns, 16.7172 us/op
WorkloadResult  12: 32768 op, 537516816.00 ns, 16.4037 us/op
WorkloadResult  13: 32768 op, 532146768.00 ns, 16.2398 us/op
WorkloadResult  14: 32768 op, 541944025.00 ns, 16.5388 us/op
WorkloadResult  15: 32768 op, 535947056.00 ns, 16.3558 us/op
// GC:  0 0 0 2304 32768
// Threading:  0 0 32768


Mean = 16.544 μs, StdErr = 0.057 μs (0.35%), N = 15, StdDev = 0.222 μs
Min = 16.240 μs, Q1 = 16.399 μs, Median = 16.505 μs, Q3 = 16.686 μs, Max = 16.968 μs
IQR = 0.287 μs, LowerFence = 15.968 μs, UpperFence = 17.117 μs
ConfidenceInterval = [16.307 μs; 16.781 μs] (CI 99.9%), Margin = 0.237 μs (1.43% of Mean)
Skewness = 0.58, Kurtosis = 2.2, MValue = 2

// ** Remained 4 (28.6 %) benchmark(s) to run. Estimated finish 2026-09-18 1:32 (0h 0m from now) **
// **************************
// Benchmark: PairHandleBenchmarks.Advance: Job-TZECNT(IterationCount=16, IterationTime=200ms, WarmupCount=8) [Shape=PairBlocks8Waves]
// *** Execute ***
// Launch: 1 / 1
// Execute: dotnet PairHandles-Job-TZECNT-1.dll --anonymousPipes 118 119 --benchmarkName "Tl.PairHandlesProbe.PairHandleBenchmarks.Advance(Shape: PairBlocks8Waves)" --job "IterationCount=16, IterationTime=200ms, WarmupCount=8" --benchmarkId 5 in /home/i/GitHub/tl-perf167/benchmarks/PairHandles/bin/Release/net10.0/PairHandles-Job-TZECNT-1/bin/Release/net10.0
// Failed to set up high priority (Permission denied). In order to run benchmarks with high priority, make sure you have the right permissions.
// BeforeAnythingElse

// Benchmark Process Environment Information:
// BenchmarkDotNet v0.15.8
// Runtime=.NET 10.0.12 (10.0.12, 10.0.1226.42308), X64 RyuJIT x86-64-v3
// GC=Concurrent Workstation
// HardwareIntrinsics=AVX2+BMI1+BMI2+F16C+FMA+LZCNT+MOVBE,AVX,SSE3+SSSE3+SSE4.1+SSE4.2+POPCNT,X86Base+SSE+SSE2,AES+PCLMUL,AvxVnni,SERIALIZE VectorSize=256
// Job: Job-TZECNT(IterationCount=16, IterationTime=200ms, WarmupCount=8)

OverheadJitting  1: 1 op, 92814.00 ns, 92.8140 us/op
WorkloadJitting  1: 1 op, 4039470.00 ns, 4.0395 ms/op

OverheadJitting  2: 16 op, 112978.00 ns, 7.0611 us/op
WorkloadJitting  2: 16 op, 4308406.00 ns, 269.2754 us/op

WorkloadPilot    1: 16 op, 3643743.00 ns, 227.7339 us/op
WorkloadPilot    2: 880 op, 124744273.00 ns, 141.7549 us/op
WorkloadPilot    3: 1424 op, 28702453.00 ns, 20.1562 us/op
WorkloadPilot    4: 9936 op, 197162379.00 ns, 19.8432 us/op
WorkloadPilot    5: 10080 op, 201850286.00 ns, 20.0248 us/op
WorkloadPilot    6: 10000 op, 200507659.00 ns, 20.0508 us/op
WorkloadPilot    7: 9984 op, 198892648.00 ns, 19.9211 us/op
WorkloadPilot    8: 10048 op, 198205590.00 ns, 19.7259 us/op
WorkloadPilot    9: 10144 op, 195619392.00 ns, 19.2842 us/op
WorkloadPilot   10: 10384 op, 204538372.00 ns, 19.6975 us/op

OverheadWarmup   1: 10384 op, 20664.00 ns, 1.9900 ns/op
OverheadWarmup   2: 10384 op, 20393.00 ns, 1.9639 ns/op
OverheadWarmup   3: 10384 op, 19808.00 ns, 1.9076 ns/op
OverheadWarmup   4: 10384 op, 19793.00 ns, 1.9061 ns/op
OverheadWarmup   5: 10384 op, 20033.00 ns, 1.9292 ns/op
OverheadWarmup   6: 10384 op, 20158.00 ns, 1.9413 ns/op
OverheadWarmup   7: 10384 op, 20253.00 ns, 1.9504 ns/op
OverheadWarmup   8: 10384 op, 19594.00 ns, 1.8869 ns/op
OverheadWarmup   9: 10384 op, 19563.00 ns, 1.8840 ns/op
OverheadWarmup  10: 10384 op, 19975.00 ns, 1.9236 ns/op

OverheadActual   1: 10384 op, 19987.00 ns, 1.9248 ns/op
OverheadActual   2: 10384 op, 20029.00 ns, 1.9288 ns/op
OverheadActual   3: 10384 op, 20479.00 ns, 1.9722 ns/op
OverheadActual   4: 10384 op, 19835.00 ns, 1.9102 ns/op
OverheadActual   5: 10384 op, 19978.00 ns, 1.9239 ns/op
OverheadActual   6: 10384 op, 19878.00 ns, 1.9143 ns/op
OverheadActual   7: 10384 op, 19649.00 ns, 1.8922 ns/op
OverheadActual   8: 10384 op, 19663.00 ns, 1.8936 ns/op
OverheadActual   9: 10384 op, 20310.00 ns, 1.9559 ns/op
OverheadActual  10: 10384 op, 19726.00 ns, 1.8997 ns/op
OverheadActual  11: 10384 op, 19801.00 ns, 1.9069 ns/op
OverheadActual  12: 10384 op, 19851.00 ns, 1.9117 ns/op
OverheadActual  13: 10384 op, 19960.00 ns, 1.9222 ns/op
OverheadActual  14: 10384 op, 19807.00 ns, 1.9075 ns/op
OverheadActual  15: 10384 op, 19839.00 ns, 1.9105 ns/op

WorkloadWarmup   1: 10384 op, 199825706.00 ns, 19.2436 us/op
WorkloadWarmup   2: 10384 op, 203098831.00 ns, 19.5588 us/op
WorkloadWarmup   3: 10384 op, 206675366.00 ns, 19.9033 us/op
WorkloadWarmup   4: 10384 op, 206382352.00 ns, 19.8750 us/op
WorkloadWarmup   5: 10384 op, 204096518.00 ns, 19.6549 us/op
WorkloadWarmup   6: 10384 op, 203204027.00 ns, 19.5690 us/op
WorkloadWarmup   7: 10384 op, 201564829.00 ns, 19.4111 us/op
WorkloadWarmup   8: 10384 op, 203458243.00 ns, 19.5934 us/op

// BeforeActualRun
WorkloadActual   1: 10384 op, 208236516.00 ns, 20.0536 us/op
WorkloadActual   2: 10384 op, 201286305.00 ns, 19.3843 us/op
WorkloadActual   3: 10384 op, 203958449.00 ns, 19.6416 us/op
WorkloadActual   4: 10384 op, 205252390.00 ns, 19.7662 us/op
WorkloadActual   5: 10384 op, 205273488.00 ns, 19.7682 us/op
WorkloadActual   6: 10384 op, 206708998.00 ns, 19.9065 us/op
WorkloadActual   7: 10384 op, 202444787.00 ns, 19.4958 us/op
WorkloadActual   8: 10384 op, 202288347.00 ns, 19.4808 us/op
WorkloadActual   9: 10384 op, 203989753.00 ns, 19.6446 us/op
WorkloadActual  10: 10384 op, 205148580.00 ns, 19.7562 us/op
WorkloadActual  11: 10384 op, 200680570.00 ns, 19.3259 us/op
WorkloadActual  12: 10384 op, 198143420.00 ns, 19.0816 us/op
WorkloadActual  13: 10384 op, 198954330.00 ns, 19.1597 us/op
WorkloadActual  14: 10384 op, 198657738.00 ns, 19.1311 us/op
WorkloadActual  15: 10384 op, 198594793.00 ns, 19.1251 us/op
WorkloadActual  16: 10384 op, 198517629.00 ns, 19.1176 us/op

// AfterActualRun
WorkloadResult   1: 10384 op, 208216665.00 ns, 20.0517 us/op
WorkloadResult   2: 10384 op, 201266454.00 ns, 19.3824 us/op
WorkloadResult   3: 10384 op, 203938598.00 ns, 19.6397 us/op
WorkloadResult   4: 10384 op, 205232539.00 ns, 19.7643 us/op
WorkloadResult   5: 10384 op, 205253637.00 ns, 19.7663 us/op
WorkloadResult   6: 10384 op, 206689147.00 ns, 19.9046 us/op
WorkloadResult   7: 10384 op, 202424936.00 ns, 19.4939 us/op
WorkloadResult   8: 10384 op, 202268496.00 ns, 19.4789 us/op
WorkloadResult   9: 10384 op, 203969902.00 ns, 19.6427 us/op
WorkloadResult  10: 10384 op, 205128729.00 ns, 19.7543 us/op
WorkloadResult  11: 10384 op, 200660719.00 ns, 19.3240 us/op
WorkloadResult  12: 10384 op, 198123569.00 ns, 19.0797 us/op
WorkloadResult  13: 10384 op, 198934479.00 ns, 19.1578 us/op
WorkloadResult  14: 10384 op, 198637887.00 ns, 19.1292 us/op
WorkloadResult  15: 10384 op, 198574942.00 ns, 19.1232 us/op
WorkloadResult  16: 10384 op, 198497778.00 ns, 19.1157 us/op
// GC:  0 0 0 0 10384
// Threading:  0 0 10384

// AfterAll
// Benchmark Process 22183 has exited with code 0.

Mean = 19.488 μs, StdErr = 0.078 μs (0.40%), N = 16, StdDev = 0.314 μs
Min = 19.080 μs, Q1 = 19.151 μs, Median = 19.486 μs, Q3 = 19.757 μs, Max = 20.052 μs
IQR = 0.606 μs, LowerFence = 18.241 μs, UpperFence = 20.666 μs
ConfidenceInterval = [19.168 μs; 19.808 μs] (CI 99.9%), Margin = 0.320 μs (1.64% of Mean)
Skewness = 0.13, Kurtosis = 1.57, MValue = 2

// ** Remained 3 (21.4 %) benchmark(s) to run. Estimated finish 2026-09-18 1:32 (0h 0m from now) **
// **************************
// Benchmark: PairHandleBenchmarks.Advance: InProcess(Toolchain=InProcessEmitToolchain) [Shape=PairBlocks8Waves]
// *** Execute ***
// Launch: 1 / 1
// ! Failed to set up priority High for process System.Diagnostics.Process (PairHandles). Make sure you have the right permissions. Message: Permission denied

// Benchmark Process Environment Information:
// BenchmarkDotNet v0.15.8
// Runtime=.NET 10.0.12 (10.0.12, 10.0.1226.42308), X64 RyuJIT x86-64-v3
// GC=Concurrent Workstation
// HardwareIntrinsics=AVX2+BMI1+BMI2+F16C+FMA+LZCNT+MOVBE,AVX,SSE3+SSSE3+SSE4.1+SSE4.2+POPCNT,X86Base+SSE+SSE2,AES+PCLMUL,AvxVnni,SERIALIZE VectorSize=256
// Job: Job-JWQWGO(Toolchain=InProcessEmitToolchain)

OverheadJitting  1: 1 op, 96429.00 ns, 96.4290 us/op
WorkloadJitting  1: 1 op, 123851.00 ns, 123.8510 us/op

OverheadJitting  2: 16 op, 125188.00 ns, 7.8243 us/op
WorkloadJitting  2: 16 op, 448708.00 ns, 28.0443 us/op

WorkloadPilot    1: 16 op, 309896.00 ns, 19.3685 us/op
WorkloadPilot    2: 32 op, 612147.00 ns, 19.1296 us/op
WorkloadPilot    3: 64 op, 1221628.00 ns, 19.0879 us/op
WorkloadPilot    4: 128 op, 2449143.00 ns, 19.1339 us/op
WorkloadPilot    5: 256 op, 4990676.00 ns, 19.4948 us/op
WorkloadPilot    6: 512 op, 10006906.00 ns, 19.5447 us/op
WorkloadPilot    7: 1024 op, 20603978.00 ns, 20.1211 us/op
WorkloadPilot    8: 2048 op, 40615609.00 ns, 19.8318 us/op
WorkloadPilot    9: 4096 op, 79677101.00 ns, 19.4524 us/op
WorkloadPilot   10: 8192 op, 157062509.00 ns, 19.1727 us/op
WorkloadPilot   11: 16384 op, 313985755.00 ns, 19.1642 us/op
WorkloadPilot   12: 32768 op, 628022632.00 ns, 19.1657 us/op

OverheadWarmup   1: 32768 op, 44376.00 ns, 1.3542 ns/op
OverheadWarmup   2: 32768 op, 43075.00 ns, 1.3145 ns/op
OverheadWarmup   3: 32768 op, 43044.00 ns, 1.3136 ns/op
OverheadWarmup   4: 32768 op, 43012.00 ns, 1.3126 ns/op
OverheadWarmup   5: 32768 op, 43016.00 ns, 1.3127 ns/op
OverheadWarmup   6: 32768 op, 42836.00 ns, 1.3073 ns/op
OverheadWarmup   7: 32768 op, 42835.00 ns, 1.3072 ns/op
OverheadWarmup   8: 32768 op, 42871.00 ns, 1.3083 ns/op
OverheadWarmup   9: 32768 op, 45476.00 ns, 1.3878 ns/op
OverheadWarmup  10: 32768 op, 43617.00 ns, 1.3311 ns/op

OverheadActual   1: 32768 op, 43584.00 ns, 1.3301 ns/op
OverheadActual   2: 32768 op, 43583.00 ns, 1.3300 ns/op
OverheadActual   3: 32768 op, 43609.00 ns, 1.3308 ns/op
OverheadActual   4: 32768 op, 43582.00 ns, 1.3300 ns/op
OverheadActual   5: 32768 op, 43612.00 ns, 1.3309 ns/op
OverheadActual   6: 32768 op, 43579.00 ns, 1.3299 ns/op
OverheadActual   7: 32768 op, 43607.00 ns, 1.3308 ns/op
OverheadActual   8: 32768 op, 45405.00 ns, 1.3857 ns/op
OverheadActual   9: 32768 op, 45216.00 ns, 1.3799 ns/op
OverheadActual  10: 32768 op, 43590.00 ns, 1.3303 ns/op
OverheadActual  11: 32768 op, 42814.00 ns, 1.3066 ns/op
OverheadActual  12: 32768 op, 45472.00 ns, 1.3877 ns/op
OverheadActual  13: 32768 op, 42836.00 ns, 1.3073 ns/op
OverheadActual  14: 32768 op, 42826.00 ns, 1.3069 ns/op
OverheadActual  15: 32768 op, 42794.00 ns, 1.3060 ns/op

WorkloadWarmup   1: 32768 op, 641714398.00 ns, 19.5836 us/op
WorkloadWarmup   2: 32768 op, 634807753.00 ns, 19.3728 us/op
WorkloadWarmup   3: 32768 op, 635187648.00 ns, 19.3844 us/op
WorkloadWarmup   4: 32768 op, 639016687.00 ns, 19.5012 us/op
WorkloadWarmup   5: 32768 op, 636417176.00 ns, 19.4219 us/op
WorkloadWarmup   6: 32768 op, 642284676.00 ns, 19.6010 us/op
WorkloadWarmup   7: 32768 op, 648696181.00 ns, 19.7966 us/op
WorkloadWarmup   8: 32768 op, 649206610.00 ns, 19.8122 us/op
WorkloadWarmup   9: 32768 op, 639273330.00 ns, 19.5091 us/op

WorkloadActual   1: 32768 op, 645808135.00 ns, 19.7085 us/op
WorkloadActual   2: 32768 op, 644096565.00 ns, 19.6563 us/op
WorkloadActual   3: 32768 op, 654116366.00 ns, 19.9620 us/op
WorkloadActual   4: 32768 op, 646395938.00 ns, 19.7264 us/op
WorkloadActual   5: 32768 op, 655019371.00 ns, 19.9896 us/op
WorkloadActual   6: 32768 op, 655473596.00 ns, 20.0035 us/op
WorkloadActual   7: 32768 op, 633274564.00 ns, 19.3260 us/op
WorkloadActual   8: 32768 op, 640497496.00 ns, 19.5464 us/op
WorkloadActual   9: 32768 op, 662743218.00 ns, 20.2253 us/op
WorkloadActual  10: 32768 op, 634177780.00 ns, 19.3536 us/op
WorkloadActual  11: 32768 op, 640172501.00 ns, 19.5365 us/op
WorkloadActual  12: 32768 op, 630228584.00 ns, 19.2331 us/op
WorkloadActual  13: 32768 op, 630634157.00 ns, 19.2454 us/op
WorkloadActual  14: 32768 op, 638749572.00 ns, 19.4931 us/op
WorkloadActual  15: 32768 op, 626460263.00 ns, 19.1181 us/op

WorkloadResult   1: 32768 op, 645764551.00 ns, 19.7072 us/op
WorkloadResult   2: 32768 op, 644052981.00 ns, 19.6549 us/op
WorkloadResult   3: 32768 op, 654072782.00 ns, 19.9607 us/op
WorkloadResult   4: 32768 op, 646352354.00 ns, 19.7251 us/op
WorkloadResult   5: 32768 op, 654975787.00 ns, 19.9883 us/op
WorkloadResult   6: 32768 op, 655430012.00 ns, 20.0021 us/op
WorkloadResult   7: 32768 op, 633230980.00 ns, 19.3247 us/op
WorkloadResult   8: 32768 op, 640453912.00 ns, 19.5451 us/op
WorkloadResult   9: 32768 op, 662699634.00 ns, 20.2240 us/op
WorkloadResult  10: 32768 op, 634134196.00 ns, 19.3522 us/op
WorkloadResult  11: 32768 op, 640128917.00 ns, 19.5352 us/op
WorkloadResult  12: 32768 op, 630185000.00 ns, 19.2317 us/op
WorkloadResult  13: 32768 op, 630590573.00 ns, 19.2441 us/op
WorkloadResult  14: 32768 op, 638705988.00 ns, 19.4918 us/op
WorkloadResult  15: 32768 op, 626416679.00 ns, 19.1167 us/op
// GC:  0 0 0 4656 32768
// Threading:  0 0 32768


Mean = 19.607 μs, StdErr = 0.085 μs (0.43%), N = 15, StdDev = 0.329 μs
Min = 19.117 μs, Q1 = 19.338 μs, Median = 19.545 μs, Q3 = 19.843 μs, Max = 20.224 μs
IQR = 0.504 μs, LowerFence = 18.582 μs, UpperFence = 20.600 μs
ConfidenceInterval = [19.255 μs; 19.958 μs] (CI 99.9%), Margin = 0.351 μs (1.79% of Mean)
Skewness = 0.26, Kurtosis = 1.78, MValue = 2

// ** Remained 2 (14.3 %) benchmark(s) to run. Estimated finish 2026-09-18 1:32 (0h 0m from now) **
// **************************
// Benchmark: PairHandleBenchmarks.Advance: Job-TZECNT(IterationCount=16, IterationTime=200ms, WarmupCount=8) [Shape=PairA(...)Waves [21]]
// *** Execute ***
// Launch: 1 / 1
// Execute: dotnet PairHandles-Job-TZECNT-1.dll --anonymousPipes 118 119 --benchmarkName "Tl.PairHandlesProbe.PairHandleBenchmarks.Advance(Shape: PairAlternating8Waves)" --job "IterationCount=16, IterationTime=200ms, WarmupCount=8" --benchmarkId 6 in /home/i/GitHub/tl-perf167/benchmarks/PairHandles/bin/Release/net10.0/PairHandles-Job-TZECNT-1/bin/Release/net10.0
// Failed to set up high priority (Permission denied). In order to run benchmarks with high priority, make sure you have the right permissions.
// BeforeAnythingElse

// Benchmark Process Environment Information:
// BenchmarkDotNet v0.15.8
// Runtime=.NET 10.0.12 (10.0.12, 10.0.1226.42308), X64 RyuJIT x86-64-v3
// GC=Concurrent Workstation
// HardwareIntrinsics=AVX2+BMI1+BMI2+F16C+FMA+LZCNT+MOVBE,AVX,SSE3+SSSE3+SSE4.1+SSE4.2+POPCNT,X86Base+SSE+SSE2,AES+PCLMUL,AvxVnni,SERIALIZE VectorSize=256
// Job: Job-TZECNT(IterationCount=16, IterationTime=200ms, WarmupCount=8)

OverheadJitting  1: 1 op, 79423.00 ns, 79.4230 us/op
WorkloadJitting  1: 1 op, 3111553.00 ns, 3.1116 ms/op

OverheadJitting  2: 16 op, 100977.00 ns, 6.3111 us/op
WorkloadJitting  2: 16 op, 2523198.00 ns, 157.6999 us/op

WorkloadPilot    1: 16 op, 2150074.00 ns, 134.3796 us/op
WorkloadPilot    2: 1488 op, 157886559.00 ns, 106.1066 us/op
WorkloadPilot    3: 1888 op, 123939726.00 ns, 65.6460 us/op
WorkloadPilot    4: 3056 op, 197580134.00 ns, 64.6532 us/op
WorkloadPilot    5: 3104 op, 197653610.00 ns, 63.6771 us/op
WorkloadPilot    6: 3152 op, 198103662.00 ns, 62.8501 us/op
WorkloadPilot    7: 3184 op, 199497572.00 ns, 62.6563 us/op
WorkloadPilot    8: 3200 op, 210255632.00 ns, 65.7049 us/op
WorkloadPilot    9: 3056 op, 191676852.00 ns, 62.7215 us/op
WorkloadPilot   10: 3200 op, 202348582.00 ns, 63.2339 us/op
WorkloadPilot   11: 3168 op, 200469949.00 ns, 63.2797 us/op

OverheadWarmup   1: 3168 op, 6898.00 ns, 2.1774 ns/op
OverheadWarmup   2: 3168 op, 5832.00 ns, 1.8409 ns/op
OverheadWarmup   3: 3168 op, 5806.00 ns, 1.8327 ns/op
OverheadWarmup   4: 3168 op, 5799.00 ns, 1.8305 ns/op
OverheadWarmup   5: 3168 op, 5841.00 ns, 1.8438 ns/op
OverheadWarmup   6: 3168 op, 5799.00 ns, 1.8305 ns/op
OverheadWarmup   7: 3168 op, 5772.00 ns, 1.8220 ns/op
OverheadWarmup   8: 3168 op, 5795.00 ns, 1.8292 ns/op
OverheadWarmup   9: 3168 op, 5809.00 ns, 1.8336 ns/op
OverheadWarmup  10: 3168 op, 5806.00 ns, 1.8327 ns/op

OverheadActual   1: 3168 op, 6225.00 ns, 1.9650 ns/op
OverheadActual   2: 3168 op, 6100.00 ns, 1.9255 ns/op
OverheadActual   3: 3168 op, 6051.00 ns, 1.9100 ns/op
OverheadActual   4: 3168 op, 5816.00 ns, 1.8359 ns/op
OverheadActual   5: 3168 op, 6021.00 ns, 1.9006 ns/op
OverheadActual   6: 3168 op, 5855.00 ns, 1.8482 ns/op
OverheadActual   7: 3168 op, 5808.00 ns, 1.8333 ns/op
OverheadActual   8: 3168 op, 5815.00 ns, 1.8355 ns/op
OverheadActual   9: 3168 op, 5839.00 ns, 1.8431 ns/op
OverheadActual  10: 3168 op, 5818.00 ns, 1.8365 ns/op
OverheadActual  11: 3168 op, 5998.00 ns, 1.8933 ns/op
OverheadActual  12: 3168 op, 5801.00 ns, 1.8311 ns/op
OverheadActual  13: 3168 op, 5803.00 ns, 1.8318 ns/op
OverheadActual  14: 3168 op, 5822.00 ns, 1.8378 ns/op
OverheadActual  15: 3168 op, 5803.00 ns, 1.8318 ns/op

WorkloadWarmup   1: 3168 op, 206389747.00 ns, 65.1483 us/op
WorkloadWarmup   2: 3168 op, 211720923.00 ns, 66.8311 us/op
WorkloadWarmup   3: 3168 op, 210655660.00 ns, 66.4948 us/op
WorkloadWarmup   4: 3168 op, 215107299.00 ns, 67.9000 us/op
WorkloadWarmup   5: 3168 op, 217691021.00 ns, 68.7156 us/op
WorkloadWarmup   6: 3168 op, 216047540.00 ns, 68.1968 us/op
WorkloadWarmup   7: 3168 op, 219628246.00 ns, 69.3271 us/op
WorkloadWarmup   8: 3168 op, 223939269.00 ns, 70.6879 us/op

// BeforeActualRun
WorkloadActual   1: 3168 op, 213095545.00 ns, 67.2650 us/op
WorkloadActual   2: 3168 op, 218240959.00 ns, 68.8892 us/op
WorkloadActual   3: 3168 op, 208198422.00 ns, 65.7192 us/op
WorkloadActual   4: 3168 op, 209445624.00 ns, 66.1129 us/op
WorkloadActual   5: 3168 op, 211923952.00 ns, 66.8952 us/op
WorkloadActual   6: 3168 op, 212602730.00 ns, 67.1094 us/op
WorkloadActual   7: 3168 op, 217517817.00 ns, 68.6609 us/op
WorkloadActual   8: 3168 op, 215035135.00 ns, 67.8773 us/op
WorkloadActual   9: 3168 op, 216707875.00 ns, 68.4053 us/op
WorkloadActual  10: 3168 op, 211836050.00 ns, 66.8674 us/op
WorkloadActual  11: 3168 op, 208051187.00 ns, 65.6727 us/op
WorkloadActual  12: 3168 op, 208493141.00 ns, 65.8122 us/op
WorkloadActual  13: 3168 op, 199017802.00 ns, 62.8213 us/op
WorkloadActual  14: 3168 op, 206855381.00 ns, 65.2953 us/op
WorkloadActual  15: 3168 op, 208097703.00 ns, 65.6874 us/op
WorkloadActual  16: 3168 op, 207398592.00 ns, 65.4667 us/op

// AfterActualRun
WorkloadResult   1: 3168 op, 213089723.00 ns, 67.2632 us/op
WorkloadResult   2: 3168 op, 218235137.00 ns, 68.8874 us/op
WorkloadResult   3: 3168 op, 208192600.00 ns, 65.7174 us/op
WorkloadResult   4: 3168 op, 209439802.00 ns, 66.1110 us/op
WorkloadResult   5: 3168 op, 211918130.00 ns, 66.8933 us/op
WorkloadResult   6: 3168 op, 212596908.00 ns, 67.1076 us/op
WorkloadResult   7: 3168 op, 217511995.00 ns, 68.6591 us/op
WorkloadResult   8: 3168 op, 215029313.00 ns, 67.8754 us/op
WorkloadResult   9: 3168 op, 216702053.00 ns, 68.4034 us/op
WorkloadResult  10: 3168 op, 211830228.00 ns, 66.8656 us/op
WorkloadResult  11: 3168 op, 208045365.00 ns, 65.6709 us/op
WorkloadResult  12: 3168 op, 208487319.00 ns, 65.8104 us/op
WorkloadResult  13: 3168 op, 199011980.00 ns, 62.8194 us/op
WorkloadResult  14: 3168 op, 206849559.00 ns, 65.2934 us/op
WorkloadResult  15: 3168 op, 208091881.00 ns, 65.6856 us/op
WorkloadResult  16: 3168 op, 207392770.00 ns, 65.4649 us/op
// GC:  0 0 0 0 3168
// Threading:  0 0 3168

// AfterAll
// Benchmark Process 22558 has exited with code 0.

Mean = 66.533 μs, StdErr = 0.386 μs (0.58%), N = 16, StdDev = 1.544 μs
Min = 62.819 μs, Q1 = 65.682 μs, Median = 66.488 μs, Q3 = 67.416 μs, Max = 68.887 μs
IQR = 1.734 μs, LowerFence = 63.080 μs, UpperFence = 70.018 μs
ConfidenceInterval = [64.961 μs; 68.105 μs] (CI 99.9%), Margin = 1.572 μs (2.36% of Mean)
Skewness = -0.41, Kurtosis = 2.89, MValue = 2

// ** Remained 1 (7.1 %) benchmark(s) to run. Estimated finish 2026-09-18 1:32 (0h 0m from now) **
// **************************
// Benchmark: PairHandleBenchmarks.Advance: InProcess(Toolchain=InProcessEmitToolchain) [Shape=PairA(...)Waves [21]]
// *** Execute ***
// Launch: 1 / 1
// ! Failed to set up priority High for process System.Diagnostics.Process (PairHandles). Make sure you have the right permissions. Message: Permission denied

// Benchmark Process Environment Information:
// BenchmarkDotNet v0.15.8
// Runtime=.NET 10.0.12 (10.0.12, 10.0.1226.42308), X64 RyuJIT x86-64-v3
// GC=Concurrent Workstation
// HardwareIntrinsics=AVX2+BMI1+BMI2+F16C+FMA+LZCNT+MOVBE,AVX,SSE3+SSSE3+SSE4.1+SSE4.2+POPCNT,X86Base+SSE+SSE2,AES+PCLMUL,AvxVnni,SERIALIZE VectorSize=256
// Job: Job-JWQWGO(Toolchain=InProcessEmitToolchain)

OverheadJitting  1: 1 op, 105605.00 ns, 105.6050 us/op
WorkloadJitting  1: 1 op, 152777.00 ns, 152.7770 us/op

OverheadJitting  2: 16 op, 107358.00 ns, 6.7099 us/op
WorkloadJitting  2: 16 op, 1153016.00 ns, 72.0635 us/op

WorkloadPilot    1: 16 op, 1044448.00 ns, 65.2780 us/op
WorkloadPilot    2: 32 op, 2085869.00 ns, 65.1834 us/op
WorkloadPilot    3: 64 op, 4210064.00 ns, 65.7823 us/op
WorkloadPilot    4: 128 op, 8511514.00 ns, 66.4962 us/op
WorkloadPilot    5: 256 op, 16702011.00 ns, 65.2422 us/op
WorkloadPilot    6: 512 op, 33179315.00 ns, 64.8033 us/op
WorkloadPilot    7: 1024 op, 66645173.00 ns, 65.0832 us/op
WorkloadPilot    8: 2048 op, 133418579.00 ns, 65.1458 us/op
WorkloadPilot    9: 4096 op, 257872269.00 ns, 62.9571 us/op
WorkloadPilot   10: 8192 op, 526529419.00 ns, 64.2736 us/op

OverheadWarmup   1: 8192 op, 12391.00 ns, 1.5126 ns/op
OverheadWarmup   2: 8192 op, 10579.00 ns, 1.2914 ns/op
OverheadWarmup   3: 8192 op, 10561.00 ns, 1.2892 ns/op
OverheadWarmup   4: 8192 op, 10556.00 ns, 1.2886 ns/op
OverheadWarmup   5: 8192 op, 10576.00 ns, 1.2910 ns/op
OverheadWarmup   6: 8192 op, 10575.00 ns, 1.2909 ns/op
OverheadWarmup   7: 8192 op, 10564.00 ns, 1.2896 ns/op
OverheadWarmup   8: 8192 op, 10552.00 ns, 1.2881 ns/op
OverheadWarmup   9: 8192 op, 10575.00 ns, 1.2909 ns/op
OverheadWarmup  10: 8192 op, 10567.00 ns, 1.2899 ns/op

OverheadActual   1: 8192 op, 10582.00 ns, 1.2917 ns/op
OverheadActual   2: 8192 op, 10565.00 ns, 1.2897 ns/op
OverheadActual   3: 8192 op, 10566.00 ns, 1.2898 ns/op
OverheadActual   4: 8192 op, 10537.00 ns, 1.2863 ns/op
OverheadActual   5: 8192 op, 10575.00 ns, 1.2909 ns/op
OverheadActual   6: 8192 op, 10565.00 ns, 1.2897 ns/op
OverheadActual   7: 8192 op, 10543.00 ns, 1.2870 ns/op
OverheadActual   8: 8192 op, 10554.00 ns, 1.2883 ns/op
OverheadActual   9: 8192 op, 10547.00 ns, 1.2875 ns/op
OverheadActual  10: 8192 op, 10537.00 ns, 1.2863 ns/op
OverheadActual  11: 8192 op, 10546.00 ns, 1.2874 ns/op
OverheadActual  12: 8192 op, 10563.00 ns, 1.2894 ns/op
OverheadActual  13: 8192 op, 10581.00 ns, 1.2916 ns/op
OverheadActual  14: 8192 op, 10556.00 ns, 1.2886 ns/op
OverheadActual  15: 8192 op, 10562.00 ns, 1.2893 ns/op

WorkloadWarmup   1: 8192 op, 534127485.00 ns, 65.2011 us/op
WorkloadWarmup   2: 8192 op, 534292347.00 ns, 65.2212 us/op
WorkloadWarmup   3: 8192 op, 534967560.00 ns, 65.3037 us/op
WorkloadWarmup   4: 8192 op, 532227822.00 ns, 64.9692 us/op
WorkloadWarmup   5: 8192 op, 527617502.00 ns, 64.4064 us/op
WorkloadWarmup   6: 8192 op, 521091017.00 ns, 63.6097 us/op
WorkloadWarmup   7: 8192 op, 537202596.00 ns, 65.5765 us/op
WorkloadWarmup   8: 8192 op, 526442308.00 ns, 64.2630 us/op

WorkloadActual   1: 8192 op, 522651364.00 ns, 63.8002 us/op
WorkloadActual   2: 8192 op, 535892538.00 ns, 65.4166 us/op
WorkloadActual   3: 8192 op, 545650750.00 ns, 66.6078 us/op
WorkloadActual   4: 8192 op, 558483075.00 ns, 68.1742 us/op
WorkloadActual   5: 8192 op, 548888299.00 ns, 67.0030 us/op
WorkloadActual   6: 8192 op, 553079196.00 ns, 67.5146 us/op
WorkloadActual   7: 8192 op, 545110990.00 ns, 66.5419 us/op
WorkloadActual   8: 8192 op, 554756641.00 ns, 67.7193 us/op
WorkloadActual   9: 8192 op, 548011705.00 ns, 66.8960 us/op
WorkloadActual  10: 8192 op, 557151592.00 ns, 68.0117 us/op
WorkloadActual  11: 8192 op, 555867753.00 ns, 67.8550 us/op
WorkloadActual  12: 8192 op, 559159957.00 ns, 68.2568 us/op
WorkloadActual  13: 8192 op, 547489492.00 ns, 66.8322 us/op
WorkloadActual  14: 8192 op, 555716505.00 ns, 67.8365 us/op
WorkloadActual  15: 8192 op, 555569611.00 ns, 67.8186 us/op

WorkloadResult   1: 8192 op, 522640802.00 ns, 63.7989 us/op
WorkloadResult   2: 8192 op, 535881976.00 ns, 65.4153 us/op
WorkloadResult   3: 8192 op, 545640188.00 ns, 66.6065 us/op
WorkloadResult   4: 8192 op, 558472513.00 ns, 68.1729 us/op
WorkloadResult   5: 8192 op, 548877737.00 ns, 67.0017 us/op
WorkloadResult   6: 8192 op, 553068634.00 ns, 67.5133 us/op
WorkloadResult   7: 8192 op, 545100428.00 ns, 66.5406 us/op
WorkloadResult   8: 8192 op, 554746079.00 ns, 67.7180 us/op
WorkloadResult   9: 8192 op, 548001143.00 ns, 66.8947 us/op
WorkloadResult  10: 8192 op, 557141030.00 ns, 68.0104 us/op
WorkloadResult  11: 8192 op, 555857191.00 ns, 67.8537 us/op
WorkloadResult  12: 8192 op, 559149395.00 ns, 68.2555 us/op
WorkloadResult  13: 8192 op, 547478930.00 ns, 66.8309 us/op
WorkloadResult  14: 8192 op, 555705943.00 ns, 67.8352 us/op
WorkloadResult  15: 8192 op, 555559049.00 ns, 67.8173 us/op
// GC:  0 0 0 2640 8192
// Threading:  0 0 8192


Mean = 67.084 μs, StdErr = 0.308 μs (0.46%), N = 15, StdDev = 1.192 μs
Min = 63.799 μs, Q1 = 66.719 μs, Median = 67.513 μs, Q3 = 67.844 μs, Max = 68.256 μs
IQR = 1.126 μs, LowerFence = 65.030 μs, UpperFence = 69.533 μs
ConfidenceInterval = [65.810 μs; 68.359 μs] (CI 99.9%), Margin = 1.275 μs (1.90% of Mean)
Skewness = -1.38, Kurtosis = 4.27, MValue = 2

// ** Remained 0 (0.0 %) benchmark(s) to run. Estimated finish 2026-09-18 1:32 (0h 0m from now) **
// ***** BenchmarkRunner: Finish  *****

// * Export *
  benchmarks/PairHandles/results/rung2-mixed-fast/results/Tl.PairHandlesProbe.PairHandleBenchmarks-report.csv
  benchmarks/PairHandles/results/rung2-mixed-fast/results/Tl.PairHandlesProbe.PairHandleBenchmarks-report-github.md
  benchmarks/PairHandles/results/rung2-mixed-fast/results/Tl.PairHandlesProbe.PairHandleBenchmarks-report.html
  benchmarks/PairHandles/results/rung2-mixed-fast/results/Tl.PairHandlesProbe.PairHandleBenchmarks-report-full.json

// * Detailed results *
PairHandleBenchmarks.Advance: Job-TZECNT(IterationCount=16, IterationTime=200ms, WarmupCount=8) [Shape=LaneUniform]
Runtime = .NET 10.0.12 (10.0.12, 10.0.1226.42308), X64 RyuJIT x86-64-v3; GC = Concurrent Workstation
Mean = 15.843 μs, StdErr = 0.015 μs (0.09%), N = 16, StdDev = 0.059 μs
Min = 15.785 μs, Q1 = 15.797 μs, Median = 15.828 μs, Q3 = 15.886 μs, Max = 15.973 μs
IQR = 0.089 μs, LowerFence = 15.663 μs, UpperFence = 16.020 μs
ConfidenceInterval = [15.783 μs; 15.903 μs] (CI 99.9%), Margin = 0.060 μs (0.38% of Mean)
Skewness = 0.83, Kurtosis = 2.38, MValue = 2
-------------------- Histogram --------------------
[15.754 μs ; 16.004 μs) | @@@@@@@@@@@@@@@@
---------------------------------------------------

PairHandleBenchmarks.Advance: InProcess(Toolchain=InProcessEmitToolchain) [Shape=LaneUniform]
Runtime = ; GC = 
Mean = 16.429 μs, StdErr = 0.084 μs (0.51%), N = 23, StdDev = 0.403 μs
Min = 16.073 μs, Q1 = 16.115 μs, Median = 16.252 μs, Q3 = 16.618 μs, Max = 17.343 μs
IQR = 0.503 μs, LowerFence = 15.361 μs, UpperFence = 17.371 μs
ConfidenceInterval = [16.110 μs; 16.747 μs] (CI 99.9%), Margin = 0.319 μs (1.94% of Mean)
Skewness = 0.97, Kurtosis = 2.38, MValue = 2.38
-------------------- Histogram --------------------
[16.030 μs ; 16.402 μs) | @@@@@@@@@@@@@@@@
[16.402 μs ; 16.804 μs) | @@
[16.804 μs ; 17.369 μs) | @@@@@
---------------------------------------------------

PairHandleBenchmarks.Advance: Job-TZECNT(IterationCount=16, IterationTime=200ms, WarmupCount=8) [Shape=PairOne]
Runtime = .NET 10.0.12 (10.0.12, 10.0.1226.42308), X64 RyuJIT x86-64-v3; GC = Concurrent Workstation
Mean = 19.412 μs, StdErr = 0.102 μs (0.52%), N = 14, StdDev = 0.381 μs
Min = 18.723 μs, Q1 = 19.330 μs, Median = 19.339 μs, Q3 = 19.349 μs, Max = 20.292 μs
IQR = 0.018 μs, LowerFence = 19.303 μs, UpperFence = 19.376 μs
ConfidenceInterval = [18.983 μs; 19.841 μs] (CI 99.9%), Margin = 0.429 μs (2.21% of Mean)
Skewness = 0.69, Kurtosis = 3.35, MValue = 2
-------------------- Histogram --------------------
[18.515 μs ; 18.982 μs) | @
[18.982 μs ; 19.474 μs) | @@@@@@@@@@
[19.474 μs ; 19.946 μs) | @
[19.946 μs ; 20.360 μs) | @@
---------------------------------------------------

PairHandleBenchmarks.Advance: InProcess(Toolchain=InProcessEmitToolchain) [Shape=PairOne]
Runtime = ; GC = 
Mean = 18.638 μs, StdErr = 0.095 μs (0.51%), N = 23, StdDev = 0.457 μs
Min = 18.065 μs, Q1 = 18.156 μs, Median = 18.649 μs, Q3 = 19.159 μs, Max = 19.192 μs
IQR = 1.003 μs, LowerFence = 16.652 μs, UpperFence = 20.663 μs
ConfidenceInterval = [18.277 μs; 19.000 μs] (CI 99.9%), Margin = 0.361 μs (1.94% of Mean)
Skewness = -0.03, Kurtosis = 1.25, MValue = 2
-------------------- Histogram --------------------
[18.061 μs ; 18.779 μs) | @@@@@@@@@@@@
[18.779 μs ; 19.201 μs) | @@@@@@@@@@@
---------------------------------------------------

PairHandleBenchmarks.Advance: Job-TZECNT(IterationCount=16, IterationTime=200ms, WarmupCount=8) [Shape=PairRuns8]
Runtime = .NET 10.0.12 (10.0.12, 10.0.1226.42308), X64 RyuJIT x86-64-v3; GC = Concurrent Workstation
Mean = 33.995 μs, StdErr = 0.173 μs (0.51%), N = 16, StdDev = 0.691 μs
Min = 32.891 μs, Q1 = 33.561 μs, Median = 33.831 μs, Q3 = 34.507 μs, Max = 35.065 μs
IQR = 0.947 μs, LowerFence = 32.141 μs, UpperFence = 35.928 μs
ConfidenceInterval = [33.291 μs; 34.699 μs] (CI 99.9%), Margin = 0.704 μs (2.07% of Mean)
Skewness = 0.07, Kurtosis = 1.7, MValue = 2
-------------------- Histogram --------------------
[32.531 μs ; 33.246 μs) | @@
[33.246 μs ; 34.217 μs) | @@@@@@@
[34.217 μs ; 35.425 μs) | @@@@@@@
---------------------------------------------------

PairHandleBenchmarks.Advance: InProcess(Toolchain=InProcessEmitToolchain) [Shape=PairRuns8]
Runtime = ; GC = 
Mean = 32.010 μs, StdErr = 0.159 μs (0.50%), N = 18, StdDev = 0.675 μs
Min = 31.319 μs, Q1 = 31.535 μs, Median = 31.675 μs, Q3 = 32.264 μs, Max = 33.280 μs
IQR = 0.729 μs, LowerFence = 30.442 μs, UpperFence = 33.357 μs
ConfidenceInterval = [31.380 μs; 32.641 μs] (CI 99.9%), Margin = 0.631 μs (1.97% of Mean)
Skewness = 0.8, Kurtosis = 2.04, MValue = 2.18
-------------------- Histogram --------------------
[31.273 μs ; 31.949 μs) | @@@@@@@@@@@
[31.949 μs ; 32.733 μs) | @@@
[32.733 μs ; 33.409 μs) | @@@@
---------------------------------------------------

PairHandleBenchmarks.Advance: Job-TZECNT(IterationCount=16, IterationTime=200ms, WarmupCount=8) [Shape=PairAlternating8]
Runtime = .NET 10.0.12 (10.0.12, 10.0.1226.42308), X64 RyuJIT x86-64-v3; GC = Concurrent Workstation
Mean = 87.894 μs, StdErr = 0.207 μs (0.24%), N = 16, StdDev = 0.828 μs
Min = 86.577 μs, Q1 = 87.254 μs, Median = 87.796 μs, Q3 = 88.586 μs, Max = 89.179 μs
IQR = 1.332 μs, LowerFence = 85.257 μs, UpperFence = 90.584 μs
ConfidenceInterval = [87.051 μs; 88.737 μs] (CI 99.9%), Margin = 0.843 μs (0.96% of Mean)
Skewness = 0.05, Kurtosis = 1.55, MValue = 2
-------------------- Histogram --------------------
[86.423 μs ; 89.610 μs) | @@@@@@@@@@@@@@@@
---------------------------------------------------

PairHandleBenchmarks.Advance: InProcess(Toolchain=InProcessEmitToolchain) [Shape=PairAlternating8]
Runtime = ; GC = 
Mean = 85.263 μs, StdErr = 0.287 μs (0.34%), N = 15, StdDev = 1.110 μs
Min = 82.259 μs, Q1 = 84.687 μs, Median = 85.298 μs, Q3 = 85.940 μs, Max = 86.607 μs
IQR = 1.253 μs, LowerFence = 82.807 μs, UpperFence = 87.820 μs
ConfidenceInterval = [84.077 μs; 86.449 μs] (CI 99.9%), Margin = 1.186 μs (1.39% of Mean)
Skewness = -1.05, Kurtosis = 4, MValue = 2
-------------------- Histogram --------------------
[81.668 μs ; 84.094 μs) | @
[84.094 μs ; 87.197 μs) | @@@@@@@@@@@@@@
---------------------------------------------------

PairHandleBenchmarks.Advance: Job-TZECNT(IterationCount=16, IterationTime=200ms, WarmupCount=8) [Shape=PairRuns8Waves]
Runtime = .NET 10.0.12 (10.0.12, 10.0.1226.42308), X64 RyuJIT x86-64-v3; GC = Concurrent Workstation
Mean = 17.909 μs, StdErr = 0.055 μs (0.31%), N = 15, StdDev = 0.213 μs
Min = 17.461 μs, Q1 = 17.768 μs, Median = 17.939 μs, Q3 = 18.033 μs, Max = 18.228 μs
IQR = 0.265 μs, LowerFence = 17.370 μs, UpperFence = 18.431 μs
ConfidenceInterval = [17.681 μs; 18.137 μs] (CI 99.9%), Margin = 0.228 μs (1.27% of Mean)
Skewness = -0.2, Kurtosis = 2.19, MValue = 2
-------------------- Histogram --------------------
[17.347 μs ; 18.341 μs) | @@@@@@@@@@@@@@@
---------------------------------------------------

PairHandleBenchmarks.Advance: InProcess(Toolchain=InProcessEmitToolchain) [Shape=PairRuns8Waves]
Runtime = ; GC = 
Mean = 16.544 μs, StdErr = 0.057 μs (0.35%), N = 15, StdDev = 0.222 μs
Min = 16.240 μs, Q1 = 16.399 μs, Median = 16.505 μs, Q3 = 16.686 μs, Max = 16.968 μs
IQR = 0.287 μs, LowerFence = 15.968 μs, UpperFence = 17.117 μs
ConfidenceInterval = [16.307 μs; 16.781 μs] (CI 99.9%), Margin = 0.237 μs (1.43% of Mean)
Skewness = 0.58, Kurtosis = 2.2, MValue = 2
-------------------- Histogram --------------------
[16.122 μs ; 16.615 μs) | @@@@@@@@@@
[16.615 μs ; 17.086 μs) | @@@@@
---------------------------------------------------

PairHandleBenchmarks.Advance: Job-TZECNT(IterationCount=16, IterationTime=200ms, WarmupCount=8) [Shape=PairBlocks8Waves]
Runtime = .NET 10.0.12 (10.0.12, 10.0.1226.42308), X64 RyuJIT x86-64-v3; GC = Concurrent Workstation
Mean = 19.488 μs, StdErr = 0.078 μs (0.40%), N = 16, StdDev = 0.314 μs
Min = 19.080 μs, Q1 = 19.151 μs, Median = 19.486 μs, Q3 = 19.757 μs, Max = 20.052 μs
IQR = 0.606 μs, LowerFence = 18.241 μs, UpperFence = 20.666 μs
ConfidenceInterval = [19.168 μs; 19.808 μs] (CI 99.9%), Margin = 0.320 μs (1.64% of Mean)
Skewness = 0.13, Kurtosis = 1.57, MValue = 2
-------------------- Histogram --------------------
[19.039 μs ; 20.215 μs) | @@@@@@@@@@@@@@@@
---------------------------------------------------

PairHandleBenchmarks.Advance: InProcess(Toolchain=InProcessEmitToolchain) [Shape=PairBlocks8Waves]
Runtime = ; GC = 
Mean = 19.607 μs, StdErr = 0.085 μs (0.43%), N = 15, StdDev = 0.329 μs
Min = 19.117 μs, Q1 = 19.338 μs, Median = 19.545 μs, Q3 = 19.843 μs, Max = 20.224 μs
IQR = 0.504 μs, LowerFence = 18.582 μs, UpperFence = 20.600 μs
ConfidenceInterval = [19.255 μs; 19.958 μs] (CI 99.9%), Margin = 0.351 μs (1.79% of Mean)
Skewness = 0.26, Kurtosis = 1.78, MValue = 2
-------------------- Histogram --------------------
[18.942 μs ; 19.582 μs) | @@@@@@@@
[19.582 μs ; 20.399 μs) | @@@@@@@
---------------------------------------------------

PairHandleBenchmarks.Advance: Job-TZECNT(IterationCount=16, IterationTime=200ms, WarmupCount=8) [Shape=PairA(...)Waves [21]]
Runtime = .NET 10.0.12 (10.0.12, 10.0.1226.42308), X64 RyuJIT x86-64-v3; GC = Concurrent Workstation
Mean = 66.533 μs, StdErr = 0.386 μs (0.58%), N = 16, StdDev = 1.544 μs
Min = 62.819 μs, Q1 = 65.682 μs, Median = 66.488 μs, Q3 = 67.416 μs, Max = 68.887 μs
IQR = 1.734 μs, LowerFence = 63.080 μs, UpperFence = 70.018 μs
ConfidenceInterval = [64.961 μs; 68.105 μs] (CI 99.9%), Margin = 1.572 μs (2.36% of Mean)
Skewness = -0.41, Kurtosis = 2.89, MValue = 2
-------------------- Histogram --------------------
[62.015 μs ; 63.624 μs) | @
[63.624 μs ; 65.663 μs) | @@
[65.663 μs ; 67.271 μs) | @@@@@@@@@
[67.271 μs ; 69.186 μs) | @@@@
---------------------------------------------------

PairHandleBenchmarks.Advance: InProcess(Toolchain=InProcessEmitToolchain) [Shape=PairA(...)Waves [21]]
Runtime = ; GC = 
Mean = 67.084 μs, StdErr = 0.308 μs (0.46%), N = 15, StdDev = 1.192 μs
Min = 63.799 μs, Q1 = 66.719 μs, Median = 67.513 μs, Q3 = 67.844 μs, Max = 68.256 μs
IQR = 1.126 μs, LowerFence = 65.030 μs, UpperFence = 69.533 μs
ConfidenceInterval = [65.810 μs; 68.359 μs] (CI 99.9%), Margin = 1.275 μs (1.90% of Mean)
Skewness = -1.38, Kurtosis = 4.27, MValue = 2
-------------------- Histogram --------------------
[63.164 μs ; 65.351 μs) | @
[65.351 μs ; 66.746 μs) | @@@
[66.746 μs ; 68.890 μs) | @@@@@@@@@@@
---------------------------------------------------

// * Summary *

BenchmarkDotNet v0.15.8, Linux Omarchy
Intel Core i9-14900K 0.80GHz, 1 CPU, 32 logical and 24 physical cores
.NET SDK 10.0.401
  [Host]     : .NET 10.0.12 (10.0.12, 10.0.1226.42308), X64 RyuJIT x86-64-v3
  Job-TZECNT : .NET 10.0.12 (10.0.12, 10.0.1226.42308), X64 RyuJIT x86-64-v3


| Method  | Job        | Toolchain              | IterationCount | IterationTime | WarmupCount | Shape                | Mean     | Error    | StdDev   | Median   | Allocated |
|-------- |----------- |----------------------- |--------------- |-------------- |------------ |--------------------- |---------:|---------:|---------:|---------:|----------:|
| Advance | Job-TZECNT | Default                | 16             | 200ms         | 8           | LaneUniform          | 15.84 μs | 0.060 μs | 0.059 μs | 15.83 μs |         - |
| Advance | InProcess  | InProcessEmitToolchain | Default        | Default       | Default     | LaneUniform          | 16.43 μs | 0.319 μs | 0.403 μs | 16.25 μs |         - |
| Advance | Job-TZECNT | Default                | 16             | 200ms         | 8           | PairOne              | 19.41 μs | 0.429 μs | 0.381 μs | 19.34 μs |         - |
| Advance | InProcess  | InProcessEmitToolchain | Default        | Default       | Default     | PairOne              | 18.64 μs | 0.361 μs | 0.457 μs | 18.65 μs |         - |
| Advance | Job-TZECNT | Default                | 16             | 200ms         | 8           | PairRuns8            | 33.99 μs | 0.704 μs | 0.691 μs | 33.83 μs |         - |
| Advance | InProcess  | InProcessEmitToolchain | Default        | Default       | Default     | PairRuns8            | 32.01 μs | 0.631 μs | 0.675 μs | 31.67 μs |         - |
| Advance | Job-TZECNT | Default                | 16             | 200ms         | 8           | PairAlternating8     | 87.89 μs | 0.843 μs | 0.828 μs | 87.80 μs |         - |
| Advance | InProcess  | InProcessEmitToolchain | Default        | Default       | Default     | PairAlternating8     | 85.26 μs | 1.186 μs | 1.110 μs | 85.30 μs |       1 B |
| Advance | Job-TZECNT | Default                | 16             | 200ms         | 8           | PairRuns8Waves       | 17.91 μs | 0.228 μs | 0.213 μs | 17.94 μs |         - |
| Advance | InProcess  | InProcessEmitToolchain | Default        | Default       | Default     | PairRuns8Waves       | 16.54 μs | 0.237 μs | 0.222 μs | 16.50 μs |         - |
| Advance | Job-TZECNT | Default                | 16             | 200ms         | 8           | PairBlocks8Waves     | 19.49 μs | 0.320 μs | 0.314 μs | 19.49 μs |         - |
| Advance | InProcess  | InProcessEmitToolchain | Default        | Default       | Default     | PairBlocks8Waves     | 19.61 μs | 0.351 μs | 0.329 μs | 19.55 μs |         - |
| Advance | Job-TZECNT | Default                | 16             | 200ms         | 8           | PairA(...)Waves [21] | 66.53 μs | 1.572 μs | 1.544 μs | 66.49 μs |         - |
| Advance | InProcess  | InProcessEmitToolchain | Default        | Default       | Default     | PairA(...)Waves [21] | 67.08 μs | 1.275 μs | 1.192 μs | 67.51 μs |         - |

// * Hints *
Outliers
  PairHandleBenchmarks.Advance: InProcess                                             -> 1 outlier  was  removed (17.95 μs)
  PairHandleBenchmarks.Advance: IterationCount=16, IterationTime=200ms, WarmupCount=8 -> 2 outliers were removed (20.64 μs, 21.78 μs)
  PairHandleBenchmarks.Advance: InProcess                                             -> 1 outlier  was  detected (82.26 μs)
  PairHandleBenchmarks.Advance: IterationCount=16, IterationTime=200ms, WarmupCount=8 -> 1 outlier  was  removed (18.62 μs)
  PairHandleBenchmarks.Advance: IterationCount=16, IterationTime=200ms, WarmupCount=8 -> 1 outlier  was  detected (62.82 μs)
  PairHandleBenchmarks.Advance: InProcess                                             -> 1 outlier  was  detected (63.80 μs)

// * Legends *
  Shape     : Value of the 'Shape' parameter
  Mean      : Arithmetic mean of all measurements
  Error     : Half of 99.9% confidence interval
  StdDev    : Standard deviation of all measurements
  Median    : Value separating the higher half of all measurements (50th percentile)
  Allocated : Allocated memory per single operation (managed only, inclusive, 1KB = 1024B)
  1 μs      : 1 Microsecond (0.000001 sec)

// * Diagnostic Output - MemoryDiagnoser *


// ***** BenchmarkRunner: End *****
Run time: 00:02:47 (167.96 sec), executed benchmarks: 14

Global total time: 00:02:51 (171.72 sec), executed benchmarks: 14
// * Artifacts cleanup *
Artifacts cleanup is finished
