// Validating benchmarks:
// ***** BenchmarkRunner: Start   *****
// ***** Found 14 benchmark(s) in total *****
// ***** Building 2 exe(s) in Parallel: Start   *****
// ***** Done, took 00:00:05 (5 sec)   *****
// Found 14 benchmarks:
//   PairHandleBenchmarks.Advance: Job-TZECNT(IterationCount=16, IterationTime=200ms, WarmupCount=8) [Shape=LaneUniform]
//   PairHandleBenchmarks.Advance: InProcess(Toolchain=InProcessEmitToolchain) [Shape=LaneUniform]
//   PairHandleBenchmarks.Advance: Job-TZECNT(IterationCount=16, IterationTime=200ms, WarmupCount=8) [Shape=PairOne]
//   PairHandleBenchmarks.Advance: InProcess(Toolchain=InProcessEmitToolchain) [Shape=PairOne]
//   PairHandleBenchmarks.Advance: Job-TZECNT(IterationCount=16, IterationTime=200ms, WarmupCount=8) [Shape=PairRuns8]
//   PairHandleBenchmarks.Advance: InProcess(Toolchain=InProcessEmitToolchain) [Shape=PairRuns8]
//   PairHandleBenchmarks.Advance: Job-TZECNT(IterationCount=16, IterationTime=200ms, WarmupCount=8) [Shape=PairAlternating8]
//   PairHandleBenchmarks.Advance: InProcess(Toolchain=InProcessEmitToolchain) [Shape=PairAlternating8]
//   PairHandleBenchmarks.Advance: Job-TZECNT(IterationCount=16, IterationTime=200ms, WarmupCount=8) [Shape=PairRuns8Waves]
//   PairHandleBenchmarks.Advance: InProcess(Toolchain=InProcessEmitToolchain) [Shape=PairRuns8Waves]
//   PairHandleBenchmarks.Advance: Job-TZECNT(IterationCount=16, IterationTime=200ms, WarmupCount=8) [Shape=PairBlocks8Waves]
//   PairHandleBenchmarks.Advance: InProcess(Toolchain=InProcessEmitToolchain) [Shape=PairBlocks8Waves]
//   PairHandleBenchmarks.Advance: Job-TZECNT(IterationCount=16, IterationTime=200ms, WarmupCount=8) [Shape=PairA(...)Waves [21]]
//   PairHandleBenchmarks.Advance: InProcess(Toolchain=InProcessEmitToolchain) [Shape=PairA(...)Waves [21]]

// **************************
// Benchmark: PairHandleBenchmarks.Advance: Job-TZECNT(IterationCount=16, IterationTime=200ms, WarmupCount=8) [Shape=LaneUniform]
// *** Execute ***
// Launch: 1 / 1
// Execute: dotnet PairHandles-Job-TZECNT-1.dll --anonymousPipes 140 141 --benchmarkName "Tl.PairHandlesProbe.PairHandleBenchmarks.Advance(Shape: LaneUniform)" --job "IterationCount=16, IterationTime=200ms, WarmupCount=8" --benchmarkId 0 in /home/i/GitHub/tl-193-shrink/benchmarks/PairHandles/bin/Release/net10.0/PairHandles-Job-TZECNT-1/bin/Release/net10.0
// Failed to set up high priority (Permission denied). In order to run benchmarks with high priority, make sure you have the right permissions.
// BeforeAnythingElse

// Benchmark Process Environment Information:
// BenchmarkDotNet v0.15.8
// Runtime=.NET 10.0.12 (10.0.12, 10.0.1226.42308), X64 RyuJIT x86-64-v3
// GC=Concurrent Workstation
// HardwareIntrinsics=AVX2+BMI1+BMI2+F16C+FMA+LZCNT+MOVBE,AVX,SSE3+SSSE3+SSE4.1+SSE4.2+POPCNT,X86Base+SSE+SSE2,AES+PCLMUL,AvxVnni,SERIALIZE VectorSize=256
// Job: Job-TZECNT(IterationCount=16, IterationTime=200ms, WarmupCount=8)

OverheadJitting  1: 1 op, 78361.00 ns, 78.3610 us/op
WorkloadJitting  1: 1 op, 6900591.00 ns, 6.9006 ms/op

OverheadJitting  2: 16 op, 124479.00 ns, 7.7799 us/op
WorkloadJitting  2: 16 op, 937404.00 ns, 58.5878 us/op

WorkloadPilot    1: 16 op, 744725.00 ns, 46.5453 us/op
WorkloadPilot    2: 4304 op, 153689617.00 ns, 35.7086 us/op
WorkloadPilot    3: 5616 op, 118864531.00 ns, 21.1653 us/op
WorkloadPilot    4: 9456 op, 204349696.00 ns, 21.6106 us/op
WorkloadPilot    5: 9264 op, 186353681.00 ns, 20.1159 us/op
WorkloadPilot    6: 9952 op, 182718883.00 ns, 18.3600 us/op
WorkloadPilot    7: 10896 op, 200401080.00 ns, 18.3922 us/op
WorkloadPilot    8: 10880 op, 199149490.00 ns, 18.3042 us/op
WorkloadPilot    9: 10928 op, 200581272.00 ns, 18.3548 us/op

OverheadWarmup   1: 10928 op, 20808.00 ns, 1.9041 ns/op
OverheadWarmup   2: 10928 op, 20019.00 ns, 1.8319 ns/op
OverheadWarmup   3: 10928 op, 19987.00 ns, 1.8290 ns/op
OverheadWarmup   4: 10928 op, 19913.00 ns, 1.8222 ns/op
OverheadWarmup   5: 10928 op, 19927.00 ns, 1.8235 ns/op
OverheadWarmup   6: 10928 op, 20009.00 ns, 1.8310 ns/op
OverheadWarmup   7: 10928 op, 19869.00 ns, 1.8182 ns/op
OverheadWarmup   8: 10928 op, 19861.00 ns, 1.8174 ns/op
OverheadWarmup   9: 10928 op, 19826.00 ns, 1.8142 ns/op
OverheadWarmup  10: 10928 op, 22005.00 ns, 2.0136 ns/op

OverheadActual   1: 10928 op, 20044.00 ns, 1.8342 ns/op
OverheadActual   2: 10928 op, 20322.00 ns, 1.8596 ns/op
OverheadActual   3: 10928 op, 20082.00 ns, 1.8377 ns/op
OverheadActual   4: 10928 op, 19884.00 ns, 1.8195 ns/op
OverheadActual   5: 10928 op, 19977.00 ns, 1.8281 ns/op
OverheadActual   6: 10928 op, 19825.00 ns, 1.8141 ns/op
OverheadActual   7: 10928 op, 19840.00 ns, 1.8155 ns/op
OverheadActual   8: 10928 op, 20126.00 ns, 1.8417 ns/op
OverheadActual   9: 10928 op, 19802.00 ns, 1.8120 ns/op
OverheadActual  10: 10928 op, 19795.00 ns, 1.8114 ns/op
OverheadActual  11: 10928 op, 19815.00 ns, 1.8132 ns/op
OverheadActual  12: 10928 op, 19792.00 ns, 1.8111 ns/op
OverheadActual  13: 10928 op, 22733.00 ns, 2.0803 ns/op
OverheadActual  14: 10928 op, 19954.00 ns, 1.8260 ns/op
OverheadActual  15: 10928 op, 19810.00 ns, 1.8128 ns/op

WorkloadWarmup   1: 10928 op, 199942660.00 ns, 18.2964 us/op
WorkloadWarmup   2: 10928 op, 199693036.00 ns, 18.2735 us/op
WorkloadWarmup   3: 10928 op, 199396483.00 ns, 18.2464 us/op
WorkloadWarmup   4: 10928 op, 199421828.00 ns, 18.2487 us/op
WorkloadWarmup   5: 10928 op, 199856719.00 ns, 18.2885 us/op
WorkloadWarmup   6: 10928 op, 200514662.00 ns, 18.3487 us/op
WorkloadWarmup   7: 10928 op, 199790975.00 ns, 18.2825 us/op
WorkloadWarmup   8: 10928 op, 199930221.00 ns, 18.2952 us/op

// BeforeActualRun
WorkloadActual   1: 10928 op, 237718751.00 ns, 21.7532 us/op
WorkloadActual   2: 10928 op, 227553674.00 ns, 20.8230 us/op
WorkloadActual   3: 10928 op, 231827635.00 ns, 21.2141 us/op
WorkloadActual   4: 10928 op, 232685265.00 ns, 21.2926 us/op
WorkloadActual   5: 10928 op, 199702331.00 ns, 18.2744 us/op
WorkloadActual   6: 10928 op, 200347052.00 ns, 18.3334 us/op
WorkloadActual   7: 10928 op, 202089278.00 ns, 18.4928 us/op
WorkloadActual   8: 10928 op, 200334928.00 ns, 18.3323 us/op
WorkloadActual   9: 10928 op, 231087819.00 ns, 21.1464 us/op
WorkloadActual  10: 10928 op, 200460050.00 ns, 18.3437 us/op
WorkloadActual  11: 10928 op, 200163008.00 ns, 18.3165 us/op
WorkloadActual  12: 10928 op, 200137029.00 ns, 18.3141 us/op
WorkloadActual  13: 10928 op, 199947686.00 ns, 18.2968 us/op
WorkloadActual  14: 10928 op, 199231654.00 ns, 18.2313 us/op
WorkloadActual  15: 10928 op, 199438544.00 ns, 18.2502 us/op
WorkloadActual  16: 10928 op, 199680792.00 ns, 18.2724 us/op

// AfterActualRun
WorkloadResult   1: 10928 op, 237698867.00 ns, 21.7514 us/op
WorkloadResult   2: 10928 op, 227533790.00 ns, 20.8212 us/op
WorkloadResult   3: 10928 op, 231807751.00 ns, 21.2123 us/op
WorkloadResult   4: 10928 op, 232665381.00 ns, 21.2908 us/op
WorkloadResult   5: 10928 op, 199682447.00 ns, 18.2726 us/op
WorkloadResult   6: 10928 op, 200327168.00 ns, 18.3315 us/op
WorkloadResult   7: 10928 op, 202069394.00 ns, 18.4910 us/op
WorkloadResult   8: 10928 op, 200315044.00 ns, 18.3304 us/op
WorkloadResult   9: 10928 op, 231067935.00 ns, 21.1446 us/op
WorkloadResult  10: 10928 op, 200440166.00 ns, 18.3419 us/op
WorkloadResult  11: 10928 op, 200143124.00 ns, 18.3147 us/op
WorkloadResult  12: 10928 op, 200117145.00 ns, 18.3123 us/op
WorkloadResult  13: 10928 op, 199927802.00 ns, 18.2950 us/op
WorkloadResult  14: 10928 op, 199211770.00 ns, 18.2295 us/op
WorkloadResult  15: 10928 op, 199418660.00 ns, 18.2484 us/op
WorkloadResult  16: 10928 op, 199660908.00 ns, 18.2706 us/op
// GC:  0 0 0 0 10928
// Threading:  0 0 10928

// AfterAll
// Benchmark Process 420453 has exited with code 0.

Mean = 19.229 μs, StdErr = 0.354 μs (1.84%), N = 16, StdDev = 1.415 μs
Min = 18.229 μs, Q1 = 18.289 μs, Median = 18.331 μs, Q3 = 20.902 μs, Max = 21.751 μs
IQR = 2.613 μs, LowerFence = 14.370 μs, UpperFence = 24.821 μs
ConfidenceInterval = [17.788 μs; 20.669 μs] (CI 99.9%), Margin = 1.441 μs (7.49% of Mean)
Skewness = 0.77, Kurtosis = 1.59, MValue = 2.91

// ** Remained 13 (92.9 %) benchmark(s) to run. Estimated finish 2026-09-19 2:14 (0h 1m from now) **
// **************************
// Benchmark: PairHandleBenchmarks.Advance: InProcess(Toolchain=InProcessEmitToolchain) [Shape=LaneUniform]
// *** Execute ***
// Launch: 1 / 1
// ! Failed to set up priority High for process System.Diagnostics.Process (PairHandles). Make sure you have the right permissions. Message: Permission denied

// Benchmark Process Environment Information:
// BenchmarkDotNet v0.15.8
// Runtime=.NET 10.0.12 (10.0.12, 10.0.1226.42308), X64 RyuJIT x86-64-v3
// GC=Concurrent Workstation
// HardwareIntrinsics=AVX2+BMI1+BMI2+F16C+FMA+LZCNT+MOVBE,AVX,SSE3+SSSE3+SSE4.1+SSE4.2+POPCNT,X86Base+SSE+SSE2,AES+PCLMUL,AvxVnni,SERIALIZE VectorSize=256
// Job: Job-JWQWGO(Toolchain=InProcessEmitToolchain)

OverheadJitting  1: 1 op, 80690.00 ns, 80.6900 us/op
WorkloadJitting  1: 1 op, 1120139.00 ns, 1.1201 ms/op

OverheadJitting  2: 16 op, 105523.00 ns, 6.5952 us/op
WorkloadJitting  2: 16 op, 834814.00 ns, 52.1759 us/op

WorkloadPilot    1: 16 op, 753116.00 ns, 47.0698 us/op
WorkloadPilot    2: 32 op, 1460395.00 ns, 45.6373 us/op
WorkloadPilot    3: 64 op, 2696852.00 ns, 42.1383 us/op
WorkloadPilot    4: 128 op, 5617713.00 ns, 43.8884 us/op
WorkloadPilot    5: 256 op, 10574585.00 ns, 41.3070 us/op
WorkloadPilot    6: 512 op, 20741465.00 ns, 40.5107 us/op
WorkloadPilot    7: 1024 op, 41564933.00 ns, 40.5908 us/op
WorkloadPilot    8: 2048 op, 82987193.00 ns, 40.5211 us/op
WorkloadPilot    9: 4096 op, 155220558.00 ns, 37.8956 us/op
WorkloadPilot   10: 8192 op, 148916412.00 ns, 18.1783 us/op
WorkloadPilot   11: 16384 op, 298734318.00 ns, 18.2333 us/op
WorkloadPilot   12: 32768 op, 600101875.00 ns, 18.3137 us/op

OverheadWarmup   1: 32768 op, 43012.00 ns, 1.3126 ns/op
OverheadWarmup   2: 32768 op, 42213.00 ns, 1.2882 ns/op
OverheadWarmup   3: 32768 op, 42173.00 ns, 1.2870 ns/op
OverheadWarmup   4: 32768 op, 42178.00 ns, 1.2872 ns/op
OverheadWarmup   5: 32768 op, 42177.00 ns, 1.2871 ns/op
OverheadWarmup   6: 32768 op, 42165.00 ns, 1.2868 ns/op
OverheadWarmup   7: 32768 op, 42175.00 ns, 1.2871 ns/op
OverheadWarmup   8: 32768 op, 42122.00 ns, 1.2855 ns/op

OverheadActual   1: 32768 op, 42244.00 ns, 1.2892 ns/op
OverheadActual   2: 32768 op, 42287.00 ns, 1.2905 ns/op
OverheadActual   3: 32768 op, 42292.00 ns, 1.2906 ns/op
OverheadActual   4: 32768 op, 42269.00 ns, 1.2899 ns/op
OverheadActual   5: 32768 op, 42272.00 ns, 1.2900 ns/op
OverheadActual   6: 32768 op, 42185.00 ns, 1.2874 ns/op
OverheadActual   7: 32768 op, 42334.00 ns, 1.2919 ns/op
OverheadActual   8: 32768 op, 43552.00 ns, 1.3291 ns/op
OverheadActual   9: 32768 op, 44446.00 ns, 1.3564 ns/op
OverheadActual  10: 32768 op, 42187.00 ns, 1.2874 ns/op
OverheadActual  11: 32768 op, 42164.00 ns, 1.2867 ns/op
OverheadActual  12: 32768 op, 42147.00 ns, 1.2862 ns/op
OverheadActual  13: 32768 op, 42181.00 ns, 1.2873 ns/op
OverheadActual  14: 32768 op, 42177.00 ns, 1.2871 ns/op
OverheadActual  15: 32768 op, 42134.00 ns, 1.2858 ns/op

WorkloadWarmup   1: 32768 op, 674975148.00 ns, 20.5986 us/op
WorkloadWarmup   2: 32768 op, 700041654.00 ns, 21.3636 us/op
WorkloadWarmup   3: 32768 op, 707917926.00 ns, 21.6039 us/op
WorkloadWarmup   4: 32768 op, 628636694.00 ns, 19.1845 us/op
WorkloadWarmup   5: 32768 op, 598301553.00 ns, 18.2587 us/op
WorkloadWarmup   6: 32768 op, 597986832.00 ns, 18.2491 us/op
WorkloadWarmup   7: 32768 op, 606299006.00 ns, 18.5028 us/op
WorkloadWarmup   8: 32768 op, 673944978.00 ns, 20.5672 us/op
WorkloadWarmup   9: 32768 op, 675484035.00 ns, 20.6141 us/op
WorkloadWarmup  10: 32768 op, 670440748.00 ns, 20.4602 us/op

WorkloadActual   1: 32768 op, 598938183.00 ns, 18.2781 us/op
WorkloadActual   2: 32768 op, 640282153.00 ns, 19.5399 us/op
WorkloadActual   3: 32768 op, 598341603.00 ns, 18.2599 us/op
WorkloadActual   4: 32768 op, 599177240.00 ns, 18.2854 us/op
WorkloadActual   5: 32768 op, 654888160.00 ns, 19.9856 us/op
WorkloadActual   6: 32768 op, 703009953.00 ns, 21.4542 us/op
WorkloadActual   7: 32768 op, 600993469.00 ns, 18.3409 us/op
WorkloadActual   8: 32768 op, 645631791.00 ns, 19.7031 us/op
WorkloadActual   9: 32768 op, 603730580.00 ns, 18.4244 us/op
WorkloadActual  10: 32768 op, 595306347.00 ns, 18.1673 us/op
WorkloadActual  11: 32768 op, 596444057.00 ns, 18.2020 us/op
WorkloadActual  12: 32768 op, 596737643.00 ns, 18.2110 us/op
WorkloadActual  13: 32768 op, 708908655.00 ns, 21.6342 us/op
WorkloadActual  14: 32768 op, 702913645.00 ns, 21.4512 us/op
WorkloadActual  15: 32768 op, 597012254.00 ns, 18.2194 us/op
WorkloadActual  16: 32768 op, 624266166.00 ns, 19.0511 us/op
WorkloadActual  17: 32768 op, 596144465.00 ns, 18.1929 us/op
WorkloadActual  18: 32768 op, 598849725.00 ns, 18.2754 us/op
WorkloadActual  19: 32768 op, 596396351.00 ns, 18.2006 us/op
WorkloadActual  20: 32768 op, 597074902.00 ns, 18.2213 us/op
WorkloadActual  21: 32768 op, 632485700.00 ns, 19.3019 us/op
WorkloadActual  22: 32768 op, 683926075.00 ns, 20.8718 us/op
WorkloadActual  23: 32768 op, 607528375.00 ns, 18.5403 us/op
WorkloadActual  24: 32768 op, 663626923.00 ns, 20.2523 us/op
WorkloadActual  25: 32768 op, 637534846.00 ns, 19.4560 us/op
WorkloadActual  26: 32768 op, 618434250.00 ns, 18.8731 us/op
WorkloadActual  27: 32768 op, 605937601.00 ns, 18.4917 us/op
WorkloadActual  28: 32768 op, 596757284.00 ns, 18.2116 us/op
WorkloadActual  29: 32768 op, 599316639.00 ns, 18.2897 us/op
WorkloadActual  30: 32768 op, 597674653.00 ns, 18.2396 us/op
WorkloadActual  31: 32768 op, 599130284.00 ns, 18.2840 us/op
WorkloadActual  32: 32768 op, 599652672.00 ns, 18.2999 us/op
WorkloadActual  33: 32768 op, 596152444.00 ns, 18.1931 us/op
WorkloadActual  34: 32768 op, 596992954.00 ns, 18.2188 us/op
WorkloadActual  35: 32768 op, 599247749.00 ns, 18.2876 us/op
WorkloadActual  36: 32768 op, 624246911.00 ns, 19.0505 us/op
WorkloadActual  37: 32768 op, 598025301.00 ns, 18.2503 us/op
WorkloadActual  38: 32768 op, 706884078.00 ns, 21.5724 us/op
WorkloadActual  39: 32768 op, 618176219.00 ns, 18.8652 us/op
WorkloadActual  40: 32768 op, 600510167.00 ns, 18.3261 us/op
WorkloadActual  41: 32768 op, 612164666.00 ns, 18.6818 us/op
WorkloadActual  42: 32768 op, 599764599.00 ns, 18.3034 us/op
WorkloadActual  43: 32768 op, 599910791.00 ns, 18.3078 us/op

WorkloadResult   1: 32768 op, 598895939.00 ns, 18.2769 us/op
WorkloadResult   2: 32768 op, 640239909.00 ns, 19.5386 us/op
WorkloadResult   3: 32768 op, 598299359.00 ns, 18.2586 us/op
WorkloadResult   4: 32768 op, 599134996.00 ns, 18.2841 us/op
WorkloadResult   5: 32768 op, 654845916.00 ns, 19.9843 us/op
WorkloadResult   6: 32768 op, 600951225.00 ns, 18.3396 us/op
WorkloadResult   7: 32768 op, 645589547.00 ns, 19.7018 us/op
WorkloadResult   8: 32768 op, 603688336.00 ns, 18.4231 us/op
WorkloadResult   9: 32768 op, 595264103.00 ns, 18.1660 us/op
WorkloadResult  10: 32768 op, 596401813.00 ns, 18.2007 us/op
WorkloadResult  11: 32768 op, 596695399.00 ns, 18.2097 us/op
WorkloadResult  12: 32768 op, 596970010.00 ns, 18.2181 us/op
WorkloadResult  13: 32768 op, 624223922.00 ns, 19.0498 us/op
WorkloadResult  14: 32768 op, 596102221.00 ns, 18.1916 us/op
WorkloadResult  15: 32768 op, 598807481.00 ns, 18.2742 us/op
WorkloadResult  16: 32768 op, 596354107.00 ns, 18.1993 us/op
WorkloadResult  17: 32768 op, 597032658.00 ns, 18.2200 us/op
WorkloadResult  18: 32768 op, 632443456.00 ns, 19.3006 us/op
WorkloadResult  19: 32768 op, 607486131.00 ns, 18.5390 us/op
WorkloadResult  20: 32768 op, 663584679.00 ns, 20.2510 us/op
WorkloadResult  21: 32768 op, 637492602.00 ns, 19.4547 us/op
WorkloadResult  22: 32768 op, 618392006.00 ns, 18.8718 us/op
WorkloadResult  23: 32768 op, 605895357.00 ns, 18.4905 us/op
WorkloadResult  24: 32768 op, 596715040.00 ns, 18.2103 us/op
WorkloadResult  25: 32768 op, 599274395.00 ns, 18.2884 us/op
WorkloadResult  26: 32768 op, 597632409.00 ns, 18.2383 us/op
WorkloadResult  27: 32768 op, 599088040.00 ns, 18.2827 us/op
WorkloadResult  28: 32768 op, 599610428.00 ns, 18.2987 us/op
WorkloadResult  29: 32768 op, 596110200.00 ns, 18.1918 us/op
WorkloadResult  30: 32768 op, 596950710.00 ns, 18.2175 us/op
WorkloadResult  31: 32768 op, 599205505.00 ns, 18.2863 us/op
WorkloadResult  32: 32768 op, 624204667.00 ns, 19.0492 us/op
WorkloadResult  33: 32768 op, 597983057.00 ns, 18.2490 us/op
WorkloadResult  34: 32768 op, 618133975.00 ns, 18.8640 us/op
WorkloadResult  35: 32768 op, 600467923.00 ns, 18.3248 us/op
WorkloadResult  36: 32768 op, 612122422.00 ns, 18.6805 us/op
WorkloadResult  37: 32768 op, 599722355.00 ns, 18.3021 us/op
WorkloadResult  38: 32768 op, 599868547.00 ns, 18.3065 us/op
// GC:  0 0 0 0 32768
// Threading:  0 0 32768


Mean = 18.585 μs, StdErr = 0.091 μs (0.49%), N = 38, StdDev = 0.558 μs
Min = 18.166 μs, Q1 = 18.225 μs, Median = 18.294 μs, Q3 = 18.818 μs, Max = 20.251 μs
IQR = 0.594 μs, LowerFence = 17.334 μs, UpperFence = 19.708 μs
ConfidenceInterval = [18.262 μs; 18.909 μs] (CI 99.9%), Margin = 0.323 μs (1.74% of Mean)
Skewness = 1.51, Kurtosis = 4.12, MValue = 2

// ** Remained 12 (85.7 %) benchmark(s) to run. Estimated finish 2026-09-19 2:17 (0h 4m from now) **
// **************************
// Benchmark: PairHandleBenchmarks.Advance: Job-TZECNT(IterationCount=16, IterationTime=200ms, WarmupCount=8) [Shape=PairOne]
// *** Execute ***
// Launch: 1 / 1
// Execute: dotnet PairHandles-Job-TZECNT-1.dll --anonymousPipes 120 121 --benchmarkName "Tl.PairHandlesProbe.PairHandleBenchmarks.Advance(Shape: PairOne)" --job "IterationCount=16, IterationTime=200ms, WarmupCount=8" --benchmarkId 1 in /home/i/GitHub/tl-193-shrink/benchmarks/PairHandles/bin/Release/net10.0/PairHandles-Job-TZECNT-1/bin/Release/net10.0
// Failed to set up high priority (Permission denied). In order to run benchmarks with high priority, make sure you have the right permissions.
// BeforeAnythingElse

// Benchmark Process Environment Information:
// BenchmarkDotNet v0.15.8
// Runtime=.NET 10.0.12 (10.0.12, 10.0.1226.42308), X64 RyuJIT x86-64-v3
// GC=Concurrent Workstation
// HardwareIntrinsics=AVX2+BMI1+BMI2+F16C+FMA+LZCNT+MOVBE,AVX,SSE3+SSSE3+SSE4.1+SSE4.2+POPCNT,X86Base+SSE+SSE2,AES+PCLMUL,AvxVnni,SERIALIZE VectorSize=256
// Job: Job-TZECNT(IterationCount=16, IterationTime=200ms, WarmupCount=8)

OverheadJitting  1: 1 op, 80408.00 ns, 80.4080 us/op
WorkloadJitting  1: 1 op, 6832661.00 ns, 6.8327 ms/op

OverheadJitting  2: 16 op, 98933.00 ns, 6.1833 us/op
WorkloadJitting  2: 16 op, 950007.00 ns, 59.3754 us/op

WorkloadPilot    1: 16 op, 733833.00 ns, 45.8646 us/op
WorkloadPilot    2: 4368 op, 158116927.00 ns, 36.1989 us/op
WorkloadPilot    3: 5536 op, 120331546.00 ns, 21.7362 us/op
WorkloadPilot    4: 9216 op, 200438279.00 ns, 21.7489 us/op
WorkloadPilot    5: 9200 op, 172279861.00 ns, 18.7261 us/op
WorkloadPilot    6: 10688 op, 195300998.00 ns, 18.2729 us/op
WorkloadPilot    7: 10960 op, 200001247.00 ns, 18.2483 us/op

OverheadWarmup   1: 10960 op, 20816.00 ns, 1.8993 ns/op
OverheadWarmup   2: 10960 op, 19902.00 ns, 1.8159 ns/op
OverheadWarmup   3: 10960 op, 19878.00 ns, 1.8137 ns/op
OverheadWarmup   4: 10960 op, 19867.00 ns, 1.8127 ns/op
OverheadWarmup   5: 10960 op, 19886.00 ns, 1.8144 ns/op
OverheadWarmup   6: 10960 op, 20013.00 ns, 1.8260 ns/op
OverheadWarmup   7: 10960 op, 19880.00 ns, 1.8139 ns/op
OverheadWarmup   8: 10960 op, 19863.00 ns, 1.8123 ns/op
OverheadWarmup   9: 10960 op, 19907.00 ns, 1.8163 ns/op
OverheadWarmup  10: 10960 op, 19877.00 ns, 1.8136 ns/op

OverheadActual   1: 10960 op, 20187.00 ns, 1.8419 ns/op
OverheadActual   2: 10960 op, 20424.00 ns, 1.8635 ns/op
OverheadActual   3: 10960 op, 20108.00 ns, 1.8347 ns/op
OverheadActual   4: 10960 op, 20024.00 ns, 1.8270 ns/op
OverheadActual   5: 10960 op, 30667.00 ns, 2.7981 ns/op
OverheadActual   6: 10960 op, 19870.00 ns, 1.8130 ns/op
OverheadActual   7: 10960 op, 19902.00 ns, 1.8159 ns/op
OverheadActual   8: 10960 op, 20018.00 ns, 1.8265 ns/op
OverheadActual   9: 10960 op, 19871.00 ns, 1.8130 ns/op
OverheadActual  10: 10960 op, 19875.00 ns, 1.8134 ns/op
OverheadActual  11: 10960 op, 19870.00 ns, 1.8130 ns/op
OverheadActual  12: 10960 op, 19871.00 ns, 1.8130 ns/op
OverheadActual  13: 10960 op, 19864.00 ns, 1.8124 ns/op
OverheadActual  14: 10960 op, 20021.00 ns, 1.8267 ns/op
OverheadActual  15: 10960 op, 19945.00 ns, 1.8198 ns/op

WorkloadWarmup   1: 10960 op, 200309467.00 ns, 18.2764 us/op
WorkloadWarmup   2: 10960 op, 224283642.00 ns, 20.4638 us/op
WorkloadWarmup   3: 10960 op, 208227432.00 ns, 18.9989 us/op
WorkloadWarmup   4: 10960 op, 203341415.00 ns, 18.5530 us/op
WorkloadWarmup   5: 10960 op, 237186777.00 ns, 21.6411 us/op
WorkloadWarmup   6: 10960 op, 236990417.00 ns, 21.6232 us/op
WorkloadWarmup   7: 10960 op, 237139552.00 ns, 21.6368 us/op
WorkloadWarmup   8: 10960 op, 207848775.00 ns, 18.9643 us/op

// BeforeActualRun
WorkloadActual   1: 10960 op, 199603033.00 ns, 18.2120 us/op
WorkloadActual   2: 10960 op, 200848299.00 ns, 18.3256 us/op
WorkloadActual   3: 10960 op, 202559334.00 ns, 18.4817 us/op
WorkloadActual   4: 10960 op, 207437824.00 ns, 18.9268 us/op
WorkloadActual   5: 10960 op, 201553051.00 ns, 18.3899 us/op
WorkloadActual   6: 10960 op, 200535769.00 ns, 18.2971 us/op
WorkloadActual   7: 10960 op, 200749832.00 ns, 18.3166 us/op
WorkloadActual   8: 10960 op, 200853090.00 ns, 18.3260 us/op
WorkloadActual   9: 10960 op, 200639984.00 ns, 18.3066 us/op
WorkloadActual  10: 10960 op, 200079307.00 ns, 18.2554 us/op
WorkloadActual  11: 10960 op, 199676149.00 ns, 18.2186 us/op
WorkloadActual  12: 10960 op, 199517686.00 ns, 18.2042 us/op
WorkloadActual  13: 10960 op, 201095747.00 ns, 18.3482 us/op
WorkloadActual  14: 10960 op, 205722439.00 ns, 18.7703 us/op
WorkloadActual  15: 10960 op, 204405578.00 ns, 18.6501 us/op
WorkloadActual  16: 10960 op, 221094671.00 ns, 20.1729 us/op

// AfterActualRun
WorkloadResult   1: 10960 op, 199583088.00 ns, 18.2101 us/op
WorkloadResult   2: 10960 op, 200828354.00 ns, 18.3238 us/op
WorkloadResult   3: 10960 op, 202539389.00 ns, 18.4799 us/op
WorkloadResult   4: 10960 op, 201533106.00 ns, 18.3881 us/op
WorkloadResult   5: 10960 op, 200515824.00 ns, 18.2952 us/op
WorkloadResult   6: 10960 op, 200729887.00 ns, 18.3148 us/op
WorkloadResult   7: 10960 op, 200833145.00 ns, 18.3242 us/op
WorkloadResult   8: 10960 op, 200620039.00 ns, 18.3047 us/op
WorkloadResult   9: 10960 op, 200059362.00 ns, 18.2536 us/op
WorkloadResult  10: 10960 op, 199656204.00 ns, 18.2168 us/op
WorkloadResult  11: 10960 op, 199497741.00 ns, 18.2023 us/op
WorkloadResult  12: 10960 op, 201075802.00 ns, 18.3463 us/op
WorkloadResult  13: 10960 op, 205702494.00 ns, 18.7685 us/op
WorkloadResult  14: 10960 op, 204385633.00 ns, 18.6483 us/op
// GC:  0 0 0 0 10960
// Threading:  0 0 10960

// AfterAll
// Benchmark Process 420791 has exited with code 0.

Mean = 18.363 μs, StdErr = 0.044 μs (0.24%), N = 14, StdDev = 0.166 μs
Min = 18.202 μs, Q1 = 18.264 μs, Median = 18.319 μs, Q3 = 18.378 μs, Max = 18.768 μs
IQR = 0.114 μs, LowerFence = 18.094 μs, UpperFence = 18.548 μs
ConfidenceInterval = [18.176 μs; 18.549 μs] (CI 99.9%), Margin = 0.187 μs (1.02% of Mean)
Skewness = 1.24, Kurtosis = 3.41, MValue = 2

// ** Remained 11 (78.6 %) benchmark(s) to run. Estimated finish 2026-09-19 2:16 (0h 2m from now) **
// **************************
// Benchmark: PairHandleBenchmarks.Advance: InProcess(Toolchain=InProcessEmitToolchain) [Shape=PairOne]
// *** Execute ***
// Launch: 1 / 1
// ! Failed to set up priority High for process System.Diagnostics.Process (PairHandles). Make sure you have the right permissions. Message: Permission denied

// Benchmark Process Environment Information:
// BenchmarkDotNet v0.15.8
// Runtime=.NET 10.0.12 (10.0.12, 10.0.1226.42308), X64 RyuJIT x86-64-v3
// GC=Concurrent Workstation
// HardwareIntrinsics=AVX2+BMI1+BMI2+F16C+FMA+LZCNT+MOVBE,AVX,SSE3+SSSE3+SSE4.1+SSE4.2+POPCNT,X86Base+SSE+SSE2,AES+PCLMUL,AvxVnni,SERIALIZE VectorSize=256
// Job: Job-JWQWGO(Toolchain=InProcessEmitToolchain)

OverheadJitting  1: 1 op, 100270.00 ns, 100.2700 us/op
WorkloadJitting  1: 1 op, 114524.00 ns, 114.5240 us/op

OverheadJitting  2: 16 op, 136152.00 ns, 8.5095 us/op
WorkloadJitting  2: 16 op, 443453.00 ns, 27.7158 us/op

WorkloadPilot    1: 16 op, 316502.00 ns, 19.7814 us/op
WorkloadPilot    2: 32 op, 650381.00 ns, 20.3244 us/op
WorkloadPilot    3: 64 op, 1244587.00 ns, 19.4467 us/op
WorkloadPilot    4: 128 op, 2458074.00 ns, 19.2037 us/op
WorkloadPilot    5: 256 op, 5089884.00 ns, 19.8824 us/op
WorkloadPilot    6: 512 op, 10183211.00 ns, 19.8891 us/op
WorkloadPilot    7: 1024 op, 20585332.00 ns, 20.1029 us/op
WorkloadPilot    8: 2048 op, 40134301.00 ns, 19.5968 us/op
WorkloadPilot    9: 4096 op, 77098251.00 ns, 18.8228 us/op
WorkloadPilot   10: 8192 op, 147447466.00 ns, 17.9990 us/op
WorkloadPilot   11: 16384 op, 296111200.00 ns, 18.0732 us/op
WorkloadPilot   12: 32768 op, 591618463.00 ns, 18.0548 us/op

OverheadWarmup   1: 32768 op, 44253.00 ns, 1.3505 ns/op
OverheadWarmup   2: 32768 op, 42299.00 ns, 1.2909 ns/op
OverheadWarmup   3: 32768 op, 42255.00 ns, 1.2895 ns/op
OverheadWarmup   4: 32768 op, 42127.00 ns, 1.2856 ns/op
OverheadWarmup   5: 32768 op, 42108.00 ns, 1.2850 ns/op
OverheadWarmup   6: 32768 op, 42112.00 ns, 1.2852 ns/op
OverheadWarmup   7: 32768 op, 42100.00 ns, 1.2848 ns/op
OverheadWarmup   8: 32768 op, 42073.00 ns, 1.2840 ns/op
OverheadWarmup   9: 32768 op, 42097.00 ns, 1.2847 ns/op
OverheadWarmup  10: 32768 op, 42098.00 ns, 1.2847 ns/op

OverheadActual   1: 32768 op, 42127.00 ns, 1.2856 ns/op
OverheadActual   2: 32768 op, 42134.00 ns, 1.2858 ns/op
OverheadActual   3: 32768 op, 42149.00 ns, 1.2863 ns/op
OverheadActual   4: 32768 op, 42147.00 ns, 1.2862 ns/op
OverheadActual   5: 32768 op, 42131.00 ns, 1.2857 ns/op
OverheadActual   6: 32768 op, 42129.00 ns, 1.2857 ns/op
OverheadActual   7: 32768 op, 42091.00 ns, 1.2845 ns/op
OverheadActual   8: 32768 op, 42079.00 ns, 1.2841 ns/op
OverheadActual   9: 32768 op, 42119.00 ns, 1.2854 ns/op
OverheadActual  10: 32768 op, 42094.00 ns, 1.2846 ns/op
OverheadActual  11: 32768 op, 42129.00 ns, 1.2857 ns/op
OverheadActual  12: 32768 op, 44161.00 ns, 1.3477 ns/op
OverheadActual  13: 32768 op, 42105.00 ns, 1.2849 ns/op
OverheadActual  14: 32768 op, 42080.00 ns, 1.2842 ns/op
OverheadActual  15: 32768 op, 42109.00 ns, 1.2851 ns/op

WorkloadWarmup   1: 32768 op, 590877028.00 ns, 18.0321 us/op
WorkloadWarmup   2: 32768 op, 608553971.00 ns, 18.5716 us/op
WorkloadWarmup   3: 32768 op, 592497835.00 ns, 18.0816 us/op
WorkloadWarmup   4: 32768 op, 605561111.00 ns, 18.4803 us/op
WorkloadWarmup   5: 32768 op, 599651952.00 ns, 18.2999 us/op
WorkloadWarmup   6: 32768 op, 591348186.00 ns, 18.0465 us/op

WorkloadActual   1: 32768 op, 591188417.00 ns, 18.0416 us/op
WorkloadActual   2: 32768 op, 590888269.00 ns, 18.0325 us/op
WorkloadActual   3: 32768 op, 591114772.00 ns, 18.0394 us/op
WorkloadActual   4: 32768 op, 592031617.00 ns, 18.0674 us/op
WorkloadActual   5: 32768 op, 605511372.00 ns, 18.4787 us/op
WorkloadActual   6: 32768 op, 625735555.00 ns, 19.0959 us/op
WorkloadActual   7: 32768 op, 591236699.00 ns, 18.0431 us/op
WorkloadActual   8: 32768 op, 602906116.00 ns, 18.3992 us/op
WorkloadActual   9: 32768 op, 620425383.00 ns, 18.9339 us/op
WorkloadActual  10: 32768 op, 588974912.00 ns, 17.9741 us/op
WorkloadActual  11: 32768 op, 590059105.00 ns, 18.0072 us/op
WorkloadActual  12: 32768 op, 599152603.00 ns, 18.2847 us/op
WorkloadActual  13: 32768 op, 595154727.00 ns, 18.1627 us/op
WorkloadActual  14: 32768 op, 597732783.00 ns, 18.2414 us/op
WorkloadActual  15: 32768 op, 594603252.00 ns, 18.1459 us/op

WorkloadResult   1: 32768 op, 591146290.00 ns, 18.0404 us/op
WorkloadResult   2: 32768 op, 590846142.00 ns, 18.0312 us/op
WorkloadResult   3: 32768 op, 591072645.00 ns, 18.0381 us/op
WorkloadResult   4: 32768 op, 591989490.00 ns, 18.0661 us/op
WorkloadResult   5: 32768 op, 605469245.00 ns, 18.4775 us/op
WorkloadResult   6: 32768 op, 591194572.00 ns, 18.0418 us/op
WorkloadResult   7: 32768 op, 602863989.00 ns, 18.3979 us/op
WorkloadResult   8: 32768 op, 588932785.00 ns, 17.9728 us/op
WorkloadResult   9: 32768 op, 590016978.00 ns, 18.0059 us/op
WorkloadResult  10: 32768 op, 599110476.00 ns, 18.2834 us/op
WorkloadResult  11: 32768 op, 595112600.00 ns, 18.1614 us/op
WorkloadResult  12: 32768 op, 597690656.00 ns, 18.2401 us/op
WorkloadResult  13: 32768 op, 594561125.00 ns, 18.1446 us/op
// GC:  0 0 0 1632 32768
// Threading:  0 0 32768


Mean = 18.146 μs, StdErr = 0.044 μs (0.24%), N = 13, StdDev = 0.159 μs
Min = 17.973 μs, Q1 = 18.038 μs, Median = 18.066 μs, Q3 = 18.240 μs, Max = 18.477 μs
IQR = 0.202 μs, LowerFence = 17.735 μs, UpperFence = 18.543 μs
ConfidenceInterval = [17.956 μs; 18.337 μs] (CI 99.9%), Margin = 0.191 μs (1.05% of Mean)
Skewness = 0.8, Kurtosis = 2.2, MValue = 2

// ** Remained 10 (71.4 %) benchmark(s) to run. Estimated finish 2026-09-19 2:16 (0h 2m from now) **
// **************************
// Benchmark: PairHandleBenchmarks.Advance: Job-TZECNT(IterationCount=16, IterationTime=200ms, WarmupCount=8) [Shape=PairRuns8]
// *** Execute ***
// Launch: 1 / 1
// Execute: dotnet PairHandles-Job-TZECNT-1.dll --anonymousPipes 120 121 --benchmarkName "Tl.PairHandlesProbe.PairHandleBenchmarks.Advance(Shape: PairRuns8)" --job "IterationCount=16, IterationTime=200ms, WarmupCount=8" --benchmarkId 2 in /home/i/GitHub/tl-193-shrink/benchmarks/PairHandles/bin/Release/net10.0/PairHandles-Job-TZECNT-1/bin/Release/net10.0
// Failed to set up high priority (Permission denied). In order to run benchmarks with high priority, make sure you have the right permissions.
// BeforeAnythingElse

// Benchmark Process Environment Information:
// BenchmarkDotNet v0.15.8
// Runtime=.NET 10.0.12 (10.0.12, 10.0.1226.42308), X64 RyuJIT x86-64-v3
// GC=Concurrent Workstation
// HardwareIntrinsics=AVX2+BMI1+BMI2+F16C+FMA+LZCNT+MOVBE,AVX,SSE3+SSSE3+SSE4.1+SSE4.2+POPCNT,X86Base+SSE+SSE2,AES+PCLMUL,AvxVnni,SERIALIZE VectorSize=256
// Job: Job-TZECNT(IterationCount=16, IterationTime=200ms, WarmupCount=8)

OverheadJitting  1: 1 op, 81710.00 ns, 81.7100 us/op
WorkloadJitting  1: 1 op, 8607633.00 ns, 8.6076 ms/op

OverheadJitting  2: 16 op, 107613.00 ns, 6.7258 us/op
WorkloadJitting  2: 16 op, 1308051.00 ns, 81.7532 us/op

WorkloadPilot    1: 16 op, 973241.00 ns, 60.8276 us/op
WorkloadPilot    2: 3296 op, 142186354.00 ns, 43.1391 us/op
WorkloadPilot    3: 4640 op, 92940158.00 ns, 20.0302 us/op
WorkloadPilot    4: 10000 op, 235125616.00 ns, 23.5126 us/op
WorkloadPilot    5: 8512 op, 195555759.00 ns, 22.9741 us/op
WorkloadPilot    6: 8720 op, 174782886.00 ns, 20.0439 us/op
WorkloadPilot    7: 9984 op, 200168162.00 ns, 20.0489 us/op

OverheadWarmup   1: 9984 op, 18979.00 ns, 1.9009 ns/op
OverheadWarmup   2: 9984 op, 18187.00 ns, 1.8216 ns/op
OverheadWarmup   3: 9984 op, 18162.00 ns, 1.8191 ns/op
OverheadWarmup   4: 9984 op, 18126.00 ns, 1.8155 ns/op
OverheadWarmup   5: 9984 op, 18161.00 ns, 1.8190 ns/op
OverheadWarmup   6: 9984 op, 18108.00 ns, 1.8137 ns/op
OverheadWarmup   7: 9984 op, 18252.00 ns, 1.8281 ns/op
OverheadWarmup   8: 9984 op, 18132.00 ns, 1.8161 ns/op

OverheadActual   1: 9984 op, 18364.00 ns, 1.8393 ns/op
OverheadActual   2: 9984 op, 18340.00 ns, 1.8369 ns/op
OverheadActual   3: 9984 op, 18373.00 ns, 1.8402 ns/op
OverheadActual   4: 9984 op, 18161.00 ns, 1.8190 ns/op
OverheadActual   5: 9984 op, 18340.00 ns, 1.8369 ns/op
OverheadActual   6: 9984 op, 18375.00 ns, 1.8404 ns/op
OverheadActual   7: 9984 op, 18152.00 ns, 1.8181 ns/op
OverheadActual   8: 9984 op, 18152.00 ns, 1.8181 ns/op
OverheadActual   9: 9984 op, 18144.00 ns, 1.8173 ns/op
OverheadActual  10: 9984 op, 18152.00 ns, 1.8181 ns/op
OverheadActual  11: 9984 op, 18146.00 ns, 1.8175 ns/op
OverheadActual  12: 9984 op, 18292.00 ns, 1.8321 ns/op
OverheadActual  13: 9984 op, 18122.00 ns, 1.8151 ns/op
OverheadActual  14: 9984 op, 18117.00 ns, 1.8146 ns/op
OverheadActual  15: 9984 op, 18162.00 ns, 1.8191 ns/op

WorkloadWarmup   1: 9984 op, 200200316.00 ns, 20.0521 us/op
WorkloadWarmup   2: 9984 op, 200556442.00 ns, 20.0878 us/op
WorkloadWarmup   3: 9984 op, 200201907.00 ns, 20.0523 us/op
WorkloadWarmup   4: 9984 op, 234838731.00 ns, 23.5215 us/op
WorkloadWarmup   5: 9984 op, 234926248.00 ns, 23.5303 us/op
WorkloadWarmup   6: 9984 op, 228198112.00 ns, 22.8564 us/op
WorkloadWarmup   7: 9984 op, 234937628.00 ns, 23.5314 us/op
WorkloadWarmup   8: 9984 op, 235209397.00 ns, 23.5586 us/op

// BeforeActualRun
WorkloadActual   1: 9984 op, 210312261.00 ns, 21.0649 us/op
WorkloadActual   2: 9984 op, 200011358.00 ns, 20.0332 us/op
WorkloadActual   3: 9984 op, 199994610.00 ns, 20.0315 us/op
WorkloadActual   4: 9984 op, 200051303.00 ns, 20.0372 us/op
WorkloadActual   5: 9984 op, 200038207.00 ns, 20.0359 us/op
WorkloadActual   6: 9984 op, 200025094.00 ns, 20.0346 us/op
WorkloadActual   7: 9984 op, 200056837.00 ns, 20.0377 us/op
WorkloadActual   8: 9984 op, 200043327.00 ns, 20.0364 us/op
WorkloadActual   9: 9984 op, 200038957.00 ns, 20.0360 us/op
WorkloadActual  10: 9984 op, 200120536.00 ns, 20.0441 us/op
WorkloadActual  11: 9984 op, 208074123.00 ns, 20.8408 us/op
WorkloadActual  12: 9984 op, 200057998.00 ns, 20.0379 us/op
WorkloadActual  13: 9984 op, 200356029.00 ns, 20.0677 us/op
WorkloadActual  14: 9984 op, 201669204.00 ns, 20.1992 us/op
WorkloadActual  15: 9984 op, 233029957.00 ns, 23.3403 us/op
WorkloadActual  16: 9984 op, 236041992.00 ns, 23.6420 us/op

// AfterActualRun
WorkloadResult   1: 9984 op, 199993197.00 ns, 20.0314 us/op
WorkloadResult   2: 9984 op, 199976449.00 ns, 20.0297 us/op
WorkloadResult   3: 9984 op, 200033142.00 ns, 20.0354 us/op
WorkloadResult   4: 9984 op, 200020046.00 ns, 20.0341 us/op
WorkloadResult   5: 9984 op, 200006933.00 ns, 20.0327 us/op
WorkloadResult   6: 9984 op, 200038676.00 ns, 20.0359 us/op
WorkloadResult   7: 9984 op, 200025166.00 ns, 20.0346 us/op
WorkloadResult   8: 9984 op, 200020796.00 ns, 20.0341 us/op
WorkloadResult   9: 9984 op, 200102375.00 ns, 20.0423 us/op
WorkloadResult  10: 9984 op, 208055962.00 ns, 20.8389 us/op
WorkloadResult  11: 9984 op, 200039837.00 ns, 20.0360 us/op
WorkloadResult  12: 9984 op, 200337868.00 ns, 20.0659 us/op
WorkloadResult  13: 9984 op, 201651043.00 ns, 20.1974 us/op
// GC:  0 0 0 0 9984
// Threading:  0 0 9984

// AfterAll
// Benchmark Process 421086 has exited with code 0.

Mean = 20.111 μs, StdErr = 0.062 μs (0.31%), N = 13, StdDev = 0.223 μs
Min = 20.030 μs, Q1 = 20.034 μs, Median = 20.035 μs, Q3 = 20.042 μs, Max = 20.839 μs
IQR = 0.008 μs, LowerFence = 20.022 μs, UpperFence = 20.055 μs
ConfidenceInterval = [19.844 μs; 20.379 μs] (CI 99.9%), Margin = 0.267 μs (1.33% of Mean)
Skewness = 2.64, Kurtosis = 8.69, MValue = 2

// ** Remained 9 (64.3 %) benchmark(s) to run. Estimated finish 2026-09-19 2:15 (0h 2m from now) **
// **************************
// Benchmark: PairHandleBenchmarks.Advance: InProcess(Toolchain=InProcessEmitToolchain) [Shape=PairRuns8]
// *** Execute ***
// Launch: 1 / 1
// ! Failed to set up priority High for process System.Diagnostics.Process (PairHandles). Make sure you have the right permissions. Message: Permission denied

// Benchmark Process Environment Information:
// BenchmarkDotNet v0.15.8
// Runtime=.NET 10.0.12 (10.0.12, 10.0.1226.42308), X64 RyuJIT x86-64-v3
// GC=Concurrent Workstation
// HardwareIntrinsics=AVX2+BMI1+BMI2+F16C+FMA+LZCNT+MOVBE,AVX,SSE3+SSSE3+SSE4.1+SSE4.2+POPCNT,X86Base+SSE+SSE2,AES+PCLMUL,AvxVnni,SERIALIZE VectorSize=256
// Job: Job-JWQWGO(Toolchain=InProcessEmitToolchain)

OverheadJitting  1: 1 op, 107813.00 ns, 107.8130 us/op
WorkloadJitting  1: 1 op, 134588.00 ns, 134.5880 us/op

OverheadJitting  2: 16 op, 127584.00 ns, 7.9740 us/op
WorkloadJitting  2: 16 op, 565144.00 ns, 35.3215 us/op

WorkloadPilot    1: 16 op, 422322.00 ns, 26.3951 us/op
WorkloadPilot    2: 32 op, 972240.00 ns, 30.3825 us/op
WorkloadPilot    3: 64 op, 1846375.00 ns, 28.8496 us/op
WorkloadPilot    4: 128 op, 3748484.00 ns, 29.2850 us/op
WorkloadPilot    5: 256 op, 7319300.00 ns, 28.5910 us/op
WorkloadPilot    6: 512 op, 14498411.00 ns, 28.3172 us/op
WorkloadPilot    7: 1024 op, 29079363.00 ns, 28.3978 us/op
WorkloadPilot    8: 2048 op, 58489745.00 ns, 28.5594 us/op
WorkloadPilot    9: 4096 op, 116322943.00 ns, 28.3992 us/op
WorkloadPilot   10: 8192 op, 177432470.00 ns, 21.6592 us/op
WorkloadPilot   11: 16384 op, 334861451.00 ns, 20.4383 us/op
WorkloadPilot   12: 32768 op, 708921369.00 ns, 21.6346 us/op

OverheadWarmup   1: 32768 op, 43979.00 ns, 1.3421 ns/op
OverheadWarmup   2: 32768 op, 42268.00 ns, 1.2899 ns/op
OverheadWarmup   3: 32768 op, 42252.00 ns, 1.2894 ns/op
OverheadWarmup   4: 32768 op, 42104.00 ns, 1.2849 ns/op
OverheadWarmup   5: 32768 op, 42101.00 ns, 1.2848 ns/op
OverheadWarmup   6: 32768 op, 42081.00 ns, 1.2842 ns/op
OverheadWarmup   7: 32768 op, 42061.00 ns, 1.2836 ns/op
OverheadWarmup   8: 32768 op, 42055.00 ns, 1.2834 ns/op
OverheadWarmup   9: 32768 op, 42064.00 ns, 1.2837 ns/op
OverheadWarmup  10: 32768 op, 42053.00 ns, 1.2834 ns/op

OverheadActual   1: 32768 op, 42068.00 ns, 1.2838 ns/op
OverheadActual   2: 32768 op, 42074.00 ns, 1.2840 ns/op
OverheadActual   3: 32768 op, 42044.00 ns, 1.2831 ns/op
OverheadActual   4: 32768 op, 42067.00 ns, 1.2838 ns/op
OverheadActual   5: 32768 op, 42056.00 ns, 1.2834 ns/op
OverheadActual   6: 32768 op, 42061.00 ns, 1.2836 ns/op
OverheadActual   7: 32768 op, 42069.00 ns, 1.2838 ns/op
OverheadActual   8: 32768 op, 42070.00 ns, 1.2839 ns/op
OverheadActual   9: 32768 op, 42078.00 ns, 1.2841 ns/op
OverheadActual  10: 32768 op, 42047.00 ns, 1.2832 ns/op
OverheadActual  11: 32768 op, 42103.00 ns, 1.2849 ns/op
OverheadActual  12: 32768 op, 42102.00 ns, 1.2849 ns/op
OverheadActual  13: 32768 op, 42065.00 ns, 1.2837 ns/op
OverheadActual  14: 32768 op, 42053.00 ns, 1.2834 ns/op
OverheadActual  15: 32768 op, 42082.00 ns, 1.2842 ns/op

WorkloadWarmup   1: 32768 op, 667523944.00 ns, 20.3712 us/op
WorkloadWarmup   2: 32768 op, 664903519.00 ns, 20.2912 us/op
WorkloadWarmup   3: 32768 op, 665992392.00 ns, 20.3245 us/op
WorkloadWarmup   4: 32768 op, 750725312.00 ns, 22.9103 us/op
WorkloadWarmup   5: 32768 op, 671699743.00 ns, 20.4986 us/op
WorkloadWarmup   6: 32768 op, 666688186.00 ns, 20.3457 us/op
WorkloadWarmup   7: 32768 op, 668813033.00 ns, 20.4106 us/op
WorkloadWarmup   8: 32768 op, 665604951.00 ns, 20.3127 us/op

WorkloadActual   1: 32768 op, 736773008.00 ns, 22.4845 us/op
WorkloadActual   2: 32768 op, 686196230.00 ns, 20.9410 us/op
WorkloadActual   3: 32768 op, 664069622.00 ns, 20.2658 us/op
WorkloadActual   4: 32768 op, 667257156.00 ns, 20.3631 us/op
WorkloadActual   5: 32768 op, 667958641.00 ns, 20.3845 us/op
WorkloadActual   6: 32768 op, 668538313.00 ns, 20.4022 us/op
WorkloadActual   7: 32768 op, 669859529.00 ns, 20.4425 us/op
WorkloadActual   8: 32768 op, 696659972.00 ns, 21.2604 us/op
WorkloadActual   9: 32768 op, 758256047.00 ns, 23.1401 us/op
WorkloadActual  10: 32768 op, 677294672.00 ns, 20.6694 us/op
WorkloadActual  11: 32768 op, 666591302.00 ns, 20.3428 us/op
WorkloadActual  12: 32768 op, 670755181.00 ns, 20.4698 us/op
WorkloadActual  13: 32768 op, 687978458.00 ns, 20.9954 us/op
WorkloadActual  14: 32768 op, 665321479.00 ns, 20.3040 us/op
WorkloadActual  15: 32768 op, 729643322.00 ns, 22.2669 us/op
WorkloadActual  16: 32768 op, 689554139.00 ns, 21.0435 us/op
WorkloadActual  17: 32768 op, 667731849.00 ns, 20.3776 us/op

WorkloadResult   1: 32768 op, 686154162.00 ns, 20.9398 us/op
WorkloadResult   2: 32768 op, 664027554.00 ns, 20.2645 us/op
WorkloadResult   3: 32768 op, 667215088.00 ns, 20.3618 us/op
WorkloadResult   4: 32768 op, 667916573.00 ns, 20.3832 us/op
WorkloadResult   5: 32768 op, 668496245.00 ns, 20.4009 us/op
WorkloadResult   6: 32768 op, 669817461.00 ns, 20.4412 us/op
WorkloadResult   7: 32768 op, 696617904.00 ns, 21.2591 us/op
WorkloadResult   8: 32768 op, 677252604.00 ns, 20.6681 us/op
WorkloadResult   9: 32768 op, 666549234.00 ns, 20.3415 us/op
WorkloadResult  10: 32768 op, 670713113.00 ns, 20.4685 us/op
WorkloadResult  11: 32768 op, 687936390.00 ns, 20.9942 us/op
WorkloadResult  12: 32768 op, 665279411.00 ns, 20.3027 us/op
WorkloadResult  13: 32768 op, 689512071.00 ns, 21.0422 us/op
WorkloadResult  14: 32768 op, 667689781.00 ns, 20.3763 us/op
// GC:  0 0 0 4656 32768
// Threading:  0 0 32768


Mean = 20.589 μs, StdErr = 0.088 μs (0.43%), N = 14, StdDev = 0.329 μs
Min = 20.265 μs, Q1 = 20.365 μs, Median = 20.421 μs, Q3 = 20.872 μs, Max = 21.259 μs
IQR = 0.506 μs, LowerFence = 19.606 μs, UpperFence = 21.632 μs
ConfidenceInterval = [20.218 μs; 20.960 μs] (CI 99.9%), Margin = 0.371 μs (1.80% of Mean)
Skewness = 0.78, Kurtosis = 1.93, MValue = 2

// ** Remained 8 (57.1 %) benchmark(s) to run. Estimated finish 2026-09-19 2:16 (0h 1m from now) **
// **************************
// Benchmark: PairHandleBenchmarks.Advance: Job-TZECNT(IterationCount=16, IterationTime=200ms, WarmupCount=8) [Shape=PairAlternating8]
// *** Execute ***
// Launch: 1 / 1
// Execute: dotnet PairHandles-Job-TZECNT-1.dll --anonymousPipes 120 121 --benchmarkName "Tl.PairHandlesProbe.PairHandleBenchmarks.Advance(Shape: PairAlternating8)" --job "IterationCount=16, IterationTime=200ms, WarmupCount=8" --benchmarkId 3 in /home/i/GitHub/tl-193-shrink/benchmarks/PairHandles/bin/Release/net10.0/PairHandles-Job-TZECNT-1/bin/Release/net10.0
// Failed to set up high priority (Permission denied). In order to run benchmarks with high priority, make sure you have the right permissions.
// BeforeAnythingElse

// Benchmark Process Environment Information:
// BenchmarkDotNet v0.15.8
// Runtime=.NET 10.0.12 (10.0.12, 10.0.1226.42308), X64 RyuJIT x86-64-v3
// GC=Concurrent Workstation
// HardwareIntrinsics=AVX2+BMI1+BMI2+F16C+FMA+LZCNT+MOVBE,AVX,SSE3+SSSE3+SSE4.1+SSE4.2+POPCNT,X86Base+SSE+SSE2,AES+PCLMUL,AvxVnni,SERIALIZE VectorSize=256
// Job: Job-TZECNT(IterationCount=16, IterationTime=200ms, WarmupCount=8)

OverheadJitting  1: 1 op, 88178.00 ns, 88.1780 us/op
WorkloadJitting  1: 1 op, 6920049.00 ns, 6.9200 ms/op

OverheadJitting  2: 16 op, 125958.00 ns, 7.8724 us/op
WorkloadJitting  2: 16 op, 2829875.00 ns, 176.8672 us/op

WorkloadPilot    1: 16 op, 2363347.00 ns, 147.7092 us/op
WorkloadPilot    2: 1360 op, 161704041.00 ns, 118.9000 us/op
WorkloadPilot    3: 1696 op, 141344505.00 ns, 83.3399 us/op
WorkloadPilot    4: 2400 op, 201421161.00 ns, 83.9255 us/op
WorkloadPilot    5: 2384 op, 200462858.00 ns, 84.0868 us/op

OverheadWarmup   1: 2384 op, 5595.00 ns, 2.3469 ns/op
OverheadWarmup   2: 2384 op, 4384.00 ns, 1.8389 ns/op
OverheadWarmup   3: 2384 op, 4396.00 ns, 1.8440 ns/op
OverheadWarmup   4: 2384 op, 7453.00 ns, 3.1263 ns/op
OverheadWarmup   5: 2384 op, 4570.00 ns, 1.9169 ns/op
OverheadWarmup   6: 2384 op, 4423.00 ns, 1.8553 ns/op
OverheadWarmup   7: 2384 op, 4415.00 ns, 1.8519 ns/op
OverheadWarmup   8: 2384 op, 4400.00 ns, 1.8456 ns/op
OverheadWarmup   9: 2384 op, 4413.00 ns, 1.8511 ns/op
OverheadWarmup  10: 2384 op, 4415.00 ns, 1.8519 ns/op

OverheadActual   1: 2384 op, 4621.00 ns, 1.9383 ns/op
OverheadActual   2: 2384 op, 4608.00 ns, 1.9329 ns/op
OverheadActual   3: 2384 op, 4625.00 ns, 1.9400 ns/op
OverheadActual   4: 2384 op, 4430.00 ns, 1.8582 ns/op
OverheadActual   5: 2384 op, 4591.00 ns, 1.9258 ns/op
OverheadActual   6: 2384 op, 4408.00 ns, 1.8490 ns/op
OverheadActual   7: 2384 op, 4386.00 ns, 1.8398 ns/op
OverheadActual   8: 2384 op, 4401.00 ns, 1.8461 ns/op
OverheadActual   9: 2384 op, 4414.00 ns, 1.8515 ns/op
OverheadActual  10: 2384 op, 4412.00 ns, 1.8507 ns/op
OverheadActual  11: 2384 op, 4406.00 ns, 1.8482 ns/op
OverheadActual  12: 2384 op, 4396.00 ns, 1.8440 ns/op
OverheadActual  13: 2384 op, 4402.00 ns, 1.8465 ns/op
OverheadActual  14: 2384 op, 4419.00 ns, 1.8536 ns/op
OverheadActual  15: 2384 op, 4421.00 ns, 1.8544 ns/op

WorkloadWarmup   1: 2384 op, 199808100.00 ns, 83.8121 us/op
WorkloadWarmup   2: 2384 op, 199310846.00 ns, 83.6035 us/op
WorkloadWarmup   3: 2384 op, 199781143.00 ns, 83.8008 us/op
WorkloadWarmup   4: 2384 op, 199867805.00 ns, 83.8372 us/op
WorkloadWarmup   5: 2384 op, 199760154.00 ns, 83.7920 us/op
WorkloadWarmup   6: 2384 op, 199729853.00 ns, 83.7793 us/op
WorkloadWarmup   7: 2384 op, 199631402.00 ns, 83.7380 us/op
WorkloadWarmup   8: 2384 op, 199522238.00 ns, 83.6922 us/op

// BeforeActualRun
WorkloadActual   1: 2384 op, 199289372.00 ns, 83.5945 us/op
WorkloadActual   2: 2384 op, 200018741.00 ns, 83.9005 us/op
WorkloadActual   3: 2384 op, 199772403.00 ns, 83.7971 us/op
WorkloadActual   4: 2384 op, 199321455.00 ns, 83.6080 us/op
WorkloadActual   5: 2384 op, 200819337.00 ns, 84.2363 us/op
WorkloadActual   6: 2384 op, 198520687.00 ns, 83.2721 us/op
WorkloadActual   7: 2384 op, 199986379.00 ns, 83.8869 us/op
WorkloadActual   8: 2384 op, 201343901.00 ns, 84.4563 us/op
WorkloadActual   9: 2384 op, 202284109.00 ns, 84.8507 us/op
WorkloadActual  10: 2384 op, 200042488.00 ns, 83.9104 us/op
WorkloadActual  11: 2384 op, 203224850.00 ns, 85.2453 us/op
WorkloadActual  12: 2384 op, 202205579.00 ns, 84.8178 us/op
WorkloadActual  13: 2384 op, 201528198.00 ns, 84.5336 us/op
WorkloadActual  14: 2384 op, 198277016.00 ns, 83.1699 us/op
WorkloadActual  15: 2384 op, 200028114.00 ns, 83.9044 us/op
WorkloadActual  16: 2384 op, 202799352.00 ns, 85.0668 us/op

// AfterActualRun
WorkloadResult   1: 2384 op, 199284958.00 ns, 83.5927 us/op
WorkloadResult   2: 2384 op, 200014327.00 ns, 83.8986 us/op
WorkloadResult   3: 2384 op, 199767989.00 ns, 83.7953 us/op
WorkloadResult   4: 2384 op, 199317041.00 ns, 83.6061 us/op
WorkloadResult   5: 2384 op, 200814923.00 ns, 84.2344 us/op
WorkloadResult   6: 2384 op, 198516273.00 ns, 83.2702 us/op
WorkloadResult   7: 2384 op, 199981965.00 ns, 83.8851 us/op
WorkloadResult   8: 2384 op, 201339487.00 ns, 84.4545 us/op
WorkloadResult   9: 2384 op, 202279695.00 ns, 84.8489 us/op
WorkloadResult  10: 2384 op, 200038074.00 ns, 83.9086 us/op
WorkloadResult  11: 2384 op, 203220436.00 ns, 85.2435 us/op
WorkloadResult  12: 2384 op, 202201165.00 ns, 84.8159 us/op
WorkloadResult  13: 2384 op, 201523784.00 ns, 84.5318 us/op
WorkloadResult  14: 2384 op, 198272602.00 ns, 83.1680 us/op
WorkloadResult  15: 2384 op, 200023700.00 ns, 83.9026 us/op
WorkloadResult  16: 2384 op, 202794938.00 ns, 85.0650 us/op
// GC:  0 0 0 0 2384
// Threading:  0 0 2384

// AfterAll
// Benchmark Process 421463 has exited with code 0.

Mean = 84.139 μs, StdErr = 0.157 μs (0.19%), N = 16, StdDev = 0.629 μs
Min = 83.168 μs, Q1 = 83.748 μs, Median = 83.906 μs, Q3 = 84.603 μs, Max = 85.243 μs
IQR = 0.855 μs, LowerFence = 82.466 μs, UpperFence = 85.885 μs
ConfidenceInterval = [83.499 μs; 84.779 μs] (CI 99.9%), Margin = 0.640 μs (0.76% of Mean)
Skewness = 0.23, Kurtosis = 1.75, MValue = 2

// ** Remained 7 (50.0 %) benchmark(s) to run. Estimated finish 2026-09-19 2:15 (0h 1m from now) **
// **************************
// Benchmark: PairHandleBenchmarks.Advance: InProcess(Toolchain=InProcessEmitToolchain) [Shape=PairAlternating8]
// *** Execute ***
// Launch: 1 / 1
// ! Failed to set up priority High for process System.Diagnostics.Process (PairHandles). Make sure you have the right permissions. Message: Permission denied

// Benchmark Process Environment Information:
// BenchmarkDotNet v0.15.8
// Runtime=.NET 10.0.12 (10.0.12, 10.0.1226.42308), X64 RyuJIT x86-64-v3
// GC=Concurrent Workstation
// HardwareIntrinsics=AVX2+BMI1+BMI2+F16C+FMA+LZCNT+MOVBE,AVX,SSE3+SSSE3+SSE4.1+SSE4.2+POPCNT,X86Base+SSE+SSE2,AES+PCLMUL,AvxVnni,SERIALIZE VectorSize=256
// Job: Job-JWQWGO(Toolchain=InProcessEmitToolchain)

OverheadJitting  1: 1 op, 163472.00 ns, 163.4720 us/op
WorkloadJitting  1: 1 op, 315482.00 ns, 315.4820 us/op

OverheadJitting  2: 16 op, 169045.00 ns, 10.5653 us/op
WorkloadJitting  2: 16 op, 2944602.00 ns, 184.0376 us/op

WorkloadPilot    1: 16 op, 2426512.00 ns, 151.6570 us/op
WorkloadPilot    2: 32 op, 3602440.00 ns, 112.5763 us/op
WorkloadPilot    3: 64 op, 7155607.00 ns, 111.8064 us/op
WorkloadPilot    4: 128 op, 13253707.00 ns, 103.5446 us/op
WorkloadPilot    5: 256 op, 26614737.00 ns, 103.9638 us/op
WorkloadPilot    6: 512 op, 52915187.00 ns, 103.3500 us/op
WorkloadPilot    7: 1024 op, 96980767.00 ns, 94.7078 us/op
WorkloadPilot    8: 2048 op, 164559114.00 ns, 80.3511 us/op
WorkloadPilot    9: 4096 op, 333409392.00 ns, 81.3988 us/op
WorkloadPilot   10: 8192 op, 667870032.00 ns, 81.5271 us/op

OverheadWarmup   1: 8192 op, 13140.00 ns, 1.6040 ns/op
OverheadWarmup   2: 8192 op, 11567.00 ns, 1.4120 ns/op
OverheadWarmup   3: 8192 op, 11128.00 ns, 1.3584 ns/op
OverheadWarmup   4: 8192 op, 10779.00 ns, 1.3158 ns/op
OverheadWarmup   5: 8192 op, 10936.00 ns, 1.3350 ns/op
OverheadWarmup   6: 8192 op, 10964.00 ns, 1.3384 ns/op
OverheadWarmup   7: 8192 op, 10765.00 ns, 1.3141 ns/op
OverheadWarmup   8: 8192 op, 10781.00 ns, 1.3160 ns/op
OverheadWarmup   9: 8192 op, 10739.00 ns, 1.3109 ns/op

OverheadActual   1: 8192 op, 10729.00 ns, 1.3097 ns/op
OverheadActual   2: 8192 op, 10764.00 ns, 1.3140 ns/op
OverheadActual   3: 8192 op, 10946.00 ns, 1.3362 ns/op
OverheadActual   4: 8192 op, 10949.00 ns, 1.3365 ns/op
OverheadActual   5: 8192 op, 10981.00 ns, 1.3405 ns/op
OverheadActual   6: 8192 op, 10854.00 ns, 1.3250 ns/op
OverheadActual   7: 8192 op, 10793.00 ns, 1.3175 ns/op
OverheadActual   8: 8192 op, 10748.00 ns, 1.3120 ns/op
OverheadActual   9: 8192 op, 10773.00 ns, 1.3151 ns/op
OverheadActual  10: 8192 op, 12757.00 ns, 1.5573 ns/op
OverheadActual  11: 8192 op, 10794.00 ns, 1.3176 ns/op
OverheadActual  12: 8192 op, 10751.00 ns, 1.3124 ns/op
OverheadActual  13: 8192 op, 10769.00 ns, 1.3146 ns/op
OverheadActual  14: 8192 op, 10797.00 ns, 1.3180 ns/op
OverheadActual  15: 8192 op, 10769.00 ns, 1.3146 ns/op

WorkloadWarmup   1: 8192 op, 686424443.00 ns, 83.7920 us/op
WorkloadWarmup   2: 8192 op, 668307541.00 ns, 81.5805 us/op
WorkloadWarmup   3: 8192 op, 660616726.00 ns, 80.6417 us/op
WorkloadWarmup   4: 8192 op, 661017390.00 ns, 80.6906 us/op
WorkloadWarmup   5: 8192 op, 659798589.00 ns, 80.5418 us/op
WorkloadWarmup   6: 8192 op, 686510629.00 ns, 83.8026 us/op
WorkloadWarmup   7: 8192 op, 667731836.00 ns, 81.5102 us/op

WorkloadActual   1: 8192 op, 673021057.00 ns, 82.1559 us/op
WorkloadActual   2: 8192 op, 666703622.00 ns, 81.3847 us/op
WorkloadActual   3: 8192 op, 683233969.00 ns, 83.4026 us/op
WorkloadActual   4: 8192 op, 660406681.00 ns, 80.6160 us/op
WorkloadActual   5: 8192 op, 658019335.00 ns, 80.3246 us/op
WorkloadActual   6: 8192 op, 684148639.00 ns, 83.5142 us/op
WorkloadActual   7: 8192 op, 680535109.00 ns, 83.0731 us/op
WorkloadActual   8: 8192 op, 673262485.00 ns, 82.1854 us/op
WorkloadActual   9: 8192 op, 651376198.00 ns, 79.5137 us/op
WorkloadActual  10: 8192 op, 655486692.00 ns, 80.0155 us/op
WorkloadActual  11: 8192 op, 650617695.00 ns, 79.4211 us/op
WorkloadActual  12: 8192 op, 650645166.00 ns, 79.4245 us/op
WorkloadActual  13: 8192 op, 639871824.00 ns, 78.1094 us/op
WorkloadActual  14: 8192 op, 645276026.00 ns, 78.7690 us/op
WorkloadActual  15: 8192 op, 641417928.00 ns, 78.2981 us/op
WorkloadActual  16: 8192 op, 643021039.00 ns, 78.4938 us/op
WorkloadActual  17: 8192 op, 648046929.00 ns, 79.1073 us/op
WorkloadActual  18: 8192 op, 689128722.00 ns, 84.1222 us/op
WorkloadActual  19: 8192 op, 689927238.00 ns, 84.2196 us/op
WorkloadActual  20: 8192 op, 659038637.00 ns, 80.4491 us/op
WorkloadActual  21: 8192 op, 652020501.00 ns, 79.5923 us/op
WorkloadActual  22: 8192 op, 686172166.00 ns, 83.7613 us/op
WorkloadActual  23: 8192 op, 672160268.00 ns, 82.0508 us/op

WorkloadResult   1: 8192 op, 673010264.00 ns, 82.1546 us/op
WorkloadResult   2: 8192 op, 666692829.00 ns, 81.3834 us/op
WorkloadResult   3: 8192 op, 683223176.00 ns, 83.4013 us/op
WorkloadResult   4: 8192 op, 660395888.00 ns, 80.6147 us/op
WorkloadResult   5: 8192 op, 658008542.00 ns, 80.3233 us/op
WorkloadResult   6: 8192 op, 684137846.00 ns, 83.5129 us/op
WorkloadResult   7: 8192 op, 680524316.00 ns, 83.0718 us/op
WorkloadResult   8: 8192 op, 673251692.00 ns, 82.1840 us/op
WorkloadResult   9: 8192 op, 651365405.00 ns, 79.5124 us/op
WorkloadResult  10: 8192 op, 655475899.00 ns, 80.0141 us/op
WorkloadResult  11: 8192 op, 650606902.00 ns, 79.4198 us/op
WorkloadResult  12: 8192 op, 650634373.00 ns, 79.4231 us/op
WorkloadResult  13: 8192 op, 639861031.00 ns, 78.1080 us/op
WorkloadResult  14: 8192 op, 645265233.00 ns, 78.7677 us/op
WorkloadResult  15: 8192 op, 641407135.00 ns, 78.2968 us/op
WorkloadResult  16: 8192 op, 643010246.00 ns, 78.4925 us/op
WorkloadResult  17: 8192 op, 648036136.00 ns, 79.1060 us/op
WorkloadResult  18: 8192 op, 689117929.00 ns, 84.1208 us/op
WorkloadResult  19: 8192 op, 689916445.00 ns, 84.2183 us/op
WorkloadResult  20: 8192 op, 659027844.00 ns, 80.4477 us/op
WorkloadResult  21: 8192 op, 652009708.00 ns, 79.5910 us/op
WorkloadResult  22: 8192 op, 686161373.00 ns, 83.7599 us/op
WorkloadResult  23: 8192 op, 672149475.00 ns, 82.0495 us/op
// GC:  0 0 0 0 8192
// Threading:  0 0 8192


Mean = 80.955 μs, StdErr = 0.421 μs (0.52%), N = 23, StdDev = 2.018 μs
Min = 78.108 μs, Q1 = 79.421 μs, Median = 80.448 μs, Q3 = 82.628 μs, Max = 84.218 μs
IQR = 3.206 μs, LowerFence = 74.612 μs, UpperFence = 87.438 μs
ConfidenceInterval = [79.359 μs; 82.551 μs] (CI 99.9%), Margin = 1.596 μs (1.97% of Mean)
Skewness = 0.25, Kurtosis = 1.54, MValue = 2

// ** Remained 6 (42.9 %) benchmark(s) to run. Estimated finish 2026-09-19 2:16 (0h 1m from now) **
// **************************
// Benchmark: PairHandleBenchmarks.Advance: Job-TZECNT(IterationCount=16, IterationTime=200ms, WarmupCount=8) [Shape=PairRuns8Waves]
// *** Execute ***
// Launch: 1 / 1
// Execute: dotnet PairHandles-Job-TZECNT-1.dll --anonymousPipes 120 121 --benchmarkName "Tl.PairHandlesProbe.PairHandleBenchmarks.Advance(Shape: PairRuns8Waves)" --job "IterationCount=16, IterationTime=200ms, WarmupCount=8" --benchmarkId 4 in /home/i/GitHub/tl-193-shrink/benchmarks/PairHandles/bin/Release/net10.0/PairHandles-Job-TZECNT-1/bin/Release/net10.0
// Failed to set up high priority (Permission denied). In order to run benchmarks with high priority, make sure you have the right permissions.
// BeforeAnythingElse

// Benchmark Process Environment Information:
// BenchmarkDotNet v0.15.8
// Runtime=.NET 10.0.12 (10.0.12, 10.0.1226.42308), X64 RyuJIT x86-64-v3
// GC=Concurrent Workstation
// HardwareIntrinsics=AVX2+BMI1+BMI2+F16C+FMA+LZCNT+MOVBE,AVX,SSE3+SSSE3+SSE4.1+SSE4.2+POPCNT,X86Base+SSE+SSE2,AES+PCLMUL,AvxVnni,SERIALIZE VectorSize=256
// Job: Job-TZECNT(IterationCount=16, IterationTime=200ms, WarmupCount=8)

OverheadJitting  1: 1 op, 80504.00 ns, 80.5040 us/op
WorkloadJitting  1: 1 op, 8461552.00 ns, 8.4616 ms/op

OverheadJitting  2: 16 op, 114146.00 ns, 7.1341 us/op
WorkloadJitting  2: 16 op, 3913645.00 ns, 244.6028 us/op

WorkloadPilot    1: 16 op, 3031083.00 ns, 189.4427 us/op
WorkloadPilot    2: 1056 op, 128377137.00 ns, 121.5693 us/op
WorkloadPilot    3: 1648 op, 28555702.00 ns, 17.3275 us/op
WorkloadPilot    4: 11552 op, 200556242.00 ns, 17.3612 us/op
WorkloadPilot    5: 11520 op, 201864981.00 ns, 17.5230 us/op
WorkloadPilot    6: 11424 op, 206027576.00 ns, 18.0346 us/op

OverheadWarmup   1: 11424 op, 22091.00 ns, 1.9337 ns/op
OverheadWarmup   2: 11424 op, 27444.00 ns, 2.4023 ns/op
OverheadWarmup   3: 11424 op, 22419.00 ns, 1.9624 ns/op
OverheadWarmup   4: 11424 op, 21301.00 ns, 1.8646 ns/op
OverheadWarmup   5: 11424 op, 21214.00 ns, 1.8570 ns/op
OverheadWarmup   6: 11424 op, 20916.00 ns, 1.8309 ns/op
OverheadWarmup   7: 11424 op, 20772.00 ns, 1.8183 ns/op
OverheadWarmup   8: 11424 op, 23637.00 ns, 2.0691 ns/op
OverheadWarmup   9: 11424 op, 20780.00 ns, 1.8190 ns/op

OverheadActual   1: 11424 op, 20963.00 ns, 1.8350 ns/op
OverheadActual   2: 11424 op, 20967.00 ns, 1.8353 ns/op
OverheadActual   3: 11424 op, 21211.00 ns, 1.8567 ns/op
OverheadActual   4: 11424 op, 20791.00 ns, 1.8199 ns/op
OverheadActual   5: 11424 op, 20919.00 ns, 1.8311 ns/op
OverheadActual   6: 11424 op, 24184.00 ns, 2.1169 ns/op
OverheadActual   7: 11424 op, 20763.00 ns, 1.8175 ns/op
OverheadActual   8: 11424 op, 20751.00 ns, 1.8164 ns/op
OverheadActual   9: 11424 op, 20988.00 ns, 1.8372 ns/op
OverheadActual  10: 11424 op, 20751.00 ns, 1.8164 ns/op
OverheadActual  11: 11424 op, 20764.00 ns, 1.8176 ns/op
OverheadActual  12: 11424 op, 20756.00 ns, 1.8169 ns/op
OverheadActual  13: 11424 op, 21421.00 ns, 1.8751 ns/op
OverheadActual  14: 11424 op, 21599.00 ns, 1.8907 ns/op
OverheadActual  15: 11424 op, 21361.00 ns, 1.8698 ns/op

WorkloadWarmup   1: 11424 op, 206213336.00 ns, 18.0509 us/op
WorkloadWarmup   2: 11424 op, 205822382.00 ns, 18.0167 us/op
WorkloadWarmup   3: 11424 op, 207091683.00 ns, 18.1278 us/op
WorkloadWarmup   4: 11424 op, 203454450.00 ns, 17.8094 us/op
WorkloadWarmup   5: 11424 op, 211722241.00 ns, 18.5331 us/op
WorkloadWarmup   6: 11424 op, 213001402.00 ns, 18.6451 us/op
WorkloadWarmup   7: 11424 op, 214032501.00 ns, 18.7353 us/op
WorkloadWarmup   8: 11424 op, 211095953.00 ns, 18.4783 us/op

// BeforeActualRun
WorkloadActual   1: 11424 op, 208034926.00 ns, 18.2103 us/op
WorkloadActual   2: 11424 op, 217012476.00 ns, 18.9962 us/op
WorkloadActual   3: 11424 op, 221362234.00 ns, 19.3769 us/op
WorkloadActual   4: 11424 op, 215967245.00 ns, 18.9047 us/op
WorkloadActual   5: 11424 op, 201920025.00 ns, 17.6751 us/op
WorkloadActual   6: 11424 op, 205544201.00 ns, 17.9923 us/op
WorkloadActual   7: 11424 op, 224231497.00 ns, 19.6281 us/op
WorkloadActual   8: 11424 op, 212066705.00 ns, 18.5633 us/op
WorkloadActual   9: 11424 op, 215407793.00 ns, 18.8557 us/op
WorkloadActual  10: 11424 op, 213132544.00 ns, 18.6566 us/op
WorkloadActual  11: 11424 op, 213430289.00 ns, 18.6826 us/op
WorkloadActual  12: 11424 op, 209487593.00 ns, 18.3375 us/op
WorkloadActual  13: 11424 op, 225822470.00 ns, 19.7674 us/op
WorkloadActual  14: 11424 op, 210768848.00 ns, 18.4497 us/op
WorkloadActual  15: 11424 op, 207969627.00 ns, 18.2046 us/op
WorkloadActual  16: 11424 op, 208349218.00 ns, 18.2379 us/op

// AfterActualRun
WorkloadResult   1: 11424 op, 208013963.00 ns, 18.2085 us/op
WorkloadResult   2: 11424 op, 216991513.00 ns, 18.9944 us/op
WorkloadResult   3: 11424 op, 221341271.00 ns, 19.3751 us/op
WorkloadResult   4: 11424 op, 215946282.00 ns, 18.9029 us/op
WorkloadResult   5: 11424 op, 201899062.00 ns, 17.6732 us/op
WorkloadResult   6: 11424 op, 205523238.00 ns, 17.9905 us/op
WorkloadResult   7: 11424 op, 224210534.00 ns, 19.6263 us/op
WorkloadResult   8: 11424 op, 212045742.00 ns, 18.5614 us/op
WorkloadResult   9: 11424 op, 215386830.00 ns, 18.8539 us/op
WorkloadResult  10: 11424 op, 213111581.00 ns, 18.6547 us/op
WorkloadResult  11: 11424 op, 213409326.00 ns, 18.6808 us/op
WorkloadResult  12: 11424 op, 209466630.00 ns, 18.3357 us/op
WorkloadResult  13: 11424 op, 225801507.00 ns, 19.7655 us/op
WorkloadResult  14: 11424 op, 210747885.00 ns, 18.4478 us/op
WorkloadResult  15: 11424 op, 207948664.00 ns, 18.2028 us/op
WorkloadResult  16: 11424 op, 208328255.00 ns, 18.2360 us/op
// GC:  0 0 0 0 11424
// Threading:  0 0 11424

// AfterAll
// Benchmark Process 421611 has exited with code 0.

Mean = 18.657 μs, StdErr = 0.145 μs (0.78%), N = 16, StdDev = 0.580 μs
Min = 17.673 μs, Q1 = 18.229 μs, Median = 18.608 μs, Q3 = 18.926 μs, Max = 19.766 μs
IQR = 0.697 μs, LowerFence = 17.184 μs, UpperFence = 19.971 μs
ConfidenceInterval = [18.066 μs; 19.248 μs] (CI 99.9%), Margin = 0.591 μs (3.17% of Mean)
Skewness = 0.37, Kurtosis = 2.17, MValue = 2

// ** Remained 5 (35.7 %) benchmark(s) to run. Estimated finish 2026-09-19 2:15 (0h 1m from now) **
// **************************
// Benchmark: PairHandleBenchmarks.Advance: InProcess(Toolchain=InProcessEmitToolchain) [Shape=PairRuns8Waves]
// *** Execute ***
// Launch: 1 / 1
// ! Failed to set up priority High for process System.Diagnostics.Process (PairHandles). Make sure you have the right permissions. Message: Permission denied

// Benchmark Process Environment Information:
// BenchmarkDotNet v0.15.8
// Runtime=.NET 10.0.12 (10.0.12, 10.0.1226.42308), X64 RyuJIT x86-64-v3
// GC=Concurrent Workstation
// HardwareIntrinsics=AVX2+BMI1+BMI2+F16C+FMA+LZCNT+MOVBE,AVX,SSE3+SSSE3+SSE4.1+SSE4.2+POPCNT,X86Base+SSE+SSE2,AES+PCLMUL,AvxVnni,SERIALIZE VectorSize=256
// Job: Job-JWQWGO(Toolchain=InProcessEmitToolchain)

OverheadJitting  1: 1 op, 243845.00 ns, 243.8450 us/op
WorkloadJitting  1: 1 op, 1545319.00 ns, 1.5453 ms/op

OverheadJitting  2: 16 op, 250214.00 ns, 15.6384 us/op
WorkloadJitting  2: 16 op, 3650866.00 ns, 228.1791 us/op

WorkloadPilot    1: 16 op, 3175984.00 ns, 198.4990 us/op
WorkloadPilot    2: 32 op, 4851504.00 ns, 151.6095 us/op
WorkloadPilot    3: 64 op, 9057337.00 ns, 141.5209 us/op
WorkloadPilot    4: 128 op, 17219129.00 ns, 134.5244 us/op
WorkloadPilot    5: 256 op, 36002396.00 ns, 140.6344 us/op
WorkloadPilot    6: 512 op, 77990404.00 ns, 152.3250 us/op
WorkloadPilot    7: 1024 op, 83323802.00 ns, 81.3709 us/op
WorkloadPilot    8: 2048 op, 40464803.00 ns, 19.7582 us/op
WorkloadPilot    9: 4096 op, 74091892.00 ns, 18.0888 us/op
WorkloadPilot   10: 8192 op, 145736624.00 ns, 17.7901 us/op
WorkloadPilot   11: 16384 op, 288155486.00 ns, 17.5876 us/op
WorkloadPilot   12: 32768 op, 591885068.00 ns, 18.0629 us/op

OverheadWarmup   1: 32768 op, 45662.00 ns, 1.3935 ns/op
OverheadWarmup   2: 32768 op, 43723.00 ns, 1.3343 ns/op
OverheadWarmup   3: 32768 op, 43607.00 ns, 1.3308 ns/op
OverheadWarmup   4: 32768 op, 43637.00 ns, 1.3317 ns/op
OverheadWarmup   5: 32768 op, 43619.00 ns, 1.3311 ns/op
OverheadWarmup   6: 32768 op, 43615.00 ns, 1.3310 ns/op
OverheadWarmup   7: 32768 op, 43639.00 ns, 1.3318 ns/op
OverheadWarmup   8: 32768 op, 44435.00 ns, 1.3560 ns/op
OverheadWarmup   9: 32768 op, 45287.00 ns, 1.3820 ns/op
OverheadWarmup  10: 32768 op, 44416.00 ns, 1.3555 ns/op

OverheadActual   1: 32768 op, 43656.00 ns, 1.3323 ns/op
OverheadActual   2: 32768 op, 43636.00 ns, 1.3317 ns/op
OverheadActual   3: 32768 op, 43618.00 ns, 1.3311 ns/op
OverheadActual   4: 32768 op, 43639.00 ns, 1.3318 ns/op
OverheadActual   5: 32768 op, 43630.00 ns, 1.3315 ns/op
OverheadActual   6: 32768 op, 43612.00 ns, 1.3309 ns/op
OverheadActual   7: 32768 op, 43635.00 ns, 1.3316 ns/op
OverheadActual   8: 32768 op, 43677.00 ns, 1.3329 ns/op
OverheadActual   9: 32768 op, 43636.00 ns, 1.3317 ns/op
OverheadActual  10: 32768 op, 43623.00 ns, 1.3313 ns/op
OverheadActual  11: 32768 op, 43626.00 ns, 1.3314 ns/op
OverheadActual  12: 32768 op, 43618.00 ns, 1.3311 ns/op
OverheadActual  13: 32768 op, 43636.00 ns, 1.3317 ns/op
OverheadActual  14: 32768 op, 42826.00 ns, 1.3069 ns/op
OverheadActual  15: 32768 op, 42847.00 ns, 1.3076 ns/op

WorkloadWarmup   1: 32768 op, 587774939.00 ns, 17.9375 us/op
WorkloadWarmup   2: 32768 op, 608915628.00 ns, 18.5826 us/op
WorkloadWarmup   3: 32768 op, 608865478.00 ns, 18.5811 us/op
WorkloadWarmup   4: 32768 op, 589271340.00 ns, 17.9831 us/op
WorkloadWarmup   5: 32768 op, 586832020.00 ns, 17.9087 us/op
WorkloadWarmup   6: 32768 op, 584941584.00 ns, 17.8510 us/op
WorkloadWarmup   7: 32768 op, 592165358.00 ns, 18.0715 us/op
WorkloadWarmup   8: 32768 op, 600739723.00 ns, 18.3331 us/op
WorkloadWarmup   9: 32768 op, 591436538.00 ns, 18.0492 us/op

WorkloadActual   1: 32768 op, 593790625.00 ns, 18.1211 us/op
WorkloadActual   2: 32768 op, 590924101.00 ns, 18.0336 us/op
WorkloadActual   3: 32768 op, 586353849.00 ns, 17.8941 us/op
WorkloadActual   4: 32768 op, 578669599.00 ns, 17.6596 us/op
WorkloadActual   5: 32768 op, 590591858.00 ns, 18.0234 us/op
WorkloadActual   6: 32768 op, 589407737.00 ns, 17.9873 us/op
WorkloadActual   7: 32768 op, 590793901.00 ns, 18.0296 us/op
WorkloadActual   8: 32768 op, 596890256.00 ns, 18.2156 us/op
WorkloadActual   9: 32768 op, 589209977.00 ns, 17.9813 us/op
WorkloadActual  10: 32768 op, 591818779.00 ns, 18.0609 us/op
WorkloadActual  11: 32768 op, 588666793.00 ns, 17.9647 us/op
WorkloadActual  12: 32768 op, 591485075.00 ns, 18.0507 us/op
WorkloadActual  13: 32768 op, 590098872.00 ns, 18.0084 us/op
WorkloadActual  14: 32768 op, 591812865.00 ns, 18.0607 us/op
WorkloadActual  15: 32768 op, 585778074.00 ns, 17.8765 us/op

WorkloadResult   1: 32768 op, 593746995.00 ns, 18.1197 us/op
WorkloadResult   2: 32768 op, 590880471.00 ns, 18.0322 us/op
WorkloadResult   3: 32768 op, 586310219.00 ns, 17.8928 us/op
WorkloadResult   4: 32768 op, 578625969.00 ns, 17.6583 us/op
WorkloadResult   5: 32768 op, 590548228.00 ns, 18.0221 us/op
WorkloadResult   6: 32768 op, 589364107.00 ns, 17.9860 us/op
WorkloadResult   7: 32768 op, 590750271.00 ns, 18.0283 us/op
WorkloadResult   8: 32768 op, 589166347.00 ns, 17.9799 us/op
WorkloadResult   9: 32768 op, 591775149.00 ns, 18.0595 us/op
WorkloadResult  10: 32768 op, 588623163.00 ns, 17.9634 us/op
WorkloadResult  11: 32768 op, 591441445.00 ns, 18.0494 us/op
WorkloadResult  12: 32768 op, 590055242.00 ns, 18.0071 us/op
WorkloadResult  13: 32768 op, 591769235.00 ns, 18.0594 us/op
WorkloadResult  14: 32768 op, 585734444.00 ns, 17.8752 us/op
// GC:  0 0 0 672 32768
// Threading:  0 0 32768


Mean = 17.981 μs, StdErr = 0.030 μs (0.17%), N = 14, StdDev = 0.113 μs
Min = 17.658 μs, Q1 = 17.967 μs, Median = 18.015 μs, Q3 = 18.045 μs, Max = 18.120 μs
IQR = 0.078 μs, LowerFence = 17.851 μs, UpperFence = 18.161 μs
ConfidenceInterval = [17.853 μs; 18.109 μs] (CI 99.9%), Margin = 0.128 μs (0.71% of Mean)
Skewness = -1.53, Kurtosis = 4.99, MValue = 2

// ** Remained 4 (28.6 %) benchmark(s) to run. Estimated finish 2026-09-19 2:15 (0h 0m from now) **
// **************************
// Benchmark: PairHandleBenchmarks.Advance: Job-TZECNT(IterationCount=16, IterationTime=200ms, WarmupCount=8) [Shape=PairBlocks8Waves]
// *** Execute ***
// Launch: 1 / 1
// Execute: dotnet PairHandles-Job-TZECNT-1.dll --anonymousPipes 120 121 --benchmarkName "Tl.PairHandlesProbe.PairHandleBenchmarks.Advance(Shape: PairBlocks8Waves)" --job "IterationCount=16, IterationTime=200ms, WarmupCount=8" --benchmarkId 5 in /home/i/GitHub/tl-193-shrink/benchmarks/PairHandles/bin/Release/net10.0/PairHandles-Job-TZECNT-1/bin/Release/net10.0
// Failed to set up high priority (Permission denied). In order to run benchmarks with high priority, make sure you have the right permissions.
// BeforeAnythingElse

// Benchmark Process Environment Information:
// BenchmarkDotNet v0.15.8
// Runtime=.NET 10.0.12 (10.0.12, 10.0.1226.42308), X64 RyuJIT x86-64-v3
// GC=Concurrent Workstation
// HardwareIntrinsics=AVX2+BMI1+BMI2+F16C+FMA+LZCNT+MOVBE,AVX,SSE3+SSSE3+SSE4.1+SSE4.2+POPCNT,X86Base+SSE+SSE2,AES+PCLMUL,AvxVnni,SERIALIZE VectorSize=256
// Job: Job-TZECNT(IterationCount=16, IterationTime=200ms, WarmupCount=8)

OverheadJitting  1: 1 op, 80680.00 ns, 80.6800 us/op
WorkloadJitting  1: 1 op, 7742356.00 ns, 7.7424 ms/op

OverheadJitting  2: 16 op, 109709.00 ns, 6.8568 us/op
WorkloadJitting  2: 16 op, 4171066.00 ns, 260.6916 us/op

WorkloadPilot    1: 16 op, 3458314.00 ns, 216.1446 us/op
WorkloadPilot    2: 928 op, 127414021.00 ns, 137.2996 us/op
WorkloadPilot    3: 1472 op, 29863857.00 ns, 20.2879 us/op
WorkloadPilot    4: 9872 op, 204062521.00 ns, 20.6708 us/op
WorkloadPilot    5: 9680 op, 200107561.00 ns, 20.6723 us/op

OverheadWarmup   1: 9680 op, 23901.00 ns, 2.4691 ns/op
OverheadWarmup   2: 9680 op, 18199.00 ns, 1.8801 ns/op
OverheadWarmup   3: 9680 op, 18443.00 ns, 1.9053 ns/op
OverheadWarmup   4: 9680 op, 18310.00 ns, 1.8915 ns/op
OverheadWarmup   5: 9680 op, 18247.00 ns, 1.8850 ns/op
OverheadWarmup   6: 9680 op, 18208.00 ns, 1.8810 ns/op
OverheadWarmup   7: 9680 op, 18408.00 ns, 1.9017 ns/op
OverheadWarmup   8: 9680 op, 17910.00 ns, 1.8502 ns/op

OverheadActual   1: 9680 op, 17909.00 ns, 1.8501 ns/op
OverheadActual   2: 9680 op, 17833.00 ns, 1.8423 ns/op
OverheadActual   3: 9680 op, 17848.00 ns, 1.8438 ns/op
OverheadActual   4: 9680 op, 17611.00 ns, 1.8193 ns/op
OverheadActual   5: 9680 op, 17746.00 ns, 1.8333 ns/op
OverheadActual   6: 9680 op, 17842.00 ns, 1.8432 ns/op
OverheadActual   7: 9680 op, 17596.00 ns, 1.8178 ns/op
OverheadActual   8: 9680 op, 17583.00 ns, 1.8164 ns/op
OverheadActual   9: 9680 op, 17577.00 ns, 1.8158 ns/op
OverheadActual  10: 9680 op, 17540.00 ns, 1.8120 ns/op
OverheadActual  11: 9680 op, 17538.00 ns, 1.8118 ns/op
OverheadActual  12: 9680 op, 17575.00 ns, 1.8156 ns/op
OverheadActual  13: 9680 op, 17806.00 ns, 1.8395 ns/op
OverheadActual  14: 9680 op, 17590.00 ns, 1.8171 ns/op
OverheadActual  15: 9680 op, 17589.00 ns, 1.8170 ns/op

WorkloadWarmup   1: 9680 op, 200569120.00 ns, 20.7200 us/op
WorkloadWarmup   2: 9680 op, 195029727.00 ns, 20.1477 us/op
WorkloadWarmup   3: 9680 op, 196611468.00 ns, 20.3111 us/op
WorkloadWarmup   4: 9680 op, 198612811.00 ns, 20.5179 us/op
WorkloadWarmup   5: 9680 op, 197217519.00 ns, 20.3737 us/op
WorkloadWarmup   6: 9680 op, 198554967.00 ns, 20.5119 us/op
WorkloadWarmup   7: 9680 op, 198032025.00 ns, 20.4579 us/op
WorkloadWarmup   8: 9680 op, 199588468.00 ns, 20.6186 us/op

// BeforeActualRun
WorkloadActual   1: 9680 op, 201114176.00 ns, 20.7763 us/op
WorkloadActual   2: 9680 op, 197180163.00 ns, 20.3699 us/op
WorkloadActual   3: 9680 op, 199241749.00 ns, 20.5828 us/op
WorkloadActual   4: 9680 op, 199037523.00 ns, 20.5617 us/op
WorkloadActual   5: 9680 op, 202475611.00 ns, 20.9169 us/op
WorkloadActual   6: 9680 op, 202722859.00 ns, 20.9424 us/op
WorkloadActual   7: 9680 op, 201318691.00 ns, 20.7974 us/op
WorkloadActual   8: 9680 op, 199567930.00 ns, 20.6165 us/op
WorkloadActual   9: 9680 op, 198489855.00 ns, 20.5052 us/op
WorkloadActual  10: 9680 op, 198289569.00 ns, 20.4845 us/op
WorkloadActual  11: 9680 op, 199795245.00 ns, 20.6400 us/op
WorkloadActual  12: 9680 op, 197975782.00 ns, 20.4520 us/op
WorkloadActual  13: 9680 op, 203622518.00 ns, 21.0354 us/op
WorkloadActual  14: 9680 op, 203680318.00 ns, 21.0414 us/op
WorkloadActual  15: 9680 op, 199937646.00 ns, 20.6547 us/op
WorkloadActual  16: 9680 op, 196397965.00 ns, 20.2890 us/op

// AfterActualRun
WorkloadResult   1: 9680 op, 201096580.00 ns, 20.7744 us/op
WorkloadResult   2: 9680 op, 197162567.00 ns, 20.3680 us/op
WorkloadResult   3: 9680 op, 199224153.00 ns, 20.5810 us/op
WorkloadResult   4: 9680 op, 199019927.00 ns, 20.5599 us/op
WorkloadResult   5: 9680 op, 202458015.00 ns, 20.9151 us/op
WorkloadResult   6: 9680 op, 202705263.00 ns, 20.9406 us/op
WorkloadResult   7: 9680 op, 201301095.00 ns, 20.7956 us/op
WorkloadResult   8: 9680 op, 199550334.00 ns, 20.6147 us/op
WorkloadResult   9: 9680 op, 198472259.00 ns, 20.5033 us/op
WorkloadResult  10: 9680 op, 198271973.00 ns, 20.4826 us/op
WorkloadResult  11: 9680 op, 199777649.00 ns, 20.6382 us/op
WorkloadResult  12: 9680 op, 197958186.00 ns, 20.4502 us/op
WorkloadResult  13: 9680 op, 203604922.00 ns, 21.0336 us/op
WorkloadResult  14: 9680 op, 203662722.00 ns, 21.0395 us/op
WorkloadResult  15: 9680 op, 199920050.00 ns, 20.6529 us/op
WorkloadResult  16: 9680 op, 196380369.00 ns, 20.2872 us/op
// GC:  0 0 0 0 9680
// Threading:  0 0 9680

// AfterAll
// Benchmark Process 422259 has exited with code 0.

Mean = 20.665 μs, StdErr = 0.058 μs (0.28%), N = 16, StdDev = 0.231 μs
Min = 20.287 μs, Q1 = 20.498 μs, Median = 20.626 μs, Q3 = 20.825 μs, Max = 21.040 μs
IQR = 0.327 μs, LowerFence = 20.007 μs, UpperFence = 21.316 μs
ConfidenceInterval = [20.429 μs; 20.900 μs] (CI 99.9%), Margin = 0.235 μs (1.14% of Mean)
Skewness = 0.21, Kurtosis = 1.76, MValue = 2

// ** Remained 3 (21.4 %) benchmark(s) to run. Estimated finish 2026-09-19 2:15 (0h 0m from now) **
// **************************
// Benchmark: PairHandleBenchmarks.Advance: InProcess(Toolchain=InProcessEmitToolchain) [Shape=PairBlocks8Waves]
// *** Execute ***
// Launch: 1 / 1
// ! Failed to set up priority High for process System.Diagnostics.Process (PairHandles). Make sure you have the right permissions. Message: Permission denied

// Benchmark Process Environment Information:
// BenchmarkDotNet v0.15.8
// Runtime=.NET 10.0.12 (10.0.12, 10.0.1226.42308), X64 RyuJIT x86-64-v3
// GC=Concurrent Workstation
// HardwareIntrinsics=AVX2+BMI1+BMI2+F16C+FMA+LZCNT+MOVBE,AVX,SSE3+SSSE3+SSE4.1+SSE4.2+POPCNT,X86Base+SSE+SSE2,AES+PCLMUL,AvxVnni,SERIALIZE VectorSize=256
// Job: Job-JWQWGO(Toolchain=InProcessEmitToolchain)

OverheadJitting  1: 1 op, 114208.00 ns, 114.2080 us/op
WorkloadJitting  1: 1 op, 339963.00 ns, 339.9630 us/op

OverheadJitting  2: 16 op, 127466.00 ns, 7.9666 us/op
WorkloadJitting  2: 16 op, 1003369.00 ns, 62.7106 us/op

WorkloadPilot    1: 16 op, 839381.00 ns, 52.4613 us/op
WorkloadPilot    2: 32 op, 1662081.00 ns, 51.9400 us/op
WorkloadPilot    3: 64 op, 3222384.00 ns, 50.3498 us/op
WorkloadPilot    4: 128 op, 6448176.00 ns, 50.3764 us/op
WorkloadPilot    5: 256 op, 13640885.00 ns, 53.2847 us/op
WorkloadPilot    6: 512 op, 25192368.00 ns, 49.2038 us/op
WorkloadPilot    7: 1024 op, 51936377.00 ns, 50.7191 us/op
WorkloadPilot    8: 2048 op, 106365534.00 ns, 51.9363 us/op
WorkloadPilot    9: 4096 op, 89847912.00 ns, 21.9355 us/op
WorkloadPilot   10: 8192 op, 159601145.00 ns, 19.4826 us/op
WorkloadPilot   11: 16384 op, 317918183.00 ns, 19.4042 us/op
WorkloadPilot   12: 32768 op, 657939318.00 ns, 20.0787 us/op

OverheadWarmup   1: 32768 op, 45667.00 ns, 1.3936 ns/op
OverheadWarmup   2: 32768 op, 43839.00 ns, 1.3379 ns/op
OverheadWarmup   3: 32768 op, 47027.00 ns, 1.4352 ns/op
OverheadWarmup   4: 32768 op, 42810.00 ns, 1.3065 ns/op
OverheadWarmup   5: 32768 op, 42079.00 ns, 1.2841 ns/op
OverheadWarmup   6: 32768 op, 42052.00 ns, 1.2833 ns/op
OverheadWarmup   7: 32768 op, 42124.00 ns, 1.2855 ns/op
OverheadWarmup   8: 32768 op, 42059.00 ns, 1.2835 ns/op

OverheadActual   1: 32768 op, 42132.00 ns, 1.2858 ns/op
OverheadActual   2: 32768 op, 42070.00 ns, 1.2839 ns/op
OverheadActual   3: 32768 op, 42077.00 ns, 1.2841 ns/op
OverheadActual   4: 32768 op, 42061.00 ns, 1.2836 ns/op
OverheadActual   5: 32768 op, 42078.00 ns, 1.2841 ns/op
OverheadActual   6: 32768 op, 42060.00 ns, 1.2836 ns/op
OverheadActual   7: 32768 op, 42088.00 ns, 1.2844 ns/op
OverheadActual   8: 32768 op, 42374.00 ns, 1.2932 ns/op
OverheadActual   9: 32768 op, 42321.00 ns, 1.2915 ns/op
OverheadActual  10: 32768 op, 42070.00 ns, 1.2839 ns/op
OverheadActual  11: 32768 op, 42097.00 ns, 1.2847 ns/op
OverheadActual  12: 32768 op, 42062.00 ns, 1.2836 ns/op
OverheadActual  13: 32768 op, 42053.00 ns, 1.2834 ns/op
OverheadActual  14: 32768 op, 42053.00 ns, 1.2834 ns/op
OverheadActual  15: 32768 op, 42066.00 ns, 1.2838 ns/op

WorkloadWarmup   1: 32768 op, 665340369.00 ns, 20.3046 us/op
WorkloadWarmup   2: 32768 op, 660239177.00 ns, 20.1489 us/op
WorkloadWarmup   3: 32768 op, 659011673.00 ns, 20.1114 us/op
WorkloadWarmup   4: 32768 op, 679629346.00 ns, 20.7406 us/op
WorkloadWarmup   5: 32768 op, 633794300.00 ns, 19.3419 us/op
WorkloadWarmup   6: 32768 op, 638083904.00 ns, 19.4728 us/op
WorkloadWarmup   7: 32768 op, 674964206.00 ns, 20.5983 us/op
WorkloadWarmup   8: 32768 op, 670256251.00 ns, 20.4546 us/op

WorkloadActual   1: 32768 op, 667748359.00 ns, 20.3781 us/op
WorkloadActual   2: 32768 op, 665528846.00 ns, 20.3103 us/op
WorkloadActual   3: 32768 op, 660012514.00 ns, 20.1420 us/op
WorkloadActual   4: 32768 op, 664310942.00 ns, 20.2732 us/op
WorkloadActual   5: 32768 op, 666083358.00 ns, 20.3273 us/op
WorkloadActual   6: 32768 op, 669293791.00 ns, 20.4252 us/op
WorkloadActual   7: 32768 op, 669340767.00 ns, 20.4267 us/op
WorkloadActual   8: 32768 op, 671502389.00 ns, 20.4926 us/op
WorkloadActual   9: 32768 op, 673700998.00 ns, 20.5597 us/op
WorkloadActual  10: 32768 op, 676433643.00 ns, 20.6431 us/op
WorkloadActual  11: 32768 op, 677709865.00 ns, 20.6821 us/op
WorkloadActual  12: 32768 op, 671899059.00 ns, 20.5047 us/op
WorkloadActual  13: 32768 op, 665344492.00 ns, 20.3047 us/op
WorkloadActual  14: 32768 op, 669775727.00 ns, 20.4399 us/op
WorkloadActual  15: 32768 op, 673084676.00 ns, 20.5409 us/op

WorkloadResult   1: 32768 op, 667706289.00 ns, 20.3768 us/op
WorkloadResult   2: 32768 op, 665486776.00 ns, 20.3090 us/op
WorkloadResult   3: 32768 op, 659970444.00 ns, 20.1407 us/op
WorkloadResult   4: 32768 op, 664268872.00 ns, 20.2719 us/op
WorkloadResult   5: 32768 op, 666041288.00 ns, 20.3260 us/op
WorkloadResult   6: 32768 op, 669251721.00 ns, 20.4239 us/op
WorkloadResult   7: 32768 op, 669298697.00 ns, 20.4254 us/op
WorkloadResult   8: 32768 op, 671460319.00 ns, 20.4913 us/op
WorkloadResult   9: 32768 op, 673658928.00 ns, 20.5584 us/op
WorkloadResult  10: 32768 op, 676391573.00 ns, 20.6418 us/op
WorkloadResult  11: 32768 op, 677667795.00 ns, 20.6808 us/op
WorkloadResult  12: 32768 op, 671856989.00 ns, 20.5034 us/op
WorkloadResult  13: 32768 op, 665302422.00 ns, 20.3034 us/op
WorkloadResult  14: 32768 op, 669733657.00 ns, 20.4386 us/op
WorkloadResult  15: 32768 op, 673042606.00 ns, 20.5396 us/op
// GC:  0 0 0 0 32768
// Threading:  0 0 32768


Mean = 20.429 μs, StdErr = 0.038 μs (0.18%), N = 15, StdDev = 0.146 μs
Min = 20.141 μs, Q1 = 20.318 μs, Median = 20.425 μs, Q3 = 20.522 μs, Max = 20.681 μs
IQR = 0.204 μs, LowerFence = 20.011 μs, UpperFence = 20.828 μs
ConfidenceInterval = [20.273 μs; 20.585 μs] (CI 99.9%), Margin = 0.156 μs (0.76% of Mean)
Skewness = -0.06, Kurtosis = 2.15, MValue = 2

// ** Remained 2 (14.3 %) benchmark(s) to run. Estimated finish 2026-09-19 2:15 (0h 0m from now) **
// **************************
// Benchmark: PairHandleBenchmarks.Advance: Job-TZECNT(IterationCount=16, IterationTime=200ms, WarmupCount=8) [Shape=PairA(...)Waves [21]]
// *** Execute ***
// Launch: 1 / 1
// Execute: dotnet PairHandles-Job-TZECNT-1.dll --anonymousPipes 120 121 --benchmarkName "Tl.PairHandlesProbe.PairHandleBenchmarks.Advance(Shape: PairAlternating8Waves)" --job "IterationCount=16, IterationTime=200ms, WarmupCount=8" --benchmarkId 6 in /home/i/GitHub/tl-193-shrink/benchmarks/PairHandles/bin/Release/net10.0/PairHandles-Job-TZECNT-1/bin/Release/net10.0
// Failed to set up high priority (Permission denied). In order to run benchmarks with high priority, make sure you have the right permissions.
// BeforeAnythingElse

// Benchmark Process Environment Information:
// BenchmarkDotNet v0.15.8
// Runtime=.NET 10.0.12 (10.0.12, 10.0.1226.42308), X64 RyuJIT x86-64-v3
// GC=Concurrent Workstation
// HardwareIntrinsics=AVX2+BMI1+BMI2+F16C+FMA+LZCNT+MOVBE,AVX,SSE3+SSSE3+SSE4.1+SSE4.2+POPCNT,X86Base+SSE+SSE2,AES+PCLMUL,AvxVnni,SERIALIZE VectorSize=256
// Job: Job-TZECNT(IterationCount=16, IterationTime=200ms, WarmupCount=8)

OverheadJitting  1: 1 op, 88094.00 ns, 88.0940 us/op
WorkloadJitting  1: 1 op, 7049379.00 ns, 7.0494 ms/op

OverheadJitting  2: 16 op, 127300.00 ns, 7.9563 us/op
WorkloadJitting  2: 16 op, 2569002.00 ns, 160.5626 us/op

WorkloadPilot    1: 16 op, 2075475.00 ns, 129.7172 us/op
WorkloadPilot    2: 1552 op, 159598124.00 ns, 102.8338 us/op
WorkloadPilot    3: 1952 op, 128462487.00 ns, 65.8107 us/op
WorkloadPilot    4: 3040 op, 198768952.00 ns, 65.3845 us/op
WorkloadPilot    5: 3072 op, 205005366.00 ns, 66.7335 us/op
WorkloadPilot    6: 3008 op, 200521342.00 ns, 66.6627 us/op

OverheadWarmup   1: 3008 op, 8006.00 ns, 2.6616 ns/op
OverheadWarmup   2: 3008 op, 6549.00 ns, 2.1772 ns/op
OverheadWarmup   3: 3008 op, 6743.00 ns, 2.2417 ns/op
OverheadWarmup   4: 3008 op, 6608.00 ns, 2.1968 ns/op
OverheadWarmup   5: 3008 op, 6502.00 ns, 2.1616 ns/op
OverheadWarmup   6: 3008 op, 5839.00 ns, 1.9412 ns/op
OverheadWarmup   7: 3008 op, 6349.00 ns, 2.1107 ns/op
OverheadWarmup   8: 3008 op, 6353.00 ns, 2.1120 ns/op
OverheadWarmup   9: 3008 op, 6209.00 ns, 2.0642 ns/op

OverheadActual   1: 3008 op, 5745.00 ns, 1.9099 ns/op
OverheadActual   2: 3008 op, 5777.00 ns, 1.9205 ns/op
OverheadActual   3: 3008 op, 5766.00 ns, 1.9169 ns/op
OverheadActual   4: 3008 op, 5616.00 ns, 1.8670 ns/op
OverheadActual   5: 3008 op, 5728.00 ns, 1.9043 ns/op
OverheadActual   6: 3008 op, 5556.00 ns, 1.8471 ns/op
OverheadActual   7: 3008 op, 5548.00 ns, 1.8444 ns/op
OverheadActual   8: 3008 op, 5542.00 ns, 1.8424 ns/op
OverheadActual   9: 3008 op, 5522.00 ns, 1.8358 ns/op
OverheadActual  10: 3008 op, 5522.00 ns, 1.8358 ns/op
OverheadActual  11: 3008 op, 5539.00 ns, 1.8414 ns/op
OverheadActual  12: 3008 op, 5534.00 ns, 1.8398 ns/op
OverheadActual  13: 3008 op, 5674.00 ns, 1.8863 ns/op
OverheadActual  14: 3008 op, 5548.00 ns, 1.8444 ns/op
OverheadActual  15: 3008 op, 5566.00 ns, 1.8504 ns/op

WorkloadWarmup   1: 3008 op, 191411489.00 ns, 63.6341 us/op
WorkloadWarmup   2: 3008 op, 191666377.00 ns, 63.7189 us/op
WorkloadWarmup   3: 3008 op, 193749809.00 ns, 64.4115 us/op
WorkloadWarmup   4: 3008 op, 192649877.00 ns, 64.0458 us/op
WorkloadWarmup   5: 3008 op, 192968806.00 ns, 64.1519 us/op
WorkloadWarmup   6: 3008 op, 195036581.00 ns, 64.8393 us/op
WorkloadWarmup   7: 3008 op, 192525899.00 ns, 64.0046 us/op
WorkloadWarmup   8: 3008 op, 192907070.00 ns, 64.1313 us/op

// BeforeActualRun
WorkloadActual   1: 3008 op, 191387788.00 ns, 63.6263 us/op
WorkloadActual   2: 3008 op, 190173343.00 ns, 63.2225 us/op
WorkloadActual   3: 3008 op, 190788777.00 ns, 63.4271 us/op
WorkloadActual   4: 3008 op, 193103618.00 ns, 64.1967 us/op
WorkloadActual   5: 3008 op, 190645159.00 ns, 63.3794 us/op
WorkloadActual   6: 3008 op, 190575543.00 ns, 63.3562 us/op
WorkloadActual   7: 3008 op, 195998161.00 ns, 65.1590 us/op
WorkloadActual   8: 3008 op, 193691230.00 ns, 64.3920 us/op
WorkloadActual   9: 3008 op, 191758551.00 ns, 63.7495 us/op
WorkloadActual  10: 3008 op, 190410495.00 ns, 63.3014 us/op
WorkloadActual  11: 3008 op, 191667778.00 ns, 63.7193 us/op
WorkloadActual  12: 3008 op, 192748243.00 ns, 64.0785 us/op
WorkloadActual  13: 3008 op, 191197167.00 ns, 63.5629 us/op
WorkloadActual  14: 3008 op, 190210050.00 ns, 63.2347 us/op
WorkloadActual  15: 3008 op, 189749124.00 ns, 63.0815 us/op
WorkloadActual  16: 3008 op, 189596594.00 ns, 63.0308 us/op

// AfterActualRun
WorkloadResult   1: 3008 op, 191382232.00 ns, 63.6244 us/op
WorkloadResult   2: 3008 op, 190167787.00 ns, 63.2207 us/op
WorkloadResult   3: 3008 op, 190783221.00 ns, 63.4253 us/op
WorkloadResult   4: 3008 op, 193098062.00 ns, 64.1948 us/op
WorkloadResult   5: 3008 op, 190639603.00 ns, 63.3775 us/op
WorkloadResult   6: 3008 op, 190569987.00 ns, 63.3544 us/op
WorkloadResult   7: 3008 op, 193685674.00 ns, 64.3902 us/op
WorkloadResult   8: 3008 op, 191752995.00 ns, 63.7477 us/op
WorkloadResult   9: 3008 op, 190404939.00 ns, 63.2995 us/op
WorkloadResult  10: 3008 op, 191662222.00 ns, 63.7175 us/op
WorkloadResult  11: 3008 op, 192742687.00 ns, 64.0767 us/op
WorkloadResult  12: 3008 op, 191191611.00 ns, 63.5610 us/op
WorkloadResult  13: 3008 op, 190204494.00 ns, 63.2329 us/op
WorkloadResult  14: 3008 op, 189743568.00 ns, 63.0796 us/op
WorkloadResult  15: 3008 op, 189591038.00 ns, 63.0289 us/op
// GC:  0 0 0 0 3008
// Threading:  0 0 3008

// AfterAll
// Benchmark Process 422701 has exited with code 0.

Mean = 63.555 μs, StdErr = 0.105 μs (0.17%), N = 15, StdDev = 0.407 μs
Min = 63.029 μs, Q1 = 63.266 μs, Median = 63.425 μs, Q3 = 63.733 μs, Max = 64.390 μs
IQR = 0.466 μs, LowerFence = 62.567 μs, UpperFence = 64.432 μs
ConfidenceInterval = [63.120 μs; 63.991 μs] (CI 99.9%), Margin = 0.435 μs (0.68% of Mean)
Skewness = 0.63, Kurtosis = 2.15, MValue = 2

// ** Remained 1 (7.1 %) benchmark(s) to run. Estimated finish 2026-09-19 2:15 (0h 0m from now) **
// **************************
// Benchmark: PairHandleBenchmarks.Advance: InProcess(Toolchain=InProcessEmitToolchain) [Shape=PairA(...)Waves [21]]
// *** Execute ***
// Launch: 1 / 1
// ! Failed to set up priority High for process System.Diagnostics.Process (PairHandles). Make sure you have the right permissions. Message: Permission denied

// Benchmark Process Environment Information:
// BenchmarkDotNet v0.15.8
// Runtime=.NET 10.0.12 (10.0.12, 10.0.1226.42308), X64 RyuJIT x86-64-v3
// GC=Concurrent Workstation
// HardwareIntrinsics=AVX2+BMI1+BMI2+F16C+FMA+LZCNT+MOVBE,AVX,SSE3+SSSE3+SSE4.1+SSE4.2+POPCNT,X86Base+SSE+SSE2,AES+PCLMUL,AvxVnni,SERIALIZE VectorSize=256
// Job: Job-JWQWGO(Toolchain=InProcessEmitToolchain)

OverheadJitting  1: 1 op, 103852.00 ns, 103.8520 us/op
WorkloadJitting  1: 1 op, 150997.00 ns, 150.9970 us/op

OverheadJitting  2: 16 op, 118874.00 ns, 7.4296 us/op
WorkloadJitting  2: 16 op, 1223101.00 ns, 76.4438 us/op

WorkloadPilot    1: 16 op, 962020.00 ns, 60.1263 us/op
WorkloadPilot    2: 32 op, 1933150.00 ns, 60.4109 us/op
WorkloadPilot    3: 64 op, 3928166.00 ns, 61.3776 us/op
WorkloadPilot    4: 128 op, 7827295.00 ns, 61.1507 us/op
WorkloadPilot    5: 256 op, 15741837.00 ns, 61.4916 us/op
WorkloadPilot    6: 512 op, 33129893.00 ns, 64.7068 us/op
WorkloadPilot    7: 1024 op, 65398877.00 ns, 63.8661 us/op
WorkloadPilot    8: 2048 op, 129673858.00 ns, 63.3173 us/op
WorkloadPilot    9: 4096 op, 259739942.00 ns, 63.4131 us/op
WorkloadPilot   10: 8192 op, 508087248.00 ns, 62.0224 us/op

OverheadWarmup   1: 8192 op, 13063.00 ns, 1.5946 ns/op
OverheadWarmup   2: 8192 op, 11388.00 ns, 1.3901 ns/op
OverheadWarmup   3: 8192 op, 10971.00 ns, 1.3392 ns/op
OverheadWarmup   4: 8192 op, 10766.00 ns, 1.3142 ns/op
OverheadWarmup   5: 8192 op, 10941.00 ns, 1.3356 ns/op
OverheadWarmup   6: 8192 op, 11098.00 ns, 1.3547 ns/op
OverheadWarmup   7: 8192 op, 10783.00 ns, 1.3163 ns/op
OverheadWarmup   8: 8192 op, 10993.00 ns, 1.3419 ns/op
OverheadWarmup   9: 8192 op, 10973.00 ns, 1.3395 ns/op

OverheadActual   1: 8192 op, 10932.00 ns, 1.3345 ns/op
OverheadActual   2: 8192 op, 10940.00 ns, 1.3354 ns/op
OverheadActual   3: 8192 op, 10960.00 ns, 1.3379 ns/op
OverheadActual   4: 8192 op, 10962.00 ns, 1.3381 ns/op
OverheadActual   5: 8192 op, 10769.00 ns, 1.3146 ns/op
OverheadActual   6: 8192 op, 10901.00 ns, 1.3307 ns/op
OverheadActual   7: 8192 op, 11152.00 ns, 1.3613 ns/op
OverheadActual   8: 8192 op, 11161.00 ns, 1.3624 ns/op
OverheadActual   9: 8192 op, 10953.00 ns, 1.3370 ns/op
OverheadActual  10: 8192 op, 10923.00 ns, 1.3334 ns/op
OverheadActual  11: 8192 op, 10972.00 ns, 1.3394 ns/op
OverheadActual  12: 8192 op, 10961.00 ns, 1.3380 ns/op
OverheadActual  13: 8192 op, 10929.00 ns, 1.3341 ns/op
OverheadActual  14: 8192 op, 10948.00 ns, 1.3364 ns/op
OverheadActual  15: 8192 op, 10947.00 ns, 1.3363 ns/op

WorkloadWarmup   1: 8192 op, 516366695.00 ns, 63.0330 us/op
WorkloadWarmup   2: 8192 op, 500082777.00 ns, 61.0453 us/op
WorkloadWarmup   3: 8192 op, 500814795.00 ns, 61.1346 us/op
WorkloadWarmup   4: 8192 op, 502341000.00 ns, 61.3209 us/op
WorkloadWarmup   5: 8192 op, 499203383.00 ns, 60.9379 us/op
WorkloadWarmup   6: 8192 op, 500108253.00 ns, 61.0484 us/op
WorkloadWarmup   7: 8192 op, 506889009.00 ns, 61.8761 us/op
WorkloadWarmup   8: 8192 op, 514218518.00 ns, 62.7708 us/op
WorkloadWarmup   9: 8192 op, 520898355.00 ns, 63.5862 us/op
WorkloadWarmup  10: 8192 op, 514787775.00 ns, 62.8403 us/op

WorkloadActual   1: 8192 op, 510705211.00 ns, 62.3419 us/op
WorkloadActual   2: 8192 op, 499162206.00 ns, 60.9329 us/op
WorkloadActual   3: 8192 op, 499497527.00 ns, 60.9738 us/op
WorkloadActual   4: 8192 op, 509135571.00 ns, 62.1503 us/op
WorkloadActual   5: 8192 op, 498414079.00 ns, 60.8416 us/op
WorkloadActual   6: 8192 op, 501227385.00 ns, 61.1850 us/op
WorkloadActual   7: 8192 op, 499359009.00 ns, 60.9569 us/op
WorkloadActual   8: 8192 op, 498488167.00 ns, 60.8506 us/op
WorkloadActual   9: 8192 op, 500189225.00 ns, 61.0583 us/op
WorkloadActual  10: 8192 op, 501525105.00 ns, 61.2213 us/op
WorkloadActual  11: 8192 op, 519765732.00 ns, 63.4480 us/op
WorkloadActual  12: 8192 op, 501651879.00 ns, 61.2368 us/op
WorkloadActual  13: 8192 op, 513601888.00 ns, 62.6955 us/op
WorkloadActual  14: 8192 op, 503947406.00 ns, 61.5170 us/op
WorkloadActual  15: 8192 op, 501191387.00 ns, 61.1806 us/op

WorkloadResult   1: 8192 op, 510694263.00 ns, 62.3406 us/op
WorkloadResult   2: 8192 op, 499151258.00 ns, 60.9316 us/op
WorkloadResult   3: 8192 op, 499486579.00 ns, 60.9725 us/op
WorkloadResult   4: 8192 op, 509124623.00 ns, 62.1490 us/op
WorkloadResult   5: 8192 op, 498403131.00 ns, 60.8402 us/op
WorkloadResult   6: 8192 op, 501216437.00 ns, 61.1836 us/op
WorkloadResult   7: 8192 op, 499348061.00 ns, 60.9556 us/op
WorkloadResult   8: 8192 op, 498477219.00 ns, 60.8493 us/op
WorkloadResult   9: 8192 op, 500178277.00 ns, 61.0569 us/op
WorkloadResult  10: 8192 op, 501514157.00 ns, 61.2200 us/op
WorkloadResult  11: 8192 op, 501640931.00 ns, 61.2355 us/op
WorkloadResult  12: 8192 op, 513590940.00 ns, 62.6942 us/op
WorkloadResult  13: 8192 op, 503936458.00 ns, 61.5157 us/op
WorkloadResult  14: 8192 op, 501180439.00 ns, 61.1793 us/op
// GC:  0 0 0 1344 8192
// Threading:  0 0 8192


Mean = 61.366 μs, StdErr = 0.159 μs (0.26%), N = 14, StdDev = 0.595 μs
Min = 60.840 μs, Q1 = 60.960 μs, Median = 61.181 μs, Q3 = 61.446 μs, Max = 62.694 μs
IQR = 0.486 μs, LowerFence = 60.231 μs, UpperFence = 62.174 μs
ConfidenceInterval = [60.694 μs; 62.038 μs] (CI 99.9%), Margin = 0.672 μs (1.09% of Mean)
Skewness = 1.09, Kurtosis = 2.64, MValue = 2

// ** Remained 0 (0.0 %) benchmark(s) to run. Estimated finish 2026-09-19 2:15 (0h 0m from now) **
// ***** BenchmarkRunner: Finish  *****

// * Export *
  results/193-baseline/results/Tl.PairHandlesProbe.PairHandleBenchmarks-report.csv
  results/193-baseline/results/Tl.PairHandlesProbe.PairHandleBenchmarks-report-github.md
  results/193-baseline/results/Tl.PairHandlesProbe.PairHandleBenchmarks-report.html
  results/193-baseline/results/Tl.PairHandlesProbe.PairHandleBenchmarks-report-full.json

// * Detailed results *
PairHandleBenchmarks.Advance: Job-TZECNT(IterationCount=16, IterationTime=200ms, WarmupCount=8) [Shape=LaneUniform]
Runtime = .NET 10.0.12 (10.0.12, 10.0.1226.42308), X64 RyuJIT x86-64-v3; GC = Concurrent Workstation
Mean = 19.229 μs, StdErr = 0.354 μs (1.84%), N = 16, StdDev = 1.415 μs
Min = 18.229 μs, Q1 = 18.289 μs, Median = 18.331 μs, Q3 = 20.902 μs, Max = 21.751 μs
IQR = 2.613 μs, LowerFence = 14.370 μs, UpperFence = 24.821 μs
ConfidenceInterval = [17.788 μs; 20.669 μs] (CI 99.9%), Margin = 1.441 μs (7.49% of Mean)
Skewness = 0.77, Kurtosis = 1.59, MValue = 2.91
-------------------- Histogram --------------------
[17.492 μs ; 19.097 μs) | @@@@@@@@@@@
[19.097 μs ; 20.549 μs) | 
[20.549 μs ; 22.023 μs) | @@@@@
---------------------------------------------------

PairHandleBenchmarks.Advance: InProcess(Toolchain=InProcessEmitToolchain) [Shape=LaneUniform]
Runtime = ; GC = 
Mean = 18.585 μs, StdErr = 0.091 μs (0.49%), N = 38, StdDev = 0.558 μs
Min = 18.166 μs, Q1 = 18.225 μs, Median = 18.294 μs, Q3 = 18.818 μs, Max = 20.251 μs
IQR = 0.594 μs, LowerFence = 17.334 μs, UpperFence = 19.708 μs
ConfidenceInterval = [18.262 μs; 18.909 μs] (CI 99.9%), Margin = 0.323 μs (1.74% of Mean)
Skewness = 1.51, Kurtosis = 4.12, MValue = 2
-------------------- Histogram --------------------
[18.135 μs ; 18.570 μs) | @@@@@@@@@@@@@@@@@@@@@@@@@@@
[18.570 μs ; 19.083 μs) | @@@@@
[19.083 μs ; 19.719 μs) | @@@@
[19.719 μs ; 20.335 μs) | @@
---------------------------------------------------

PairHandleBenchmarks.Advance: Job-TZECNT(IterationCount=16, IterationTime=200ms, WarmupCount=8) [Shape=PairOne]
Runtime = .NET 10.0.12 (10.0.12, 10.0.1226.42308), X64 RyuJIT x86-64-v3; GC = Concurrent Workstation
Mean = 18.363 μs, StdErr = 0.044 μs (0.24%), N = 14, StdDev = 0.166 μs
Min = 18.202 μs, Q1 = 18.264 μs, Median = 18.319 μs, Q3 = 18.378 μs, Max = 18.768 μs
IQR = 0.114 μs, LowerFence = 18.094 μs, UpperFence = 18.548 μs
ConfidenceInterval = [18.176 μs; 18.549 μs] (CI 99.9%), Margin = 0.187 μs (1.02% of Mean)
Skewness = 1.24, Kurtosis = 3.41, MValue = 2
-------------------- Histogram --------------------
[18.112 μs ; 18.859 μs) | @@@@@@@@@@@@@@
---------------------------------------------------

PairHandleBenchmarks.Advance: InProcess(Toolchain=InProcessEmitToolchain) [Shape=PairOne]
Runtime = ; GC = 
Mean = 18.146 μs, StdErr = 0.044 μs (0.24%), N = 13, StdDev = 0.159 μs
Min = 17.973 μs, Q1 = 18.038 μs, Median = 18.066 μs, Q3 = 18.240 μs, Max = 18.477 μs
IQR = 0.202 μs, LowerFence = 17.735 μs, UpperFence = 18.543 μs
ConfidenceInterval = [17.956 μs; 18.337 μs] (CI 99.9%), Margin = 0.191 μs (1.05% of Mean)
Skewness = 0.8, Kurtosis = 2.2, MValue = 2
-------------------- Histogram --------------------
[17.903 μs ; 18.566 μs) | @@@@@@@@@@@@@
---------------------------------------------------

PairHandleBenchmarks.Advance: Job-TZECNT(IterationCount=16, IterationTime=200ms, WarmupCount=8) [Shape=PairRuns8]
Runtime = .NET 10.0.12 (10.0.12, 10.0.1226.42308), X64 RyuJIT x86-64-v3; GC = Concurrent Workstation
Mean = 20.111 μs, StdErr = 0.062 μs (0.31%), N = 13, StdDev = 0.223 μs
Min = 20.030 μs, Q1 = 20.034 μs, Median = 20.035 μs, Q3 = 20.042 μs, Max = 20.839 μs
IQR = 0.008 μs, LowerFence = 20.022 μs, UpperFence = 20.055 μs
ConfidenceInterval = [19.844 μs; 20.379 μs] (CI 99.9%), Margin = 0.267 μs (1.33% of Mean)
Skewness = 2.64, Kurtosis = 8.69, MValue = 2
-------------------- Histogram --------------------
[19.905 μs ; 20.315 μs) | @@@@@@@@@@@@
[20.315 μs ; 20.964 μs) | @
---------------------------------------------------

PairHandleBenchmarks.Advance: InProcess(Toolchain=InProcessEmitToolchain) [Shape=PairRuns8]
Runtime = ; GC = 
Mean = 20.589 μs, StdErr = 0.088 μs (0.43%), N = 14, StdDev = 0.329 μs
Min = 20.265 μs, Q1 = 20.365 μs, Median = 20.421 μs, Q3 = 20.872 μs, Max = 21.259 μs
IQR = 0.506 μs, LowerFence = 19.606 μs, UpperFence = 21.632 μs
ConfidenceInterval = [20.218 μs; 20.960 μs] (CI 99.9%), Margin = 0.371 μs (1.80% of Mean)
Skewness = 0.78, Kurtosis = 1.93, MValue = 2
-------------------- Histogram --------------------
[20.163 μs ; 21.310 μs) | @@@@@@@@@@@@@@
---------------------------------------------------

PairHandleBenchmarks.Advance: Job-TZECNT(IterationCount=16, IterationTime=200ms, WarmupCount=8) [Shape=PairAlternating8]
Runtime = .NET 10.0.12 (10.0.12, 10.0.1226.42308), X64 RyuJIT x86-64-v3; GC = Concurrent Workstation
Mean = 84.139 μs, StdErr = 0.157 μs (0.19%), N = 16, StdDev = 0.629 μs
Min = 83.168 μs, Q1 = 83.748 μs, Median = 83.906 μs, Q3 = 84.603 μs, Max = 85.243 μs
IQR = 0.855 μs, LowerFence = 82.466 μs, UpperFence = 85.885 μs
ConfidenceInterval = [83.499 μs; 84.779 μs] (CI 99.9%), Margin = 0.640 μs (0.76% of Mean)
Skewness = 0.23, Kurtosis = 1.75, MValue = 2
-------------------- Histogram --------------------
[82.840 μs ; 85.571 μs) | @@@@@@@@@@@@@@@@
---------------------------------------------------

PairHandleBenchmarks.Advance: InProcess(Toolchain=InProcessEmitToolchain) [Shape=PairAlternating8]
Runtime = ; GC = 
Mean = 80.955 μs, StdErr = 0.421 μs (0.52%), N = 23, StdDev = 2.018 μs
Min = 78.108 μs, Q1 = 79.421 μs, Median = 80.448 μs, Q3 = 82.628 μs, Max = 84.218 μs
IQR = 3.206 μs, LowerFence = 74.612 μs, UpperFence = 87.438 μs
ConfidenceInterval = [79.359 μs; 82.551 μs] (CI 99.9%), Margin = 1.596 μs (1.97% of Mean)
Skewness = 0.25, Kurtosis = 1.54, MValue = 2
-------------------- Histogram --------------------
[77.177 μs ; 78.760 μs) | @@@
[78.760 μs ; 80.623 μs) | @@@@@@@@@@
[80.623 μs ; 85.150 μs) | @@@@@@@@@@
---------------------------------------------------

PairHandleBenchmarks.Advance: Job-TZECNT(IterationCount=16, IterationTime=200ms, WarmupCount=8) [Shape=PairRuns8Waves]
Runtime = .NET 10.0.12 (10.0.12, 10.0.1226.42308), X64 RyuJIT x86-64-v3; GC = Concurrent Workstation
Mean = 18.657 μs, StdErr = 0.145 μs (0.78%), N = 16, StdDev = 0.580 μs
Min = 17.673 μs, Q1 = 18.229 μs, Median = 18.608 μs, Q3 = 18.926 μs, Max = 19.766 μs
IQR = 0.697 μs, LowerFence = 17.184 μs, UpperFence = 19.971 μs
ConfidenceInterval = [18.066 μs; 19.248 μs] (CI 99.9%), Margin = 0.591 μs (3.17% of Mean)
Skewness = 0.37, Kurtosis = 2.17, MValue = 2
-------------------- Histogram --------------------
[17.530 μs ; 18.140 μs) | @@
[18.140 μs ; 18.744 μs) | @@@@@@@@
[18.744 μs ; 19.417 μs) | @@@@
[19.417 μs ; 20.068 μs) | @@
---------------------------------------------------

PairHandleBenchmarks.Advance: InProcess(Toolchain=InProcessEmitToolchain) [Shape=PairRuns8Waves]
Runtime = ; GC = 
Mean = 17.981 μs, StdErr = 0.030 μs (0.17%), N = 14, StdDev = 0.113 μs
Min = 17.658 μs, Q1 = 17.967 μs, Median = 18.015 μs, Q3 = 18.045 μs, Max = 18.120 μs
IQR = 0.078 μs, LowerFence = 17.851 μs, UpperFence = 18.161 μs
ConfidenceInterval = [17.853 μs; 18.109 μs] (CI 99.9%), Margin = 0.128 μs (0.71% of Mean)
Skewness = -1.53, Kurtosis = 4.99, MValue = 2
-------------------- Histogram --------------------
[17.597 μs ; 18.181 μs) | @@@@@@@@@@@@@@
---------------------------------------------------

PairHandleBenchmarks.Advance: Job-TZECNT(IterationCount=16, IterationTime=200ms, WarmupCount=8) [Shape=PairBlocks8Waves]
Runtime = .NET 10.0.12 (10.0.12, 10.0.1226.42308), X64 RyuJIT x86-64-v3; GC = Concurrent Workstation
Mean = 20.665 μs, StdErr = 0.058 μs (0.28%), N = 16, StdDev = 0.231 μs
Min = 20.287 μs, Q1 = 20.498 μs, Median = 20.626 μs, Q3 = 20.825 μs, Max = 21.040 μs
IQR = 0.327 μs, LowerFence = 20.007 μs, UpperFence = 21.316 μs
ConfidenceInterval = [20.429 μs; 20.900 μs] (CI 99.9%), Margin = 0.235 μs (1.14% of Mean)
Skewness = 0.21, Kurtosis = 1.76, MValue = 2
-------------------- Histogram --------------------
[20.167 μs ; 21.160 μs) | @@@@@@@@@@@@@@@@
---------------------------------------------------

PairHandleBenchmarks.Advance: InProcess(Toolchain=InProcessEmitToolchain) [Shape=PairBlocks8Waves]
Runtime = ; GC = 
Mean = 20.429 μs, StdErr = 0.038 μs (0.18%), N = 15, StdDev = 0.146 μs
Min = 20.141 μs, Q1 = 20.318 μs, Median = 20.425 μs, Q3 = 20.522 μs, Max = 20.681 μs
IQR = 0.204 μs, LowerFence = 20.011 μs, UpperFence = 20.828 μs
ConfidenceInterval = [20.273 μs; 20.585 μs] (CI 99.9%), Margin = 0.156 μs (0.76% of Mean)
Skewness = -0.06, Kurtosis = 2.15, MValue = 2
-------------------- Histogram --------------------
[20.063 μs ; 20.696 μs) | @@@@@@@@@@@@@@@
---------------------------------------------------

PairHandleBenchmarks.Advance: Job-TZECNT(IterationCount=16, IterationTime=200ms, WarmupCount=8) [Shape=PairA(...)Waves [21]]
Runtime = .NET 10.0.12 (10.0.12, 10.0.1226.42308), X64 RyuJIT x86-64-v3; GC = Concurrent Workstation
Mean = 63.555 μs, StdErr = 0.105 μs (0.17%), N = 15, StdDev = 0.407 μs
Min = 63.029 μs, Q1 = 63.266 μs, Median = 63.425 μs, Q3 = 63.733 μs, Max = 64.390 μs
IQR = 0.466 μs, LowerFence = 62.567 μs, UpperFence = 64.432 μs
ConfidenceInterval = [63.120 μs; 63.991 μs] (CI 99.9%), Margin = 0.435 μs (0.68% of Mean)
Skewness = 0.63, Kurtosis = 2.15, MValue = 2
-------------------- Histogram --------------------
[62.812 μs ; 64.607 μs) | @@@@@@@@@@@@@@@
---------------------------------------------------

PairHandleBenchmarks.Advance: InProcess(Toolchain=InProcessEmitToolchain) [Shape=PairA(...)Waves [21]]
Runtime = ; GC = 
Mean = 61.366 μs, StdErr = 0.159 μs (0.26%), N = 14, StdDev = 0.595 μs
Min = 60.840 μs, Q1 = 60.960 μs, Median = 61.181 μs, Q3 = 61.446 μs, Max = 62.694 μs
IQR = 0.486 μs, LowerFence = 60.231 μs, UpperFence = 62.174 μs
ConfidenceInterval = [60.694 μs; 62.038 μs] (CI 99.9%), Margin = 0.672 μs (1.09% of Mean)
Skewness = 1.09, Kurtosis = 2.64, MValue = 2
-------------------- Histogram --------------------
[60.516 μs ; 63.018 μs) | @@@@@@@@@@@@@@
---------------------------------------------------

// * Summary *

BenchmarkDotNet v0.15.8, Linux Omarchy
Intel Core i9-14900K 0.80GHz, 1 CPU, 32 logical and 24 physical cores
.NET SDK 10.0.401
  [Host]     : .NET 10.0.12 (10.0.12, 10.0.1226.42308), X64 RyuJIT x86-64-v3
  Job-TZECNT : .NET 10.0.12 (10.0.12, 10.0.1226.42308), X64 RyuJIT x86-64-v3


| Method  | Job        | Toolchain              | IterationCount | IterationTime | WarmupCount | Shape                | Mean     | Error    | StdDev   | Median   | Allocated |
|-------- |----------- |----------------------- |--------------- |-------------- |------------ |--------------------- |---------:|---------:|---------:|---------:|----------:|
| Advance | Job-TZECNT | Default                | 16             | 200ms         | 8           | LaneUniform          | 19.23 μs | 1.441 μs | 1.415 μs | 18.33 μs |         - |
| Advance | InProcess  | InProcessEmitToolchain | Default        | Default       | Default     | LaneUniform          | 18.59 μs | 0.323 μs | 0.558 μs | 18.29 μs |         - |
| Advance | Job-TZECNT | Default                | 16             | 200ms         | 8           | PairOne              | 18.36 μs | 0.187 μs | 0.166 μs | 18.32 μs |         - |
| Advance | InProcess  | InProcessEmitToolchain | Default        | Default       | Default     | PairOne              | 18.15 μs | 0.191 μs | 0.159 μs | 18.07 μs |         - |
| Advance | Job-TZECNT | Default                | 16             | 200ms         | 8           | PairRuns8            | 20.11 μs | 0.267 μs | 0.223 μs | 20.04 μs |         - |
| Advance | InProcess  | InProcessEmitToolchain | Default        | Default       | Default     | PairRuns8            | 20.59 μs | 0.371 μs | 0.329 μs | 20.42 μs |         - |
| Advance | Job-TZECNT | Default                | 16             | 200ms         | 8           | PairAlternating8     | 84.14 μs | 0.640 μs | 0.629 μs | 83.91 μs |         - |
| Advance | InProcess  | InProcessEmitToolchain | Default        | Default       | Default     | PairAlternating8     | 80.96 μs | 1.596 μs | 2.018 μs | 80.45 μs |         - |
| Advance | Job-TZECNT | Default                | 16             | 200ms         | 8           | PairRuns8Waves       | 18.66 μs | 0.591 μs | 0.580 μs | 18.61 μs |         - |
| Advance | InProcess  | InProcessEmitToolchain | Default        | Default       | Default     | PairRuns8Waves       | 17.98 μs | 0.128 μs | 0.113 μs | 18.01 μs |         - |
| Advance | Job-TZECNT | Default                | 16             | 200ms         | 8           | PairBlocks8Waves     | 20.66 μs | 0.235 μs | 0.231 μs | 20.63 μs |         - |
| Advance | InProcess  | InProcessEmitToolchain | Default        | Default       | Default     | PairBlocks8Waves     | 20.43 μs | 0.156 μs | 0.146 μs | 20.43 μs |         - |
| Advance | Job-TZECNT | Default                | 16             | 200ms         | 8           | PairA(...)Waves [21] | 63.56 μs | 0.435 μs | 0.407 μs | 63.43 μs |         - |
| Advance | InProcess  | InProcessEmitToolchain | Default        | Default       | Default     | PairA(...)Waves [21] | 61.37 μs | 0.672 μs | 0.595 μs | 61.18 μs |         - |

// * Warnings *
MultimodalDistribution
  PairHandleBenchmarks.Advance: IterationCount=16, IterationTime=200ms, WarmupCount=8 -> It seems that the distribution can have several modes (mValue = 2.91)

// * Hints *
Outliers
  PairHandleBenchmarks.Advance: InProcess                                             -> 5 outliers were removed (20.87 μs..21.63 μs)
  PairHandleBenchmarks.Advance: IterationCount=16, IterationTime=200ms, WarmupCount=8 -> 2 outliers were removed (18.93 μs, 20.17 μs)
  PairHandleBenchmarks.Advance: InProcess                                             -> 2 outliers were removed (18.93 μs, 19.10 μs)
  PairHandleBenchmarks.Advance: IterationCount=16, IterationTime=200ms, WarmupCount=8 -> 3 outliers were removed (21.06 μs..23.64 μs)
  PairHandleBenchmarks.Advance: InProcess                                             -> 3 outliers were removed (22.27 μs..23.14 μs)
  PairHandleBenchmarks.Advance: InProcess                                             -> 1 outlier  was  removed, 2 outliers were detected (17.66 μs, 18.22 μs)
  PairHandleBenchmarks.Advance: IterationCount=16, IterationTime=200ms, WarmupCount=8 -> 1 outlier  was  removed (65.16 μs)
  PairHandleBenchmarks.Advance: InProcess                                             -> 1 outlier  was  removed (63.45 μs)

// * Legends *
  Shape     : Value of the 'Shape' parameter
  Mean      : Arithmetic mean of all measurements
  Error     : Half of 99.9% confidence interval
  StdDev    : Standard deviation of all measurements
  Median    : Value separating the higher half of all measurements (50th percentile)
  Allocated : Allocated memory per single operation (managed only, inclusive, 1KB = 1024B)
  1 μs      : 1 Microsecond (0.000001 sec)

// * Diagnostic Output - MemoryDiagnoser *


// ***** BenchmarkRunner: End *****
Run time: 00:03:02 (182.16 sec), executed benchmarks: 14

Global total time: 00:03:07 (187.23 sec), executed benchmarks: 14
// * Artifacts cleanup *
Artifacts cleanup is finished
