// Validating benchmarks:
// ***** BenchmarkRunner: Start   *****
// ***** Found 30 benchmark(s) in total *****
// ***** Building 1 exe(s) in Parallel: Start   *****
// start dotnet  restore --nodeReuse:false /p:UseSharedCompilation=false /p:Deterministic=true /p:Optimize=true /p:ArtifactsPath="/home/i/GitHub/tl-56-feat-data-authored-api/benchmarks/Alpha/bin/Release/net10.0/Alpha-Jit-1/" /p:OutDir="/home/i/GitHub/tl-56-feat-data-authored-api/benchmarks/Alpha/bin/Release/net10.0/Alpha-Jit-1/bin/Release/net10.0/" /p:OutputPath="/home/i/GitHub/tl-56-feat-data-authored-api/benchmarks/Alpha/bin/Release/net10.0/Alpha-Jit-1/bin/Release/net10.0/" /p:PublishDir="/home/i/GitHub/tl-56-feat-data-authored-api/benchmarks/Alpha/bin/Release/net10.0/Alpha-Jit-1/publish/" in /home/i/GitHub/tl-56-feat-data-authored-api/benchmarks/Alpha/bin/Release/net10.0/Alpha-Jit-1
// command took 0.8 sec and exited with 0
// start dotnet  build -c Release --no-restore --nodeReuse:false /p:UseSharedCompilation=false /p:Deterministic=true /p:Optimize=true /p:ArtifactsPath="/home/i/GitHub/tl-56-feat-data-authored-api/benchmarks/Alpha/bin/Release/net10.0/Alpha-Jit-1/" /p:OutDir="/home/i/GitHub/tl-56-feat-data-authored-api/benchmarks/Alpha/bin/Release/net10.0/Alpha-Jit-1/bin/Release/net10.0/" /p:OutputPath="/home/i/GitHub/tl-56-feat-data-authored-api/benchmarks/Alpha/bin/Release/net10.0/Alpha-Jit-1/bin/Release/net10.0/" /p:PublishDir="/home/i/GitHub/tl-56-feat-data-authored-api/benchmarks/Alpha/bin/Release/net10.0/Alpha-Jit-1/publish/" --output "/home/i/GitHub/tl-56-feat-data-authored-api/benchmarks/Alpha/bin/Release/net10.0/Alpha-Jit-1/bin/Release/net10.0/" in /home/i/GitHub/tl-56-feat-data-authored-api/benchmarks/Alpha/bin/Release/net10.0/Alpha-Jit-1
// command took 7.2 sec and exited with 0
// ***** Done, took 00:00:08 (8.04 sec)   *****
// Found 30 benchmarks:
//   DataAuthoredQueryBenchmarks.DirectShape: Jit(IterationCount=12, IterationTime=250ms, WarmupCount=16) [Shape=OneTrack, Pattern=Forward]
//   DataAuthoredQueryBenchmarks.GeneratedShape: Jit(IterationCount=12, IterationTime=250ms, WarmupCount=16) [Shape=OneTrack, Pattern=Forward]
//   DataAuthoredQueryBenchmarks.DataAuthoredFacade: Jit(IterationCount=12, IterationTime=250ms, WarmupCount=16) [Shape=OneTrack, Pattern=Forward]
//   DataAuthoredQueryBenchmarks.DirectShape: Jit(IterationCount=12, IterationTime=250ms, WarmupCount=16) [Shape=OneTrack, Pattern=Alternating]
//   DataAuthoredQueryBenchmarks.GeneratedShape: Jit(IterationCount=12, IterationTime=250ms, WarmupCount=16) [Shape=OneTrack, Pattern=Alternating]
//   DataAuthoredQueryBenchmarks.DataAuthoredFacade: Jit(IterationCount=12, IterationTime=250ms, WarmupCount=16) [Shape=OneTrack, Pattern=Alternating]
//   DataAuthoredQueryBenchmarks.DirectShape: Jit(IterationCount=12, IterationTime=250ms, WarmupCount=16) [Shape=ThreeTracks, Pattern=Forward]
//   DataAuthoredQueryBenchmarks.GeneratedShape: Jit(IterationCount=12, IterationTime=250ms, WarmupCount=16) [Shape=ThreeTracks, Pattern=Forward]
//   DataAuthoredQueryBenchmarks.DataAuthoredFacade: Jit(IterationCount=12, IterationTime=250ms, WarmupCount=16) [Shape=ThreeTracks, Pattern=Forward]
//   DataAuthoredQueryBenchmarks.DirectShape: Jit(IterationCount=12, IterationTime=250ms, WarmupCount=16) [Shape=ThreeTracks, Pattern=Alternating]
//   DataAuthoredQueryBenchmarks.GeneratedShape: Jit(IterationCount=12, IterationTime=250ms, WarmupCount=16) [Shape=ThreeTracks, Pattern=Alternating]
//   DataAuthoredQueryBenchmarks.DataAuthoredFacade: Jit(IterationCount=12, IterationTime=250ms, WarmupCount=16) [Shape=ThreeTracks, Pattern=Alternating]
//   DataAuthoredQueryBenchmarks.DirectShape: Jit(IterationCount=12, IterationTime=250ms, WarmupCount=16) [Shape=SixteenTracks, Pattern=Forward]
//   DataAuthoredQueryBenchmarks.GeneratedShape: Jit(IterationCount=12, IterationTime=250ms, WarmupCount=16) [Shape=SixteenTracks, Pattern=Forward]
//   DataAuthoredQueryBenchmarks.DataAuthoredFacade: Jit(IterationCount=12, IterationTime=250ms, WarmupCount=16) [Shape=SixteenTracks, Pattern=Forward]
//   DataAuthoredQueryBenchmarks.DirectShape: Jit(IterationCount=12, IterationTime=250ms, WarmupCount=16) [Shape=SixteenTracks, Pattern=Alternating]
//   DataAuthoredQueryBenchmarks.GeneratedShape: Jit(IterationCount=12, IterationTime=250ms, WarmupCount=16) [Shape=SixteenTracks, Pattern=Alternating]
//   DataAuthoredQueryBenchmarks.DataAuthoredFacade: Jit(IterationCount=12, IterationTime=250ms, WarmupCount=16) [Shape=SixteenTracks, Pattern=Alternating]
//   DataAuthoredQueryBenchmarks.DirectShape: Jit(IterationCount=12, IterationTime=250ms, WarmupCount=16) [Shape=TwoHundredFiftySixTracks, Pattern=Forward]
//   DataAuthoredQueryBenchmarks.GeneratedShape: Jit(IterationCount=12, IterationTime=250ms, WarmupCount=16) [Shape=TwoHundredFiftySixTracks, Pattern=Forward]
//   DataAuthoredQueryBenchmarks.DataAuthoredFacade: Jit(IterationCount=12, IterationTime=250ms, WarmupCount=16) [Shape=TwoHundredFiftySixTracks, Pattern=Forward]
//   DataAuthoredQueryBenchmarks.DirectShape: Jit(IterationCount=12, IterationTime=250ms, WarmupCount=16) [Shape=TwoHundredFiftySixTracks, Pattern=Alternating]
//   DataAuthoredQueryBenchmarks.GeneratedShape: Jit(IterationCount=12, IterationTime=250ms, WarmupCount=16) [Shape=TwoHundredFiftySixTracks, Pattern=Alternating]
//   DataAuthoredQueryBenchmarks.DataAuthoredFacade: Jit(IterationCount=12, IterationTime=250ms, WarmupCount=16) [Shape=TwoHundredFiftySixTracks, Pattern=Alternating]
//   DataAuthoredQueryBenchmarks.DirectShape: Jit(IterationCount=12, IterationTime=250ms, WarmupCount=16) [Shape=Blend, Pattern=Forward]
//   DataAuthoredQueryBenchmarks.GeneratedShape: Jit(IterationCount=12, IterationTime=250ms, WarmupCount=16) [Shape=Blend, Pattern=Forward]
//   DataAuthoredQueryBenchmarks.DataAuthoredFacade: Jit(IterationCount=12, IterationTime=250ms, WarmupCount=16) [Shape=Blend, Pattern=Forward]
//   DataAuthoredQueryBenchmarks.DirectShape: Jit(IterationCount=12, IterationTime=250ms, WarmupCount=16) [Shape=Blend, Pattern=Alternating]
//   DataAuthoredQueryBenchmarks.GeneratedShape: Jit(IterationCount=12, IterationTime=250ms, WarmupCount=16) [Shape=Blend, Pattern=Alternating]
//   DataAuthoredQueryBenchmarks.DataAuthoredFacade: Jit(IterationCount=12, IterationTime=250ms, WarmupCount=16) [Shape=Blend, Pattern=Alternating]

// **************************
// Benchmark: DataAuthoredQueryBenchmarks.DirectShape: Jit(IterationCount=12, IterationTime=250ms, WarmupCount=16) [Shape=OneTrack, Pattern=Forward]
// *** Execute ***
// Launch: 1 / 1
// Execute: dotnet Alpha-Jit-1.dll --anonymousPipes 157 158 --benchmarkName "DataAuthoredQueryBenchmarks.DirectShape(Shape: OneTrack, Pattern: Forward)" --job Jit --benchmarkId 0 in /home/i/GitHub/tl-56-feat-data-authored-api/benchmarks/Alpha/bin/Release/net10.0/Alpha-Jit-1/bin/Release/net10.0
// Failed to set up high priority (Permission denied). In order to run benchmarks with high priority, make sure you have the right permissions.
// BeforeAnythingElse

// Benchmark Process Environment Information:
// BenchmarkDotNet v0.15.8
// Runtime=.NET 10.0.12 (10.0.12, 10.0.1226.42308), X64 RyuJIT x86-64-v3
// GC=Concurrent Workstation
// HardwareIntrinsics=AVX2+BMI1+BMI2+F16C+FMA+LZCNT+MOVBE,AVX,SSE3+SSSE3+SSE4.1+SSE4.2+POPCNT,X86Base+SSE+SSE2,AES+PCLMUL,AvxVnni,SERIALIZE VectorSize=256
// Job: Jit(IterationCount=12, IterationTime=250ms, WarmupCount=16)

OverheadJitting  1: 4096 op, 103933.00 ns, 25.3743 ns/op
WorkloadJitting  1: 4096 op, 1217334.00 ns, 297.2007 ns/op

OverheadJitting  2: 65536 op, 127802.00 ns, 1.9501 ns/op
WorkloadJitting  2: 65536 op, 352177.00 ns, 5.3738 ns/op

WorkloadPilot    1: 65536 op, 350139.00 ns, 5.3427 ns/op
WorkloadPilot    2: 46792704 op, 118493424.00 ns, 2.5323 ns/op
WorkloadPilot    3: 98762752 op, 252646568.00 ns, 2.5581 ns/op
WorkloadPilot    4: 97779712 op, 247762981.00 ns, 2.5339 ns/op
WorkloadPilot    5: 98697216 op, 250714372.00 ns, 2.5402 ns/op
WorkloadPilot    6: 98435072 op, 250650036.00 ns, 2.5463 ns/op

OverheadWarmup   1: 98435072 op, 33190.00 ns, 0.0003 ns/op
OverheadWarmup   2: 98435072 op, 32726.00 ns, 0.0003 ns/op
OverheadWarmup   3: 98435072 op, 32598.00 ns, 0.0003 ns/op
OverheadWarmup   4: 98435072 op, 33186.00 ns, 0.0003 ns/op
OverheadWarmup   5: 98435072 op, 32668.00 ns, 0.0003 ns/op
OverheadWarmup   6: 98435072 op, 32587.00 ns, 0.0003 ns/op
OverheadWarmup   7: 98435072 op, 32008.00 ns, 0.0003 ns/op
OverheadWarmup   8: 98435072 op, 31998.00 ns, 0.0003 ns/op
OverheadWarmup   9: 98435072 op, 32021.00 ns, 0.0003 ns/op
OverheadWarmup  10: 98435072 op, 32283.00 ns, 0.0003 ns/op

OverheadActual   1: 98435072 op, 33881.00 ns, 0.0003 ns/op
OverheadActual   2: 98435072 op, 32209.00 ns, 0.0003 ns/op
OverheadActual   3: 98435072 op, 32965.00 ns, 0.0003 ns/op
OverheadActual   4: 98435072 op, 32179.00 ns, 0.0003 ns/op
OverheadActual   5: 98435072 op, 32815.00 ns, 0.0003 ns/op
OverheadActual   6: 98435072 op, 32117.00 ns, 0.0003 ns/op
OverheadActual   7: 98435072 op, 32610.00 ns, 0.0003 ns/op
OverheadActual   8: 98435072 op, 32569.00 ns, 0.0003 ns/op
OverheadActual   9: 98435072 op, 32587.00 ns, 0.0003 ns/op
OverheadActual  10: 98435072 op, 32580.00 ns, 0.0003 ns/op
OverheadActual  11: 98435072 op, 32609.00 ns, 0.0003 ns/op
OverheadActual  12: 98435072 op, 32572.00 ns, 0.0003 ns/op
OverheadActual  13: 98435072 op, 32627.00 ns, 0.0003 ns/op
OverheadActual  14: 98435072 op, 32603.00 ns, 0.0003 ns/op
OverheadActual  15: 98435072 op, 34632.00 ns, 0.0004 ns/op

WorkloadWarmup   1: 98435072 op, 252281557.00 ns, 2.5629 ns/op
WorkloadWarmup   2: 98435072 op, 249951234.00 ns, 2.5392 ns/op
WorkloadWarmup   3: 98435072 op, 250909445.00 ns, 2.5490 ns/op
WorkloadWarmup   4: 98435072 op, 324131053.00 ns, 3.2928 ns/op
WorkloadWarmup   5: 98435072 op, 251352835.00 ns, 2.5535 ns/op
WorkloadWarmup   6: 98435072 op, 250242011.00 ns, 2.5422 ns/op
WorkloadWarmup   7: 98435072 op, 237910681.00 ns, 2.4169 ns/op
WorkloadWarmup   8: 98435072 op, 138203206.00 ns, 1.4040 ns/op
WorkloadWarmup   9: 98435072 op, 138658424.00 ns, 1.4086 ns/op
WorkloadWarmup  10: 98435072 op, 138469225.00 ns, 1.4067 ns/op
WorkloadWarmup  11: 98435072 op, 139636712.00 ns, 1.4186 ns/op
WorkloadWarmup  12: 98435072 op, 138517534.00 ns, 1.4072 ns/op
WorkloadWarmup  13: 98435072 op, 194264557.00 ns, 1.9735 ns/op
WorkloadWarmup  14: 98435072 op, 145093329.00 ns, 1.4740 ns/op
WorkloadWarmup  15: 98435072 op, 136638496.00 ns, 1.3881 ns/op
WorkloadWarmup  16: 98435072 op, 136241574.00 ns, 1.3841 ns/op

// BeforeActualRun
WorkloadActual   1: 98435072 op, 139268612.00 ns, 1.4148 ns/op
WorkloadActual   2: 98435072 op, 136964488.00 ns, 1.3914 ns/op
WorkloadActual   3: 98435072 op, 138387534.00 ns, 1.4059 ns/op
WorkloadActual   4: 98435072 op, 137142276.00 ns, 1.3932 ns/op
WorkloadActual   5: 98435072 op, 137718040.00 ns, 1.3991 ns/op
WorkloadActual   6: 98435072 op, 137333064.00 ns, 1.3952 ns/op
WorkloadActual   7: 98435072 op, 136409311.00 ns, 1.3858 ns/op
WorkloadActual   8: 98435072 op, 135958061.00 ns, 1.3812 ns/op
WorkloadActual   9: 98435072 op, 138070360.00 ns, 1.4027 ns/op
WorkloadActual  10: 98435072 op, 137015790.00 ns, 1.3919 ns/op
WorkloadActual  11: 98435072 op, 138377925.00 ns, 1.4058 ns/op
WorkloadActual  12: 98435072 op, 138792009.00 ns, 1.4100 ns/op

// AfterActualRun
WorkloadResult   1: 98435072 op, 139236009.00 ns, 1.4145 ns/op
WorkloadResult   2: 98435072 op, 136931885.00 ns, 1.3911 ns/op
WorkloadResult   3: 98435072 op, 138354931.00 ns, 1.4055 ns/op
WorkloadResult   4: 98435072 op, 137109673.00 ns, 1.3929 ns/op
WorkloadResult   5: 98435072 op, 137685437.00 ns, 1.3987 ns/op
WorkloadResult   6: 98435072 op, 137300461.00 ns, 1.3948 ns/op
WorkloadResult   7: 98435072 op, 136376708.00 ns, 1.3854 ns/op
WorkloadResult   8: 98435072 op, 135925458.00 ns, 1.3809 ns/op
WorkloadResult   9: 98435072 op, 138037757.00 ns, 1.4023 ns/op
WorkloadResult  10: 98435072 op, 136983187.00 ns, 1.3916 ns/op
WorkloadResult  11: 98435072 op, 138345322.00 ns, 1.4054 ns/op
WorkloadResult  12: 98435072 op, 138759406.00 ns, 1.4097 ns/op
// GC:  0 0 0 0 98435072
// Threading:  0 0 98435072

// AfterAll
// Benchmark Process 2286330 has exited with code 0.

Mean = 1.398 ns, StdErr = 0.003 ns (0.21%), N = 12, StdDev = 0.010 ns
Min = 1.381 ns, Q1 = 1.391 ns, Median = 1.397 ns, Q3 = 1.405 ns, Max = 1.414 ns
IQR = 0.014 ns, LowerFence = 1.370 ns, UpperFence = 1.426 ns
ConfidenceInterval = [1.385 ns; 1.411 ns] (CI 99.9%), Margin = 0.013 ns (0.92% of Mean)
Skewness = 0.01, Kurtosis = 1.74, MValue = 2

// ** Remained 29 (96.7%) benchmark(s) to run. Estimated finish 2026-09-12 10:46 (0h 3m from now) **
// **************************
// Benchmark: DataAuthoredQueryBenchmarks.GeneratedShape: Jit(IterationCount=12, IterationTime=250ms, WarmupCount=16) [Shape=OneTrack, Pattern=Forward]
// *** Execute ***
// Launch: 1 / 1
// Execute: dotnet Alpha-Jit-1.dll --anonymousPipes 157 158 --benchmarkName "DataAuthoredQueryBenchmarks.GeneratedShape(Shape: OneTrack, Pattern: Forward)" --job Jit --benchmarkId 1 in /home/i/GitHub/tl-56-feat-data-authored-api/benchmarks/Alpha/bin/Release/net10.0/Alpha-Jit-1/bin/Release/net10.0
// Failed to set up high priority (Permission denied). In order to run benchmarks with high priority, make sure you have the right permissions.
// BeforeAnythingElse

// Benchmark Process Environment Information:
// BenchmarkDotNet v0.15.8
// Runtime=.NET 10.0.12 (10.0.12, 10.0.1226.42308), X64 RyuJIT x86-64-v3
// GC=Concurrent Workstation
// HardwareIntrinsics=AVX2+BMI1+BMI2+F16C+FMA+LZCNT+MOVBE,AVX,SSE3+SSSE3+SSE4.1+SSE4.2+POPCNT,X86Base+SSE+SSE2,AES+PCLMUL,AvxVnni,SERIALIZE VectorSize=256
// Job: Jit(IterationCount=12, IterationTime=250ms, WarmupCount=16)

OverheadJitting  1: 4096 op, 106495.00 ns, 25.9998 ns/op
WorkloadJitting  1: 4096 op, 240545.00 ns, 58.7268 ns/op

OverheadJitting  2: 65536 op, 124496.00 ns, 1.8997 ns/op
WorkloadJitting  2: 65536 op, 1302115.00 ns, 19.8687 ns/op

WorkloadPilot    1: 65536 op, 750378.00 ns, 11.4499 ns/op
WorkloadPilot    2: 21889024 op, 234072109.00 ns, 10.6936 ns/op
WorkloadPilot    3: 23396352 op, 246384222.00 ns, 10.5309 ns/op
WorkloadPilot    4: 23789568 op, 247846244.00 ns, 10.4183 ns/op
WorkloadPilot    5: 24051712 op, 251634299.00 ns, 10.4622 ns/op
WorkloadPilot    6: 23920640 op, 251365812.00 ns, 10.5083 ns/op
WorkloadPilot    7: 23789568 op, 250464019.00 ns, 10.5283 ns/op

OverheadWarmup   1: 23789568 op, 8198.00 ns, 0.0003 ns/op
OverheadWarmup   2: 23789568 op, 7983.00 ns, 0.0003 ns/op
OverheadWarmup   3: 23789568 op, 7787.00 ns, 0.0003 ns/op
OverheadWarmup   4: 23789568 op, 7930.00 ns, 0.0003 ns/op
OverheadWarmup   5: 23789568 op, 7824.00 ns, 0.0003 ns/op
OverheadWarmup   6: 23789568 op, 7779.00 ns, 0.0003 ns/op
OverheadWarmup   7: 23789568 op, 7800.00 ns, 0.0003 ns/op
OverheadWarmup   8: 23789568 op, 7913.00 ns, 0.0003 ns/op
OverheadWarmup   9: 23789568 op, 7965.00 ns, 0.0003 ns/op
OverheadWarmup  10: 23789568 op, 7971.00 ns, 0.0003 ns/op

OverheadActual   1: 23789568 op, 8069.00 ns, 0.0003 ns/op
OverheadActual   2: 23789568 op, 7982.00 ns, 0.0003 ns/op
OverheadActual   3: 23789568 op, 7995.00 ns, 0.0003 ns/op
OverheadActual   4: 23789568 op, 7866.00 ns, 0.0003 ns/op
OverheadActual   5: 23789568 op, 7949.00 ns, 0.0003 ns/op
OverheadActual   6: 23789568 op, 7813.00 ns, 0.0003 ns/op
OverheadActual   7: 23789568 op, 7809.00 ns, 0.0003 ns/op
OverheadActual   8: 23789568 op, 7796.00 ns, 0.0003 ns/op
OverheadActual   9: 23789568 op, 7776.00 ns, 0.0003 ns/op
OverheadActual  10: 23789568 op, 7972.00 ns, 0.0003 ns/op
OverheadActual  11: 23789568 op, 7948.00 ns, 0.0003 ns/op
OverheadActual  12: 23789568 op, 10709.00 ns, 0.0005 ns/op
OverheadActual  13: 23789568 op, 8606.00 ns, 0.0004 ns/op
OverheadActual  14: 23789568 op, 8407.00 ns, 0.0004 ns/op
OverheadActual  15: 23789568 op, 8197.00 ns, 0.0003 ns/op

WorkloadWarmup   1: 23789568 op, 250404602.00 ns, 10.5258 ns/op
WorkloadWarmup   2: 23789568 op, 295387503.00 ns, 12.4167 ns/op
WorkloadWarmup   3: 23789568 op, 254635873.00 ns, 10.7037 ns/op
WorkloadWarmup   4: 23789568 op, 250990305.00 ns, 10.5504 ns/op
WorkloadWarmup   5: 23789568 op, 252885049.00 ns, 10.6301 ns/op
WorkloadWarmup   6: 23789568 op, 160846792.00 ns, 6.7612 ns/op
WorkloadWarmup   7: 23789568 op, 44599309.00 ns, 1.8747 ns/op
WorkloadWarmup   8: 23789568 op, 46097157.00 ns, 1.9377 ns/op
WorkloadWarmup   9: 23789568 op, 44861720.00 ns, 1.8858 ns/op
WorkloadWarmup  10: 23789568 op, 46919806.00 ns, 1.9723 ns/op
WorkloadWarmup  11: 23789568 op, 45896854.00 ns, 1.9293 ns/op
WorkloadWarmup  12: 23789568 op, 44378113.00 ns, 1.8654 ns/op
WorkloadWarmup  13: 23789568 op, 45630036.00 ns, 1.9181 ns/op
WorkloadWarmup  14: 23789568 op, 49189212.00 ns, 2.0677 ns/op
WorkloadWarmup  15: 23789568 op, 44530006.00 ns, 1.8718 ns/op
WorkloadWarmup  16: 23789568 op, 44985862.00 ns, 1.8910 ns/op

// BeforeActualRun
WorkloadActual   1: 23789568 op, 45003695.00 ns, 1.8917 ns/op
WorkloadActual   2: 23789568 op, 44036384.00 ns, 1.8511 ns/op
WorkloadActual   3: 23789568 op, 44913899.00 ns, 1.8880 ns/op
WorkloadActual   4: 23789568 op, 45191158.00 ns, 1.8996 ns/op
WorkloadActual   5: 23789568 op, 46452641.00 ns, 1.9526 ns/op
WorkloadActual   6: 23789568 op, 44860278.00 ns, 1.8857 ns/op
WorkloadActual   7: 23789568 op, 45063213.00 ns, 1.8942 ns/op
WorkloadActual   8: 23789568 op, 44813841.00 ns, 1.8838 ns/op
WorkloadActual   9: 23789568 op, 45019558.00 ns, 1.8924 ns/op
WorkloadActual  10: 23789568 op, 42947529.00 ns, 1.8053 ns/op
WorkloadActual  11: 23789568 op, 45274452.00 ns, 1.9031 ns/op
WorkloadActual  12: 23789568 op, 45092679.00 ns, 1.8955 ns/op

// AfterActualRun
WorkloadResult   1: 23789568 op, 44995723.00 ns, 1.8914 ns/op
WorkloadResult   2: 23789568 op, 44028412.00 ns, 1.8507 ns/op
WorkloadResult   3: 23789568 op, 44905927.00 ns, 1.8876 ns/op
WorkloadResult   4: 23789568 op, 45183186.00 ns, 1.8993 ns/op
WorkloadResult   5: 23789568 op, 44852306.00 ns, 1.8854 ns/op
WorkloadResult   6: 23789568 op, 45055241.00 ns, 1.8939 ns/op
WorkloadResult   7: 23789568 op, 44805869.00 ns, 1.8834 ns/op
WorkloadResult   8: 23789568 op, 45011586.00 ns, 1.8921 ns/op
WorkloadResult   9: 23789568 op, 42939557.00 ns, 1.8050 ns/op
WorkloadResult  10: 23789568 op, 45266480.00 ns, 1.9028 ns/op
WorkloadResult  11: 23789568 op, 45084707.00 ns, 1.8951 ns/op
// GC:  0 0 0 0 23789568
// Threading:  0 0 23789568

// AfterAll
// Benchmark Process 2292947 has exited with code 0.

Mean = 1.881 ns, StdErr = 0.009 ns (0.46%), N = 11, StdDev = 0.029 ns
Min = 1.805 ns, Q1 = 1.884 ns, Median = 1.891 ns, Q3 = 1.895 ns, Max = 1.903 ns
IQR = 0.010 ns, LowerFence = 1.869 ns, UpperFence = 1.910 ns
ConfidenceInterval = [1.841 ns; 1.920 ns] (CI 99.9%), Margin = 0.040 ns (2.10% of Mean)
Skewness = -1.69, Kurtosis = 4.63, MValue = 2

// ** Remained 28 (93.3%) benchmark(s) to run. Estimated finish 2026-09-12 10:45 (0h 2m from now) **
// **************************
// Benchmark: DataAuthoredQueryBenchmarks.DataAuthoredFacade: Jit(IterationCount=12, IterationTime=250ms, WarmupCount=16) [Shape=OneTrack, Pattern=Forward]
// *** Execute ***
// Launch: 1 / 1
// Execute: dotnet Alpha-Jit-1.dll --anonymousPipes 157 158 --benchmarkName "DataAuthoredQueryBenchmarks.DataAuthoredFacade(Shape: OneTrack, Pattern: Forward)" --job Jit --benchmarkId 2 in /home/i/GitHub/tl-56-feat-data-authored-api/benchmarks/Alpha/bin/Release/net10.0/Alpha-Jit-1/bin/Release/net10.0
// Failed to set up high priority (Permission denied). In order to run benchmarks with high priority, make sure you have the right permissions.
// BeforeAnythingElse

// Benchmark Process Environment Information:
// BenchmarkDotNet v0.15.8
// Runtime=.NET 10.0.12 (10.0.12, 10.0.1226.42308), X64 RyuJIT x86-64-v3
// GC=Concurrent Workstation
// HardwareIntrinsics=AVX2+BMI1+BMI2+F16C+FMA+LZCNT+MOVBE,AVX,SSE3+SSSE3+SSE4.1+SSE4.2+POPCNT,X86Base+SSE+SSE2,AES+PCLMUL,AvxVnni,SERIALIZE VectorSize=256
// Job: Jit(IterationCount=12, IterationTime=250ms, WarmupCount=16)

OverheadJitting  1: 4096 op, 127425.00 ns, 31.1096 ns/op
WorkloadJitting  1: 4096 op, 266696.00 ns, 65.1113 ns/op

OverheadJitting  2: 65536 op, 129712.00 ns, 1.9792 ns/op
WorkloadJitting  2: 65536 op, 3121081.00 ns, 47.6239 ns/op

WorkloadPilot    1: 65536 op, 2383042.00 ns, 36.3623 ns/op
WorkloadPilot    2: 6881280 op, 197401181.00 ns, 28.6867 ns/op
WorkloadPilot    3: 8716288 op, 248779677.00 ns, 28.5419 ns/op
WorkloadPilot    4: 8781824 op, 250937879.00 ns, 28.5747 ns/op

OverheadWarmup   1: 8781824 op, 3524.00 ns, 0.0004 ns/op
OverheadWarmup   2: 8781824 op, 3130.00 ns, 0.0004 ns/op
OverheadWarmup   3: 8781824 op, 3036.00 ns, 0.0003 ns/op
OverheadWarmup   4: 8781824 op, 3027.00 ns, 0.0003 ns/op
OverheadWarmup   5: 8781824 op, 3083.00 ns, 0.0004 ns/op
OverheadWarmup   6: 8781824 op, 3022.00 ns, 0.0003 ns/op
OverheadWarmup   7: 8781824 op, 3080.00 ns, 0.0004 ns/op
OverheadWarmup   8: 8781824 op, 2998.00 ns, 0.0003 ns/op

OverheadActual   1: 8781824 op, 5472.00 ns, 0.0006 ns/op
OverheadActual   2: 8781824 op, 3369.00 ns, 0.0004 ns/op
OverheadActual   3: 8781824 op, 3347.00 ns, 0.0004 ns/op
OverheadActual   4: 8781824 op, 3113.00 ns, 0.0004 ns/op
OverheadActual   5: 8781824 op, 3302.00 ns, 0.0004 ns/op
OverheadActual   6: 8781824 op, 3006.00 ns, 0.0003 ns/op
OverheadActual   7: 8781824 op, 3010.00 ns, 0.0003 ns/op
OverheadActual   8: 8781824 op, 3277.00 ns, 0.0004 ns/op
OverheadActual   9: 8781824 op, 2974.00 ns, 0.0003 ns/op
OverheadActual  10: 8781824 op, 3332.00 ns, 0.0004 ns/op
OverheadActual  11: 8781824 op, 3389.00 ns, 0.0004 ns/op
OverheadActual  12: 8781824 op, 3034.00 ns, 0.0003 ns/op
OverheadActual  13: 8781824 op, 3037.00 ns, 0.0003 ns/op
OverheadActual  14: 8781824 op, 3220.00 ns, 0.0004 ns/op
OverheadActual  15: 8781824 op, 6330.00 ns, 0.0007 ns/op
OverheadActual  16: 8781824 op, 3044.00 ns, 0.0003 ns/op
OverheadActual  17: 8781824 op, 3073.00 ns, 0.0003 ns/op
OverheadActual  18: 8781824 op, 3603.00 ns, 0.0004 ns/op
OverheadActual  19: 8781824 op, 3644.00 ns, 0.0004 ns/op
OverheadActual  20: 8781824 op, 3154.00 ns, 0.0004 ns/op

WorkloadWarmup   1: 8781824 op, 251087116.00 ns, 28.5917 ns/op
WorkloadWarmup   2: 8781824 op, 252506532.00 ns, 28.7533 ns/op
WorkloadWarmup   3: 8781824 op, 251588975.00 ns, 28.6488 ns/op
WorkloadWarmup   4: 8781824 op, 252798727.00 ns, 28.7866 ns/op
WorkloadWarmup   5: 8781824 op, 259173987.00 ns, 29.5125 ns/op
WorkloadWarmup   6: 8781824 op, 134352293.00 ns, 15.2989 ns/op
WorkloadWarmup   7: 8781824 op, 119571223.00 ns, 13.6158 ns/op
WorkloadWarmup   8: 8781824 op, 119266161.00 ns, 13.5810 ns/op
WorkloadWarmup   9: 8781824 op, 119230801.00 ns, 13.5770 ns/op
WorkloadWarmup  10: 8781824 op, 119135548.00 ns, 13.5662 ns/op
WorkloadWarmup  11: 8781824 op, 118009758.00 ns, 13.4380 ns/op
WorkloadWarmup  12: 8781824 op, 118897206.00 ns, 13.5390 ns/op
WorkloadWarmup  13: 8781824 op, 122422644.00 ns, 13.9405 ns/op
WorkloadWarmup  14: 8781824 op, 129385158.00 ns, 14.7333 ns/op
WorkloadWarmup  15: 8781824 op, 119088243.00 ns, 13.5608 ns/op
WorkloadWarmup  16: 8781824 op, 119178823.00 ns, 13.5711 ns/op

// BeforeActualRun
WorkloadActual   1: 8781824 op, 118425005.00 ns, 13.4852 ns/op
WorkloadActual   2: 8781824 op, 118883104.00 ns, 13.5374 ns/op
WorkloadActual   3: 8781824 op, 118936822.00 ns, 13.5435 ns/op
WorkloadActual   4: 8781824 op, 118597435.00 ns, 13.5049 ns/op
WorkloadActual   5: 8781824 op, 118280746.00 ns, 13.4688 ns/op
WorkloadActual   6: 8781824 op, 118854653.00 ns, 13.5342 ns/op
WorkloadActual   7: 8781824 op, 119164086.00 ns, 13.5694 ns/op
WorkloadActual   8: 8781824 op, 118828567.00 ns, 13.5312 ns/op
WorkloadActual   9: 8781824 op, 119096605.00 ns, 13.5617 ns/op
WorkloadActual  10: 8781824 op, 119200558.00 ns, 13.5736 ns/op
WorkloadActual  11: 8781824 op, 117979897.00 ns, 13.4346 ns/op
WorkloadActual  12: 8781824 op, 118621864.00 ns, 13.5077 ns/op

// AfterActualRun
WorkloadResult   1: 8781824 op, 118421756.50 ns, 13.4849 ns/op
WorkloadResult   2: 8781824 op, 118879855.50 ns, 13.5370 ns/op
WorkloadResult   3: 8781824 op, 118933573.50 ns, 13.5432 ns/op
WorkloadResult   4: 8781824 op, 118594186.50 ns, 13.5045 ns/op
WorkloadResult   5: 8781824 op, 118277497.50 ns, 13.4684 ns/op
WorkloadResult   6: 8781824 op, 118851404.50 ns, 13.5338 ns/op
WorkloadResult   7: 8781824 op, 119160837.50 ns, 13.5690 ns/op
WorkloadResult   8: 8781824 op, 118825318.50 ns, 13.5308 ns/op
WorkloadResult   9: 8781824 op, 119093356.50 ns, 13.5613 ns/op
WorkloadResult  10: 8781824 op, 119197309.50 ns, 13.5732 ns/op
WorkloadResult  11: 8781824 op, 117976648.50 ns, 13.4342 ns/op
WorkloadResult  12: 8781824 op, 118618615.50 ns, 13.5073 ns/op
// GC:  0 0 0 0 8781824
// Threading:  0 0 8781824

// AfterAll
// Benchmark Process 2297270 has exited with code 0.

Mean = 13.521 ns, StdErr = 0.012 ns (0.09%), N = 12, StdDev = 0.042 ns
Min = 13.434 ns, Q1 = 13.500 ns, Median = 13.532 ns, Q3 = 13.548 ns, Max = 13.573 ns
IQR = 0.048 ns, LowerFence = 13.427 ns, UpperFence = 13.620 ns
ConfidenceInterval = [13.466 ns; 13.575 ns] (CI 99.9%), Margin = 0.054 ns (0.40% of Mean)
Skewness = -0.54, Kurtosis = 2.1, MValue = 2

// ** Remained 27 (90.0%) benchmark(s) to run. Estimated finish 2026-09-12 10:45 (0h 2m from now) **
// **************************
// Benchmark: DataAuthoredQueryBenchmarks.DirectShape: Jit(IterationCount=12, IterationTime=250ms, WarmupCount=16) [Shape=OneTrack, Pattern=Alternating]
// *** Execute ***
// Launch: 1 / 1
// Execute: dotnet Alpha-Jit-1.dll --anonymousPipes 157 158 --benchmarkName "DataAuthoredQueryBenchmarks.DirectShape(Shape: OneTrack, Pattern: Alternating)" --job Jit --benchmarkId 3 in /home/i/GitHub/tl-56-feat-data-authored-api/benchmarks/Alpha/bin/Release/net10.0/Alpha-Jit-1/bin/Release/net10.0
// Failed to set up high priority (Permission denied). In order to run benchmarks with high priority, make sure you have the right permissions.
// BeforeAnythingElse

// Benchmark Process Environment Information:
// BenchmarkDotNet v0.15.8
// Runtime=.NET 10.0.12 (10.0.12, 10.0.1226.42308), X64 RyuJIT x86-64-v3
// GC=Concurrent Workstation
// HardwareIntrinsics=AVX2+BMI1+BMI2+F16C+FMA+LZCNT+MOVBE,AVX,SSE3+SSSE3+SSE4.1+SSE4.2+POPCNT,X86Base+SSE+SSE2,AES+PCLMUL,AvxVnni,SERIALIZE VectorSize=256
// Job: Jit(IterationCount=12, IterationTime=250ms, WarmupCount=16)

OverheadJitting  1: 4096 op, 106319.00 ns, 25.9568 ns/op
WorkloadJitting  1: 4096 op, 1081387.00 ns, 264.0105 ns/op

OverheadJitting  2: 65536 op, 136530.00 ns, 2.0833 ns/op
WorkloadJitting  2: 65536 op, 378630.00 ns, 5.7774 ns/op

WorkloadPilot    1: 65536 op, 213914.00 ns, 3.2641 ns/op
WorkloadPilot    2: 76611584 op, 217936558.00 ns, 2.8447 ns/op
WorkloadPilot    3: 87883776 op, 248052031.00 ns, 2.8225 ns/op
WorkloadPilot    4: 88604672 op, 248610817.00 ns, 2.8058 ns/op
WorkloadPilot    5: 89128960 op, 250927836.00 ns, 2.8153 ns/op
WorkloadPilot    6: 88801280 op, 251685505.00 ns, 2.8343 ns/op
WorkloadPilot    7: 88211456 op, 248303610.00 ns, 2.8149 ns/op
WorkloadPilot    8: 88866816 op, 251386201.00 ns, 2.8288 ns/op

OverheadWarmup   1: 88866816 op, 34753.00 ns, 0.0004 ns/op
OverheadWarmup   2: 88866816 op, 34103.00 ns, 0.0004 ns/op
OverheadWarmup   3: 88866816 op, 34064.00 ns, 0.0004 ns/op
OverheadWarmup   4: 88866816 op, 34067.00 ns, 0.0004 ns/op
OverheadWarmup   5: 88866816 op, 34070.00 ns, 0.0004 ns/op
OverheadWarmup   6: 88866816 op, 34055.00 ns, 0.0004 ns/op
OverheadWarmup   7: 88866816 op, 34093.00 ns, 0.0004 ns/op
OverheadWarmup   8: 88866816 op, 34034.00 ns, 0.0004 ns/op

OverheadActual   1: 88866816 op, 33974.00 ns, 0.0004 ns/op
OverheadActual   2: 88866816 op, 33834.00 ns, 0.0004 ns/op
OverheadActual   3: 88866816 op, 33651.00 ns, 0.0004 ns/op
OverheadActual   4: 88866816 op, 36686.00 ns, 0.0004 ns/op
OverheadActual   5: 88866816 op, 37477.00 ns, 0.0004 ns/op
OverheadActual   6: 88866816 op, 37468.00 ns, 0.0004 ns/op
OverheadActual   7: 88866816 op, 35331.00 ns, 0.0004 ns/op
OverheadActual   8: 88866816 op, 33504.00 ns, 0.0004 ns/op
OverheadActual   9: 88866816 op, 33422.00 ns, 0.0004 ns/op
OverheadActual  10: 88866816 op, 33437.00 ns, 0.0004 ns/op
OverheadActual  11: 88866816 op, 33460.00 ns, 0.0004 ns/op
OverheadActual  12: 88866816 op, 33421.00 ns, 0.0004 ns/op
OverheadActual  13: 88866816 op, 33431.00 ns, 0.0004 ns/op
OverheadActual  14: 88866816 op, 33411.00 ns, 0.0004 ns/op
OverheadActual  15: 88866816 op, 36155.00 ns, 0.0004 ns/op

WorkloadWarmup   1: 88866816 op, 279743453.00 ns, 3.1479 ns/op
WorkloadWarmup   2: 88866816 op, 257750998.00 ns, 2.9004 ns/op
WorkloadWarmup   3: 88866816 op, 249680629.00 ns, 2.8096 ns/op
WorkloadWarmup   4: 88866816 op, 248103883.00 ns, 2.7919 ns/op
WorkloadWarmup   5: 88866816 op, 211187586.00 ns, 2.3765 ns/op
WorkloadWarmup   6: 88866816 op, 118340616.00 ns, 1.3317 ns/op
WorkloadWarmup   7: 88866816 op, 119493115.00 ns, 1.3446 ns/op
WorkloadWarmup   8: 88866816 op, 117745293.00 ns, 1.3250 ns/op
WorkloadWarmup   9: 88866816 op, 119950326.00 ns, 1.3498 ns/op
WorkloadWarmup  10: 88866816 op, 119530880.00 ns, 1.3451 ns/op
WorkloadWarmup  11: 88866816 op, 117451815.00 ns, 1.3217 ns/op
WorkloadWarmup  12: 88866816 op, 118831473.00 ns, 1.3372 ns/op
WorkloadWarmup  13: 88866816 op, 121390800.00 ns, 1.3660 ns/op
WorkloadWarmup  14: 88866816 op, 117018938.00 ns, 1.3168 ns/op
WorkloadWarmup  15: 88866816 op, 119019949.00 ns, 1.3393 ns/op
WorkloadWarmup  16: 88866816 op, 117829602.00 ns, 1.3259 ns/op

// BeforeActualRun
WorkloadActual   1: 88866816 op, 117648269.00 ns, 1.3239 ns/op
WorkloadActual   2: 88866816 op, 119120497.00 ns, 1.3404 ns/op
WorkloadActual   3: 88866816 op, 117773923.00 ns, 1.3253 ns/op
WorkloadActual   4: 88866816 op, 116833693.00 ns, 1.3147 ns/op
WorkloadActual   5: 88866816 op, 116424722.00 ns, 1.3101 ns/op
WorkloadActual   6: 88866816 op, 117548561.00 ns, 1.3227 ns/op
WorkloadActual   7: 88866816 op, 124636108.00 ns, 1.4025 ns/op
WorkloadActual   8: 88866816 op, 118318599.00 ns, 1.3314 ns/op
WorkloadActual   9: 88866816 op, 117841273.00 ns, 1.3260 ns/op
WorkloadActual  10: 88866816 op, 117309465.00 ns, 1.3201 ns/op
WorkloadActual  11: 88866816 op, 117996244.00 ns, 1.3278 ns/op
WorkloadActual  12: 88866816 op, 116525411.00 ns, 1.3112 ns/op

// AfterActualRun
WorkloadResult   1: 88866816 op, 117614618.00 ns, 1.3235 ns/op
WorkloadResult   2: 88866816 op, 119086846.00 ns, 1.3401 ns/op
WorkloadResult   3: 88866816 op, 117740272.00 ns, 1.3249 ns/op
WorkloadResult   4: 88866816 op, 116800042.00 ns, 1.3143 ns/op
WorkloadResult   5: 88866816 op, 116391071.00 ns, 1.3097 ns/op
WorkloadResult   6: 88866816 op, 117514910.00 ns, 1.3224 ns/op
WorkloadResult   7: 88866816 op, 118284948.00 ns, 1.3310 ns/op
WorkloadResult   8: 88866816 op, 117807622.00 ns, 1.3257 ns/op
WorkloadResult   9: 88866816 op, 117275814.00 ns, 1.3197 ns/op
WorkloadResult  10: 88866816 op, 117962593.00 ns, 1.3274 ns/op
WorkloadResult  11: 88866816 op, 116491760.00 ns, 1.3109 ns/op
// GC:  0 0 0 0 88866816
// Threading:  0 0 88866816

// AfterAll
// Benchmark Process 2302581 has exited with code 0.

Mean = 1.323 ns, StdErr = 0.003 ns (0.20%), N = 11, StdDev = 0.009 ns
Min = 1.310 ns, Q1 = 1.317 ns, Median = 1.323 ns, Q3 = 1.327 ns, Max = 1.340 ns
IQR = 0.010 ns, LowerFence = 1.303 ns, UpperFence = 1.341 ns
ConfidenceInterval = [1.310 ns; 1.335 ns] (CI 99.9%), Margin = 0.012 ns (0.93% of Mean)
Skewness = 0.2, Kurtosis = 2.15, MValue = 2

// ** Remained 26 (86.7%) benchmark(s) to run. Estimated finish 2026-09-12 10:46 (0h 2m from now) **
// **************************
// Benchmark: DataAuthoredQueryBenchmarks.GeneratedShape: Jit(IterationCount=12, IterationTime=250ms, WarmupCount=16) [Shape=OneTrack, Pattern=Alternating]
// *** Execute ***
// Launch: 1 / 1
// Execute: dotnet Alpha-Jit-1.dll --anonymousPipes 157 158 --benchmarkName "DataAuthoredQueryBenchmarks.GeneratedShape(Shape: OneTrack, Pattern: Alternating)" --job Jit --benchmarkId 4 in /home/i/GitHub/tl-56-feat-data-authored-api/benchmarks/Alpha/bin/Release/net10.0/Alpha-Jit-1/bin/Release/net10.0
// Failed to set up high priority (Permission denied). In order to run benchmarks with high priority, make sure you have the right permissions.
// BeforeAnythingElse

// Benchmark Process Environment Information:
// BenchmarkDotNet v0.15.8
// Runtime=.NET 10.0.12 (10.0.12, 10.0.1226.42308), X64 RyuJIT x86-64-v3
// GC=Concurrent Workstation
// HardwareIntrinsics=AVX2+BMI1+BMI2+F16C+FMA+LZCNT+MOVBE,AVX,SSE3+SSSE3+SSE4.1+SSE4.2+POPCNT,X86Base+SSE+SSE2,AES+PCLMUL,AvxVnni,SERIALIZE VectorSize=256
// Job: Jit(IterationCount=12, IterationTime=250ms, WarmupCount=16)

OverheadJitting  1: 4096 op, 97758.00 ns, 23.8667 ns/op
WorkloadJitting  1: 4096 op, 299357.00 ns, 73.0852 ns/op

OverheadJitting  2: 65536 op, 146126.00 ns, 2.2297 ns/op
WorkloadJitting  2: 65536 op, 1841407.00 ns, 28.0976 ns/op

WorkloadPilot    1: 65536 op, 611210.00 ns, 9.3263 ns/op
WorkloadPilot    2: 26804224 op, 231069018.00 ns, 8.6206 ns/op
WorkloadPilot    3: 29032448 op, 248539605.00 ns, 8.5608 ns/op
WorkloadPilot    4: 29229056 op, 251864578.00 ns, 8.6169 ns/op
WorkloadPilot    5: 29032448 op, 250462767.00 ns, 8.6270 ns/op

OverheadWarmup   1: 29032448 op, 11602.00 ns, 0.0004 ns/op
OverheadWarmup   2: 29032448 op, 11655.00 ns, 0.0004 ns/op
OverheadWarmup   3: 29032448 op, 11061.00 ns, 0.0004 ns/op
OverheadWarmup   4: 29032448 op, 10930.00 ns, 0.0004 ns/op
OverheadWarmup   5: 29032448 op, 11036.00 ns, 0.0004 ns/op
OverheadWarmup   6: 29032448 op, 11812.00 ns, 0.0004 ns/op
OverheadWarmup   7: 29032448 op, 10998.00 ns, 0.0004 ns/op

OverheadActual   1: 29032448 op, 11159.00 ns, 0.0004 ns/op
OverheadActual   2: 29032448 op, 11179.00 ns, 0.0004 ns/op
OverheadActual   3: 29032448 op, 11184.00 ns, 0.0004 ns/op
OverheadActual   4: 29032448 op, 11006.00 ns, 0.0004 ns/op
OverheadActual   5: 29032448 op, 11155.00 ns, 0.0004 ns/op
OverheadActual   6: 29032448 op, 10973.00 ns, 0.0004 ns/op
OverheadActual   7: 29032448 op, 12871.00 ns, 0.0004 ns/op
OverheadActual   8: 29032448 op, 10916.00 ns, 0.0004 ns/op
OverheadActual   9: 29032448 op, 10943.00 ns, 0.0004 ns/op
OverheadActual  10: 29032448 op, 10960.00 ns, 0.0004 ns/op
OverheadActual  11: 29032448 op, 10943.00 ns, 0.0004 ns/op
OverheadActual  12: 29032448 op, 10948.00 ns, 0.0004 ns/op
OverheadActual  13: 29032448 op, 11764.00 ns, 0.0004 ns/op
OverheadActual  14: 29032448 op, 13352.00 ns, 0.0005 ns/op
OverheadActual  15: 29032448 op, 11775.00 ns, 0.0004 ns/op

WorkloadWarmup   1: 29032448 op, 249453857.00 ns, 8.5922 ns/op
WorkloadWarmup   2: 29032448 op, 249409327.00 ns, 8.5907 ns/op
WorkloadWarmup   3: 29032448 op, 250451523.00 ns, 8.6266 ns/op
WorkloadWarmup   4: 29032448 op, 251323841.00 ns, 8.6567 ns/op
WorkloadWarmup   5: 29032448 op, 251324745.00 ns, 8.6567 ns/op
WorkloadWarmup   6: 29032448 op, 252129285.00 ns, 8.6844 ns/op
WorkloadWarmup   7: 29032448 op, 249614305.00 ns, 8.5978 ns/op
WorkloadWarmup   8: 29032448 op, 205745397.00 ns, 7.0867 ns/op
WorkloadWarmup   9: 29032448 op, 60873112.00 ns, 2.0967 ns/op
WorkloadWarmup  10: 29032448 op, 60852583.00 ns, 2.0960 ns/op
WorkloadWarmup  11: 29032448 op, 61759903.00 ns, 2.1273 ns/op
WorkloadWarmup  12: 29032448 op, 62463683.00 ns, 2.1515 ns/op
WorkloadWarmup  13: 29032448 op, 60907425.00 ns, 2.0979 ns/op
WorkloadWarmup  14: 29032448 op, 61279663.00 ns, 2.1107 ns/op
WorkloadWarmup  15: 29032448 op, 60711340.00 ns, 2.0912 ns/op
WorkloadWarmup  16: 29032448 op, 64998785.00 ns, 2.2388 ns/op

// BeforeActualRun
WorkloadActual   1: 29032448 op, 60104687.00 ns, 2.0703 ns/op
WorkloadActual   2: 29032448 op, 60456329.00 ns, 2.0824 ns/op
WorkloadActual   3: 29032448 op, 58991965.00 ns, 2.0319 ns/op
WorkloadActual   4: 29032448 op, 60765706.00 ns, 2.0930 ns/op
WorkloadActual   5: 29032448 op, 64479966.00 ns, 2.2210 ns/op
WorkloadActual   6: 29032448 op, 59532872.00 ns, 2.0506 ns/op
WorkloadActual   7: 29032448 op, 60324497.00 ns, 2.0778 ns/op
WorkloadActual   8: 29032448 op, 60675657.00 ns, 2.0899 ns/op
WorkloadActual   9: 29032448 op, 60898429.00 ns, 2.0976 ns/op
WorkloadActual  10: 29032448 op, 58974159.00 ns, 2.0313 ns/op
WorkloadActual  11: 29032448 op, 60964812.00 ns, 2.0999 ns/op
WorkloadActual  12: 29032448 op, 60306619.00 ns, 2.0772 ns/op

// AfterActualRun
WorkloadResult   1: 29032448 op, 60093532.00 ns, 2.0699 ns/op
WorkloadResult   2: 29032448 op, 60445174.00 ns, 2.0820 ns/op
WorkloadResult   3: 29032448 op, 58980810.00 ns, 2.0315 ns/op
WorkloadResult   4: 29032448 op, 60754551.00 ns, 2.0926 ns/op
WorkloadResult   5: 29032448 op, 59521717.00 ns, 2.0502 ns/op
WorkloadResult   6: 29032448 op, 60313342.00 ns, 2.0774 ns/op
WorkloadResult   7: 29032448 op, 60664502.00 ns, 2.0895 ns/op
WorkloadResult   8: 29032448 op, 60887274.00 ns, 2.0972 ns/op
WorkloadResult   9: 29032448 op, 58963004.00 ns, 2.0309 ns/op
WorkloadResult  10: 29032448 op, 60953657.00 ns, 2.0995 ns/op
WorkloadResult  11: 29032448 op, 60295464.00 ns, 2.0768 ns/op
// GC:  0 0 0 0 29032448
// Threading:  0 0 29032448

// AfterAll
// Benchmark Process 2308965 has exited with code 0.

Mean = 2.073 ns, StdErr = 0.007 ns (0.36%), N = 11, StdDev = 0.025 ns
Min = 2.031 ns, Q1 = 2.060 ns, Median = 2.077 ns, Q3 = 2.091 ns, Max = 2.100 ns
IQR = 0.031 ns, LowerFence = 2.013 ns, UpperFence = 2.138 ns
ConfidenceInterval = [2.038 ns; 2.107 ns] (CI 99.9%), Margin = 0.034 ns (1.65% of Mean)
Skewness = -0.62, Kurtosis = 1.78, MValue = 2

// ** Remained 25 (83.3%) benchmark(s) to run. Estimated finish 2026-09-12 10:45 (0h 2m from now) **
// **************************
// Benchmark: DataAuthoredQueryBenchmarks.DataAuthoredFacade: Jit(IterationCount=12, IterationTime=250ms, WarmupCount=16) [Shape=OneTrack, Pattern=Alternating]
// *** Execute ***
// Launch: 1 / 1
// Execute: dotnet Alpha-Jit-1.dll --anonymousPipes 157 158 --benchmarkName "DataAuthoredQueryBenchmarks.DataAuthoredFacade(Shape: OneTrack, Pattern: Alternating)" --job Jit --benchmarkId 5 in /home/i/GitHub/tl-56-feat-data-authored-api/benchmarks/Alpha/bin/Release/net10.0/Alpha-Jit-1/bin/Release/net10.0
// Failed to set up high priority (Permission denied). In order to run benchmarks with high priority, make sure you have the right permissions.
// BeforeAnythingElse

// Benchmark Process Environment Information:
// BenchmarkDotNet v0.15.8
// Runtime=.NET 10.0.12 (10.0.12, 10.0.1226.42308), X64 RyuJIT x86-64-v3
// GC=Concurrent Workstation
// HardwareIntrinsics=AVX2+BMI1+BMI2+F16C+FMA+LZCNT+MOVBE,AVX,SSE3+SSSE3+SSE4.1+SSE4.2+POPCNT,X86Base+SSE+SSE2,AES+PCLMUL,AvxVnni,SERIALIZE VectorSize=256
// Job: Jit(IterationCount=12, IterationTime=250ms, WarmupCount=16)

OverheadJitting  1: 4096 op, 105137.00 ns, 25.6682 ns/op
WorkloadJitting  1: 4096 op, 251277.00 ns, 61.3469 ns/op

OverheadJitting  2: 65536 op, 122215.00 ns, 1.8649 ns/op
WorkloadJitting  2: 65536 op, 3194955.00 ns, 48.7511 ns/op

WorkloadPilot    1: 65536 op, 2049100.00 ns, 31.2668 ns/op
WorkloadPilot    2: 7995392 op, 243845378.00 ns, 30.4982 ns/op
WorkloadPilot    3: 8257536 op, 253376441.00 ns, 30.6843 ns/op
WorkloadPilot    4: 8192000 op, 249874909.00 ns, 30.5023 ns/op
WorkloadPilot    5: 8257536 op, 259074392.00 ns, 31.3743 ns/op
WorkloadPilot    6: 7995392 op, 245151336.00 ns, 30.6616 ns/op
WorkloadPilot    7: 8192000 op, 255305423.00 ns, 31.1652 ns/op

OverheadWarmup   1: 8192000 op, 3547.00 ns, 0.0004 ns/op
OverheadWarmup   2: 8192000 op, 3214.00 ns, 0.0004 ns/op
OverheadWarmup   3: 8192000 op, 3197.00 ns, 0.0004 ns/op
OverheadWarmup   4: 8192000 op, 3172.00 ns, 0.0004 ns/op
OverheadWarmup   5: 8192000 op, 3173.00 ns, 0.0004 ns/op
OverheadWarmup   6: 8192000 op, 3160.00 ns, 0.0004 ns/op
OverheadWarmup   7: 8192000 op, 3157.00 ns, 0.0004 ns/op
OverheadWarmup   8: 8192000 op, 3173.00 ns, 0.0004 ns/op
OverheadWarmup   9: 8192000 op, 3170.00 ns, 0.0004 ns/op

OverheadActual   1: 8192000 op, 3459.00 ns, 0.0004 ns/op
OverheadActual   2: 8192000 op, 3483.00 ns, 0.0004 ns/op
OverheadActual   3: 8192000 op, 3413.00 ns, 0.0004 ns/op
OverheadActual   4: 8192000 op, 3238.00 ns, 0.0004 ns/op
OverheadActual   5: 8192000 op, 3336.00 ns, 0.0004 ns/op
OverheadActual   6: 8192000 op, 3137.00 ns, 0.0004 ns/op
OverheadActual   7: 8192000 op, 3066.00 ns, 0.0004 ns/op
OverheadActual   8: 8192000 op, 3060.00 ns, 0.0004 ns/op
OverheadActual   9: 8192000 op, 3122.00 ns, 0.0004 ns/op
OverheadActual  10: 8192000 op, 3124.00 ns, 0.0004 ns/op
OverheadActual  11: 8192000 op, 3061.00 ns, 0.0004 ns/op
OverheadActual  12: 8192000 op, 3080.00 ns, 0.0004 ns/op
OverheadActual  13: 8192000 op, 3057.00 ns, 0.0004 ns/op
OverheadActual  14: 8192000 op, 3049.00 ns, 0.0004 ns/op
OverheadActual  15: 8192000 op, 3047.00 ns, 0.0004 ns/op
OverheadActual  16: 8192000 op, 3110.00 ns, 0.0004 ns/op
OverheadActual  17: 8192000 op, 3129.00 ns, 0.0004 ns/op

WorkloadWarmup   1: 8192000 op, 250167424.00 ns, 30.5380 ns/op
WorkloadWarmup   2: 8192000 op, 272443630.00 ns, 33.2573 ns/op
WorkloadWarmup   3: 8192000 op, 250987891.00 ns, 30.6382 ns/op
WorkloadWarmup   4: 8192000 op, 248828230.00 ns, 30.3745 ns/op
WorkloadWarmup   5: 8192000 op, 249502931.00 ns, 30.4569 ns/op
WorkloadWarmup   6: 8192000 op, 197321353.00 ns, 24.0871 ns/op
WorkloadWarmup   7: 8192000 op, 114654781.00 ns, 13.9959 ns/op
WorkloadWarmup   8: 8192000 op, 113643957.00 ns, 13.8726 ns/op
WorkloadWarmup   9: 8192000 op, 113144757.00 ns, 13.8116 ns/op
WorkloadWarmup  10: 8192000 op, 114676399.00 ns, 13.9986 ns/op
WorkloadWarmup  11: 8192000 op, 114966477.00 ns, 14.0340 ns/op
WorkloadWarmup  12: 8192000 op, 114274278.00 ns, 13.9495 ns/op
WorkloadWarmup  13: 8192000 op, 113604123.00 ns, 13.8677 ns/op
WorkloadWarmup  14: 8192000 op, 115061841.00 ns, 14.0456 ns/op
WorkloadWarmup  15: 8192000 op, 124973254.00 ns, 15.2555 ns/op
WorkloadWarmup  16: 8192000 op, 115936331.00 ns, 14.1524 ns/op

// BeforeActualRun
WorkloadActual   1: 8192000 op, 114752646.00 ns, 14.0079 ns/op
WorkloadActual   2: 8192000 op, 114873805.00 ns, 14.0227 ns/op
WorkloadActual   3: 8192000 op, 114580064.00 ns, 13.9868 ns/op
WorkloadActual   4: 8192000 op, 114825791.00 ns, 14.0168 ns/op
WorkloadActual   5: 8192000 op, 115735523.00 ns, 14.1279 ns/op
WorkloadActual   6: 8192000 op, 115816917.00 ns, 14.1378 ns/op
WorkloadActual   7: 8192000 op, 115977037.00 ns, 14.1574 ns/op
WorkloadActual   8: 8192000 op, 115965608.00 ns, 14.1560 ns/op
WorkloadActual   9: 8192000 op, 114419559.00 ns, 13.9672 ns/op
WorkloadActual  10: 8192000 op, 115046766.00 ns, 14.0438 ns/op
WorkloadActual  11: 8192000 op, 115033817.00 ns, 14.0422 ns/op
WorkloadActual  12: 8192000 op, 114477606.00 ns, 13.9743 ns/op

// AfterActualRun
WorkloadResult   1: 8192000 op, 114749524.00 ns, 14.0075 ns/op
WorkloadResult   2: 8192000 op, 114870683.00 ns, 14.0223 ns/op
WorkloadResult   3: 8192000 op, 114576942.00 ns, 13.9864 ns/op
WorkloadResult   4: 8192000 op, 114822669.00 ns, 14.0164 ns/op
WorkloadResult   5: 8192000 op, 115732401.00 ns, 14.1275 ns/op
WorkloadResult   6: 8192000 op, 115813795.00 ns, 14.1374 ns/op
WorkloadResult   7: 8192000 op, 115973915.00 ns, 14.1570 ns/op
WorkloadResult   8: 8192000 op, 115962486.00 ns, 14.1556 ns/op
WorkloadResult   9: 8192000 op, 114416437.00 ns, 13.9669 ns/op
WorkloadResult  10: 8192000 op, 115043644.00 ns, 14.0434 ns/op
WorkloadResult  11: 8192000 op, 115030695.00 ns, 14.0418 ns/op
WorkloadResult  12: 8192000 op, 114474484.00 ns, 13.9739 ns/op
// GC:  0 0 0 0 8192000
// Threading:  0 0 8192000

// AfterAll
// Benchmark Process 2313606 has exited with code 0.

Mean = 14.053 ns, StdErr = 0.021 ns (0.15%), N = 12, StdDev = 0.072 ns
Min = 13.967 ns, Q1 = 14.002 ns, Median = 14.032 ns, Q3 = 14.130 ns, Max = 14.157 ns
IQR = 0.128 ns, LowerFence = 13.811 ns, UpperFence = 14.322 ns
ConfidenceInterval = [13.961 ns; 14.145 ns] (CI 99.9%), Margin = 0.092 ns (0.65% of Mean)
Skewness = 0.36, Kurtosis = 1.35, MValue = 2

// ** Remained 24 (80.0%) benchmark(s) to run. Estimated finish 2026-09-12 10:46 (0h 2m from now) **
// **************************
// Benchmark: DataAuthoredQueryBenchmarks.DirectShape: Jit(IterationCount=12, IterationTime=250ms, WarmupCount=16) [Shape=ThreeTracks, Pattern=Forward]
// *** Execute ***
// Launch: 1 / 1
// Execute: dotnet Alpha-Jit-1.dll --anonymousPipes 157 158 --benchmarkName "DataAuthoredQueryBenchmarks.DirectShape(Shape: ThreeTracks, Pattern: Forward)" --job Jit --benchmarkId 6 in /home/i/GitHub/tl-56-feat-data-authored-api/benchmarks/Alpha/bin/Release/net10.0/Alpha-Jit-1/bin/Release/net10.0
// Failed to set up high priority (Permission denied). In order to run benchmarks with high priority, make sure you have the right permissions.
// BeforeAnythingElse

// Benchmark Process Environment Information:
// BenchmarkDotNet v0.15.8
// Runtime=.NET 10.0.12 (10.0.12, 10.0.1226.42308), X64 RyuJIT x86-64-v3
// GC=Concurrent Workstation
// HardwareIntrinsics=AVX2+BMI1+BMI2+F16C+FMA+LZCNT+MOVBE,AVX,SSE3+SSSE3+SSE4.1+SSE4.2+POPCNT,X86Base+SSE+SSE2,AES+PCLMUL,AvxVnni,SERIALIZE VectorSize=256
// Job: Jit(IterationCount=12, IterationTime=250ms, WarmupCount=16)

OverheadJitting  1: 4096 op, 107711.00 ns, 26.2966 ns/op
WorkloadJitting  1: 4096 op, 1315396.00 ns, 321.1416 ns/op

OverheadJitting  2: 65536 op, 132228.00 ns, 2.0176 ns/op
WorkloadJitting  2: 65536 op, 444692.00 ns, 6.7855 ns/op

WorkloadPilot    1: 65536 op, 321692.00 ns, 4.9086 ns/op
WorkloadPilot    2: 50987008 op, 200149592.00 ns, 3.9255 ns/op
WorkloadPilot    3: 63700992 op, 250800596.00 ns, 3.9372 ns/op
WorkloadPilot    4: 63504384 op, 252178208.00 ns, 3.9710 ns/op
WorkloadPilot    5: 62980096 op, 245505006.00 ns, 3.8981 ns/op
WorkloadPilot    6: 64159744 op, 251519466.00 ns, 3.9202 ns/op

OverheadWarmup   1: 64159744 op, 28195.00 ns, 0.0004 ns/op
OverheadWarmup   2: 64159744 op, 24352.00 ns, 0.0004 ns/op
OverheadWarmup   3: 64159744 op, 25503.00 ns, 0.0004 ns/op
OverheadWarmup   4: 64159744 op, 24585.00 ns, 0.0004 ns/op
OverheadWarmup   5: 64159744 op, 24606.00 ns, 0.0004 ns/op
OverheadWarmup   6: 64159744 op, 24134.00 ns, 0.0004 ns/op

OverheadActual   1: 64159744 op, 24508.00 ns, 0.0004 ns/op
OverheadActual   2: 64159744 op, 24514.00 ns, 0.0004 ns/op
OverheadActual   3: 64159744 op, 24573.00 ns, 0.0004 ns/op
OverheadActual   4: 64159744 op, 24173.00 ns, 0.0004 ns/op
OverheadActual   5: 64159744 op, 24415.00 ns, 0.0004 ns/op
OverheadActual   6: 64159744 op, 24305.00 ns, 0.0004 ns/op
OverheadActual   7: 64159744 op, 24116.00 ns, 0.0004 ns/op
OverheadActual   8: 64159744 op, 24154.00 ns, 0.0004 ns/op
OverheadActual   9: 64159744 op, 24540.00 ns, 0.0004 ns/op
OverheadActual  10: 64159744 op, 24176.00 ns, 0.0004 ns/op
OverheadActual  11: 64159744 op, 24220.00 ns, 0.0004 ns/op
OverheadActual  12: 64159744 op, 24145.00 ns, 0.0004 ns/op
OverheadActual  13: 64159744 op, 30728.00 ns, 0.0005 ns/op
OverheadActual  14: 64159744 op, 24156.00 ns, 0.0004 ns/op
OverheadActual  15: 64159744 op, 24135.00 ns, 0.0004 ns/op

WorkloadWarmup   1: 64159744 op, 249594748.00 ns, 3.8902 ns/op
WorkloadWarmup   2: 64159744 op, 247884256.00 ns, 3.8635 ns/op
WorkloadWarmup   3: 64159744 op, 247110734.00 ns, 3.8515 ns/op
WorkloadWarmup   4: 64159744 op, 249684736.00 ns, 3.8916 ns/op
WorkloadWarmup   5: 64159744 op, 249730302.00 ns, 3.8923 ns/op
WorkloadWarmup   6: 64159744 op, 249870687.00 ns, 3.8945 ns/op
WorkloadWarmup   7: 64159744 op, 241032522.00 ns, 3.7568 ns/op
WorkloadWarmup   8: 64159744 op, 146982746.00 ns, 2.2909 ns/op
WorkloadWarmup   9: 64159744 op, 148115869.00 ns, 2.3085 ns/op
WorkloadWarmup  10: 64159744 op, 148157450.00 ns, 2.3092 ns/op
WorkloadWarmup  11: 64159744 op, 148466970.00 ns, 2.3140 ns/op
WorkloadWarmup  12: 64159744 op, 147595337.00 ns, 2.3004 ns/op
WorkloadWarmup  13: 64159744 op, 145087747.00 ns, 2.2614 ns/op
WorkloadWarmup  14: 64159744 op, 146269524.00 ns, 2.2798 ns/op
WorkloadWarmup  15: 64159744 op, 145742640.00 ns, 2.2716 ns/op
WorkloadWarmup  16: 64159744 op, 145904009.00 ns, 2.2741 ns/op

// BeforeActualRun
WorkloadActual   1: 64159744 op, 145804014.00 ns, 2.2725 ns/op
WorkloadActual   2: 64159744 op, 147280822.00 ns, 2.2955 ns/op
WorkloadActual   3: 64159744 op, 147361872.00 ns, 2.2968 ns/op
WorkloadActual   4: 64159744 op, 145050742.00 ns, 2.2608 ns/op
WorkloadActual   5: 64159744 op, 145294575.00 ns, 2.2646 ns/op
WorkloadActual   6: 64159744 op, 146016476.00 ns, 2.2758 ns/op
WorkloadActual   7: 64159744 op, 145748090.00 ns, 2.2716 ns/op
WorkloadActual   8: 64159744 op, 144951814.00 ns, 2.2592 ns/op
WorkloadActual   9: 64159744 op, 143067094.00 ns, 2.2299 ns/op
WorkloadActual  10: 64159744 op, 151506054.00 ns, 2.3614 ns/op
WorkloadActual  11: 64159744 op, 143993662.00 ns, 2.2443 ns/op
WorkloadActual  12: 64159744 op, 167311527.00 ns, 2.6077 ns/op

// AfterActualRun
WorkloadResult   1: 64159744 op, 145779794.00 ns, 2.2721 ns/op
WorkloadResult   2: 64159744 op, 147256602.00 ns, 2.2952 ns/op
WorkloadResult   3: 64159744 op, 147337652.00 ns, 2.2964 ns/op
WorkloadResult   4: 64159744 op, 145026522.00 ns, 2.2604 ns/op
WorkloadResult   5: 64159744 op, 145270355.00 ns, 2.2642 ns/op
WorkloadResult   6: 64159744 op, 145992256.00 ns, 2.2754 ns/op
WorkloadResult   7: 64159744 op, 145723870.00 ns, 2.2713 ns/op
WorkloadResult   8: 64159744 op, 144927594.00 ns, 2.2589 ns/op
WorkloadResult   9: 64159744 op, 143042874.00 ns, 2.2295 ns/op
WorkloadResult  10: 64159744 op, 143969442.00 ns, 2.2439 ns/op
// GC:  0 0 0 0 64159744
// Threading:  0 0 64159744

// AfterAll
// Benchmark Process 2319645 has exited with code 0.

Mean = 2.267 ns, StdErr = 0.007 ns (0.29%), N = 10, StdDev = 0.021 ns
Min = 2.229 ns, Q1 = 2.259 ns, Median = 2.268 ns, Q3 = 2.275 ns, Max = 2.296 ns
IQR = 0.015 ns, LowerFence = 2.236 ns, UpperFence = 2.298 ns
ConfidenceInterval = [2.236 ns; 2.298 ns] (CI 99.9%), Margin = 0.031 ns (1.38% of Mean)
Skewness = -0.16, Kurtosis = 2.01, MValue = 2

// ** Remained 23 (76.7%) benchmark(s) to run. Estimated finish 2026-09-12 10:46 (0h 2m from now) **
// **************************
// Benchmark: DataAuthoredQueryBenchmarks.GeneratedShape: Jit(IterationCount=12, IterationTime=250ms, WarmupCount=16) [Shape=ThreeTracks, Pattern=Forward]
// *** Execute ***
// Launch: 1 / 1
// Execute: dotnet Alpha-Jit-1.dll --anonymousPipes 157 158 --benchmarkName "DataAuthoredQueryBenchmarks.GeneratedShape(Shape: ThreeTracks, Pattern: Forward)" --job Jit --benchmarkId 7 in /home/i/GitHub/tl-56-feat-data-authored-api/benchmarks/Alpha/bin/Release/net10.0/Alpha-Jit-1/bin/Release/net10.0
// Failed to set up high priority (Permission denied). In order to run benchmarks with high priority, make sure you have the right permissions.
// BeforeAnythingElse

// Benchmark Process Environment Information:
// BenchmarkDotNet v0.15.8
// Runtime=.NET 10.0.12 (10.0.12, 10.0.1226.42308), X64 RyuJIT x86-64-v3
// GC=Concurrent Workstation
// HardwareIntrinsics=AVX2+BMI1+BMI2+F16C+FMA+LZCNT+MOVBE,AVX,SSE3+SSSE3+SSE4.1+SSE4.2+POPCNT,X86Base+SSE+SSE2,AES+PCLMUL,AvxVnni,SERIALIZE VectorSize=256
// Job: Jit(IterationCount=12, IterationTime=250ms, WarmupCount=16)

OverheadJitting  1: 4096 op, 105527.00 ns, 25.7634 ns/op
WorkloadJitting  1: 4096 op, 344036.00 ns, 83.9932 ns/op

OverheadJitting  2: 65536 op, 125876.00 ns, 1.9207 ns/op
WorkloadJitting  2: 65536 op, 2000003.00 ns, 30.5176 ns/op

WorkloadPilot    1: 65536 op, 1066666.00 ns, 16.2760 ns/op
WorkloadPilot    2: 15400960 op, 242184986.00 ns, 15.7253 ns/op
WorkloadPilot    3: 15925248 op, 250239044.00 ns, 15.7134 ns/op

OverheadWarmup   1: 15925248 op, 6513.00 ns, 0.0004 ns/op
OverheadWarmup   2: 15925248 op, 9295.00 ns, 0.0006 ns/op
OverheadWarmup   3: 15925248 op, 6094.00 ns, 0.0004 ns/op
OverheadWarmup   4: 15925248 op, 6074.00 ns, 0.0004 ns/op
OverheadWarmup   5: 15925248 op, 6213.00 ns, 0.0004 ns/op
OverheadWarmup   6: 15925248 op, 6232.00 ns, 0.0004 ns/op
OverheadWarmup   7: 15925248 op, 6210.00 ns, 0.0004 ns/op

OverheadActual   1: 15925248 op, 6235.00 ns, 0.0004 ns/op
OverheadActual   2: 15925248 op, 6169.00 ns, 0.0004 ns/op
OverheadActual   3: 15925248 op, 7021.00 ns, 0.0004 ns/op
OverheadActual   4: 15925248 op, 7029.00 ns, 0.0004 ns/op
OverheadActual   5: 15925248 op, 6229.00 ns, 0.0004 ns/op
OverheadActual   6: 15925248 op, 6115.00 ns, 0.0004 ns/op
OverheadActual   7: 15925248 op, 6063.00 ns, 0.0004 ns/op
OverheadActual   8: 15925248 op, 6060.00 ns, 0.0004 ns/op
OverheadActual   9: 15925248 op, 6597.00 ns, 0.0004 ns/op
OverheadActual  10: 15925248 op, 6767.00 ns, 0.0004 ns/op
OverheadActual  11: 15925248 op, 7581.00 ns, 0.0005 ns/op
OverheadActual  12: 15925248 op, 6191.00 ns, 0.0004 ns/op
OverheadActual  13: 15925248 op, 6104.00 ns, 0.0004 ns/op
OverheadActual  14: 15925248 op, 6056.00 ns, 0.0004 ns/op
OverheadActual  15: 15925248 op, 6121.00 ns, 0.0004 ns/op
OverheadActual  16: 15925248 op, 6129.00 ns, 0.0004 ns/op
OverheadActual  17: 15925248 op, 6116.00 ns, 0.0004 ns/op
OverheadActual  18: 15925248 op, 6215.00 ns, 0.0004 ns/op
OverheadActual  19: 15925248 op, 6135.00 ns, 0.0004 ns/op

WorkloadWarmup   1: 15925248 op, 250422191.00 ns, 15.7249 ns/op
WorkloadWarmup   2: 15925248 op, 252225724.00 ns, 15.8381 ns/op
WorkloadWarmup   3: 15925248 op, 249853732.00 ns, 15.6892 ns/op
WorkloadWarmup   4: 15925248 op, 251914024.00 ns, 15.8185 ns/op
WorkloadWarmup   5: 15925248 op, 251447386.00 ns, 15.7892 ns/op
WorkloadWarmup   6: 15925248 op, 180180137.00 ns, 11.3141 ns/op
WorkloadWarmup   7: 15925248 op, 62022538.00 ns, 3.8946 ns/op
WorkloadWarmup   8: 15925248 op, 63171353.00 ns, 3.9667 ns/op
WorkloadWarmup   9: 15925248 op, 61737370.00 ns, 3.8767 ns/op
WorkloadWarmup  10: 15925248 op, 64175377.00 ns, 4.0298 ns/op
WorkloadWarmup  11: 15925248 op, 62321355.00 ns, 3.9134 ns/op
WorkloadWarmup  12: 15925248 op, 62414744.00 ns, 3.9192 ns/op
WorkloadWarmup  13: 15925248 op, 61978900.00 ns, 3.8919 ns/op
WorkloadWarmup  14: 15925248 op, 64627359.00 ns, 4.0582 ns/op
WorkloadWarmup  15: 15925248 op, 61312811.00 ns, 3.8500 ns/op
WorkloadWarmup  16: 15925248 op, 62270698.00 ns, 3.9102 ns/op

// BeforeActualRun
WorkloadActual   1: 15925248 op, 62041649.00 ns, 3.8958 ns/op
WorkloadActual   2: 15925248 op, 62103024.00 ns, 3.8997 ns/op
WorkloadActual   3: 15925248 op, 60645902.00 ns, 3.8082 ns/op
WorkloadActual   4: 15925248 op, 62250917.00 ns, 3.9089 ns/op
WorkloadActual   5: 15925248 op, 64017078.00 ns, 4.0198 ns/op
WorkloadActual   6: 15925248 op, 61437876.00 ns, 3.8579 ns/op
WorkloadActual   7: 15925248 op, 62876396.00 ns, 3.9482 ns/op
WorkloadActual   8: 15925248 op, 61185518.00 ns, 3.8420 ns/op
WorkloadActual   9: 15925248 op, 62009657.00 ns, 3.8938 ns/op
WorkloadActual  10: 15925248 op, 63768303.00 ns, 4.0042 ns/op
WorkloadActual  11: 15925248 op, 64582144.00 ns, 4.0553 ns/op
WorkloadActual  12: 15925248 op, 61899541.00 ns, 3.8869 ns/op

// AfterActualRun
WorkloadResult   1: 15925248 op, 62035480.00 ns, 3.8954 ns/op
WorkloadResult   2: 15925248 op, 62096855.00 ns, 3.8993 ns/op
WorkloadResult   3: 15925248 op, 60639733.00 ns, 3.8078 ns/op
WorkloadResult   4: 15925248 op, 62244748.00 ns, 3.9086 ns/op
WorkloadResult   5: 15925248 op, 64010909.00 ns, 4.0195 ns/op
WorkloadResult   6: 15925248 op, 61431707.00 ns, 3.8575 ns/op
WorkloadResult   7: 15925248 op, 62870227.00 ns, 3.9478 ns/op
WorkloadResult   8: 15925248 op, 61179349.00 ns, 3.8417 ns/op
WorkloadResult   9: 15925248 op, 62003488.00 ns, 3.8934 ns/op
WorkloadResult  10: 15925248 op, 63762134.00 ns, 4.0038 ns/op
WorkloadResult  11: 15925248 op, 64575975.00 ns, 4.0549 ns/op
WorkloadResult  12: 15925248 op, 61893372.00 ns, 3.8865 ns/op
// GC:  0 0 0 0 15925248
// Threading:  0 0 15925248

// AfterAll
// Benchmark Process 2326315 has exited with code 0.

Mean = 3.918 ns, StdErr = 0.022 ns (0.55%), N = 12, StdDev = 0.075 ns
Min = 3.808 ns, Q1 = 3.879 ns, Median = 3.897 ns, Q3 = 3.962 ns, Max = 4.055 ns
IQR = 0.083 ns, LowerFence = 3.755 ns, UpperFence = 4.086 ns
ConfidenceInterval = [3.822 ns; 4.014 ns] (CI 99.9%), Margin = 0.096 ns (2.44% of Mean)
Skewness = 0.44, Kurtosis = 1.89, MValue = 2

// ** Remained 22 (73.3%) benchmark(s) to run. Estimated finish 2026-09-12 10:45 (0h 1m from now) **
// **************************
// Benchmark: DataAuthoredQueryBenchmarks.DataAuthoredFacade: Jit(IterationCount=12, IterationTime=250ms, WarmupCount=16) [Shape=ThreeTracks, Pattern=Forward]
// *** Execute ***
// Launch: 1 / 1
// Execute: dotnet Alpha-Jit-1.dll --anonymousPipes 157 158 --benchmarkName "DataAuthoredQueryBenchmarks.DataAuthoredFacade(Shape: ThreeTracks, Pattern: Forward)" --job Jit --benchmarkId 8 in /home/i/GitHub/tl-56-feat-data-authored-api/benchmarks/Alpha/bin/Release/net10.0/Alpha-Jit-1/bin/Release/net10.0
// Failed to set up high priority (Permission denied). In order to run benchmarks with high priority, make sure you have the right permissions.
// BeforeAnythingElse

// Benchmark Process Environment Information:
// BenchmarkDotNet v0.15.8
// Runtime=.NET 10.0.12 (10.0.12, 10.0.1226.42308), X64 RyuJIT x86-64-v3
// GC=Concurrent Workstation
// HardwareIntrinsics=AVX2+BMI1+BMI2+F16C+FMA+LZCNT+MOVBE,AVX,SSE3+SSSE3+SSE4.1+SSE4.2+POPCNT,X86Base+SSE+SSE2,AES+PCLMUL,AvxVnni,SERIALIZE VectorSize=256
// Job: Jit(IterationCount=12, IterationTime=250ms, WarmupCount=16)

OverheadJitting  1: 4096 op, 107963.00 ns, 26.3582 ns/op
WorkloadJitting  1: 4096 op, 387201.00 ns, 94.5315 ns/op

OverheadJitting  2: 65536 op, 129054.00 ns, 1.9692 ns/op
WorkloadJitting  2: 65536 op, 5231100.00 ns, 79.8203 ns/op

WorkloadPilot    1: 65536 op, 4743217.00 ns, 72.3757 ns/op
WorkloadPilot    2: 3473408 op, 218397141.00 ns, 62.8769 ns/op
WorkloadPilot    3: 3997696 op, 245782012.00 ns, 61.4809 ns/op
WorkloadPilot    4: 4128768 op, 252506767.00 ns, 61.1579 ns/op

OverheadWarmup   1: 4128768 op, 2259.00 ns, 0.0005 ns/op
OverheadWarmup   2: 4128768 op, 2150.00 ns, 0.0005 ns/op
OverheadWarmup   3: 4128768 op, 1751.00 ns, 0.0004 ns/op
OverheadWarmup   4: 4128768 op, 1652.00 ns, 0.0004 ns/op
OverheadWarmup   5: 4128768 op, 1648.00 ns, 0.0004 ns/op
OverheadWarmup   6: 4128768 op, 1633.00 ns, 0.0004 ns/op
OverheadWarmup   7: 4128768 op, 1640.00 ns, 0.0004 ns/op
OverheadWarmup   8: 4128768 op, 1658.00 ns, 0.0004 ns/op
OverheadWarmup   9: 4128768 op, 1645.00 ns, 0.0004 ns/op
OverheadWarmup  10: 4128768 op, 1631.00 ns, 0.0004 ns/op

OverheadActual   1: 4128768 op, 1943.00 ns, 0.0005 ns/op
OverheadActual   2: 4128768 op, 1861.00 ns, 0.0005 ns/op
OverheadActual   3: 4128768 op, 1813.00 ns, 0.0004 ns/op
OverheadActual   4: 4128768 op, 1680.00 ns, 0.0004 ns/op
OverheadActual   5: 4128768 op, 1862.00 ns, 0.0005 ns/op
OverheadActual   6: 4128768 op, 1884.00 ns, 0.0005 ns/op
OverheadActual   7: 4128768 op, 1810.00 ns, 0.0004 ns/op
OverheadActual   8: 4128768 op, 1930.00 ns, 0.0005 ns/op
OverheadActual   9: 4128768 op, 1928.00 ns, 0.0005 ns/op
OverheadActual  10: 4128768 op, 1669.00 ns, 0.0004 ns/op
OverheadActual  11: 4128768 op, 1629.00 ns, 0.0004 ns/op
OverheadActual  12: 4128768 op, 1635.00 ns, 0.0004 ns/op
OverheadActual  13: 4128768 op, 1666.00 ns, 0.0004 ns/op
OverheadActual  14: 4128768 op, 1631.00 ns, 0.0004 ns/op
OverheadActual  15: 4128768 op, 2092.00 ns, 0.0005 ns/op
OverheadActual  16: 4128768 op, 1669.00 ns, 0.0004 ns/op
OverheadActual  17: 4128768 op, 1671.00 ns, 0.0004 ns/op
OverheadActual  18: 4128768 op, 1775.00 ns, 0.0004 ns/op
OverheadActual  19: 4128768 op, 1658.00 ns, 0.0004 ns/op
OverheadActual  20: 4128768 op, 1674.00 ns, 0.0004 ns/op

WorkloadWarmup   1: 4128768 op, 260363371.00 ns, 63.0608 ns/op
WorkloadWarmup   2: 4128768 op, 254662358.00 ns, 61.6800 ns/op
WorkloadWarmup   3: 4128768 op, 252423748.00 ns, 61.1378 ns/op
WorkloadWarmup   4: 4128768 op, 252916407.00 ns, 61.2571 ns/op
WorkloadWarmup   5: 4128768 op, 209051182.00 ns, 50.6328 ns/op
WorkloadWarmup   6: 4128768 op, 91810071.00 ns, 22.2367 ns/op
WorkloadWarmup   7: 4128768 op, 92586641.00 ns, 22.4248 ns/op
WorkloadWarmup   8: 4128768 op, 93121069.00 ns, 22.5542 ns/op
WorkloadWarmup   9: 4128768 op, 92695737.00 ns, 22.4512 ns/op
WorkloadWarmup  10: 4128768 op, 91849724.00 ns, 22.2463 ns/op
WorkloadWarmup  11: 4128768 op, 93032586.00 ns, 22.5328 ns/op
WorkloadWarmup  12: 4128768 op, 92986830.00 ns, 22.5217 ns/op
WorkloadWarmup  13: 4128768 op, 93250673.00 ns, 22.5856 ns/op
WorkloadWarmup  14: 4128768 op, 93182821.00 ns, 22.5692 ns/op
WorkloadWarmup  15: 4128768 op, 95153277.00 ns, 23.0464 ns/op
WorkloadWarmup  16: 4128768 op, 102461810.00 ns, 24.8166 ns/op

// BeforeActualRun
WorkloadActual   1: 4128768 op, 92703458.00 ns, 22.4531 ns/op
WorkloadActual   2: 4128768 op, 93170973.00 ns, 22.5663 ns/op
WorkloadActual   3: 4128768 op, 93141738.00 ns, 22.5592 ns/op
WorkloadActual   4: 4128768 op, 91849641.00 ns, 22.2463 ns/op
WorkloadActual   5: 4128768 op, 93141868.00 ns, 22.5592 ns/op
WorkloadActual   6: 4128768 op, 92841799.00 ns, 22.4866 ns/op
WorkloadActual   7: 4128768 op, 94386516.00 ns, 22.8607 ns/op
WorkloadActual   8: 4128768 op, 95740149.00 ns, 23.1886 ns/op
WorkloadActual   9: 4128768 op, 93088222.00 ns, 22.5462 ns/op
WorkloadActual  10: 4128768 op, 92391956.00 ns, 22.3776 ns/op
WorkloadActual  11: 4128768 op, 87588295.00 ns, 21.2141 ns/op
WorkloadActual  12: 4128768 op, 91413667.00 ns, 22.1407 ns/op

// AfterActualRun
WorkloadResult   1: 4128768 op, 92701730.50 ns, 22.4526 ns/op
WorkloadResult   2: 4128768 op, 93169245.50 ns, 22.5659 ns/op
WorkloadResult   3: 4128768 op, 93140010.50 ns, 22.5588 ns/op
WorkloadResult   4: 4128768 op, 91847913.50 ns, 22.2458 ns/op
WorkloadResult   5: 4128768 op, 93140140.50 ns, 22.5588 ns/op
WorkloadResult   6: 4128768 op, 92840071.50 ns, 22.4861 ns/op
WorkloadResult   7: 4128768 op, 94384788.50 ns, 22.8603 ns/op
WorkloadResult   8: 4128768 op, 93086494.50 ns, 22.5458 ns/op
WorkloadResult   9: 4128768 op, 92390228.50 ns, 22.3772 ns/op
WorkloadResult  10: 4128768 op, 87586567.50 ns, 21.2137 ns/op
WorkloadResult  11: 4128768 op, 91411939.50 ns, 22.1402 ns/op
// GC:  0 0 0 0 4128768
// Threading:  0 0 4128768

// AfterAll
// Benchmark Process 2330044 has exited with code 0.

Mean = 22.364 ns, StdErr = 0.128 ns (0.57%), N = 11, StdDev = 0.425 ns
Min = 21.214 ns, Q1 = 22.312 ns, Median = 22.486 ns, Q3 = 22.559 ns, Max = 22.860 ns
IQR = 0.247 ns, LowerFence = 21.941 ns, UpperFence = 22.930 ns
ConfidenceInterval = [21.776 ns; 22.952 ns] (CI 99.9%), Margin = 0.588 ns (2.63% of Mean)
Skewness = -1.64, Kurtosis = 5.07, MValue = 2

// ** Remained 21 (70.0%) benchmark(s) to run. Estimated finish 2026-09-12 10:45 (0h 1m from now) **
// **************************
// Benchmark: DataAuthoredQueryBenchmarks.DirectShape: Jit(IterationCount=12, IterationTime=250ms, WarmupCount=16) [Shape=ThreeTracks, Pattern=Alternating]
// *** Execute ***
// Launch: 1 / 1
// Execute: dotnet Alpha-Jit-1.dll --anonymousPipes 157 158 --benchmarkName "DataAuthoredQueryBenchmarks.DirectShape(Shape: ThreeTracks, Pattern: Alternating)" --job Jit --benchmarkId 9 in /home/i/GitHub/tl-56-feat-data-authored-api/benchmarks/Alpha/bin/Release/net10.0/Alpha-Jit-1/bin/Release/net10.0
// Failed to set up high priority (Permission denied). In order to run benchmarks with high priority, make sure you have the right permissions.
// BeforeAnythingElse

// Benchmark Process Environment Information:
// BenchmarkDotNet v0.15.8
// Runtime=.NET 10.0.12 (10.0.12, 10.0.1226.42308), X64 RyuJIT x86-64-v3
// GC=Concurrent Workstation
// HardwareIntrinsics=AVX2+BMI1+BMI2+F16C+FMA+LZCNT+MOVBE,AVX,SSE3+SSSE3+SSE4.1+SSE4.2+POPCNT,X86Base+SSE+SSE2,AES+PCLMUL,AvxVnni,SERIALIZE VectorSize=256
// Job: Jit(IterationCount=12, IterationTime=250ms, WarmupCount=16)

OverheadJitting  1: 4096 op, 103881.00 ns, 25.3616 ns/op
WorkloadJitting  1: 4096 op, 1145522.00 ns, 279.6685 ns/op

OverheadJitting  2: 65536 op, 119619.00 ns, 1.8252 ns/op
WorkloadJitting  2: 65536 op, 448222.00 ns, 6.8393 ns/op

WorkloadPilot    1: 65536 op, 326502.00 ns, 4.9820 ns/op
WorkloadPilot    2: 50200576 op, 197869179.00 ns, 3.9416 ns/op
WorkloadPilot    3: 63438848 op, 250419615.00 ns, 3.9474 ns/op
WorkloadPilot    4: 63373312 op, 253576749.00 ns, 4.0013 ns/op
WorkloadPilot    5: 62521344 op, 247384677.00 ns, 3.9568 ns/op
WorkloadPilot    6: 63242240 op, 252712555.00 ns, 3.9959 ns/op

OverheadWarmup   1: 63242240 op, 24769.00 ns, 0.0004 ns/op
OverheadWarmup   2: 63242240 op, 24422.00 ns, 0.0004 ns/op
OverheadWarmup   3: 63242240 op, 24352.00 ns, 0.0004 ns/op
OverheadWarmup   4: 63242240 op, 24317.00 ns, 0.0004 ns/op
OverheadWarmup   5: 63242240 op, 24333.00 ns, 0.0004 ns/op
OverheadWarmup   6: 63242240 op, 24315.00 ns, 0.0004 ns/op
OverheadWarmup   7: 63242240 op, 24306.00 ns, 0.0004 ns/op
OverheadWarmup   8: 63242240 op, 24303.00 ns, 0.0004 ns/op
OverheadWarmup   9: 63242240 op, 24315.00 ns, 0.0004 ns/op
OverheadWarmup  10: 63242240 op, 24312.00 ns, 0.0004 ns/op

OverheadActual   1: 63242240 op, 24210.00 ns, 0.0004 ns/op
OverheadActual   2: 63242240 op, 23902.00 ns, 0.0004 ns/op
OverheadActual   3: 63242240 op, 23780.00 ns, 0.0004 ns/op
OverheadActual   4: 63242240 op, 23498.00 ns, 0.0004 ns/op
OverheadActual   5: 63242240 op, 27693.00 ns, 0.0004 ns/op
OverheadActual   6: 63242240 op, 23492.00 ns, 0.0004 ns/op
OverheadActual   7: 63242240 op, 23411.00 ns, 0.0004 ns/op
OverheadActual   8: 63242240 op, 23432.00 ns, 0.0004 ns/op
OverheadActual   9: 63242240 op, 23412.00 ns, 0.0004 ns/op
OverheadActual  10: 63242240 op, 23425.00 ns, 0.0004 ns/op
OverheadActual  11: 63242240 op, 23397.00 ns, 0.0004 ns/op
OverheadActual  12: 63242240 op, 23408.00 ns, 0.0004 ns/op
OverheadActual  13: 63242240 op, 23413.00 ns, 0.0004 ns/op
OverheadActual  14: 63242240 op, 23414.00 ns, 0.0004 ns/op
OverheadActual  15: 63242240 op, 23461.00 ns, 0.0004 ns/op

WorkloadWarmup   1: 63242240 op, 247065262.00 ns, 3.9066 ns/op
WorkloadWarmup   2: 63242240 op, 253353601.00 ns, 4.0061 ns/op
WorkloadWarmup   3: 63242240 op, 250872252.00 ns, 3.9668 ns/op
WorkloadWarmup   4: 63242240 op, 253739795.00 ns, 4.0122 ns/op
WorkloadWarmup   5: 63242240 op, 252837303.00 ns, 3.9979 ns/op
WorkloadWarmup   6: 63242240 op, 251983290.00 ns, 3.9844 ns/op
WorkloadWarmup   7: 63242240 op, 263107635.00 ns, 4.1603 ns/op
WorkloadWarmup   8: 63242240 op, 263493489.00 ns, 4.1664 ns/op
WorkloadWarmup   9: 63242240 op, 264198636.00 ns, 4.1776 ns/op
WorkloadWarmup  10: 63242240 op, 261267476.00 ns, 4.1312 ns/op
WorkloadWarmup  11: 63242240 op, 261847849.00 ns, 4.1404 ns/op
WorkloadWarmup  12: 63242240 op, 265021292.00 ns, 4.1906 ns/op
WorkloadWarmup  13: 63242240 op, 264050782.00 ns, 4.1752 ns/op
WorkloadWarmup  14: 63242240 op, 259555847.00 ns, 4.1042 ns/op
WorkloadWarmup  15: 63242240 op, 265942210.00 ns, 4.2051 ns/op
WorkloadWarmup  16: 63242240 op, 261843454.00 ns, 4.1403 ns/op

// BeforeActualRun
WorkloadActual   1: 63242240 op, 262141708.00 ns, 4.1450 ns/op
WorkloadActual   2: 63242240 op, 261722703.00 ns, 4.1384 ns/op
WorkloadActual   3: 63242240 op, 261144617.00 ns, 4.1293 ns/op
WorkloadActual   4: 63242240 op, 264485653.00 ns, 4.1821 ns/op
WorkloadActual   5: 63242240 op, 265203447.00 ns, 4.1935 ns/op
WorkloadActual   6: 63242240 op, 262493545.00 ns, 4.1506 ns/op
WorkloadActual   7: 63242240 op, 286170450.00 ns, 4.5250 ns/op
WorkloadActual   8: 63242240 op, 263301585.00 ns, 4.1634 ns/op
WorkloadActual   9: 63242240 op, 263483804.00 ns, 4.1663 ns/op
WorkloadActual  10: 63242240 op, 261719500.00 ns, 4.1384 ns/op
WorkloadActual  11: 63242240 op, 263765392.00 ns, 4.1707 ns/op
WorkloadActual  12: 63242240 op, 263192598.00 ns, 4.1617 ns/op

// AfterActualRun
WorkloadResult   1: 63242240 op, 262118276.00 ns, 4.1447 ns/op
WorkloadResult   2: 63242240 op, 261699271.00 ns, 4.1380 ns/op
WorkloadResult   3: 63242240 op, 261121185.00 ns, 4.1289 ns/op
WorkloadResult   4: 63242240 op, 264462221.00 ns, 4.1817 ns/op
WorkloadResult   5: 63242240 op, 265180015.00 ns, 4.1931 ns/op
WorkloadResult   6: 63242240 op, 262470113.00 ns, 4.1502 ns/op
WorkloadResult   7: 63242240 op, 263278153.00 ns, 4.1630 ns/op
WorkloadResult   8: 63242240 op, 263460372.00 ns, 4.1659 ns/op
WorkloadResult   9: 63242240 op, 261696068.00 ns, 4.1380 ns/op
WorkloadResult  10: 63242240 op, 263741960.00 ns, 4.1703 ns/op
WorkloadResult  11: 63242240 op, 263169166.00 ns, 4.1613 ns/op
// GC:  0 0 0 0 63242240
// Threading:  0 0 63242240

// AfterAll
// Benchmark Process 2334564 has exited with code 0.

Mean = 4.158 ns, StdErr = 0.006 ns (0.14%), N = 11, StdDev = 0.020 ns
Min = 4.129 ns, Q1 = 4.141 ns, Median = 4.161 ns, Q3 = 4.168 ns, Max = 4.193 ns
IQR = 0.027 ns, LowerFence = 4.101 ns, UpperFence = 4.208 ns
ConfidenceInterval = [4.130 ns; 4.185 ns] (CI 99.9%), Margin = 0.027 ns (0.66% of Mean)
Skewness = 0.22, Kurtosis = 1.74, MValue = 2

// ** Remained 20 (66.7%) benchmark(s) to run. Estimated finish 2026-09-12 10:46 (0h 1m from now) **
// **************************
// Benchmark: DataAuthoredQueryBenchmarks.GeneratedShape: Jit(IterationCount=12, IterationTime=250ms, WarmupCount=16) [Shape=ThreeTracks, Pattern=Alternating]
// *** Execute ***
// Launch: 1 / 1
// Execute: dotnet Alpha-Jit-1.dll --anonymousPipes 157 158 --benchmarkName "DataAuthoredQueryBenchmarks.GeneratedShape(Shape: ThreeTracks, Pattern: Alternating)" --job Jit --benchmarkId 10 in /home/i/GitHub/tl-56-feat-data-authored-api/benchmarks/Alpha/bin/Release/net10.0/Alpha-Jit-1/bin/Release/net10.0
// Failed to set up high priority (Permission denied). In order to run benchmarks with high priority, make sure you have the right permissions.
// BeforeAnythingElse

// Benchmark Process Environment Information:
// BenchmarkDotNet v0.15.8
// Runtime=.NET 10.0.12 (10.0.12, 10.0.1226.42308), X64 RyuJIT x86-64-v3
// GC=Concurrent Workstation
// HardwareIntrinsics=AVX2+BMI1+BMI2+F16C+FMA+LZCNT+MOVBE,AVX,SSE3+SSSE3+SSE4.1+SSE4.2+POPCNT,X86Base+SSE+SSE2,AES+PCLMUL,AvxVnni,SERIALIZE VectorSize=256
// Job: Jit(IterationCount=12, IterationTime=250ms, WarmupCount=16)

OverheadJitting  1: 4096 op, 102537.00 ns, 25.0334 ns/op
WorkloadJitting  1: 4096 op, 342937.00 ns, 83.7249 ns/op

OverheadJitting  2: 65536 op, 121668.00 ns, 1.8565 ns/op
WorkloadJitting  2: 65536 op, 2607703.00 ns, 39.7904 ns/op

WorkloadPilot    1: 65536 op, 1308868.00 ns, 19.9717 ns/op
WorkloadPilot    2: 12517376 op, 201882979.00 ns, 16.1282 ns/op
WorkloadPilot    3: 15532032 op, 250169369.00 ns, 16.1067 ns/op

OverheadWarmup   1: 15532032 op, 6489.00 ns, 0.0004 ns/op
OverheadWarmup   2: 15532032 op, 5889.00 ns, 0.0004 ns/op
OverheadWarmup   3: 15532032 op, 5882.00 ns, 0.0004 ns/op
OverheadWarmup   4: 15532032 op, 5865.00 ns, 0.0004 ns/op
OverheadWarmup   5: 15532032 op, 5888.00 ns, 0.0004 ns/op
OverheadWarmup   6: 15532032 op, 6003.00 ns, 0.0004 ns/op
OverheadWarmup   7: 15532032 op, 5993.00 ns, 0.0004 ns/op
OverheadWarmup   8: 15532032 op, 5880.00 ns, 0.0004 ns/op
OverheadWarmup   9: 15532032 op, 5880.00 ns, 0.0004 ns/op
OverheadWarmup  10: 15532032 op, 5972.00 ns, 0.0004 ns/op

OverheadActual   1: 15532032 op, 6313.00 ns, 0.0004 ns/op
OverheadActual   2: 15532032 op, 6306.00 ns, 0.0004 ns/op
OverheadActual   3: 15532032 op, 6168.00 ns, 0.0004 ns/op
OverheadActual   4: 15532032 op, 5916.00 ns, 0.0004 ns/op
OverheadActual   5: 15532032 op, 6082.00 ns, 0.0004 ns/op
OverheadActual   6: 15532032 op, 5857.00 ns, 0.0004 ns/op
OverheadActual   7: 15532032 op, 5870.00 ns, 0.0004 ns/op
OverheadActual   8: 15532032 op, 5853.00 ns, 0.0004 ns/op
OverheadActual   9: 15532032 op, 5881.00 ns, 0.0004 ns/op
OverheadActual  10: 15532032 op, 5869.00 ns, 0.0004 ns/op
OverheadActual  11: 15532032 op, 5867.00 ns, 0.0004 ns/op
OverheadActual  12: 15532032 op, 5860.00 ns, 0.0004 ns/op
OverheadActual  13: 15532032 op, 5869.00 ns, 0.0004 ns/op
OverheadActual  14: 15532032 op, 5871.00 ns, 0.0004 ns/op
OverheadActual  15: 15532032 op, 5859.00 ns, 0.0004 ns/op

WorkloadWarmup   1: 15532032 op, 250011167.00 ns, 16.0965 ns/op
WorkloadWarmup   2: 15532032 op, 247855457.00 ns, 15.9577 ns/op
WorkloadWarmup   3: 15532032 op, 251043410.00 ns, 16.1629 ns/op
WorkloadWarmup   4: 15532032 op, 248844536.00 ns, 16.0214 ns/op
WorkloadWarmup   5: 15532032 op, 250755511.00 ns, 16.1444 ns/op
WorkloadWarmup   6: 15532032 op, 249670986.00 ns, 16.0746 ns/op
WorkloadWarmup   7: 15532032 op, 70214419.00 ns, 4.5206 ns/op
WorkloadWarmup   8: 15532032 op, 62840709.00 ns, 4.0459 ns/op
WorkloadWarmup   9: 15532032 op, 60504848.00 ns, 3.8955 ns/op
WorkloadWarmup  10: 15532032 op, 63874703.00 ns, 4.1124 ns/op
WorkloadWarmup  11: 15532032 op, 63065890.00 ns, 4.0604 ns/op
WorkloadWarmup  12: 15532032 op, 62209693.00 ns, 4.0053 ns/op
WorkloadWarmup  13: 15532032 op, 62917764.00 ns, 4.0508 ns/op
WorkloadWarmup  14: 15532032 op, 63057771.00 ns, 4.0599 ns/op
WorkloadWarmup  15: 15532032 op, 60810941.00 ns, 3.9152 ns/op
WorkloadWarmup  16: 15532032 op, 61845433.00 ns, 3.9818 ns/op

// BeforeActualRun
WorkloadActual   1: 15532032 op, 61424828.00 ns, 3.9547 ns/op
WorkloadActual   2: 15532032 op, 61296400.00 ns, 3.9465 ns/op
WorkloadActual   3: 15532032 op, 61415227.00 ns, 3.9541 ns/op
WorkloadActual   4: 15532032 op, 61708602.00 ns, 3.9730 ns/op
WorkloadActual   5: 15532032 op, 61821320.00 ns, 3.9802 ns/op
WorkloadActual   6: 15532032 op, 61288922.00 ns, 3.9460 ns/op
WorkloadActual   7: 15532032 op, 60547339.00 ns, 3.8982 ns/op
WorkloadActual   8: 15532032 op, 61339403.00 ns, 3.9492 ns/op
WorkloadActual   9: 15532032 op, 62145579.00 ns, 4.0011 ns/op
WorkloadActual  10: 15532032 op, 60558732.00 ns, 3.8990 ns/op
WorkloadActual  11: 15532032 op, 61354831.00 ns, 3.9502 ns/op
WorkloadActual  12: 15532032 op, 60933679.00 ns, 3.9231 ns/op

// AfterActualRun
WorkloadResult   1: 15532032 op, 61418958.00 ns, 3.9543 ns/op
WorkloadResult   2: 15532032 op, 61290530.00 ns, 3.9461 ns/op
WorkloadResult   3: 15532032 op, 61409357.00 ns, 3.9537 ns/op
WorkloadResult   4: 15532032 op, 61702732.00 ns, 3.9726 ns/op
WorkloadResult   5: 15532032 op, 61815450.00 ns, 3.9799 ns/op
WorkloadResult   6: 15532032 op, 61283052.00 ns, 3.9456 ns/op
WorkloadResult   7: 15532032 op, 60541469.00 ns, 3.8978 ns/op
WorkloadResult   8: 15532032 op, 61333533.00 ns, 3.9488 ns/op
WorkloadResult   9: 15532032 op, 60552862.00 ns, 3.8986 ns/op
WorkloadResult  10: 15532032 op, 61348961.00 ns, 3.9498 ns/op
WorkloadResult  11: 15532032 op, 60927809.00 ns, 3.9227 ns/op
// GC:  0 0 0 0 15532032
// Threading:  0 0 15532032

// AfterAll
// Benchmark Process 2343831 has exited with code 0.

Mean = 3.943 ns, StdErr = 0.008 ns (0.20%), N = 11, StdDev = 0.026 ns
Min = 3.898 ns, Q1 = 3.934 ns, Median = 3.949 ns, Q3 = 3.954 ns, Max = 3.980 ns
IQR = 0.020 ns, LowerFence = 3.904 ns, UpperFence = 3.984 ns
ConfidenceInterval = [3.906 ns; 3.979 ns] (CI 99.9%), Margin = 0.037 ns (0.93% of Mean)
Skewness = -0.51, Kurtosis = 2, MValue = 2

// ** Remained 19 (63.3%) benchmark(s) to run. Estimated finish 2026-09-12 10:46 (0h 1m from now) **
// **************************
// Benchmark: DataAuthoredQueryBenchmarks.DataAuthoredFacade: Jit(IterationCount=12, IterationTime=250ms, WarmupCount=16) [Shape=ThreeTracks, Pattern=Alternating]
// *** Execute ***
// Launch: 1 / 1
// Execute: dotnet Alpha-Jit-1.dll --anonymousPipes 157 158 --benchmarkName "DataAuthoredQueryBenchmarks.DataAuthoredFacade(Shape: ThreeTracks, Pattern: Alternating)" --job Jit --benchmarkId 11 in /home/i/GitHub/tl-56-feat-data-authored-api/benchmarks/Alpha/bin/Release/net10.0/Alpha-Jit-1/bin/Release/net10.0
// Failed to set up high priority (Permission denied). In order to run benchmarks with high priority, make sure you have the right permissions.
// BeforeAnythingElse

// Benchmark Process Environment Information:
// BenchmarkDotNet v0.15.8
// Runtime=.NET 10.0.12 (10.0.12, 10.0.1226.42308), X64 RyuJIT x86-64-v3
// GC=Concurrent Workstation
// HardwareIntrinsics=AVX2+BMI1+BMI2+F16C+FMA+LZCNT+MOVBE,AVX,SSE3+SSSE3+SSE4.1+SSE4.2+POPCNT,X86Base+SSE+SSE2,AES+PCLMUL,AvxVnni,SERIALIZE VectorSize=256
// Job: Jit(IterationCount=12, IterationTime=250ms, WarmupCount=16)

OverheadJitting  1: 4096 op, 103812.00 ns, 25.3447 ns/op
WorkloadJitting  1: 4096 op, 651217.00 ns, 158.9885 ns/op

OverheadJitting  2: 65536 op, 206678.00 ns, 3.1537 ns/op
WorkloadJitting  2: 65536 op, 5452067.00 ns, 83.1919 ns/op

WorkloadPilot    1: 65536 op, 4148971.00 ns, 63.3083 ns/op
WorkloadPilot    2: 3997696 op, 248582069.00 ns, 62.1813 ns/op
WorkloadPilot    3: 4063232 op, 251808809.00 ns, 61.9725 ns/op

OverheadWarmup   1: 4063232 op, 2031.00 ns, 0.0005 ns/op
OverheadWarmup   2: 4063232 op, 1659.00 ns, 0.0004 ns/op
OverheadWarmup   3: 4063232 op, 1678.00 ns, 0.0004 ns/op
OverheadWarmup   4: 4063232 op, 1570.00 ns, 0.0004 ns/op
OverheadWarmup   5: 4063232 op, 1546.00 ns, 0.0004 ns/op
OverheadWarmup   6: 4063232 op, 1885.00 ns, 0.0005 ns/op
OverheadWarmup   7: 4063232 op, 1633.00 ns, 0.0004 ns/op

OverheadActual   1: 4063232 op, 1795.00 ns, 0.0004 ns/op
OverheadActual   2: 4063232 op, 1791.00 ns, 0.0004 ns/op
OverheadActual   3: 4063232 op, 1783.00 ns, 0.0004 ns/op
OverheadActual   4: 4063232 op, 1667.00 ns, 0.0004 ns/op
OverheadActual   5: 4063232 op, 1764.00 ns, 0.0004 ns/op
OverheadActual   6: 4063232 op, 1698.00 ns, 0.0004 ns/op
OverheadActual   7: 4063232 op, 1560.00 ns, 0.0004 ns/op
OverheadActual   8: 4063232 op, 1562.00 ns, 0.0004 ns/op
OverheadActual   9: 4063232 op, 1578.00 ns, 0.0004 ns/op
OverheadActual  10: 4063232 op, 1575.00 ns, 0.0004 ns/op
OverheadActual  11: 4063232 op, 1563.00 ns, 0.0004 ns/op
OverheadActual  12: 4063232 op, 1567.00 ns, 0.0004 ns/op
OverheadActual  13: 4063232 op, 1553.00 ns, 0.0004 ns/op
OverheadActual  14: 4063232 op, 1566.00 ns, 0.0004 ns/op
OverheadActual  15: 4063232 op, 1579.00 ns, 0.0004 ns/op
OverheadActual  16: 4063232 op, 1572.00 ns, 0.0004 ns/op
OverheadActual  17: 4063232 op, 1843.00 ns, 0.0005 ns/op
OverheadActual  18: 4063232 op, 1764.00 ns, 0.0004 ns/op
OverheadActual  19: 4063232 op, 1671.00 ns, 0.0004 ns/op
OverheadActual  20: 4063232 op, 1574.00 ns, 0.0004 ns/op

WorkloadWarmup   1: 4063232 op, 252654950.00 ns, 62.1808 ns/op
WorkloadWarmup   2: 4063232 op, 249819574.00 ns, 61.4830 ns/op
WorkloadWarmup   3: 4063232 op, 251333413.00 ns, 61.8555 ns/op
WorkloadWarmup   4: 4063232 op, 250833493.00 ns, 61.7325 ns/op
WorkloadWarmup   5: 4063232 op, 252722115.00 ns, 62.1973 ns/op
WorkloadWarmup   6: 4063232 op, 192166092.00 ns, 47.2939 ns/op
WorkloadWarmup   7: 4063232 op, 92929359.00 ns, 22.8708 ns/op
WorkloadWarmup   8: 4063232 op, 92385243.00 ns, 22.7369 ns/op
WorkloadWarmup   9: 4063232 op, 93019146.00 ns, 22.8929 ns/op
WorkloadWarmup  10: 4063232 op, 93061487.00 ns, 22.9033 ns/op
WorkloadWarmup  11: 4063232 op, 92673074.00 ns, 22.8077 ns/op
WorkloadWarmup  12: 4063232 op, 93269391.00 ns, 22.9545 ns/op
WorkloadWarmup  13: 4063232 op, 94072258.00 ns, 23.1521 ns/op
WorkloadWarmup  14: 4063232 op, 93424341.00 ns, 22.9926 ns/op
WorkloadWarmup  15: 4063232 op, 93507974.00 ns, 23.0132 ns/op
WorkloadWarmup  16: 4063232 op, 93936113.00 ns, 23.1186 ns/op

// BeforeActualRun
WorkloadActual   1: 4063232 op, 93731307.00 ns, 23.0682 ns/op
WorkloadActual   2: 4063232 op, 93361136.00 ns, 22.9771 ns/op
WorkloadActual   3: 4063232 op, 92475438.00 ns, 22.7591 ns/op
WorkloadActual   4: 4063232 op, 92918522.00 ns, 22.8681 ns/op
WorkloadActual   5: 4063232 op, 94019055.00 ns, 23.1390 ns/op
WorkloadActual   6: 4063232 op, 95067728.00 ns, 23.3971 ns/op
WorkloadActual   7: 4063232 op, 95347881.00 ns, 23.4660 ns/op
WorkloadActual   8: 4063232 op, 93112983.00 ns, 22.9160 ns/op
WorkloadActual   9: 4063232 op, 93062205.00 ns, 22.9035 ns/op
WorkloadActual  10: 4063232 op, 93452533.00 ns, 22.9996 ns/op
WorkloadActual  11: 4063232 op, 93095477.00 ns, 22.9117 ns/op
WorkloadActual  12: 4063232 op, 117167375.00 ns, 28.8360 ns/op

// AfterActualRun
WorkloadResult   1: 4063232 op, 93729728.50 ns, 23.0678 ns/op
WorkloadResult   2: 4063232 op, 93359557.50 ns, 22.9767 ns/op
WorkloadResult   3: 4063232 op, 92473859.50 ns, 22.7587 ns/op
WorkloadResult   4: 4063232 op, 92916943.50 ns, 22.8677 ns/op
WorkloadResult   5: 4063232 op, 94017476.50 ns, 23.1386 ns/op
WorkloadResult   6: 4063232 op, 95066149.50 ns, 23.3967 ns/op
WorkloadResult   7: 4063232 op, 95346302.50 ns, 23.4656 ns/op
WorkloadResult   8: 4063232 op, 93111404.50 ns, 22.9156 ns/op
WorkloadResult   9: 4063232 op, 93060626.50 ns, 22.9031 ns/op
WorkloadResult  10: 4063232 op, 93450954.50 ns, 22.9992 ns/op
WorkloadResult  11: 4063232 op, 93093898.50 ns, 22.9113 ns/op
// GC:  0 0 0 0 4063232
// Threading:  0 0 4063232

// AfterAll
// Benchmark Process 2347655 has exited with code 0.

Mean = 23.036 ns, StdErr = 0.066 ns (0.29%), N = 11, StdDev = 0.220 ns
Min = 22.759 ns, Q1 = 22.907 ns, Median = 22.977 ns, Q3 = 23.103 ns, Max = 23.466 ns
IQR = 0.196 ns, LowerFence = 22.613 ns, UpperFence = 23.397 ns
ConfidenceInterval = [22.732 ns; 23.341 ns] (CI 99.9%), Margin = 0.304 ns (1.32% of Mean)
Skewness = 0.81, Kurtosis = 2.27, MValue = 2

// ** Remained 18 (60.0%) benchmark(s) to run. Estimated finish 2026-09-12 10:45 (0h 1m from now) **
// **************************
// Benchmark: DataAuthoredQueryBenchmarks.DirectShape: Jit(IterationCount=12, IterationTime=250ms, WarmupCount=16) [Shape=SixteenTracks, Pattern=Forward]
// *** Execute ***
// Launch: 1 / 1
// Execute: dotnet Alpha-Jit-1.dll --anonymousPipes 157 158 --benchmarkName "DataAuthoredQueryBenchmarks.DirectShape(Shape: SixteenTracks, Pattern: Forward)" --job Jit --benchmarkId 12 in /home/i/GitHub/tl-56-feat-data-authored-api/benchmarks/Alpha/bin/Release/net10.0/Alpha-Jit-1/bin/Release/net10.0
// Failed to set up high priority (Permission denied). In order to run benchmarks with high priority, make sure you have the right permissions.
// BeforeAnythingElse

// Benchmark Process Environment Information:
// BenchmarkDotNet v0.15.8
// Runtime=.NET 10.0.12 (10.0.12, 10.0.1226.42308), X64 RyuJIT x86-64-v3
// GC=Concurrent Workstation
// HardwareIntrinsics=AVX2+BMI1+BMI2+F16C+FMA+LZCNT+MOVBE,AVX,SSE3+SSSE3+SSE4.1+SSE4.2+POPCNT,X86Base+SSE+SSE2,AES+PCLMUL,AvxVnni,SERIALIZE VectorSize=256
// Job: Jit(IterationCount=12, IterationTime=250ms, WarmupCount=16)

OverheadJitting  1: 4096 op, 101935.00 ns, 24.8865 ns/op
WorkloadJitting  1: 4096 op, 1540431.00 ns, 376.0818 ns/op

OverheadJitting  2: 65536 op, 136822.00 ns, 2.0877 ns/op
WorkloadJitting  2: 65536 op, 1294205.00 ns, 19.7480 ns/op

WorkloadPilot    1: 65536 op, 1141989.00 ns, 17.4254 ns/op
WorkloadPilot    2: 14352384 op, 237989418.00 ns, 16.5819 ns/op
WorkloadPilot    3: 15138816 op, 252702656.00 ns, 16.6924 ns/op
WorkloadPilot    4: 15007744 op, 249784074.00 ns, 16.6437 ns/op
WorkloadPilot    5: 15073280 op, 251858610.00 ns, 16.7089 ns/op
WorkloadPilot    6: 15007744 op, 249116283.00 ns, 16.5992 ns/op
WorkloadPilot    7: 15073280 op, 253004211.00 ns, 16.7849 ns/op

OverheadWarmup   1: 15073280 op, 6320.00 ns, 0.0004 ns/op
OverheadWarmup   2: 15073280 op, 5847.00 ns, 0.0004 ns/op
OverheadWarmup   3: 15073280 op, 5680.00 ns, 0.0004 ns/op
OverheadWarmup   4: 15073280 op, 5926.00 ns, 0.0004 ns/op
OverheadWarmup   5: 15073280 op, 5874.00 ns, 0.0004 ns/op
OverheadWarmup   6: 15073280 op, 5823.00 ns, 0.0004 ns/op
OverheadWarmup   7: 15073280 op, 6517.00 ns, 0.0004 ns/op
OverheadWarmup   8: 15073280 op, 6408.00 ns, 0.0004 ns/op

OverheadActual   1: 15073280 op, 6196.00 ns, 0.0004 ns/op
OverheadActual   2: 15073280 op, 6038.00 ns, 0.0004 ns/op
OverheadActual   3: 15073280 op, 5936.00 ns, 0.0004 ns/op
OverheadActual   4: 15073280 op, 5775.00 ns, 0.0004 ns/op
OverheadActual   5: 15073280 op, 5942.00 ns, 0.0004 ns/op
OverheadActual   6: 15073280 op, 5879.00 ns, 0.0004 ns/op
OverheadActual   7: 15073280 op, 5676.00 ns, 0.0004 ns/op
OverheadActual   8: 15073280 op, 6616.00 ns, 0.0004 ns/op
OverheadActual   9: 15073280 op, 5745.00 ns, 0.0004 ns/op
OverheadActual  10: 15073280 op, 5690.00 ns, 0.0004 ns/op
OverheadActual  11: 15073280 op, 5605.00 ns, 0.0004 ns/op
OverheadActual  12: 15073280 op, 5658.00 ns, 0.0004 ns/op
OverheadActual  13: 15073280 op, 5678.00 ns, 0.0004 ns/op
OverheadActual  14: 15073280 op, 5675.00 ns, 0.0004 ns/op
OverheadActual  15: 15073280 op, 5708.00 ns, 0.0004 ns/op

WorkloadWarmup   1: 15073280 op, 251689721.00 ns, 16.6977 ns/op
WorkloadWarmup   2: 15073280 op, 249701453.00 ns, 16.5658 ns/op
WorkloadWarmup   3: 15073280 op, 251119463.00 ns, 16.6599 ns/op
WorkloadWarmup   4: 15073280 op, 253558603.00 ns, 16.8217 ns/op
WorkloadWarmup   5: 15073280 op, 250706472.00 ns, 16.6325 ns/op
WorkloadWarmup   6: 15073280 op, 232371299.00 ns, 15.4161 ns/op
WorkloadWarmup   7: 15073280 op, 181446156.00 ns, 12.0376 ns/op
WorkloadWarmup   8: 15073280 op, 181932793.00 ns, 12.0699 ns/op
WorkloadWarmup   9: 15073280 op, 181338619.00 ns, 12.0305 ns/op
WorkloadWarmup  10: 15073280 op, 182497304.00 ns, 12.1073 ns/op
WorkloadWarmup  11: 15073280 op, 183019231.00 ns, 12.1420 ns/op
WorkloadWarmup  12: 15073280 op, 182666528.00 ns, 12.1186 ns/op
WorkloadWarmup  13: 15073280 op, 183860881.00 ns, 12.1978 ns/op
WorkloadWarmup  14: 15073280 op, 183771641.00 ns, 12.1919 ns/op
WorkloadWarmup  15: 15073280 op, 181477327.00 ns, 12.0397 ns/op
WorkloadWarmup  16: 15073280 op, 181988639.00 ns, 12.0736 ns/op

// BeforeActualRun
WorkloadActual   1: 15073280 op, 182918476.00 ns, 12.1353 ns/op
WorkloadActual   2: 15073280 op, 181685873.00 ns, 12.0535 ns/op
WorkloadActual   3: 15073280 op, 180653318.00 ns, 11.9850 ns/op
WorkloadActual   4: 15073280 op, 181125204.00 ns, 12.0163 ns/op
WorkloadActual   5: 15073280 op, 180918685.00 ns, 12.0026 ns/op
WorkloadActual   6: 15073280 op, 181046310.00 ns, 12.0111 ns/op
WorkloadActual   7: 15073280 op, 180323082.00 ns, 11.9631 ns/op
WorkloadActual   8: 15073280 op, 180636014.00 ns, 11.9839 ns/op
WorkloadActual   9: 15073280 op, 181446737.00 ns, 12.0376 ns/op
WorkloadActual  10: 15073280 op, 203525272.00 ns, 13.5024 ns/op
WorkloadActual  11: 15073280 op, 180837360.00 ns, 11.9972 ns/op
WorkloadActual  12: 15073280 op, 181144551.00 ns, 12.0176 ns/op

// AfterActualRun
WorkloadResult   1: 15073280 op, 181680128.00 ns, 12.0531 ns/op
WorkloadResult   2: 15073280 op, 180647573.00 ns, 11.9846 ns/op
WorkloadResult   3: 15073280 op, 181119459.00 ns, 12.0159 ns/op
WorkloadResult   4: 15073280 op, 180912940.00 ns, 12.0022 ns/op
WorkloadResult   5: 15073280 op, 181040565.00 ns, 12.0107 ns/op
WorkloadResult   6: 15073280 op, 180317337.00 ns, 11.9627 ns/op
WorkloadResult   7: 15073280 op, 180630269.00 ns, 11.9835 ns/op
WorkloadResult   8: 15073280 op, 181440992.00 ns, 12.0373 ns/op
WorkloadResult   9: 15073280 op, 180831615.00 ns, 11.9968 ns/op
WorkloadResult  10: 15073280 op, 181138806.00 ns, 12.0172 ns/op
// GC:  0 0 0 0 15073280
// Threading:  0 0 15073280

// AfterAll
// Benchmark Process 2352207 has exited with code 0.

Mean = 12.006 ns, StdErr = 0.008 ns (0.07%), N = 10, StdDev = 0.027 ns
Min = 11.963 ns, Q1 = 11.988 ns, Median = 12.006 ns, Q3 = 12.017 ns, Max = 12.053 ns
IQR = 0.029 ns, LowerFence = 11.944 ns, UpperFence = 12.061 ns
ConfidenceInterval = [11.966 ns; 12.047 ns] (CI 99.9%), Margin = 0.040 ns (0.34% of Mean)
Skewness = 0.14, Kurtosis = 1.96, MValue = 2

// ** Remained 17 (56.7%) benchmark(s) to run. Estimated finish 2026-09-12 10:46 (0h 1m from now) **
// **************************
// Benchmark: DataAuthoredQueryBenchmarks.GeneratedShape: Jit(IterationCount=12, IterationTime=250ms, WarmupCount=16) [Shape=SixteenTracks, Pattern=Forward]
// *** Execute ***
// Launch: 1 / 1
// Execute: dotnet Alpha-Jit-1.dll --anonymousPipes 159 160 --benchmarkName "DataAuthoredQueryBenchmarks.GeneratedShape(Shape: SixteenTracks, Pattern: Forward)" --job Jit --benchmarkId 13 in /home/i/GitHub/tl-56-feat-data-authored-api/benchmarks/Alpha/bin/Release/net10.0/Alpha-Jit-1/bin/Release/net10.0
// Failed to set up high priority (Permission denied). In order to run benchmarks with high priority, make sure you have the right permissions.
// BeforeAnythingElse

// Benchmark Process Environment Information:
// BenchmarkDotNet v0.15.8
// Runtime=.NET 10.0.12 (10.0.12, 10.0.1226.42308), X64 RyuJIT x86-64-v3
// GC=Concurrent Workstation
// HardwareIntrinsics=AVX2+BMI1+BMI2+F16C+FMA+LZCNT+MOVBE,AVX,SSE3+SSSE3+SSE4.1+SSE4.2+POPCNT,X86Base+SSE+SSE2,AES+PCLMUL,AvxVnni,SERIALIZE VectorSize=256
// Job: Jit(IterationCount=12, IterationTime=250ms, WarmupCount=16)

OverheadJitting  1: 4096 op, 105501.00 ns, 25.7571 ns/op
WorkloadJitting  1: 4096 op, 998651.00 ns, 243.8113 ns/op

OverheadJitting  2: 65536 op, 181346.00 ns, 2.7671 ns/op
WorkloadJitting  2: 65536 op, 7390408.00 ns, 112.7687 ns/op

WorkloadPilot    1: 65536 op, 4891253.00 ns, 74.6346 ns/op
WorkloadPilot    2: 3407872 op, 259348148.00 ns, 76.1027 ns/op
WorkloadPilot    3: 3342336 op, 253266004.00 ns, 75.7751 ns/op

OverheadWarmup   1: 3342336 op, 1980.00 ns, 0.0006 ns/op
OverheadWarmup   2: 3342336 op, 1407.00 ns, 0.0004 ns/op
OverheadWarmup   3: 3342336 op, 1320.00 ns, 0.0004 ns/op
OverheadWarmup   4: 3342336 op, 1327.00 ns, 0.0004 ns/op
OverheadWarmup   5: 3342336 op, 1367.00 ns, 0.0004 ns/op
OverheadWarmup   6: 3342336 op, 1316.00 ns, 0.0004 ns/op
OverheadWarmup   7: 3342336 op, 1328.00 ns, 0.0004 ns/op
OverheadWarmup   8: 3342336 op, 1314.00 ns, 0.0004 ns/op

OverheadActual   1: 3342336 op, 1584.00 ns, 0.0005 ns/op
OverheadActual   2: 3342336 op, 1524.00 ns, 0.0005 ns/op
OverheadActual   3: 3342336 op, 1540.00 ns, 0.0005 ns/op
OverheadActual   4: 3342336 op, 1361.00 ns, 0.0004 ns/op
OverheadActual   5: 3342336 op, 1536.00 ns, 0.0005 ns/op
OverheadActual   6: 3342336 op, 1310.00 ns, 0.0004 ns/op
OverheadActual   7: 3342336 op, 1293.00 ns, 0.0004 ns/op
OverheadActual   8: 3342336 op, 1288.00 ns, 0.0004 ns/op
OverheadActual   9: 3342336 op, 1288.00 ns, 0.0004 ns/op
OverheadActual  10: 3342336 op, 1310.00 ns, 0.0004 ns/op
OverheadActual  11: 3342336 op, 1294.00 ns, 0.0004 ns/op
OverheadActual  12: 3342336 op, 1307.00 ns, 0.0004 ns/op
OverheadActual  13: 3342336 op, 1296.00 ns, 0.0004 ns/op
OverheadActual  14: 3342336 op, 1301.00 ns, 0.0004 ns/op
OverheadActual  15: 3342336 op, 1302.00 ns, 0.0004 ns/op
OverheadActual  16: 3342336 op, 1298.00 ns, 0.0004 ns/op
OverheadActual  17: 3342336 op, 1301.00 ns, 0.0004 ns/op

WorkloadWarmup   1: 3342336 op, 252496653.00 ns, 75.5450 ns/op
WorkloadWarmup   2: 3342336 op, 253017612.00 ns, 75.7008 ns/op
WorkloadWarmup   3: 3342336 op, 253510726.00 ns, 75.8484 ns/op
WorkloadWarmup   4: 3342336 op, 251486563.00 ns, 75.2428 ns/op
WorkloadWarmup   5: 3342336 op, 253255994.00 ns, 75.7722 ns/op
WorkloadWarmup   6: 3342336 op, 181561333.00 ns, 54.3217 ns/op
WorkloadWarmup   7: 3342336 op, 75313649.00 ns, 22.5332 ns/op
WorkloadWarmup   8: 3342336 op, 75487059.00 ns, 22.5851 ns/op
WorkloadWarmup   9: 3342336 op, 75753522.00 ns, 22.6648 ns/op
WorkloadWarmup  10: 3342336 op, 73980766.00 ns, 22.1344 ns/op
WorkloadWarmup  11: 3342336 op, 75888504.00 ns, 22.7052 ns/op
WorkloadWarmup  12: 3342336 op, 75683986.00 ns, 22.6440 ns/op
WorkloadWarmup  13: 3342336 op, 74699788.00 ns, 22.3496 ns/op
WorkloadWarmup  14: 3342336 op, 78708092.00 ns, 23.5488 ns/op
WorkloadWarmup  15: 3342336 op, 72435263.00 ns, 21.6720 ns/op
WorkloadWarmup  16: 3342336 op, 72496104.00 ns, 21.6903 ns/op

// BeforeActualRun
WorkloadActual   1: 3342336 op, 73802229.00 ns, 22.0810 ns/op
WorkloadActual   2: 3342336 op, 74477113.00 ns, 22.2830 ns/op
WorkloadActual   3: 3342336 op, 74407792.00 ns, 22.2622 ns/op
WorkloadActual   4: 3342336 op, 74362532.00 ns, 22.2487 ns/op
WorkloadActual   5: 3342336 op, 73946278.00 ns, 22.1241 ns/op
WorkloadActual   6: 3342336 op, 74127774.00 ns, 22.1784 ns/op
WorkloadActual   7: 3342336 op, 74045919.00 ns, 22.1539 ns/op
WorkloadActual   8: 3342336 op, 74865456.00 ns, 22.3991 ns/op
WorkloadActual   9: 3342336 op, 74790459.00 ns, 22.3767 ns/op
WorkloadActual  10: 3342336 op, 73628400.00 ns, 22.0290 ns/op
WorkloadActual  11: 3342336 op, 73901700.00 ns, 22.1108 ns/op
WorkloadActual  12: 3342336 op, 74888638.00 ns, 22.4061 ns/op

// AfterActualRun
WorkloadResult   1: 3342336 op, 73800927.00 ns, 22.0806 ns/op
WorkloadResult   2: 3342336 op, 74475811.00 ns, 22.2826 ns/op
WorkloadResult   3: 3342336 op, 74406490.00 ns, 22.2618 ns/op
WorkloadResult   4: 3342336 op, 74361230.00 ns, 22.2483 ns/op
WorkloadResult   5: 3342336 op, 73944976.00 ns, 22.1237 ns/op
WorkloadResult   6: 3342336 op, 74126472.00 ns, 22.1780 ns/op
WorkloadResult   7: 3342336 op, 74044617.00 ns, 22.1536 ns/op
WorkloadResult   8: 3342336 op, 74864154.00 ns, 22.3988 ns/op
WorkloadResult   9: 3342336 op, 74789157.00 ns, 22.3763 ns/op
WorkloadResult  10: 3342336 op, 73627098.00 ns, 22.0286 ns/op
WorkloadResult  11: 3342336 op, 73900398.00 ns, 22.1104 ns/op
WorkloadResult  12: 3342336 op, 74887336.00 ns, 22.4057 ns/op
// GC:  0 0 0 0 3342336
// Threading:  0 0 3342336

// AfterAll
// Benchmark Process 2360238 has exited with code 0.

Mean = 22.221 ns, StdErr = 0.037 ns (0.17%), N = 12, StdDev = 0.128 ns
Min = 22.029 ns, Q1 = 22.120 ns, Median = 22.213 ns, Q3 = 22.306 ns, Max = 22.406 ns
IQR = 0.186 ns, LowerFence = 21.842 ns, UpperFence = 22.584 ns
ConfidenceInterval = [22.056 ns; 22.385 ns] (CI 99.9%), Margin = 0.164 ns (0.74% of Mean)
Skewness = 0.14, Kurtosis = 1.48, MValue = 2

// ** Remained 16 (53.3%) benchmark(s) to run. Estimated finish 2026-09-12 10:46 (0h 1m from now) **
// **************************
// Benchmark: DataAuthoredQueryBenchmarks.DataAuthoredFacade: Jit(IterationCount=12, IterationTime=250ms, WarmupCount=16) [Shape=SixteenTracks, Pattern=Forward]
// *** Execute ***
// Launch: 1 / 1
// Execute: dotnet Alpha-Jit-1.dll --anonymousPipes 157 158 --benchmarkName "DataAuthoredQueryBenchmarks.DataAuthoredFacade(Shape: SixteenTracks, Pattern: Forward)" --job Jit --benchmarkId 14 in /home/i/GitHub/tl-56-feat-data-authored-api/benchmarks/Alpha/bin/Release/net10.0/Alpha-Jit-1/bin/Release/net10.0
// Failed to set up high priority (Permission denied). In order to run benchmarks with high priority, make sure you have the right permissions.
// BeforeAnythingElse

// Benchmark Process Environment Information:
// BenchmarkDotNet v0.15.8
// Runtime=.NET 10.0.12 (10.0.12, 10.0.1226.42308), X64 RyuJIT x86-64-v3
// GC=Concurrent Workstation
// HardwareIntrinsics=AVX2+BMI1+BMI2+F16C+FMA+LZCNT+MOVBE,AVX,SSE3+SSSE3+SSE4.1+SSE4.2+POPCNT,X86Base+SSE+SSE2,AES+PCLMUL,AvxVnni,SERIALIZE VectorSize=256
// Job: Jit(IterationCount=12, IterationTime=250ms, WarmupCount=16)

OverheadJitting  1: 4096 op, 107322.00 ns, 26.2017 ns/op
WorkloadJitting  1: 4096 op, 1239160.00 ns, 302.5293 ns/op

OverheadJitting  2: 65536 op, 130836.00 ns, 1.9964 ns/op
WorkloadJitting  2: 65536 op, 19965057.00 ns, 304.6426 ns/op

WorkloadPilot    1: 65536 op, 18800086.00 ns, 286.8665 ns/op
WorkloadPilot    2: 917504 op, 251237647.00 ns, 273.8273 ns/op

OverheadWarmup   1: 917504 op, 842.00 ns, 0.0009 ns/op
OverheadWarmup   2: 917504 op, 521.00 ns, 0.0006 ns/op
OverheadWarmup   3: 917504 op, 621.00 ns, 0.0007 ns/op
OverheadWarmup   4: 917504 op, 411.00 ns, 0.0004 ns/op
OverheadWarmup   5: 917504 op, 452.00 ns, 0.0005 ns/op
OverheadWarmup   6: 917504 op, 396.00 ns, 0.0004 ns/op

OverheadActual   1: 917504 op, 603.00 ns, 0.0007 ns/op
OverheadActual   2: 917504 op, 596.00 ns, 0.0006 ns/op
OverheadActual   3: 917504 op, 617.00 ns, 0.0007 ns/op
OverheadActual   4: 917504 op, 462.00 ns, 0.0005 ns/op
OverheadActual   5: 917504 op, 670.00 ns, 0.0007 ns/op
OverheadActual   6: 917504 op, 519.00 ns, 0.0006 ns/op
OverheadActual   7: 917504 op, 535.00 ns, 0.0006 ns/op
OverheadActual   8: 917504 op, 469.00 ns, 0.0005 ns/op
OverheadActual   9: 917504 op, 475.00 ns, 0.0005 ns/op
OverheadActual  10: 917504 op, 557.00 ns, 0.0006 ns/op
OverheadActual  11: 917504 op, 532.00 ns, 0.0006 ns/op
OverheadActual  12: 917504 op, 397.00 ns, 0.0004 ns/op
OverheadActual  13: 917504 op, 456.00 ns, 0.0005 ns/op
OverheadActual  14: 917504 op, 381.00 ns, 0.0004 ns/op
OverheadActual  15: 917504 op, 385.00 ns, 0.0004 ns/op
OverheadActual  16: 917504 op, 475.00 ns, 0.0005 ns/op
OverheadActual  17: 917504 op, 402.00 ns, 0.0004 ns/op
OverheadActual  18: 917504 op, 576.00 ns, 0.0006 ns/op
OverheadActual  19: 917504 op, 387.00 ns, 0.0004 ns/op
OverheadActual  20: 917504 op, 403.00 ns, 0.0004 ns/op

WorkloadWarmup   1: 917504 op, 257672916.00 ns, 280.8412 ns/op
WorkloadWarmup   2: 917504 op, 255752198.00 ns, 278.7478 ns/op
WorkloadWarmup   3: 917504 op, 251345409.00 ns, 273.9448 ns/op
WorkloadWarmup   4: 917504 op, 256009142.00 ns, 279.0278 ns/op
WorkloadWarmup   5: 917504 op, 258419764.00 ns, 281.6552 ns/op
WorkloadWarmup   6: 917504 op, 256728688.00 ns, 279.8121 ns/op
WorkloadWarmup   7: 917504 op, 134274627.00 ns, 146.3477 ns/op
WorkloadWarmup   8: 917504 op, 70529728.00 ns, 76.8713 ns/op
WorkloadWarmup   9: 917504 op, 71386626.00 ns, 77.8052 ns/op
WorkloadWarmup  10: 917504 op, 71055204.00 ns, 77.4440 ns/op
WorkloadWarmup  11: 917504 op, 69989459.00 ns, 76.2825 ns/op
WorkloadWarmup  12: 917504 op, 71622533.00 ns, 78.0624 ns/op
WorkloadWarmup  13: 917504 op, 71007343.00 ns, 77.3919 ns/op
WorkloadWarmup  14: 917504 op, 71503583.00 ns, 77.9327 ns/op
WorkloadWarmup  15: 917504 op, 71093018.00 ns, 77.4852 ns/op
WorkloadWarmup  16: 917504 op, 71058143.00 ns, 77.4472 ns/op

// BeforeActualRun
WorkloadActual   1: 917504 op, 70410368.00 ns, 76.7412 ns/op
WorkloadActual   2: 917504 op, 71148768.00 ns, 77.5460 ns/op
WorkloadActual   3: 917504 op, 71105527.00 ns, 77.4989 ns/op
WorkloadActual   4: 917504 op, 71194561.00 ns, 77.5959 ns/op
WorkloadActual   5: 917504 op, 70426192.00 ns, 76.7585 ns/op
WorkloadActual   6: 917504 op, 71190548.00 ns, 77.5915 ns/op
WorkloadActual   7: 917504 op, 70549436.00 ns, 76.8928 ns/op
WorkloadActual   8: 917504 op, 71087252.00 ns, 77.4790 ns/op
WorkloadActual   9: 917504 op, 70666676.00 ns, 77.0206 ns/op
WorkloadActual  10: 917504 op, 71100821.00 ns, 77.4937 ns/op
WorkloadActual  11: 917504 op, 71879689.00 ns, 78.3426 ns/op
WorkloadActual  12: 917504 op, 71114715.00 ns, 77.5089 ns/op

// AfterActualRun
WorkloadResult   1: 917504 op, 70409893.00 ns, 76.7407 ns/op
WorkloadResult   2: 917504 op, 71148293.00 ns, 77.5455 ns/op
WorkloadResult   3: 917504 op, 71105052.00 ns, 77.4984 ns/op
WorkloadResult   4: 917504 op, 71194086.00 ns, 77.5954 ns/op
WorkloadResult   5: 917504 op, 70425717.00 ns, 76.7579 ns/op
WorkloadResult   6: 917504 op, 71190073.00 ns, 77.5910 ns/op
WorkloadResult   7: 917504 op, 70548961.00 ns, 76.8923 ns/op
WorkloadResult   8: 917504 op, 71086777.00 ns, 77.4784 ns/op
WorkloadResult   9: 917504 op, 70666201.00 ns, 77.0200 ns/op
WorkloadResult  10: 917504 op, 71100346.00 ns, 77.4932 ns/op
WorkloadResult  11: 917504 op, 71879214.00 ns, 78.3421 ns/op
WorkloadResult  12: 917504 op, 71114240.00 ns, 77.5084 ns/op
// GC:  0 0 0 0 917504
// Threading:  0 0 917504

// AfterAll
// Benchmark Process 2364145 has exited with code 0.

Mean = 77.372 ns, StdErr = 0.131 ns (0.17%), N = 12, StdDev = 0.453 ns
Min = 76.741 ns, Q1 = 76.988 ns, Median = 77.496 ns, Q3 = 77.557 ns, Max = 78.342 ns
IQR = 0.569 ns, LowerFence = 76.135 ns, UpperFence = 78.410 ns
ConfidenceInterval = [76.791 ns; 77.952 ns] (CI 99.9%), Margin = 0.580 ns (0.75% of Mean)
Skewness = 0.28, Kurtosis = 2.49, MValue = 2

// ** Remained 15 (50.0%) benchmark(s) to run. Estimated finish 2026-09-12 10:45 (0h 1m from now) **
// **************************
// Benchmark: DataAuthoredQueryBenchmarks.DirectShape: Jit(IterationCount=12, IterationTime=250ms, WarmupCount=16) [Shape=SixteenTracks, Pattern=Alternating]
// *** Execute ***
// Launch: 1 / 1
// Execute: dotnet Alpha-Jit-1.dll --anonymousPipes 157 158 --benchmarkName "DataAuthoredQueryBenchmarks.DirectShape(Shape: SixteenTracks, Pattern: Alternating)" --job Jit --benchmarkId 15 in /home/i/GitHub/tl-56-feat-data-authored-api/benchmarks/Alpha/bin/Release/net10.0/Alpha-Jit-1/bin/Release/net10.0
// Failed to set up high priority (Permission denied). In order to run benchmarks with high priority, make sure you have the right permissions.
// BeforeAnythingElse

// Benchmark Process Environment Information:
// BenchmarkDotNet v0.15.8
// Runtime=.NET 10.0.12 (10.0.12, 10.0.1226.42308), X64 RyuJIT x86-64-v3
// GC=Concurrent Workstation
// HardwareIntrinsics=AVX2+BMI1+BMI2+F16C+FMA+LZCNT+MOVBE,AVX,SSE3+SSSE3+SSE4.1+SSE4.2+POPCNT,X86Base+SSE+SSE2,AES+PCLMUL,AvxVnni,SERIALIZE VectorSize=256
// Job: Jit(IterationCount=12, IterationTime=250ms, WarmupCount=16)

OverheadJitting  1: 4096 op, 102789.00 ns, 25.0950 ns/op
WorkloadJitting  1: 4096 op, 1644490.00 ns, 401.4868 ns/op

OverheadJitting  2: 65536 op, 136291.00 ns, 2.0796 ns/op
WorkloadJitting  2: 65536 op, 1413111.00 ns, 21.5624 ns/op

WorkloadPilot    1: 65536 op, 1187760.00 ns, 18.1238 ns/op
WorkloadPilot    2: 13828096 op, 235864521.00 ns, 17.0569 ns/op
WorkloadPilot    3: 14680064 op, 252811215.00 ns, 17.2214 ns/op
WorkloadPilot    4: 14548992 op, 250708586.00 ns, 17.2320 ns/op

OverheadWarmup   1: 14548992 op, 6403.00 ns, 0.0004 ns/op
OverheadWarmup   2: 14548992 op, 8420.00 ns, 0.0006 ns/op
OverheadWarmup   3: 14548992 op, 5533.00 ns, 0.0004 ns/op
OverheadWarmup   4: 14548992 op, 5592.00 ns, 0.0004 ns/op
OverheadWarmup   5: 14548992 op, 5669.00 ns, 0.0004 ns/op
OverheadWarmup   6: 14548992 op, 5599.00 ns, 0.0004 ns/op

OverheadActual   1: 14548992 op, 5764.00 ns, 0.0004 ns/op
OverheadActual   2: 14548992 op, 5781.00 ns, 0.0004 ns/op
OverheadActual   3: 14548992 op, 5795.00 ns, 0.0004 ns/op
OverheadActual   4: 14548992 op, 5650.00 ns, 0.0004 ns/op
OverheadActual   5: 14548992 op, 5733.00 ns, 0.0004 ns/op
OverheadActual   6: 14548992 op, 5509.00 ns, 0.0004 ns/op
OverheadActual   7: 14548992 op, 5526.00 ns, 0.0004 ns/op
OverheadActual   8: 14548992 op, 5537.00 ns, 0.0004 ns/op
OverheadActual   9: 14548992 op, 5543.00 ns, 0.0004 ns/op
OverheadActual  10: 14548992 op, 5552.00 ns, 0.0004 ns/op
OverheadActual  11: 14548992 op, 5554.00 ns, 0.0004 ns/op
OverheadActual  12: 14548992 op, 5534.00 ns, 0.0004 ns/op
OverheadActual  13: 14548992 op, 5544.00 ns, 0.0004 ns/op
OverheadActual  14: 14548992 op, 5544.00 ns, 0.0004 ns/op
OverheadActual  15: 14548992 op, 5523.00 ns, 0.0004 ns/op

WorkloadWarmup   1: 14548992 op, 250276562.00 ns, 17.2023 ns/op
WorkloadWarmup   2: 14548992 op, 251308885.00 ns, 17.2733 ns/op
WorkloadWarmup   3: 14548992 op, 248640713.00 ns, 17.0899 ns/op
WorkloadWarmup   4: 14548992 op, 249249682.00 ns, 17.1317 ns/op
WorkloadWarmup   5: 14548992 op, 307537592.00 ns, 21.1381 ns/op
WorkloadWarmup   6: 14548992 op, 270890170.00 ns, 18.6192 ns/op
WorkloadWarmup   7: 14548992 op, 274894649.00 ns, 18.8944 ns/op
WorkloadWarmup   8: 14548992 op, 269299513.00 ns, 18.5098 ns/op
WorkloadWarmup   9: 14548992 op, 272131497.00 ns, 18.7045 ns/op
WorkloadWarmup  10: 14548992 op, 272163826.00 ns, 18.7067 ns/op
WorkloadWarmup  11: 14548992 op, 267497979.00 ns, 18.3860 ns/op
WorkloadWarmup  12: 14548992 op, 270878289.00 ns, 18.6184 ns/op
WorkloadWarmup  13: 14548992 op, 270538109.00 ns, 18.5950 ns/op
WorkloadWarmup  14: 14548992 op, 272019760.00 ns, 18.6968 ns/op
WorkloadWarmup  15: 14548992 op, 268072425.00 ns, 18.4255 ns/op
WorkloadWarmup  16: 14548992 op, 272844513.00 ns, 18.7535 ns/op

// BeforeActualRun
WorkloadActual   1: 14548992 op, 268462121.00 ns, 18.4523 ns/op
WorkloadActual   2: 14548992 op, 269028247.00 ns, 18.4912 ns/op
WorkloadActual   3: 14548992 op, 266204807.00 ns, 18.2971 ns/op
WorkloadActual   4: 14548992 op, 270086486.00 ns, 18.5639 ns/op
WorkloadActual   5: 14548992 op, 276778628.00 ns, 19.0239 ns/op
WorkloadActual   6: 14548992 op, 265483149.00 ns, 18.2475 ns/op
WorkloadActual   7: 14548992 op, 267890816.00 ns, 18.4130 ns/op
WorkloadActual   8: 14548992 op, 283308574.00 ns, 19.4727 ns/op
WorkloadActual   9: 14548992 op, 269280987.00 ns, 18.5086 ns/op
WorkloadActual  10: 14548992 op, 269774963.00 ns, 18.5425 ns/op
WorkloadActual  11: 14548992 op, 263420694.00 ns, 18.1058 ns/op
WorkloadActual  12: 14548992 op, 269757799.00 ns, 18.5413 ns/op

// AfterActualRun
WorkloadResult   1: 14548992 op, 268456577.00 ns, 18.4519 ns/op
WorkloadResult   2: 14548992 op, 269022703.00 ns, 18.4908 ns/op
WorkloadResult   3: 14548992 op, 266199263.00 ns, 18.2967 ns/op
WorkloadResult   4: 14548992 op, 270080942.00 ns, 18.5636 ns/op
WorkloadResult   5: 14548992 op, 265477605.00 ns, 18.2471 ns/op
WorkloadResult   6: 14548992 op, 267885272.00 ns, 18.4126 ns/op
WorkloadResult   7: 14548992 op, 269275443.00 ns, 18.5082 ns/op
WorkloadResult   8: 14548992 op, 269769419.00 ns, 18.5421 ns/op
WorkloadResult   9: 14548992 op, 263415150.00 ns, 18.1054 ns/op
WorkloadResult  10: 14548992 op, 269752255.00 ns, 18.5410 ns/op
// GC:  0 0 0 0 14548992
// Threading:  0 0 14548992

// AfterAll
// Benchmark Process 2367932 has exited with code 0.

Mean = 18.416 ns, StdErr = 0.048 ns (0.26%), N = 10, StdDev = 0.152 ns
Min = 18.105 ns, Q1 = 18.326 ns, Median = 18.471 ns, Q3 = 18.533 ns, Max = 18.564 ns
IQR = 0.207 ns, LowerFence = 18.015 ns, UpperFence = 18.843 ns
ConfidenceInterval = [18.186 ns; 18.646 ns] (CI 99.9%), Margin = 0.230 ns (1.25% of Mean)
Skewness = -0.8, Kurtosis = 2.14, MValue = 2

// ** Remained 14 (46.7%) benchmark(s) to run. Estimated finish 2026-09-12 10:46 (0h 1m from now) **
// **************************
// Benchmark: DataAuthoredQueryBenchmarks.GeneratedShape: Jit(IterationCount=12, IterationTime=250ms, WarmupCount=16) [Shape=SixteenTracks, Pattern=Alternating]
// *** Execute ***
// Launch: 1 / 1
// Execute: dotnet Alpha-Jit-1.dll --anonymousPipes 157 158 --benchmarkName "DataAuthoredQueryBenchmarks.GeneratedShape(Shape: SixteenTracks, Pattern: Alternating)" --job Jit --benchmarkId 16 in /home/i/GitHub/tl-56-feat-data-authored-api/benchmarks/Alpha/bin/Release/net10.0/Alpha-Jit-1/bin/Release/net10.0
// Failed to set up high priority (Permission denied). In order to run benchmarks with high priority, make sure you have the right permissions.
// BeforeAnythingElse

// Benchmark Process Environment Information:
// BenchmarkDotNet v0.15.8
// Runtime=.NET 10.0.12 (10.0.12, 10.0.1226.42308), X64 RyuJIT x86-64-v3
// GC=Concurrent Workstation
// HardwareIntrinsics=AVX2+BMI1+BMI2+F16C+FMA+LZCNT+MOVBE,AVX,SSE3+SSSE3+SSE4.1+SSE4.2+POPCNT,X86Base+SSE+SSE2,AES+PCLMUL,AvxVnni,SERIALIZE VectorSize=256
// Job: Jit(IterationCount=12, IterationTime=250ms, WarmupCount=16)

OverheadJitting  1: 4096 op, 108631.00 ns, 26.5212 ns/op
WorkloadJitting  1: 4096 op, 985198.00 ns, 240.5269 ns/op

OverheadJitting  2: 65536 op, 130689.00 ns, 1.9942 ns/op
WorkloadJitting  2: 65536 op, 11850703.00 ns, 180.8274 ns/op

WorkloadPilot    1: 65536 op, 9875082.00 ns, 150.6818 ns/op
WorkloadPilot    2: 1703936 op, 242446627.00 ns, 142.2862 ns/op
WorkloadPilot    3: 1769472 op, 249714230.00 ns, 141.1236 ns/op

OverheadWarmup   1: 1769472 op, 1325.00 ns, 0.0007 ns/op
OverheadWarmup   2: 1769472 op, 783.00 ns, 0.0004 ns/op
OverheadWarmup   3: 1769472 op, 705.00 ns, 0.0004 ns/op
OverheadWarmup   4: 1769472 op, 727.00 ns, 0.0004 ns/op
OverheadWarmup   5: 1769472 op, 753.00 ns, 0.0004 ns/op
OverheadWarmup   6: 1769472 op, 754.00 ns, 0.0004 ns/op
OverheadWarmup   7: 1769472 op, 883.00 ns, 0.0005 ns/op
OverheadWarmup   8: 1769472 op, 753.00 ns, 0.0004 ns/op
OverheadWarmup   9: 1769472 op, 772.00 ns, 0.0004 ns/op
OverheadWarmup  10: 1769472 op, 887.00 ns, 0.0005 ns/op

OverheadActual   1: 1769472 op, 1411.00 ns, 0.0008 ns/op
OverheadActual   2: 1769472 op, 990.00 ns, 0.0006 ns/op
OverheadActual   3: 1769472 op, 1138.00 ns, 0.0006 ns/op
OverheadActual   4: 1769472 op, 859.00 ns, 0.0005 ns/op
OverheadActual   5: 1769472 op, 970.00 ns, 0.0005 ns/op
OverheadActual   6: 1769472 op, 730.00 ns, 0.0004 ns/op
OverheadActual   7: 1769472 op, 711.00 ns, 0.0004 ns/op
OverheadActual   8: 1769472 op, 737.00 ns, 0.0004 ns/op
OverheadActual   9: 1769472 op, 718.00 ns, 0.0004 ns/op
OverheadActual  10: 1769472 op, 717.00 ns, 0.0004 ns/op
OverheadActual  11: 1769472 op, 731.00 ns, 0.0004 ns/op
OverheadActual  12: 1769472 op, 727.00 ns, 0.0004 ns/op
OverheadActual  13: 1769472 op, 749.00 ns, 0.0004 ns/op
OverheadActual  14: 1769472 op, 734.00 ns, 0.0004 ns/op
OverheadActual  15: 1769472 op, 754.00 ns, 0.0004 ns/op
OverheadActual  16: 1769472 op, 744.00 ns, 0.0004 ns/op
OverheadActual  17: 1769472 op, 729.00 ns, 0.0004 ns/op
OverheadActual  18: 1769472 op, 952.00 ns, 0.0005 ns/op
OverheadActual  19: 1769472 op, 819.00 ns, 0.0005 ns/op
OverheadActual  20: 1769472 op, 760.00 ns, 0.0004 ns/op

WorkloadWarmup   1: 1769472 op, 253424754.00 ns, 143.2206 ns/op
WorkloadWarmup   2: 1769472 op, 253038310.00 ns, 143.0022 ns/op
WorkloadWarmup   3: 1769472 op, 253300239.00 ns, 143.1502 ns/op
WorkloadWarmup   4: 1769472 op, 256782029.00 ns, 145.1179 ns/op
WorkloadWarmup   5: 1769472 op, 252896899.00 ns, 142.9222 ns/op
WorkloadWarmup   6: 1769472 op, 189211786.00 ns, 106.9312 ns/op
WorkloadWarmup   7: 1769472 op, 36481273.00 ns, 20.6170 ns/op
WorkloadWarmup   8: 1769472 op, 37890972.00 ns, 21.4137 ns/op
WorkloadWarmup   9: 1769472 op, 36715721.00 ns, 20.7495 ns/op
WorkloadWarmup  10: 1769472 op, 38311804.00 ns, 21.6515 ns/op
WorkloadWarmup  11: 1769472 op, 37568968.00 ns, 21.2317 ns/op
WorkloadWarmup  12: 1769472 op, 37083742.00 ns, 20.9575 ns/op
WorkloadWarmup  13: 1769472 op, 36353416.00 ns, 20.5448 ns/op
WorkloadWarmup  14: 1769472 op, 35020427.00 ns, 19.7915 ns/op
WorkloadWarmup  15: 1769472 op, 36068250.00 ns, 20.3836 ns/op
WorkloadWarmup  16: 1769472 op, 35401991.00 ns, 20.0071 ns/op

// BeforeActualRun
WorkloadActual   1: 1769472 op, 36062624.00 ns, 20.3804 ns/op
WorkloadActual   2: 1769472 op, 36178376.00 ns, 20.4459 ns/op
WorkloadActual   3: 1769472 op, 36562305.00 ns, 20.6628 ns/op
WorkloadActual   4: 1769472 op, 35577467.00 ns, 20.1063 ns/op
WorkloadActual   5: 1769472 op, 36988146.00 ns, 20.9035 ns/op
WorkloadActual   6: 1769472 op, 36609273.00 ns, 20.6894 ns/op
WorkloadActual   7: 1769472 op, 35705163.00 ns, 20.1784 ns/op
WorkloadActual   8: 1769472 op, 36297394.00 ns, 20.5131 ns/op
WorkloadActual   9: 1769472 op, 36526460.00 ns, 20.6426 ns/op
WorkloadActual  10: 1769472 op, 35943353.00 ns, 20.3130 ns/op
WorkloadActual  11: 1769472 op, 36322396.00 ns, 20.5273 ns/op
WorkloadActual  12: 1769472 op, 36463827.00 ns, 20.6072 ns/op

// AfterActualRun
WorkloadResult   1: 1769472 op, 36061877.50 ns, 20.3800 ns/op
WorkloadResult   2: 1769472 op, 36177629.50 ns, 20.4454 ns/op
WorkloadResult   3: 1769472 op, 36561558.50 ns, 20.6624 ns/op
WorkloadResult   4: 1769472 op, 35576720.50 ns, 20.1058 ns/op
WorkloadResult   5: 1769472 op, 36987399.50 ns, 20.9031 ns/op
WorkloadResult   6: 1769472 op, 36608526.50 ns, 20.6890 ns/op
WorkloadResult   7: 1769472 op, 35704416.50 ns, 20.1780 ns/op
WorkloadResult   8: 1769472 op, 36296647.50 ns, 20.5127 ns/op
WorkloadResult   9: 1769472 op, 36525713.50 ns, 20.6422 ns/op
WorkloadResult  10: 1769472 op, 35942606.50 ns, 20.3126 ns/op
WorkloadResult  11: 1769472 op, 36321649.50 ns, 20.5268 ns/op
WorkloadResult  12: 1769472 op, 36463080.50 ns, 20.6068 ns/op
// GC:  0 0 0 0 1769472
// Threading:  0 0 1769472

// AfterAll
// Benchmark Process 2376572 has exited with code 0.

Mean = 20.497 ns, StdErr = 0.066 ns (0.32%), N = 12, StdDev = 0.227 ns
Min = 20.106 ns, Q1 = 20.363 ns, Median = 20.520 ns, Q3 = 20.647 ns, Max = 20.903 ns
IQR = 0.284 ns, LowerFence = 19.937 ns, UpperFence = 21.073 ns
ConfidenceInterval = [20.206 ns; 20.788 ns] (CI 99.9%), Margin = 0.291 ns (1.42% of Mean)
Skewness = -0.12, Kurtosis = 2.03, MValue = 2

// ** Remained 13 (43.3%) benchmark(s) to run. Estimated finish 2026-09-12 10:45 (0h 1m from now) **
// **************************
// Benchmark: DataAuthoredQueryBenchmarks.DataAuthoredFacade: Jit(IterationCount=12, IterationTime=250ms, WarmupCount=16) [Shape=SixteenTracks, Pattern=Alternating]
// *** Execute ***
// Launch: 1 / 1
// Execute: dotnet Alpha-Jit-1.dll --anonymousPipes 116 117 --benchmarkName "DataAuthoredQueryBenchmarks.DataAuthoredFacade(Shape: SixteenTracks, Pattern: Alternating)" --job Jit --benchmarkId 17 in /home/i/GitHub/tl-56-feat-data-authored-api/benchmarks/Alpha/bin/Release/net10.0/Alpha-Jit-1/bin/Release/net10.0
// Failed to set up high priority (Permission denied). In order to run benchmarks with high priority, make sure you have the right permissions.
// BeforeAnythingElse

// Benchmark Process Environment Information:
// BenchmarkDotNet v0.15.8
// Runtime=.NET 10.0.12 (10.0.12, 10.0.1226.42308), X64 RyuJIT x86-64-v3
// GC=Concurrent Workstation
// HardwareIntrinsics=AVX2+BMI1+BMI2+F16C+FMA+LZCNT+MOVBE,AVX,SSE3+SSSE3+SSE4.1+SSE4.2+POPCNT,X86Base+SSE+SSE2,AES+PCLMUL,AvxVnni,SERIALIZE VectorSize=256
// Job: Jit(IterationCount=12, IterationTime=250ms, WarmupCount=16)

OverheadJitting  1: 4096 op, 102845.00 ns, 25.1086 ns/op
WorkloadJitting  1: 4096 op, 1261922.00 ns, 308.0864 ns/op

OverheadJitting  2: 65536 op, 123864.00 ns, 1.8900 ns/op
WorkloadJitting  2: 65536 op, 20468541.00 ns, 312.3251 ns/op

WorkloadPilot    1: 65536 op, 19484892.00 ns, 297.3159 ns/op
WorkloadPilot    2: 851968 op, 241961337.00 ns, 284.0028 ns/op
WorkloadPilot    3: 917504 op, 261382430.00 ns, 284.8842 ns/op

OverheadWarmup   1: 917504 op, 1073.00 ns, 0.0012 ns/op
OverheadWarmup   2: 917504 op, 439.00 ns, 0.0005 ns/op
OverheadWarmup   3: 917504 op, 414.00 ns, 0.0005 ns/op
OverheadWarmup   4: 917504 op, 396.00 ns, 0.0004 ns/op
OverheadWarmup   5: 917504 op, 423.00 ns, 0.0005 ns/op
OverheadWarmup   6: 917504 op, 398.00 ns, 0.0004 ns/op
OverheadWarmup   7: 917504 op, 416.00 ns, 0.0005 ns/op
OverheadWarmup   8: 917504 op, 499.00 ns, 0.0005 ns/op
OverheadWarmup   9: 917504 op, 1580.00 ns, 0.0017 ns/op
OverheadWarmup  10: 917504 op, 1350.00 ns, 0.0015 ns/op

OverheadActual   1: 917504 op, 895.00 ns, 0.0010 ns/op
OverheadActual   2: 917504 op, 767.00 ns, 0.0008 ns/op
OverheadActual   3: 917504 op, 708.00 ns, 0.0008 ns/op
OverheadActual   4: 917504 op, 519.00 ns, 0.0006 ns/op
OverheadActual   5: 917504 op, 611.00 ns, 0.0007 ns/op
OverheadActual   6: 917504 op, 449.00 ns, 0.0005 ns/op
OverheadActual   7: 917504 op, 433.00 ns, 0.0005 ns/op
OverheadActual   8: 917504 op, 431.00 ns, 0.0005 ns/op
OverheadActual   9: 917504 op, 424.00 ns, 0.0005 ns/op
OverheadActual  10: 917504 op, 415.00 ns, 0.0005 ns/op
OverheadActual  11: 917504 op, 408.00 ns, 0.0004 ns/op
OverheadActual  12: 917504 op, 417.00 ns, 0.0005 ns/op
OverheadActual  13: 917504 op, 402.00 ns, 0.0004 ns/op
OverheadActual  14: 917504 op, 407.00 ns, 0.0004 ns/op
OverheadActual  15: 917504 op, 404.00 ns, 0.0004 ns/op
OverheadActual  16: 917504 op, 402.00 ns, 0.0004 ns/op
OverheadActual  17: 917504 op, 417.00 ns, 0.0005 ns/op
OverheadActual  18: 917504 op, 578.00 ns, 0.0006 ns/op
OverheadActual  19: 917504 op, 430.00 ns, 0.0005 ns/op
OverheadActual  20: 917504 op, 422.00 ns, 0.0005 ns/op

WorkloadWarmup   1: 917504 op, 259141857.00 ns, 282.4422 ns/op
WorkloadWarmup   2: 917504 op, 261580973.00 ns, 285.1006 ns/op
WorkloadWarmup   3: 917504 op, 262212632.00 ns, 285.7891 ns/op
WorkloadWarmup   4: 917504 op, 259988353.00 ns, 283.3648 ns/op
WorkloadWarmup   5: 917504 op, 257309966.00 ns, 280.4456 ns/op
WorkloadWarmup   6: 917504 op, 127572314.00 ns, 139.0428 ns/op
WorkloadWarmup   7: 917504 op, 73454767.00 ns, 80.0593 ns/op
WorkloadWarmup   8: 917504 op, 73788612.00 ns, 80.4232 ns/op
WorkloadWarmup   9: 917504 op, 73684409.00 ns, 80.3096 ns/op
WorkloadWarmup  10: 917504 op, 73544082.00 ns, 80.1567 ns/op
WorkloadWarmup  11: 917504 op, 72495700.00 ns, 79.0140 ns/op
WorkloadWarmup  12: 917504 op, 73855935.00 ns, 80.4966 ns/op
WorkloadWarmup  13: 917504 op, 70937480.00 ns, 77.3157 ns/op
WorkloadWarmup  14: 917504 op, 71551829.00 ns, 77.9853 ns/op
WorkloadWarmup  15: 917504 op, 72814607.00 ns, 79.3616 ns/op
WorkloadWarmup  16: 917504 op, 72861646.00 ns, 79.4129 ns/op

// BeforeActualRun
WorkloadActual   1: 917504 op, 74079001.00 ns, 80.7397 ns/op
WorkloadActual   2: 917504 op, 73313641.00 ns, 79.9055 ns/op
WorkloadActual   3: 917504 op, 72110417.00 ns, 78.5941 ns/op
WorkloadActual   4: 917504 op, 73853996.00 ns, 80.4945 ns/op
WorkloadActual   5: 917504 op, 73523631.00 ns, 80.1344 ns/op
WorkloadActual   6: 917504 op, 73813254.00 ns, 80.4501 ns/op
WorkloadActual   7: 917504 op, 73749809.00 ns, 80.3809 ns/op
WorkloadActual   8: 917504 op, 73346864.00 ns, 79.9417 ns/op
WorkloadActual   9: 917504 op, 72856820.00 ns, 79.4076 ns/op
WorkloadActual  10: 917504 op, 73339852.00 ns, 79.9341 ns/op
WorkloadActual  11: 917504 op, 73097566.00 ns, 79.6700 ns/op
WorkloadActual  12: 917504 op, 72395763.00 ns, 78.9051 ns/op

// AfterActualRun
WorkloadResult   1: 917504 op, 74078574.00 ns, 80.7392 ns/op
WorkloadResult   2: 917504 op, 73313214.00 ns, 79.9051 ns/op
WorkloadResult   3: 917504 op, 72109990.00 ns, 78.5937 ns/op
WorkloadResult   4: 917504 op, 73853569.00 ns, 80.4940 ns/op
WorkloadResult   5: 917504 op, 73523204.00 ns, 80.1339 ns/op
WorkloadResult   6: 917504 op, 73812827.00 ns, 80.4496 ns/op
WorkloadResult   7: 917504 op, 73749382.00 ns, 80.3804 ns/op
WorkloadResult   8: 917504 op, 73346437.00 ns, 79.9413 ns/op
WorkloadResult   9: 917504 op, 72856393.00 ns, 79.4072 ns/op
WorkloadResult  10: 917504 op, 73339425.00 ns, 79.9336 ns/op
WorkloadResult  11: 917504 op, 73097139.00 ns, 79.6696 ns/op
WorkloadResult  12: 917504 op, 72395336.00 ns, 78.9047 ns/op
// GC:  0 0 0 0 917504
// Threading:  0 0 917504

// AfterAll
// Benchmark Process 2379556 has exited with code 0.

Mean = 79.879 ns, StdErr = 0.187 ns (0.23%), N = 12, StdDev = 0.649 ns
Min = 78.594 ns, Q1 = 79.604 ns, Median = 79.937 ns, Q3 = 80.398 ns, Max = 80.739 ns
IQR = 0.794 ns, LowerFence = 78.413 ns, UpperFence = 81.588 ns
ConfidenceInterval = [79.048 ns; 80.711 ns] (CI 99.9%), Margin = 0.831 ns (1.04% of Mean)
Skewness = -0.6, Kurtosis = 2.13, MValue = 2

// ** Remained 12 (40.0%) benchmark(s) to run. Estimated finish 2026-09-12 10:45 (0h 1m from now) **
// **************************
// Benchmark: DataAuthoredQueryBenchmarks.DirectShape: Jit(IterationCount=12, IterationTime=250ms, WarmupCount=16) [Shape=TwoHundredFiftySixTracks, Pattern=Forward]
// *** Execute ***
// Launch: 1 / 1
// Execute: dotnet Alpha-Jit-1.dll --anonymousPipes 116 117 --benchmarkName "DataAuthoredQueryBenchmarks.DirectShape(Shape: TwoHundredFiftySixTracks, Pattern: Forward)" --job Jit --benchmarkId 18 in /home/i/GitHub/tl-56-feat-data-authored-api/benchmarks/Alpha/bin/Release/net10.0/Alpha-Jit-1/bin/Release/net10.0
// Failed to set up high priority (Permission denied). In order to run benchmarks with high priority, make sure you have the right permissions.
// BeforeAnythingElse

// Benchmark Process Environment Information:
// BenchmarkDotNet v0.15.8
// Runtime=.NET 10.0.12 (10.0.12, 10.0.1226.42308), X64 RyuJIT x86-64-v3
// GC=Concurrent Workstation
// HardwareIntrinsics=AVX2+BMI1+BMI2+F16C+FMA+LZCNT+MOVBE,AVX,SSE3+SSSE3+SSE4.1+SSE4.2+POPCNT,X86Base+SSE+SSE2,AES+PCLMUL,AvxVnni,SERIALIZE VectorSize=256
// Job: Jit(IterationCount=12, IterationTime=250ms, WarmupCount=16)

OverheadJitting  1: 4096 op, 108150.00 ns, 26.4038 ns/op
WorkloadJitting  1: 4096 op, 2963456.00 ns, 723.5000 ns/op

OverheadJitting  2: 65536 op, 134498.00 ns, 2.0523 ns/op
WorkloadJitting  2: 65536 op, 30198160.00 ns, 460.7874 ns/op

WorkloadPilot    1: 65536 op, 30090344.00 ns, 459.1422 ns/op
WorkloadPilot    2: 589824 op, 267254228.00 ns, 453.1084 ns/op

OverheadWarmup   1: 589824 op, 779.00 ns, 0.0013 ns/op
OverheadWarmup   2: 589824 op, 372.00 ns, 0.0006 ns/op
OverheadWarmup   3: 589824 op, 237.00 ns, 0.0004 ns/op
OverheadWarmup   4: 589824 op, 255.00 ns, 0.0004 ns/op
OverheadWarmup   5: 589824 op, 304.00 ns, 0.0005 ns/op
OverheadWarmup   6: 589824 op, 276.00 ns, 0.0005 ns/op
OverheadWarmup   7: 589824 op, 310.00 ns, 0.0005 ns/op
OverheadWarmup   8: 589824 op, 294.00 ns, 0.0005 ns/op

OverheadActual   1: 589824 op, 805.00 ns, 0.0014 ns/op
OverheadActual   2: 589824 op, 558.00 ns, 0.0009 ns/op
OverheadActual   3: 589824 op, 532.00 ns, 0.0009 ns/op
OverheadActual   4: 589824 op, 376.00 ns, 0.0006 ns/op
OverheadActual   5: 589824 op, 469.00 ns, 0.0008 ns/op
OverheadActual   6: 589824 op, 267.00 ns, 0.0005 ns/op
OverheadActual   7: 589824 op, 223.00 ns, 0.0004 ns/op
OverheadActual   8: 589824 op, 217.00 ns, 0.0004 ns/op
OverheadActual   9: 589824 op, 215.00 ns, 0.0004 ns/op
OverheadActual  10: 589824 op, 218.00 ns, 0.0004 ns/op
OverheadActual  11: 589824 op, 315.00 ns, 0.0005 ns/op
OverheadActual  12: 589824 op, 255.00 ns, 0.0004 ns/op
OverheadActual  13: 589824 op, 285.00 ns, 0.0005 ns/op
OverheadActual  14: 589824 op, 253.00 ns, 0.0004 ns/op
OverheadActual  15: 589824 op, 267.00 ns, 0.0005 ns/op
OverheadActual  16: 589824 op, 258.00 ns, 0.0004 ns/op
OverheadActual  17: 589824 op, 307.00 ns, 0.0005 ns/op
OverheadActual  18: 589824 op, 391.00 ns, 0.0007 ns/op
OverheadActual  19: 589824 op, 325.00 ns, 0.0006 ns/op
OverheadActual  20: 589824 op, 269.00 ns, 0.0005 ns/op

WorkloadWarmup   1: 589824 op, 268989393.00 ns, 456.0503 ns/op
WorkloadWarmup   2: 589824 op, 266661761.00 ns, 452.1040 ns/op
WorkloadWarmup   3: 589824 op, 267492442.00 ns, 453.5123 ns/op
WorkloadWarmup   4: 589824 op, 268075566.00 ns, 454.5009 ns/op
WorkloadWarmup   5: 589824 op, 268858253.00 ns, 455.8279 ns/op
WorkloadWarmup   6: 589824 op, 222675727.00 ns, 377.5291 ns/op
WorkloadWarmup   7: 589824 op, 198614218.00 ns, 336.7347 ns/op
WorkloadWarmup   8: 589824 op, 199771587.00 ns, 338.6969 ns/op
WorkloadWarmup   9: 589824 op, 200553852.00 ns, 340.0232 ns/op
WorkloadWarmup  10: 589824 op, 201655408.00 ns, 341.8908 ns/op
WorkloadWarmup  11: 589824 op, 200415728.00 ns, 339.7890 ns/op
WorkloadWarmup  12: 589824 op, 198322971.00 ns, 336.2409 ns/op
WorkloadWarmup  13: 589824 op, 198328381.00 ns, 336.2501 ns/op
WorkloadWarmup  14: 589824 op, 196856424.00 ns, 333.7545 ns/op
WorkloadWarmup  15: 589824 op, 198499423.00 ns, 336.5401 ns/op
WorkloadWarmup  16: 589824 op, 197684858.00 ns, 335.1591 ns/op

// BeforeActualRun
WorkloadActual   1: 589824 op, 196052846.00 ns, 332.3921 ns/op
WorkloadActual   2: 589824 op, 196594425.00 ns, 333.3103 ns/op
WorkloadActual   3: 589824 op, 198456232.00 ns, 336.4669 ns/op
WorkloadActual   4: 589824 op, 197825879.00 ns, 335.3982 ns/op
WorkloadActual   5: 589824 op, 198234217.00 ns, 336.0905 ns/op
WorkloadActual   6: 589824 op, 199198625.00 ns, 337.7255 ns/op
WorkloadActual   7: 589824 op, 196412636.00 ns, 333.0021 ns/op
WorkloadActual   8: 589824 op, 219497654.00 ns, 372.1409 ns/op
WorkloadActual   9: 589824 op, 197527783.00 ns, 334.8928 ns/op
WorkloadActual  10: 589824 op, 198107537.00 ns, 335.8757 ns/op
WorkloadActual  11: 589824 op, 198314548.00 ns, 336.2267 ns/op
WorkloadActual  12: 589824 op, 198815897.00 ns, 337.0766 ns/op

// AfterActualRun
WorkloadResult   1: 589824 op, 196052569.00 ns, 332.3916 ns/op
WorkloadResult   2: 589824 op, 196594148.00 ns, 333.3098 ns/op
WorkloadResult   3: 589824 op, 198455955.00 ns, 336.4664 ns/op
WorkloadResult   4: 589824 op, 197825602.00 ns, 335.3977 ns/op
WorkloadResult   5: 589824 op, 198233940.00 ns, 336.0900 ns/op
WorkloadResult   6: 589824 op, 199198348.00 ns, 337.7251 ns/op
WorkloadResult   7: 589824 op, 196412359.00 ns, 333.0016 ns/op
WorkloadResult   8: 589824 op, 197527506.00 ns, 334.8923 ns/op
WorkloadResult   9: 589824 op, 198107260.00 ns, 335.8752 ns/op
WorkloadResult  10: 589824 op, 198314271.00 ns, 336.2262 ns/op
WorkloadResult  11: 589824 op, 198815620.00 ns, 337.0762 ns/op
// GC:  0 0 0 0 589824
// Threading:  0 0 589824

// AfterAll
// Benchmark Process 2383429 has exited with code 0.

Mean = 335.314 ns, StdErr = 0.523 ns (0.16%), N = 11, StdDev = 1.734 ns
Min = 332.392 ns, Q1 = 334.101 ns, Median = 335.875 ns, Q3 = 336.346 ns, Max = 337.725 ns
IQR = 2.245 ns, LowerFence = 330.733 ns, UpperFence = 339.714 ns
ConfidenceInterval = [332.915 ns; 337.713 ns] (CI 99.9%), Margin = 2.399 ns (0.72% of Mean)
Skewness = -0.4, Kurtosis = 1.65, MValue = 2

// ** Remained 11 (36.7%) benchmark(s) to run. Estimated finish 2026-09-12 10:45 (0h 0m from now) **
// **************************
// Benchmark: DataAuthoredQueryBenchmarks.GeneratedShape: Jit(IterationCount=12, IterationTime=250ms, WarmupCount=16) [Shape=TwoHundredFiftySixTracks, Pattern=Forward]
// *** Execute ***
// Launch: 1 / 1
// Execute: dotnet Alpha-Jit-1.dll --anonymousPipes 116 117 --benchmarkName "DataAuthoredQueryBenchmarks.GeneratedShape(Shape: TwoHundredFiftySixTracks, Pattern: Forward)" --job Jit --benchmarkId 19 in /home/i/GitHub/tl-56-feat-data-authored-api/benchmarks/Alpha/bin/Release/net10.0/Alpha-Jit-1/bin/Release/net10.0
// Failed to set up high priority (Permission denied). In order to run benchmarks with high priority, make sure you have the right permissions.
// BeforeAnythingElse

// Benchmark Process Environment Information:
// BenchmarkDotNet v0.15.8
// Runtime=.NET 10.0.12 (10.0.12, 10.0.1226.42308), X64 RyuJIT x86-64-v3
// GC=Concurrent Workstation
// HardwareIntrinsics=AVX2+BMI1+BMI2+F16C+FMA+LZCNT+MOVBE,AVX,SSE3+SSSE3+SSE4.1+SSE4.2+POPCNT,X86Base+SSE+SSE2,AES+PCLMUL,AvxVnni,SERIALIZE VectorSize=256
// Job: Jit(IterationCount=12, IterationTime=250ms, WarmupCount=16)

OverheadJitting  1: 4096 op, 108846.00 ns, 26.5737 ns/op
WorkloadJitting  1: 4096 op, 170156785.00 ns, 41.5422 us/op

OverheadJitting  2: 4096 op, 128.00 ns, 0.0313 ns/op
WorkloadJitting  2: 4096 op, 178705149.00 ns, 43.6292 us/op

WorkloadWarmup   1: 4096 op, 170214401.00 ns, 41.5563 us/op
WorkloadWarmup   2: 4096 op, 168133233.00 ns, 41.0482 us/op
WorkloadWarmup   3: 4096 op, 167318423.00 ns, 40.8492 us/op
WorkloadWarmup   4: 4096 op, 168630697.00 ns, 41.1696 us/op
WorkloadWarmup   5: 4096 op, 170204006.00 ns, 41.5537 us/op
WorkloadWarmup   6: 4096 op, 169628203.00 ns, 41.4131 us/op
WorkloadWarmup   7: 4096 op, 168718344.00 ns, 41.1910 us/op
WorkloadWarmup   8: 4096 op, 168693857.00 ns, 41.1850 us/op
WorkloadWarmup   9: 4096 op, 157640183.00 ns, 38.4864 us/op
WorkloadWarmup  10: 4096 op, 138615020.00 ns, 33.8416 us/op
WorkloadWarmup  11: 4096 op, 137398050.00 ns, 33.5444 us/op
WorkloadWarmup  12: 4096 op, 139492712.00 ns, 34.0558 us/op
WorkloadWarmup  13: 4096 op, 141771746.00 ns, 34.6122 us/op
WorkloadWarmup  14: 4096 op, 137962190.00 ns, 33.6822 us/op
WorkloadWarmup  15: 4096 op, 139270172.00 ns, 34.0015 us/op
WorkloadWarmup  16: 4096 op, 137663623.00 ns, 33.6093 us/op

// BeforeActualRun
WorkloadActual   1: 4096 op, 136584666.00 ns, 33.3459 us/op
WorkloadActual   2: 4096 op, 136491041.00 ns, 33.3230 us/op
WorkloadActual   3: 4096 op, 137149838.00 ns, 33.4838 us/op
WorkloadActual   4: 4096 op, 138752803.00 ns, 33.8752 us/op
WorkloadActual   5: 4096 op, 137112806.00 ns, 33.4748 us/op
WorkloadActual   6: 4096 op, 135788385.00 ns, 33.1515 us/op
WorkloadActual   7: 4096 op, 137631112.00 ns, 33.6013 us/op
WorkloadActual   8: 4096 op, 136293728.00 ns, 33.2748 us/op
WorkloadActual   9: 4096 op, 136834072.00 ns, 33.4068 us/op
WorkloadActual  10: 4096 op, 137182540.00 ns, 33.4918 us/op
WorkloadActual  11: 4096 op, 137978661.00 ns, 33.6862 us/op
WorkloadActual  12: 4096 op, 143719065.00 ns, 35.0877 us/op

// AfterActualRun
WorkloadResult   1: 4096 op, 136584666.00 ns, 33.3459 us/op
WorkloadResult   2: 4096 op, 136491041.00 ns, 33.3230 us/op
WorkloadResult   3: 4096 op, 137149838.00 ns, 33.4838 us/op
WorkloadResult   4: 4096 op, 138752803.00 ns, 33.8752 us/op
WorkloadResult   5: 4096 op, 137112806.00 ns, 33.4748 us/op
WorkloadResult   6: 4096 op, 135788385.00 ns, 33.1515 us/op
WorkloadResult   7: 4096 op, 137631112.00 ns, 33.6013 us/op
WorkloadResult   8: 4096 op, 136293728.00 ns, 33.2748 us/op
WorkloadResult   9: 4096 op, 136834072.00 ns, 33.4068 us/op
WorkloadResult  10: 4096 op, 137182540.00 ns, 33.4918 us/op
WorkloadResult  11: 4096 op, 137978661.00 ns, 33.6862 us/op
// GC:  0 0 0 0 4096
// Threading:  0 0 4096

// AfterAll
// Benchmark Process 2390645 has exited with code 0.

Mean = 33.465 us, StdErr = 0.061 us (0.18%), N = 11, StdDev = 0.202 us
Min = 33.151 us, Q1 = 33.334 us, Median = 33.475 us, Q3 = 33.547 us, Max = 33.875 us
IQR = 0.212 us, LowerFence = 33.016 us, UpperFence = 33.865 us
ConfidenceInterval = [33.185 us; 33.745 us] (CI 99.9%), Margin = 0.280 us (0.84% of Mean)
Skewness = 0.44, Kurtosis = 2.32, MValue = 2

// ** Remained 10 (33.3%) benchmark(s) to run. Estimated finish 2026-09-12 10:45 (0h 0m from now) **
// **************************
// Benchmark: DataAuthoredQueryBenchmarks.DataAuthoredFacade: Jit(IterationCount=12, IterationTime=250ms, WarmupCount=16) [Shape=TwoHundredFiftySixTracks, Pattern=Forward]
// *** Execute ***
// Launch: 1 / 1
// Execute: dotnet Alpha-Jit-1.dll --anonymousPipes 116 117 --benchmarkName "DataAuthoredQueryBenchmarks.DataAuthoredFacade(Shape: TwoHundredFiftySixTracks, Pattern: Forward)" --job Jit --benchmarkId 20 in /home/i/GitHub/tl-56-feat-data-authored-api/benchmarks/Alpha/bin/Release/net10.0/Alpha-Jit-1/bin/Release/net10.0
// Failed to set up high priority (Permission denied). In order to run benchmarks with high priority, make sure you have the right permissions.
// BeforeAnythingElse

// Benchmark Process Environment Information:
// BenchmarkDotNet v0.15.8
// Runtime=.NET 10.0.12 (10.0.12, 10.0.1226.42308), X64 RyuJIT x86-64-v3
// GC=Concurrent Workstation
// HardwareIntrinsics=AVX2+BMI1+BMI2+F16C+FMA+LZCNT+MOVBE,AVX,SSE3+SSSE3+SSE4.1+SSE4.2+POPCNT,X86Base+SSE+SSE2,AES+PCLMUL,AvxVnni,SERIALIZE VectorSize=256
// Job: Jit(IterationCount=12, IterationTime=250ms, WarmupCount=16)

OverheadJitting  1: 4096 op, 106770.00 ns, 26.0669 ns/op
WorkloadJitting  1: 4096 op, 16975221.00 ns, 4.1443 us/op

WorkloadPilot    1: 16384 op, 68523050.00 ns, 4.1823 us/op
WorkloadPilot    2: 61440 op, 250595308.00 ns, 4.0787 us/op

WorkloadWarmup   1: 61440 op, 252568179.00 ns, 4.1108 us/op
WorkloadWarmup   2: 61440 op, 250439165.00 ns, 4.0762 us/op
WorkloadWarmup   3: 61440 op, 250445106.00 ns, 4.0763 us/op
WorkloadWarmup   4: 61440 op, 251050382.00 ns, 4.0861 us/op
WorkloadWarmup   5: 61440 op, 253244067.00 ns, 4.1218 us/op
WorkloadWarmup   6: 61440 op, 163180949.00 ns, 2.6559 us/op
WorkloadWarmup   7: 61440 op, 69317695.00 ns, 1.1282 us/op
WorkloadWarmup   8: 61440 op, 71385314.00 ns, 1.1619 us/op
WorkloadWarmup   9: 61440 op, 69070346.00 ns, 1.1242 us/op
WorkloadWarmup  10: 61440 op, 73239562.00 ns, 1.1921 us/op
WorkloadWarmup  11: 61440 op, 68849452.00 ns, 1.1206 us/op
WorkloadWarmup  12: 61440 op, 67485842.00 ns, 1.0984 us/op
WorkloadWarmup  13: 61440 op, 69086207.00 ns, 1.1244 us/op
WorkloadWarmup  14: 61440 op, 68740522.00 ns, 1.1188 us/op
WorkloadWarmup  15: 61440 op, 68636956.00 ns, 1.1171 us/op
WorkloadWarmup  16: 61440 op, 71826972.00 ns, 1.1691 us/op

// BeforeActualRun
WorkloadActual   1: 61440 op, 69377013.00 ns, 1.1292 us/op
WorkloadActual   2: 61440 op, 68079098.00 ns, 1.1081 us/op
WorkloadActual   3: 61440 op, 68347025.00 ns, 1.1124 us/op
WorkloadActual   4: 61440 op, 68782553.00 ns, 1.1195 us/op
WorkloadActual   5: 61440 op, 68668456.00 ns, 1.1177 us/op
WorkloadActual   6: 61440 op, 67998409.00 ns, 1.1067 us/op
WorkloadActual   7: 61440 op, 68842194.00 ns, 1.1205 us/op
WorkloadActual   8: 61440 op, 68305273.00 ns, 1.1117 us/op
WorkloadActual   9: 61440 op, 68335854.00 ns, 1.1122 us/op
WorkloadActual  10: 61440 op, 68326423.00 ns, 1.1121 us/op
WorkloadActual  11: 61440 op, 69323061.00 ns, 1.1283 us/op
WorkloadActual  12: 61440 op, 69414408.00 ns, 1.1298 us/op

// AfterActualRun
WorkloadResult   1: 61440 op, 69377013.00 ns, 1.1292 us/op
WorkloadResult   2: 61440 op, 68079098.00 ns, 1.1081 us/op
WorkloadResult   3: 61440 op, 68347025.00 ns, 1.1124 us/op
WorkloadResult   4: 61440 op, 68782553.00 ns, 1.1195 us/op
WorkloadResult   5: 61440 op, 68668456.00 ns, 1.1177 us/op
WorkloadResult   6: 61440 op, 67998409.00 ns, 1.1067 us/op
WorkloadResult   7: 61440 op, 68842194.00 ns, 1.1205 us/op
WorkloadResult   8: 61440 op, 68305273.00 ns, 1.1117 us/op
WorkloadResult   9: 61440 op, 68335854.00 ns, 1.1122 us/op
WorkloadResult  10: 61440 op, 68326423.00 ns, 1.1121 us/op
WorkloadResult  11: 61440 op, 69323061.00 ns, 1.1283 us/op
WorkloadResult  12: 61440 op, 69414408.00 ns, 1.1298 us/op
// GC:  0 0 0 0 61440
// Threading:  0 0 61440

// AfterAll
// Benchmark Process 2395928 has exited with code 0.

Mean = 1.117 us, StdErr = 0.002 us (0.21%), N = 12, StdDev = 0.008 us
Min = 1.107 us, Q1 = 1.112 us, Median = 1.115 us, Q3 = 1.122 us, Max = 1.130 us
IQR = 0.010 us, LowerFence = 1.096 us, UpperFence = 1.138 us
ConfidenceInterval = [1.107 us; 1.128 us] (CI 99.9%), Margin = 0.010 us (0.94% of Mean)
Skewness = 0.36, Kurtosis = 1.5, MValue = 2

// ** Remained 9 (30.0%) benchmark(s) to run. Estimated finish 2026-09-12 10:45 (0h 0m from now) **
// **************************
// Benchmark: DataAuthoredQueryBenchmarks.DirectShape: Jit(IterationCount=12, IterationTime=250ms, WarmupCount=16) [Shape=TwoHundredFiftySixTracks, Pattern=Alternating]
// *** Execute ***
// Launch: 1 / 1
// Execute: dotnet Alpha-Jit-1.dll --anonymousPipes 116 117 --benchmarkName "DataAuthoredQueryBenchmarks.DirectShape(Shape: TwoHundredFiftySixTracks, Pattern: Alternating)" --job Jit --benchmarkId 21 in /home/i/GitHub/tl-56-feat-data-authored-api/benchmarks/Alpha/bin/Release/net10.0/Alpha-Jit-1/bin/Release/net10.0
// Failed to set up high priority (Permission denied). In order to run benchmarks with high priority, make sure you have the right permissions.
// BeforeAnythingElse

// Benchmark Process Environment Information:
// BenchmarkDotNet v0.15.8
// Runtime=.NET 10.0.12 (10.0.12, 10.0.1226.42308), X64 RyuJIT x86-64-v3
// GC=Concurrent Workstation
// HardwareIntrinsics=AVX2+BMI1+BMI2+F16C+FMA+LZCNT+MOVBE,AVX,SSE3+SSSE3+SSE4.1+SSE4.2+POPCNT,X86Base+SSE+SSE2,AES+PCLMUL,AvxVnni,SERIALIZE VectorSize=256
// Job: Jit(IterationCount=12, IterationTime=250ms, WarmupCount=16)

OverheadJitting  1: 4096 op, 106163.00 ns, 25.9187 ns/op
WorkloadJitting  1: 4096 op, 2758963.00 ns, 673.5750 ns/op

OverheadJitting  2: 65536 op, 133539.00 ns, 2.0376 ns/op
WorkloadJitting  2: 65536 op, 30950262.00 ns, 472.2635 ns/op

WorkloadPilot    1: 65536 op, 30519991.00 ns, 465.6981 ns/op
WorkloadPilot    2: 589824 op, 272645332.00 ns, 462.2486 ns/op

OverheadWarmup   1: 589824 op, 823.00 ns, 0.0014 ns/op
OverheadWarmup   2: 589824 op, 372.00 ns, 0.0006 ns/op
OverheadWarmup   3: 589824 op, 271.00 ns, 0.0005 ns/op
OverheadWarmup   4: 589824 op, 255.00 ns, 0.0004 ns/op
OverheadWarmup   5: 589824 op, 448.00 ns, 0.0008 ns/op
OverheadWarmup   6: 589824 op, 347.00 ns, 0.0006 ns/op
OverheadWarmup   7: 589824 op, 335.00 ns, 0.0006 ns/op
OverheadWarmup   8: 589824 op, 345.00 ns, 0.0006 ns/op
OverheadWarmup   9: 589824 op, 340.00 ns, 0.0006 ns/op

OverheadActual   1: 589824 op, 872.00 ns, 0.0015 ns/op
OverheadActual   2: 589824 op, 697.00 ns, 0.0012 ns/op
OverheadActual   3: 589824 op, 552.00 ns, 0.0009 ns/op
OverheadActual   4: 589824 op, 317.00 ns, 0.0005 ns/op
OverheadActual   5: 589824 op, 439.00 ns, 0.0007 ns/op
OverheadActual   6: 589824 op, 289.00 ns, 0.0005 ns/op
OverheadActual   7: 589824 op, 245.00 ns, 0.0004 ns/op
OverheadActual   8: 589824 op, 229.00 ns, 0.0004 ns/op
OverheadActual   9: 589824 op, 245.00 ns, 0.0004 ns/op
OverheadActual  10: 589824 op, 264.00 ns, 0.0004 ns/op
OverheadActual  11: 589824 op, 252.00 ns, 0.0004 ns/op
OverheadActual  12: 589824 op, 312.00 ns, 0.0005 ns/op
OverheadActual  13: 589824 op, 282.00 ns, 0.0005 ns/op
OverheadActual  14: 589824 op, 249.00 ns, 0.0004 ns/op
OverheadActual  15: 589824 op, 269.00 ns, 0.0005 ns/op
OverheadActual  16: 589824 op, 263.00 ns, 0.0004 ns/op
OverheadActual  17: 589824 op, 297.00 ns, 0.0005 ns/op
OverheadActual  18: 589824 op, 441.00 ns, 0.0007 ns/op
OverheadActual  19: 589824 op, 313.00 ns, 0.0005 ns/op
OverheadActual  20: 589824 op, 275.00 ns, 0.0005 ns/op

WorkloadWarmup   1: 589824 op, 275152513.00 ns, 466.4994 ns/op
WorkloadWarmup   2: 589824 op, 282705918.00 ns, 479.3056 ns/op
WorkloadWarmup   3: 589824 op, 275243097.00 ns, 466.6529 ns/op
WorkloadWarmup   4: 589824 op, 273149838.00 ns, 463.1040 ns/op
WorkloadWarmup   5: 589824 op, 280346568.00 ns, 475.3055 ns/op
WorkloadWarmup   6: 589824 op, 206750546.00 ns, 350.5292 ns/op
WorkloadWarmup   7: 589824 op, 202192580.00 ns, 342.8015 ns/op
WorkloadWarmup   8: 589824 op, 202045612.00 ns, 342.5524 ns/op
WorkloadWarmup   9: 589824 op, 203142401.00 ns, 344.4119 ns/op
WorkloadWarmup  10: 589824 op, 198513869.00 ns, 336.5646 ns/op
WorkloadWarmup  11: 589824 op, 202458865.00 ns, 343.2530 ns/op
WorkloadWarmup  12: 589824 op, 201248066.00 ns, 341.2002 ns/op
WorkloadWarmup  13: 589824 op, 200691715.00 ns, 340.2569 ns/op
WorkloadWarmup  14: 589824 op, 200870176.00 ns, 340.5595 ns/op
WorkloadWarmup  15: 589824 op, 201842493.00 ns, 342.2080 ns/op
WorkloadWarmup  16: 589824 op, 199610428.00 ns, 338.4237 ns/op

// BeforeActualRun
WorkloadActual   1: 589824 op, 200430182.00 ns, 339.8135 ns/op
WorkloadActual   2: 589824 op, 201570065.00 ns, 341.7461 ns/op
WorkloadActual   3: 589824 op, 199946657.00 ns, 338.9938 ns/op
WorkloadActual   4: 589824 op, 201542903.00 ns, 341.7001 ns/op
WorkloadActual   5: 589824 op, 199840245.00 ns, 338.8133 ns/op
WorkloadActual   6: 589824 op, 203616511.00 ns, 345.2157 ns/op
WorkloadActual   7: 589824 op, 217992997.00 ns, 369.5899 ns/op
WorkloadActual   8: 589824 op, 200506302.00 ns, 339.9426 ns/op
WorkloadActual   9: 589824 op, 201175567.00 ns, 341.0773 ns/op
WorkloadActual  10: 589824 op, 200027618.00 ns, 339.1310 ns/op
WorkloadActual  11: 589824 op, 199433929.00 ns, 338.1245 ns/op
WorkloadActual  12: 589824 op, 200390442.00 ns, 339.7462 ns/op

// AfterActualRun
WorkloadResult   1: 589824 op, 200429896.50 ns, 339.8131 ns/op
WorkloadResult   2: 589824 op, 201569779.50 ns, 341.7456 ns/op
WorkloadResult   3: 589824 op, 199946371.50 ns, 338.9933 ns/op
WorkloadResult   4: 589824 op, 201542617.50 ns, 341.6996 ns/op
WorkloadResult   5: 589824 op, 199839959.50 ns, 338.8129 ns/op
WorkloadResult   6: 589824 op, 203616225.50 ns, 345.2152 ns/op
WorkloadResult   7: 589824 op, 200506016.50 ns, 339.9421 ns/op
WorkloadResult   8: 589824 op, 201175281.50 ns, 341.0768 ns/op
WorkloadResult   9: 589824 op, 200027332.50 ns, 339.1305 ns/op
WorkloadResult  10: 589824 op, 199433643.50 ns, 338.1240 ns/op
WorkloadResult  11: 589824 op, 200390156.50 ns, 339.7457 ns/op
// GC:  0 0 0 0 589824
// Threading:  0 0 589824

// AfterAll
// Benchmark Process 2399717 has exited with code 0.

Mean = 340.391 ns, StdErr = 0.599 ns (0.18%), N = 11, StdDev = 1.985 ns
Min = 338.124 ns, Q1 = 339.062 ns, Median = 339.813 ns, Q3 = 341.388 ns, Max = 345.215 ns
IQR = 2.326 ns, LowerFence = 335.572 ns, UpperFence = 344.878 ns
ConfidenceInterval = [337.645 ns; 343.137 ns] (CI 99.9%), Margin = 2.746 ns (0.81% of Mean)
Skewness = 1.12, Kurtosis = 3.44, MValue = 2

// ** Remained 8 (26.7%) benchmark(s) to run. Estimated finish 2026-09-12 10:45 (0h 0m from now) **
// **************************
// Benchmark: DataAuthoredQueryBenchmarks.GeneratedShape: Jit(IterationCount=12, IterationTime=250ms, WarmupCount=16) [Shape=TwoHundredFiftySixTracks, Pattern=Alternating]
// *** Execute ***
// Launch: 1 / 1
// Execute: dotnet Alpha-Jit-1.dll --anonymousPipes 118 119 --benchmarkName "DataAuthoredQueryBenchmarks.GeneratedShape(Shape: TwoHundredFiftySixTracks, Pattern: Alternating)" --job Jit --benchmarkId 22 in /home/i/GitHub/tl-56-feat-data-authored-api/benchmarks/Alpha/bin/Release/net10.0/Alpha-Jit-1/bin/Release/net10.0
// Failed to set up high priority (Permission denied). In order to run benchmarks with high priority, make sure you have the right permissions.
// BeforeAnythingElse

// Benchmark Process Environment Information:
// BenchmarkDotNet v0.15.8
// Runtime=.NET 10.0.12 (10.0.12, 10.0.1226.42308), X64 RyuJIT x86-64-v3
// GC=Concurrent Workstation
// HardwareIntrinsics=AVX2+BMI1+BMI2+F16C+FMA+LZCNT+MOVBE,AVX,SSE3+SSSE3+SSE4.1+SSE4.2+POPCNT,X86Base+SSE+SSE2,AES+PCLMUL,AvxVnni,SERIALIZE VectorSize=256
// Job: Jit(IterationCount=12, IterationTime=250ms, WarmupCount=16)

OverheadJitting  1: 4096 op, 104342.00 ns, 25.4741 ns/op
WorkloadJitting  1: 4096 op, 171298584.00 ns, 41.8209 us/op

OverheadJitting  2: 4096 op, 154.00 ns, 0.0376 ns/op
WorkloadJitting  2: 4096 op, 171433619.00 ns, 41.8539 us/op

WorkloadWarmup   1: 4096 op, 169606499.00 ns, 41.4078 us/op
WorkloadWarmup   2: 4096 op, 167756106.00 ns, 40.9561 us/op
WorkloadWarmup   3: 4096 op, 171168863.00 ns, 41.7893 us/op
WorkloadWarmup   4: 4096 op, 170343334.00 ns, 41.5877 us/op
WorkloadWarmup   5: 4096 op, 169691196.00 ns, 41.4285 us/op
WorkloadWarmup   6: 4096 op, 170196180.00 ns, 41.5518 us/op
WorkloadWarmup   7: 4096 op, 169690562.00 ns, 41.4284 us/op
WorkloadWarmup   8: 4096 op, 171347857.00 ns, 41.8330 us/op
WorkloadWarmup   9: 4096 op, 171139216.00 ns, 41.7820 us/op
WorkloadWarmup  10: 4096 op, 141076835.00 ns, 34.4426 us/op
WorkloadWarmup  11: 4096 op, 142066151.00 ns, 34.6841 us/op
WorkloadWarmup  12: 4096 op, 140946076.00 ns, 34.4107 us/op
WorkloadWarmup  13: 4096 op, 143978896.00 ns, 35.1511 us/op
WorkloadWarmup  14: 4096 op, 143296729.00 ns, 34.9846 us/op
WorkloadWarmup  15: 4096 op, 140020719.00 ns, 34.1847 us/op
WorkloadWarmup  16: 4096 op, 140934093.00 ns, 34.4077 us/op

// BeforeActualRun
WorkloadActual   1: 4096 op, 140892452.00 ns, 34.3976 us/op
WorkloadActual   2: 4096 op, 139970594.00 ns, 34.1725 us/op
WorkloadActual   3: 4096 op, 137908111.00 ns, 33.6690 us/op
WorkloadActual   4: 4096 op, 138470329.00 ns, 33.8062 us/op
WorkloadActual   5: 4096 op, 138563724.00 ns, 33.8290 us/op
WorkloadActual   6: 4096 op, 138960718.00 ns, 33.9260 us/op
WorkloadActual   7: 4096 op, 140247307.00 ns, 34.2401 us/op
WorkloadActual   8: 4096 op, 141342313.00 ns, 34.5074 us/op
WorkloadActual   9: 4096 op, 139146551.00 ns, 33.9713 us/op
WorkloadActual  10: 4096 op, 139273980.00 ns, 34.0024 us/op
WorkloadActual  11: 4096 op, 139285844.00 ns, 34.0053 us/op
WorkloadActual  12: 4096 op, 140028502.00 ns, 34.1866 us/op

// AfterActualRun
WorkloadResult   1: 4096 op, 140892452.00 ns, 34.3976 us/op
WorkloadResult   2: 4096 op, 139970594.00 ns, 34.1725 us/op
WorkloadResult   3: 4096 op, 137908111.00 ns, 33.6690 us/op
WorkloadResult   4: 4096 op, 138470329.00 ns, 33.8062 us/op
WorkloadResult   5: 4096 op, 138563724.00 ns, 33.8290 us/op
WorkloadResult   6: 4096 op, 138960718.00 ns, 33.9260 us/op
WorkloadResult   7: 4096 op, 140247307.00 ns, 34.2401 us/op
WorkloadResult   8: 4096 op, 141342313.00 ns, 34.5074 us/op
WorkloadResult   9: 4096 op, 139146551.00 ns, 33.9713 us/op
WorkloadResult  10: 4096 op, 139273980.00 ns, 34.0024 us/op
WorkloadResult  11: 4096 op, 139285844.00 ns, 34.0053 us/op
WorkloadResult  12: 4096 op, 140028502.00 ns, 34.1866 us/op
// GC:  0 0 0 0 4096
// Threading:  0 0 4096

// AfterAll
// Benchmark Process 2407053 has exited with code 0.

Mean = 34.059 us, StdErr = 0.072 us (0.21%), N = 12, StdDev = 0.248 us
Min = 33.669 us, Q1 = 33.902 us, Median = 34.004 us, Q3 = 34.200 us, Max = 34.507 us
IQR = 0.298 us, LowerFence = 33.454 us, UpperFence = 34.647 us
ConfidenceInterval = [33.741 us; 34.377 us] (CI 99.9%), Margin = 0.318 us (0.93% of Mean)
Skewness = 0.25, Kurtosis = 1.87, MValue = 2

// ** Remained 7 (23.3%) benchmark(s) to run. Estimated finish 2026-09-12 10:45 (0h 0m from now) **
// **************************
// Benchmark: DataAuthoredQueryBenchmarks.DataAuthoredFacade: Jit(IterationCount=12, IterationTime=250ms, WarmupCount=16) [Shape=TwoHundredFiftySixTracks, Pattern=Alternating]
// *** Execute ***
// Launch: 1 / 1
// Execute: dotnet Alpha-Jit-1.dll --anonymousPipes 116 117 --benchmarkName "DataAuthoredQueryBenchmarks.DataAuthoredFacade(Shape: TwoHundredFiftySixTracks, Pattern: Alternating)" --job Jit --benchmarkId 23 in /home/i/GitHub/tl-56-feat-data-authored-api/benchmarks/Alpha/bin/Release/net10.0/Alpha-Jit-1/bin/Release/net10.0
// Failed to set up high priority (Permission denied). In order to run benchmarks with high priority, make sure you have the right permissions.
// BeforeAnythingElse

// Benchmark Process Environment Information:
// BenchmarkDotNet v0.15.8
// Runtime=.NET 10.0.12 (10.0.12, 10.0.1226.42308), X64 RyuJIT x86-64-v3
// GC=Concurrent Workstation
// HardwareIntrinsics=AVX2+BMI1+BMI2+F16C+FMA+LZCNT+MOVBE,AVX,SSE3+SSSE3+SSE4.1+SSE4.2+POPCNT,X86Base+SSE+SSE2,AES+PCLMUL,AvxVnni,SERIALIZE VectorSize=256
// Job: Jit(IterationCount=12, IterationTime=250ms, WarmupCount=16)

OverheadJitting  1: 4096 op, 106357.00 ns, 25.9661 ns/op
WorkloadJitting  1: 4096 op, 17866954.00 ns, 4.3620 us/op

WorkloadPilot    1: 16384 op, 71977764.00 ns, 4.3932 us/op
WorkloadPilot    2: 57344 op, 245545500.00 ns, 4.2820 us/op

WorkloadWarmup   1: 57344 op, 244999971.00 ns, 4.2725 us/op
WorkloadWarmup   2: 57344 op, 246600432.00 ns, 4.3004 us/op
WorkloadWarmup   3: 57344 op, 245848559.00 ns, 4.2873 us/op
WorkloadWarmup   4: 57344 op, 244681108.00 ns, 4.2669 us/op
WorkloadWarmup   5: 57344 op, 244906143.00 ns, 4.2708 us/op
WorkloadWarmup   6: 57344 op, 198524485.00 ns, 3.4620 us/op
WorkloadWarmup   7: 57344 op, 65567898.00 ns, 1.1434 us/op
WorkloadWarmup   8: 57344 op, 66259532.00 ns, 1.1555 us/op
WorkloadWarmup   9: 57344 op, 66961534.00 ns, 1.1677 us/op
WorkloadWarmup  10: 57344 op, 67747097.00 ns, 1.1814 us/op
WorkloadWarmup  11: 57344 op, 63637752.00 ns, 1.1098 us/op
WorkloadWarmup  12: 57344 op, 64259183.00 ns, 1.1206 us/op
WorkloadWarmup  13: 57344 op, 64422169.00 ns, 1.1234 us/op
WorkloadWarmup  14: 57344 op, 63679232.00 ns, 1.1105 us/op
WorkloadWarmup  15: 57344 op, 64560830.00 ns, 1.1259 us/op
WorkloadWarmup  16: 57344 op, 64668846.00 ns, 1.1277 us/op

// BeforeActualRun
WorkloadActual   1: 57344 op, 64491643.00 ns, 1.1246 us/op
WorkloadActual   2: 57344 op, 64913431.00 ns, 1.1320 us/op
WorkloadActual   3: 57344 op, 63811533.00 ns, 1.1128 us/op
WorkloadActual   4: 57344 op, 64493715.00 ns, 1.1247 us/op
WorkloadActual   5: 57344 op, 64478776.00 ns, 1.1244 us/op
WorkloadActual   6: 57344 op, 64322908.00 ns, 1.1217 us/op
WorkloadActual   7: 57344 op, 63262455.00 ns, 1.1032 us/op
WorkloadActual   8: 57344 op, 64656014.00 ns, 1.1275 us/op
WorkloadActual   9: 57344 op, 64835019.00 ns, 1.1306 us/op
WorkloadActual  10: 57344 op, 65186076.00 ns, 1.1368 us/op
WorkloadActual  11: 57344 op, 64268673.00 ns, 1.1208 us/op
WorkloadActual  12: 57344 op, 63534041.00 ns, 1.1079 us/op

// AfterActualRun
WorkloadResult   1: 57344 op, 64491643.00 ns, 1.1246 us/op
WorkloadResult   2: 57344 op, 64913431.00 ns, 1.1320 us/op
WorkloadResult   3: 57344 op, 63811533.00 ns, 1.1128 us/op
WorkloadResult   4: 57344 op, 64493715.00 ns, 1.1247 us/op
WorkloadResult   5: 57344 op, 64478776.00 ns, 1.1244 us/op
WorkloadResult   6: 57344 op, 64322908.00 ns, 1.1217 us/op
WorkloadResult   7: 57344 op, 63262455.00 ns, 1.1032 us/op
WorkloadResult   8: 57344 op, 64656014.00 ns, 1.1275 us/op
WorkloadResult   9: 57344 op, 64835019.00 ns, 1.1306 us/op
WorkloadResult  10: 57344 op, 65186076.00 ns, 1.1368 us/op
WorkloadResult  11: 57344 op, 64268673.00 ns, 1.1208 us/op
WorkloadResult  12: 57344 op, 63534041.00 ns, 1.1079 us/op
// GC:  0 0 0 0 57344
// Threading:  0 0 57344

// AfterAll
// Benchmark Process 2412167 has exited with code 0.

Mean = 1.122 us, StdErr = 0.003 us (0.25%), N = 12, StdDev = 0.010 us
Min = 1.103 us, Q1 = 1.119 us, Median = 1.125 us, Q3 = 1.128 us, Max = 1.137 us
IQR = 0.010 us, LowerFence = 1.104 us, UpperFence = 1.143 us
ConfidenceInterval = [1.110 us; 1.135 us] (CI 99.9%), Margin = 0.013 us (1.13% of Mean)
Skewness = -0.51, Kurtosis = 2.08, MValue = 2

// ** Remained 6 (20.0%) benchmark(s) to run. Estimated finish 2026-09-12 10:45 (0h 0m from now) **
// **************************
// Benchmark: DataAuthoredQueryBenchmarks.DirectShape: Jit(IterationCount=12, IterationTime=250ms, WarmupCount=16) [Shape=Blend, Pattern=Forward]
// *** Execute ***
// Launch: 1 / 1
// Execute: dotnet Alpha-Jit-1.dll --anonymousPipes 116 117 --benchmarkName "DataAuthoredQueryBenchmarks.DirectShape(Shape: Blend, Pattern: Forward)" --job Jit --benchmarkId 24 in /home/i/GitHub/tl-56-feat-data-authored-api/benchmarks/Alpha/bin/Release/net10.0/Alpha-Jit-1/bin/Release/net10.0
// Failed to set up high priority (Permission denied). In order to run benchmarks with high priority, make sure you have the right permissions.
// BeforeAnythingElse

// Benchmark Process Environment Information:
// BenchmarkDotNet v0.15.8
// Runtime=.NET 10.0.12 (10.0.12, 10.0.1226.42308), X64 RyuJIT x86-64-v3
// GC=Concurrent Workstation
// HardwareIntrinsics=AVX2+BMI1+BMI2+F16C+FMA+LZCNT+MOVBE,AVX,SSE3+SSSE3+SSE4.1+SSE4.2+POPCNT,X86Base+SSE+SSE2,AES+PCLMUL,AvxVnni,SERIALIZE VectorSize=256
// Job: Jit(IterationCount=12, IterationTime=250ms, WarmupCount=16)

OverheadJitting  1: 4096 op, 101329.00 ns, 24.7385 ns/op
WorkloadJitting  1: 4096 op, 1253619.00 ns, 306.0593 ns/op

OverheadJitting  2: 65536 op, 126587.00 ns, 1.9316 ns/op
WorkloadJitting  2: 65536 op, 435685.00 ns, 6.6480 ns/op

WorkloadPilot    1: 65536 op, 386583.00 ns, 5.8988 ns/op
WorkloadPilot    2: 42401792 op, 128576269.00 ns, 3.0323 ns/op
WorkloadPilot    3: 82444288 op, 250612613.00 ns, 3.0398 ns/op
WorkloadPilot    4: 82247680 op, 251969766.00 ns, 3.0635 ns/op
WorkloadPilot    5: 81657856 op, 246881350.00 ns, 3.0234 ns/op
WorkloadPilot    6: 82706432 op, 249431272.00 ns, 3.0159 ns/op
WorkloadPilot    7: 82903040 op, 253471968.00 ns, 3.0575 ns/op

OverheadWarmup   1: 82903040 op, 30344.00 ns, 0.0004 ns/op
OverheadWarmup   2: 82903040 op, 32581.00 ns, 0.0004 ns/op
OverheadWarmup   3: 82903040 op, 29964.00 ns, 0.0004 ns/op
OverheadWarmup   4: 82903040 op, 28055.00 ns, 0.0003 ns/op
OverheadWarmup   5: 82903040 op, 28008.00 ns, 0.0003 ns/op
OverheadWarmup   6: 82903040 op, 27977.00 ns, 0.0003 ns/op
OverheadWarmup   7: 82903040 op, 28960.00 ns, 0.0003 ns/op
OverheadWarmup   8: 82903040 op, 28920.00 ns, 0.0003 ns/op

OverheadActual   1: 82903040 op, 28457.00 ns, 0.0003 ns/op
OverheadActual   2: 82903040 op, 30150.00 ns, 0.0004 ns/op
OverheadActual   3: 82903040 op, 29267.00 ns, 0.0004 ns/op
OverheadActual   4: 82903040 op, 30299.00 ns, 0.0004 ns/op
OverheadActual   5: 82903040 op, 27709.00 ns, 0.0003 ns/op
OverheadActual   6: 82903040 op, 27444.00 ns, 0.0003 ns/op
OverheadActual   7: 82903040 op, 28454.00 ns, 0.0003 ns/op
OverheadActual   8: 82903040 op, 29150.00 ns, 0.0004 ns/op
OverheadActual   9: 82903040 op, 31175.00 ns, 0.0004 ns/op
OverheadActual  10: 82903040 op, 31253.00 ns, 0.0004 ns/op
OverheadActual  11: 82903040 op, 30945.00 ns, 0.0004 ns/op
OverheadActual  12: 82903040 op, 27686.00 ns, 0.0003 ns/op
OverheadActual  13: 82903040 op, 30750.00 ns, 0.0004 ns/op
OverheadActual  14: 82903040 op, 31206.00 ns, 0.0004 ns/op
OverheadActual  15: 82903040 op, 31240.00 ns, 0.0004 ns/op
OverheadActual  16: 82903040 op, 27607.00 ns, 0.0003 ns/op
OverheadActual  17: 82903040 op, 27536.00 ns, 0.0003 ns/op
OverheadActual  18: 82903040 op, 31444.00 ns, 0.0004 ns/op

WorkloadWarmup   1: 82903040 op, 258624340.00 ns, 3.1196 ns/op
WorkloadWarmup   2: 82903040 op, 251324500.00 ns, 3.0315 ns/op
WorkloadWarmup   3: 82903040 op, 252436388.00 ns, 3.0450 ns/op
WorkloadWarmup   4: 82903040 op, 251376934.00 ns, 3.0322 ns/op
WorkloadWarmup   5: 82903040 op, 252950909.00 ns, 3.0512 ns/op
WorkloadWarmup   6: 82903040 op, 250714482.00 ns, 3.0242 ns/op
WorkloadWarmup   7: 82903040 op, 151586530.00 ns, 1.8285 ns/op
WorkloadWarmup   8: 82903040 op, 140191020.00 ns, 1.6910 ns/op
WorkloadWarmup   9: 82903040 op, 142613553.00 ns, 1.7202 ns/op
WorkloadWarmup  10: 82903040 op, 140968504.00 ns, 1.7004 ns/op
WorkloadWarmup  11: 82903040 op, 142127440.00 ns, 1.7144 ns/op
WorkloadWarmup  12: 82903040 op, 142573967.00 ns, 1.7198 ns/op
WorkloadWarmup  13: 82903040 op, 141862942.00 ns, 1.7112 ns/op
WorkloadWarmup  14: 82903040 op, 141732236.00 ns, 1.7096 ns/op
WorkloadWarmup  15: 82903040 op, 141409438.00 ns, 1.7057 ns/op
WorkloadWarmup  16: 82903040 op, 141205998.00 ns, 1.7033 ns/op

// BeforeActualRun
WorkloadActual   1: 82903040 op, 140629195.00 ns, 1.6963 ns/op
WorkloadActual   2: 82903040 op, 141800753.00 ns, 1.7104 ns/op
WorkloadActual   3: 82903040 op, 141077814.00 ns, 1.7017 ns/op
WorkloadActual   4: 82903040 op, 141411418.00 ns, 1.7057 ns/op
WorkloadActual   5: 82903040 op, 140825384.00 ns, 1.6987 ns/op
WorkloadActual   6: 82903040 op, 140781362.00 ns, 1.6981 ns/op
WorkloadActual   7: 82903040 op, 140898937.00 ns, 1.6996 ns/op
WorkloadActual   8: 82903040 op, 141779887.00 ns, 1.7102 ns/op
WorkloadActual   9: 82903040 op, 140775649.00 ns, 1.6981 ns/op
WorkloadActual  10: 82903040 op, 140961456.00 ns, 1.7003 ns/op
WorkloadActual  11: 82903040 op, 140953391.00 ns, 1.7002 ns/op
WorkloadActual  12: 82903040 op, 140289068.00 ns, 1.6922 ns/op

// AfterActualRun
WorkloadResult   1: 82903040 op, 140599486.50 ns, 1.6960 ns/op
WorkloadResult   2: 82903040 op, 141048105.50 ns, 1.7014 ns/op
WorkloadResult   3: 82903040 op, 141381709.50 ns, 1.7054 ns/op
WorkloadResult   4: 82903040 op, 140795675.50 ns, 1.6983 ns/op
WorkloadResult   5: 82903040 op, 140751653.50 ns, 1.6978 ns/op
WorkloadResult   6: 82903040 op, 140869228.50 ns, 1.6992 ns/op
WorkloadResult   7: 82903040 op, 140745940.50 ns, 1.6977 ns/op
WorkloadResult   8: 82903040 op, 140931747.50 ns, 1.7000 ns/op
WorkloadResult   9: 82903040 op, 140923682.50 ns, 1.6999 ns/op
WorkloadResult  10: 82903040 op, 140259359.50 ns, 1.6918 ns/op
// GC:  0 0 0 0 82903040
// Threading:  0 0 82903040

// AfterAll
// Benchmark Process 2415844 has exited with code 0.

Mean = 1.699 ns, StdErr = 0.001 ns (0.07%), N = 10, StdDev = 0.004 ns
Min = 1.692 ns, Q1 = 1.698 ns, Median = 1.699 ns, Q3 = 1.700 ns, Max = 1.705 ns
IQR = 0.002 ns, LowerFence = 1.694 ns, UpperFence = 1.703 ns
ConfidenceInterval = [1.693 ns; 1.704 ns] (CI 99.9%), Margin = 0.005 ns (0.31% of Mean)
Skewness = -0.08, Kurtosis = 2.82, MValue = 2

// ** Remained 5 (16.7%) benchmark(s) to run. Estimated finish 2026-09-12 10:45 (0h 0m from now) **
// **************************
// Benchmark: DataAuthoredQueryBenchmarks.GeneratedShape: Jit(IterationCount=12, IterationTime=250ms, WarmupCount=16) [Shape=Blend, Pattern=Forward]
// *** Execute ***
// Launch: 1 / 1
// Execute: dotnet Alpha-Jit-1.dll --anonymousPipes 116 117 --benchmarkName "DataAuthoredQueryBenchmarks.GeneratedShape(Shape: Blend, Pattern: Forward)" --job Jit --benchmarkId 25 in /home/i/GitHub/tl-56-feat-data-authored-api/benchmarks/Alpha/bin/Release/net10.0/Alpha-Jit-1/bin/Release/net10.0
// Failed to set up high priority (Permission denied). In order to run benchmarks with high priority, make sure you have the right permissions.
// BeforeAnythingElse

// Benchmark Process Environment Information:
// BenchmarkDotNet v0.15.8
// Runtime=.NET 10.0.12 (10.0.12, 10.0.1226.42308), X64 RyuJIT x86-64-v3
// GC=Concurrent Workstation
// HardwareIntrinsics=AVX2+BMI1+BMI2+F16C+FMA+LZCNT+MOVBE,AVX,SSE3+SSSE3+SSE4.1+SSE4.2+POPCNT,X86Base+SSE+SSE2,AES+PCLMUL,AvxVnni,SERIALIZE VectorSize=256
// Job: Jit(IterationCount=12, IterationTime=250ms, WarmupCount=16)

OverheadJitting  1: 4096 op, 114689.00 ns, 28.0002 ns/op
WorkloadJitting  1: 4096 op, 272771.00 ns, 66.5945 ns/op

OverheadJitting  2: 65536 op, 128715.00 ns, 1.9640 ns/op
WorkloadJitting  2: 65536 op, 1525029.00 ns, 23.2701 ns/op

WorkloadPilot    1: 65536 op, 681770.00 ns, 10.4030 ns/op
WorkloadPilot    2: 24051712 op, 235878680.00 ns, 9.8071 ns/op
WorkloadPilot    3: 25493504 op, 247724419.00 ns, 9.7172 ns/op
WorkloadPilot    4: 25755648 op, 252350184.00 ns, 9.7979 ns/op
WorkloadPilot    5: 25559040 op, 251979356.00 ns, 9.8587 ns/op
WorkloadPilot    6: 25362432 op, 249337114.00 ns, 9.8310 ns/op
WorkloadPilot    7: 25427968 op, 249839320.00 ns, 9.8254 ns/op
WorkloadPilot    8: 25493504 op, 250384295.00 ns, 9.8215 ns/op

OverheadWarmup   1: 25493504 op, 9199.00 ns, 0.0004 ns/op
OverheadWarmup   2: 25493504 op, 9803.00 ns, 0.0004 ns/op
OverheadWarmup   3: 25493504 op, 8741.00 ns, 0.0003 ns/op
OverheadWarmup   4: 25493504 op, 9359.00 ns, 0.0004 ns/op
OverheadWarmup   5: 25493504 op, 9335.00 ns, 0.0004 ns/op

OverheadActual   1: 25493504 op, 8826.00 ns, 0.0003 ns/op
OverheadActual   2: 25493504 op, 9189.00 ns, 0.0004 ns/op
OverheadActual   3: 25493504 op, 8943.00 ns, 0.0004 ns/op
OverheadActual   4: 25493504 op, 8763.00 ns, 0.0003 ns/op
OverheadActual   5: 25493504 op, 8687.00 ns, 0.0003 ns/op
OverheadActual   6: 25493504 op, 8542.00 ns, 0.0003 ns/op
OverheadActual   7: 25493504 op, 8459.00 ns, 0.0003 ns/op
OverheadActual   8: 25493504 op, 9137.00 ns, 0.0004 ns/op
OverheadActual   9: 25493504 op, 8510.00 ns, 0.0003 ns/op
OverheadActual  10: 25493504 op, 8478.00 ns, 0.0003 ns/op
OverheadActual  11: 25493504 op, 8500.00 ns, 0.0003 ns/op
OverheadActual  12: 25493504 op, 8483.00 ns, 0.0003 ns/op
OverheadActual  13: 25493504 op, 8526.00 ns, 0.0003 ns/op
OverheadActual  14: 25493504 op, 8509.00 ns, 0.0003 ns/op
OverheadActual  15: 25493504 op, 8511.00 ns, 0.0003 ns/op

WorkloadWarmup   1: 25493504 op, 249383444.00 ns, 9.7822 ns/op
WorkloadWarmup   2: 25493504 op, 251409951.00 ns, 9.8617 ns/op
WorkloadWarmup   3: 25493504 op, 250621674.00 ns, 9.8308 ns/op
WorkloadWarmup   4: 25493504 op, 249877452.00 ns, 9.8016 ns/op
WorkloadWarmup   5: 25493504 op, 207167556.00 ns, 8.1263 ns/op
WorkloadWarmup   6: 25493504 op, 65254335.00 ns, 2.5596 ns/op
WorkloadWarmup   7: 25493504 op, 67575110.00 ns, 2.6507 ns/op
WorkloadWarmup   8: 25493504 op, 69247676.00 ns, 2.7163 ns/op
WorkloadWarmup   9: 25493504 op, 68179663.00 ns, 2.6744 ns/op
WorkloadWarmup  10: 25493504 op, 69108282.00 ns, 2.7108 ns/op
WorkloadWarmup  11: 25493504 op, 66852239.00 ns, 2.6223 ns/op
WorkloadWarmup  12: 25493504 op, 70918127.00 ns, 2.7818 ns/op
WorkloadWarmup  13: 25493504 op, 69433632.00 ns, 2.7236 ns/op
WorkloadWarmup  14: 25493504 op, 66567598.00 ns, 2.6112 ns/op
WorkloadWarmup  15: 25493504 op, 66429212.00 ns, 2.6057 ns/op
WorkloadWarmup  16: 25493504 op, 65982451.00 ns, 2.5882 ns/op

// BeforeActualRun
WorkloadActual   1: 25493504 op, 66263039.00 ns, 2.5992 ns/op
WorkloadActual   2: 25493504 op, 65606265.00 ns, 2.5735 ns/op
WorkloadActual   3: 25493504 op, 66498384.00 ns, 2.6084 ns/op
WorkloadActual   4: 25493504 op, 66538266.00 ns, 2.6100 ns/op
WorkloadActual   5: 25493504 op, 66752255.00 ns, 2.6184 ns/op
WorkloadActual   6: 25493504 op, 66427664.00 ns, 2.6057 ns/op
WorkloadActual   7: 25493504 op, 65432730.00 ns, 2.5666 ns/op
WorkloadActual   8: 25493504 op, 66775277.00 ns, 2.6193 ns/op
WorkloadActual   9: 25493504 op, 69600005.00 ns, 2.7301 ns/op
WorkloadActual  10: 25493504 op, 67673924.00 ns, 2.6546 ns/op
WorkloadActual  11: 25493504 op, 66305396.00 ns, 2.6009 ns/op
WorkloadActual  12: 25493504 op, 65346763.00 ns, 2.5633 ns/op

// AfterActualRun
WorkloadResult   1: 25493504 op, 66254513.00 ns, 2.5989 ns/op
WorkloadResult   2: 25493504 op, 65597739.00 ns, 2.5731 ns/op
WorkloadResult   3: 25493504 op, 66489858.00 ns, 2.6081 ns/op
WorkloadResult   4: 25493504 op, 66529740.00 ns, 2.6097 ns/op
WorkloadResult   5: 25493504 op, 66743729.00 ns, 2.6181 ns/op
WorkloadResult   6: 25493504 op, 66419138.00 ns, 2.6053 ns/op
WorkloadResult   7: 25493504 op, 65424204.00 ns, 2.5663 ns/op
WorkloadResult   8: 25493504 op, 66766751.00 ns, 2.6190 ns/op
WorkloadResult   9: 25493504 op, 67665398.00 ns, 2.6542 ns/op
WorkloadResult  10: 25493504 op, 66296870.00 ns, 2.6005 ns/op
WorkloadResult  11: 25493504 op, 65338237.00 ns, 2.5629 ns/op
// GC:  0 0 0 0 25493504
// Threading:  0 0 25493504

// AfterAll
// Benchmark Process 2422199 has exited with code 0.

Mean = 2.601 ns, StdErr = 0.008 ns (0.31%), N = 11, StdDev = 0.027 ns
Min = 2.563 ns, Q1 = 2.586 ns, Median = 2.605 ns, Q3 = 2.614 ns, Max = 2.654 ns
IQR = 0.028 ns, LowerFence = 2.544 ns, UpperFence = 2.656 ns
ConfidenceInterval = [2.565 ns; 2.638 ns] (CI 99.9%), Margin = 0.037 ns (1.41% of Mean)
Skewness = 0.17, Kurtosis = 2.27, MValue = 2

// ** Remained 4 (13.3%) benchmark(s) to run. Estimated finish 2026-09-12 10:45 (0h 0m from now) **
// **************************
// Benchmark: DataAuthoredQueryBenchmarks.DataAuthoredFacade: Jit(IterationCount=12, IterationTime=250ms, WarmupCount=16) [Shape=Blend, Pattern=Forward]
// *** Execute ***
// Launch: 1 / 1
// Execute: dotnet Alpha-Jit-1.dll --anonymousPipes 116 117 --benchmarkName "DataAuthoredQueryBenchmarks.DataAuthoredFacade(Shape: Blend, Pattern: Forward)" --job Jit --benchmarkId 26 in /home/i/GitHub/tl-56-feat-data-authored-api/benchmarks/Alpha/bin/Release/net10.0/Alpha-Jit-1/bin/Release/net10.0
// Failed to set up high priority (Permission denied). In order to run benchmarks with high priority, make sure you have the right permissions.
// BeforeAnythingElse

// Benchmark Process Environment Information:
// BenchmarkDotNet v0.15.8
// Runtime=.NET 10.0.12 (10.0.12, 10.0.1226.42308), X64 RyuJIT x86-64-v3
// GC=Concurrent Workstation
// HardwareIntrinsics=AVX2+BMI1+BMI2+F16C+FMA+LZCNT+MOVBE,AVX,SSE3+SSSE3+SSE4.1+SSE4.2+POPCNT,X86Base+SSE+SSE2,AES+PCLMUL,AvxVnni,SERIALIZE VectorSize=256
// Job: Jit(IterationCount=12, IterationTime=250ms, WarmupCount=16)

OverheadJitting  1: 4096 op, 103871.00 ns, 25.3591 ns/op
WorkloadJitting  1: 4096 op, 272288.00 ns, 66.4766 ns/op

OverheadJitting  2: 65536 op, 125544.00 ns, 1.9156 ns/op
WorkloadJitting  2: 65536 op, 3509255.00 ns, 53.5470 ns/op

WorkloadPilot    1: 65536 op, 2731821.00 ns, 41.6843 ns/op
WorkloadPilot    2: 6029312 op, 236751374.00 ns, 39.2667 ns/op
WorkloadPilot    3: 6422528 op, 250130254.00 ns, 38.9458 ns/op

OverheadWarmup   1: 6422528 op, 2738.00 ns, 0.0004 ns/op
OverheadWarmup   2: 6422528 op, 2283.00 ns, 0.0004 ns/op
OverheadWarmup   3: 6422528 op, 2223.00 ns, 0.0003 ns/op
OverheadWarmup   4: 6422528 op, 2197.00 ns, 0.0003 ns/op
OverheadWarmup   5: 6422528 op, 2217.00 ns, 0.0003 ns/op
OverheadWarmup   6: 6422528 op, 2242.00 ns, 0.0003 ns/op
OverheadWarmup   7: 6422528 op, 2227.00 ns, 0.0003 ns/op
OverheadWarmup   8: 6422528 op, 2240.00 ns, 0.0003 ns/op
OverheadWarmup   9: 6422528 op, 2217.00 ns, 0.0003 ns/op

OverheadActual   1: 6422528 op, 2660.00 ns, 0.0004 ns/op
OverheadActual   2: 6422528 op, 2588.00 ns, 0.0004 ns/op
OverheadActual   3: 6422528 op, 2453.00 ns, 0.0004 ns/op
OverheadActual   4: 6422528 op, 2286.00 ns, 0.0004 ns/op
OverheadActual   5: 6422528 op, 2378.00 ns, 0.0004 ns/op
OverheadActual   6: 6422528 op, 2171.00 ns, 0.0003 ns/op
OverheadActual   7: 6422528 op, 2180.00 ns, 0.0003 ns/op
OverheadActual   8: 6422528 op, 2164.00 ns, 0.0003 ns/op
OverheadActual   9: 6422528 op, 2176.00 ns, 0.0003 ns/op
OverheadActual  10: 6422528 op, 2186.00 ns, 0.0003 ns/op
OverheadActual  11: 6422528 op, 2176.00 ns, 0.0003 ns/op
OverheadActual  12: 6422528 op, 2192.00 ns, 0.0003 ns/op
OverheadActual  13: 6422528 op, 2203.00 ns, 0.0003 ns/op
OverheadActual  14: 6422528 op, 2199.00 ns, 0.0003 ns/op
OverheadActual  15: 6422528 op, 2187.00 ns, 0.0003 ns/op

WorkloadWarmup   1: 6422528 op, 251007606.00 ns, 39.0824 ns/op
WorkloadWarmup   2: 6422528 op, 251273856.00 ns, 39.1238 ns/op
WorkloadWarmup   3: 6422528 op, 252511900.00 ns, 39.3166 ns/op
WorkloadWarmup   4: 6422528 op, 252713787.00 ns, 39.3480 ns/op
WorkloadWarmup   5: 6422528 op, 255355756.00 ns, 39.7594 ns/op
WorkloadWarmup   6: 6422528 op, 203801891.00 ns, 31.7323 ns/op
WorkloadWarmup   7: 6422528 op, 94827676.00 ns, 14.7649 ns/op
WorkloadWarmup   8: 6422528 op, 92198072.00 ns, 14.3554 ns/op
WorkloadWarmup   9: 6422528 op, 92504155.00 ns, 14.4031 ns/op
WorkloadWarmup  10: 6422528 op, 91441239.00 ns, 14.2376 ns/op
WorkloadWarmup  11: 6422528 op, 92011699.00 ns, 14.3264 ns/op
WorkloadWarmup  12: 6422528 op, 92839366.00 ns, 14.4553 ns/op
WorkloadWarmup  13: 6422528 op, 92819996.00 ns, 14.4523 ns/op
WorkloadWarmup  14: 6422528 op, 91794544.00 ns, 14.2926 ns/op
WorkloadWarmup  15: 6422528 op, 91691648.00 ns, 14.2766 ns/op
WorkloadWarmup  16: 6422528 op, 90596973.00 ns, 14.1061 ns/op

// BeforeActualRun
WorkloadActual   1: 6422528 op, 92886522.00 ns, 14.4626 ns/op
WorkloadActual   2: 6422528 op, 91242310.00 ns, 14.2066 ns/op
WorkloadActual   3: 6422528 op, 91354753.00 ns, 14.2241 ns/op
WorkloadActual   4: 6422528 op, 92046908.00 ns, 14.3319 ns/op
WorkloadActual   5: 6422528 op, 92023988.00 ns, 14.3283 ns/op
WorkloadActual   6: 6422528 op, 92434294.00 ns, 14.3922 ns/op
WorkloadActual   7: 6422528 op, 91367131.00 ns, 14.2260 ns/op
WorkloadActual   8: 6422528 op, 92379989.00 ns, 14.3837 ns/op
WorkloadActual   9: 6422528 op, 90424949.00 ns, 14.0793 ns/op
WorkloadActual  10: 6422528 op, 91757037.00 ns, 14.2867 ns/op
WorkloadActual  11: 6422528 op, 92253598.00 ns, 14.3641 ns/op
WorkloadActual  12: 6422528 op, 116568220.00 ns, 18.1499 ns/op

// AfterActualRun
WorkloadResult   1: 6422528 op, 92884330.00 ns, 14.4623 ns/op
WorkloadResult   2: 6422528 op, 91240118.00 ns, 14.2063 ns/op
WorkloadResult   3: 6422528 op, 91352561.00 ns, 14.2238 ns/op
WorkloadResult   4: 6422528 op, 92044716.00 ns, 14.3315 ns/op
WorkloadResult   5: 6422528 op, 92021796.00 ns, 14.3280 ns/op
WorkloadResult   6: 6422528 op, 92432102.00 ns, 14.3919 ns/op
WorkloadResult   7: 6422528 op, 91364939.00 ns, 14.2257 ns/op
WorkloadResult   8: 6422528 op, 92377797.00 ns, 14.3834 ns/op
WorkloadResult   9: 6422528 op, 90422757.00 ns, 14.0790 ns/op
WorkloadResult  10: 6422528 op, 91754845.00 ns, 14.2864 ns/op
WorkloadResult  11: 6422528 op, 92251406.00 ns, 14.3637 ns/op
// GC:  0 0 0 0 6422528
// Threading:  0 0 6422528

// AfterAll
// Benchmark Process 2427196 has exited with code 0.

Mean = 14.298 ns, StdErr = 0.033 ns (0.23%), N = 11, StdDev = 0.108 ns
Min = 14.079 ns, Q1 = 14.225 ns, Median = 14.328 ns, Q3 = 14.374 ns, Max = 14.462 ns
IQR = 0.149 ns, LowerFence = 14.001 ns, UpperFence = 14.597 ns
ConfidenceInterval = [14.149 ns; 14.448 ns] (CI 99.9%), Margin = 0.149 ns (1.04% of Mean)
Skewness = -0.43, Kurtosis = 2.21, MValue = 2

// ** Remained 3 (10.0%) benchmark(s) to run. Estimated finish 2026-09-12 10:45 (0h 0m from now) **
// **************************
// Benchmark: DataAuthoredQueryBenchmarks.DirectShape: Jit(IterationCount=12, IterationTime=250ms, WarmupCount=16) [Shape=Blend, Pattern=Alternating]
// *** Execute ***
// Launch: 1 / 1
// Execute: dotnet Alpha-Jit-1.dll --anonymousPipes 118 119 --benchmarkName "DataAuthoredQueryBenchmarks.DirectShape(Shape: Blend, Pattern: Alternating)" --job Jit --benchmarkId 27 in /home/i/GitHub/tl-56-feat-data-authored-api/benchmarks/Alpha/bin/Release/net10.0/Alpha-Jit-1/bin/Release/net10.0
// Failed to set up high priority (Permission denied). In order to run benchmarks with high priority, make sure you have the right permissions.
// BeforeAnythingElse

// Benchmark Process Environment Information:
// BenchmarkDotNet v0.15.8
// Runtime=.NET 10.0.12 (10.0.12, 10.0.1226.42308), X64 RyuJIT x86-64-v3
// GC=Concurrent Workstation
// HardwareIntrinsics=AVX2+BMI1+BMI2+F16C+FMA+LZCNT+MOVBE,AVX,SSE3+SSSE3+SSE4.1+SSE4.2+POPCNT,X86Base+SSE+SSE2,AES+PCLMUL,AvxVnni,SERIALIZE VectorSize=256
// Job: Jit(IterationCount=12, IterationTime=250ms, WarmupCount=16)

OverheadJitting  1: 4096 op, 102568.00 ns, 25.0410 ns/op
WorkloadJitting  1: 4096 op, 1417192.00 ns, 345.9941 ns/op

OverheadJitting  2: 65536 op, 181710.00 ns, 2.7727 ns/op
WorkloadJitting  2: 65536 op, 469907.00 ns, 7.1702 ns/op

WorkloadPilot    1: 65536 op, 259501.00 ns, 3.9597 ns/op
WorkloadPilot    2: 63176704 op, 223755315.00 ns, 3.5417 ns/op
WorkloadPilot    3: 70647808 op, 249561115.00 ns, 3.5325 ns/op
WorkloadPilot    4: 70778880 op, 249042251.00 ns, 3.5186 ns/op
WorkloadPilot    5: 71106560 op, 252065449.00 ns, 3.5449 ns/op
WorkloadPilot    6: 70582272 op, 249904950.00 ns, 3.5406 ns/op
WorkloadPilot    7: 70647808 op, 250499389.00 ns, 3.5457 ns/op
WorkloadPilot    8: 70516736 op, 248950758.00 ns, 3.5304 ns/op
WorkloadPilot    9: 70844416 op, 235051177.00 ns, 3.3179 ns/op
WorkloadPilot   10: 75366400 op, 142527054.00 ns, 1.8911 ns/op
WorkloadPilot   11: 132251648 op, 250509554.00 ns, 1.8942 ns/op

OverheadWarmup   1: 132251648 op, 62835.00 ns, 0.0005 ns/op
OverheadWarmup   2: 132251648 op, 66246.00 ns, 0.0005 ns/op
OverheadWarmup   3: 132251648 op, 64302.00 ns, 0.0005 ns/op
OverheadWarmup   4: 132251648 op, 63223.00 ns, 0.0005 ns/op
OverheadWarmup   5: 132251648 op, 73001.00 ns, 0.0006 ns/op
OverheadWarmup   6: 132251648 op, 70055.00 ns, 0.0005 ns/op

OverheadActual   1: 132251648 op, 61861.00 ns, 0.0005 ns/op
OverheadActual   2: 132251648 op, 60995.00 ns, 0.0005 ns/op
OverheadActual   3: 132251648 op, 62019.00 ns, 0.0005 ns/op
OverheadActual   4: 132251648 op, 61877.00 ns, 0.0005 ns/op
OverheadActual   5: 132251648 op, 61167.00 ns, 0.0005 ns/op
OverheadActual   6: 132251648 op, 61765.00 ns, 0.0005 ns/op
OverheadActual   7: 132251648 op, 61872.00 ns, 0.0005 ns/op
OverheadActual   8: 132251648 op, 61724.00 ns, 0.0005 ns/op
OverheadActual   9: 132251648 op, 61884.00 ns, 0.0005 ns/op
OverheadActual  10: 132251648 op, 61729.00 ns, 0.0005 ns/op
OverheadActual  11: 132251648 op, 61891.00 ns, 0.0005 ns/op
OverheadActual  12: 132251648 op, 61728.00 ns, 0.0005 ns/op
OverheadActual  13: 132251648 op, 63302.00 ns, 0.0005 ns/op
OverheadActual  14: 132251648 op, 70410.00 ns, 0.0005 ns/op
OverheadActual  15: 132251648 op, 62355.00 ns, 0.0005 ns/op

WorkloadWarmup   1: 132251648 op, 251307069.00 ns, 1.9002 ns/op
WorkloadWarmup   2: 132251648 op, 250466376.00 ns, 1.8939 ns/op
WorkloadWarmup   3: 132251648 op, 248424929.00 ns, 1.8784 ns/op
WorkloadWarmup   4: 132251648 op, 250152990.00 ns, 1.8915 ns/op
WorkloadWarmup   5: 132251648 op, 250497104.00 ns, 1.8941 ns/op
WorkloadWarmup   6: 132251648 op, 250540513.00 ns, 1.8944 ns/op
WorkloadWarmup   7: 132251648 op, 251112282.00 ns, 1.8987 ns/op
WorkloadWarmup   8: 132251648 op, 262774008.00 ns, 1.9869 ns/op
WorkloadWarmup   9: 132251648 op, 250515282.00 ns, 1.8942 ns/op
WorkloadWarmup  10: 132251648 op, 248716039.00 ns, 1.8806 ns/op
WorkloadWarmup  11: 132251648 op, 248909129.00 ns, 1.8821 ns/op
WorkloadWarmup  12: 132251648 op, 249273622.00 ns, 1.8848 ns/op
WorkloadWarmup  13: 132251648 op, 277476559.00 ns, 2.0981 ns/op
WorkloadWarmup  14: 132251648 op, 250616831.00 ns, 1.8950 ns/op
WorkloadWarmup  15: 132251648 op, 250284387.00 ns, 1.8925 ns/op
WorkloadWarmup  16: 132251648 op, 250377506.00 ns, 1.8932 ns/op

// BeforeActualRun
WorkloadActual   1: 132251648 op, 251139922.00 ns, 1.8990 ns/op
WorkloadActual   2: 132251648 op, 255450532.00 ns, 1.9315 ns/op
WorkloadActual   3: 132251648 op, 250171971.00 ns, 1.8916 ns/op
WorkloadActual   4: 132251648 op, 249870112.00 ns, 1.8894 ns/op
WorkloadActual   5: 132251648 op, 254784585.00 ns, 1.9265 ns/op
WorkloadActual   6: 132251648 op, 249170978.00 ns, 1.8841 ns/op
WorkloadActual   7: 132251648 op, 254437808.00 ns, 1.9239 ns/op
WorkloadActual   8: 132251648 op, 251182743.00 ns, 1.8993 ns/op
WorkloadActual   9: 132251648 op, 249878281.00 ns, 1.8894 ns/op
WorkloadActual  10: 132251648 op, 250437399.00 ns, 1.8936 ns/op
WorkloadActual  11: 132251648 op, 250484858.00 ns, 1.8940 ns/op
WorkloadActual  12: 132251648 op, 260595942.00 ns, 1.9705 ns/op

// AfterActualRun
WorkloadResult   1: 132251648 op, 251078050.00 ns, 1.8985 ns/op
WorkloadResult   2: 132251648 op, 255388660.00 ns, 1.9311 ns/op
WorkloadResult   3: 132251648 op, 250110099.00 ns, 1.8912 ns/op
WorkloadResult   4: 132251648 op, 249808240.00 ns, 1.8889 ns/op
WorkloadResult   5: 132251648 op, 254722713.00 ns, 1.9260 ns/op
WorkloadResult   6: 132251648 op, 249109106.00 ns, 1.8836 ns/op
WorkloadResult   7: 132251648 op, 254375936.00 ns, 1.9234 ns/op
WorkloadResult   8: 132251648 op, 251120871.00 ns, 1.8988 ns/op
WorkloadResult   9: 132251648 op, 249816409.00 ns, 1.8889 ns/op
WorkloadResult  10: 132251648 op, 250375527.00 ns, 1.8932 ns/op
WorkloadResult  11: 132251648 op, 250422986.00 ns, 1.8935 ns/op
WorkloadResult  12: 132251648 op, 260534070.00 ns, 1.9700 ns/op
// GC:  0 0 0 0 132251648
// Threading:  0 0 132251648

// AfterAll
// Benchmark Process 2431766 has exited with code 0.

Mean = 1.907 ns, StdErr = 0.007 ns (0.39%), N = 12, StdDev = 0.025 ns
Min = 1.884 ns, Q1 = 1.891 ns, Median = 1.896 ns, Q3 = 1.924 ns, Max = 1.970 ns
IQR = 0.033 ns, LowerFence = 1.840 ns, UpperFence = 1.974 ns
ConfidenceInterval = [1.875 ns; 1.940 ns] (CI 99.9%), Margin = 0.033 ns (1.71% of Mean)
Skewness = 1.18, Kurtosis = 3.3, MValue = 2

// ** Remained 2 (6.7%) benchmark(s) to run. Estimated finish 2026-09-12 10:46 (0h 0m from now) **
// **************************
// Benchmark: DataAuthoredQueryBenchmarks.GeneratedShape: Jit(IterationCount=12, IterationTime=250ms, WarmupCount=16) [Shape=Blend, Pattern=Alternating]
// *** Execute ***
// Launch: 1 / 1
// Execute: dotnet Alpha-Jit-1.dll --anonymousPipes 116 117 --benchmarkName "DataAuthoredQueryBenchmarks.GeneratedShape(Shape: Blend, Pattern: Alternating)" --job Jit --benchmarkId 28 in /home/i/GitHub/tl-56-feat-data-authored-api/benchmarks/Alpha/bin/Release/net10.0/Alpha-Jit-1/bin/Release/net10.0
// Failed to set up high priority (Permission denied). In order to run benchmarks with high priority, make sure you have the right permissions.
// BeforeAnythingElse

// Benchmark Process Environment Information:
// BenchmarkDotNet v0.15.8
// Runtime=.NET 10.0.12 (10.0.12, 10.0.1226.42308), X64 RyuJIT x86-64-v3
// GC=Concurrent Workstation
// HardwareIntrinsics=AVX2+BMI1+BMI2+F16C+FMA+LZCNT+MOVBE,AVX,SSE3+SSSE3+SSE4.1+SSE4.2+POPCNT,X86Base+SSE+SSE2,AES+PCLMUL,AvxVnni,SERIALIZE VectorSize=256
// Job: Jit(IterationCount=12, IterationTime=250ms, WarmupCount=16)

OverheadJitting  1: 4096 op, 104562.00 ns, 25.5278 ns/op
WorkloadJitting  1: 4096 op, 256777.00 ns, 62.6897 ns/op

OverheadJitting  2: 65536 op, 132318.00 ns, 2.0190 ns/op
WorkloadJitting  2: 65536 op, 2048574.00 ns, 31.2588 ns/op

WorkloadPilot    1: 65536 op, 727236.00 ns, 11.0967 ns/op
WorkloadPilot    2: 22544384 op, 231817381.00 ns, 10.2827 ns/op
WorkloadPilot    3: 24313856 op, 251875415.00 ns, 10.3593 ns/op
WorkloadPilot    4: 24182784 op, 249238955.00 ns, 10.3065 ns/op
WorkloadPilot    5: 24313856 op, 250284949.00 ns, 10.2939 ns/op

OverheadWarmup   1: 24313856 op, 9734.00 ns, 0.0004 ns/op
OverheadWarmup   2: 24313856 op, 9268.00 ns, 0.0004 ns/op
OverheadWarmup   3: 24313856 op, 9165.00 ns, 0.0004 ns/op
OverheadWarmup   4: 24313856 op, 9158.00 ns, 0.0004 ns/op
OverheadWarmup   5: 24313856 op, 11975.00 ns, 0.0005 ns/op
OverheadWarmup   6: 24313856 op, 9337.00 ns, 0.0004 ns/op
OverheadWarmup   7: 24313856 op, 9315.00 ns, 0.0004 ns/op
OverheadWarmup   8: 24313856 op, 9321.00 ns, 0.0004 ns/op
OverheadWarmup   9: 24313856 op, 9327.00 ns, 0.0004 ns/op
OverheadWarmup  10: 24313856 op, 9155.00 ns, 0.0004 ns/op

OverheadActual   1: 24313856 op, 9447.00 ns, 0.0004 ns/op
OverheadActual   2: 24313856 op, 9422.00 ns, 0.0004 ns/op
OverheadActual   3: 24313856 op, 9493.00 ns, 0.0004 ns/op
OverheadActual   4: 24313856 op, 9224.00 ns, 0.0004 ns/op
OverheadActual   5: 24313856 op, 11172.00 ns, 0.0005 ns/op
OverheadActual   6: 24313856 op, 9938.00 ns, 0.0004 ns/op
OverheadActual   7: 24313856 op, 9470.00 ns, 0.0004 ns/op
OverheadActual   8: 24313856 op, 11029.00 ns, 0.0005 ns/op
OverheadActual   9: 24313856 op, 10052.00 ns, 0.0004 ns/op
OverheadActual  10: 24313856 op, 10497.00 ns, 0.0004 ns/op
OverheadActual  11: 24313856 op, 10847.00 ns, 0.0004 ns/op
OverheadActual  12: 24313856 op, 9245.00 ns, 0.0004 ns/op
OverheadActual  13: 24313856 op, 9166.00 ns, 0.0004 ns/op
OverheadActual  14: 24313856 op, 9180.00 ns, 0.0004 ns/op
OverheadActual  15: 24313856 op, 9170.00 ns, 0.0004 ns/op
OverheadActual  16: 24313856 op, 9192.00 ns, 0.0004 ns/op
OverheadActual  17: 24313856 op, 9175.00 ns, 0.0004 ns/op
OverheadActual  18: 24313856 op, 9508.00 ns, 0.0004 ns/op
OverheadActual  19: 24313856 op, 9213.00 ns, 0.0004 ns/op
OverheadActual  20: 24313856 op, 9180.00 ns, 0.0004 ns/op

WorkloadWarmup   1: 24313856 op, 251183995.00 ns, 10.3309 ns/op
WorkloadWarmup   2: 24313856 op, 251246475.00 ns, 10.3335 ns/op
WorkloadWarmup   3: 24313856 op, 250970115.00 ns, 10.3221 ns/op
WorkloadWarmup   4: 24313856 op, 251200732.00 ns, 10.3316 ns/op
WorkloadWarmup   5: 24313856 op, 250271747.00 ns, 10.2934 ns/op
WorkloadWarmup   6: 24313856 op, 251250883.00 ns, 10.3337 ns/op
WorkloadWarmup   7: 24313856 op, 249666656.00 ns, 10.2685 ns/op
WorkloadWarmup   8: 24313856 op, 208941870.00 ns, 8.5935 ns/op
WorkloadWarmup   9: 24313856 op, 71082381.00 ns, 2.9235 ns/op
WorkloadWarmup  10: 24313856 op, 72832076.00 ns, 2.9955 ns/op
WorkloadWarmup  11: 24313856 op, 72446309.00 ns, 2.9796 ns/op
WorkloadWarmup  12: 24313856 op, 73868198.00 ns, 3.0381 ns/op
WorkloadWarmup  13: 24313856 op, 72515226.00 ns, 2.9825 ns/op
WorkloadWarmup  14: 24313856 op, 70689533.00 ns, 2.9074 ns/op
WorkloadWarmup  15: 24313856 op, 72459871.00 ns, 2.9802 ns/op
WorkloadWarmup  16: 24313856 op, 71469921.00 ns, 2.9395 ns/op

// BeforeActualRun
WorkloadActual   1: 24313856 op, 71735067.00 ns, 2.9504 ns/op
WorkloadActual   2: 24313856 op, 70646737.00 ns, 2.9056 ns/op
WorkloadActual   3: 24313856 op, 70508477.00 ns, 2.8999 ns/op
WorkloadActual   4: 24313856 op, 71404890.00 ns, 2.9368 ns/op
WorkloadActual   5: 24313856 op, 70048172.00 ns, 2.8810 ns/op
WorkloadActual   6: 24313856 op, 71925787.00 ns, 2.9582 ns/op
WorkloadActual   7: 24313856 op, 70768871.00 ns, 2.9106 ns/op
WorkloadActual   8: 24313856 op, 70298393.00 ns, 2.8913 ns/op
WorkloadActual   9: 24313856 op, 70648438.00 ns, 2.9057 ns/op
WorkloadActual  10: 24313856 op, 70610277.00 ns, 2.9041 ns/op
WorkloadActual  11: 24313856 op, 71506331.00 ns, 2.9410 ns/op
WorkloadActual  12: 24313856 op, 70632061.00 ns, 2.9050 ns/op

// AfterActualRun
WorkloadResult   1: 24313856 op, 71725632.50 ns, 2.9500 ns/op
WorkloadResult   2: 24313856 op, 70637302.50 ns, 2.9052 ns/op
WorkloadResult   3: 24313856 op, 70499042.50 ns, 2.8995 ns/op
WorkloadResult   4: 24313856 op, 71395455.50 ns, 2.9364 ns/op
WorkloadResult   5: 24313856 op, 70038737.50 ns, 2.8806 ns/op
WorkloadResult   6: 24313856 op, 71916352.50 ns, 2.9578 ns/op
WorkloadResult   7: 24313856 op, 70759436.50 ns, 2.9103 ns/op
WorkloadResult   8: 24313856 op, 70288958.50 ns, 2.8909 ns/op
WorkloadResult   9: 24313856 op, 70639003.50 ns, 2.9053 ns/op
WorkloadResult  10: 24313856 op, 70600842.50 ns, 2.9037 ns/op
WorkloadResult  11: 24313856 op, 71496896.50 ns, 2.9406 ns/op
WorkloadResult  12: 24313856 op, 70622626.50 ns, 2.9046 ns/op
// GC:  0 0 0 0 24313856
// Threading:  0 0 24313856

// AfterAll
// Benchmark Process 2442227 has exited with code 0.

Mean = 2.915 ns, StdErr = 0.007 ns (0.24%), N = 12, StdDev = 0.025 ns
Min = 2.881 ns, Q1 = 2.903 ns, Median = 2.905 ns, Q3 = 2.937 ns, Max = 2.958 ns
IQR = 0.035 ns, LowerFence = 2.851 ns, UpperFence = 2.990 ns
ConfidenceInterval = [2.884 ns; 2.947 ns] (CI 99.9%), Margin = 0.031 ns (1.08% of Mean)
Skewness = 0.43, Kurtosis = 1.66, MValue = 2

// ** Remained 1 (3.3%) benchmark(s) to run. Estimated finish 2026-09-12 10:46 (0h 0m from now) **
// **************************
// Benchmark: DataAuthoredQueryBenchmarks.DataAuthoredFacade: Jit(IterationCount=12, IterationTime=250ms, WarmupCount=16) [Shape=Blend, Pattern=Alternating]
// *** Execute ***
// Launch: 1 / 1
// Execute: dotnet Alpha-Jit-1.dll --anonymousPipes 118 119 --benchmarkName "DataAuthoredQueryBenchmarks.DataAuthoredFacade(Shape: Blend, Pattern: Alternating)" --job Jit --benchmarkId 29 in /home/i/GitHub/tl-56-feat-data-authored-api/benchmarks/Alpha/bin/Release/net10.0/Alpha-Jit-1/bin/Release/net10.0
// Failed to set up high priority (Permission denied). In order to run benchmarks with high priority, make sure you have the right permissions.
// BeforeAnythingElse

// Benchmark Process Environment Information:
// BenchmarkDotNet v0.15.8
// Runtime=.NET 10.0.12 (10.0.12, 10.0.1226.42308), X64 RyuJIT x86-64-v3
// GC=Concurrent Workstation
// HardwareIntrinsics=AVX2+BMI1+BMI2+F16C+FMA+LZCNT+MOVBE,AVX,SSE3+SSSE3+SSE4.1+SSE4.2+POPCNT,X86Base+SSE+SSE2,AES+PCLMUL,AvxVnni,SERIALIZE VectorSize=256
// Job: Jit(IterationCount=12, IterationTime=250ms, WarmupCount=16)

OverheadJitting  1: 4096 op, 105874.00 ns, 25.8481 ns/op
WorkloadJitting  1: 4096 op, 266221.00 ns, 64.9954 ns/op

OverheadJitting  2: 65536 op, 121006.00 ns, 1.8464 ns/op
WorkloadJitting  2: 65536 op, 5141362.00 ns, 78.4510 ns/op

WorkloadPilot    1: 65536 op, 3817605.00 ns, 58.2520 ns/op
WorkloadPilot    2: 4325376 op, 165661142.00 ns, 38.2998 ns/op
WorkloadPilot    3: 6553600 op, 230160835.00 ns, 35.1198 ns/op
WorkloadPilot    4: 7143424 op, 250722891.00 ns, 35.0984 ns/op

OverheadWarmup   1: 7143424 op, 3325.00 ns, 0.0005 ns/op
OverheadWarmup   2: 7143424 op, 2865.00 ns, 0.0004 ns/op
OverheadWarmup   3: 7143424 op, 2722.00 ns, 0.0004 ns/op
OverheadWarmup   4: 7143424 op, 2773.00 ns, 0.0004 ns/op
OverheadWarmup   5: 7143424 op, 2806.00 ns, 0.0004 ns/op
OverheadWarmup   6: 7143424 op, 2760.00 ns, 0.0004 ns/op
OverheadWarmup   7: 7143424 op, 2713.00 ns, 0.0004 ns/op
OverheadWarmup   8: 7143424 op, 3156.00 ns, 0.0004 ns/op
OverheadWarmup   9: 7143424 op, 3017.00 ns, 0.0004 ns/op

OverheadActual   1: 7143424 op, 3236.00 ns, 0.0005 ns/op
OverheadActual   2: 7143424 op, 3305.00 ns, 0.0005 ns/op
OverheadActual   3: 7143424 op, 3140.00 ns, 0.0004 ns/op
OverheadActual   4: 7143424 op, 2943.00 ns, 0.0004 ns/op
OverheadActual   5: 7143424 op, 2952.00 ns, 0.0004 ns/op
OverheadActual   6: 7143424 op, 2734.00 ns, 0.0004 ns/op
OverheadActual   7: 7143424 op, 2712.00 ns, 0.0004 ns/op
OverheadActual   8: 7143424 op, 2714.00 ns, 0.0004 ns/op
OverheadActual   9: 7143424 op, 2710.00 ns, 0.0004 ns/op
OverheadActual  10: 7143424 op, 2717.00 ns, 0.0004 ns/op
OverheadActual  11: 7143424 op, 2693.00 ns, 0.0004 ns/op
OverheadActual  12: 7143424 op, 2728.00 ns, 0.0004 ns/op
OverheadActual  13: 7143424 op, 2709.00 ns, 0.0004 ns/op
OverheadActual  14: 7143424 op, 2714.00 ns, 0.0004 ns/op
OverheadActual  15: 7143424 op, 2728.00 ns, 0.0004 ns/op
OverheadActual  16: 7143424 op, 2708.00 ns, 0.0004 ns/op
OverheadActual  17: 7143424 op, 2710.00 ns, 0.0004 ns/op
OverheadActual  18: 7143424 op, 2928.00 ns, 0.0004 ns/op
OverheadActual  19: 7143424 op, 2747.00 ns, 0.0004 ns/op
OverheadActual  20: 7143424 op, 2737.00 ns, 0.0004 ns/op

WorkloadWarmup   1: 7143424 op, 249795257.00 ns, 34.9686 ns/op
WorkloadWarmup   2: 7143424 op, 255120888.00 ns, 35.7141 ns/op
WorkloadWarmup   3: 7143424 op, 255216262.00 ns, 35.7274 ns/op
WorkloadWarmup   4: 7143424 op, 255638806.00 ns, 35.7866 ns/op
WorkloadWarmup   5: 7143424 op, 239425843.00 ns, 33.5170 ns/op
WorkloadWarmup   6: 7143424 op, 103758774.00 ns, 14.5251 ns/op
WorkloadWarmup   7: 7143424 op, 103227134.00 ns, 14.4507 ns/op
WorkloadWarmup   8: 7143424 op, 103717994.00 ns, 14.5194 ns/op
WorkloadWarmup   9: 7143424 op, 105707209.00 ns, 14.7978 ns/op
WorkloadWarmup  10: 7143424 op, 107702458.00 ns, 15.0771 ns/op
WorkloadWarmup  11: 7143424 op, 103083353.00 ns, 14.4305 ns/op
WorkloadWarmup  12: 7143424 op, 102559281.00 ns, 14.3572 ns/op
WorkloadWarmup  13: 7143424 op, 103834508.00 ns, 14.5357 ns/op
WorkloadWarmup  14: 7143424 op, 104107196.00 ns, 14.5739 ns/op
WorkloadWarmup  15: 7143424 op, 113361225.00 ns, 15.8693 ns/op
WorkloadWarmup  16: 7143424 op, 103074588.00 ns, 14.4293 ns/op

// BeforeActualRun
WorkloadActual   1: 7143424 op, 102871364.00 ns, 14.4008 ns/op
WorkloadActual   2: 7143424 op, 102765115.00 ns, 14.3860 ns/op
WorkloadActual   3: 7143424 op, 101661912.00 ns, 14.2315 ns/op
WorkloadActual   4: 7143424 op, 102484539.00 ns, 14.3467 ns/op
WorkloadActual   5: 7143424 op, 102491457.00 ns, 14.3477 ns/op
WorkloadActual   6: 7143424 op, 102954581.00 ns, 14.4125 ns/op
WorkloadActual   7: 7143424 op, 101676987.00 ns, 14.2336 ns/op
WorkloadActual   8: 7143424 op, 103665192.00 ns, 14.5120 ns/op
WorkloadActual   9: 7143424 op, 103217708.00 ns, 14.4493 ns/op
WorkloadActual  10: 7143424 op, 103013861.00 ns, 14.4208 ns/op
WorkloadActual  11: 7143424 op, 102711684.00 ns, 14.3785 ns/op
WorkloadActual  12: 7143424 op, 102747556.00 ns, 14.3835 ns/op

// AfterActualRun
WorkloadResult   1: 7143424 op, 102868636.00 ns, 14.4005 ns/op
WorkloadResult   2: 7143424 op, 102762387.00 ns, 14.3856 ns/op
WorkloadResult   3: 7143424 op, 101659184.00 ns, 14.2312 ns/op
WorkloadResult   4: 7143424 op, 102481811.00 ns, 14.3463 ns/op
WorkloadResult   5: 7143424 op, 102488729.00 ns, 14.3473 ns/op
WorkloadResult   6: 7143424 op, 102951853.00 ns, 14.4121 ns/op
WorkloadResult   7: 7143424 op, 101674259.00 ns, 14.2333 ns/op
WorkloadResult   8: 7143424 op, 103662464.00 ns, 14.5116 ns/op
WorkloadResult   9: 7143424 op, 103214980.00 ns, 14.4490 ns/op
WorkloadResult  10: 7143424 op, 103011133.00 ns, 14.4204 ns/op
WorkloadResult  11: 7143424 op, 102708956.00 ns, 14.3781 ns/op
WorkloadResult  12: 7143424 op, 102744828.00 ns, 14.3831 ns/op
// GC:  0 0 0 0 7143424
// Threading:  0 0 7143424

// AfterAll
// Benchmark Process 2446956 has exited with code 0.

Mean = 14.375 ns, StdErr = 0.023 ns (0.16%), N = 12, StdDev = 0.080 ns
Min = 14.231 ns, Q1 = 14.347 ns, Median = 14.384 ns, Q3 = 14.414 ns, Max = 14.512 ns
IQR = 0.067 ns, LowerFence = 14.246 ns, UpperFence = 14.515 ns
ConfidenceInterval = [14.272 ns; 14.478 ns] (CI 99.9%), Margin = 0.103 ns (0.71% of Mean)
Skewness = -0.44, Kurtosis = 2.45, MValue = 2

// ** Remained 0 (0.0%) benchmark(s) to run. Estimated finish 2026-09-12 10:46 (0h 0m from now) **
// ***** BenchmarkRunner: Finish  *****

// * Export *
  BenchmarkDotNet.Artifacts/results/DataAuthoredQueryBenchmarks-report.csv
  BenchmarkDotNet.Artifacts/results/DataAuthoredQueryBenchmarks-report-github.md
  BenchmarkDotNet.Artifacts/results/DataAuthoredQueryBenchmarks-report.html
  BenchmarkDotNet.Artifacts/results/DataAuthoredQueryBenchmarks-report-full.json

// * Detailed results *
DataAuthoredQueryBenchmarks.DirectShape: Jit(IterationCount=12, IterationTime=250ms, WarmupCount=16) [Shape=OneTrack, Pattern=Forward]
Runtime = .NET 10.0.12 (10.0.12, 10.0.1226.42308), X64 RyuJIT x86-64-v3; GC = Concurrent Workstation
Mean = 1.398 ns, StdErr = 0.003 ns (0.21%), N = 12, StdDev = 0.010 ns
Min = 1.381 ns, Q1 = 1.391 ns, Median = 1.397 ns, Q3 = 1.405 ns, Max = 1.414 ns
IQR = 0.014 ns, LowerFence = 1.370 ns, UpperFence = 1.426 ns
ConfidenceInterval = [1.385 ns; 1.411 ns] (CI 99.9%), Margin = 0.013 ns (0.92% of Mean)
Skewness = 0.01, Kurtosis = 1.74, MValue = 2
-------------------- Histogram --------------------
[1.375 ns ; 1.420 ns) | @@@@@@@@@@@@
---------------------------------------------------

DataAuthoredQueryBenchmarks.GeneratedShape: Jit(IterationCount=12, IterationTime=250ms, WarmupCount=16) [Shape=OneTrack, Pattern=Forward]
Runtime = .NET 10.0.12 (10.0.12, 10.0.1226.42308), X64 RyuJIT x86-64-v3; GC = Concurrent Workstation
Mean = 1.881 ns, StdErr = 0.009 ns (0.46%), N = 11, StdDev = 0.029 ns
Min = 1.805 ns, Q1 = 1.884 ns, Median = 1.891 ns, Q3 = 1.895 ns, Max = 1.903 ns
IQR = 0.010 ns, LowerFence = 1.869 ns, UpperFence = 1.910 ns
ConfidenceInterval = [1.841 ns; 1.920 ns] (CI 99.9%), Margin = 0.040 ns (2.10% of Mean)
Skewness = -1.69, Kurtosis = 4.63, MValue = 2
-------------------- Histogram --------------------
[1.788 ns ; 1.832 ns) | @
[1.832 ns ; 1.912 ns) | @@@@@@@@@@
---------------------------------------------------

DataAuthoredQueryBenchmarks.DataAuthoredFacade: Jit(IterationCount=12, IterationTime=250ms, WarmupCount=16) [Shape=OneTrack, Pattern=Forward]
Runtime = .NET 10.0.12 (10.0.12, 10.0.1226.42308), X64 RyuJIT x86-64-v3; GC = Concurrent Workstation
Mean = 13.521 ns, StdErr = 0.012 ns (0.09%), N = 12, StdDev = 0.042 ns
Min = 13.434 ns, Q1 = 13.500 ns, Median = 13.532 ns, Q3 = 13.548 ns, Max = 13.573 ns
IQR = 0.048 ns, LowerFence = 13.427 ns, UpperFence = 13.620 ns
ConfidenceInterval = [13.466 ns; 13.575 ns] (CI 99.9%), Margin = 0.054 ns (0.40% of Mean)
Skewness = -0.54, Kurtosis = 2.1, MValue = 2
-------------------- Histogram --------------------
[13.410 ns ; 13.598 ns) | @@@@@@@@@@@@
---------------------------------------------------

DataAuthoredQueryBenchmarks.DirectShape: Jit(IterationCount=12, IterationTime=250ms, WarmupCount=16) [Shape=OneTrack, Pattern=Alternating]
Runtime = .NET 10.0.12 (10.0.12, 10.0.1226.42308), X64 RyuJIT x86-64-v3; GC = Concurrent Workstation
Mean = 1.323 ns, StdErr = 0.003 ns (0.20%), N = 11, StdDev = 0.009 ns
Min = 1.310 ns, Q1 = 1.317 ns, Median = 1.323 ns, Q3 = 1.327 ns, Max = 1.340 ns
IQR = 0.010 ns, LowerFence = 1.303 ns, UpperFence = 1.341 ns
ConfidenceInterval = [1.310 ns; 1.335 ns] (CI 99.9%), Margin = 0.012 ns (0.93% of Mean)
Skewness = 0.2, Kurtosis = 2.15, MValue = 2
-------------------- Histogram --------------------
[1.304 ns ; 1.345 ns) | @@@@@@@@@@@
---------------------------------------------------

DataAuthoredQueryBenchmarks.GeneratedShape: Jit(IterationCount=12, IterationTime=250ms, WarmupCount=16) [Shape=OneTrack, Pattern=Alternating]
Runtime = .NET 10.0.12 (10.0.12, 10.0.1226.42308), X64 RyuJIT x86-64-v3; GC = Concurrent Workstation
Mean = 2.073 ns, StdErr = 0.007 ns (0.36%), N = 11, StdDev = 0.025 ns
Min = 2.031 ns, Q1 = 2.060 ns, Median = 2.077 ns, Q3 = 2.091 ns, Max = 2.100 ns
IQR = 0.031 ns, LowerFence = 2.013 ns, UpperFence = 2.138 ns
ConfidenceInterval = [2.038 ns; 2.107 ns] (CI 99.9%), Margin = 0.034 ns (1.65% of Mean)
Skewness = -0.62, Kurtosis = 1.78, MValue = 2
-------------------- Histogram --------------------
[2.020 ns ; 2.109 ns) | @@@@@@@@@@@
---------------------------------------------------

DataAuthoredQueryBenchmarks.DataAuthoredFacade: Jit(IterationCount=12, IterationTime=250ms, WarmupCount=16) [Shape=OneTrack, Pattern=Alternating]
Runtime = .NET 10.0.12 (10.0.12, 10.0.1226.42308), X64 RyuJIT x86-64-v3; GC = Concurrent Workstation
Mean = 14.053 ns, StdErr = 0.021 ns (0.15%), N = 12, StdDev = 0.072 ns
Min = 13.967 ns, Q1 = 14.002 ns, Median = 14.032 ns, Q3 = 14.130 ns, Max = 14.157 ns
IQR = 0.128 ns, LowerFence = 13.811 ns, UpperFence = 14.322 ns
ConfidenceInterval = [13.961 ns; 14.145 ns] (CI 99.9%), Margin = 0.092 ns (0.65% of Mean)
Skewness = 0.36, Kurtosis = 1.35, MValue = 2
-------------------- Histogram --------------------
[13.926 ns ; 14.198 ns) | @@@@@@@@@@@@
---------------------------------------------------

DataAuthoredQueryBenchmarks.DirectShape: Jit(IterationCount=12, IterationTime=250ms, WarmupCount=16) [Shape=ThreeTracks, Pattern=Forward]
Runtime = .NET 10.0.12 (10.0.12, 10.0.1226.42308), X64 RyuJIT x86-64-v3; GC = Concurrent Workstation
Mean = 2.267 ns, StdErr = 0.007 ns (0.29%), N = 10, StdDev = 0.021 ns
Min = 2.229 ns, Q1 = 2.259 ns, Median = 2.268 ns, Q3 = 2.275 ns, Max = 2.296 ns
IQR = 0.015 ns, LowerFence = 2.236 ns, UpperFence = 2.298 ns
ConfidenceInterval = [2.236 ns; 2.298 ns] (CI 99.9%), Margin = 0.031 ns (1.38% of Mean)
Skewness = -0.16, Kurtosis = 2.01, MValue = 2
-------------------- Histogram --------------------
[2.217 ns ; 2.309 ns) | @@@@@@@@@@
---------------------------------------------------

DataAuthoredQueryBenchmarks.GeneratedShape: Jit(IterationCount=12, IterationTime=250ms, WarmupCount=16) [Shape=ThreeTracks, Pattern=Forward]
Runtime = .NET 10.0.12 (10.0.12, 10.0.1226.42308), X64 RyuJIT x86-64-v3; GC = Concurrent Workstation
Mean = 3.918 ns, StdErr = 0.022 ns (0.55%), N = 12, StdDev = 0.075 ns
Min = 3.808 ns, Q1 = 3.879 ns, Median = 3.897 ns, Q3 = 3.962 ns, Max = 4.055 ns
IQR = 0.083 ns, LowerFence = 3.755 ns, UpperFence = 4.086 ns
ConfidenceInterval = [3.822 ns; 4.014 ns] (CI 99.9%), Margin = 0.096 ns (2.44% of Mean)
Skewness = 0.44, Kurtosis = 1.89, MValue = 2
-------------------- Histogram --------------------
[3.765 ns ; 3.918 ns) | @@@@@@@@
[3.918 ns ; 4.072 ns) | @@@@
---------------------------------------------------

DataAuthoredQueryBenchmarks.DataAuthoredFacade: Jit(IterationCount=12, IterationTime=250ms, WarmupCount=16) [Shape=ThreeTracks, Pattern=Forward]
Runtime = .NET 10.0.12 (10.0.12, 10.0.1226.42308), X64 RyuJIT x86-64-v3; GC = Concurrent Workstation
Mean = 22.364 ns, StdErr = 0.128 ns (0.57%), N = 11, StdDev = 0.425 ns
Min = 21.214 ns, Q1 = 22.312 ns, Median = 22.486 ns, Q3 = 22.559 ns, Max = 22.860 ns
IQR = 0.247 ns, LowerFence = 21.941 ns, UpperFence = 22.930 ns
ConfidenceInterval = [21.776 ns; 22.952 ns] (CI 99.9%), Margin = 0.588 ns (2.63% of Mean)
Skewness = -1.64, Kurtosis = 5.07, MValue = 2
-------------------- Histogram --------------------
[20.963 ns ; 21.465 ns) | @
[21.465 ns ; 21.966 ns) | 
[21.966 ns ; 22.604 ns) | @@@@@@@@@
[22.604 ns ; 23.111 ns) | @
---------------------------------------------------

DataAuthoredQueryBenchmarks.DirectShape: Jit(IterationCount=12, IterationTime=250ms, WarmupCount=16) [Shape=ThreeTracks, Pattern=Alternating]
Runtime = .NET 10.0.12 (10.0.12, 10.0.1226.42308), X64 RyuJIT x86-64-v3; GC = Concurrent Workstation
Mean = 4.158 ns, StdErr = 0.006 ns (0.14%), N = 11, StdDev = 0.020 ns
Min = 4.129 ns, Q1 = 4.141 ns, Median = 4.161 ns, Q3 = 4.168 ns, Max = 4.193 ns
IQR = 0.027 ns, LowerFence = 4.101 ns, UpperFence = 4.208 ns
ConfidenceInterval = [4.130 ns; 4.185 ns] (CI 99.9%), Margin = 0.027 ns (0.66% of Mean)
Skewness = 0.22, Kurtosis = 1.74, MValue = 2
-------------------- Histogram --------------------
[4.117 ns ; 4.202 ns) | @@@@@@@@@@@
---------------------------------------------------

DataAuthoredQueryBenchmarks.GeneratedShape: Jit(IterationCount=12, IterationTime=250ms, WarmupCount=16) [Shape=ThreeTracks, Pattern=Alternating]
Runtime = .NET 10.0.12 (10.0.12, 10.0.1226.42308), X64 RyuJIT x86-64-v3; GC = Concurrent Workstation
Mean = 3.943 ns, StdErr = 0.008 ns (0.20%), N = 11, StdDev = 0.026 ns
Min = 3.898 ns, Q1 = 3.934 ns, Median = 3.949 ns, Q3 = 3.954 ns, Max = 3.980 ns
IQR = 0.020 ns, LowerFence = 3.904 ns, UpperFence = 3.984 ns
ConfidenceInterval = [3.906 ns; 3.979 ns] (CI 99.9%), Margin = 0.037 ns (0.93% of Mean)
Skewness = -0.51, Kurtosis = 2, MValue = 2
-------------------- Histogram --------------------
[3.882 ns ; 3.996 ns) | @@@@@@@@@@@
---------------------------------------------------

DataAuthoredQueryBenchmarks.DataAuthoredFacade: Jit(IterationCount=12, IterationTime=250ms, WarmupCount=16) [Shape=ThreeTracks, Pattern=Alternating]
Runtime = .NET 10.0.12 (10.0.12, 10.0.1226.42308), X64 RyuJIT x86-64-v3; GC = Concurrent Workstation
Mean = 23.036 ns, StdErr = 0.066 ns (0.29%), N = 11, StdDev = 0.220 ns
Min = 22.759 ns, Q1 = 22.907 ns, Median = 22.977 ns, Q3 = 23.103 ns, Max = 23.466 ns
IQR = 0.196 ns, LowerFence = 22.613 ns, UpperFence = 23.397 ns
ConfidenceInterval = [22.732 ns; 23.341 ns] (CI 99.9%), Margin = 0.304 ns (1.32% of Mean)
Skewness = 0.81, Kurtosis = 2.27, MValue = 2
-------------------- Histogram --------------------
[22.738 ns ; 23.596 ns) | @@@@@@@@@@@
---------------------------------------------------

DataAuthoredQueryBenchmarks.DirectShape: Jit(IterationCount=12, IterationTime=250ms, WarmupCount=16) [Shape=SixteenTracks, Pattern=Forward]
Runtime = .NET 10.0.12 (10.0.12, 10.0.1226.42308), X64 RyuJIT x86-64-v3; GC = Concurrent Workstation
Mean = 12.006 ns, StdErr = 0.008 ns (0.07%), N = 10, StdDev = 0.027 ns
Min = 11.963 ns, Q1 = 11.988 ns, Median = 12.006 ns, Q3 = 12.017 ns, Max = 12.053 ns
IQR = 0.029 ns, LowerFence = 11.944 ns, UpperFence = 12.061 ns
ConfidenceInterval = [11.966 ns; 12.047 ns] (CI 99.9%), Margin = 0.040 ns (0.34% of Mean)
Skewness = 0.14, Kurtosis = 1.96, MValue = 2
-------------------- Histogram --------------------
[11.946 ns ; 12.069 ns) | @@@@@@@@@@
---------------------------------------------------

DataAuthoredQueryBenchmarks.GeneratedShape: Jit(IterationCount=12, IterationTime=250ms, WarmupCount=16) [Shape=SixteenTracks, Pattern=Forward]
Runtime = .NET 10.0.12 (10.0.12, 10.0.1226.42308), X64 RyuJIT x86-64-v3; GC = Concurrent Workstation
Mean = 22.221 ns, StdErr = 0.037 ns (0.17%), N = 12, StdDev = 0.128 ns
Min = 22.029 ns, Q1 = 22.120 ns, Median = 22.213 ns, Q3 = 22.306 ns, Max = 22.406 ns
IQR = 0.186 ns, LowerFence = 21.842 ns, UpperFence = 22.584 ns
ConfidenceInterval = [22.056 ns; 22.385 ns] (CI 99.9%), Margin = 0.164 ns (0.74% of Mean)
Skewness = 0.14, Kurtosis = 1.48, MValue = 2
-------------------- Histogram --------------------
[21.955 ns ; 22.479 ns) | @@@@@@@@@@@@
---------------------------------------------------

DataAuthoredQueryBenchmarks.DataAuthoredFacade: Jit(IterationCount=12, IterationTime=250ms, WarmupCount=16) [Shape=SixteenTracks, Pattern=Forward]
Runtime = .NET 10.0.12 (10.0.12, 10.0.1226.42308), X64 RyuJIT x86-64-v3; GC = Concurrent Workstation
Mean = 77.372 ns, StdErr = 0.131 ns (0.17%), N = 12, StdDev = 0.453 ns
Min = 76.741 ns, Q1 = 76.988 ns, Median = 77.496 ns, Q3 = 77.557 ns, Max = 78.342 ns
IQR = 0.569 ns, LowerFence = 76.135 ns, UpperFence = 78.410 ns
ConfidenceInterval = [76.791 ns; 77.952 ns] (CI 99.9%), Margin = 0.580 ns (0.75% of Mean)
Skewness = 0.28, Kurtosis = 2.49, MValue = 2
-------------------- Histogram --------------------
[76.481 ns ; 78.602 ns) | @@@@@@@@@@@@
---------------------------------------------------

DataAuthoredQueryBenchmarks.DirectShape: Jit(IterationCount=12, IterationTime=250ms, WarmupCount=16) [Shape=SixteenTracks, Pattern=Alternating]
Runtime = .NET 10.0.12 (10.0.12, 10.0.1226.42308), X64 RyuJIT x86-64-v3; GC = Concurrent Workstation
Mean = 18.416 ns, StdErr = 0.048 ns (0.26%), N = 10, StdDev = 0.152 ns
Min = 18.105 ns, Q1 = 18.326 ns, Median = 18.471 ns, Q3 = 18.533 ns, Max = 18.564 ns
IQR = 0.207 ns, LowerFence = 18.015 ns, UpperFence = 18.843 ns
ConfidenceInterval = [18.186 ns; 18.646 ns] (CI 99.9%), Margin = 0.230 ns (1.25% of Mean)
Skewness = -0.8, Kurtosis = 2.14, MValue = 2
-------------------- Histogram --------------------
[18.013 ns ; 18.656 ns) | @@@@@@@@@@
---------------------------------------------------

DataAuthoredQueryBenchmarks.GeneratedShape: Jit(IterationCount=12, IterationTime=250ms, WarmupCount=16) [Shape=SixteenTracks, Pattern=Alternating]
Runtime = .NET 10.0.12 (10.0.12, 10.0.1226.42308), X64 RyuJIT x86-64-v3; GC = Concurrent Workstation
Mean = 20.497 ns, StdErr = 0.066 ns (0.32%), N = 12, StdDev = 0.227 ns
Min = 20.106 ns, Q1 = 20.363 ns, Median = 20.520 ns, Q3 = 20.647 ns, Max = 20.903 ns
IQR = 0.284 ns, LowerFence = 19.937 ns, UpperFence = 21.073 ns
ConfidenceInterval = [20.206 ns; 20.788 ns] (CI 99.9%), Margin = 0.291 ns (1.42% of Mean)
Skewness = -0.12, Kurtosis = 2.03, MValue = 2
-------------------- Histogram --------------------
[19.975 ns ; 21.034 ns) | @@@@@@@@@@@@
---------------------------------------------------

DataAuthoredQueryBenchmarks.DataAuthoredFacade: Jit(IterationCount=12, IterationTime=250ms, WarmupCount=16) [Shape=SixteenTracks, Pattern=Alternating]
Runtime = .NET 10.0.12 (10.0.12, 10.0.1226.42308), X64 RyuJIT x86-64-v3; GC = Concurrent Workstation
Mean = 79.879 ns, StdErr = 0.187 ns (0.23%), N = 12, StdDev = 0.649 ns
Min = 78.594 ns, Q1 = 79.604 ns, Median = 79.937 ns, Q3 = 80.398 ns, Max = 80.739 ns
IQR = 0.794 ns, LowerFence = 78.413 ns, UpperFence = 81.588 ns
ConfidenceInterval = [79.048 ns; 80.711 ns] (CI 99.9%), Margin = 0.831 ns (1.04% of Mean)
Skewness = -0.6, Kurtosis = 2.13, MValue = 2
-------------------- Histogram --------------------
[78.221 ns ; 81.002 ns) | @@@@@@@@@@@@
---------------------------------------------------

DataAuthoredQueryBenchmarks.DirectShape: Jit(IterationCount=12, IterationTime=250ms, WarmupCount=16) [Shape=TwoHundredFiftySixTracks, Pattern=Forward]
Runtime = .NET 10.0.12 (10.0.12, 10.0.1226.42308), X64 RyuJIT x86-64-v3; GC = Concurrent Workstation
Mean = 335.314 ns, StdErr = 0.523 ns (0.16%), N = 11, StdDev = 1.734 ns
Min = 332.392 ns, Q1 = 334.101 ns, Median = 335.875 ns, Q3 = 336.346 ns, Max = 337.725 ns
IQR = 2.245 ns, LowerFence = 330.733 ns, UpperFence = 339.714 ns
ConfidenceInterval = [332.915 ns; 337.713 ns] (CI 99.9%), Margin = 2.399 ns (0.72% of Mean)
Skewness = -0.4, Kurtosis = 1.65, MValue = 2
-------------------- Histogram --------------------
[332.322 ns ; 338.749 ns) | @@@@@@@@@@@
---------------------------------------------------

DataAuthoredQueryBenchmarks.GeneratedShape: Jit(IterationCount=12, IterationTime=250ms, WarmupCount=16) [Shape=TwoHundredFiftySixTracks, Pattern=Forward]
Runtime = .NET 10.0.12 (10.0.12, 10.0.1226.42308), X64 RyuJIT x86-64-v3; GC = Concurrent Workstation
Mean = 33.465 us, StdErr = 0.061 us (0.18%), N = 11, StdDev = 0.202 us
Min = 33.151 us, Q1 = 33.334 us, Median = 33.475 us, Q3 = 33.547 us, Max = 33.875 us
IQR = 0.212 us, LowerFence = 33.016 us, UpperFence = 33.865 us
ConfidenceInterval = [33.185 us; 33.745 us] (CI 99.9%), Margin = 0.280 us (0.84% of Mean)
Skewness = 0.44, Kurtosis = 2.32, MValue = 2
-------------------- Histogram --------------------
[33.032 us ; 33.995 us) | @@@@@@@@@@@
---------------------------------------------------

DataAuthoredQueryBenchmarks.DataAuthoredFacade: Jit(IterationCount=12, IterationTime=250ms, WarmupCount=16) [Shape=TwoHundredFiftySixTracks, Pattern=Forward]
Runtime = .NET 10.0.12 (10.0.12, 10.0.1226.42308), X64 RyuJIT x86-64-v3; GC = Concurrent Workstation
Mean = 1.117 us, StdErr = 0.002 us (0.21%), N = 12, StdDev = 0.008 us
Min = 1.107 us, Q1 = 1.112 us, Median = 1.115 us, Q3 = 1.122 us, Max = 1.130 us
IQR = 0.010 us, LowerFence = 1.096 us, UpperFence = 1.138 us
ConfidenceInterval = [1.107 us; 1.128 us] (CI 99.9%), Margin = 0.010 us (0.94% of Mean)
Skewness = 0.36, Kurtosis = 1.5, MValue = 2
-------------------- Histogram --------------------
[1.105 us ; 1.134 us) | @@@@@@@@@@@@
---------------------------------------------------

DataAuthoredQueryBenchmarks.DirectShape: Jit(IterationCount=12, IterationTime=250ms, WarmupCount=16) [Shape=TwoHundredFiftySixTracks, Pattern=Alternating]
Runtime = .NET 10.0.12 (10.0.12, 10.0.1226.42308), X64 RyuJIT x86-64-v3; GC = Concurrent Workstation
Mean = 340.391 ns, StdErr = 0.599 ns (0.18%), N = 11, StdDev = 1.985 ns
Min = 338.124 ns, Q1 = 339.062 ns, Median = 339.813 ns, Q3 = 341.388 ns, Max = 345.215 ns
IQR = 2.326 ns, LowerFence = 335.572 ns, UpperFence = 344.878 ns
ConfidenceInterval = [337.645 ns; 343.137 ns] (CI 99.9%), Margin = 2.746 ns (0.81% of Mean)
Skewness = 1.12, Kurtosis = 3.44, MValue = 2
-------------------- Histogram --------------------
[336.952 ns ; 346.387 ns) | @@@@@@@@@@@
---------------------------------------------------

DataAuthoredQueryBenchmarks.GeneratedShape: Jit(IterationCount=12, IterationTime=250ms, WarmupCount=16) [Shape=TwoHundredFiftySixTracks, Pattern=Alternating]
Runtime = .NET 10.0.12 (10.0.12, 10.0.1226.42308), X64 RyuJIT x86-64-v3; GC = Concurrent Workstation
Mean = 34.059 us, StdErr = 0.072 us (0.21%), N = 12, StdDev = 0.248 us
Min = 33.669 us, Q1 = 33.902 us, Median = 34.004 us, Q3 = 34.200 us, Max = 34.507 us
IQR = 0.298 us, LowerFence = 33.454 us, UpperFence = 34.647 us
ConfidenceInterval = [33.741 us; 34.377 us] (CI 99.9%), Margin = 0.318 us (0.93% of Mean)
Skewness = 0.25, Kurtosis = 1.87, MValue = 2
-------------------- Histogram --------------------
[33.567 us ; 34.650 us) | @@@@@@@@@@@@
---------------------------------------------------

DataAuthoredQueryBenchmarks.DataAuthoredFacade: Jit(IterationCount=12, IterationTime=250ms, WarmupCount=16) [Shape=TwoHundredFiftySixTracks, Pattern=Alternating]
Runtime = .NET 10.0.12 (10.0.12, 10.0.1226.42308), X64 RyuJIT x86-64-v3; GC = Concurrent Workstation
Mean = 1.122 us, StdErr = 0.003 us (0.25%), N = 12, StdDev = 0.010 us
Min = 1.103 us, Q1 = 1.119 us, Median = 1.125 us, Q3 = 1.128 us, Max = 1.137 us
IQR = 0.010 us, LowerFence = 1.104 us, UpperFence = 1.143 us
ConfidenceInterval = [1.110 us; 1.135 us] (CI 99.9%), Margin = 0.013 us (1.13% of Mean)
Skewness = -0.51, Kurtosis = 2.08, MValue = 2
-------------------- Histogram --------------------
[1.098 us ; 1.138 us) | @@@@@@@@@@@@
---------------------------------------------------

DataAuthoredQueryBenchmarks.DirectShape: Jit(IterationCount=12, IterationTime=250ms, WarmupCount=16) [Shape=Blend, Pattern=Forward]
Runtime = .NET 10.0.12 (10.0.12, 10.0.1226.42308), X64 RyuJIT x86-64-v3; GC = Concurrent Workstation
Mean = 1.699 ns, StdErr = 0.001 ns (0.07%), N = 10, StdDev = 0.004 ns
Min = 1.692 ns, Q1 = 1.698 ns, Median = 1.699 ns, Q3 = 1.700 ns, Max = 1.705 ns
IQR = 0.002 ns, LowerFence = 1.694 ns, UpperFence = 1.703 ns
ConfidenceInterval = [1.693 ns; 1.704 ns] (CI 99.9%), Margin = 0.005 ns (0.31% of Mean)
Skewness = -0.08, Kurtosis = 2.82, MValue = 2
-------------------- Histogram --------------------
[1.690 ns ; 1.708 ns) | @@@@@@@@@@
---------------------------------------------------

DataAuthoredQueryBenchmarks.GeneratedShape: Jit(IterationCount=12, IterationTime=250ms, WarmupCount=16) [Shape=Blend, Pattern=Forward]
Runtime = .NET 10.0.12 (10.0.12, 10.0.1226.42308), X64 RyuJIT x86-64-v3; GC = Concurrent Workstation
Mean = 2.601 ns, StdErr = 0.008 ns (0.31%), N = 11, StdDev = 0.027 ns
Min = 2.563 ns, Q1 = 2.586 ns, Median = 2.605 ns, Q3 = 2.614 ns, Max = 2.654 ns
IQR = 0.028 ns, LowerFence = 2.544 ns, UpperFence = 2.656 ns
ConfidenceInterval = [2.565 ns; 2.638 ns] (CI 99.9%), Margin = 0.037 ns (1.41% of Mean)
Skewness = 0.17, Kurtosis = 2.27, MValue = 2
-------------------- Histogram --------------------
[2.547 ns ; 2.670 ns) | @@@@@@@@@@@
---------------------------------------------------

DataAuthoredQueryBenchmarks.DataAuthoredFacade: Jit(IterationCount=12, IterationTime=250ms, WarmupCount=16) [Shape=Blend, Pattern=Forward]
Runtime = .NET 10.0.12 (10.0.12, 10.0.1226.42308), X64 RyuJIT x86-64-v3; GC = Concurrent Workstation
Mean = 14.298 ns, StdErr = 0.033 ns (0.23%), N = 11, StdDev = 0.108 ns
Min = 14.079 ns, Q1 = 14.225 ns, Median = 14.328 ns, Q3 = 14.374 ns, Max = 14.462 ns
IQR = 0.149 ns, LowerFence = 14.001 ns, UpperFence = 14.597 ns
ConfidenceInterval = [14.149 ns; 14.448 ns] (CI 99.9%), Margin = 0.149 ns (1.04% of Mean)
Skewness = -0.43, Kurtosis = 2.21, MValue = 2
-------------------- Histogram --------------------
[14.015 ns ; 14.482 ns) | @@@@@@@@@@@
---------------------------------------------------

DataAuthoredQueryBenchmarks.DirectShape: Jit(IterationCount=12, IterationTime=250ms, WarmupCount=16) [Shape=Blend, Pattern=Alternating]
Runtime = .NET 10.0.12 (10.0.12, 10.0.1226.42308), X64 RyuJIT x86-64-v3; GC = Concurrent Workstation
Mean = 1.907 ns, StdErr = 0.007 ns (0.39%), N = 12, StdDev = 0.025 ns
Min = 1.884 ns, Q1 = 1.891 ns, Median = 1.896 ns, Q3 = 1.924 ns, Max = 1.970 ns
IQR = 0.033 ns, LowerFence = 1.840 ns, UpperFence = 1.974 ns
ConfidenceInterval = [1.875 ns; 1.940 ns] (CI 99.9%), Margin = 0.033 ns (1.71% of Mean)
Skewness = 1.18, Kurtosis = 3.3, MValue = 2
-------------------- Histogram --------------------
[1.872 ns ; 1.985 ns) | @@@@@@@@@@@@
---------------------------------------------------

DataAuthoredQueryBenchmarks.GeneratedShape: Jit(IterationCount=12, IterationTime=250ms, WarmupCount=16) [Shape=Blend, Pattern=Alternating]
Runtime = .NET 10.0.12 (10.0.12, 10.0.1226.42308), X64 RyuJIT x86-64-v3; GC = Concurrent Workstation
Mean = 2.915 ns, StdErr = 0.007 ns (0.24%), N = 12, StdDev = 0.025 ns
Min = 2.881 ns, Q1 = 2.903 ns, Median = 2.905 ns, Q3 = 2.937 ns, Max = 2.958 ns
IQR = 0.035 ns, LowerFence = 2.851 ns, UpperFence = 2.990 ns
ConfidenceInterval = [2.884 ns; 2.947 ns] (CI 99.9%), Margin = 0.031 ns (1.08% of Mean)
Skewness = 0.43, Kurtosis = 1.66, MValue = 2
-------------------- Histogram --------------------
[2.872 ns ; 2.972 ns) | @@@@@@@@@@@@
---------------------------------------------------

DataAuthoredQueryBenchmarks.DataAuthoredFacade: Jit(IterationCount=12, IterationTime=250ms, WarmupCount=16) [Shape=Blend, Pattern=Alternating]
Runtime = .NET 10.0.12 (10.0.12, 10.0.1226.42308), X64 RyuJIT x86-64-v3; GC = Concurrent Workstation
Mean = 14.375 ns, StdErr = 0.023 ns (0.16%), N = 12, StdDev = 0.080 ns
Min = 14.231 ns, Q1 = 14.347 ns, Median = 14.384 ns, Q3 = 14.414 ns, Max = 14.512 ns
IQR = 0.067 ns, LowerFence = 14.246 ns, UpperFence = 14.515 ns
ConfidenceInterval = [14.272 ns; 14.478 ns] (CI 99.9%), Margin = 0.103 ns (0.71% of Mean)
Skewness = -0.44, Kurtosis = 2.45, MValue = 2
-------------------- Histogram --------------------
[14.185 ns ; 14.527 ns) | @@@@@@@@@@@@
---------------------------------------------------

// * Summary *

BenchmarkDotNet v0.15.8, Linux Omarchy
Intel Core i9-14900K 4.35GHz, 1 CPU, 32 logical and 24 physical cores
.NET SDK 10.0.401
  [Host] : .NET 10.0.12 (10.0.12, 10.0.1226.42308), X64 RyuJIT x86-64-v3
  Jit    : .NET 10.0.12 (10.0.12, 10.0.1226.42308), X64 RyuJIT x86-64-v3

Job=Jit  IterationCount=12  IterationTime=250ms  
WarmupCount=16  

| Method             | Shape                    | Pattern     | Mean          | Error       | StdDev      | Median        | Ratio  | RatioSD | Allocated | Alloc Ratio |
|------------------- |------------------------- |------------ |--------------:|------------:|------------:|--------------:|-------:|--------:|----------:|------------:|
| DirectShape        | OneTrack                 | Forward     |      1.398 ns |   0.0129 ns |   0.0101 ns |      1.397 ns |   1.00 |    0.01 |         - |          NA |
| GeneratedShape     | OneTrack                 | Forward     |      1.881 ns |   0.0395 ns |   0.0286 ns |      1.891 ns |   1.35 |    0.02 |         - |          NA |
| DataAuthoredFacade | OneTrack                 | Forward     |     13.521 ns |   0.0542 ns |   0.0424 ns |     13.532 ns |   9.67 |    0.07 |         - |          NA |
|                    |                          |             |               |             |             |               |        |         |           |             |
| DirectShape        | OneTrack                 | Alternating |      1.323 ns |   0.0123 ns |   0.0089 ns |      1.323 ns |   1.00 |    0.01 |         - |          NA |
| GeneratedShape     | OneTrack                 | Alternating |      2.073 ns |   0.0341 ns |   0.0247 ns |      2.077 ns |   1.57 |    0.02 |         - |          NA |
| DataAuthoredFacade | OneTrack                 | Alternating |     14.053 ns |   0.0919 ns |   0.0718 ns |     14.032 ns |  10.63 |    0.09 |         - |          NA |
|                    |                          |             |               |             |             |               |        |         |           |             |
| DirectShape        | ThreeTracks              | Forward     |      2.267 ns |   0.0312 ns |   0.0206 ns |      2.268 ns |   1.00 |    0.01 |         - |          NA |
| GeneratedShape     | ThreeTracks              | Forward     |      3.918 ns |   0.0958 ns |   0.0748 ns |      3.897 ns |   1.73 |    0.04 |         - |          NA |
| DataAuthoredFacade | ThreeTracks              | Forward     |     22.364 ns |   0.5878 ns |   0.4250 ns |     22.486 ns |   9.87 |    0.20 |         - |          NA |
|                    |                          |             |               |             |             |               |        |         |           |             |
| DirectShape        | ThreeTracks              | Alternating |      4.158 ns |   0.0274 ns |   0.0198 ns |      4.161 ns |   1.00 |    0.01 |         - |          NA |
| GeneratedShape     | ThreeTracks              | Alternating |      3.943 ns |   0.0366 ns |   0.0265 ns |      3.949 ns |   0.95 |    0.01 |         - |          NA |
| DataAuthoredFacade | ThreeTracks              | Alternating |     23.036 ns |   0.3043 ns |   0.2200 ns |     22.977 ns |   5.54 |    0.06 |         - |          NA |
|                    |                          |             |               |             |             |               |        |         |           |             |
| DirectShape        | SixteenTracks            | Forward     |     12.006 ns |   0.0402 ns |   0.0266 ns |     12.006 ns |   1.00 |    0.00 |         - |          NA |
| GeneratedShape     | SixteenTracks            | Forward     |     22.221 ns |   0.1642 ns |   0.1282 ns |     22.213 ns |   1.85 |    0.01 |         - |          NA |
| DataAuthoredFacade | SixteenTracks            | Forward     |     77.372 ns |   0.5805 ns |   0.4532 ns |     77.496 ns |   6.44 |    0.04 |         - |          NA |
|                    |                          |             |               |             |             |               |        |         |           |             |
| DirectShape        | SixteenTracks            | Alternating |     18.416 ns |   0.2298 ns |   0.1520 ns |     18.471 ns |   1.00 |    0.01 |         - |          NA |
| GeneratedShape     | SixteenTracks            | Alternating |     20.497 ns |   0.2912 ns |   0.2273 ns |     20.520 ns |   1.11 |    0.01 |         - |          NA |
| DataAuthoredFacade | SixteenTracks            | Alternating |     79.879 ns |   0.8315 ns |   0.6492 ns |     79.937 ns |   4.34 |    0.05 |         - |          NA |
|                    |                          |             |               |             |             |               |        |         |           |             |
| DirectShape        | TwoHundredFiftySixTracks | Forward     |    335.314 ns |   2.3988 ns |   1.7345 ns |    335.875 ns |   1.00 |    0.01 |         - |          NA |
| GeneratedShape     | TwoHundredFiftySixTracks | Forward     | 33,465.014 ns | 279.7514 ns | 202.2786 ns | 33,474.806 ns |  99.80 |    0.76 |         - |          NA |
| DataAuthoredFacade | TwoHundredFiftySixTracks | Forward     |  1,117.350 ns |  10.4901 ns |   8.1900 ns |  1,115.035 ns |   3.33 |    0.03 |         - |          NA |
|                    |                          |             |               |             |             |               |        |         |           |             |
| DirectShape        | TwoHundredFiftySixTracks | Alternating |    340.391 ns |   2.7457 ns |   1.9853 ns |    339.813 ns |   1.00 |    0.01 |         - |          NA |
| GeneratedShape     | TwoHundredFiftySixTracks | Alternating | 34,059.457 ns | 317.9954 ns | 248.2699 ns | 34,003.885 ns | 100.06 |    0.89 |         - |          NA |
| DataAuthoredFacade | TwoHundredFiftySixTracks | Alternating |  1,122.254 ns |  12.6859 ns |   9.9043 ns |  1,124.533 ns |   3.30 |    0.03 |         - |          NA |
|                    |                          |             |               |             |             |               |        |         |           |             |
| DirectShape        | Blend                    | Forward     |      1.699 ns |   0.0053 ns |   0.0035 ns |      1.699 ns |   1.00 |    0.00 |         - |          NA |
| GeneratedShape     | Blend                    | Forward     |      2.601 ns |   0.0367 ns |   0.0265 ns |      2.605 ns |   1.53 |    0.02 |         - |          NA |
| DataAuthoredFacade | Blend                    | Forward     |     14.298 ns |   0.1494 ns |   0.1080 ns |     14.328 ns |   8.42 |    0.06 |         - |          NA |
|                    |                          |             |               |             |             |               |        |         |           |             |
| DirectShape        | Blend                    | Alternating |      1.907 ns |   0.0326 ns |   0.0255 ns |      1.896 ns |   1.00 |    0.02 |         - |          NA |
| GeneratedShape     | Blend                    | Alternating |      2.915 ns |   0.0314 ns |   0.0245 ns |      2.905 ns |   1.53 |    0.02 |         - |          NA |
| DataAuthoredFacade | Blend                    | Alternating |     14.375 ns |   0.1027 ns |   0.0802 ns |     14.384 ns |   7.54 |    0.10 |         - |          NA |

// * Warnings *
MinIterationTime
  DataAuthoredQueryBenchmarks.GeneratedShape: Jit     -> The minimum observed iteration time is 42.948ms which is very small. It's recommended to increase it to at least 100ms using more operations.
  DataAuthoredQueryBenchmarks.GeneratedShape: Jit     -> The minimum observed iteration time is 58.974ms which is very small. It's recommended to increase it to at least 100ms using more operations.
  DataAuthoredQueryBenchmarks.GeneratedShape: Jit     -> The minimum observed iteration time is 60.646ms which is very small. It's recommended to increase it to at least 100ms using more operations.
  DataAuthoredQueryBenchmarks.DataAuthoredFacade: Jit -> The minimum observed iteration time is 87.588ms which is very small. It's recommended to increase it to at least 100ms using more operations.
  DataAuthoredQueryBenchmarks.GeneratedShape: Jit     -> The minimum observed iteration time is 60.547ms which is very small. It's recommended to increase it to at least 100ms using more operations.
  DataAuthoredQueryBenchmarks.DataAuthoredFacade: Jit -> The minimum observed iteration time is 92.475ms which is very small. It's recommended to increase it to at least 100ms using more operations.
  DataAuthoredQueryBenchmarks.GeneratedShape: Jit     -> The minimum observed iteration time is 73.628ms which is very small. It's recommended to increase it to at least 100ms using more operations.
  DataAuthoredQueryBenchmarks.DataAuthoredFacade: Jit -> The minimum observed iteration time is 70.41ms which is very small. It's recommended to increase it to at least 100ms using more operations.
  DataAuthoredQueryBenchmarks.GeneratedShape: Jit     -> The minimum observed iteration time is 35.577ms which is very small. It's recommended to increase it to at least 100ms using more operations.
  DataAuthoredQueryBenchmarks.DataAuthoredFacade: Jit -> The minimum observed iteration time is 72.11ms which is very small. It's recommended to increase it to at least 100ms using more operations.
  DataAuthoredQueryBenchmarks.DataAuthoredFacade: Jit -> The minimum observed iteration time is 67.998ms which is very small. It's recommended to increase it to at least 100ms using more operations.
  DataAuthoredQueryBenchmarks.DataAuthoredFacade: Jit -> The minimum observed iteration time is 63.262ms which is very small. It's recommended to increase it to at least 100ms using more operations.
  DataAuthoredQueryBenchmarks.GeneratedShape: Jit     -> The minimum observed iteration time is 65.347ms which is very small. It's recommended to increase it to at least 100ms using more operations.
  DataAuthoredQueryBenchmarks.DataAuthoredFacade: Jit -> The minimum observed iteration time is 90.425ms which is very small. It's recommended to increase it to at least 100ms using more operations.
  DataAuthoredQueryBenchmarks.GeneratedShape: Jit     -> The minimum observed iteration time is 70.048ms which is very small. It's recommended to increase it to at least 100ms using more operations.

// * Hints *
Outliers
  DataAuthoredQueryBenchmarks.GeneratedShape: Jit     -> 1 outlier  was  removed, 3 outliers were detected (1.81 ns, 1.85 ns, 1.95 ns)
  DataAuthoredQueryBenchmarks.DirectShape: Jit        -> 1 outlier  was  removed (1.40 ns)
  DataAuthoredQueryBenchmarks.GeneratedShape: Jit     -> 1 outlier  was  removed (2.22 ns)
  DataAuthoredQueryBenchmarks.DirectShape: Jit        -> 2 outliers were removed (2.36 ns, 2.61 ns)
  DataAuthoredQueryBenchmarks.DataAuthoredFacade: Jit -> 1 outlier  was  removed, 2 outliers were detected (21.21 ns, 23.19 ns)
  DataAuthoredQueryBenchmarks.DirectShape: Jit        -> 1 outlier  was  removed (4.52 ns)
  DataAuthoredQueryBenchmarks.GeneratedShape: Jit     -> 1 outlier  was  removed, 3 outliers were detected (3.90 ns, 3.90 ns, 4.00 ns)
  DataAuthoredQueryBenchmarks.DataAuthoredFacade: Jit -> 1 outlier  was  removed (28.84 ns)
  DataAuthoredQueryBenchmarks.DirectShape: Jit        -> 2 outliers were removed (12.14 ns, 13.50 ns)
  DataAuthoredQueryBenchmarks.DirectShape: Jit        -> 2 outliers were removed, 3 outliers were detected (18.11 ns, 19.02 ns, 19.47 ns)
  DataAuthoredQueryBenchmarks.DirectShape: Jit        -> 1 outlier  was  removed (372.14 ns)
  DataAuthoredQueryBenchmarks.GeneratedShape: Jit     -> 1 outlier  was  removed (35.09 us)
  DataAuthoredQueryBenchmarks.DirectShape: Jit        -> 1 outlier  was  removed (369.59 ns)
  DataAuthoredQueryBenchmarks.DataAuthoredFacade: Jit -> 1 outlier  was  detected (1.10 us)
  DataAuthoredQueryBenchmarks.DirectShape: Jit        -> 2 outliers were removed (1.71 ns, 1.71 ns)
  DataAuthoredQueryBenchmarks.GeneratedShape: Jit     -> 1 outlier  was  removed (2.73 ns)
  DataAuthoredQueryBenchmarks.DataAuthoredFacade: Jit -> 1 outlier  was  removed (18.15 ns)
  DataAuthoredQueryBenchmarks.DataAuthoredFacade: Jit -> 2 outliers were detected (14.23 ns, 14.23 ns)

// * Legends *
  Shape       : Value of the 'Shape' parameter
  Pattern     : Value of the 'Pattern' parameter
  Mean        : Arithmetic mean of all measurements
  Error       : Half of 99.9% confidence interval
  StdDev      : Standard deviation of all measurements
  Median      : Value separating the higher half of all measurements (50th percentile)
  Ratio       : Mean of the ratio distribution ([Current]/[Baseline])
  RatioSD     : Standard deviation of the ratio distribution ([Current]/[Baseline])
  Allocated   : Allocated memory per single operation (managed only, inclusive, 1KB = 1024B)
  Alloc Ratio : Allocated memory ratio distribution ([Current]/[Baseline])
  1 ns        : 1 Nanosecond (0.000000001 sec)

// * Diagnostic Output - MemoryDiagnoser *


// ***** BenchmarkRunner: End *****
Run time: 00:02:37 (157.4 sec), executed benchmarks: 30

Global total time: 00:02:45 (165.56 sec), executed benchmarks: 30
// * Artifacts cleanup *
Artifacts cleanup is finished
