// Validating benchmarks:
// ***** BenchmarkRunner: Start   *****
// ***** Found 50 benchmark(s) in total *****
// ***** Building 1 exe(s) in Parallel: Start   *****
// start dotnet  restore --nodeReuse:false /p:UseSharedCompilation=false /p:Deterministic=true /p:Optimize=true /p:ArtifactsPath="/home/i/GitHub/tl-56-feat-data-authored-api/benchmarks/Alpha/bin/Release/net10.0/Alpha-Jit-1/" /p:OutDir="/home/i/GitHub/tl-56-feat-data-authored-api/benchmarks/Alpha/bin/Release/net10.0/Alpha-Jit-1/bin/Release/net10.0/" /p:OutputPath="/home/i/GitHub/tl-56-feat-data-authored-api/benchmarks/Alpha/bin/Release/net10.0/Alpha-Jit-1/bin/Release/net10.0/" /p:PublishDir="/home/i/GitHub/tl-56-feat-data-authored-api/benchmarks/Alpha/bin/Release/net10.0/Alpha-Jit-1/publish/" in /home/i/GitHub/tl-56-feat-data-authored-api/benchmarks/Alpha/bin/Release/net10.0/Alpha-Jit-1
// command took 0.83 sec and exited with 0
// start dotnet  build -c Release --no-restore --nodeReuse:false /p:UseSharedCompilation=false /p:Deterministic=true /p:Optimize=true /p:ArtifactsPath="/home/i/GitHub/tl-56-feat-data-authored-api/benchmarks/Alpha/bin/Release/net10.0/Alpha-Jit-1/" /p:OutDir="/home/i/GitHub/tl-56-feat-data-authored-api/benchmarks/Alpha/bin/Release/net10.0/Alpha-Jit-1/bin/Release/net10.0/" /p:OutputPath="/home/i/GitHub/tl-56-feat-data-authored-api/benchmarks/Alpha/bin/Release/net10.0/Alpha-Jit-1/bin/Release/net10.0/" /p:PublishDir="/home/i/GitHub/tl-56-feat-data-authored-api/benchmarks/Alpha/bin/Release/net10.0/Alpha-Jit-1/publish/" --output "/home/i/GitHub/tl-56-feat-data-authored-api/benchmarks/Alpha/bin/Release/net10.0/Alpha-Jit-1/bin/Release/net10.0/" in /home/i/GitHub/tl-56-feat-data-authored-api/benchmarks/Alpha/bin/Release/net10.0/Alpha-Jit-1
// command took 7.22 sec and exited with 0
// ***** Done, took 00:00:08 (8.09 sec)   *****
// Found 50 benchmarks:
//   DataAuthoredQueryBenchmarks.DirectShape: Jit(IterationCount=12, IterationTime=250ms, WarmupCount=16) [Shape=OneTrack, Pattern=Forward]
//   DataAuthoredQueryBenchmarks.GeneratedShape: Jit(IterationCount=12, IterationTime=250ms, WarmupCount=16) [Shape=OneTrack, Pattern=Forward]
//   DataAuthoredQueryBenchmarks.DataAuthoredFacade: Jit(IterationCount=12, IterationTime=250ms, WarmupCount=16) [Shape=OneTrack, Pattern=Forward]
//   DataAuthoredQueryBenchmarks.FacadeSelectOnly: Jit(IterationCount=12, IterationTime=250ms, WarmupCount=16) [Shape=OneTrack, Pattern=Forward]
//   DataAuthoredQueryBenchmarks.FacadeNoDispatch: Jit(IterationCount=12, IterationTime=250ms, WarmupCount=16) [Shape=OneTrack, Pattern=Forward]
//   DataAuthoredQueryBenchmarks.DirectShape: Jit(IterationCount=12, IterationTime=250ms, WarmupCount=16) [Shape=OneTrack, Pattern=Alternating]
//   DataAuthoredQueryBenchmarks.GeneratedShape: Jit(IterationCount=12, IterationTime=250ms, WarmupCount=16) [Shape=OneTrack, Pattern=Alternating]
//   DataAuthoredQueryBenchmarks.DataAuthoredFacade: Jit(IterationCount=12, IterationTime=250ms, WarmupCount=16) [Shape=OneTrack, Pattern=Alternating]
//   DataAuthoredQueryBenchmarks.FacadeSelectOnly: Jit(IterationCount=12, IterationTime=250ms, WarmupCount=16) [Shape=OneTrack, Pattern=Alternating]
//   DataAuthoredQueryBenchmarks.FacadeNoDispatch: Jit(IterationCount=12, IterationTime=250ms, WarmupCount=16) [Shape=OneTrack, Pattern=Alternating]
//   DataAuthoredQueryBenchmarks.DirectShape: Jit(IterationCount=12, IterationTime=250ms, WarmupCount=16) [Shape=ThreeTracks, Pattern=Forward]
//   DataAuthoredQueryBenchmarks.GeneratedShape: Jit(IterationCount=12, IterationTime=250ms, WarmupCount=16) [Shape=ThreeTracks, Pattern=Forward]
//   DataAuthoredQueryBenchmarks.DataAuthoredFacade: Jit(IterationCount=12, IterationTime=250ms, WarmupCount=16) [Shape=ThreeTracks, Pattern=Forward]
//   DataAuthoredQueryBenchmarks.FacadeSelectOnly: Jit(IterationCount=12, IterationTime=250ms, WarmupCount=16) [Shape=ThreeTracks, Pattern=Forward]
//   DataAuthoredQueryBenchmarks.FacadeNoDispatch: Jit(IterationCount=12, IterationTime=250ms, WarmupCount=16) [Shape=ThreeTracks, Pattern=Forward]
//   DataAuthoredQueryBenchmarks.DirectShape: Jit(IterationCount=12, IterationTime=250ms, WarmupCount=16) [Shape=ThreeTracks, Pattern=Alternating]
//   DataAuthoredQueryBenchmarks.GeneratedShape: Jit(IterationCount=12, IterationTime=250ms, WarmupCount=16) [Shape=ThreeTracks, Pattern=Alternating]
//   DataAuthoredQueryBenchmarks.DataAuthoredFacade: Jit(IterationCount=12, IterationTime=250ms, WarmupCount=16) [Shape=ThreeTracks, Pattern=Alternating]
//   DataAuthoredQueryBenchmarks.FacadeSelectOnly: Jit(IterationCount=12, IterationTime=250ms, WarmupCount=16) [Shape=ThreeTracks, Pattern=Alternating]
//   DataAuthoredQueryBenchmarks.FacadeNoDispatch: Jit(IterationCount=12, IterationTime=250ms, WarmupCount=16) [Shape=ThreeTracks, Pattern=Alternating]
//   DataAuthoredQueryBenchmarks.DirectShape: Jit(IterationCount=12, IterationTime=250ms, WarmupCount=16) [Shape=SixteenTracks, Pattern=Forward]
//   DataAuthoredQueryBenchmarks.GeneratedShape: Jit(IterationCount=12, IterationTime=250ms, WarmupCount=16) [Shape=SixteenTracks, Pattern=Forward]
//   DataAuthoredQueryBenchmarks.DataAuthoredFacade: Jit(IterationCount=12, IterationTime=250ms, WarmupCount=16) [Shape=SixteenTracks, Pattern=Forward]
//   DataAuthoredQueryBenchmarks.FacadeSelectOnly: Jit(IterationCount=12, IterationTime=250ms, WarmupCount=16) [Shape=SixteenTracks, Pattern=Forward]
//   DataAuthoredQueryBenchmarks.FacadeNoDispatch: Jit(IterationCount=12, IterationTime=250ms, WarmupCount=16) [Shape=SixteenTracks, Pattern=Forward]
//   DataAuthoredQueryBenchmarks.DirectShape: Jit(IterationCount=12, IterationTime=250ms, WarmupCount=16) [Shape=SixteenTracks, Pattern=Alternating]
//   DataAuthoredQueryBenchmarks.GeneratedShape: Jit(IterationCount=12, IterationTime=250ms, WarmupCount=16) [Shape=SixteenTracks, Pattern=Alternating]
//   DataAuthoredQueryBenchmarks.DataAuthoredFacade: Jit(IterationCount=12, IterationTime=250ms, WarmupCount=16) [Shape=SixteenTracks, Pattern=Alternating]
//   DataAuthoredQueryBenchmarks.FacadeSelectOnly: Jit(IterationCount=12, IterationTime=250ms, WarmupCount=16) [Shape=SixteenTracks, Pattern=Alternating]
//   DataAuthoredQueryBenchmarks.FacadeNoDispatch: Jit(IterationCount=12, IterationTime=250ms, WarmupCount=16) [Shape=SixteenTracks, Pattern=Alternating]
//   DataAuthoredQueryBenchmarks.DirectShape: Jit(IterationCount=12, IterationTime=250ms, WarmupCount=16) [Shape=TwoHundredFiftySixTracks, Pattern=Forward]
//   DataAuthoredQueryBenchmarks.GeneratedShape: Jit(IterationCount=12, IterationTime=250ms, WarmupCount=16) [Shape=TwoHundredFiftySixTracks, Pattern=Forward]
//   DataAuthoredQueryBenchmarks.DataAuthoredFacade: Jit(IterationCount=12, IterationTime=250ms, WarmupCount=16) [Shape=TwoHundredFiftySixTracks, Pattern=Forward]
//   DataAuthoredQueryBenchmarks.FacadeSelectOnly: Jit(IterationCount=12, IterationTime=250ms, WarmupCount=16) [Shape=TwoHundredFiftySixTracks, Pattern=Forward]
//   DataAuthoredQueryBenchmarks.FacadeNoDispatch: Jit(IterationCount=12, IterationTime=250ms, WarmupCount=16) [Shape=TwoHundredFiftySixTracks, Pattern=Forward]
//   DataAuthoredQueryBenchmarks.DirectShape: Jit(IterationCount=12, IterationTime=250ms, WarmupCount=16) [Shape=TwoHundredFiftySixTracks, Pattern=Alternating]
//   DataAuthoredQueryBenchmarks.GeneratedShape: Jit(IterationCount=12, IterationTime=250ms, WarmupCount=16) [Shape=TwoHundredFiftySixTracks, Pattern=Alternating]
//   DataAuthoredQueryBenchmarks.DataAuthoredFacade: Jit(IterationCount=12, IterationTime=250ms, WarmupCount=16) [Shape=TwoHundredFiftySixTracks, Pattern=Alternating]
//   DataAuthoredQueryBenchmarks.FacadeSelectOnly: Jit(IterationCount=12, IterationTime=250ms, WarmupCount=16) [Shape=TwoHundredFiftySixTracks, Pattern=Alternating]
//   DataAuthoredQueryBenchmarks.FacadeNoDispatch: Jit(IterationCount=12, IterationTime=250ms, WarmupCount=16) [Shape=TwoHundredFiftySixTracks, Pattern=Alternating]
//   DataAuthoredQueryBenchmarks.DirectShape: Jit(IterationCount=12, IterationTime=250ms, WarmupCount=16) [Shape=Blend, Pattern=Forward]
//   DataAuthoredQueryBenchmarks.GeneratedShape: Jit(IterationCount=12, IterationTime=250ms, WarmupCount=16) [Shape=Blend, Pattern=Forward]
//   DataAuthoredQueryBenchmarks.DataAuthoredFacade: Jit(IterationCount=12, IterationTime=250ms, WarmupCount=16) [Shape=Blend, Pattern=Forward]
//   DataAuthoredQueryBenchmarks.FacadeSelectOnly: Jit(IterationCount=12, IterationTime=250ms, WarmupCount=16) [Shape=Blend, Pattern=Forward]
//   DataAuthoredQueryBenchmarks.FacadeNoDispatch: Jit(IterationCount=12, IterationTime=250ms, WarmupCount=16) [Shape=Blend, Pattern=Forward]
//   DataAuthoredQueryBenchmarks.DirectShape: Jit(IterationCount=12, IterationTime=250ms, WarmupCount=16) [Shape=Blend, Pattern=Alternating]
//   DataAuthoredQueryBenchmarks.GeneratedShape: Jit(IterationCount=12, IterationTime=250ms, WarmupCount=16) [Shape=Blend, Pattern=Alternating]
//   DataAuthoredQueryBenchmarks.DataAuthoredFacade: Jit(IterationCount=12, IterationTime=250ms, WarmupCount=16) [Shape=Blend, Pattern=Alternating]
//   DataAuthoredQueryBenchmarks.FacadeSelectOnly: Jit(IterationCount=12, IterationTime=250ms, WarmupCount=16) [Shape=Blend, Pattern=Alternating]
//   DataAuthoredQueryBenchmarks.FacadeNoDispatch: Jit(IterationCount=12, IterationTime=250ms, WarmupCount=16) [Shape=Blend, Pattern=Alternating]

// **************************
// Benchmark: DataAuthoredQueryBenchmarks.DirectShape: Jit(IterationCount=12, IterationTime=250ms, WarmupCount=16) [Shape=OneTrack, Pattern=Forward]
// *** Execute ***
// Launch: 1 / 1
// Execute: dotnet Alpha-Jit-1.dll --anonymousPipes 120 121 --benchmarkName "DataAuthoredQueryBenchmarks.DirectShape(Shape: OneTrack, Pattern: Forward)" --job Jit --benchmarkId 0 in /home/i/GitHub/tl-56-feat-data-authored-api/benchmarks/Alpha/bin/Release/net10.0/Alpha-Jit-1/bin/Release/net10.0
// Failed to set up high priority (Permission denied). In order to run benchmarks with high priority, make sure you have the right permissions.
// BeforeAnythingElse

// Benchmark Process Environment Information:
// BenchmarkDotNet v0.15.8
// Runtime=.NET 10.0.12 (10.0.12, 10.0.1226.42308), X64 RyuJIT x86-64-v3
// GC=Concurrent Workstation
// HardwareIntrinsics=AVX2+BMI1+BMI2+F16C+FMA+LZCNT+MOVBE,AVX,SSE3+SSSE3+SSE4.1+SSE4.2+POPCNT,X86Base+SSE+SSE2,AES+PCLMUL,AvxVnni,SERIALIZE VectorSize=256
// Job: Jit(IterationCount=12, IterationTime=250ms, WarmupCount=16)

OverheadJitting  1: 4096 op, 110281.00 ns, 26.9241 ns/op
WorkloadJitting  1: 4096 op, 1320793.00 ns, 322.4592 ns/op

OverheadJitting  2: 65536 op, 139192.00 ns, 2.1239 ns/op
WorkloadJitting  2: 65536 op, 514901.00 ns, 7.8568 ns/op

WorkloadPilot    1: 65536 op, 197650.00 ns, 3.0159 ns/op
WorkloadPilot    2: 82903040 op, 214945401.00 ns, 2.5927 ns/op
WorkloadPilot    3: 96468992 op, 248724844.00 ns, 2.5783 ns/op
WorkloadPilot    4: 96993280 op, 251584652.00 ns, 2.5938 ns/op
WorkloadPilot    5: 96403456 op, 248436846.00 ns, 2.5771 ns/op
WorkloadPilot    6: 97058816 op, 253803410.00 ns, 2.6149 ns/op
WorkloadPilot    7: 95617024 op, 252312427.00 ns, 2.6388 ns/op

OverheadWarmup   1: 95617024 op, 37340.00 ns, 0.0004 ns/op
OverheadWarmup   2: 95617024 op, 36958.00 ns, 0.0004 ns/op
OverheadWarmup   3: 95617024 op, 36702.00 ns, 0.0004 ns/op
OverheadWarmup   4: 95617024 op, 36695.00 ns, 0.0004 ns/op
OverheadWarmup   5: 95617024 op, 36683.00 ns, 0.0004 ns/op
OverheadWarmup   6: 95617024 op, 36648.00 ns, 0.0004 ns/op
OverheadWarmup   7: 95617024 op, 41211.00 ns, 0.0004 ns/op
OverheadWarmup   8: 95617024 op, 38899.00 ns, 0.0004 ns/op
OverheadWarmup   9: 95617024 op, 39932.00 ns, 0.0004 ns/op
OverheadWarmup  10: 95617024 op, 42368.00 ns, 0.0004 ns/op

OverheadActual   1: 95617024 op, 36325.00 ns, 0.0004 ns/op
OverheadActual   2: 95617024 op, 36185.00 ns, 0.0004 ns/op
OverheadActual   3: 95617024 op, 36194.00 ns, 0.0004 ns/op
OverheadActual   4: 95617024 op, 36088.00 ns, 0.0004 ns/op
OverheadActual   5: 95617024 op, 36205.00 ns, 0.0004 ns/op
OverheadActual   6: 95617024 op, 36031.00 ns, 0.0004 ns/op
OverheadActual   7: 95617024 op, 36008.00 ns, 0.0004 ns/op
OverheadActual   8: 95617024 op, 36096.00 ns, 0.0004 ns/op
OverheadActual   9: 95617024 op, 36007.00 ns, 0.0004 ns/op
OverheadActual  10: 95617024 op, 39309.00 ns, 0.0004 ns/op
OverheadActual  11: 95617024 op, 36048.00 ns, 0.0004 ns/op
OverheadActual  12: 95617024 op, 36030.00 ns, 0.0004 ns/op
OverheadActual  13: 95617024 op, 36784.00 ns, 0.0004 ns/op
OverheadActual  14: 95617024 op, 36679.00 ns, 0.0004 ns/op
OverheadActual  15: 95617024 op, 36781.00 ns, 0.0004 ns/op

WorkloadWarmup   1: 95617024 op, 251959860.00 ns, 2.6351 ns/op
WorkloadWarmup   2: 95617024 op, 294602898.00 ns, 3.0811 ns/op
WorkloadWarmup   3: 95617024 op, 289052666.00 ns, 3.0230 ns/op
WorkloadWarmup   4: 95617024 op, 250733987.00 ns, 2.6223 ns/op
WorkloadWarmup   5: 95617024 op, 248398931.00 ns, 2.5979 ns/op
WorkloadWarmup   6: 95617024 op, 184500043.00 ns, 1.9296 ns/op
WorkloadWarmup   7: 95617024 op, 128579726.00 ns, 1.3447 ns/op
WorkloadWarmup   8: 95617024 op, 134067904.00 ns, 1.4021 ns/op
WorkloadWarmup   9: 95617024 op, 133181293.00 ns, 1.3929 ns/op
WorkloadWarmup  10: 95617024 op, 134232809.00 ns, 1.4039 ns/op
WorkloadWarmup  11: 95617024 op, 196815441.00 ns, 2.0584 ns/op
WorkloadWarmup  12: 95617024 op, 139006216.00 ns, 1.4538 ns/op
WorkloadWarmup  13: 95617024 op, 132573914.00 ns, 1.3865 ns/op
WorkloadWarmup  14: 95617024 op, 135531831.00 ns, 1.4174 ns/op
WorkloadWarmup  15: 95617024 op, 132536727.00 ns, 1.3861 ns/op
WorkloadWarmup  16: 95617024 op, 137355504.00 ns, 1.4365 ns/op

// BeforeActualRun
WorkloadActual   1: 95617024 op, 134401779.00 ns, 1.4056 ns/op
WorkloadActual   2: 95617024 op, 132240248.00 ns, 1.3830 ns/op
WorkloadActual   3: 95617024 op, 133146033.00 ns, 1.3925 ns/op
WorkloadActual   4: 95617024 op, 133769537.00 ns, 1.3990 ns/op
WorkloadActual   5: 95617024 op, 132526099.00 ns, 1.3860 ns/op
WorkloadActual   6: 95617024 op, 133035125.00 ns, 1.3913 ns/op
WorkloadActual   7: 95617024 op, 137361557.00 ns, 1.4366 ns/op
WorkloadActual   8: 95617024 op, 133455991.00 ns, 1.3957 ns/op
WorkloadActual   9: 95617024 op, 133398032.00 ns, 1.3951 ns/op
WorkloadActual  10: 95617024 op, 132611912.00 ns, 1.3869 ns/op
WorkloadActual  11: 95617024 op, 132801678.00 ns, 1.3889 ns/op
WorkloadActual  12: 95617024 op, 139651485.00 ns, 1.4605 ns/op

// AfterActualRun
WorkloadResult   1: 95617024 op, 134365594.00 ns, 1.4052 ns/op
WorkloadResult   2: 95617024 op, 132204063.00 ns, 1.3826 ns/op
WorkloadResult   3: 95617024 op, 133109848.00 ns, 1.3921 ns/op
WorkloadResult   4: 95617024 op, 133733352.00 ns, 1.3986 ns/op
WorkloadResult   5: 95617024 op, 132489914.00 ns, 1.3856 ns/op
WorkloadResult   6: 95617024 op, 132998940.00 ns, 1.3910 ns/op
WorkloadResult   7: 95617024 op, 133419806.00 ns, 1.3954 ns/op
WorkloadResult   8: 95617024 op, 133361847.00 ns, 1.3948 ns/op
WorkloadResult   9: 95617024 op, 132575727.00 ns, 1.3865 ns/op
WorkloadResult  10: 95617024 op, 132765493.00 ns, 1.3885 ns/op
// GC:  0 0 0 0 95617024
// Threading:  0 0 95617024

// AfterAll
// Benchmark Process 2058765 has exited with code 0.

Mean = 1.392 ns, StdErr = 0.002 ns (0.15%), N = 10, StdDev = 0.007 ns
Min = 1.383 ns, Q1 = 1.387 ns, Median = 1.392 ns, Q3 = 1.395 ns, Max = 1.405 ns
IQR = 0.008 ns, LowerFence = 1.375 ns, UpperFence = 1.407 ns
ConfidenceInterval = [1.382 ns; 1.402 ns] (CI 99.9%), Margin = 0.010 ns (0.73% of Mean)
Skewness = 0.44, Kurtosis = 2.08, MValue = 2

// ** Remained 49 (98.0%) benchmark(s) to run. Estimated finish 2026-09-12 14:01 (0h 5m from now) **
// **************************
// Benchmark: DataAuthoredQueryBenchmarks.GeneratedShape: Jit(IterationCount=12, IterationTime=250ms, WarmupCount=16) [Shape=OneTrack, Pattern=Forward]
// *** Execute ***
// Launch: 1 / 1
// Execute: dotnet Alpha-Jit-1.dll --anonymousPipes 120 121 --benchmarkName "DataAuthoredQueryBenchmarks.GeneratedShape(Shape: OneTrack, Pattern: Forward)" --job Jit --benchmarkId 1 in /home/i/GitHub/tl-56-feat-data-authored-api/benchmarks/Alpha/bin/Release/net10.0/Alpha-Jit-1/bin/Release/net10.0
// Failed to set up high priority (Permission denied). In order to run benchmarks with high priority, make sure you have the right permissions.
// BeforeAnythingElse

// Benchmark Process Environment Information:
// BenchmarkDotNet v0.15.8
// Runtime=.NET 10.0.12 (10.0.12, 10.0.1226.42308), X64 RyuJIT x86-64-v3
// GC=Concurrent Workstation
// HardwareIntrinsics=AVX2+BMI1+BMI2+F16C+FMA+LZCNT+MOVBE,AVX,SSE3+SSSE3+SSE4.1+SSE4.2+POPCNT,X86Base+SSE+SSE2,AES+PCLMUL,AvxVnni,SERIALIZE VectorSize=256
// Job: Jit(IterationCount=12, IterationTime=250ms, WarmupCount=16)

OverheadJitting  1: 4096 op, 108169.00 ns, 26.4084 ns/op
WorkloadJitting  1: 4096 op, 267911.00 ns, 65.4080 ns/op

OverheadJitting  2: 65536 op, 155490.00 ns, 2.3726 ns/op
WorkloadJitting  2: 65536 op, 1334675.00 ns, 20.3655 ns/op

WorkloadPilot    1: 65536 op, 584234.00 ns, 8.9147 ns/op
WorkloadPilot    2: 28049408 op, 246687215.00 ns, 8.7947 ns/op
WorkloadPilot    3: 28442624 op, 250852107.00 ns, 8.8196 ns/op
WorkloadPilot    4: 28377088 op, 251383942.00 ns, 8.8587 ns/op
WorkloadPilot    5: 28246016 op, 251360954.00 ns, 8.8990 ns/op

OverheadWarmup   1: 28246016 op, 11673.00 ns, 0.0004 ns/op
OverheadWarmup   2: 28246016 op, 11213.00 ns, 0.0004 ns/op
OverheadWarmup   3: 28246016 op, 11122.00 ns, 0.0004 ns/op
OverheadWarmup   4: 28246016 op, 10899.00 ns, 0.0004 ns/op
OverheadWarmup   5: 28246016 op, 11131.00 ns, 0.0004 ns/op
OverheadWarmup   6: 28246016 op, 12234.00 ns, 0.0004 ns/op
OverheadWarmup   7: 28246016 op, 10713.00 ns, 0.0004 ns/op
OverheadWarmup   8: 28246016 op, 10709.00 ns, 0.0004 ns/op
OverheadWarmup   9: 28246016 op, 11276.00 ns, 0.0004 ns/op
OverheadWarmup  10: 28246016 op, 12296.00 ns, 0.0004 ns/op

OverheadActual   1: 28246016 op, 11127.00 ns, 0.0004 ns/op
OverheadActual   2: 28246016 op, 10870.00 ns, 0.0004 ns/op
OverheadActual   3: 28246016 op, 10928.00 ns, 0.0004 ns/op
OverheadActual   4: 28246016 op, 10727.00 ns, 0.0004 ns/op
OverheadActual   5: 28246016 op, 10848.00 ns, 0.0004 ns/op
OverheadActual   6: 28246016 op, 10743.00 ns, 0.0004 ns/op
OverheadActual   7: 28246016 op, 10679.00 ns, 0.0004 ns/op
OverheadActual   8: 28246016 op, 10697.00 ns, 0.0004 ns/op
OverheadActual   9: 28246016 op, 10730.00 ns, 0.0004 ns/op
OverheadActual  10: 28246016 op, 10692.00 ns, 0.0004 ns/op
OverheadActual  11: 28246016 op, 10690.00 ns, 0.0004 ns/op
OverheadActual  12: 28246016 op, 10708.00 ns, 0.0004 ns/op
OverheadActual  13: 28246016 op, 10738.00 ns, 0.0004 ns/op
OverheadActual  14: 28246016 op, 10721.00 ns, 0.0004 ns/op
OverheadActual  15: 28246016 op, 10712.00 ns, 0.0004 ns/op

WorkloadWarmup   1: 28246016 op, 251557555.00 ns, 8.9059 ns/op
WorkloadWarmup   2: 28246016 op, 250129791.00 ns, 8.8554 ns/op
WorkloadWarmup   3: 28246016 op, 255357020.00 ns, 9.0405 ns/op
WorkloadWarmup   4: 28246016 op, 276009766.00 ns, 9.7716 ns/op
WorkloadWarmup   5: 28246016 op, 249465230.00 ns, 8.8319 ns/op
WorkloadWarmup   6: 28246016 op, 252498368.00 ns, 8.9393 ns/op
WorkloadWarmup   7: 28246016 op, 252805788.00 ns, 8.9501 ns/op
WorkloadWarmup   8: 28246016 op, 164811677.00 ns, 5.8349 ns/op
WorkloadWarmup   9: 28246016 op, 62189317.00 ns, 2.2017 ns/op
WorkloadWarmup  10: 28246016 op, 60044536.00 ns, 2.1258 ns/op
WorkloadWarmup  11: 28246016 op, 59513896.00 ns, 2.1070 ns/op
WorkloadWarmup  12: 28246016 op, 66007981.00 ns, 2.3369 ns/op
WorkloadWarmup  13: 28246016 op, 61007363.00 ns, 2.1599 ns/op
WorkloadWarmup  14: 28246016 op, 58627903.00 ns, 2.0756 ns/op
WorkloadWarmup  15: 28246016 op, 59132998.00 ns, 2.0935 ns/op
WorkloadWarmup  16: 28246016 op, 59733453.00 ns, 2.1148 ns/op

// BeforeActualRun
WorkloadActual   1: 28246016 op, 58756912.00 ns, 2.0802 ns/op
WorkloadActual   2: 28246016 op, 59499763.00 ns, 2.1065 ns/op
WorkloadActual   3: 28246016 op, 58129735.00 ns, 2.0580 ns/op
WorkloadActual   4: 28246016 op, 59894963.00 ns, 2.1205 ns/op
WorkloadActual   5: 28246016 op, 61120070.00 ns, 2.1638 ns/op
WorkloadActual   6: 28246016 op, 61234187.00 ns, 2.1679 ns/op
WorkloadActual   7: 28246016 op, 58540476.00 ns, 2.0725 ns/op
WorkloadActual   8: 28246016 op, 59482381.00 ns, 2.1059 ns/op
WorkloadActual   9: 28246016 op, 58546205.00 ns, 2.0727 ns/op
WorkloadActual  10: 28246016 op, 59229942.00 ns, 2.0969 ns/op
WorkloadActual  11: 28246016 op, 58710601.00 ns, 2.0785 ns/op
WorkloadActual  12: 28246016 op, 58911097.00 ns, 2.0856 ns/op

// AfterActualRun
WorkloadResult   1: 28246016 op, 58746185.00 ns, 2.0798 ns/op
WorkloadResult   2: 28246016 op, 59489036.00 ns, 2.1061 ns/op
WorkloadResult   3: 28246016 op, 58119008.00 ns, 2.0576 ns/op
WorkloadResult   4: 28246016 op, 59884236.00 ns, 2.1201 ns/op
WorkloadResult   5: 28246016 op, 58529749.00 ns, 2.0721 ns/op
WorkloadResult   6: 28246016 op, 59471654.00 ns, 2.1055 ns/op
WorkloadResult   7: 28246016 op, 58535478.00 ns, 2.0723 ns/op
WorkloadResult   8: 28246016 op, 59219215.00 ns, 2.0966 ns/op
WorkloadResult   9: 28246016 op, 58699874.00 ns, 2.0782 ns/op
WorkloadResult  10: 28246016 op, 58900370.00 ns, 2.0853 ns/op
// GC:  0 0 0 0 28246016
// Threading:  0 0 28246016

// AfterAll
// Benchmark Process 2064625 has exited with code 0.

Mean = 2.087 ns, StdErr = 0.006 ns (0.29%), N = 10, StdDev = 0.019 ns
Min = 2.058 ns, Q1 = 2.074 ns, Median = 2.083 ns, Q3 = 2.103 ns, Max = 2.120 ns
IQR = 0.029 ns, LowerFence = 2.030 ns, UpperFence = 2.147 ns
ConfidenceInterval = [2.058 ns; 2.116 ns] (CI 99.9%), Margin = 0.029 ns (1.39% of Mean)
Skewness = 0.2, Kurtosis = 1.68, MValue = 2

// ** Remained 48 (96.0%) benchmark(s) to run. Estimated finish 2026-09-12 14:01 (0h 4m from now) **
// **************************
// Benchmark: DataAuthoredQueryBenchmarks.DataAuthoredFacade: Jit(IterationCount=12, IterationTime=250ms, WarmupCount=16) [Shape=OneTrack, Pattern=Forward]
// *** Execute ***
// Launch: 1 / 1
// Execute: dotnet Alpha-Jit-1.dll --anonymousPipes 120 121 --benchmarkName "DataAuthoredQueryBenchmarks.DataAuthoredFacade(Shape: OneTrack, Pattern: Forward)" --job Jit --benchmarkId 2 in /home/i/GitHub/tl-56-feat-data-authored-api/benchmarks/Alpha/bin/Release/net10.0/Alpha-Jit-1/bin/Release/net10.0
// Failed to set up high priority (Permission denied). In order to run benchmarks with high priority, make sure you have the right permissions.
// BeforeAnythingElse

// Benchmark Process Environment Information:
// BenchmarkDotNet v0.15.8
// Runtime=.NET 10.0.12 (10.0.12, 10.0.1226.42308), X64 RyuJIT x86-64-v3
// GC=Concurrent Workstation
// HardwareIntrinsics=AVX2+BMI1+BMI2+F16C+FMA+LZCNT+MOVBE,AVX,SSE3+SSSE3+SSE4.1+SSE4.2+POPCNT,X86Base+SSE+SSE2,AES+PCLMUL,AvxVnni,SERIALIZE VectorSize=256
// Job: Jit(IterationCount=12, IterationTime=250ms, WarmupCount=16)

OverheadJitting  1: 4096 op, 111375.00 ns, 27.1912 ns/op
WorkloadJitting  1: 4096 op, 245590.00 ns, 59.9585 ns/op

OverheadJitting  2: 65536 op, 122814.00 ns, 1.8740 ns/op
WorkloadJitting  2: 65536 op, 1944021.00 ns, 29.6634 ns/op

WorkloadPilot    1: 65536 op, 1679694.00 ns, 25.6301 ns/op
WorkloadPilot    2: 9764864 op, 250007950.00 ns, 25.6028 ns/op

OverheadWarmup   1: 9764864 op, 4262.00 ns, 0.0004 ns/op
OverheadWarmup   2: 9764864 op, 3921.00 ns, 0.0004 ns/op
OverheadWarmup   3: 9764864 op, 3829.00 ns, 0.0004 ns/op
OverheadWarmup   4: 9764864 op, 3843.00 ns, 0.0004 ns/op
OverheadWarmup   5: 9764864 op, 3874.00 ns, 0.0004 ns/op
OverheadWarmup   6: 9764864 op, 3780.00 ns, 0.0004 ns/op
OverheadWarmup   7: 9764864 op, 3760.00 ns, 0.0004 ns/op
OverheadWarmup   8: 9764864 op, 3774.00 ns, 0.0004 ns/op
OverheadWarmup   9: 9764864 op, 3794.00 ns, 0.0004 ns/op
OverheadWarmup  10: 9764864 op, 3793.00 ns, 0.0004 ns/op

OverheadActual   1: 9764864 op, 3891.00 ns, 0.0004 ns/op
OverheadActual   2: 9764864 op, 4070.00 ns, 0.0004 ns/op
OverheadActual   3: 9764864 op, 4054.00 ns, 0.0004 ns/op
OverheadActual   4: 9764864 op, 3984.00 ns, 0.0004 ns/op
OverheadActual   5: 9764864 op, 4027.00 ns, 0.0004 ns/op
OverheadActual   6: 9764864 op, 3761.00 ns, 0.0004 ns/op
OverheadActual   7: 9764864 op, 3758.00 ns, 0.0004 ns/op
OverheadActual   8: 9764864 op, 3755.00 ns, 0.0004 ns/op
OverheadActual   9: 9764864 op, 3759.00 ns, 0.0004 ns/op
OverheadActual  10: 9764864 op, 3757.00 ns, 0.0004 ns/op
OverheadActual  11: 9764864 op, 3763.00 ns, 0.0004 ns/op
OverheadActual  12: 9764864 op, 3758.00 ns, 0.0004 ns/op
OverheadActual  13: 9764864 op, 3735.00 ns, 0.0004 ns/op
OverheadActual  14: 9764864 op, 3773.00 ns, 0.0004 ns/op
OverheadActual  15: 9764864 op, 3762.00 ns, 0.0004 ns/op

WorkloadWarmup   1: 9764864 op, 253614849.00 ns, 25.9722 ns/op
WorkloadWarmup   2: 9764864 op, 258341610.00 ns, 26.4562 ns/op
WorkloadWarmup   3: 9764864 op, 253021656.00 ns, 25.9114 ns/op
WorkloadWarmup   4: 9764864 op, 252194415.00 ns, 25.8267 ns/op
WorkloadWarmup   5: 9764864 op, 253649926.00 ns, 25.9758 ns/op
WorkloadWarmup   6: 9764864 op, 251864839.00 ns, 25.7930 ns/op
WorkloadWarmup   7: 9764864 op, 226003238.00 ns, 23.1445 ns/op
WorkloadWarmup   8: 9764864 op, 111038609.00 ns, 11.3712 ns/op
WorkloadWarmup   9: 9764864 op, 102725620.00 ns, 10.5199 ns/op
WorkloadWarmup  10: 9764864 op, 101979099.00 ns, 10.4435 ns/op
WorkloadWarmup  11: 9764864 op, 103299176.00 ns, 10.5787 ns/op
WorkloadWarmup  12: 9764864 op, 102042941.00 ns, 10.4500 ns/op
WorkloadWarmup  13: 9764864 op, 102051021.00 ns, 10.4508 ns/op
WorkloadWarmup  14: 9764864 op, 101774626.00 ns, 10.4225 ns/op
WorkloadWarmup  15: 9764864 op, 102121140.00 ns, 10.4580 ns/op
WorkloadWarmup  16: 9764864 op, 102243964.00 ns, 10.4706 ns/op

// BeforeActualRun
WorkloadActual   1: 9764864 op, 103951779.00 ns, 10.6455 ns/op
WorkloadActual   2: 9764864 op, 102101252.00 ns, 10.4560 ns/op
WorkloadActual   3: 9764864 op, 103796497.00 ns, 10.6296 ns/op
WorkloadActual   4: 9764864 op, 107666164.00 ns, 11.0259 ns/op
WorkloadActual   5: 9764864 op, 102780629.00 ns, 10.5256 ns/op
WorkloadActual   6: 9764864 op, 102201050.00 ns, 10.4662 ns/op
WorkloadActual   7: 9764864 op, 102280751.00 ns, 10.4744 ns/op
WorkloadActual   8: 9764864 op, 101993919.00 ns, 10.4450 ns/op
WorkloadActual   9: 9764864 op, 104898074.00 ns, 10.7424 ns/op
WorkloadActual  10: 9764864 op, 123097617.00 ns, 12.6062 ns/op
WorkloadActual  11: 9764864 op, 101071236.00 ns, 10.3505 ns/op
WorkloadActual  12: 9764864 op, 101629161.00 ns, 10.4076 ns/op

// AfterActualRun
WorkloadResult   1: 9764864 op, 103948017.00 ns, 10.6451 ns/op
WorkloadResult   2: 9764864 op, 102097490.00 ns, 10.4556 ns/op
WorkloadResult   3: 9764864 op, 103792735.00 ns, 10.6292 ns/op
WorkloadResult   4: 9764864 op, 102776867.00 ns, 10.5252 ns/op
WorkloadResult   5: 9764864 op, 102197288.00 ns, 10.4658 ns/op
WorkloadResult   6: 9764864 op, 102276989.00 ns, 10.4740 ns/op
WorkloadResult   7: 9764864 op, 101990157.00 ns, 10.4446 ns/op
WorkloadResult   8: 9764864 op, 104894312.00 ns, 10.7420 ns/op
WorkloadResult   9: 9764864 op, 101067474.00 ns, 10.3501 ns/op
WorkloadResult  10: 9764864 op, 101625399.00 ns, 10.4073 ns/op
// GC:  0 0 0 0 9764864
// Threading:  0 0 9764864

// AfterAll
// Benchmark Process 2068770 has exited with code 0.

Mean = 10.514 ns, StdErr = 0.038 ns (0.37%), N = 10, StdDev = 0.122 ns
Min = 10.350 ns, Q1 = 10.447 ns, Median = 10.470 ns, Q3 = 10.603 ns, Max = 10.742 ns
IQR = 0.156 ns, LowerFence = 10.214 ns, UpperFence = 10.837 ns
ConfidenceInterval = [10.330 ns; 10.698 ns] (CI 99.9%), Margin = 0.184 ns (1.75% of Mean)
Skewness = 0.52, Kurtosis = 1.87, MValue = 2

// ** Remained 47 (94.0%) benchmark(s) to run. Estimated finish 2026-09-12 14:00 (0h 3m from now) **
// **************************
// Benchmark: DataAuthoredQueryBenchmarks.FacadeSelectOnly: Jit(IterationCount=12, IterationTime=250ms, WarmupCount=16) [Shape=OneTrack, Pattern=Forward]
// *** Execute ***
// Launch: 1 / 1
// Execute: dotnet Alpha-Jit-1.dll --anonymousPipes 120 121 --benchmarkName "DataAuthoredQueryBenchmarks.FacadeSelectOnly(Shape: OneTrack, Pattern: Forward)" --job Jit --benchmarkId 3 in /home/i/GitHub/tl-56-feat-data-authored-api/benchmarks/Alpha/bin/Release/net10.0/Alpha-Jit-1/bin/Release/net10.0
// Failed to set up high priority (Permission denied). In order to run benchmarks with high priority, make sure you have the right permissions.
// BeforeAnythingElse

// Benchmark Process Environment Information:
// BenchmarkDotNet v0.15.8
// Runtime=.NET 10.0.12 (10.0.12, 10.0.1226.42308), X64 RyuJIT x86-64-v3
// GC=Concurrent Workstation
// HardwareIntrinsics=AVX2+BMI1+BMI2+F16C+FMA+LZCNT+MOVBE,AVX,SSE3+SSSE3+SSE4.1+SSE4.2+POPCNT,X86Base+SSE+SSE2,AES+PCLMUL,AvxVnni,SERIALIZE VectorSize=256
// Job: Jit(IterationCount=12, IterationTime=250ms, WarmupCount=16)

OverheadJitting  1: 4096 op, 108533.00 ns, 26.4973 ns/op
WorkloadJitting  1: 4096 op, 221277.00 ns, 54.0227 ns/op

OverheadJitting  2: 65536 op, 123307.00 ns, 1.8815 ns/op
WorkloadJitting  2: 65536 op, 1132160.00 ns, 17.2754 ns/op

WorkloadPilot    1: 65536 op, 1221183.00 ns, 18.6338 ns/op
WorkloadPilot    2: 13434880 op, 176251325.00 ns, 13.1189 ns/op
WorkloadPilot    3: 19070976 op, 251549301.00 ns, 13.1902 ns/op
WorkloadPilot    4: 19005440 op, 254409012.00 ns, 13.3861 ns/op
WorkloadPilot    5: 18677760 op, 247657818.00 ns, 13.2595 ns/op
WorkloadPilot    6: 18874368 op, 249893621.00 ns, 13.2398 ns/op
WorkloadPilot    7: 18939904 op, 252452752.00 ns, 13.3291 ns/op

OverheadWarmup   1: 18939904 op, 8371.00 ns, 0.0004 ns/op
OverheadWarmup   2: 18939904 op, 7287.00 ns, 0.0004 ns/op
OverheadWarmup   3: 18939904 op, 7213.00 ns, 0.0004 ns/op
OverheadWarmup   4: 18939904 op, 7206.00 ns, 0.0004 ns/op
OverheadWarmup   5: 18939904 op, 7208.00 ns, 0.0004 ns/op
OverheadWarmup   6: 18939904 op, 7219.00 ns, 0.0004 ns/op
OverheadWarmup   7: 18939904 op, 7192.00 ns, 0.0004 ns/op
OverheadWarmup   8: 18939904 op, 11010.00 ns, 0.0006 ns/op
OverheadWarmup   9: 18939904 op, 7233.00 ns, 0.0004 ns/op

OverheadActual   1: 18939904 op, 7370.00 ns, 0.0004 ns/op
OverheadActual   2: 18939904 op, 7255.00 ns, 0.0004 ns/op
OverheadActual   3: 18939904 op, 7390.00 ns, 0.0004 ns/op
OverheadActual   4: 18939904 op, 7257.00 ns, 0.0004 ns/op
OverheadActual   5: 18939904 op, 7423.00 ns, 0.0004 ns/op
OverheadActual   6: 18939904 op, 7210.00 ns, 0.0004 ns/op
OverheadActual   7: 18939904 op, 7370.00 ns, 0.0004 ns/op
OverheadActual   8: 18939904 op, 7333.00 ns, 0.0004 ns/op
OverheadActual   9: 18939904 op, 7341.00 ns, 0.0004 ns/op
OverheadActual  10: 18939904 op, 7322.00 ns, 0.0004 ns/op
OverheadActual  11: 18939904 op, 7397.00 ns, 0.0004 ns/op
OverheadActual  12: 18939904 op, 7394.00 ns, 0.0004 ns/op
OverheadActual  13: 18939904 op, 7356.00 ns, 0.0004 ns/op
OverheadActual  14: 18939904 op, 7363.00 ns, 0.0004 ns/op
OverheadActual  15: 18939904 op, 7365.00 ns, 0.0004 ns/op

WorkloadWarmup   1: 18939904 op, 250260637.00 ns, 13.2134 ns/op
WorkloadWarmup   2: 18939904 op, 266945681.00 ns, 14.0944 ns/op
WorkloadWarmup   3: 18939904 op, 275805485.00 ns, 14.5621 ns/op
WorkloadWarmup   4: 18939904 op, 253084083.00 ns, 13.3625 ns/op
WorkloadWarmup   5: 18939904 op, 251846641.00 ns, 13.2971 ns/op
WorkloadWarmup   6: 18939904 op, 229299043.00 ns, 12.1067 ns/op
WorkloadWarmup   7: 18939904 op, 145727159.00 ns, 7.6942 ns/op
WorkloadWarmup   8: 18939904 op, 147940039.00 ns, 7.8110 ns/op
WorkloadWarmup   9: 18939904 op, 149637241.00 ns, 7.9006 ns/op
WorkloadWarmup  10: 18939904 op, 146283660.00 ns, 7.7236 ns/op
WorkloadWarmup  11: 18939904 op, 156103043.00 ns, 8.2420 ns/op
WorkloadWarmup  12: 18939904 op, 146945453.00 ns, 7.7585 ns/op
WorkloadWarmup  13: 18939904 op, 155063949.00 ns, 8.1872 ns/op
WorkloadWarmup  14: 18939904 op, 153527740.00 ns, 8.1060 ns/op
WorkloadWarmup  15: 18939904 op, 145718080.00 ns, 7.6937 ns/op
WorkloadWarmup  16: 18939904 op, 147614133.00 ns, 7.7938 ns/op

// BeforeActualRun
WorkloadActual   1: 18939904 op, 146195668.00 ns, 7.7189 ns/op
WorkloadActual   2: 18939904 op, 147592840.00 ns, 7.7927 ns/op
WorkloadActual   3: 18939904 op, 147702043.00 ns, 7.7985 ns/op
WorkloadActual   4: 18939904 op, 148930549.00 ns, 7.8633 ns/op
WorkloadActual   5: 18939904 op, 147047367.00 ns, 7.7639 ns/op
WorkloadActual   6: 18939904 op, 153257581.00 ns, 8.0918 ns/op
WorkloadActual   7: 18939904 op, 148098599.00 ns, 7.8194 ns/op
WorkloadActual   8: 18939904 op, 153738323.00 ns, 8.1172 ns/op
WorkloadActual   9: 18939904 op, 152308254.00 ns, 8.0417 ns/op
WorkloadActual  10: 18939904 op, 148399548.00 ns, 7.8353 ns/op
WorkloadActual  11: 18939904 op, 172005125.00 ns, 9.0816 ns/op
WorkloadActual  12: 18939904 op, 150372046.00 ns, 7.9394 ns/op

// AfterActualRun
WorkloadResult   1: 18939904 op, 146188305.00 ns, 7.7185 ns/op
WorkloadResult   2: 18939904 op, 147585477.00 ns, 7.7923 ns/op
WorkloadResult   3: 18939904 op, 147694680.00 ns, 7.7981 ns/op
WorkloadResult   4: 18939904 op, 148923186.00 ns, 7.8629 ns/op
WorkloadResult   5: 18939904 op, 147040004.00 ns, 7.7635 ns/op
WorkloadResult   6: 18939904 op, 153250218.00 ns, 8.0914 ns/op
WorkloadResult   7: 18939904 op, 148091236.00 ns, 7.8190 ns/op
WorkloadResult   8: 18939904 op, 153730960.00 ns, 8.1168 ns/op
WorkloadResult   9: 18939904 op, 152300891.00 ns, 8.0413 ns/op
WorkloadResult  10: 18939904 op, 148392185.00 ns, 7.8349 ns/op
WorkloadResult  11: 18939904 op, 150364683.00 ns, 7.9390 ns/op
// GC:  0 0 0 0 18939904
// Threading:  0 0 18939904

// AfterAll
// Benchmark Process 2073005 has exited with code 0.

Mean = 7.889 ns, StdErr = 0.042 ns (0.53%), N = 11, StdDev = 0.138 ns
Min = 7.719 ns, Q1 = 7.795 ns, Median = 7.835 ns, Q3 = 7.990 ns, Max = 8.117 ns
IQR = 0.195 ns, LowerFence = 7.503 ns, UpperFence = 8.283 ns
ConfidenceInterval = [7.699 ns; 8.079 ns] (CI 99.9%), Margin = 0.190 ns (2.41% of Mean)
Skewness = 0.51, Kurtosis = 1.57, MValue = 2

// ** Remained 46 (92.0%) benchmark(s) to run. Estimated finish 2026-09-12 14:01 (0h 4m from now) **
// **************************
// Benchmark: DataAuthoredQueryBenchmarks.FacadeNoDispatch: Jit(IterationCount=12, IterationTime=250ms, WarmupCount=16) [Shape=OneTrack, Pattern=Forward]
// *** Execute ***
// Launch: 1 / 1
// Execute: dotnet Alpha-Jit-1.dll --anonymousPipes 120 121 --benchmarkName "DataAuthoredQueryBenchmarks.FacadeNoDispatch(Shape: OneTrack, Pattern: Forward)" --job Jit --benchmarkId 4 in /home/i/GitHub/tl-56-feat-data-authored-api/benchmarks/Alpha/bin/Release/net10.0/Alpha-Jit-1/bin/Release/net10.0
// Failed to set up high priority (Permission denied). In order to run benchmarks with high priority, make sure you have the right permissions.
// BeforeAnythingElse

// Benchmark Process Environment Information:
// BenchmarkDotNet v0.15.8
// Runtime=.NET 10.0.12 (10.0.12, 10.0.1226.42308), X64 RyuJIT x86-64-v3
// GC=Concurrent Workstation
// HardwareIntrinsics=AVX2+BMI1+BMI2+F16C+FMA+LZCNT+MOVBE,AVX,SSE3+SSSE3+SSE4.1+SSE4.2+POPCNT,X86Base+SSE+SSE2,AES+PCLMUL,AvxVnni,SERIALIZE VectorSize=256
// Job: Jit(IterationCount=12, IterationTime=250ms, WarmupCount=16)

OverheadJitting  1: 4096 op, 119959.00 ns, 29.2869 ns/op
WorkloadJitting  1: 4096 op, 221466.00 ns, 54.0688 ns/op

OverheadJitting  2: 65536 op, 128095.00 ns, 1.9546 ns/op
WorkloadJitting  2: 65536 op, 1192079.00 ns, 18.1897 ns/op

WorkloadPilot    1: 65536 op, 985386.00 ns, 15.0358 ns/op
WorkloadPilot    2: 16646144 op, 243366392.00 ns, 14.6200 ns/op
WorkloadPilot    3: 17104896 op, 247970241.00 ns, 14.4970 ns/op
WorkloadPilot    4: 17301504 op, 248386907.00 ns, 14.3564 ns/op
WorkloadPilot    5: 17432576 op, 261528236.00 ns, 15.0023 ns/op
WorkloadPilot    6: 16711680 op, 239674800.00 ns, 14.3418 ns/op
WorkloadPilot    7: 17432576 op, 249834019.00 ns, 14.3314 ns/op
WorkloadPilot    8: 17498112 op, 251468669.00 ns, 14.3712 ns/op
WorkloadPilot    9: 17432576 op, 229134218.00 ns, 13.1440 ns/op
WorkloadPilot   10: 19070976 op, 168908408.00 ns, 8.8568 ns/op
WorkloadPilot   11: 28246016 op, 250079115.00 ns, 8.8536 ns/op

OverheadWarmup   1: 28246016 op, 14727.00 ns, 0.0005 ns/op
OverheadWarmup   2: 28246016 op, 13636.00 ns, 0.0005 ns/op
OverheadWarmup   3: 28246016 op, 13515.00 ns, 0.0005 ns/op
OverheadWarmup   4: 28246016 op, 13526.00 ns, 0.0005 ns/op
OverheadWarmup   5: 28246016 op, 13558.00 ns, 0.0005 ns/op
OverheadWarmup   6: 28246016 op, 13550.00 ns, 0.0005 ns/op
OverheadWarmup   7: 28246016 op, 13530.00 ns, 0.0005 ns/op
OverheadWarmup   8: 28246016 op, 13551.00 ns, 0.0005 ns/op
OverheadWarmup   9: 28246016 op, 13510.00 ns, 0.0005 ns/op

OverheadActual   1: 28246016 op, 14177.00 ns, 0.0005 ns/op
OverheadActual   2: 28246016 op, 13610.00 ns, 0.0005 ns/op
OverheadActual   3: 28246016 op, 15966.00 ns, 0.0006 ns/op
OverheadActual   4: 28246016 op, 13395.00 ns, 0.0005 ns/op
OverheadActual   5: 28246016 op, 13497.00 ns, 0.0005 ns/op
OverheadActual   6: 28246016 op, 13275.00 ns, 0.0005 ns/op
OverheadActual   7: 28246016 op, 13294.00 ns, 0.0005 ns/op
OverheadActual   8: 28246016 op, 13361.00 ns, 0.0005 ns/op
OverheadActual   9: 28246016 op, 13290.00 ns, 0.0005 ns/op
OverheadActual  10: 28246016 op, 13256.00 ns, 0.0005 ns/op
OverheadActual  11: 28246016 op, 13930.00 ns, 0.0005 ns/op
OverheadActual  12: 28246016 op, 13257.00 ns, 0.0005 ns/op
OverheadActual  13: 28246016 op, 13249.00 ns, 0.0005 ns/op
OverheadActual  14: 28246016 op, 13293.00 ns, 0.0005 ns/op
OverheadActual  15: 28246016 op, 13296.00 ns, 0.0005 ns/op

WorkloadWarmup   1: 28246016 op, 248352235.00 ns, 8.7925 ns/op
WorkloadWarmup   2: 28246016 op, 250407877.00 ns, 8.8652 ns/op
WorkloadWarmup   3: 28246016 op, 247427048.00 ns, 8.7597 ns/op
WorkloadWarmup   4: 28246016 op, 248602817.00 ns, 8.8013 ns/op
WorkloadWarmup   5: 28246016 op, 247395271.00 ns, 8.7586 ns/op
WorkloadWarmup   6: 28246016 op, 249704468.00 ns, 8.8403 ns/op
WorkloadWarmup   7: 28246016 op, 288890694.00 ns, 10.2277 ns/op
WorkloadWarmup   8: 28246016 op, 246881414.00 ns, 8.7404 ns/op
WorkloadWarmup   9: 28246016 op, 254836678.00 ns, 9.0220 ns/op
WorkloadWarmup  10: 28246016 op, 247338310.00 ns, 8.7566 ns/op
WorkloadWarmup  11: 28246016 op, 254257405.00 ns, 9.0015 ns/op
WorkloadWarmup  12: 28246016 op, 247828164.00 ns, 8.7739 ns/op
WorkloadWarmup  13: 28246016 op, 247578883.00 ns, 8.7651 ns/op
WorkloadWarmup  14: 28246016 op, 246968774.00 ns, 8.7435 ns/op
WorkloadWarmup  15: 28246016 op, 247103579.00 ns, 8.7483 ns/op
WorkloadWarmup  16: 28246016 op, 254801446.00 ns, 9.0208 ns/op

// BeforeActualRun
WorkloadActual   1: 28246016 op, 247038129.00 ns, 8.7459 ns/op
WorkloadActual   2: 28246016 op, 247773029.00 ns, 8.7720 ns/op
WorkloadActual   3: 28246016 op, 248807921.00 ns, 8.8086 ns/op
WorkloadActual   4: 28246016 op, 246745898.00 ns, 8.7356 ns/op
WorkloadActual   5: 28246016 op, 247068750.00 ns, 8.7470 ns/op
WorkloadActual   6: 28246016 op, 248413587.00 ns, 8.7946 ns/op
WorkloadActual   7: 28246016 op, 247547989.00 ns, 8.7640 ns/op
WorkloadActual   8: 28246016 op, 248402142.00 ns, 8.7942 ns/op
WorkloadActual   9: 28246016 op, 263273428.00 ns, 9.3207 ns/op
WorkloadActual  10: 28246016 op, 248127474.00 ns, 8.7845 ns/op
WorkloadActual  11: 28246016 op, 247300728.00 ns, 8.7552 ns/op
WorkloadActual  12: 28246016 op, 248716104.00 ns, 8.8054 ns/op

// AfterActualRun
WorkloadResult   1: 28246016 op, 247024833.00 ns, 8.7455 ns/op
WorkloadResult   2: 28246016 op, 247759733.00 ns, 8.7715 ns/op
WorkloadResult   3: 28246016 op, 248794625.00 ns, 8.8081 ns/op
WorkloadResult   4: 28246016 op, 246732602.00 ns, 8.7351 ns/op
WorkloadResult   5: 28246016 op, 247055454.00 ns, 8.7466 ns/op
WorkloadResult   6: 28246016 op, 248400291.00 ns, 8.7942 ns/op
WorkloadResult   7: 28246016 op, 247534693.00 ns, 8.7635 ns/op
WorkloadResult   8: 28246016 op, 248388846.00 ns, 8.7938 ns/op
WorkloadResult   9: 28246016 op, 248114178.00 ns, 8.7840 ns/op
WorkloadResult  10: 28246016 op, 247287432.00 ns, 8.7548 ns/op
WorkloadResult  11: 28246016 op, 248702808.00 ns, 8.8049 ns/op
// GC:  0 0 0 0 28246016
// Threading:  0 0 28246016

// AfterAll
// Benchmark Process 2079301 has exited with code 0.

Mean = 8.773 ns, StdErr = 0.008 ns (0.09%), N = 11, StdDev = 0.026 ns
Min = 8.735 ns, Q1 = 8.751 ns, Median = 8.771 ns, Q3 = 8.794 ns, Max = 8.808 ns
IQR = 0.043 ns, LowerFence = 8.686 ns, UpperFence = 8.859 ns
ConfidenceInterval = [8.737 ns; 8.808 ns] (CI 99.9%), Margin = 0.035 ns (0.40% of Mean)
Skewness = -0.02, Kurtosis = 1.31, MValue = 2

// ** Remained 45 (90.0%) benchmark(s) to run. Estimated finish 2026-09-12 14:01 (0h 4m from now) **
// **************************
// Benchmark: DataAuthoredQueryBenchmarks.DirectShape: Jit(IterationCount=12, IterationTime=250ms, WarmupCount=16) [Shape=OneTrack, Pattern=Alternating]
// *** Execute ***
// Launch: 1 / 1
// Execute: dotnet Alpha-Jit-1.dll --anonymousPipes 120 121 --benchmarkName "DataAuthoredQueryBenchmarks.DirectShape(Shape: OneTrack, Pattern: Alternating)" --job Jit --benchmarkId 5 in /home/i/GitHub/tl-56-feat-data-authored-api/benchmarks/Alpha/bin/Release/net10.0/Alpha-Jit-1/bin/Release/net10.0
// Failed to set up high priority (Permission denied). In order to run benchmarks with high priority, make sure you have the right permissions.
// BeforeAnythingElse

// Benchmark Process Environment Information:
// BenchmarkDotNet v0.15.8
// Runtime=.NET 10.0.12 (10.0.12, 10.0.1226.42308), X64 RyuJIT x86-64-v3
// GC=Concurrent Workstation
// HardwareIntrinsics=AVX2+BMI1+BMI2+F16C+FMA+LZCNT+MOVBE,AVX,SSE3+SSSE3+SSE4.1+SSE4.2+POPCNT,X86Base+SSE+SSE2,AES+PCLMUL,AvxVnni,SERIALIZE VectorSize=256
// Job: Jit(IterationCount=12, IterationTime=250ms, WarmupCount=16)

OverheadJitting  1: 4096 op, 100688.00 ns, 24.5820 ns/op
WorkloadJitting  1: 4096 op, 1025294.00 ns, 250.3159 ns/op

OverheadJitting  2: 65536 op, 122824.00 ns, 1.8741 ns/op
WorkloadJitting  2: 65536 op, 409058.00 ns, 6.2417 ns/op

WorkloadPilot    1: 65536 op, 213936.00 ns, 3.2644 ns/op
WorkloadPilot    2: 76611584 op, 217465270.00 ns, 2.8385 ns/op
WorkloadPilot    3: 88080384 op, 250284676.00 ns, 2.8415 ns/op
WorkloadPilot    4: 88014848 op, 249137710.00 ns, 2.8306 ns/op
WorkloadPilot    5: 88342528 op, 249134719.00 ns, 2.8201 ns/op
WorkloadPilot    6: 88670208 op, 250144729.00 ns, 2.8211 ns/op

OverheadWarmup   1: 88670208 op, 30524.00 ns, 0.0003 ns/op
OverheadWarmup   2: 88670208 op, 30111.00 ns, 0.0003 ns/op
OverheadWarmup   3: 88670208 op, 30028.00 ns, 0.0003 ns/op
OverheadWarmup   4: 88670208 op, 30854.00 ns, 0.0003 ns/op
OverheadWarmup   5: 88670208 op, 29941.00 ns, 0.0003 ns/op
OverheadWarmup   6: 88670208 op, 30245.00 ns, 0.0003 ns/op
OverheadWarmup   7: 88670208 op, 29388.00 ns, 0.0003 ns/op

OverheadActual   1: 88670208 op, 30389.00 ns, 0.0003 ns/op
OverheadActual   2: 88670208 op, 29619.00 ns, 0.0003 ns/op
OverheadActual   3: 88670208 op, 29658.00 ns, 0.0003 ns/op
OverheadActual   4: 88670208 op, 29465.00 ns, 0.0003 ns/op
OverheadActual   5: 88670208 op, 29572.00 ns, 0.0003 ns/op
OverheadActual   6: 88670208 op, 29487.00 ns, 0.0003 ns/op
OverheadActual   7: 88670208 op, 29376.00 ns, 0.0003 ns/op
OverheadActual   8: 88670208 op, 29953.00 ns, 0.0003 ns/op
OverheadActual   9: 88670208 op, 29500.00 ns, 0.0003 ns/op
OverheadActual  10: 88670208 op, 29416.00 ns, 0.0003 ns/op
OverheadActual  11: 88670208 op, 29491.00 ns, 0.0003 ns/op
OverheadActual  12: 88670208 op, 29416.00 ns, 0.0003 ns/op
OverheadActual  13: 88670208 op, 30057.00 ns, 0.0003 ns/op
OverheadActual  14: 88670208 op, 29573.00 ns, 0.0003 ns/op
OverheadActual  15: 88670208 op, 29493.00 ns, 0.0003 ns/op

WorkloadWarmup   1: 88670208 op, 250971369.00 ns, 2.8304 ns/op
WorkloadWarmup   2: 88670208 op, 251787747.00 ns, 2.8396 ns/op
WorkloadWarmup   3: 88670208 op, 252152733.00 ns, 2.8437 ns/op
WorkloadWarmup   4: 88670208 op, 257786753.00 ns, 2.9073 ns/op
WorkloadWarmup   5: 88670208 op, 250463771.00 ns, 2.8247 ns/op
WorkloadWarmup   6: 88670208 op, 250410072.00 ns, 2.8241 ns/op
WorkloadWarmup   7: 88670208 op, 204724626.00 ns, 2.3088 ns/op
WorkloadWarmup   8: 88670208 op, 118334044.00 ns, 1.3345 ns/op
WorkloadWarmup   9: 88670208 op, 120263367.00 ns, 1.3563 ns/op
WorkloadWarmup  10: 88670208 op, 118800123.00 ns, 1.3398 ns/op
WorkloadWarmup  11: 88670208 op, 121014248.00 ns, 1.3648 ns/op
WorkloadWarmup  12: 88670208 op, 119021900.00 ns, 1.3423 ns/op
WorkloadWarmup  13: 88670208 op, 119617189.00 ns, 1.3490 ns/op
WorkloadWarmup  14: 88670208 op, 118435554.00 ns, 1.3357 ns/op
WorkloadWarmup  15: 88670208 op, 118899360.00 ns, 1.3409 ns/op
WorkloadWarmup  16: 88670208 op, 118007705.00 ns, 1.3309 ns/op

// BeforeActualRun
WorkloadActual   1: 88670208 op, 118717372.00 ns, 1.3389 ns/op
WorkloadActual   2: 88670208 op, 117564326.00 ns, 1.3259 ns/op
WorkloadActual   3: 88670208 op, 118817271.00 ns, 1.3400 ns/op
WorkloadActual   4: 88670208 op, 118808335.00 ns, 1.3399 ns/op
WorkloadActual   5: 88670208 op, 118404221.00 ns, 1.3353 ns/op
WorkloadActual   6: 88670208 op, 117554727.00 ns, 1.3258 ns/op
WorkloadActual   7: 88670208 op, 123791410.00 ns, 1.3961 ns/op
WorkloadActual   8: 88670208 op, 119470701.00 ns, 1.3474 ns/op
WorkloadActual   9: 88670208 op, 118259101.00 ns, 1.3337 ns/op
WorkloadActual  10: 88670208 op, 117417176.00 ns, 1.3242 ns/op
WorkloadActual  11: 88670208 op, 124230299.00 ns, 1.4010 ns/op
WorkloadActual  12: 88670208 op, 114270244.00 ns, 1.2887 ns/op

// AfterActualRun
WorkloadResult   1: 88670208 op, 118687872.00 ns, 1.3385 ns/op
WorkloadResult   2: 88670208 op, 117534826.00 ns, 1.3255 ns/op
WorkloadResult   3: 88670208 op, 118787771.00 ns, 1.3397 ns/op
WorkloadResult   4: 88670208 op, 118778835.00 ns, 1.3396 ns/op
WorkloadResult   5: 88670208 op, 118374721.00 ns, 1.3350 ns/op
WorkloadResult   6: 88670208 op, 117525227.00 ns, 1.3254 ns/op
WorkloadResult   7: 88670208 op, 119441201.00 ns, 1.3470 ns/op
WorkloadResult   8: 88670208 op, 118229601.00 ns, 1.3334 ns/op
WorkloadResult   9: 88670208 op, 117387676.00 ns, 1.3239 ns/op
WorkloadResult  10: 88670208 op, 114240744.00 ns, 1.2884 ns/op
// GC:  0 0 0 0 88670208
// Threading:  0 0 88670208

// AfterAll
// Benchmark Process 2089293 has exited with code 0.

Mean = 1.330 ns, StdErr = 0.005 ns (0.39%), N = 10, StdDev = 0.016 ns
Min = 1.288 ns, Q1 = 1.325 ns, Median = 1.334 ns, Q3 = 1.339 ns, Max = 1.347 ns
IQR = 0.014 ns, LowerFence = 1.305 ns, UpperFence = 1.360 ns
ConfidenceInterval = [1.305 ns; 1.354 ns] (CI 99.9%), Margin = 0.025 ns (1.85% of Mean)
Skewness = -1.44, Kurtosis = 4.27, MValue = 2

// ** Remained 44 (88.0%) benchmark(s) to run. Estimated finish 2026-09-12 14:01 (0h 4m from now) **
// **************************
// Benchmark: DataAuthoredQueryBenchmarks.GeneratedShape: Jit(IterationCount=12, IterationTime=250ms, WarmupCount=16) [Shape=OneTrack, Pattern=Alternating]
// *** Execute ***
// Launch: 1 / 1
// Execute: dotnet Alpha-Jit-1.dll --anonymousPipes 120 121 --benchmarkName "DataAuthoredQueryBenchmarks.GeneratedShape(Shape: OneTrack, Pattern: Alternating)" --job Jit --benchmarkId 6 in /home/i/GitHub/tl-56-feat-data-authored-api/benchmarks/Alpha/bin/Release/net10.0/Alpha-Jit-1/bin/Release/net10.0
// Failed to set up high priority (Permission denied). In order to run benchmarks with high priority, make sure you have the right permissions.
// BeforeAnythingElse

// Benchmark Process Environment Information:
// BenchmarkDotNet v0.15.8
// Runtime=.NET 10.0.12 (10.0.12, 10.0.1226.42308), X64 RyuJIT x86-64-v3
// GC=Concurrent Workstation
// HardwareIntrinsics=AVX2+BMI1+BMI2+F16C+FMA+LZCNT+MOVBE,AVX,SSE3+SSSE3+SSE4.1+SSE4.2+POPCNT,X86Base+SSE+SSE2,AES+PCLMUL,AvxVnni,SERIALIZE VectorSize=256
// Job: Jit(IterationCount=12, IterationTime=250ms, WarmupCount=16)

OverheadJitting  1: 4096 op, 104299.00 ns, 25.4636 ns/op
WorkloadJitting  1: 4096 op, 256400.00 ns, 62.5977 ns/op

OverheadJitting  2: 65536 op, 117922.00 ns, 1.7993 ns/op
WorkloadJitting  2: 65536 op, 1776440.00 ns, 27.1063 ns/op

WorkloadPilot    1: 65536 op, 646427.00 ns, 9.8637 ns/op
WorkloadPilot    2: 25362432 op, 231168737.00 ns, 9.1146 ns/op
WorkloadPilot    3: 27459584 op, 249202643.00 ns, 9.0753 ns/op
WorkloadPilot    4: 27590656 op, 250540728.00 ns, 9.0806 ns/op

OverheadWarmup   1: 27590656 op, 9694.00 ns, 0.0004 ns/op
OverheadWarmup   2: 27590656 op, 10431.00 ns, 0.0004 ns/op
OverheadWarmup   3: 27590656 op, 9308.00 ns, 0.0003 ns/op
OverheadWarmup   4: 27590656 op, 9292.00 ns, 0.0003 ns/op
OverheadWarmup   5: 27590656 op, 9331.00 ns, 0.0003 ns/op
OverheadWarmup   6: 27590656 op, 9188.00 ns, 0.0003 ns/op

OverheadActual   1: 27590656 op, 9415.00 ns, 0.0003 ns/op
OverheadActual   2: 27590656 op, 9218.00 ns, 0.0003 ns/op
OverheadActual   3: 27590656 op, 11226.00 ns, 0.0004 ns/op
OverheadActual   4: 27590656 op, 9429.00 ns, 0.0003 ns/op
OverheadActual   5: 27590656 op, 9585.00 ns, 0.0003 ns/op
OverheadActual   6: 27590656 op, 9181.00 ns, 0.0003 ns/op
OverheadActual   7: 27590656 op, 9152.00 ns, 0.0003 ns/op
OverheadActual   8: 27590656 op, 9132.00 ns, 0.0003 ns/op
OverheadActual   9: 27590656 op, 9140.00 ns, 0.0003 ns/op
OverheadActual  10: 27590656 op, 9184.00 ns, 0.0003 ns/op
OverheadActual  11: 27590656 op, 9147.00 ns, 0.0003 ns/op
OverheadActual  12: 27590656 op, 9184.00 ns, 0.0003 ns/op
OverheadActual  13: 27590656 op, 9159.00 ns, 0.0003 ns/op
OverheadActual  14: 27590656 op, 9149.00 ns, 0.0003 ns/op
OverheadActual  15: 27590656 op, 9152.00 ns, 0.0003 ns/op

WorkloadWarmup   1: 27590656 op, 252004085.00 ns, 9.1337 ns/op
WorkloadWarmup   2: 27590656 op, 249562111.00 ns, 9.0452 ns/op
WorkloadWarmup   3: 27590656 op, 250512401.00 ns, 9.0796 ns/op
WorkloadWarmup   4: 27590656 op, 250579417.00 ns, 9.0820 ns/op
WorkloadWarmup   5: 27590656 op, 203271041.00 ns, 7.3674 ns/op
WorkloadWarmup   6: 27590656 op, 57429805.00 ns, 2.0815 ns/op
WorkloadWarmup   7: 27590656 op, 59488250.00 ns, 2.1561 ns/op
WorkloadWarmup   8: 27590656 op, 57846190.00 ns, 2.0966 ns/op
WorkloadWarmup   9: 27590656 op, 61063526.00 ns, 2.2132 ns/op
WorkloadWarmup  10: 27590656 op, 58514780.00 ns, 2.1208 ns/op
WorkloadWarmup  11: 27590656 op, 58002413.00 ns, 2.1022 ns/op
WorkloadWarmup  12: 27590656 op, 57206832.00 ns, 2.0734 ns/op
WorkloadWarmup  13: 27590656 op, 60668209.00 ns, 2.1989 ns/op
WorkloadWarmup  14: 27590656 op, 58145039.00 ns, 2.1074 ns/op
WorkloadWarmup  15: 27590656 op, 56795041.00 ns, 2.0585 ns/op
WorkloadWarmup  16: 27590656 op, 58069990.00 ns, 2.1047 ns/op

// BeforeActualRun
WorkloadActual   1: 27590656 op, 58647818.00 ns, 2.1256 ns/op
WorkloadActual   2: 27590656 op, 57487151.00 ns, 2.0836 ns/op
WorkloadActual   3: 27590656 op, 58291763.00 ns, 2.1127 ns/op
WorkloadActual   4: 27590656 op, 56571033.00 ns, 2.0504 ns/op
WorkloadActual   5: 27590656 op, 58061879.00 ns, 2.1044 ns/op
WorkloadActual   6: 27590656 op, 58682130.00 ns, 2.1269 ns/op
WorkloadActual   7: 27590656 op, 57635198.00 ns, 2.0889 ns/op
WorkloadActual   8: 27590656 op, 58166503.00 ns, 2.1082 ns/op
WorkloadActual   9: 27590656 op, 56781670.00 ns, 2.0580 ns/op
WorkloadActual  10: 27590656 op, 58579647.00 ns, 2.1232 ns/op
WorkloadActual  11: 27590656 op, 58296912.00 ns, 2.1129 ns/op
WorkloadActual  12: 27590656 op, 57521218.00 ns, 2.0848 ns/op

// AfterActualRun
WorkloadResult   1: 27590656 op, 58638637.00 ns, 2.1253 ns/op
WorkloadResult   2: 27590656 op, 57477970.00 ns, 2.0832 ns/op
WorkloadResult   3: 27590656 op, 58282582.00 ns, 2.1124 ns/op
WorkloadResult   4: 27590656 op, 56561852.00 ns, 2.0500 ns/op
WorkloadResult   5: 27590656 op, 58052698.00 ns, 2.1041 ns/op
WorkloadResult   6: 27590656 op, 58672949.00 ns, 2.1266 ns/op
WorkloadResult   7: 27590656 op, 57626017.00 ns, 2.0886 ns/op
WorkloadResult   8: 27590656 op, 58157322.00 ns, 2.1079 ns/op
WorkloadResult   9: 27590656 op, 56772489.00 ns, 2.0577 ns/op
WorkloadResult  10: 27590656 op, 58570466.00 ns, 2.1228 ns/op
WorkloadResult  11: 27590656 op, 58287731.00 ns, 2.1126 ns/op
WorkloadResult  12: 27590656 op, 57512037.00 ns, 2.0845 ns/op
// GC:  0 0 0 0 27590656
// Threading:  0 0 27590656

// AfterAll
// Benchmark Process 2094962 has exited with code 0.

Mean = 2.098 ns, StdErr = 0.007 ns (0.35%), N = 12, StdDev = 0.025 ns
Min = 2.050 ns, Q1 = 2.084 ns, Median = 2.106 ns, Q3 = 2.115 ns, Max = 2.127 ns
IQR = 0.031 ns, LowerFence = 2.038 ns, UpperFence = 2.162 ns
ConfidenceInterval = [2.065 ns; 2.131 ns] (CI 99.9%), Margin = 0.033 ns (1.56% of Mean)
Skewness = -0.58, Kurtosis = 1.92, MValue = 2

// ** Remained 43 (86.0%) benchmark(s) to run. Estimated finish 2026-09-12 14:01 (0h 4m from now) **
// **************************
// Benchmark: DataAuthoredQueryBenchmarks.DataAuthoredFacade: Jit(IterationCount=12, IterationTime=250ms, WarmupCount=16) [Shape=OneTrack, Pattern=Alternating]
// *** Execute ***
// Launch: 1 / 1
// Execute: dotnet Alpha-Jit-1.dll --anonymousPipes 120 121 --benchmarkName "DataAuthoredQueryBenchmarks.DataAuthoredFacade(Shape: OneTrack, Pattern: Alternating)" --job Jit --benchmarkId 7 in /home/i/GitHub/tl-56-feat-data-authored-api/benchmarks/Alpha/bin/Release/net10.0/Alpha-Jit-1/bin/Release/net10.0
// Failed to set up high priority (Permission denied). In order to run benchmarks with high priority, make sure you have the right permissions.
// BeforeAnythingElse

// Benchmark Process Environment Information:
// BenchmarkDotNet v0.15.8
// Runtime=.NET 10.0.12 (10.0.12, 10.0.1226.42308), X64 RyuJIT x86-64-v3
// GC=Concurrent Workstation
// HardwareIntrinsics=AVX2+BMI1+BMI2+F16C+FMA+LZCNT+MOVBE,AVX,SSE3+SSSE3+SSE4.1+SSE4.2+POPCNT,X86Base+SSE+SSE2,AES+PCLMUL,AvxVnni,SERIALIZE VectorSize=256
// Job: Jit(IterationCount=12, IterationTime=250ms, WarmupCount=16)

OverheadJitting  1: 4096 op, 105732.00 ns, 25.8135 ns/op
WorkloadJitting  1: 4096 op, 245706.00 ns, 59.9868 ns/op

OverheadJitting  2: 65536 op, 160598.00 ns, 2.4505 ns/op
WorkloadJitting  2: 65536 op, 1936819.00 ns, 29.5535 ns/op

WorkloadPilot    1: 65536 op, 1779439.00 ns, 27.1521 ns/op
WorkloadPilot    2: 9240576 op, 237765707.00 ns, 25.7306 ns/op
WorkloadPilot    3: 9764864 op, 253084601.00 ns, 25.9179 ns/op
WorkloadPilot    4: 9699328 op, 254459952.00 ns, 26.2348 ns/op
WorkloadPilot    5: 9568256 op, 266297398.00 ns, 27.8313 ns/op

OverheadWarmup   1: 9568256 op, 3786.00 ns, 0.0004 ns/op
OverheadWarmup   2: 9568256 op, 3344.00 ns, 0.0003 ns/op
OverheadWarmup   3: 9568256 op, 3251.00 ns, 0.0003 ns/op
OverheadWarmup   4: 9568256 op, 3186.00 ns, 0.0003 ns/op
OverheadWarmup   5: 9568256 op, 3226.00 ns, 0.0003 ns/op
OverheadWarmup   6: 9568256 op, 3251.00 ns, 0.0003 ns/op
OverheadWarmup   7: 9568256 op, 3242.00 ns, 0.0003 ns/op
OverheadWarmup   8: 9568256 op, 3277.00 ns, 0.0003 ns/op
OverheadWarmup   9: 9568256 op, 3268.00 ns, 0.0003 ns/op

OverheadActual   1: 9568256 op, 3838.00 ns, 0.0004 ns/op
OverheadActual   2: 9568256 op, 3528.00 ns, 0.0004 ns/op
OverheadActual   3: 9568256 op, 3435.00 ns, 0.0004 ns/op
OverheadActual   4: 9568256 op, 3339.00 ns, 0.0003 ns/op
OverheadActual   5: 9568256 op, 4016.00 ns, 0.0004 ns/op
OverheadActual   6: 9568256 op, 3233.00 ns, 0.0003 ns/op
OverheadActual   7: 9568256 op, 3196.00 ns, 0.0003 ns/op
OverheadActual   8: 9568256 op, 3670.00 ns, 0.0004 ns/op
OverheadActual   9: 9568256 op, 3196.00 ns, 0.0003 ns/op
OverheadActual  10: 9568256 op, 3192.00 ns, 0.0003 ns/op
OverheadActual  11: 9568256 op, 3200.00 ns, 0.0003 ns/op
OverheadActual  12: 9568256 op, 3211.00 ns, 0.0003 ns/op
OverheadActual  13: 9568256 op, 3244.00 ns, 0.0003 ns/op
OverheadActual  14: 9568256 op, 3185.00 ns, 0.0003 ns/op
OverheadActual  15: 9568256 op, 3180.00 ns, 0.0003 ns/op
OverheadActual  16: 9568256 op, 3207.00 ns, 0.0003 ns/op
OverheadActual  17: 9568256 op, 3197.00 ns, 0.0003 ns/op

WorkloadWarmup   1: 9568256 op, 247037141.00 ns, 25.8184 ns/op
WorkloadWarmup   2: 9568256 op, 247258223.00 ns, 25.8415 ns/op
WorkloadWarmup   3: 9568256 op, 246268860.00 ns, 25.7381 ns/op
WorkloadWarmup   4: 9568256 op, 246586304.00 ns, 25.7713 ns/op
WorkloadWarmup   5: 9568256 op, 246293840.00 ns, 25.7407 ns/op
WorkloadWarmup   6: 9568256 op, 246425469.00 ns, 25.7545 ns/op
WorkloadWarmup   7: 9568256 op, 244400425.00 ns, 25.5428 ns/op
WorkloadWarmup   8: 9568256 op, 212224436.00 ns, 22.1801 ns/op
WorkloadWarmup   9: 9568256 op, 101723627.00 ns, 10.6314 ns/op
WorkloadWarmup  10: 9568256 op, 105615568.00 ns, 11.0381 ns/op
WorkloadWarmup  11: 9568256 op, 102904026.00 ns, 10.7547 ns/op
WorkloadWarmup  12: 9568256 op, 99929051.00 ns, 10.4438 ns/op
WorkloadWarmup  13: 9568256 op, 101863140.00 ns, 10.6459 ns/op
WorkloadWarmup  14: 9568256 op, 99027648.00 ns, 10.3496 ns/op
WorkloadWarmup  15: 9568256 op, 100100029.00 ns, 10.4617 ns/op
WorkloadWarmup  16: 9568256 op, 99787383.00 ns, 10.4290 ns/op

// BeforeActualRun
WorkloadActual   1: 9568256 op, 99126187.00 ns, 10.3599 ns/op
WorkloadActual   2: 9568256 op, 100588581.00 ns, 10.5127 ns/op
WorkloadActual   3: 9568256 op, 99893650.00 ns, 10.4401 ns/op
WorkloadActual   4: 9568256 op, 99432974.00 ns, 10.3920 ns/op
WorkloadActual   5: 9568256 op, 99529175.00 ns, 10.4020 ns/op
WorkloadActual   6: 9568256 op, 99753891.00 ns, 10.4255 ns/op
WorkloadActual   7: 9568256 op, 100336233.00 ns, 10.4864 ns/op
WorkloadActual   8: 9568256 op, 99643387.00 ns, 10.4140 ns/op
WorkloadActual   9: 9568256 op, 100120845.00 ns, 10.4639 ns/op
WorkloadActual  10: 9568256 op, 99925340.00 ns, 10.4434 ns/op
WorkloadActual  11: 9568256 op, 100160604.00 ns, 10.4680 ns/op
WorkloadActual  12: 9568256 op, 121432125.00 ns, 12.6911 ns/op

// AfterActualRun
WorkloadResult   1: 9568256 op, 99122976.00 ns, 10.3596 ns/op
WorkloadResult   2: 9568256 op, 100585370.00 ns, 10.5124 ns/op
WorkloadResult   3: 9568256 op, 99890439.00 ns, 10.4398 ns/op
WorkloadResult   4: 9568256 op, 99429763.00 ns, 10.3916 ns/op
WorkloadResult   5: 9568256 op, 99525964.00 ns, 10.4017 ns/op
WorkloadResult   6: 9568256 op, 99750680.00 ns, 10.4252 ns/op
WorkloadResult   7: 9568256 op, 100333022.00 ns, 10.4860 ns/op
WorkloadResult   8: 9568256 op, 99640176.00 ns, 10.4136 ns/op
WorkloadResult   9: 9568256 op, 100117634.00 ns, 10.4635 ns/op
WorkloadResult  10: 9568256 op, 99922129.00 ns, 10.4431 ns/op
WorkloadResult  11: 9568256 op, 100157393.00 ns, 10.4677 ns/op
// GC:  0 0 0 0 9568256
// Threading:  0 0 9568256

// AfterAll
// Benchmark Process 2098440 has exited with code 0.

Mean = 10.437 ns, StdErr = 0.013 ns (0.13%), N = 11, StdDev = 0.044 ns
Min = 10.360 ns, Q1 = 10.408 ns, Median = 10.440 ns, Q3 = 10.466 ns, Max = 10.512 ns
IQR = 0.058 ns, LowerFence = 10.321 ns, UpperFence = 10.553 ns
ConfidenceInterval = [10.375 ns; 10.498 ns] (CI 99.9%), Margin = 0.061 ns (0.59% of Mean)
Skewness = -0.01, Kurtosis = 1.9, MValue = 2

// ** Remained 42 (84.0%) benchmark(s) to run. Estimated finish 2026-09-12 14:01 (0h 4m from now) **
// **************************
// Benchmark: DataAuthoredQueryBenchmarks.FacadeSelectOnly: Jit(IterationCount=12, IterationTime=250ms, WarmupCount=16) [Shape=OneTrack, Pattern=Alternating]
// *** Execute ***
// Launch: 1 / 1
// Execute: dotnet Alpha-Jit-1.dll --anonymousPipes 120 121 --benchmarkName "DataAuthoredQueryBenchmarks.FacadeSelectOnly(Shape: OneTrack, Pattern: Alternating)" --job Jit --benchmarkId 8 in /home/i/GitHub/tl-56-feat-data-authored-api/benchmarks/Alpha/bin/Release/net10.0/Alpha-Jit-1/bin/Release/net10.0
// Failed to set up high priority (Permission denied). In order to run benchmarks with high priority, make sure you have the right permissions.
// BeforeAnythingElse

// Benchmark Process Environment Information:
// BenchmarkDotNet v0.15.8
// Runtime=.NET 10.0.12 (10.0.12, 10.0.1226.42308), X64 RyuJIT x86-64-v3
// GC=Concurrent Workstation
// HardwareIntrinsics=AVX2+BMI1+BMI2+F16C+FMA+LZCNT+MOVBE,AVX,SSE3+SSSE3+SSE4.1+SSE4.2+POPCNT,X86Base+SSE+SSE2,AES+PCLMUL,AvxVnni,SERIALIZE VectorSize=256
// Job: Jit(IterationCount=12, IterationTime=250ms, WarmupCount=16)

OverheadJitting  1: 4096 op, 100006.00 ns, 24.4155 ns/op
WorkloadJitting  1: 4096 op, 189606.00 ns, 46.2905 ns/op

OverheadJitting  2: 65536 op, 124761.00 ns, 1.9037 ns/op
WorkloadJitting  2: 65536 op, 1106745.00 ns, 16.8876 ns/op

WorkloadPilot    1: 65536 op, 920644.00 ns, 14.0479 ns/op
WorkloadPilot    2: 17825792 op, 235292353.00 ns, 13.1995 ns/op
WorkloadPilot    3: 18939904 op, 247486098.00 ns, 13.0669 ns/op
WorkloadPilot    4: 19136512 op, 249217406.00 ns, 13.0231 ns/op
WorkloadPilot    5: 19202048 op, 257699225.00 ns, 13.4204 ns/op
WorkloadPilot    6: 18677760 op, 241485362.00 ns, 12.9290 ns/op
WorkloadPilot    7: 19398656 op, 250944774.00 ns, 12.9362 ns/op
WorkloadPilot    8: 19333120 op, 254672003.00 ns, 13.1728 ns/op

OverheadWarmup   1: 19333120 op, 7103.00 ns, 0.0004 ns/op
OverheadWarmup   2: 19333120 op, 6971.00 ns, 0.0004 ns/op
OverheadWarmup   3: 19333120 op, 6605.00 ns, 0.0003 ns/op
OverheadWarmup   4: 19333120 op, 6619.00 ns, 0.0003 ns/op
OverheadWarmup   5: 19333120 op, 9339.00 ns, 0.0005 ns/op
OverheadWarmup   6: 19333120 op, 7876.00 ns, 0.0004 ns/op
OverheadWarmup   7: 19333120 op, 7626.00 ns, 0.0004 ns/op
OverheadWarmup   8: 19333120 op, 7489.00 ns, 0.0004 ns/op
OverheadWarmup   9: 19333120 op, 7715.00 ns, 0.0004 ns/op
OverheadWarmup  10: 19333120 op, 7166.00 ns, 0.0004 ns/op

OverheadActual   1: 19333120 op, 6961.00 ns, 0.0004 ns/op
OverheadActual   2: 19333120 op, 7039.00 ns, 0.0004 ns/op
OverheadActual   3: 19333120 op, 6713.00 ns, 0.0003 ns/op
OverheadActual   4: 19333120 op, 6841.00 ns, 0.0004 ns/op
OverheadActual   5: 19333120 op, 7697.00 ns, 0.0004 ns/op
OverheadActual   6: 19333120 op, 7001.00 ns, 0.0004 ns/op
OverheadActual   7: 19333120 op, 7133.00 ns, 0.0004 ns/op
OverheadActual   8: 19333120 op, 7048.00 ns, 0.0004 ns/op
OverheadActual   9: 19333120 op, 6845.00 ns, 0.0004 ns/op
OverheadActual  10: 19333120 op, 7242.00 ns, 0.0004 ns/op
OverheadActual  11: 19333120 op, 6583.00 ns, 0.0003 ns/op
OverheadActual  12: 19333120 op, 6420.00 ns, 0.0003 ns/op
OverheadActual  13: 19333120 op, 6440.00 ns, 0.0003 ns/op
OverheadActual  14: 19333120 op, 6428.00 ns, 0.0003 ns/op
OverheadActual  15: 19333120 op, 6491.00 ns, 0.0003 ns/op
OverheadActual  16: 19333120 op, 6413.00 ns, 0.0003 ns/op
OverheadActual  17: 19333120 op, 6422.00 ns, 0.0003 ns/op
OverheadActual  18: 19333120 op, 6633.00 ns, 0.0003 ns/op

WorkloadWarmup   1: 19333120 op, 252377049.00 ns, 13.0541 ns/op
WorkloadWarmup   2: 19333120 op, 251027887.00 ns, 12.9843 ns/op
WorkloadWarmup   3: 19333120 op, 249719873.00 ns, 12.9167 ns/op
WorkloadWarmup   4: 19333120 op, 249803047.00 ns, 12.9210 ns/op
WorkloadWarmup   5: 19333120 op, 226437416.00 ns, 11.7124 ns/op
WorkloadWarmup   6: 19333120 op, 156142050.00 ns, 8.0764 ns/op
WorkloadWarmup   7: 19333120 op, 152614223.00 ns, 7.8939 ns/op
WorkloadWarmup   8: 19333120 op, 152666768.00 ns, 7.8966 ns/op
WorkloadWarmup   9: 19333120 op, 154391538.00 ns, 7.9859 ns/op
WorkloadWarmup  10: 19333120 op, 155432065.00 ns, 8.0397 ns/op
WorkloadWarmup  11: 19333120 op, 155827406.00 ns, 8.0601 ns/op
WorkloadWarmup  12: 19333120 op, 164449724.00 ns, 8.5061 ns/op
WorkloadWarmup  13: 19333120 op, 159848739.00 ns, 8.2681 ns/op
WorkloadWarmup  14: 19333120 op, 155987760.00 ns, 8.0684 ns/op
WorkloadWarmup  15: 19333120 op, 158965704.00 ns, 8.2225 ns/op
WorkloadWarmup  16: 19333120 op, 159547314.00 ns, 8.2525 ns/op

// BeforeActualRun
WorkloadActual   1: 19333120 op, 156529343.00 ns, 8.0964 ns/op
WorkloadActual   2: 19333120 op, 156632563.00 ns, 8.1018 ns/op
WorkloadActual   3: 19333120 op, 156018240.00 ns, 8.0700 ns/op
WorkloadActual   4: 19333120 op, 157677469.00 ns, 8.1558 ns/op
WorkloadActual   5: 19333120 op, 161075633.00 ns, 8.3316 ns/op
WorkloadActual   6: 19333120 op, 161788864.00 ns, 8.3685 ns/op
WorkloadActual   7: 19333120 op, 162201429.00 ns, 8.3898 ns/op
WorkloadActual   8: 19333120 op, 161518194.00 ns, 8.3545 ns/op
WorkloadActual   9: 19333120 op, 160848919.00 ns, 8.3199 ns/op
WorkloadActual  10: 19333120 op, 183364749.00 ns, 9.4845 ns/op
WorkloadActual  11: 19333120 op, 157482562.00 ns, 8.1457 ns/op
WorkloadActual  12: 19333120 op, 156854266.00 ns, 8.1132 ns/op

// AfterActualRun
WorkloadResult   1: 19333120 op, 156522566.00 ns, 8.0961 ns/op
WorkloadResult   2: 19333120 op, 156625786.00 ns, 8.1014 ns/op
WorkloadResult   3: 19333120 op, 156011463.00 ns, 8.0696 ns/op
WorkloadResult   4: 19333120 op, 157670692.00 ns, 8.1555 ns/op
WorkloadResult   5: 19333120 op, 161068856.00 ns, 8.3312 ns/op
WorkloadResult   6: 19333120 op, 161782087.00 ns, 8.3681 ns/op
WorkloadResult   7: 19333120 op, 162194652.00 ns, 8.3895 ns/op
WorkloadResult   8: 19333120 op, 161511417.00 ns, 8.3541 ns/op
WorkloadResult   9: 19333120 op, 160842142.00 ns, 8.3195 ns/op
WorkloadResult  10: 19333120 op, 157475785.00 ns, 8.1454 ns/op
WorkloadResult  11: 19333120 op, 156847489.00 ns, 8.1129 ns/op
// GC:  0 0 0 0 19333120
// Threading:  0 0 19333120

// AfterAll
// Benchmark Process 2103721 has exited with code 0.

Mean = 8.222 ns, StdErr = 0.039 ns (0.47%), N = 11, StdDev = 0.128 ns
Min = 8.070 ns, Q1 = 8.107 ns, Median = 8.155 ns, Q3 = 8.343 ns, Max = 8.389 ns
IQR = 0.236 ns, LowerFence = 7.754 ns, UpperFence = 8.696 ns
ConfidenceInterval = [8.045 ns; 8.399 ns] (CI 99.9%), Margin = 0.177 ns (2.15% of Mean)
Skewness = 0.13, Kurtosis = 1, MValue = 2

// ** Remained 41 (82.0%) benchmark(s) to run. Estimated finish 2026-09-12 14:01 (0h 4m from now) **
// **************************
// Benchmark: DataAuthoredQueryBenchmarks.FacadeNoDispatch: Jit(IterationCount=12, IterationTime=250ms, WarmupCount=16) [Shape=OneTrack, Pattern=Alternating]
// *** Execute ***
// Launch: 1 / 1
// Execute: dotnet Alpha-Jit-1.dll --anonymousPipes 120 121 --benchmarkName "DataAuthoredQueryBenchmarks.FacadeNoDispatch(Shape: OneTrack, Pattern: Alternating)" --job Jit --benchmarkId 9 in /home/i/GitHub/tl-56-feat-data-authored-api/benchmarks/Alpha/bin/Release/net10.0/Alpha-Jit-1/bin/Release/net10.0
// Failed to set up high priority (Permission denied). In order to run benchmarks with high priority, make sure you have the right permissions.
// BeforeAnythingElse

// Benchmark Process Environment Information:
// BenchmarkDotNet v0.15.8
// Runtime=.NET 10.0.12 (10.0.12, 10.0.1226.42308), X64 RyuJIT x86-64-v3
// GC=Concurrent Workstation
// HardwareIntrinsics=AVX2+BMI1+BMI2+F16C+FMA+LZCNT+MOVBE,AVX,SSE3+SSSE3+SSE4.1+SSE4.2+POPCNT,X86Base+SSE+SSE2,AES+PCLMUL,AvxVnni,SERIALIZE VectorSize=256
// Job: Jit(IterationCount=12, IterationTime=250ms, WarmupCount=16)

OverheadJitting  1: 4096 op, 101441.00 ns, 24.7659 ns/op
WorkloadJitting  1: 4096 op, 194248.00 ns, 47.4238 ns/op

OverheadJitting  2: 65536 op, 119351.00 ns, 1.8212 ns/op
WorkloadJitting  2: 65536 op, 1315755.00 ns, 20.0768 ns/op

WorkloadPilot    1: 65536 op, 970800.00 ns, 14.8132 ns/op
WorkloadPilot    2: 16908288 op, 237560441.00 ns, 14.0499 ns/op
WorkloadPilot    3: 17825792 op, 252847318.00 ns, 14.1844 ns/op
WorkloadPilot    4: 17629184 op, 251180834.00 ns, 14.2480 ns/op
WorkloadPilot    5: 17563648 op, 243778073.00 ns, 13.8797 ns/op
WorkloadPilot    6: 18022400 op, 253988449.00 ns, 14.0929 ns/op

OverheadWarmup   1: 18022400 op, 6770.00 ns, 0.0004 ns/op
OverheadWarmup   2: 18022400 op, 6414.00 ns, 0.0004 ns/op
OverheadWarmup   3: 18022400 op, 6105.00 ns, 0.0003 ns/op
OverheadWarmup   4: 18022400 op, 6083.00 ns, 0.0003 ns/op
OverheadWarmup   5: 18022400 op, 6154.00 ns, 0.0003 ns/op
OverheadWarmup   6: 18022400 op, 7228.00 ns, 0.0004 ns/op
OverheadWarmup   7: 18022400 op, 6249.00 ns, 0.0003 ns/op
OverheadWarmup   8: 18022400 op, 6126.00 ns, 0.0003 ns/op
OverheadWarmup   9: 18022400 op, 6133.00 ns, 0.0003 ns/op
OverheadWarmup  10: 18022400 op, 6125.00 ns, 0.0003 ns/op

OverheadActual   1: 18022400 op, 6263.00 ns, 0.0003 ns/op
OverheadActual   2: 18022400 op, 6487.00 ns, 0.0004 ns/op
OverheadActual   3: 18022400 op, 6846.00 ns, 0.0004 ns/op
OverheadActual   4: 18022400 op, 6543.00 ns, 0.0004 ns/op
OverheadActual   5: 18022400 op, 6311.00 ns, 0.0004 ns/op
OverheadActual   6: 18022400 op, 6049.00 ns, 0.0003 ns/op
OverheadActual   7: 18022400 op, 6020.00 ns, 0.0003 ns/op
OverheadActual   8: 18022400 op, 6033.00 ns, 0.0003 ns/op
OverheadActual   9: 18022400 op, 5973.00 ns, 0.0003 ns/op
OverheadActual  10: 18022400 op, 5985.00 ns, 0.0003 ns/op
OverheadActual  11: 18022400 op, 5980.00 ns, 0.0003 ns/op
OverheadActual  12: 18022400 op, 5986.00 ns, 0.0003 ns/op
OverheadActual  13: 18022400 op, 6001.00 ns, 0.0003 ns/op
OverheadActual  14: 18022400 op, 5985.00 ns, 0.0003 ns/op
OverheadActual  15: 18022400 op, 6018.00 ns, 0.0003 ns/op

WorkloadWarmup   1: 18022400 op, 254451211.00 ns, 14.1186 ns/op
WorkloadWarmup   2: 18022400 op, 254554824.00 ns, 14.1244 ns/op
WorkloadWarmup   3: 18022400 op, 255218543.00 ns, 14.1612 ns/op
WorkloadWarmup   4: 18022400 op, 251707465.00 ns, 13.9664 ns/op
WorkloadWarmup   5: 18022400 op, 250701428.00 ns, 13.9105 ns/op
WorkloadWarmup   6: 18022400 op, 251392099.00 ns, 13.9489 ns/op
WorkloadWarmup   7: 18022400 op, 214869392.00 ns, 11.9224 ns/op
WorkloadWarmup   8: 18022400 op, 160602884.00 ns, 8.9113 ns/op
WorkloadWarmup   9: 18022400 op, 160788582.00 ns, 8.9216 ns/op
WorkloadWarmup  10: 18022400 op, 167129552.00 ns, 9.2734 ns/op
WorkloadWarmup  11: 18022400 op, 162936042.00 ns, 9.0408 ns/op
WorkloadWarmup  12: 18022400 op, 162984047.00 ns, 9.0434 ns/op
WorkloadWarmup  13: 18022400 op, 168864590.00 ns, 9.3697 ns/op
WorkloadWarmup  14: 18022400 op, 162094935.00 ns, 8.9941 ns/op
WorkloadWarmup  15: 18022400 op, 164628050.00 ns, 9.1346 ns/op
WorkloadWarmup  16: 18022400 op, 159840401.00 ns, 8.8690 ns/op

// BeforeActualRun
WorkloadActual   1: 18022400 op, 160481669.00 ns, 8.9046 ns/op
WorkloadActual   2: 18022400 op, 159523336.00 ns, 8.8514 ns/op
WorkloadActual   3: 18022400 op, 161180712.00 ns, 8.9434 ns/op
WorkloadActual   4: 18022400 op, 160155451.00 ns, 8.8865 ns/op
WorkloadActual   5: 18022400 op, 158421763.00 ns, 8.7903 ns/op
WorkloadActual   6: 18022400 op, 159746125.00 ns, 8.8638 ns/op
WorkloadActual   7: 18022400 op, 160781229.00 ns, 8.9212 ns/op
WorkloadActual   8: 18022400 op, 160125776.00 ns, 8.8848 ns/op
WorkloadActual   9: 18022400 op, 159467309.00 ns, 8.8483 ns/op
WorkloadActual  10: 18022400 op, 159420535.00 ns, 8.8457 ns/op
WorkloadActual  11: 18022400 op, 159893172.00 ns, 8.8719 ns/op
WorkloadActual  12: 18022400 op, 183690905.00 ns, 10.1924 ns/op

// AfterActualRun
WorkloadResult   1: 18022400 op, 160475649.00 ns, 8.9042 ns/op
WorkloadResult   2: 18022400 op, 159517316.00 ns, 8.8511 ns/op
WorkloadResult   3: 18022400 op, 161174692.00 ns, 8.9430 ns/op
WorkloadResult   4: 18022400 op, 160149431.00 ns, 8.8861 ns/op
WorkloadResult   5: 18022400 op, 158415743.00 ns, 8.7899 ns/op
WorkloadResult   6: 18022400 op, 159740105.00 ns, 8.8634 ns/op
WorkloadResult   7: 18022400 op, 160775209.00 ns, 8.9209 ns/op
WorkloadResult   8: 18022400 op, 160119756.00 ns, 8.8845 ns/op
WorkloadResult   9: 18022400 op, 159461289.00 ns, 8.8479 ns/op
WorkloadResult  10: 18022400 op, 159414515.00 ns, 8.8454 ns/op
WorkloadResult  11: 18022400 op, 159887152.00 ns, 8.8716 ns/op
// GC:  0 0 0 0 18022400
// Threading:  0 0 18022400

// AfterAll
// Benchmark Process 2110790 has exited with code 0.

Mean = 8.873 ns, StdErr = 0.013 ns (0.14%), N = 11, StdDev = 0.042 ns
Min = 8.790 ns, Q1 = 8.850 ns, Median = 8.872 ns, Q3 = 8.895 ns, Max = 8.943 ns
IQR = 0.046 ns, LowerFence = 8.781 ns, UpperFence = 8.964 ns
ConfidenceInterval = [8.816 ns; 8.931 ns] (CI 99.9%), Margin = 0.058 ns (0.65% of Mean)
Skewness = -0.2, Kurtosis = 2.4, MValue = 2

// ** Remained 40 (80.0%) benchmark(s) to run. Estimated finish 2026-09-12 14:01 (0h 3m from now) **
// **************************
// Benchmark: DataAuthoredQueryBenchmarks.DirectShape: Jit(IterationCount=12, IterationTime=250ms, WarmupCount=16) [Shape=ThreeTracks, Pattern=Forward]
// *** Execute ***
// Launch: 1 / 1
// Execute: dotnet Alpha-Jit-1.dll --anonymousPipes 120 121 --benchmarkName "DataAuthoredQueryBenchmarks.DirectShape(Shape: ThreeTracks, Pattern: Forward)" --job Jit --benchmarkId 10 in /home/i/GitHub/tl-56-feat-data-authored-api/benchmarks/Alpha/bin/Release/net10.0/Alpha-Jit-1/bin/Release/net10.0
// Failed to set up high priority (Permission denied). In order to run benchmarks with high priority, make sure you have the right permissions.
// BeforeAnythingElse

// Benchmark Process Environment Information:
// BenchmarkDotNet v0.15.8
// Runtime=.NET 10.0.12 (10.0.12, 10.0.1226.42308), X64 RyuJIT x86-64-v3
// GC=Concurrent Workstation
// HardwareIntrinsics=AVX2+BMI1+BMI2+F16C+FMA+LZCNT+MOVBE,AVX,SSE3+SSSE3+SSE4.1+SSE4.2+POPCNT,X86Base+SSE+SSE2,AES+PCLMUL,AvxVnni,SERIALIZE VectorSize=256
// Job: Jit(IterationCount=12, IterationTime=250ms, WarmupCount=16)

OverheadJitting  1: 4096 op, 108867.00 ns, 26.5789 ns/op
WorkloadJitting  1: 4096 op, 1267403.00 ns, 309.4246 ns/op

OverheadJitting  2: 65536 op, 424805.00 ns, 6.4820 ns/op
WorkloadJitting  2: 65536 op, 496956.00 ns, 7.5829 ns/op

WorkloadPilot    1: 65536 op, 295223.00 ns, 4.5047 ns/op
WorkloadPilot    2: 55508992 op, 216739684.00 ns, 3.9046 ns/op
WorkloadPilot    3: 64028672 op, 248091077.00 ns, 3.8747 ns/op
WorkloadPilot    4: 64552960 op, 252135164.00 ns, 3.9059 ns/op
WorkloadPilot    5: 64028672 op, 249526642.00 ns, 3.8971 ns/op
WorkloadPilot    6: 64159744 op, 249970595.00 ns, 3.8961 ns/op
WorkloadPilot    7: 64225280 op, 250045872.00 ns, 3.8933 ns/op

OverheadWarmup   1: 64225280 op, 21853.00 ns, 0.0003 ns/op
OverheadWarmup   2: 64225280 op, 22019.00 ns, 0.0003 ns/op
OverheadWarmup   3: 64225280 op, 21415.00 ns, 0.0003 ns/op
OverheadWarmup   4: 64225280 op, 21788.00 ns, 0.0003 ns/op
OverheadWarmup   5: 64225280 op, 21717.00 ns, 0.0003 ns/op

OverheadActual   1: 64225280 op, 21900.00 ns, 0.0003 ns/op
OverheadActual   2: 64225280 op, 21475.00 ns, 0.0003 ns/op
OverheadActual   3: 64225280 op, 25224.00 ns, 0.0004 ns/op
OverheadActual   4: 64225280 op, 21342.00 ns, 0.0003 ns/op
OverheadActual   5: 64225280 op, 22840.00 ns, 0.0004 ns/op
OverheadActual   6: 64225280 op, 22659.00 ns, 0.0004 ns/op
OverheadActual   7: 64225280 op, 23730.00 ns, 0.0004 ns/op
OverheadActual   8: 64225280 op, 22694.00 ns, 0.0004 ns/op
OverheadActual   9: 64225280 op, 23164.00 ns, 0.0004 ns/op
OverheadActual  10: 64225280 op, 24366.00 ns, 0.0004 ns/op
OverheadActual  11: 64225280 op, 21395.00 ns, 0.0003 ns/op
OverheadActual  12: 64225280 op, 21297.00 ns, 0.0003 ns/op
OverheadActual  13: 64225280 op, 21695.00 ns, 0.0003 ns/op
OverheadActual  14: 64225280 op, 21449.00 ns, 0.0003 ns/op
OverheadActual  15: 64225280 op, 21361.00 ns, 0.0003 ns/op
OverheadActual  16: 64225280 op, 21320.00 ns, 0.0003 ns/op
OverheadActual  17: 64225280 op, 21324.00 ns, 0.0003 ns/op

WorkloadWarmup   1: 64225280 op, 251417140.00 ns, 3.9146 ns/op
WorkloadWarmup   2: 64225280 op, 276379763.00 ns, 4.3033 ns/op
WorkloadWarmup   3: 64225280 op, 250082488.00 ns, 3.8938 ns/op
WorkloadWarmup   4: 64225280 op, 251350031.00 ns, 3.9136 ns/op
WorkloadWarmup   5: 64225280 op, 251462726.00 ns, 3.9153 ns/op
WorkloadWarmup   6: 64225280 op, 221678001.00 ns, 3.4516 ns/op
WorkloadWarmup   7: 64225280 op, 146321646.00 ns, 2.2783 ns/op
WorkloadWarmup   8: 64225280 op, 147760977.00 ns, 2.3007 ns/op
WorkloadWarmup   9: 64225280 op, 147204121.00 ns, 2.2920 ns/op
WorkloadWarmup  10: 64225280 op, 147621051.00 ns, 2.2985 ns/op
WorkloadWarmup  11: 64225280 op, 148110203.00 ns, 2.3061 ns/op
WorkloadWarmup  12: 64225280 op, 145993228.00 ns, 2.2731 ns/op
WorkloadWarmup  13: 64225280 op, 147449651.00 ns, 2.2958 ns/op
WorkloadWarmup  14: 64225280 op, 150411952.00 ns, 2.3419 ns/op
WorkloadWarmup  15: 64225280 op, 147306738.00 ns, 2.2936 ns/op
WorkloadWarmup  16: 64225280 op, 146697755.00 ns, 2.2841 ns/op

// BeforeActualRun
WorkloadActual   1: 64225280 op, 148038251.00 ns, 2.3050 ns/op
WorkloadActual   2: 64225280 op, 147905794.00 ns, 2.3029 ns/op
WorkloadActual   3: 64225280 op, 146508912.00 ns, 2.2812 ns/op
WorkloadActual   4: 64225280 op, 144502991.00 ns, 2.2499 ns/op
WorkloadActual   5: 64225280 op, 147520184.00 ns, 2.2969 ns/op
WorkloadActual   6: 64225280 op, 142717068.00 ns, 2.2221 ns/op
WorkloadActual   7: 64225280 op, 147575508.00 ns, 2.2978 ns/op
WorkloadActual   8: 64225280 op, 146056919.00 ns, 2.2741 ns/op
WorkloadActual   9: 64225280 op, 148668575.00 ns, 2.3148 ns/op
WorkloadActual  10: 64225280 op, 147650013.00 ns, 2.2989 ns/op
WorkloadActual  11: 64225280 op, 169050694.00 ns, 2.6322 ns/op
WorkloadActual  12: 64225280 op, 146915432.00 ns, 2.2875 ns/op

// AfterActualRun
WorkloadResult   1: 64225280 op, 148016556.00 ns, 2.3046 ns/op
WorkloadResult   2: 64225280 op, 147884099.00 ns, 2.3026 ns/op
WorkloadResult   3: 64225280 op, 146487217.00 ns, 2.2808 ns/op
WorkloadResult   4: 64225280 op, 144481296.00 ns, 2.2496 ns/op
WorkloadResult   5: 64225280 op, 147498489.00 ns, 2.2966 ns/op
WorkloadResult   6: 64225280 op, 142695373.00 ns, 2.2218 ns/op
WorkloadResult   7: 64225280 op, 147553813.00 ns, 2.2974 ns/op
WorkloadResult   8: 64225280 op, 146035224.00 ns, 2.2738 ns/op
WorkloadResult   9: 64225280 op, 148646880.00 ns, 2.3145 ns/op
WorkloadResult  10: 64225280 op, 147628318.00 ns, 2.2986 ns/op
WorkloadResult  11: 64225280 op, 146893737.00 ns, 2.2872 ns/op
// GC:  0 0 0 0 64225280
// Threading:  0 0 64225280

// AfterAll
// Benchmark Process 2117738 has exited with code 0.

Mean = 2.284 ns, StdErr = 0.008 ns (0.36%), N = 11, StdDev = 0.027 ns
Min = 2.222 ns, Q1 = 2.277 ns, Median = 2.297 ns, Q3 = 2.301 ns, Max = 2.314 ns
IQR = 0.023 ns, LowerFence = 2.242 ns, UpperFence = 2.336 ns
ConfidenceInterval = [2.247 ns; 2.322 ns] (CI 99.9%), Margin = 0.038 ns (1.65% of Mean)
Skewness = -1.07, Kurtosis = 2.96, MValue = 2

// ** Remained 39 (78.0%) benchmark(s) to run. Estimated finish 2026-09-12 14:01 (0h 3m from now) **
// **************************
// Benchmark: DataAuthoredQueryBenchmarks.GeneratedShape: Jit(IterationCount=12, IterationTime=250ms, WarmupCount=16) [Shape=ThreeTracks, Pattern=Forward]
// *** Execute ***
// Launch: 1 / 1
// Execute: dotnet Alpha-Jit-1.dll --anonymousPipes 120 121 --benchmarkName "DataAuthoredQueryBenchmarks.GeneratedShape(Shape: ThreeTracks, Pattern: Forward)" --job Jit --benchmarkId 11 in /home/i/GitHub/tl-56-feat-data-authored-api/benchmarks/Alpha/bin/Release/net10.0/Alpha-Jit-1/bin/Release/net10.0
// Failed to set up high priority (Permission denied). In order to run benchmarks with high priority, make sure you have the right permissions.
// BeforeAnythingElse

// Benchmark Process Environment Information:
// BenchmarkDotNet v0.15.8
// Runtime=.NET 10.0.12 (10.0.12, 10.0.1226.42308), X64 RyuJIT x86-64-v3
// GC=Concurrent Workstation
// HardwareIntrinsics=AVX2+BMI1+BMI2+F16C+FMA+LZCNT+MOVBE,AVX,SSE3+SSSE3+SSE4.1+SSE4.2+POPCNT,X86Base+SSE+SSE2,AES+PCLMUL,AvxVnni,SERIALIZE VectorSize=256
// Job: Jit(IterationCount=12, IterationTime=250ms, WarmupCount=16)

OverheadJitting  1: 4096 op, 106032.00 ns, 25.8867 ns/op
WorkloadJitting  1: 4096 op, 352340.00 ns, 86.0205 ns/op

OverheadJitting  2: 65536 op, 130705.00 ns, 1.9944 ns/op
WorkloadJitting  2: 65536 op, 2039365.00 ns, 31.1182 ns/op

WorkloadPilot    1: 65536 op, 1079319.00 ns, 16.4691 ns/op
WorkloadPilot    2: 15204352 op, 256633052.00 ns, 16.8789 ns/op
WorkloadPilot    3: 14811136 op, 246808667.00 ns, 16.6637 ns/op
WorkloadPilot    4: 15007744 op, 245237360.00 ns, 16.3407 ns/op
WorkloadPilot    5: 15335424 op, 248814525.00 ns, 16.2248 ns/op
WorkloadPilot    6: 15466496 op, 249913396.00 ns, 16.1584 ns/op
WorkloadPilot    7: 15532032 op, 253790685.00 ns, 16.3398 ns/op
WorkloadPilot    8: 15335424 op, 250931371.00 ns, 16.3629 ns/op

OverheadWarmup   1: 15335424 op, 5634.00 ns, 0.0004 ns/op
OverheadWarmup   2: 15335424 op, 5290.00 ns, 0.0003 ns/op
OverheadWarmup   3: 15335424 op, 5175.00 ns, 0.0003 ns/op
OverheadWarmup   4: 15335424 op, 5156.00 ns, 0.0003 ns/op
OverheadWarmup   5: 15335424 op, 5155.00 ns, 0.0003 ns/op
OverheadWarmup   6: 15335424 op, 5142.00 ns, 0.0003 ns/op
OverheadWarmup   7: 15335424 op, 5141.00 ns, 0.0003 ns/op
OverheadWarmup   8: 15335424 op, 5237.00 ns, 0.0003 ns/op
OverheadWarmup   9: 15335424 op, 5163.00 ns, 0.0003 ns/op
OverheadWarmup  10: 15335424 op, 5148.00 ns, 0.0003 ns/op

OverheadActual   1: 15335424 op, 5453.00 ns, 0.0004 ns/op
OverheadActual   2: 15335424 op, 5584.00 ns, 0.0004 ns/op
OverheadActual   3: 15335424 op, 9567.00 ns, 0.0006 ns/op
OverheadActual   4: 15335424 op, 5365.00 ns, 0.0003 ns/op
OverheadActual   5: 15335424 op, 6136.00 ns, 0.0004 ns/op
OverheadActual   6: 15335424 op, 6141.00 ns, 0.0004 ns/op
OverheadActual   7: 15335424 op, 5166.00 ns, 0.0003 ns/op
OverheadActual   8: 15335424 op, 5150.00 ns, 0.0003 ns/op
OverheadActual   9: 15335424 op, 5135.00 ns, 0.0003 ns/op
OverheadActual  10: 15335424 op, 5133.00 ns, 0.0003 ns/op
OverheadActual  11: 15335424 op, 5132.00 ns, 0.0003 ns/op
OverheadActual  12: 15335424 op, 5130.00 ns, 0.0003 ns/op
OverheadActual  13: 15335424 op, 5168.00 ns, 0.0003 ns/op
OverheadActual  14: 15335424 op, 5142.00 ns, 0.0003 ns/op
OverheadActual  15: 15335424 op, 5165.00 ns, 0.0003 ns/op

WorkloadWarmup   1: 15335424 op, 252292809.00 ns, 16.4516 ns/op
WorkloadWarmup   2: 15335424 op, 249371107.00 ns, 16.2611 ns/op
WorkloadWarmup   3: 15335424 op, 252895396.00 ns, 16.4909 ns/op
WorkloadWarmup   4: 15335424 op, 251705512.00 ns, 16.4133 ns/op
WorkloadWarmup   5: 15335424 op, 177493005.00 ns, 11.5741 ns/op
WorkloadWarmup   6: 15335424 op, 56987565.00 ns, 3.7161 ns/op
WorkloadWarmup   7: 15335424 op, 58972842.00 ns, 3.8455 ns/op
WorkloadWarmup   8: 15335424 op, 57160014.00 ns, 3.7273 ns/op
WorkloadWarmup   9: 15335424 op, 58897994.00 ns, 3.8406 ns/op
WorkloadWarmup  10: 15335424 op, 58362493.00 ns, 3.8057 ns/op
WorkloadWarmup  11: 15335424 op, 58394561.00 ns, 3.8078 ns/op
WorkloadWarmup  12: 15335424 op, 56772431.00 ns, 3.7020 ns/op
WorkloadWarmup  13: 15335424 op, 60488148.00 ns, 3.9443 ns/op
WorkloadWarmup  14: 15335424 op, 56891408.00 ns, 3.7098 ns/op
WorkloadWarmup  15: 15335424 op, 56467394.00 ns, 3.6822 ns/op
WorkloadWarmup  16: 15335424 op, 58098727.00 ns, 3.7885 ns/op

// BeforeActualRun
WorkloadActual   1: 15335424 op, 57284722.00 ns, 3.7355 ns/op
WorkloadActual   2: 15335424 op, 56624138.00 ns, 3.6924 ns/op
WorkloadActual   3: 15335424 op, 58045592.00 ns, 3.7851 ns/op
WorkloadActual   4: 15335424 op, 56891573.00 ns, 3.7098 ns/op
WorkloadActual   5: 15335424 op, 58418359.00 ns, 3.8094 ns/op
WorkloadActual   6: 15335424 op, 56981498.00 ns, 3.7157 ns/op
WorkloadActual   7: 15335424 op, 57684723.00 ns, 3.7615 ns/op
WorkloadActual   8: 15335424 op, 57732207.00 ns, 3.7646 ns/op
WorkloadActual   9: 15335424 op, 57188091.00 ns, 3.7291 ns/op
WorkloadActual  10: 15335424 op, 57611093.00 ns, 3.7567 ns/op
WorkloadActual  11: 15335424 op, 58106767.00 ns, 3.7891 ns/op
WorkloadActual  12: 15335424 op, 56737145.00 ns, 3.6997 ns/op

// AfterActualRun
WorkloadResult   1: 15335424 op, 57279556.00 ns, 3.7351 ns/op
WorkloadResult   2: 15335424 op, 56618972.00 ns, 3.6920 ns/op
WorkloadResult   3: 15335424 op, 58040426.00 ns, 3.7847 ns/op
WorkloadResult   4: 15335424 op, 56886407.00 ns, 3.7095 ns/op
WorkloadResult   5: 15335424 op, 58413193.00 ns, 3.8090 ns/op
WorkloadResult   6: 15335424 op, 56976332.00 ns, 3.7153 ns/op
WorkloadResult   7: 15335424 op, 57679557.00 ns, 3.7612 ns/op
WorkloadResult   8: 15335424 op, 57727041.00 ns, 3.7643 ns/op
WorkloadResult   9: 15335424 op, 57182925.00 ns, 3.7288 ns/op
WorkloadResult  10: 15335424 op, 57605927.00 ns, 3.7564 ns/op
WorkloadResult  11: 15335424 op, 58101601.00 ns, 3.7887 ns/op
WorkloadResult  12: 15335424 op, 56731979.00 ns, 3.6994 ns/op
// GC:  0 0 0 0 15335424
// Threading:  0 0 15335424

// AfterAll
// Benchmark Process 2124448 has exited with code 0.

Mean = 3.745 ns, StdErr = 0.011 ns (0.29%), N = 12, StdDev = 0.038 ns
Min = 3.692 ns, Q1 = 3.714 ns, Median = 3.746 ns, Q3 = 3.769 ns, Max = 3.809 ns
IQR = 0.056 ns, LowerFence = 3.631 ns, UpperFence = 3.853 ns
ConfidenceInterval = [3.697 ns; 3.794 ns] (CI 99.9%), Margin = 0.048 ns (1.29% of Mean)
Skewness = 0.13, Kurtosis = 1.53, MValue = 2

// ** Remained 38 (76.0%) benchmark(s) to run. Estimated finish 2026-09-12 14:01 (0h 3m from now) **
// **************************
// Benchmark: DataAuthoredQueryBenchmarks.DataAuthoredFacade: Jit(IterationCount=12, IterationTime=250ms, WarmupCount=16) [Shape=ThreeTracks, Pattern=Forward]
// *** Execute ***
// Launch: 1 / 1
// Execute: dotnet Alpha-Jit-1.dll --anonymousPipes 120 121 --benchmarkName "DataAuthoredQueryBenchmarks.DataAuthoredFacade(Shape: ThreeTracks, Pattern: Forward)" --job Jit --benchmarkId 12 in /home/i/GitHub/tl-56-feat-data-authored-api/benchmarks/Alpha/bin/Release/net10.0/Alpha-Jit-1/bin/Release/net10.0
// Failed to set up high priority (Permission denied). In order to run benchmarks with high priority, make sure you have the right permissions.
// BeforeAnythingElse

// Benchmark Process Environment Information:
// BenchmarkDotNet v0.15.8
// Runtime=.NET 10.0.12 (10.0.12, 10.0.1226.42308), X64 RyuJIT x86-64-v3
// GC=Concurrent Workstation
// HardwareIntrinsics=AVX2+BMI1+BMI2+F16C+FMA+LZCNT+MOVBE,AVX,SSE3+SSSE3+SSE4.1+SSE4.2+POPCNT,X86Base+SSE+SSE2,AES+PCLMUL,AvxVnni,SERIALIZE VectorSize=256
// Job: Jit(IterationCount=12, IterationTime=250ms, WarmupCount=16)

OverheadJitting  1: 4096 op, 122334.00 ns, 29.8667 ns/op
WorkloadJitting  1: 4096 op, 490496.00 ns, 119.7500 ns/op

OverheadJitting  2: 65536 op, 183712.00 ns, 2.8032 ns/op
WorkloadJitting  2: 65536 op, 4377544.00 ns, 66.7960 ns/op

WorkloadPilot    1: 65536 op, 4922308.00 ns, 75.1085 ns/op
WorkloadPilot    2: 3342336 op, 197612685.00 ns, 59.1241 ns/op
WorkloadPilot    3: 4259840 op, 252724170.00 ns, 59.3272 ns/op

OverheadWarmup   1: 4259840 op, 2122.00 ns, 0.0005 ns/op
OverheadWarmup   2: 4259840 op, 1604.00 ns, 0.0004 ns/op
OverheadWarmup   3: 4259840 op, 1524.00 ns, 0.0004 ns/op
OverheadWarmup   4: 4259840 op, 1518.00 ns, 0.0004 ns/op
OverheadWarmup   5: 4259840 op, 1558.00 ns, 0.0004 ns/op
OverheadWarmup   6: 4259840 op, 1554.00 ns, 0.0004 ns/op
OverheadWarmup   7: 4259840 op, 1540.00 ns, 0.0004 ns/op
OverheadWarmup   8: 4259840 op, 1542.00 ns, 0.0004 ns/op
OverheadWarmup   9: 4259840 op, 1550.00 ns, 0.0004 ns/op
OverheadWarmup  10: 4259840 op, 1556.00 ns, 0.0004 ns/op

OverheadActual   1: 4259840 op, 1895.00 ns, 0.0004 ns/op
OverheadActual   2: 4259840 op, 1739.00 ns, 0.0004 ns/op
OverheadActual   3: 4259840 op, 2381.00 ns, 0.0006 ns/op
OverheadActual   4: 4259840 op, 2033.00 ns, 0.0005 ns/op
OverheadActual   5: 4259840 op, 2027.00 ns, 0.0005 ns/op
OverheadActual   6: 4259840 op, 1499.00 ns, 0.0004 ns/op
OverheadActual   7: 4259840 op, 1487.00 ns, 0.0003 ns/op
OverheadActual   8: 4259840 op, 1480.00 ns, 0.0003 ns/op
OverheadActual   9: 4259840 op, 1490.00 ns, 0.0003 ns/op
OverheadActual  10: 4259840 op, 1481.00 ns, 0.0003 ns/op
OverheadActual  11: 4259840 op, 1477.00 ns, 0.0003 ns/op
OverheadActual  12: 4259840 op, 1515.00 ns, 0.0004 ns/op
OverheadActual  13: 4259840 op, 1507.00 ns, 0.0004 ns/op
OverheadActual  14: 4259840 op, 1488.00 ns, 0.0003 ns/op
OverheadActual  15: 4259840 op, 1497.00 ns, 0.0004 ns/op
OverheadActual  16: 4259840 op, 1507.00 ns, 0.0004 ns/op
OverheadActual  17: 4259840 op, 1516.00 ns, 0.0004 ns/op
OverheadActual  18: 4259840 op, 1682.00 ns, 0.0004 ns/op
OverheadActual  19: 4259840 op, 1591.00 ns, 0.0004 ns/op
OverheadActual  20: 4259840 op, 1524.00 ns, 0.0004 ns/op

WorkloadWarmup   1: 4259840 op, 252534511.00 ns, 59.2826 ns/op
WorkloadWarmup   2: 4259840 op, 253721355.00 ns, 59.5612 ns/op
WorkloadWarmup   3: 4259840 op, 253296370.00 ns, 59.4615 ns/op
WorkloadWarmup   4: 4259840 op, 251051969.00 ns, 58.9346 ns/op
WorkloadWarmup   5: 4259840 op, 252157010.00 ns, 59.1940 ns/op
WorkloadWarmup   6: 4259840 op, 220668666.00 ns, 51.8021 ns/op
WorkloadWarmup   7: 4259840 op, 83573828.00 ns, 19.6190 ns/op
WorkloadWarmup   8: 4259840 op, 85073845.00 ns, 19.9711 ns/op
WorkloadWarmup   9: 4259840 op, 84780261.00 ns, 19.9022 ns/op
WorkloadWarmup  10: 4259840 op, 83444828.00 ns, 19.5887 ns/op
WorkloadWarmup  11: 4259840 op, 84974450.00 ns, 19.9478 ns/op
WorkloadWarmup  12: 4259840 op, 83806922.00 ns, 19.6737 ns/op
WorkloadWarmup  13: 4259840 op, 84752851.00 ns, 19.8958 ns/op
WorkloadWarmup  14: 4259840 op, 84244875.00 ns, 19.7765 ns/op
WorkloadWarmup  15: 4259840 op, 84628942.00 ns, 19.8667 ns/op
WorkloadWarmup  16: 4259840 op, 83642622.00 ns, 19.6352 ns/op

// BeforeActualRun
WorkloadActual   1: 4259840 op, 85018045.00 ns, 19.9580 ns/op
WorkloadActual   2: 4259840 op, 84944513.00 ns, 19.9408 ns/op
WorkloadActual   3: 4259840 op, 83438529.00 ns, 19.5872 ns/op
WorkloadActual   4: 4259840 op, 84602601.00 ns, 19.8605 ns/op
WorkloadActual   5: 4259840 op, 84527766.00 ns, 19.8429 ns/op
WorkloadActual   6: 4259840 op, 83693758.00 ns, 19.6472 ns/op
WorkloadActual   7: 4259840 op, 84611078.00 ns, 19.8625 ns/op
WorkloadActual   8: 4259840 op, 84074658.00 ns, 19.7366 ns/op
WorkloadActual   9: 4259840 op, 84584993.00 ns, 19.8564 ns/op
WorkloadActual  10: 4259840 op, 85081051.00 ns, 19.9728 ns/op
WorkloadActual  11: 4259840 op, 84376076.00 ns, 19.8073 ns/op
WorkloadActual  12: 4259840 op, 83307341.00 ns, 19.5564 ns/op

// AfterActualRun
WorkloadResult   1: 4259840 op, 85016534.00 ns, 19.9577 ns/op
WorkloadResult   2: 4259840 op, 84943002.00 ns, 19.9404 ns/op
WorkloadResult   3: 4259840 op, 83437018.00 ns, 19.5869 ns/op
WorkloadResult   4: 4259840 op, 84601090.00 ns, 19.8602 ns/op
WorkloadResult   5: 4259840 op, 84526255.00 ns, 19.8426 ns/op
WorkloadResult   6: 4259840 op, 83692247.00 ns, 19.6468 ns/op
WorkloadResult   7: 4259840 op, 84609567.00 ns, 19.8621 ns/op
WorkloadResult   8: 4259840 op, 84073147.00 ns, 19.7362 ns/op
WorkloadResult   9: 4259840 op, 84583482.00 ns, 19.8560 ns/op
WorkloadResult  10: 4259840 op, 85079540.00 ns, 19.9725 ns/op
WorkloadResult  11: 4259840 op, 84374565.00 ns, 19.8070 ns/op
WorkloadResult  12: 4259840 op, 83305830.00 ns, 19.5561 ns/op
// GC:  0 0 0 0 4259840
// Threading:  0 0 4259840

// AfterAll
// Benchmark Process 2128834 has exited with code 0.

Mean = 19.802 ns, StdErr = 0.041 ns (0.21%), N = 12, StdDev = 0.141 ns
Min = 19.556 ns, Q1 = 19.714 ns, Median = 19.849 ns, Q3 = 19.882 ns, Max = 19.972 ns
IQR = 0.168 ns, LowerFence = 19.462 ns, UpperFence = 20.133 ns
ConfidenceInterval = [19.621 ns; 19.983 ns] (CI 99.9%), Margin = 0.181 ns (0.91% of Mean)
Skewness = -0.5, Kurtosis = 1.73, MValue = 2

// ** Remained 37 (74.0%) benchmark(s) to run. Estimated finish 2026-09-12 14:01 (0h 3m from now) **
// **************************
// Benchmark: DataAuthoredQueryBenchmarks.FacadeSelectOnly: Jit(IterationCount=12, IterationTime=250ms, WarmupCount=16) [Shape=ThreeTracks, Pattern=Forward]
// *** Execute ***
// Launch: 1 / 1
// Execute: dotnet Alpha-Jit-1.dll --anonymousPipes 120 121 --benchmarkName "DataAuthoredQueryBenchmarks.FacadeSelectOnly(Shape: ThreeTracks, Pattern: Forward)" --job Jit --benchmarkId 13 in /home/i/GitHub/tl-56-feat-data-authored-api/benchmarks/Alpha/bin/Release/net10.0/Alpha-Jit-1/bin/Release/net10.0
// Failed to set up high priority (Permission denied). In order to run benchmarks with high priority, make sure you have the right permissions.
// BeforeAnythingElse

// Benchmark Process Environment Information:
// BenchmarkDotNet v0.15.8
// Runtime=.NET 10.0.12 (10.0.12, 10.0.1226.42308), X64 RyuJIT x86-64-v3
// GC=Concurrent Workstation
// HardwareIntrinsics=AVX2+BMI1+BMI2+F16C+FMA+LZCNT+MOVBE,AVX,SSE3+SSSE3+SSE4.1+SSE4.2+POPCNT,X86Base+SSE+SSE2,AES+PCLMUL,AvxVnni,SERIALIZE VectorSize=256
// Job: Jit(IterationCount=12, IterationTime=250ms, WarmupCount=16)

OverheadJitting  1: 4096 op, 121899.00 ns, 29.7605 ns/op
WorkloadJitting  1: 4096 op, 200145.00 ns, 48.8635 ns/op

OverheadJitting  2: 65536 op, 121276.00 ns, 1.8505 ns/op
WorkloadJitting  2: 65536 op, 1151891.00 ns, 17.5765 ns/op

WorkloadPilot    1: 65536 op, 925225.00 ns, 14.1178 ns/op
WorkloadPilot    2: 17760256 op, 239994124.00 ns, 13.5130 ns/op
WorkloadPilot    3: 18546688 op, 250989643.00 ns, 13.5329 ns/op
WorkloadPilot    4: 18481152 op, 248560232.00 ns, 13.4494 ns/op
WorkloadPilot    5: 18612224 op, 249581926.00 ns, 13.4096 ns/op
WorkloadPilot    6: 18677760 op, 251616644.00 ns, 13.4715 ns/op
WorkloadPilot    7: 18612224 op, 248788702.00 ns, 13.3670 ns/op
WorkloadPilot    8: 18743296 op, 252161898.00 ns, 13.4534 ns/op

OverheadWarmup   1: 18743296 op, 6846.00 ns, 0.0004 ns/op
OverheadWarmup   2: 18743296 op, 6579.00 ns, 0.0004 ns/op
OverheadWarmup   3: 18743296 op, 6424.00 ns, 0.0003 ns/op
OverheadWarmup   4: 18743296 op, 6379.00 ns, 0.0003 ns/op
OverheadWarmup   5: 18743296 op, 6406.00 ns, 0.0003 ns/op
OverheadWarmup   6: 18743296 op, 6391.00 ns, 0.0003 ns/op
OverheadWarmup   7: 18743296 op, 6393.00 ns, 0.0003 ns/op
OverheadWarmup   8: 18743296 op, 6256.00 ns, 0.0003 ns/op

OverheadActual   1: 18743296 op, 6690.00 ns, 0.0004 ns/op
OverheadActual   2: 18743296 op, 6525.00 ns, 0.0003 ns/op
OverheadActual   3: 18743296 op, 6450.00 ns, 0.0003 ns/op
OverheadActual   4: 18743296 op, 6362.00 ns, 0.0003 ns/op
OverheadActual   5: 18743296 op, 6491.00 ns, 0.0003 ns/op
OverheadActual   6: 18743296 op, 6284.00 ns, 0.0003 ns/op
OverheadActual   7: 18743296 op, 6294.00 ns, 0.0003 ns/op
OverheadActual   8: 18743296 op, 6262.00 ns, 0.0003 ns/op
OverheadActual   9: 18743296 op, 6248.00 ns, 0.0003 ns/op
OverheadActual  10: 18743296 op, 6254.00 ns, 0.0003 ns/op
OverheadActual  11: 18743296 op, 6290.00 ns, 0.0003 ns/op
OverheadActual  12: 18743296 op, 6271.00 ns, 0.0003 ns/op
OverheadActual  13: 18743296 op, 6264.00 ns, 0.0003 ns/op
OverheadActual  14: 18743296 op, 6260.00 ns, 0.0003 ns/op
OverheadActual  15: 18743296 op, 6272.00 ns, 0.0003 ns/op

WorkloadWarmup   1: 18743296 op, 257915345.00 ns, 13.7604 ns/op
WorkloadWarmup   2: 18743296 op, 249509191.00 ns, 13.3119 ns/op
WorkloadWarmup   3: 18743296 op, 250904847.00 ns, 13.3864 ns/op
WorkloadWarmup   4: 18743296 op, 251791372.00 ns, 13.4337 ns/op
WorkloadWarmup   5: 18743296 op, 226146680.00 ns, 12.0655 ns/op
WorkloadWarmup   6: 18743296 op, 168445902.00 ns, 8.9870 ns/op
WorkloadWarmup   7: 18743296 op, 166749623.00 ns, 8.8965 ns/op
WorkloadWarmup   8: 18743296 op, 167729182.00 ns, 8.9488 ns/op
WorkloadWarmup   9: 18743296 op, 170248934.00 ns, 9.0832 ns/op
WorkloadWarmup  10: 18743296 op, 167896448.00 ns, 8.9577 ns/op
WorkloadWarmup  11: 18743296 op, 174639804.00 ns, 9.3175 ns/op
WorkloadWarmup  12: 18743296 op, 167164027.00 ns, 8.9186 ns/op
WorkloadWarmup  13: 18743296 op, 170638470.00 ns, 9.1040 ns/op
WorkloadWarmup  14: 18743296 op, 168847460.00 ns, 9.0084 ns/op
WorkloadWarmup  15: 18743296 op, 165735679.00 ns, 8.8424 ns/op
WorkloadWarmup  16: 18743296 op, 169291598.00 ns, 9.0321 ns/op

// BeforeActualRun
WorkloadActual   1: 18743296 op, 168166965.00 ns, 8.9721 ns/op
WorkloadActual   2: 18743296 op, 167019189.00 ns, 8.9109 ns/op
WorkloadActual   3: 18743296 op, 167524060.00 ns, 8.9378 ns/op
WorkloadActual   4: 18743296 op, 168063003.00 ns, 8.9666 ns/op
WorkloadActual   5: 18743296 op, 167179507.00 ns, 8.9194 ns/op
WorkloadActual   6: 18743296 op, 168929163.00 ns, 9.0128 ns/op
WorkloadActual   7: 18743296 op, 166760806.00 ns, 8.8971 ns/op
WorkloadActual   8: 18743296 op, 167915636.00 ns, 8.9587 ns/op
WorkloadActual   9: 18743296 op, 177793300.00 ns, 9.4857 ns/op
WorkloadActual  10: 18743296 op, 177033906.00 ns, 9.4452 ns/op
WorkloadActual  11: 18743296 op, 166023580.00 ns, 8.8578 ns/op
WorkloadActual  12: 18743296 op, 170591887.00 ns, 9.1015 ns/op

// AfterActualRun
WorkloadResult   1: 18743296 op, 168160681.00 ns, 8.9718 ns/op
WorkloadResult   2: 18743296 op, 167012905.00 ns, 8.9105 ns/op
WorkloadResult   3: 18743296 op, 167517776.00 ns, 8.9375 ns/op
WorkloadResult   4: 18743296 op, 168056719.00 ns, 8.9662 ns/op
WorkloadResult   5: 18743296 op, 167173223.00 ns, 8.9191 ns/op
WorkloadResult   6: 18743296 op, 168922879.00 ns, 9.0124 ns/op
WorkloadResult   7: 18743296 op, 166754522.00 ns, 8.8968 ns/op
WorkloadResult   8: 18743296 op, 167909352.00 ns, 8.9584 ns/op
WorkloadResult   9: 18743296 op, 166017296.00 ns, 8.8574 ns/op
WorkloadResult  10: 18743296 op, 170585603.00 ns, 9.1012 ns/op
// GC:  0 0 0 0 18743296
// Threading:  0 0 18743296

// AfterAll
// Benchmark Process 2133039 has exited with code 0.

Mean = 8.953 ns, StdErr = 0.021 ns (0.24%), N = 10, StdDev = 0.068 ns
Min = 8.857 ns, Q1 = 8.913 ns, Median = 8.948 ns, Q3 = 8.970 ns, Max = 9.101 ns
IQR = 0.058 ns, LowerFence = 8.826 ns, UpperFence = 9.057 ns
ConfidenceInterval = [8.850 ns; 9.056 ns] (CI 99.9%), Margin = 0.103 ns (1.15% of Mean)
Skewness = 0.73, Kurtosis = 2.78, MValue = 2

// ** Remained 36 (72.0%) benchmark(s) to run. Estimated finish 2026-09-12 14:01 (0h 3m from now) **
// **************************
// Benchmark: DataAuthoredQueryBenchmarks.FacadeNoDispatch: Jit(IterationCount=12, IterationTime=250ms, WarmupCount=16) [Shape=ThreeTracks, Pattern=Forward]
// *** Execute ***
// Launch: 1 / 1
// Execute: dotnet Alpha-Jit-1.dll --anonymousPipes 120 121 --benchmarkName "DataAuthoredQueryBenchmarks.FacadeNoDispatch(Shape: ThreeTracks, Pattern: Forward)" --job Jit --benchmarkId 14 in /home/i/GitHub/tl-56-feat-data-authored-api/benchmarks/Alpha/bin/Release/net10.0/Alpha-Jit-1/bin/Release/net10.0
// Failed to set up high priority (Permission denied). In order to run benchmarks with high priority, make sure you have the right permissions.
// BeforeAnythingElse

// Benchmark Process Environment Information:
// BenchmarkDotNet v0.15.8
// Runtime=.NET 10.0.12 (10.0.12, 10.0.1226.42308), X64 RyuJIT x86-64-v3
// GC=Concurrent Workstation
// HardwareIntrinsics=AVX2+BMI1+BMI2+F16C+FMA+LZCNT+MOVBE,AVX,SSE3+SSSE3+SSE4.1+SSE4.2+POPCNT,X86Base+SSE+SSE2,AES+PCLMUL,AvxVnni,SERIALIZE VectorSize=256
// Job: Jit(IterationCount=12, IterationTime=250ms, WarmupCount=16)

OverheadJitting  1: 4096 op, 105782.00 ns, 25.8257 ns/op
WorkloadJitting  1: 4096 op, 208963.00 ns, 51.0164 ns/op

OverheadJitting  2: 65536 op, 121991.00 ns, 1.8614 ns/op
WorkloadJitting  2: 65536 op, 1367974.00 ns, 20.8736 ns/op

WorkloadPilot    1: 65536 op, 1187775.00 ns, 18.1240 ns/op
WorkloadPilot    2: 13828096 op, 242653123.00 ns, 17.5478 ns/op
WorkloadPilot    3: 14286848 op, 249081388.00 ns, 17.4343 ns/op
WorkloadPilot    4: 14352384 op, 251039614.00 ns, 17.4911 ns/op

OverheadWarmup   1: 14352384 op, 5424.00 ns, 0.0004 ns/op
OverheadWarmup   2: 14352384 op, 5015.00 ns, 0.0003 ns/op
OverheadWarmup   3: 14352384 op, 4918.00 ns, 0.0003 ns/op
OverheadWarmup   4: 14352384 op, 4910.00 ns, 0.0003 ns/op
OverheadWarmup   5: 14352384 op, 4930.00 ns, 0.0003 ns/op
OverheadWarmup   6: 14352384 op, 4910.00 ns, 0.0003 ns/op
OverheadWarmup   7: 14352384 op, 4961.00 ns, 0.0003 ns/op
OverheadWarmup   8: 14352384 op, 4935.00 ns, 0.0003 ns/op

OverheadActual   1: 14352384 op, 5059.00 ns, 0.0004 ns/op
OverheadActual   2: 14352384 op, 5310.00 ns, 0.0004 ns/op
OverheadActual   3: 14352384 op, 5009.00 ns, 0.0003 ns/op
OverheadActual   4: 14352384 op, 4980.00 ns, 0.0003 ns/op
OverheadActual   5: 14352384 op, 4994.00 ns, 0.0003 ns/op
OverheadActual   6: 14352384 op, 4842.00 ns, 0.0003 ns/op
OverheadActual   7: 14352384 op, 4814.00 ns, 0.0003 ns/op
OverheadActual   8: 14352384 op, 4813.00 ns, 0.0003 ns/op
OverheadActual   9: 14352384 op, 4809.00 ns, 0.0003 ns/op
OverheadActual  10: 14352384 op, 4809.00 ns, 0.0003 ns/op
OverheadActual  11: 14352384 op, 4854.00 ns, 0.0003 ns/op
OverheadActual  12: 14352384 op, 4826.00 ns, 0.0003 ns/op
OverheadActual  13: 14352384 op, 4811.00 ns, 0.0003 ns/op
OverheadActual  14: 14352384 op, 4826.00 ns, 0.0003 ns/op
OverheadActual  15: 14352384 op, 4833.00 ns, 0.0003 ns/op

WorkloadWarmup   1: 14352384 op, 251261824.00 ns, 17.5066 ns/op
WorkloadWarmup   2: 14352384 op, 249415352.00 ns, 17.3780 ns/op
WorkloadWarmup   3: 14352384 op, 248688694.00 ns, 17.3273 ns/op
WorkloadWarmup   4: 14352384 op, 255109512.00 ns, 17.7747 ns/op
WorkloadWarmup   5: 14352384 op, 227128753.00 ns, 15.8252 ns/op
WorkloadWarmup   6: 14352384 op, 172333279.00 ns, 12.0073 ns/op
WorkloadWarmup   7: 14352384 op, 170311522.00 ns, 11.8664 ns/op
WorkloadWarmup   8: 14352384 op, 171192502.00 ns, 11.9278 ns/op
WorkloadWarmup   9: 14352384 op, 171307364.00 ns, 11.9358 ns/op
WorkloadWarmup  10: 14352384 op, 169843721.00 ns, 11.8338 ns/op
WorkloadWarmup  11: 14352384 op, 174676932.00 ns, 12.1706 ns/op
WorkloadWarmup  12: 14352384 op, 170562748.00 ns, 11.8839 ns/op
WorkloadWarmup  13: 14352384 op, 173888181.00 ns, 12.1156 ns/op
WorkloadWarmup  14: 14352384 op, 171311331.00 ns, 11.9361 ns/op
WorkloadWarmup  15: 14352384 op, 170176105.00 ns, 11.8570 ns/op
WorkloadWarmup  16: 14352384 op, 172276543.00 ns, 12.0033 ns/op

// BeforeActualRun
WorkloadActual   1: 14352384 op, 170578403.00 ns, 11.8850 ns/op
WorkloadActual   2: 14352384 op, 169997374.00 ns, 11.8445 ns/op
WorkloadActual   3: 14352384 op, 170587251.00 ns, 11.8856 ns/op
WorkloadActual   4: 14352384 op, 170962189.00 ns, 11.9118 ns/op
WorkloadActual   5: 14352384 op, 172071953.00 ns, 11.9891 ns/op
WorkloadActual   6: 14352384 op, 170665930.00 ns, 11.8911 ns/op
WorkloadActual   7: 14352384 op, 174132201.00 ns, 12.1326 ns/op
WorkloadActual   8: 14352384 op, 175852013.00 ns, 12.2525 ns/op
WorkloadActual   9: 14352384 op, 192029011.00 ns, 13.3796 ns/op
WorkloadActual  10: 14352384 op, 172099340.00 ns, 11.9910 ns/op
WorkloadActual  11: 14352384 op, 170977751.00 ns, 11.9128 ns/op
WorkloadActual  12: 14352384 op, 169656865.00 ns, 11.8208 ns/op

// AfterActualRun
WorkloadResult   1: 14352384 op, 170573570.00 ns, 11.8847 ns/op
WorkloadResult   2: 14352384 op, 169992541.00 ns, 11.8442 ns/op
WorkloadResult   3: 14352384 op, 170582418.00 ns, 11.8853 ns/op
WorkloadResult   4: 14352384 op, 170957356.00 ns, 11.9114 ns/op
WorkloadResult   5: 14352384 op, 172067120.00 ns, 11.9887 ns/op
WorkloadResult   6: 14352384 op, 170661097.00 ns, 11.8908 ns/op
WorkloadResult   7: 14352384 op, 174127368.00 ns, 12.1323 ns/op
WorkloadResult   8: 14352384 op, 172094507.00 ns, 11.9907 ns/op
WorkloadResult   9: 14352384 op, 170972918.00 ns, 11.9125 ns/op
WorkloadResult  10: 14352384 op, 169652032.00 ns, 11.8205 ns/op
// GC:  0 0 0 0 14352384
// Threading:  0 0 14352384

// AfterAll
// Benchmark Process 2140556 has exited with code 0.

Mean = 11.926 ns, StdErr = 0.029 ns (0.24%), N = 10, StdDev = 0.090 ns
Min = 11.820 ns, Q1 = 11.885 ns, Median = 11.901 ns, Q3 = 11.970 ns, Max = 12.132 ns
IQR = 0.085 ns, LowerFence = 11.758 ns, UpperFence = 12.097 ns
ConfidenceInterval = [11.789 ns; 12.063 ns] (CI 99.9%), Margin = 0.137 ns (1.15% of Mean)
Skewness = 1, Kurtosis = 3.02, MValue = 2

// ** Remained 35 (70.0%) benchmark(s) to run. Estimated finish 2026-09-12 14:01 (0h 3m from now) **
// **************************
// Benchmark: DataAuthoredQueryBenchmarks.DirectShape: Jit(IterationCount=12, IterationTime=250ms, WarmupCount=16) [Shape=ThreeTracks, Pattern=Alternating]
// *** Execute ***
// Launch: 1 / 1
// Execute: dotnet Alpha-Jit-1.dll --anonymousPipes 120 121 --benchmarkName "DataAuthoredQueryBenchmarks.DirectShape(Shape: ThreeTracks, Pattern: Alternating)" --job Jit --benchmarkId 15 in /home/i/GitHub/tl-56-feat-data-authored-api/benchmarks/Alpha/bin/Release/net10.0/Alpha-Jit-1/bin/Release/net10.0
// Failed to set up high priority (Permission denied). In order to run benchmarks with high priority, make sure you have the right permissions.
// BeforeAnythingElse

// Benchmark Process Environment Information:
// BenchmarkDotNet v0.15.8
// Runtime=.NET 10.0.12 (10.0.12, 10.0.1226.42308), X64 RyuJIT x86-64-v3
// GC=Concurrent Workstation
// HardwareIntrinsics=AVX2+BMI1+BMI2+F16C+FMA+LZCNT+MOVBE,AVX,SSE3+SSSE3+SSE4.1+SSE4.2+POPCNT,X86Base+SSE+SSE2,AES+PCLMUL,AvxVnni,SERIALIZE VectorSize=256
// Job: Jit(IterationCount=12, IterationTime=250ms, WarmupCount=16)

OverheadJitting  1: 4096 op, 102629.00 ns, 25.0559 ns/op
WorkloadJitting  1: 4096 op, 1096386.00 ns, 267.6724 ns/op

OverheadJitting  2: 65536 op, 124632.00 ns, 1.9017 ns/op
WorkloadJitting  2: 65536 op, 454753.00 ns, 6.9390 ns/op

WorkloadPilot    1: 65536 op, 320349.00 ns, 4.8881 ns/op
WorkloadPilot    2: 51183616 op, 205362717.00 ns, 4.0123 ns/op
WorkloadPilot    3: 62324736 op, 249864073.00 ns, 4.0091 ns/op
WorkloadPilot    4: 62390272 op, 250354768.00 ns, 4.0127 ns/op
WorkloadPilot    5: 62324736 op, 249814767.00 ns, 4.0083 ns/op
WorkloadPilot    6: 62390272 op, 253598739.00 ns, 4.0647 ns/op
WorkloadPilot    7: 61538304 op, 251643729.00 ns, 4.0892 ns/op

OverheadWarmup   1: 61538304 op, 20899.00 ns, 0.0003 ns/op
OverheadWarmup   2: 61538304 op, 20895.00 ns, 0.0003 ns/op
OverheadWarmup   3: 61538304 op, 20368.00 ns, 0.0003 ns/op
OverheadWarmup   4: 61538304 op, 20738.00 ns, 0.0003 ns/op
OverheadWarmup   5: 61538304 op, 20788.00 ns, 0.0003 ns/op
OverheadWarmup   6: 61538304 op, 20759.00 ns, 0.0003 ns/op
OverheadWarmup   7: 61538304 op, 20749.00 ns, 0.0003 ns/op
OverheadWarmup   8: 61538304 op, 20753.00 ns, 0.0003 ns/op
OverheadWarmup   9: 61538304 op, 20669.00 ns, 0.0003 ns/op

OverheadActual   1: 61538304 op, 20928.00 ns, 0.0003 ns/op
OverheadActual   2: 61538304 op, 20583.00 ns, 0.0003 ns/op
OverheadActual   3: 61538304 op, 20237.00 ns, 0.0003 ns/op
OverheadActual   4: 61538304 op, 20453.00 ns, 0.0003 ns/op
OverheadActual   5: 61538304 op, 20613.00 ns, 0.0003 ns/op
OverheadActual   6: 61538304 op, 20385.00 ns, 0.0003 ns/op
OverheadActual   7: 61538304 op, 20408.00 ns, 0.0003 ns/op
OverheadActual   8: 61538304 op, 20354.00 ns, 0.0003 ns/op
OverheadActual   9: 61538304 op, 20369.00 ns, 0.0003 ns/op
OverheadActual  10: 61538304 op, 20389.00 ns, 0.0003 ns/op
OverheadActual  11: 61538304 op, 20391.00 ns, 0.0003 ns/op
OverheadActual  12: 61538304 op, 20387.00 ns, 0.0003 ns/op
OverheadActual  13: 61538304 op, 20395.00 ns, 0.0003 ns/op
OverheadActual  14: 61538304 op, 20369.00 ns, 0.0003 ns/op
OverheadActual  15: 61538304 op, 20393.00 ns, 0.0003 ns/op

WorkloadWarmup   1: 61538304 op, 246415440.00 ns, 4.0043 ns/op
WorkloadWarmup   2: 61538304 op, 281598741.00 ns, 4.5760 ns/op
WorkloadWarmup   3: 61538304 op, 257287759.00 ns, 4.1809 ns/op
WorkloadWarmup   4: 61538304 op, 247237285.00 ns, 4.0176 ns/op
WorkloadWarmup   5: 61538304 op, 248748121.00 ns, 4.0422 ns/op
WorkloadWarmup   6: 61538304 op, 255638707.00 ns, 4.1541 ns/op
WorkloadWarmup   7: 61538304 op, 257492799.00 ns, 4.1843 ns/op
WorkloadWarmup   8: 61538304 op, 257166838.00 ns, 4.1790 ns/op
WorkloadWarmup   9: 61538304 op, 257785299.00 ns, 4.1890 ns/op
WorkloadWarmup  10: 61538304 op, 255009501.00 ns, 4.1439 ns/op
WorkloadWarmup  11: 61538304 op, 257526349.00 ns, 4.1848 ns/op
WorkloadWarmup  12: 61538304 op, 258300589.00 ns, 4.1974 ns/op
WorkloadWarmup  13: 61538304 op, 255783724.00 ns, 4.1565 ns/op
WorkloadWarmup  14: 61538304 op, 258354476.00 ns, 4.1983 ns/op
WorkloadWarmup  15: 61538304 op, 254251722.00 ns, 4.1316 ns/op
WorkloadWarmup  16: 61538304 op, 255285033.00 ns, 4.1484 ns/op

// BeforeActualRun
WorkloadActual   1: 61538304 op, 256457453.00 ns, 4.1674 ns/op
WorkloadActual   2: 61538304 op, 255620236.00 ns, 4.1538 ns/op
WorkloadActual   3: 61538304 op, 255796992.00 ns, 4.1567 ns/op
WorkloadActual   4: 61538304 op, 256107716.00 ns, 4.1618 ns/op
WorkloadActual   5: 61538304 op, 256479681.00 ns, 4.1678 ns/op
WorkloadActual   6: 61538304 op, 278240652.00 ns, 4.5214 ns/op
WorkloadActual   7: 61538304 op, 256016646.00 ns, 4.1603 ns/op
WorkloadActual   8: 61538304 op, 255758477.00 ns, 4.1561 ns/op
WorkloadActual   9: 61538304 op, 255717067.00 ns, 4.1554 ns/op
WorkloadActual  10: 61538304 op, 257236395.00 ns, 4.1801 ns/op
WorkloadActual  11: 61538304 op, 256477757.00 ns, 4.1678 ns/op
WorkloadActual  12: 61538304 op, 255678623.00 ns, 4.1548 ns/op

// AfterActualRun
WorkloadResult   1: 61538304 op, 256437062.00 ns, 4.1671 ns/op
WorkloadResult   2: 61538304 op, 255599845.00 ns, 4.1535 ns/op
WorkloadResult   3: 61538304 op, 255776601.00 ns, 4.1564 ns/op
WorkloadResult   4: 61538304 op, 256087325.00 ns, 4.1614 ns/op
WorkloadResult   5: 61538304 op, 256459290.00 ns, 4.1675 ns/op
WorkloadResult   6: 61538304 op, 255996255.00 ns, 4.1599 ns/op
WorkloadResult   7: 61538304 op, 255738086.00 ns, 4.1558 ns/op
WorkloadResult   8: 61538304 op, 255696676.00 ns, 4.1551 ns/op
WorkloadResult   9: 61538304 op, 257216004.00 ns, 4.1798 ns/op
WorkloadResult  10: 61538304 op, 256457366.00 ns, 4.1674 ns/op
WorkloadResult  11: 61538304 op, 255658232.00 ns, 4.1545 ns/op
// GC:  0 0 0 0 61538304
// Threading:  0 0 61538304

// AfterAll
// Benchmark Process 2147141 has exited with code 0.

Mean = 4.162 ns, StdErr = 0.002 ns (0.06%), N = 11, StdDev = 0.008 ns
Min = 4.154 ns, Q1 = 4.155 ns, Median = 4.160 ns, Q3 = 4.167 ns, Max = 4.180 ns
IQR = 0.012 ns, LowerFence = 4.138 ns, UpperFence = 4.185 ns
ConfidenceInterval = [4.150 ns; 4.173 ns] (CI 99.9%), Margin = 0.011 ns (0.27% of Mean)
Skewness = 0.85, Kurtosis = 2.6, MValue = 2

// ** Remained 34 (68.0%) benchmark(s) to run. Estimated finish 2026-09-12 14:01 (0h 3m from now) **
// **************************
// Benchmark: DataAuthoredQueryBenchmarks.GeneratedShape: Jit(IterationCount=12, IterationTime=250ms, WarmupCount=16) [Shape=ThreeTracks, Pattern=Alternating]
// *** Execute ***
// Launch: 1 / 1
// Execute: dotnet Alpha-Jit-1.dll --anonymousPipes 122 123 --benchmarkName "DataAuthoredQueryBenchmarks.GeneratedShape(Shape: ThreeTracks, Pattern: Alternating)" --job Jit --benchmarkId 16 in /home/i/GitHub/tl-56-feat-data-authored-api/benchmarks/Alpha/bin/Release/net10.0/Alpha-Jit-1/bin/Release/net10.0
// Failed to set up high priority (Permission denied). In order to run benchmarks with high priority, make sure you have the right permissions.
// BeforeAnythingElse

// Benchmark Process Environment Information:
// BenchmarkDotNet v0.15.8
// Runtime=.NET 10.0.12 (10.0.12, 10.0.1226.42308), X64 RyuJIT x86-64-v3
// GC=Concurrent Workstation
// HardwareIntrinsics=AVX2+BMI1+BMI2+F16C+FMA+LZCNT+MOVBE,AVX,SSE3+SSSE3+SSE4.1+SSE4.2+POPCNT,X86Base+SSE+SSE2,AES+PCLMUL,AvxVnni,SERIALIZE VectorSize=256
// Job: Jit(IterationCount=12, IterationTime=250ms, WarmupCount=16)

OverheadJitting  1: 4096 op, 106672.00 ns, 26.0430 ns/op
WorkloadJitting  1: 4096 op, 363296.00 ns, 88.6953 ns/op

OverheadJitting  2: 65536 op, 162875.00 ns, 2.4853 ns/op
WorkloadJitting  2: 65536 op, 2749288.00 ns, 41.9508 ns/op

WorkloadPilot    1: 65536 op, 1167262.00 ns, 17.8110 ns/op
WorkloadPilot    2: 14090240 op, 238176682.00 ns, 16.9037 ns/op
WorkloadPilot    3: 14811136 op, 245474411.00 ns, 16.5736 ns/op
WorkloadPilot    4: 15138816 op, 253263581.00 ns, 16.7294 ns/op
WorkloadPilot    5: 14942208 op, 250422322.00 ns, 16.7594 ns/op

OverheadWarmup   1: 14942208 op, 5626.00 ns, 0.0004 ns/op
OverheadWarmup   2: 14942208 op, 5068.00 ns, 0.0003 ns/op
OverheadWarmup   3: 14942208 op, 5069.00 ns, 0.0003 ns/op
OverheadWarmup   4: 14942208 op, 5089.00 ns, 0.0003 ns/op
OverheadWarmup   5: 14942208 op, 5088.00 ns, 0.0003 ns/op
OverheadWarmup   6: 14942208 op, 5127.00 ns, 0.0003 ns/op
OverheadWarmup   7: 14942208 op, 5060.00 ns, 0.0003 ns/op

OverheadActual   1: 14942208 op, 7094.00 ns, 0.0005 ns/op
OverheadActual   2: 14942208 op, 5741.00 ns, 0.0004 ns/op
OverheadActual   3: 14942208 op, 5325.00 ns, 0.0004 ns/op
OverheadActual   4: 14942208 op, 4997.00 ns, 0.0003 ns/op
OverheadActual   5: 14942208 op, 5299.00 ns, 0.0004 ns/op
OverheadActual   6: 14942208 op, 4985.00 ns, 0.0003 ns/op
OverheadActual   7: 14942208 op, 4976.00 ns, 0.0003 ns/op
OverheadActual   8: 14942208 op, 4958.00 ns, 0.0003 ns/op
OverheadActual   9: 14942208 op, 4966.00 ns, 0.0003 ns/op
OverheadActual  10: 14942208 op, 4977.00 ns, 0.0003 ns/op
OverheadActual  11: 14942208 op, 4996.00 ns, 0.0003 ns/op
OverheadActual  12: 14942208 op, 5001.00 ns, 0.0003 ns/op
OverheadActual  13: 14942208 op, 4982.00 ns, 0.0003 ns/op
OverheadActual  14: 14942208 op, 5002.00 ns, 0.0003 ns/op
OverheadActual  15: 14942208 op, 4996.00 ns, 0.0003 ns/op

WorkloadWarmup   1: 14942208 op, 250816479.00 ns, 16.7858 ns/op
WorkloadWarmup   2: 14942208 op, 250332109.00 ns, 16.7534 ns/op
WorkloadWarmup   3: 14942208 op, 251298872.00 ns, 16.8181 ns/op
WorkloadWarmup   4: 14942208 op, 250706084.00 ns, 16.7784 ns/op
WorkloadWarmup   5: 14942208 op, 251425074.00 ns, 16.8265 ns/op
WorkloadWarmup   6: 14942208 op, 249729074.00 ns, 16.7130 ns/op
WorkloadWarmup   7: 14942208 op, 249782196.00 ns, 16.7166 ns/op
WorkloadWarmup   8: 14942208 op, 202102169.00 ns, 13.5256 ns/op
WorkloadWarmup   9: 14942208 op, 61276949.00 ns, 4.1009 ns/op
WorkloadWarmup  10: 14942208 op, 60949177.00 ns, 4.0790 ns/op
WorkloadWarmup  11: 14942208 op, 61414839.00 ns, 4.1102 ns/op
WorkloadWarmup  12: 14942208 op, 63892053.00 ns, 4.2759 ns/op
WorkloadWarmup  13: 14942208 op, 61500138.00 ns, 4.1159 ns/op
WorkloadWarmup  14: 14942208 op, 61787318.00 ns, 4.1351 ns/op
WorkloadWarmup  15: 14942208 op, 61485591.00 ns, 4.1149 ns/op
WorkloadWarmup  16: 14942208 op, 62586488.00 ns, 4.1886 ns/op

// BeforeActualRun
WorkloadActual   1: 14942208 op, 61169328.00 ns, 4.0937 ns/op
WorkloadActual   2: 14942208 op, 61201599.00 ns, 4.0959 ns/op
WorkloadActual   3: 14942208 op, 60399858.00 ns, 4.0422 ns/op
WorkloadActual   4: 14942208 op, 60609841.00 ns, 4.0563 ns/op
WorkloadActual   5: 14942208 op, 60089510.00 ns, 4.0215 ns/op
WorkloadActual   6: 14942208 op, 61145585.00 ns, 4.0921 ns/op
WorkloadActual   7: 14942208 op, 59927570.00 ns, 4.0106 ns/op
WorkloadActual   8: 14942208 op, 60447757.00 ns, 4.0454 ns/op
WorkloadActual   9: 14942208 op, 60474637.00 ns, 4.0472 ns/op
WorkloadActual  10: 14942208 op, 59794339.00 ns, 4.0017 ns/op
WorkloadActual  11: 14942208 op, 60621401.00 ns, 4.0571 ns/op
WorkloadActual  12: 14942208 op, 59927134.00 ns, 4.0106 ns/op

// AfterActualRun
WorkloadResult   1: 14942208 op, 61164332.00 ns, 4.0934 ns/op
WorkloadResult   2: 14942208 op, 61196603.00 ns, 4.0956 ns/op
WorkloadResult   3: 14942208 op, 60394862.00 ns, 4.0419 ns/op
WorkloadResult   4: 14942208 op, 60604845.00 ns, 4.0559 ns/op
WorkloadResult   5: 14942208 op, 60084514.00 ns, 4.0211 ns/op
WorkloadResult   6: 14942208 op, 61140589.00 ns, 4.0918 ns/op
WorkloadResult   7: 14942208 op, 59922574.00 ns, 4.0103 ns/op
WorkloadResult   8: 14942208 op, 60442761.00 ns, 4.0451 ns/op
WorkloadResult   9: 14942208 op, 60469641.00 ns, 4.0469 ns/op
WorkloadResult  10: 14942208 op, 59789343.00 ns, 4.0014 ns/op
WorkloadResult  11: 14942208 op, 60616405.00 ns, 4.0567 ns/op
WorkloadResult  12: 14942208 op, 59922138.00 ns, 4.0103 ns/op
// GC:  0 0 0 0 14942208
// Threading:  0 0 14942208

// AfterAll
// Benchmark Process 2156659 has exited with code 0.

Mean = 4.048 ns, StdErr = 0.010 ns (0.24%), N = 12, StdDev = 0.033 ns
Min = 4.001 ns, Q1 = 4.018 ns, Median = 4.046 ns, Q3 = 4.065 ns, Max = 4.096 ns
IQR = 0.047 ns, LowerFence = 3.948 ns, UpperFence = 4.136 ns
ConfidenceInterval = [4.005 ns; 4.090 ns] (CI 99.9%), Margin = 0.043 ns (1.05% of Mean)
Skewness = 0.17, Kurtosis = 1.53, MValue = 2

// ** Remained 33 (66.0%) benchmark(s) to run. Estimated finish 2026-09-12 14:01 (0h 3m from now) **
// **************************
// Benchmark: DataAuthoredQueryBenchmarks.DataAuthoredFacade: Jit(IterationCount=12, IterationTime=250ms, WarmupCount=16) [Shape=ThreeTracks, Pattern=Alternating]
// *** Execute ***
// Launch: 1 / 1
// Execute: dotnet Alpha-Jit-1.dll --anonymousPipes 120 121 --benchmarkName "DataAuthoredQueryBenchmarks.DataAuthoredFacade(Shape: ThreeTracks, Pattern: Alternating)" --job Jit --benchmarkId 17 in /home/i/GitHub/tl-56-feat-data-authored-api/benchmarks/Alpha/bin/Release/net10.0/Alpha-Jit-1/bin/Release/net10.0
// Failed to set up high priority (Permission denied). In order to run benchmarks with high priority, make sure you have the right permissions.
// BeforeAnythingElse

// Benchmark Process Environment Information:
// BenchmarkDotNet v0.15.8
// Runtime=.NET 10.0.12 (10.0.12, 10.0.1226.42308), X64 RyuJIT x86-64-v3
// GC=Concurrent Workstation
// HardwareIntrinsics=AVX2+BMI1+BMI2+F16C+FMA+LZCNT+MOVBE,AVX,SSE3+SSSE3+SSE4.1+SSE4.2+POPCNT,X86Base+SSE+SSE2,AES+PCLMUL,AvxVnni,SERIALIZE VectorSize=256
// Job: Jit(IterationCount=12, IterationTime=250ms, WarmupCount=16)

OverheadJitting  1: 4096 op, 106441.00 ns, 25.9866 ns/op
WorkloadJitting  1: 4096 op, 380928.00 ns, 93.0000 ns/op

OverheadJitting  2: 65536 op, 199963.00 ns, 3.0512 ns/op
WorkloadJitting  2: 65536 op, 4232769.00 ns, 64.5869 ns/op

WorkloadPilot    1: 65536 op, 4069960.00 ns, 62.1027 ns/op
WorkloadPilot    2: 4063232 op, 242149366.00 ns, 59.5953 ns/op
WorkloadPilot    3: 4194304 op, 251681447.00 ns, 60.0055 ns/op

OverheadWarmup   1: 4194304 op, 2144.00 ns, 0.0005 ns/op
OverheadWarmup   2: 4194304 op, 1525.00 ns, 0.0004 ns/op
OverheadWarmup   3: 4194304 op, 1441.00 ns, 0.0003 ns/op
OverheadWarmup   4: 4194304 op, 1438.00 ns, 0.0003 ns/op
OverheadWarmup   5: 4194304 op, 1453.00 ns, 0.0003 ns/op
OverheadWarmup   6: 4194304 op, 1475.00 ns, 0.0004 ns/op
OverheadWarmup   7: 4194304 op, 1445.00 ns, 0.0003 ns/op
OverheadWarmup   8: 4194304 op, 1431.00 ns, 0.0003 ns/op
OverheadWarmup   9: 4194304 op, 1423.00 ns, 0.0003 ns/op
OverheadWarmup  10: 4194304 op, 1428.00 ns, 0.0003 ns/op

OverheadActual   1: 4194304 op, 1827.00 ns, 0.0004 ns/op
OverheadActual   2: 4194304 op, 1735.00 ns, 0.0004 ns/op
OverheadActual   3: 4194304 op, 1858.00 ns, 0.0004 ns/op
OverheadActual   4: 4194304 op, 1463.00 ns, 0.0003 ns/op
OverheadActual   5: 4194304 op, 1690.00 ns, 0.0004 ns/op
OverheadActual   6: 4194304 op, 1449.00 ns, 0.0003 ns/op
OverheadActual   7: 4194304 op, 1421.00 ns, 0.0003 ns/op
OverheadActual   8: 4194304 op, 1423.00 ns, 0.0003 ns/op
OverheadActual   9: 4194304 op, 1424.00 ns, 0.0003 ns/op
OverheadActual  10: 4194304 op, 1414.00 ns, 0.0003 ns/op
OverheadActual  11: 4194304 op, 1421.00 ns, 0.0003 ns/op
OverheadActual  12: 4194304 op, 1405.00 ns, 0.0003 ns/op
OverheadActual  13: 4194304 op, 1451.00 ns, 0.0003 ns/op
OverheadActual  14: 4194304 op, 1429.00 ns, 0.0003 ns/op
OverheadActual  15: 4194304 op, 1452.00 ns, 0.0003 ns/op
OverheadActual  16: 4194304 op, 1456.00 ns, 0.0003 ns/op
OverheadActual  17: 4194304 op, 1513.00 ns, 0.0004 ns/op

WorkloadWarmup   1: 4194304 op, 252406546.00 ns, 60.1784 ns/op
WorkloadWarmup   2: 4194304 op, 258802532.00 ns, 61.7033 ns/op
WorkloadWarmup   3: 4194304 op, 252895500.00 ns, 60.2950 ns/op
WorkloadWarmup   4: 4194304 op, 249628521.00 ns, 59.5161 ns/op
WorkloadWarmup   5: 4194304 op, 250884770.00 ns, 59.8156 ns/op
WorkloadWarmup   6: 4194304 op, 194741613.00 ns, 46.4300 ns/op
WorkloadWarmup   7: 4194304 op, 90573798.00 ns, 21.5945 ns/op
WorkloadWarmup   8: 4194304 op, 91493652.00 ns, 21.8138 ns/op
WorkloadWarmup   9: 4194304 op, 91734704.00 ns, 21.8713 ns/op
WorkloadWarmup  10: 4194304 op, 90798197.00 ns, 21.6480 ns/op
WorkloadWarmup  11: 4194304 op, 91955179.00 ns, 21.9238 ns/op
WorkloadWarmup  12: 4194304 op, 90812893.00 ns, 21.6515 ns/op
WorkloadWarmup  13: 4194304 op, 91799824.00 ns, 21.8868 ns/op
WorkloadWarmup  14: 4194304 op, 90339795.00 ns, 21.5387 ns/op
WorkloadWarmup  15: 4194304 op, 91715100.00 ns, 21.8666 ns/op
WorkloadWarmup  16: 4194304 op, 91569770.00 ns, 21.8319 ns/op

// BeforeActualRun
WorkloadActual   1: 4194304 op, 89946747.00 ns, 21.4450 ns/op
WorkloadActual   2: 4194304 op, 86552828.00 ns, 20.6358 ns/op
WorkloadActual   3: 4194304 op, 91313454.00 ns, 21.7708 ns/op
WorkloadActual   4: 4194304 op, 90567603.00 ns, 21.5930 ns/op
WorkloadActual   5: 4194304 op, 89717994.00 ns, 21.3904 ns/op
WorkloadActual   6: 4194304 op, 92045785.00 ns, 21.9454 ns/op
WorkloadActual   7: 4194304 op, 90896818.00 ns, 21.6715 ns/op
WorkloadActual   8: 4194304 op, 92068048.00 ns, 21.9507 ns/op
WorkloadActual   9: 4194304 op, 91300196.00 ns, 21.7677 ns/op
WorkloadActual  10: 4194304 op, 90666595.00 ns, 21.6166 ns/op
WorkloadActual  11: 4194304 op, 90880548.00 ns, 21.6676 ns/op
WorkloadActual  12: 4194304 op, 108371055.00 ns, 25.8377 ns/op

// AfterActualRun
WorkloadResult   1: 4194304 op, 89945296.00 ns, 21.4446 ns/op
WorkloadResult   2: 4194304 op, 86551377.00 ns, 20.6355 ns/op
WorkloadResult   3: 4194304 op, 91312003.00 ns, 21.7705 ns/op
WorkloadResult   4: 4194304 op, 90566152.00 ns, 21.5927 ns/op
WorkloadResult   5: 4194304 op, 89716543.00 ns, 21.3901 ns/op
WorkloadResult   6: 4194304 op, 92044334.00 ns, 21.9451 ns/op
WorkloadResult   7: 4194304 op, 90895367.00 ns, 21.6711 ns/op
WorkloadResult   8: 4194304 op, 92066597.00 ns, 21.9504 ns/op
WorkloadResult   9: 4194304 op, 91298745.00 ns, 21.7673 ns/op
WorkloadResult  10: 4194304 op, 90665144.00 ns, 21.6163 ns/op
WorkloadResult  11: 4194304 op, 90879097.00 ns, 21.6673 ns/op
// GC:  0 0 0 0 4194304
// Threading:  0 0 4194304

// AfterAll
// Benchmark Process 2160978 has exited with code 0.

Mean = 21.586 ns, StdErr = 0.109 ns (0.50%), N = 11, StdDev = 0.361 ns
Min = 20.635 ns, Q1 = 21.519 ns, Median = 21.667 ns, Q3 = 21.769 ns, Max = 21.950 ns
IQR = 0.250 ns, LowerFence = 21.143 ns, UpperFence = 22.144 ns
ConfidenceInterval = [21.087 ns; 22.086 ns] (CI 99.9%), Margin = 0.500 ns (2.31% of Mean)
Skewness = -1.47, Kurtosis = 4.57, MValue = 2

// ** Remained 32 (64.0%) benchmark(s) to run. Estimated finish 2026-09-12 14:01 (0h 3m from now) **
// **************************
// Benchmark: DataAuthoredQueryBenchmarks.FacadeSelectOnly: Jit(IterationCount=12, IterationTime=250ms, WarmupCount=16) [Shape=ThreeTracks, Pattern=Alternating]
// *** Execute ***
// Launch: 1 / 1
// Execute: dotnet Alpha-Jit-1.dll --anonymousPipes 120 121 --benchmarkName "DataAuthoredQueryBenchmarks.FacadeSelectOnly(Shape: ThreeTracks, Pattern: Alternating)" --job Jit --benchmarkId 18 in /home/i/GitHub/tl-56-feat-data-authored-api/benchmarks/Alpha/bin/Release/net10.0/Alpha-Jit-1/bin/Release/net10.0
// Failed to set up high priority (Permission denied). In order to run benchmarks with high priority, make sure you have the right permissions.
// BeforeAnythingElse

// Benchmark Process Environment Information:
// BenchmarkDotNet v0.15.8
// Runtime=.NET 10.0.12 (10.0.12, 10.0.1226.42308), X64 RyuJIT x86-64-v3
// GC=Concurrent Workstation
// HardwareIntrinsics=AVX2+BMI1+BMI2+F16C+FMA+LZCNT+MOVBE,AVX,SSE3+SSSE3+SSE4.1+SSE4.2+POPCNT,X86Base+SSE+SSE2,AES+PCLMUL,AvxVnni,SERIALIZE VectorSize=256
// Job: Jit(IterationCount=12, IterationTime=250ms, WarmupCount=16)

OverheadJitting  1: 4096 op, 103065.00 ns, 25.1624 ns/op
WorkloadJitting  1: 4096 op, 198727.00 ns, 48.5173 ns/op

OverheadJitting  2: 65536 op, 124796.00 ns, 1.9042 ns/op
WorkloadJitting  2: 65536 op, 1163482.00 ns, 17.7533 ns/op

WorkloadPilot    1: 65536 op, 947925.00 ns, 14.4642 ns/op
WorkloadPilot    2: 17301504 op, 246558575.00 ns, 14.2507 ns/op
WorkloadPilot    3: 17563648 op, 249698775.00 ns, 14.2168 ns/op
WorkloadPilot    4: 17629184 op, 251847098.00 ns, 14.2858 ns/op
WorkloadPilot    5: 17498112 op, 250211717.00 ns, 14.2994 ns/op

OverheadWarmup   1: 17498112 op, 6698.00 ns, 0.0004 ns/op
OverheadWarmup   2: 17498112 op, 5987.00 ns, 0.0003 ns/op
OverheadWarmup   3: 17498112 op, 6101.00 ns, 0.0003 ns/op
OverheadWarmup   4: 17498112 op, 5935.00 ns, 0.0003 ns/op
OverheadWarmup   5: 17498112 op, 5928.00 ns, 0.0003 ns/op
OverheadWarmup   6: 17498112 op, 5919.00 ns, 0.0003 ns/op
OverheadWarmup   7: 17498112 op, 5903.00 ns, 0.0003 ns/op
OverheadWarmup   8: 17498112 op, 5938.00 ns, 0.0003 ns/op
OverheadWarmup   9: 17498112 op, 5935.00 ns, 0.0003 ns/op

OverheadActual   1: 17498112 op, 6285.00 ns, 0.0004 ns/op
OverheadActual   2: 17498112 op, 6222.00 ns, 0.0004 ns/op
OverheadActual   3: 17498112 op, 6114.00 ns, 0.0003 ns/op
OverheadActual   4: 17498112 op, 5720.00 ns, 0.0003 ns/op
OverheadActual   5: 17498112 op, 5945.00 ns, 0.0003 ns/op
OverheadActual   6: 17498112 op, 5841.00 ns, 0.0003 ns/op
OverheadActual   7: 17498112 op, 5816.00 ns, 0.0003 ns/op
OverheadActual   8: 17498112 op, 5826.00 ns, 0.0003 ns/op
OverheadActual   9: 17498112 op, 5812.00 ns, 0.0003 ns/op
OverheadActual  10: 17498112 op, 5813.00 ns, 0.0003 ns/op
OverheadActual  11: 17498112 op, 5805.00 ns, 0.0003 ns/op
OverheadActual  12: 17498112 op, 5845.00 ns, 0.0003 ns/op
OverheadActual  13: 17498112 op, 5855.00 ns, 0.0003 ns/op
OverheadActual  14: 17498112 op, 5847.00 ns, 0.0003 ns/op
OverheadActual  15: 17498112 op, 5851.00 ns, 0.0003 ns/op

WorkloadWarmup   1: 17498112 op, 251817607.00 ns, 14.3911 ns/op
WorkloadWarmup   2: 17498112 op, 249341592.00 ns, 14.2496 ns/op
WorkloadWarmup   3: 17498112 op, 249854352.00 ns, 14.2789 ns/op
WorkloadWarmup   4: 17498112 op, 250128102.00 ns, 14.2946 ns/op
WorkloadWarmup   5: 17498112 op, 250366843.00 ns, 14.3082 ns/op
WorkloadWarmup   6: 17498112 op, 250367245.00 ns, 14.3082 ns/op
WorkloadWarmup   7: 17498112 op, 249708940.00 ns, 14.2706 ns/op
WorkloadWarmup   8: 17498112 op, 227719492.00 ns, 13.0139 ns/op
WorkloadWarmup   9: 17498112 op, 172011346.00 ns, 9.8303 ns/op
WorkloadWarmup  10: 17498112 op, 171530558.00 ns, 9.8028 ns/op
WorkloadWarmup  11: 17498112 op, 166146692.00 ns, 9.4951 ns/op
WorkloadWarmup  12: 17498112 op, 169855731.00 ns, 9.7071 ns/op
WorkloadWarmup  13: 17498112 op, 172245934.00 ns, 9.8437 ns/op
WorkloadWarmup  14: 17498112 op, 176537282.00 ns, 10.0889 ns/op
WorkloadWarmup  15: 17498112 op, 169364478.00 ns, 9.6790 ns/op
WorkloadWarmup  16: 17498112 op, 170498344.00 ns, 9.7438 ns/op

// BeforeActualRun
WorkloadActual   1: 17498112 op, 169768146.00 ns, 9.7021 ns/op
WorkloadActual   2: 17498112 op, 167342899.00 ns, 9.5635 ns/op
WorkloadActual   3: 17498112 op, 170471151.00 ns, 9.7423 ns/op
WorkloadActual   4: 17498112 op, 169988988.00 ns, 9.7147 ns/op
WorkloadActual   5: 17498112 op, 168002880.00 ns, 9.6012 ns/op
WorkloadActual   6: 17498112 op, 168869724.00 ns, 9.6507 ns/op
WorkloadActual   7: 17498112 op, 168110561.00 ns, 9.6074 ns/op
WorkloadActual   8: 17498112 op, 168490293.00 ns, 9.6291 ns/op
WorkloadActual   9: 17498112 op, 172001276.00 ns, 9.8297 ns/op
WorkloadActual  10: 17498112 op, 170461713.00 ns, 9.7417 ns/op
WorkloadActual  11: 17498112 op, 194760554.00 ns, 11.1304 ns/op
WorkloadActual  12: 17498112 op, 168224171.00 ns, 9.6138 ns/op

// AfterActualRun
WorkloadResult   1: 17498112 op, 169762301.00 ns, 9.7017 ns/op
WorkloadResult   2: 17498112 op, 167337054.00 ns, 9.5631 ns/op
WorkloadResult   3: 17498112 op, 170465306.00 ns, 9.7419 ns/op
WorkloadResult   4: 17498112 op, 169983143.00 ns, 9.7144 ns/op
WorkloadResult   5: 17498112 op, 167997035.00 ns, 9.6009 ns/op
WorkloadResult   6: 17498112 op, 168863879.00 ns, 9.6504 ns/op
WorkloadResult   7: 17498112 op, 168104716.00 ns, 9.6070 ns/op
WorkloadResult   8: 17498112 op, 168484448.00 ns, 9.6287 ns/op
WorkloadResult   9: 17498112 op, 171995431.00 ns, 9.8294 ns/op
WorkloadResult  10: 17498112 op, 170455868.00 ns, 9.7414 ns/op
WorkloadResult  11: 17498112 op, 168218326.00 ns, 9.6135 ns/op
// GC:  0 0 0 0 17498112
// Threading:  0 0 17498112

// AfterAll
// Benchmark Process 2165213 has exited with code 0.

Mean = 9.672 ns, StdErr = 0.024 ns (0.25%), N = 11, StdDev = 0.080 ns
Min = 9.563 ns, Q1 = 9.610 ns, Median = 9.650 ns, Q3 = 9.728 ns, Max = 9.829 ns
IQR = 0.118 ns, LowerFence = 9.434 ns, UpperFence = 9.904 ns
ConfidenceInterval = [9.561 ns; 9.783 ns] (CI 99.9%), Margin = 0.111 ns (1.14% of Mean)
Skewness = 0.43, Kurtosis = 1.91, MValue = 2

// ** Remained 31 (62.0%) benchmark(s) to run. Estimated finish 2026-09-12 14:01 (0h 3m from now) **
// **************************
// Benchmark: DataAuthoredQueryBenchmarks.FacadeNoDispatch: Jit(IterationCount=12, IterationTime=250ms, WarmupCount=16) [Shape=ThreeTracks, Pattern=Alternating]
// *** Execute ***
// Launch: 1 / 1
// Execute: dotnet Alpha-Jit-1.dll --anonymousPipes 120 121 --benchmarkName "DataAuthoredQueryBenchmarks.FacadeNoDispatch(Shape: ThreeTracks, Pattern: Alternating)" --job Jit --benchmarkId 19 in /home/i/GitHub/tl-56-feat-data-authored-api/benchmarks/Alpha/bin/Release/net10.0/Alpha-Jit-1/bin/Release/net10.0
// Failed to set up high priority (Permission denied). In order to run benchmarks with high priority, make sure you have the right permissions.
// BeforeAnythingElse

// Benchmark Process Environment Information:
// BenchmarkDotNet v0.15.8
// Runtime=.NET 10.0.12 (10.0.12, 10.0.1226.42308), X64 RyuJIT x86-64-v3
// GC=Concurrent Workstation
// HardwareIntrinsics=AVX2+BMI1+BMI2+F16C+FMA+LZCNT+MOVBE,AVX,SSE3+SSSE3+SSE4.1+SSE4.2+POPCNT,X86Base+SSE+SSE2,AES+PCLMUL,AvxVnni,SERIALIZE VectorSize=256
// Job: Jit(IterationCount=12, IterationTime=250ms, WarmupCount=16)

OverheadJitting  1: 4096 op, 102546.00 ns, 25.0356 ns/op
WorkloadJitting  1: 4096 op, 213196.00 ns, 52.0498 ns/op

OverheadJitting  2: 65536 op, 200819.00 ns, 3.0643 ns/op
WorkloadJitting  2: 65536 op, 1507372.00 ns, 23.0007 ns/op

WorkloadPilot    1: 65536 op, 1200886.00 ns, 18.3241 ns/op
WorkloadPilot    2: 13697024 op, 242309555.00 ns, 17.6907 ns/op
WorkloadPilot    3: 14155776 op, 250436341.00 ns, 17.6915 ns/op

OverheadWarmup   1: 14155776 op, 5364.00 ns, 0.0004 ns/op
OverheadWarmup   2: 14155776 op, 4879.00 ns, 0.0003 ns/op
OverheadWarmup   3: 14155776 op, 4822.00 ns, 0.0003 ns/op
OverheadWarmup   4: 14155776 op, 4809.00 ns, 0.0003 ns/op
OverheadWarmup   5: 14155776 op, 4829.00 ns, 0.0003 ns/op
OverheadWarmup   6: 14155776 op, 4948.00 ns, 0.0003 ns/op
OverheadWarmup   7: 14155776 op, 4855.00 ns, 0.0003 ns/op
OverheadWarmup   8: 14155776 op, 4800.00 ns, 0.0003 ns/op
OverheadWarmup   9: 14155776 op, 4838.00 ns, 0.0003 ns/op
OverheadWarmup  10: 14155776 op, 4809.00 ns, 0.0003 ns/op

OverheadActual   1: 14155776 op, 5395.00 ns, 0.0004 ns/op
OverheadActual   2: 14155776 op, 5399.00 ns, 0.0004 ns/op
OverheadActual   3: 14155776 op, 5159.00 ns, 0.0004 ns/op
OverheadActual   4: 14155776 op, 4708.00 ns, 0.0003 ns/op
OverheadActual   5: 14155776 op, 4837.00 ns, 0.0003 ns/op
OverheadActual   6: 14155776 op, 4702.00 ns, 0.0003 ns/op
OverheadActual   7: 14155776 op, 4753.00 ns, 0.0003 ns/op
OverheadActual   8: 14155776 op, 4748.00 ns, 0.0003 ns/op
OverheadActual   9: 14155776 op, 4738.00 ns, 0.0003 ns/op
OverheadActual  10: 14155776 op, 4724.00 ns, 0.0003 ns/op
OverheadActual  11: 14155776 op, 4718.00 ns, 0.0003 ns/op
OverheadActual  12: 14155776 op, 4738.00 ns, 0.0003 ns/op
OverheadActual  13: 14155776 op, 4761.00 ns, 0.0003 ns/op
OverheadActual  14: 14155776 op, 4743.00 ns, 0.0003 ns/op
OverheadActual  15: 14155776 op, 4755.00 ns, 0.0003 ns/op

WorkloadWarmup   1: 14155776 op, 254483054.00 ns, 17.9773 ns/op
WorkloadWarmup   2: 14155776 op, 254618442.00 ns, 17.9869 ns/op
WorkloadWarmup   3: 14155776 op, 248670724.00 ns, 17.5667 ns/op
WorkloadWarmup   4: 14155776 op, 249654369.00 ns, 17.6362 ns/op
WorkloadWarmup   5: 14155776 op, 249785563.00 ns, 17.6455 ns/op
WorkloadWarmup   6: 14155776 op, 227729974.00 ns, 16.0874 ns/op
WorkloadWarmup   7: 14155776 op, 185401997.00 ns, 13.0973 ns/op
WorkloadWarmup   8: 14155776 op, 183904995.00 ns, 12.9915 ns/op
WorkloadWarmup   9: 14155776 op, 181378452.00 ns, 12.8130 ns/op
WorkloadWarmup  10: 14155776 op, 183014530.00 ns, 12.9286 ns/op
WorkloadWarmup  11: 14155776 op, 182172554.00 ns, 12.8691 ns/op
WorkloadWarmup  12: 14155776 op, 187794567.00 ns, 13.2663 ns/op
WorkloadWarmup  13: 14155776 op, 180370222.00 ns, 12.7418 ns/op
WorkloadWarmup  14: 14155776 op, 182528399.00 ns, 12.8943 ns/op
WorkloadWarmup  15: 14155776 op, 181613660.00 ns, 12.8297 ns/op
WorkloadWarmup  16: 14155776 op, 180749701.00 ns, 12.7686 ns/op

// BeforeActualRun
WorkloadActual   1: 14155776 op, 184400317.00 ns, 13.0265 ns/op
WorkloadActual   2: 14155776 op, 180744439.00 ns, 12.7682 ns/op
WorkloadActual   3: 14155776 op, 181010030.00 ns, 12.7870 ns/op
WorkloadActual   4: 14155776 op, 180877273.00 ns, 12.7776 ns/op
WorkloadActual   5: 14155776 op, 181511050.00 ns, 12.8224 ns/op
WorkloadActual   6: 14155776 op, 180169436.00 ns, 12.7276 ns/op
WorkloadActual   7: 14155776 op, 180060186.00 ns, 12.7199 ns/op
WorkloadActual   8: 14155776 op, 180758147.00 ns, 12.7692 ns/op
WorkloadActual   9: 14155776 op, 179593405.00 ns, 12.6869 ns/op
WorkloadActual  10: 14155776 op, 204181656.00 ns, 14.4239 ns/op
WorkloadActual  11: 14155776 op, 180798618.00 ns, 12.7721 ns/op
WorkloadActual  12: 14155776 op, 180301932.00 ns, 12.7370 ns/op

// AfterActualRun
WorkloadResult   1: 14155776 op, 180739691.00 ns, 12.7679 ns/op
WorkloadResult   2: 14155776 op, 181005282.00 ns, 12.7867 ns/op
WorkloadResult   3: 14155776 op, 180872525.00 ns, 12.7773 ns/op
WorkloadResult   4: 14155776 op, 181506302.00 ns, 12.8221 ns/op
WorkloadResult   5: 14155776 op, 180164688.00 ns, 12.7273 ns/op
WorkloadResult   6: 14155776 op, 180055438.00 ns, 12.7196 ns/op
WorkloadResult   7: 14155776 op, 180753399.00 ns, 12.7689 ns/op
WorkloadResult   8: 14155776 op, 179588657.00 ns, 12.6866 ns/op
WorkloadResult   9: 14155776 op, 180793870.00 ns, 12.7717 ns/op
WorkloadResult  10: 14155776 op, 180297184.00 ns, 12.7367 ns/op
// GC:  0 0 0 0 14155776
// Threading:  0 0 14155776

// AfterAll
// Benchmark Process 2172104 has exited with code 0.

Mean = 12.756 ns, StdErr = 0.012 ns (0.10%), N = 10, StdDev = 0.039 ns
Min = 12.687 ns, Q1 = 12.730 ns, Median = 12.768 ns, Q3 = 12.776 ns, Max = 12.822 ns
IQR = 0.046 ns, LowerFence = 12.660 ns, UpperFence = 12.845 ns
ConfidenceInterval = [12.698 ns; 12.815 ns] (CI 99.9%), Margin = 0.059 ns (0.46% of Mean)
Skewness = -0.17, Kurtosis = 2.01, MValue = 2

// ** Remained 30 (60.0%) benchmark(s) to run. Estimated finish 2026-09-12 14:01 (0h 2m from now) **
// **************************
// Benchmark: DataAuthoredQueryBenchmarks.DirectShape: Jit(IterationCount=12, IterationTime=250ms, WarmupCount=16) [Shape=SixteenTracks, Pattern=Forward]
// *** Execute ***
// Launch: 1 / 1
// Execute: dotnet Alpha-Jit-1.dll --anonymousPipes 120 121 --benchmarkName "DataAuthoredQueryBenchmarks.DirectShape(Shape: SixteenTracks, Pattern: Forward)" --job Jit --benchmarkId 20 in /home/i/GitHub/tl-56-feat-data-authored-api/benchmarks/Alpha/bin/Release/net10.0/Alpha-Jit-1/bin/Release/net10.0
// Failed to set up high priority (Permission denied). In order to run benchmarks with high priority, make sure you have the right permissions.
// BeforeAnythingElse

// Benchmark Process Environment Information:
// BenchmarkDotNet v0.15.8
// Runtime=.NET 10.0.12 (10.0.12, 10.0.1226.42308), X64 RyuJIT x86-64-v3
// GC=Concurrent Workstation
// HardwareIntrinsics=AVX2+BMI1+BMI2+F16C+FMA+LZCNT+MOVBE,AVX,SSE3+SSSE3+SSE4.1+SSE4.2+POPCNT,X86Base+SSE+SSE2,AES+PCLMUL,AvxVnni,SERIALIZE VectorSize=256
// Job: Jit(IterationCount=12, IterationTime=250ms, WarmupCount=16)

OverheadJitting  1: 4096 op, 102058.00 ns, 24.9165 ns/op
WorkloadJitting  1: 4096 op, 1502190.00 ns, 366.7456 ns/op

OverheadJitting  2: 65536 op, 137127.00 ns, 2.0924 ns/op
WorkloadJitting  2: 65536 op, 1315337.00 ns, 20.0704 ns/op

WorkloadPilot    1: 65536 op, 1152963.00 ns, 17.5928 ns/op
WorkloadPilot    2: 14221312 op, 237771702.00 ns, 16.7194 ns/op
WorkloadPilot    3: 15007744 op, 248291390.00 ns, 16.5442 ns/op
WorkloadPilot    4: 15138816 op, 252957299.00 ns, 16.7092 ns/op
WorkloadPilot    5: 15007744 op, 250753662.00 ns, 16.7083 ns/op

OverheadWarmup   1: 15007744 op, 6228.00 ns, 0.0004 ns/op
OverheadWarmup   2: 15007744 op, 5888.00 ns, 0.0004 ns/op
OverheadWarmup   3: 15007744 op, 5822.00 ns, 0.0004 ns/op
OverheadWarmup   4: 15007744 op, 5777.00 ns, 0.0004 ns/op
OverheadWarmup   5: 15007744 op, 5848.00 ns, 0.0004 ns/op
OverheadWarmup   6: 15007744 op, 5817.00 ns, 0.0004 ns/op
OverheadWarmup   7: 15007744 op, 5803.00 ns, 0.0004 ns/op
OverheadWarmup   8: 15007744 op, 5713.00 ns, 0.0004 ns/op
OverheadWarmup   9: 15007744 op, 5703.00 ns, 0.0004 ns/op
OverheadWarmup  10: 15007744 op, 5708.00 ns, 0.0004 ns/op

OverheadActual   1: 15007744 op, 5896.00 ns, 0.0004 ns/op
OverheadActual   2: 15007744 op, 6525.00 ns, 0.0004 ns/op
OverheadActual   3: 15007744 op, 6062.00 ns, 0.0004 ns/op
OverheadActual   4: 15007744 op, 6003.00 ns, 0.0004 ns/op
OverheadActual   5: 15007744 op, 5952.00 ns, 0.0004 ns/op
OverheadActual   6: 15007744 op, 5672.00 ns, 0.0004 ns/op
OverheadActual   7: 15007744 op, 5672.00 ns, 0.0004 ns/op
OverheadActual   8: 15007744 op, 5672.00 ns, 0.0004 ns/op
OverheadActual   9: 15007744 op, 5653.00 ns, 0.0004 ns/op
OverheadActual  10: 15007744 op, 5688.00 ns, 0.0004 ns/op
OverheadActual  11: 15007744 op, 5677.00 ns, 0.0004 ns/op
OverheadActual  12: 15007744 op, 5673.00 ns, 0.0004 ns/op
OverheadActual  13: 15007744 op, 5702.00 ns, 0.0004 ns/op
OverheadActual  14: 15007744 op, 5658.00 ns, 0.0004 ns/op
OverheadActual  15: 15007744 op, 5683.00 ns, 0.0004 ns/op

WorkloadWarmup   1: 15007744 op, 252173012.00 ns, 16.8029 ns/op
WorkloadWarmup   2: 15007744 op, 250719629.00 ns, 16.7060 ns/op
WorkloadWarmup   3: 15007744 op, 251435752.00 ns, 16.7537 ns/op
WorkloadWarmup   4: 15007744 op, 248964654.00 ns, 16.5891 ns/op
WorkloadWarmup   5: 15007744 op, 249427832.00 ns, 16.6199 ns/op
WorkloadWarmup   6: 15007744 op, 250297516.00 ns, 16.6779 ns/op
WorkloadWarmup   7: 15007744 op, 250709761.00 ns, 16.7054 ns/op
WorkloadWarmup   8: 15007744 op, 226267328.00 ns, 15.0767 ns/op
WorkloadWarmup   9: 15007744 op, 178999446.00 ns, 11.9271 ns/op
WorkloadWarmup  10: 15007744 op, 182739848.00 ns, 12.1764 ns/op
WorkloadWarmup  11: 15007744 op, 182914494.00 ns, 12.1880 ns/op
WorkloadWarmup  12: 15007744 op, 184130191.00 ns, 12.2690 ns/op
WorkloadWarmup  13: 15007744 op, 183258333.00 ns, 12.2109 ns/op
WorkloadWarmup  14: 15007744 op, 181815840.00 ns, 12.1148 ns/op
WorkloadWarmup  15: 15007744 op, 181653235.00 ns, 12.1040 ns/op
WorkloadWarmup  16: 15007744 op, 183945432.00 ns, 12.2567 ns/op

// BeforeActualRun
WorkloadActual   1: 15007744 op, 181188072.00 ns, 12.0730 ns/op
WorkloadActual   2: 15007744 op, 181040158.00 ns, 12.0631 ns/op
WorkloadActual   3: 15007744 op, 182672639.00 ns, 12.1719 ns/op
WorkloadActual   4: 15007744 op, 181446177.00 ns, 12.0902 ns/op
WorkloadActual   5: 15007744 op, 180933380.00 ns, 12.0560 ns/op
WorkloadActual   6: 15007744 op, 181443468.00 ns, 12.0900 ns/op
WorkloadActual   7: 15007744 op, 182436222.00 ns, 12.1561 ns/op
WorkloadActual   8: 15007744 op, 180468578.00 ns, 12.0250 ns/op
WorkloadActual   9: 15007744 op, 181364114.00 ns, 12.0847 ns/op
WorkloadActual  10: 15007744 op, 178567220.00 ns, 11.8983 ns/op
WorkloadActual  11: 15007744 op, 181177505.00 ns, 12.0723 ns/op
WorkloadActual  12: 15007744 op, 202688487.00 ns, 13.5056 ns/op

// AfterActualRun
WorkloadResult   1: 15007744 op, 181182389.00 ns, 12.0726 ns/op
WorkloadResult   2: 15007744 op, 181034475.00 ns, 12.0627 ns/op
WorkloadResult   3: 15007744 op, 182666956.00 ns, 12.1715 ns/op
WorkloadResult   4: 15007744 op, 181440494.00 ns, 12.0898 ns/op
WorkloadResult   5: 15007744 op, 180927697.00 ns, 12.0556 ns/op
WorkloadResult   6: 15007744 op, 181437785.00 ns, 12.0896 ns/op
WorkloadResult   7: 15007744 op, 182430539.00 ns, 12.1558 ns/op
WorkloadResult   8: 15007744 op, 180462895.00 ns, 12.0247 ns/op
WorkloadResult   9: 15007744 op, 181358431.00 ns, 12.0843 ns/op
WorkloadResult  10: 15007744 op, 178561537.00 ns, 11.8980 ns/op
WorkloadResult  11: 15007744 op, 181171822.00 ns, 12.0719 ns/op
// GC:  0 0 0 0 15007744
// Threading:  0 0 15007744

// AfterAll
// Benchmark Process 2178754 has exited with code 0.

Mean = 12.071 ns, StdErr = 0.021 ns (0.18%), N = 11, StdDev = 0.071 ns
Min = 11.898 ns, Q1 = 12.059 ns, Median = 12.073 ns, Q3 = 12.090 ns, Max = 12.172 ns
IQR = 0.031 ns, LowerFence = 12.013 ns, UpperFence = 12.135 ns
ConfidenceInterval = [11.972 ns; 12.169 ns] (CI 99.9%), Margin = 0.098 ns (0.81% of Mean)
Skewness = -0.91, Kurtosis = 3.73, MValue = 2

// ** Remained 29 (58.0%) benchmark(s) to run. Estimated finish 2026-09-12 14:01 (0h 2m from now) **
// **************************
// Benchmark: DataAuthoredQueryBenchmarks.GeneratedShape: Jit(IterationCount=12, IterationTime=250ms, WarmupCount=16) [Shape=SixteenTracks, Pattern=Forward]
// *** Execute ***
// Launch: 1 / 1
// Execute: dotnet Alpha-Jit-1.dll --anonymousPipes 122 123 --benchmarkName "DataAuthoredQueryBenchmarks.GeneratedShape(Shape: SixteenTracks, Pattern: Forward)" --job Jit --benchmarkId 21 in /home/i/GitHub/tl-56-feat-data-authored-api/benchmarks/Alpha/bin/Release/net10.0/Alpha-Jit-1/bin/Release/net10.0
// Failed to set up high priority (Permission denied). In order to run benchmarks with high priority, make sure you have the right permissions.
// BeforeAnythingElse

// Benchmark Process Environment Information:
// BenchmarkDotNet v0.15.8
// Runtime=.NET 10.0.12 (10.0.12, 10.0.1226.42308), X64 RyuJIT x86-64-v3
// GC=Concurrent Workstation
// HardwareIntrinsics=AVX2+BMI1+BMI2+F16C+FMA+LZCNT+MOVBE,AVX,SSE3+SSSE3+SSE4.1+SSE4.2+POPCNT,X86Base+SSE+SSE2,AES+PCLMUL,AvxVnni,SERIALIZE VectorSize=256
// Job: Jit(IterationCount=12, IterationTime=250ms, WarmupCount=16)

OverheadJitting  1: 4096 op, 112528.00 ns, 27.4727 ns/op
WorkloadJitting  1: 4096 op, 999830.00 ns, 244.0991 ns/op

OverheadJitting  2: 65536 op, 137268.00 ns, 2.0945 ns/op
WorkloadJitting  2: 65536 op, 7288257.00 ns, 111.2100 ns/op

WorkloadPilot    1: 65536 op, 5181144.00 ns, 79.0580 ns/op
WorkloadPilot    2: 3211264 op, 256023969.00 ns, 79.7269 ns/op
WorkloadPilot    3: 3145728 op, 248907560.00 ns, 79.1256 ns/op
WorkloadPilot    4: 3211264 op, 255089136.00 ns, 79.4357 ns/op
WorkloadPilot    5: 3145728 op, 251436191.00 ns, 79.9294 ns/op

OverheadWarmup   1: 3145728 op, 1991.00 ns, 0.0006 ns/op
OverheadWarmup   2: 3145728 op, 1284.00 ns, 0.0004 ns/op
OverheadWarmup   3: 3145728 op, 1213.00 ns, 0.0004 ns/op
OverheadWarmup   4: 3145728 op, 1214.00 ns, 0.0004 ns/op
OverheadWarmup   5: 3145728 op, 1254.00 ns, 0.0004 ns/op
OverheadWarmup   6: 3145728 op, 1225.00 ns, 0.0004 ns/op
OverheadWarmup   7: 3145728 op, 1205.00 ns, 0.0004 ns/op
OverheadWarmup   8: 3145728 op, 1243.00 ns, 0.0004 ns/op
OverheadWarmup   9: 3145728 op, 1224.00 ns, 0.0004 ns/op

OverheadActual   1: 3145728 op, 1584.00 ns, 0.0005 ns/op
OverheadActual   2: 3145728 op, 1518.00 ns, 0.0005 ns/op
OverheadActual   3: 3145728 op, 1453.00 ns, 0.0005 ns/op
OverheadActual   4: 3145728 op, 1336.00 ns, 0.0004 ns/op
OverheadActual   5: 3145728 op, 1417.00 ns, 0.0005 ns/op
OverheadActual   6: 3145728 op, 1241.00 ns, 0.0004 ns/op
OverheadActual   7: 3145728 op, 1211.00 ns, 0.0004 ns/op
OverheadActual   8: 3145728 op, 1206.00 ns, 0.0004 ns/op
OverheadActual   9: 3145728 op, 1235.00 ns, 0.0004 ns/op
OverheadActual  10: 3145728 op, 1225.00 ns, 0.0004 ns/op
OverheadActual  11: 3145728 op, 1255.00 ns, 0.0004 ns/op
OverheadActual  12: 3145728 op, 1255.00 ns, 0.0004 ns/op
OverheadActual  13: 3145728 op, 1268.00 ns, 0.0004 ns/op
OverheadActual  14: 3145728 op, 1304.00 ns, 0.0004 ns/op
OverheadActual  15: 3145728 op, 1311.00 ns, 0.0004 ns/op
OverheadActual  16: 3145728 op, 1271.00 ns, 0.0004 ns/op
OverheadActual  17: 3145728 op, 1257.00 ns, 0.0004 ns/op
OverheadActual  18: 3145728 op, 1441.00 ns, 0.0005 ns/op
OverheadActual  19: 3145728 op, 1338.00 ns, 0.0004 ns/op
OverheadActual  20: 3145728 op, 1299.00 ns, 0.0004 ns/op

WorkloadWarmup   1: 3145728 op, 251249578.00 ns, 79.8701 ns/op
WorkloadWarmup   2: 3145728 op, 247715521.00 ns, 78.7466 ns/op
WorkloadWarmup   3: 3145728 op, 248724159.00 ns, 79.0673 ns/op
WorkloadWarmup   4: 3145728 op, 247240379.00 ns, 78.5956 ns/op
WorkloadWarmup   5: 3145728 op, 250857600.00 ns, 79.7455 ns/op
WorkloadWarmup   6: 3145728 op, 249989679.00 ns, 79.4696 ns/op
WorkloadWarmup   7: 3145728 op, 249971196.00 ns, 79.4637 ns/op
WorkloadWarmup   8: 3145728 op, 180726948.00 ns, 57.4515 ns/op
WorkloadWarmup   9: 3145728 op, 70054749.00 ns, 22.2698 ns/op
WorkloadWarmup  10: 3145728 op, 71893270.00 ns, 22.8543 ns/op
WorkloadWarmup  11: 3145728 op, 69737537.00 ns, 22.1690 ns/op
WorkloadWarmup  12: 3145728 op, 72597793.00 ns, 23.0782 ns/op
WorkloadWarmup  13: 3145728 op, 71299452.00 ns, 22.6655 ns/op
WorkloadWarmup  14: 3145728 op, 69796550.00 ns, 22.1877 ns/op
WorkloadWarmup  15: 3145728 op, 70908965.00 ns, 22.5414 ns/op
WorkloadWarmup  16: 3145728 op, 73848971.00 ns, 23.4760 ns/op

// BeforeActualRun
WorkloadActual   1: 3145728 op, 70556072.00 ns, 22.4292 ns/op
WorkloadActual   2: 3145728 op, 69419945.00 ns, 22.0680 ns/op
WorkloadActual   3: 3145728 op, 69716871.00 ns, 22.1624 ns/op
WorkloadActual   4: 3145728 op, 70509728.00 ns, 22.4144 ns/op
WorkloadActual   5: 3145728 op, 70081930.00 ns, 22.2784 ns/op
WorkloadActual   6: 3145728 op, 70294015.00 ns, 22.3459 ns/op
WorkloadActual   7: 3145728 op, 70652251.00 ns, 22.4597 ns/op
WorkloadActual   8: 3145728 op, 70408864.00 ns, 22.3824 ns/op
WorkloadActual   9: 3145728 op, 69489496.00 ns, 22.0901 ns/op
WorkloadActual  10: 3145728 op, 70309417.00 ns, 22.3508 ns/op
WorkloadActual  11: 3145728 op, 69537749.00 ns, 22.1055 ns/op
WorkloadActual  12: 3145728 op, 70551920.00 ns, 22.4279 ns/op

// AfterActualRun
WorkloadResult   1: 3145728 op, 70554787.00 ns, 22.4288 ns/op
WorkloadResult   2: 3145728 op, 69418660.00 ns, 22.0676 ns/op
WorkloadResult   3: 3145728 op, 69715586.00 ns, 22.1620 ns/op
WorkloadResult   4: 3145728 op, 70508443.00 ns, 22.4140 ns/op
WorkloadResult   5: 3145728 op, 70080645.00 ns, 22.2780 ns/op
WorkloadResult   6: 3145728 op, 70292730.00 ns, 22.3455 ns/op
WorkloadResult   7: 3145728 op, 70650966.00 ns, 22.4593 ns/op
WorkloadResult   8: 3145728 op, 70407579.00 ns, 22.3820 ns/op
WorkloadResult   9: 3145728 op, 69488211.00 ns, 22.0897 ns/op
WorkloadResult  10: 3145728 op, 70308132.00 ns, 22.3504 ns/op
WorkloadResult  11: 3145728 op, 69536464.00 ns, 22.1050 ns/op
WorkloadResult  12: 3145728 op, 70550635.00 ns, 22.4274 ns/op
// GC:  0 0 0 0 3145728
// Threading:  0 0 3145728

// AfterAll
// Benchmark Process 2185937 has exited with code 0.

Mean = 22.292 ns, StdErr = 0.042 ns (0.19%), N = 12, StdDev = 0.147 ns
Min = 22.068 ns, Q1 = 22.148 ns, Median = 22.348 ns, Q3 = 22.417 ns, Max = 22.459 ns
IQR = 0.270 ns, LowerFence = 21.743 ns, UpperFence = 22.822 ns
ConfidenceInterval = [22.104 ns; 22.481 ns] (CI 99.9%), Margin = 0.188 ns (0.84% of Mean)
Skewness = -0.42, Kurtosis = 1.34, MValue = 2

// ** Remained 28 (56.0%) benchmark(s) to run. Estimated finish 2026-09-12 14:01 (0h 2m from now) **
// **************************
// Benchmark: DataAuthoredQueryBenchmarks.DataAuthoredFacade: Jit(IterationCount=12, IterationTime=250ms, WarmupCount=16) [Shape=SixteenTracks, Pattern=Forward]
// *** Execute ***
// Launch: 1 / 1
// Execute: dotnet Alpha-Jit-1.dll --anonymousPipes 122 123 --benchmarkName "DataAuthoredQueryBenchmarks.DataAuthoredFacade(Shape: SixteenTracks, Pattern: Forward)" --job Jit --benchmarkId 22 in /home/i/GitHub/tl-56-feat-data-authored-api/benchmarks/Alpha/bin/Release/net10.0/Alpha-Jit-1/bin/Release/net10.0
// Failed to set up high priority (Permission denied). In order to run benchmarks with high priority, make sure you have the right permissions.
// BeforeAnythingElse

// Benchmark Process Environment Information:
// BenchmarkDotNet v0.15.8
// Runtime=.NET 10.0.12 (10.0.12, 10.0.1226.42308), X64 RyuJIT x86-64-v3
// GC=Concurrent Workstation
// HardwareIntrinsics=AVX2+BMI1+BMI2+F16C+FMA+LZCNT+MOVBE,AVX,SSE3+SSSE3+SSE4.1+SSE4.2+POPCNT,X86Base+SSE+SSE2,AES+PCLMUL,AvxVnni,SERIALIZE VectorSize=256
// Job: Jit(IterationCount=12, IterationTime=250ms, WarmupCount=16)

OverheadJitting  1: 4096 op, 109059.00 ns, 26.6257 ns/op
WorkloadJitting  1: 4096 op, 1254165.00 ns, 306.1926 ns/op

OverheadJitting  2: 65536 op, 140726.00 ns, 2.1473 ns/op
WorkloadJitting  2: 65536 op, 18535364.00 ns, 282.8272 ns/op

WorkloadPilot    1: 65536 op, 19385252.00 ns, 295.7955 ns/op
WorkloadPilot    2: 851968 op, 237283914.00 ns, 278.5127 ns/op
WorkloadPilot    3: 917504 op, 260204471.00 ns, 283.6004 ns/op

OverheadWarmup   1: 917504 op, 909.00 ns, 0.0010 ns/op
OverheadWarmup   2: 917504 op, 553.00 ns, 0.0006 ns/op
OverheadWarmup   3: 917504 op, 530.00 ns, 0.0006 ns/op
OverheadWarmup   4: 917504 op, 390.00 ns, 0.0004 ns/op
OverheadWarmup   5: 917504 op, 427.00 ns, 0.0005 ns/op
OverheadWarmup   6: 917504 op, 451.00 ns, 0.0005 ns/op
OverheadWarmup   7: 917504 op, 467.00 ns, 0.0005 ns/op
OverheadWarmup   8: 917504 op, 460.00 ns, 0.0005 ns/op
OverheadWarmup   9: 917504 op, 479.00 ns, 0.0005 ns/op
OverheadWarmup  10: 917504 op, 462.00 ns, 0.0005 ns/op

OverheadActual   1: 917504 op, 851.00 ns, 0.0009 ns/op
OverheadActual   2: 917504 op, 671.00 ns, 0.0007 ns/op
OverheadActual   3: 917504 op, 2426.00 ns, 0.0026 ns/op
OverheadActual   4: 917504 op, 1190.00 ns, 0.0013 ns/op
OverheadActual   5: 917504 op, 759.00 ns, 0.0008 ns/op
OverheadActual   6: 917504 op, 383.00 ns, 0.0004 ns/op
OverheadActual   7: 917504 op, 407.00 ns, 0.0004 ns/op
OverheadActual   8: 917504 op, 390.00 ns, 0.0004 ns/op
OverheadActual   9: 917504 op, 536.00 ns, 0.0006 ns/op
OverheadActual  10: 917504 op, 435.00 ns, 0.0005 ns/op
OverheadActual  11: 917504 op, 365.00 ns, 0.0004 ns/op
OverheadActual  12: 917504 op, 369.00 ns, 0.0004 ns/op
OverheadActual  13: 917504 op, 516.00 ns, 0.0006 ns/op
OverheadActual  14: 917504 op, 464.00 ns, 0.0005 ns/op
OverheadActual  15: 917504 op, 433.00 ns, 0.0005 ns/op
OverheadActual  16: 917504 op, 473.00 ns, 0.0005 ns/op
OverheadActual  17: 917504 op, 470.00 ns, 0.0005 ns/op
OverheadActual  18: 917504 op, 814.00 ns, 0.0009 ns/op
OverheadActual  19: 917504 op, 701.00 ns, 0.0008 ns/op
OverheadActual  20: 917504 op, 512.00 ns, 0.0006 ns/op

WorkloadWarmup   1: 917504 op, 256844694.00 ns, 279.9385 ns/op
WorkloadWarmup   2: 917504 op, 254736686.00 ns, 277.6410 ns/op
WorkloadWarmup   3: 917504 op, 256347225.00 ns, 279.3963 ns/op
WorkloadWarmup   4: 917504 op, 258090344.00 ns, 281.2962 ns/op
WorkloadWarmup   5: 917504 op, 255569470.00 ns, 278.5486 ns/op
WorkloadWarmup   6: 917504 op, 141674195.00 ns, 154.4126 ns/op
WorkloadWarmup   7: 917504 op, 67494610.00 ns, 73.5633 ns/op
WorkloadWarmup   8: 917504 op, 66598743.00 ns, 72.5869 ns/op
WorkloadWarmup   9: 917504 op, 67611593.00 ns, 73.6908 ns/op
WorkloadWarmup  10: 917504 op, 67937745.00 ns, 74.0463 ns/op
WorkloadWarmup  11: 917504 op, 65909476.00 ns, 71.8356 ns/op
WorkloadWarmup  12: 917504 op, 67556287.00 ns, 73.6305 ns/op
WorkloadWarmup  13: 917504 op, 67438665.00 ns, 73.5023 ns/op
WorkloadWarmup  14: 917504 op, 66747572.00 ns, 72.7491 ns/op
WorkloadWarmup  15: 917504 op, 67776063.00 ns, 73.8700 ns/op
WorkloadWarmup  16: 917504 op, 65893805.00 ns, 71.8185 ns/op

// BeforeActualRun
WorkloadActual   1: 917504 op, 66596711.00 ns, 72.5847 ns/op
WorkloadActual   2: 917504 op, 67150156.00 ns, 73.1879 ns/op
WorkloadActual   3: 917504 op, 66350215.00 ns, 72.3160 ns/op
WorkloadActual   4: 917504 op, 68193747.00 ns, 74.3253 ns/op
WorkloadActual   5: 917504 op, 66850657.00 ns, 72.8614 ns/op
WorkloadActual   6: 917504 op, 67714959.00 ns, 73.8034 ns/op
WorkloadActual   7: 917504 op, 66866014.00 ns, 72.8782 ns/op
WorkloadActual   8: 917504 op, 67711767.00 ns, 73.8000 ns/op
WorkloadActual   9: 917504 op, 67534166.00 ns, 73.6064 ns/op
WorkloadActual  10: 917504 op, 67635796.00 ns, 73.7172 ns/op
WorkloadActual  11: 917504 op, 66766693.00 ns, 72.7699 ns/op
WorkloadActual  12: 917504 op, 67505036.00 ns, 73.5747 ns/op

// AfterActualRun
WorkloadResult   1: 917504 op, 66596218.50 ns, 72.5841 ns/op
WorkloadResult   2: 917504 op, 67149663.50 ns, 73.1873 ns/op
WorkloadResult   3: 917504 op, 66349722.50 ns, 72.3155 ns/op
WorkloadResult   4: 917504 op, 68193254.50 ns, 74.3247 ns/op
WorkloadResult   5: 917504 op, 66850164.50 ns, 72.8609 ns/op
WorkloadResult   6: 917504 op, 67714466.50 ns, 73.8029 ns/op
WorkloadResult   7: 917504 op, 66865521.50 ns, 72.8776 ns/op
WorkloadResult   8: 917504 op, 67711274.50 ns, 73.7994 ns/op
WorkloadResult   9: 917504 op, 67533673.50 ns, 73.6059 ns/op
WorkloadResult  10: 917504 op, 67635303.50 ns, 73.7166 ns/op
WorkloadResult  11: 917504 op, 66766200.50 ns, 72.7694 ns/op
WorkloadResult  12: 917504 op, 67504543.50 ns, 73.5741 ns/op
// GC:  0 0 0 0 917504
// Threading:  0 0 917504

// AfterAll
// Benchmark Process 2190440 has exited with code 0.

Mean = 73.285 ns, StdErr = 0.175 ns (0.24%), N = 12, StdDev = 0.606 ns
Min = 72.315 ns, Q1 = 72.838 ns, Median = 73.381 ns, Q3 = 73.737 ns, Max = 74.325 ns
IQR = 0.899 ns, LowerFence = 71.489 ns, UpperFence = 75.086 ns
ConfidenceInterval = [72.509 ns; 74.061 ns] (CI 99.9%), Margin = 0.776 ns (1.06% of Mean)
Skewness = 0, Kurtosis = 1.62, MValue = 2

// ** Remained 27 (54.0%) benchmark(s) to run. Estimated finish 2026-09-12 14:01 (0h 2m from now) **
// **************************
// Benchmark: DataAuthoredQueryBenchmarks.FacadeSelectOnly: Jit(IterationCount=12, IterationTime=250ms, WarmupCount=16) [Shape=SixteenTracks, Pattern=Forward]
// *** Execute ***
// Launch: 1 / 1
// Execute: dotnet Alpha-Jit-1.dll --anonymousPipes 120 121 --benchmarkName "DataAuthoredQueryBenchmarks.FacadeSelectOnly(Shape: SixteenTracks, Pattern: Forward)" --job Jit --benchmarkId 23 in /home/i/GitHub/tl-56-feat-data-authored-api/benchmarks/Alpha/bin/Release/net10.0/Alpha-Jit-1/bin/Release/net10.0
// Failed to set up high priority (Permission denied). In order to run benchmarks with high priority, make sure you have the right permissions.
// BeforeAnythingElse

// Benchmark Process Environment Information:
// BenchmarkDotNet v0.15.8
// Runtime=.NET 10.0.12 (10.0.12, 10.0.1226.42308), X64 RyuJIT x86-64-v3
// GC=Concurrent Workstation
// HardwareIntrinsics=AVX2+BMI1+BMI2+F16C+FMA+LZCNT+MOVBE,AVX,SSE3+SSSE3+SSE4.1+SSE4.2+POPCNT,X86Base+SSE+SSE2,AES+PCLMUL,AvxVnni,SERIALIZE VectorSize=256
// Job: Jit(IterationCount=12, IterationTime=250ms, WarmupCount=16)

OverheadJitting  1: 4096 op, 109117.00 ns, 26.6399 ns/op
WorkloadJitting  1: 4096 op, 246856.00 ns, 60.2676 ns/op

OverheadJitting  2: 65536 op, 127001.00 ns, 1.9379 ns/op
WorkloadJitting  2: 65536 op, 1856178.00 ns, 28.3230 ns/op

WorkloadPilot    1: 65536 op, 2531341.00 ns, 38.6252 ns/op
WorkloadPilot    2: 6488064 op, 152717453.00 ns, 23.5382 ns/op
WorkloadPilot    3: 10682368 op, 252288945.00 ns, 23.6173 ns/op
WorkloadPilot    4: 10616832 op, 250050485.00 ns, 23.5523 ns/op

OverheadWarmup   1: 10616832 op, 4626.00 ns, 0.0004 ns/op
OverheadWarmup   2: 10616832 op, 4193.00 ns, 0.0004 ns/op
OverheadWarmup   3: 10616832 op, 4119.00 ns, 0.0004 ns/op
OverheadWarmup   4: 10616832 op, 4103.00 ns, 0.0004 ns/op
OverheadWarmup   5: 10616832 op, 4151.00 ns, 0.0004 ns/op
OverheadWarmup   6: 10616832 op, 4131.00 ns, 0.0004 ns/op
OverheadWarmup   7: 10616832 op, 4181.00 ns, 0.0004 ns/op
OverheadWarmup   8: 10616832 op, 4118.00 ns, 0.0004 ns/op

OverheadActual   1: 10616832 op, 5305.00 ns, 0.0005 ns/op
OverheadActual   2: 10616832 op, 4462.00 ns, 0.0004 ns/op
OverheadActual   3: 10616832 op, 4239.00 ns, 0.0004 ns/op
OverheadActual   4: 10616832 op, 4155.00 ns, 0.0004 ns/op
OverheadActual   5: 10616832 op, 4206.00 ns, 0.0004 ns/op
OverheadActual   6: 10616832 op, 4047.00 ns, 0.0004 ns/op
OverheadActual   7: 10616832 op, 4055.00 ns, 0.0004 ns/op
OverheadActual   8: 10616832 op, 4011.00 ns, 0.0004 ns/op
OverheadActual   9: 10616832 op, 4022.00 ns, 0.0004 ns/op
OverheadActual  10: 10616832 op, 4046.00 ns, 0.0004 ns/op
OverheadActual  11: 10616832 op, 4062.00 ns, 0.0004 ns/op
OverheadActual  12: 10616832 op, 4058.00 ns, 0.0004 ns/op
OverheadActual  13: 10616832 op, 4036.00 ns, 0.0004 ns/op
OverheadActual  14: 10616832 op, 4054.00 ns, 0.0004 ns/op
OverheadActual  15: 10616832 op, 4036.00 ns, 0.0004 ns/op

WorkloadWarmup   1: 10616832 op, 250030878.00 ns, 23.5504 ns/op
WorkloadWarmup   2: 10616832 op, 249487902.00 ns, 23.4993 ns/op
WorkloadWarmup   3: 10616832 op, 249604222.00 ns, 23.5102 ns/op
WorkloadWarmup   4: 10616832 op, 249088781.00 ns, 23.4617 ns/op
WorkloadWarmup   5: 10616832 op, 254996293.00 ns, 24.0181 ns/op
WorkloadWarmup   6: 10616832 op, 204524148.00 ns, 19.2641 ns/op
WorkloadWarmup   7: 10616832 op, 202004342.00 ns, 19.0268 ns/op
WorkloadWarmup   8: 10616832 op, 199873017.00 ns, 18.8261 ns/op
WorkloadWarmup   9: 10616832 op, 202152862.00 ns, 19.0408 ns/op
WorkloadWarmup  10: 10616832 op, 201833449.00 ns, 19.0107 ns/op
WorkloadWarmup  11: 10616832 op, 207793069.00 ns, 19.5720 ns/op
WorkloadWarmup  12: 10616832 op, 200365195.00 ns, 18.8724 ns/op
WorkloadWarmup  13: 10616832 op, 203294116.00 ns, 19.1483 ns/op
WorkloadWarmup  14: 10616832 op, 202454672.00 ns, 19.0692 ns/op
WorkloadWarmup  15: 10616832 op, 207704718.00 ns, 19.5637 ns/op
WorkloadWarmup  16: 10616832 op, 206694657.00 ns, 19.4686 ns/op

// BeforeActualRun
WorkloadActual   1: 10616832 op, 205768996.00 ns, 19.3814 ns/op
WorkloadActual   2: 10616832 op, 204222707.00 ns, 19.2357 ns/op
WorkloadActual   3: 10616832 op, 205813957.00 ns, 19.3856 ns/op
WorkloadActual   4: 10616832 op, 210753333.00 ns, 19.8509 ns/op
WorkloadActual   5: 10616832 op, 203807166.00 ns, 19.1966 ns/op
WorkloadActual   6: 10616832 op, 204373243.00 ns, 19.2499 ns/op
WorkloadActual   7: 10616832 op, 229041111.00 ns, 21.5734 ns/op
WorkloadActual   8: 10616832 op, 203820479.00 ns, 19.1979 ns/op
WorkloadActual   9: 10616832 op, 205172167.00 ns, 19.3252 ns/op
WorkloadActual  10: 10616832 op, 211366929.00 ns, 19.9087 ns/op
WorkloadActual  11: 10616832 op, 205554413.00 ns, 19.3612 ns/op
WorkloadActual  12: 10616832 op, 214122517.00 ns, 20.1682 ns/op

// AfterActualRun
WorkloadResult   1: 10616832 op, 205764941.00 ns, 19.3810 ns/op
WorkloadResult   2: 10616832 op, 204218652.00 ns, 19.2354 ns/op
WorkloadResult   3: 10616832 op, 205809902.00 ns, 19.3852 ns/op
WorkloadResult   4: 10616832 op, 210749278.00 ns, 19.8505 ns/op
WorkloadResult   5: 10616832 op, 203803111.00 ns, 19.1962 ns/op
WorkloadResult   6: 10616832 op, 204369188.00 ns, 19.2495 ns/op
WorkloadResult   7: 10616832 op, 203816424.00 ns, 19.1975 ns/op
WorkloadResult   8: 10616832 op, 205168112.00 ns, 19.3248 ns/op
WorkloadResult   9: 10616832 op, 211362874.00 ns, 19.9083 ns/op
WorkloadResult  10: 10616832 op, 205550358.00 ns, 19.3608 ns/op
WorkloadResult  11: 10616832 op, 214118462.00 ns, 20.1678 ns/op
// GC:  0 0 0 0 10616832
// Threading:  0 0 10616832

// AfterAll
// Benchmark Process 2194185 has exited with code 0.

Mean = 19.478 ns, StdErr = 0.101 ns (0.52%), N = 11, StdDev = 0.335 ns
Min = 19.196 ns, Q1 = 19.242 ns, Median = 19.361 ns, Q3 = 19.618 ns, Max = 20.168 ns
IQR = 0.375 ns, LowerFence = 18.679 ns, UpperFence = 20.181 ns
ConfidenceInterval = [19.014 ns; 19.942 ns] (CI 99.9%), Margin = 0.464 ns (2.38% of Mean)
Skewness = 0.92, Kurtosis = 2.16, MValue = 2

// ** Remained 26 (52.0%) benchmark(s) to run. Estimated finish 2026-09-12 14:01 (0h 2m from now) **
// **************************
// Benchmark: DataAuthoredQueryBenchmarks.FacadeNoDispatch: Jit(IterationCount=12, IterationTime=250ms, WarmupCount=16) [Shape=SixteenTracks, Pattern=Forward]
// *** Execute ***
// Launch: 1 / 1
// Execute: dotnet Alpha-Jit-1.dll --anonymousPipes 120 121 --benchmarkName "DataAuthoredQueryBenchmarks.FacadeNoDispatch(Shape: SixteenTracks, Pattern: Forward)" --job Jit --benchmarkId 24 in /home/i/GitHub/tl-56-feat-data-authored-api/benchmarks/Alpha/bin/Release/net10.0/Alpha-Jit-1/bin/Release/net10.0
// Failed to set up high priority (Permission denied). In order to run benchmarks with high priority, make sure you have the right permissions.
// BeforeAnythingElse

// Benchmark Process Environment Information:
// BenchmarkDotNet v0.15.8
// Runtime=.NET 10.0.12 (10.0.12, 10.0.1226.42308), X64 RyuJIT x86-64-v3
// GC=Concurrent Workstation
// HardwareIntrinsics=AVX2+BMI1+BMI2+F16C+FMA+LZCNT+MOVBE,AVX,SSE3+SSSE3+SSE4.1+SSE4.2+POPCNT,X86Base+SSE+SSE2,AES+PCLMUL,AvxVnni,SERIALIZE VectorSize=256
// Job: Jit(IterationCount=12, IterationTime=250ms, WarmupCount=16)

OverheadJitting  1: 4096 op, 108549.00 ns, 26.5012 ns/op
WorkloadJitting  1: 4096 op, 445242.00 ns, 108.7017 ns/op

OverheadJitting  2: 65536 op, 186059.00 ns, 2.8390 ns/op
WorkloadJitting  2: 65536 op, 5965012.00 ns, 91.0189 ns/op

WorkloadPilot    1: 65536 op, 5655119.00 ns, 86.2903 ns/op
WorkloadPilot    2: 2949120 op, 134712190.00 ns, 45.6788 ns/op
WorkloadPilot    3: 5505024 op, 249843215.00 ns, 45.3846 ns/op
WorkloadPilot    4: 5570560 op, 254560242.00 ns, 45.6974 ns/op
WorkloadPilot    5: 5505024 op, 249346423.00 ns, 45.2943 ns/op
WorkloadPilot    6: 5570560 op, 252471153.00 ns, 45.3224 ns/op

OverheadWarmup   1: 5570560 op, 2802.00 ns, 0.0005 ns/op
OverheadWarmup   2: 5570560 op, 2337.00 ns, 0.0004 ns/op
OverheadWarmup   3: 5570560 op, 2218.00 ns, 0.0004 ns/op
OverheadWarmup   4: 5570560 op, 2217.00 ns, 0.0004 ns/op
OverheadWarmup   5: 5570560 op, 2240.00 ns, 0.0004 ns/op
OverheadWarmup   6: 5570560 op, 2208.00 ns, 0.0004 ns/op
OverheadWarmup   7: 5570560 op, 2176.00 ns, 0.0004 ns/op
OverheadWarmup   8: 5570560 op, 2177.00 ns, 0.0004 ns/op
OverheadWarmup   9: 5570560 op, 2211.00 ns, 0.0004 ns/op
OverheadWarmup  10: 5570560 op, 2156.00 ns, 0.0004 ns/op

OverheadActual   1: 5570560 op, 2348.00 ns, 0.0004 ns/op
OverheadActual   2: 5570560 op, 2360.00 ns, 0.0004 ns/op
OverheadActual   3: 5570560 op, 2555.00 ns, 0.0005 ns/op
OverheadActual   4: 5570560 op, 2287.00 ns, 0.0004 ns/op
OverheadActual   5: 5570560 op, 2563.00 ns, 0.0005 ns/op
OverheadActual   6: 5570560 op, 2214.00 ns, 0.0004 ns/op
OverheadActual   7: 5570560 op, 2177.00 ns, 0.0004 ns/op
OverheadActual   8: 5570560 op, 2164.00 ns, 0.0004 ns/op
OverheadActual   9: 5570560 op, 2170.00 ns, 0.0004 ns/op
OverheadActual  10: 5570560 op, 2182.00 ns, 0.0004 ns/op
OverheadActual  11: 5570560 op, 2179.00 ns, 0.0004 ns/op
OverheadActual  12: 5570560 op, 2439.00 ns, 0.0004 ns/op
OverheadActual  13: 5570560 op, 2251.00 ns, 0.0004 ns/op
OverheadActual  14: 5570560 op, 2177.00 ns, 0.0004 ns/op
OverheadActual  15: 5570560 op, 2233.00 ns, 0.0004 ns/op
OverheadActual  16: 5570560 op, 2274.00 ns, 0.0004 ns/op
OverheadActual  17: 5570560 op, 2258.00 ns, 0.0004 ns/op
OverheadActual  18: 5570560 op, 2304.00 ns, 0.0004 ns/op
OverheadActual  19: 5570560 op, 2219.00 ns, 0.0004 ns/op

WorkloadWarmup   1: 5570560 op, 252136014.00 ns, 45.2622 ns/op
WorkloadWarmup   2: 5570560 op, 259414443.00 ns, 46.5688 ns/op
WorkloadWarmup   3: 5570560 op, 261636330.00 ns, 46.9677 ns/op
WorkloadWarmup   4: 5570560 op, 251380831.00 ns, 45.1267 ns/op
WorkloadWarmup   5: 5570560 op, 262110382.00 ns, 47.0528 ns/op
WorkloadWarmup   6: 5570560 op, 257974654.00 ns, 46.3104 ns/op
WorkloadWarmup   7: 5570560 op, 245641671.00 ns, 44.0964 ns/op
WorkloadWarmup   8: 5570560 op, 193493305.00 ns, 34.7350 ns/op
WorkloadWarmup   9: 5570560 op, 192892388.00 ns, 34.6271 ns/op
WorkloadWarmup  10: 5570560 op, 197074972.00 ns, 35.3779 ns/op
WorkloadWarmup  11: 5570560 op, 194732038.00 ns, 34.9574 ns/op
WorkloadWarmup  12: 5570560 op, 209715614.00 ns, 37.6471 ns/op
WorkloadWarmup  13: 5570560 op, 198318193.00 ns, 35.6011 ns/op
WorkloadWarmup  14: 5570560 op, 192221156.00 ns, 34.5066 ns/op
WorkloadWarmup  15: 5570560 op, 194670769.00 ns, 34.9464 ns/op
WorkloadWarmup  16: 5570560 op, 192115210.00 ns, 34.4876 ns/op

// BeforeActualRun
WorkloadActual   1: 5570560 op, 193060960.00 ns, 34.6574 ns/op
WorkloadActual   2: 5570560 op, 196302026.00 ns, 35.2392 ns/op
WorkloadActual   3: 5570560 op, 193582935.00 ns, 34.7511 ns/op
WorkloadActual   4: 5570560 op, 193482998.00 ns, 34.7331 ns/op
WorkloadActual   5: 5570560 op, 193183768.00 ns, 34.6794 ns/op
WorkloadActual   6: 5570560 op, 192629451.00 ns, 34.5799 ns/op
WorkloadActual   7: 5570560 op, 193807750.00 ns, 34.7914 ns/op
WorkloadActual   8: 5570560 op, 192648304.00 ns, 34.5833 ns/op
WorkloadActual   9: 5570560 op, 189111831.00 ns, 33.9484 ns/op
WorkloadActual  10: 5570560 op, 210501948.00 ns, 37.7883 ns/op
WorkloadActual  11: 5570560 op, 187543785.00 ns, 33.6670 ns/op
WorkloadActual  12: 5570560 op, 187822798.00 ns, 33.7170 ns/op

// AfterActualRun
WorkloadResult   1: 5570560 op, 193058709.00 ns, 34.6570 ns/op
WorkloadResult   2: 5570560 op, 196299775.00 ns, 35.2388 ns/op
WorkloadResult   3: 5570560 op, 193580684.00 ns, 34.7507 ns/op
WorkloadResult   4: 5570560 op, 193480747.00 ns, 34.7327 ns/op
WorkloadResult   5: 5570560 op, 193181517.00 ns, 34.6790 ns/op
WorkloadResult   6: 5570560 op, 192627200.00 ns, 34.5795 ns/op
WorkloadResult   7: 5570560 op, 193805499.00 ns, 34.7910 ns/op
WorkloadResult   8: 5570560 op, 192646053.00 ns, 34.5829 ns/op
WorkloadResult   9: 5570560 op, 189109580.00 ns, 33.9480 ns/op
WorkloadResult  10: 5570560 op, 187541534.00 ns, 33.6665 ns/op
WorkloadResult  11: 5570560 op, 187820547.00 ns, 33.7166 ns/op
// GC:  0 0 0 0 5570560
// Threading:  0 0 5570560

// AfterAll
// Benchmark Process 2201173 has exited with code 0.

Mean = 34.486 ns, StdErr = 0.149 ns (0.43%), N = 11, StdDev = 0.493 ns
Min = 33.667 ns, Q1 = 34.264 ns, Median = 34.657 ns, Q3 = 34.742 ns, Max = 35.239 ns
IQR = 0.478 ns, LowerFence = 33.547 ns, UpperFence = 35.459 ns
ConfidenceInterval = [33.804 ns; 35.167 ns] (CI 99.9%), Margin = 0.681 ns (1.98% of Mean)
Skewness = -0.5, Kurtosis = 1.89, MValue = 2

// ** Remained 25 (50.0%) benchmark(s) to run. Estimated finish 2026-09-12 14:01 (0h 2m from now) **
// **************************
// Benchmark: DataAuthoredQueryBenchmarks.DirectShape: Jit(IterationCount=12, IterationTime=250ms, WarmupCount=16) [Shape=SixteenTracks, Pattern=Alternating]
// *** Execute ***
// Launch: 1 / 1
// Execute: dotnet Alpha-Jit-1.dll --anonymousPipes 122 123 --benchmarkName "DataAuthoredQueryBenchmarks.DirectShape(Shape: SixteenTracks, Pattern: Alternating)" --job Jit --benchmarkId 25 in /home/i/GitHub/tl-56-feat-data-authored-api/benchmarks/Alpha/bin/Release/net10.0/Alpha-Jit-1/bin/Release/net10.0
// Failed to set up high priority (Permission denied). In order to run benchmarks with high priority, make sure you have the right permissions.
// BeforeAnythingElse

// Benchmark Process Environment Information:
// BenchmarkDotNet v0.15.8
// Runtime=.NET 10.0.12 (10.0.12, 10.0.1226.42308), X64 RyuJIT x86-64-v3
// GC=Concurrent Workstation
// HardwareIntrinsics=AVX2+BMI1+BMI2+F16C+FMA+LZCNT+MOVBE,AVX,SSE3+SSSE3+SSE4.1+SSE4.2+POPCNT,X86Base+SSE+SSE2,AES+PCLMUL,AvxVnni,SERIALIZE VectorSize=256
// Job: Jit(IterationCount=12, IterationTime=250ms, WarmupCount=16)

OverheadJitting  1: 4096 op, 103978.00 ns, 25.3853 ns/op
WorkloadJitting  1: 4096 op, 1565751.00 ns, 382.2634 ns/op

OverheadJitting  2: 65536 op, 125043.00 ns, 1.9080 ns/op
WorkloadJitting  2: 65536 op, 1467361.00 ns, 22.3902 ns/op

WorkloadPilot    1: 65536 op, 1146838.00 ns, 17.4994 ns/op
WorkloadPilot    2: 14286848 op, 240412501.00 ns, 16.8275 ns/op
WorkloadPilot    3: 14876672 op, 255964225.00 ns, 17.2057 ns/op
WorkloadPilot    4: 14548992 op, 250907201.00 ns, 17.2457 ns/op

OverheadWarmup   1: 14548992 op, 5174.00 ns, 0.0004 ns/op
OverheadWarmup   2: 14548992 op, 4824.00 ns, 0.0003 ns/op
OverheadWarmup   3: 14548992 op, 4779.00 ns, 0.0003 ns/op
OverheadWarmup   4: 14548992 op, 4774.00 ns, 0.0003 ns/op
OverheadWarmup   5: 14548992 op, 4841.00 ns, 0.0003 ns/op
OverheadWarmup   6: 14548992 op, 4840.00 ns, 0.0003 ns/op
OverheadWarmup   7: 14548992 op, 4800.00 ns, 0.0003 ns/op
OverheadWarmup   8: 14548992 op, 4795.00 ns, 0.0003 ns/op
OverheadWarmup   9: 14548992 op, 4867.00 ns, 0.0003 ns/op
OverheadWarmup  10: 14548992 op, 4890.00 ns, 0.0003 ns/op

OverheadActual   1: 14548992 op, 5211.00 ns, 0.0004 ns/op
OverheadActual   2: 14548992 op, 5106.00 ns, 0.0004 ns/op
OverheadActual   3: 14548992 op, 5420.00 ns, 0.0004 ns/op
OverheadActual   4: 14548992 op, 4891.00 ns, 0.0003 ns/op
OverheadActual   5: 14548992 op, 5072.00 ns, 0.0003 ns/op
OverheadActual   6: 14548992 op, 4787.00 ns, 0.0003 ns/op
OverheadActual   7: 14548992 op, 4780.00 ns, 0.0003 ns/op
OverheadActual   8: 14548992 op, 5973.00 ns, 0.0004 ns/op
OverheadActual   9: 14548992 op, 4853.00 ns, 0.0003 ns/op
OverheadActual  10: 14548992 op, 4908.00 ns, 0.0003 ns/op
OverheadActual  11: 14548992 op, 4844.00 ns, 0.0003 ns/op
OverheadActual  12: 14548992 op, 4884.00 ns, 0.0003 ns/op
OverheadActual  13: 14548992 op, 4930.00 ns, 0.0003 ns/op
OverheadActual  14: 14548992 op, 4963.00 ns, 0.0003 ns/op
OverheadActual  15: 14548992 op, 4900.00 ns, 0.0003 ns/op

WorkloadWarmup   1: 14548992 op, 248428911.00 ns, 17.0753 ns/op
WorkloadWarmup   2: 14548992 op, 250559139.00 ns, 17.2218 ns/op
WorkloadWarmup   3: 14548992 op, 247758183.00 ns, 17.0292 ns/op
WorkloadWarmup   4: 14548992 op, 248525565.00 ns, 17.0820 ns/op
WorkloadWarmup   5: 14548992 op, 261601902.00 ns, 17.9808 ns/op
WorkloadWarmup   6: 14548992 op, 271679010.00 ns, 18.6734 ns/op
WorkloadWarmup   7: 14548992 op, 271185521.00 ns, 18.6395 ns/op
WorkloadWarmup   8: 14548992 op, 271079800.00 ns, 18.6322 ns/op
WorkloadWarmup   9: 14548992 op, 271844115.00 ns, 18.6847 ns/op
WorkloadWarmup  10: 14548992 op, 275590231.00 ns, 18.9422 ns/op
WorkloadWarmup  11: 14548992 op, 270845166.00 ns, 18.6161 ns/op
WorkloadWarmup  12: 14548992 op, 272498267.00 ns, 18.7297 ns/op
WorkloadWarmup  13: 14548992 op, 275277954.00 ns, 18.9208 ns/op
WorkloadWarmup  14: 14548992 op, 270570632.00 ns, 18.5972 ns/op
WorkloadWarmup  15: 14548992 op, 278009291.00 ns, 19.1085 ns/op
WorkloadWarmup  16: 14548992 op, 270316134.00 ns, 18.5797 ns/op

// BeforeActualRun
WorkloadActual   1: 14548992 op, 271047070.00 ns, 18.6300 ns/op
WorkloadActual   2: 14548992 op, 271431196.00 ns, 18.6564 ns/op
WorkloadActual   3: 14548992 op, 271767914.00 ns, 18.6795 ns/op
WorkloadActual   4: 14548992 op, 271366130.00 ns, 18.6519 ns/op
WorkloadActual   5: 14548992 op, 290588638.00 ns, 19.9731 ns/op
WorkloadActual   6: 14548992 op, 271450975.00 ns, 18.6577 ns/op
WorkloadActual   7: 14548992 op, 270721003.00 ns, 18.6075 ns/op
WorkloadActual   8: 14548992 op, 268827269.00 ns, 18.4774 ns/op
WorkloadActual   9: 14548992 op, 272191212.00 ns, 18.7086 ns/op
WorkloadActual  10: 14548992 op, 273062144.00 ns, 18.7685 ns/op
WorkloadActual  11: 14548992 op, 272035559.00 ns, 18.6979 ns/op
WorkloadActual  12: 14548992 op, 270784123.00 ns, 18.6119 ns/op

// AfterActualRun
WorkloadResult   1: 14548992 op, 271042162.00 ns, 18.6296 ns/op
WorkloadResult   2: 14548992 op, 271426288.00 ns, 18.6560 ns/op
WorkloadResult   3: 14548992 op, 271763006.00 ns, 18.6792 ns/op
WorkloadResult   4: 14548992 op, 271361222.00 ns, 18.6515 ns/op
WorkloadResult   5: 14548992 op, 271446067.00 ns, 18.6574 ns/op
WorkloadResult   6: 14548992 op, 270716095.00 ns, 18.6072 ns/op
WorkloadResult   7: 14548992 op, 268822361.00 ns, 18.4770 ns/op
WorkloadResult   8: 14548992 op, 272186304.00 ns, 18.7083 ns/op
WorkloadResult   9: 14548992 op, 273057236.00 ns, 18.7681 ns/op
WorkloadResult  10: 14548992 op, 272030651.00 ns, 18.6976 ns/op
WorkloadResult  11: 14548992 op, 270779215.00 ns, 18.6115 ns/op
// GC:  0 0 0 0 14548992
// Threading:  0 0 14548992

// AfterAll
// Benchmark Process 2208323 has exited with code 0.

Mean = 18.649 ns, StdErr = 0.022 ns (0.12%), N = 11, StdDev = 0.074 ns
Min = 18.477 ns, Q1 = 18.621 ns, Median = 18.656 ns, Q3 = 18.688 ns, Max = 18.768 ns
IQR = 0.068 ns, LowerFence = 18.519 ns, UpperFence = 18.790 ns
ConfidenceInterval = [18.548 ns; 18.751 ns] (CI 99.9%), Margin = 0.102 ns (0.55% of Mean)
Skewness = -0.74, Kurtosis = 3.42, MValue = 2

// ** Remained 24 (48.0%) benchmark(s) to run. Estimated finish 2026-09-12 14:01 (0h 2m from now) **
// **************************
// Benchmark: DataAuthoredQueryBenchmarks.GeneratedShape: Jit(IterationCount=12, IterationTime=250ms, WarmupCount=16) [Shape=SixteenTracks, Pattern=Alternating]
// *** Execute ***
// Launch: 1 / 1
// Execute: dotnet Alpha-Jit-1.dll --anonymousPipes 120 121 --benchmarkName "DataAuthoredQueryBenchmarks.GeneratedShape(Shape: SixteenTracks, Pattern: Alternating)" --job Jit --benchmarkId 26 in /home/i/GitHub/tl-56-feat-data-authored-api/benchmarks/Alpha/bin/Release/net10.0/Alpha-Jit-1/bin/Release/net10.0
// Failed to set up high priority (Permission denied). In order to run benchmarks with high priority, make sure you have the right permissions.
// BeforeAnythingElse

// Benchmark Process Environment Information:
// BenchmarkDotNet v0.15.8
// Runtime=.NET 10.0.12 (10.0.12, 10.0.1226.42308), X64 RyuJIT x86-64-v3
// GC=Concurrent Workstation
// HardwareIntrinsics=AVX2+BMI1+BMI2+F16C+FMA+LZCNT+MOVBE,AVX,SSE3+SSSE3+SSE4.1+SSE4.2+POPCNT,X86Base+SSE+SSE2,AES+PCLMUL,AvxVnni,SERIALIZE VectorSize=256
// Job: Jit(IterationCount=12, IterationTime=250ms, WarmupCount=16)

OverheadJitting  1: 4096 op, 105294.00 ns, 25.7065 ns/op
WorkloadJitting  1: 4096 op, 994297.00 ns, 242.7483 ns/op

OverheadJitting  2: 65536 op, 127400.00 ns, 1.9440 ns/op
WorkloadJitting  2: 65536 op, 11866134.00 ns, 181.0628 ns/op

WorkloadPilot    1: 65536 op, 9368867.00 ns, 142.9576 ns/op
WorkloadPilot    2: 1769472 op, 252590427.00 ns, 142.7490 ns/op

OverheadWarmup   1: 1769472 op, 1186.00 ns, 0.0007 ns/op
OverheadWarmup   2: 1769472 op, 775.00 ns, 0.0004 ns/op
OverheadWarmup   3: 1769472 op, 655.00 ns, 0.0004 ns/op
OverheadWarmup   4: 1769472 op, 627.00 ns, 0.0004 ns/op
OverheadWarmup   5: 1769472 op, 684.00 ns, 0.0004 ns/op
OverheadWarmup   6: 1769472 op, 700.00 ns, 0.0004 ns/op
OverheadWarmup   7: 1769472 op, 664.00 ns, 0.0004 ns/op
OverheadWarmup   8: 1769472 op, 667.00 ns, 0.0004 ns/op
OverheadWarmup   9: 1769472 op, 670.00 ns, 0.0004 ns/op
OverheadWarmup  10: 1769472 op, 669.00 ns, 0.0004 ns/op

OverheadActual   1: 1769472 op, 931.00 ns, 0.0005 ns/op
OverheadActual   2: 1769472 op, 954.00 ns, 0.0005 ns/op
OverheadActual   3: 1769472 op, 1245.00 ns, 0.0007 ns/op
OverheadActual   4: 1769472 op, 827.00 ns, 0.0005 ns/op
OverheadActual   5: 1769472 op, 887.00 ns, 0.0005 ns/op
OverheadActual   6: 1769472 op, 651.00 ns, 0.0004 ns/op
OverheadActual   7: 1769472 op, 650.00 ns, 0.0004 ns/op
OverheadActual   8: 1769472 op, 618.00 ns, 0.0003 ns/op
OverheadActual   9: 1769472 op, 618.00 ns, 0.0003 ns/op
OverheadActual  10: 1769472 op, 631.00 ns, 0.0004 ns/op
OverheadActual  11: 1769472 op, 633.00 ns, 0.0004 ns/op
OverheadActual  12: 1769472 op, 655.00 ns, 0.0004 ns/op
OverheadActual  13: 1769472 op, 708.00 ns, 0.0004 ns/op
OverheadActual  14: 1769472 op, 677.00 ns, 0.0004 ns/op
OverheadActual  15: 1769472 op, 662.00 ns, 0.0004 ns/op
OverheadActual  16: 1769472 op, 721.00 ns, 0.0004 ns/op
OverheadActual  17: 1769472 op, 689.00 ns, 0.0004 ns/op
OverheadActual  18: 1769472 op, 872.00 ns, 0.0005 ns/op
OverheadActual  19: 1769472 op, 768.00 ns, 0.0004 ns/op
OverheadActual  20: 1769472 op, 799.00 ns, 0.0005 ns/op

WorkloadWarmup   1: 1769472 op, 252858012.00 ns, 142.9003 ns/op
WorkloadWarmup   2: 1769472 op, 259614197.00 ns, 146.7185 ns/op
WorkloadWarmup   3: 1769472 op, 247836450.00 ns, 140.0624 ns/op
WorkloadWarmup   4: 1769472 op, 249560367.00 ns, 141.0366 ns/op
WorkloadWarmup   5: 1769472 op, 251082988.00 ns, 141.8971 ns/op
WorkloadWarmup   6: 1769472 op, 251707986.00 ns, 142.2503 ns/op
WorkloadWarmup   7: 1769472 op, 171882807.00 ns, 97.1379 ns/op
WorkloadWarmup   8: 1769472 op, 37761872.00 ns, 21.3408 ns/op
WorkloadWarmup   9: 1769472 op, 37533162.00 ns, 21.2115 ns/op
WorkloadWarmup  10: 1769472 op, 37321343.00 ns, 21.0918 ns/op
WorkloadWarmup  11: 1769472 op, 38515420.00 ns, 21.7666 ns/op
WorkloadWarmup  12: 1769472 op, 37762414.00 ns, 21.3411 ns/op
WorkloadWarmup  13: 1769472 op, 37251833.00 ns, 21.0525 ns/op
WorkloadWarmup  14: 1769472 op, 36280908.00 ns, 20.5038 ns/op
WorkloadWarmup  15: 1769472 op, 42645387.00 ns, 24.1006 ns/op
WorkloadWarmup  16: 1769472 op, 35698378.00 ns, 20.1746 ns/op

// BeforeActualRun
WorkloadActual   1: 1769472 op, 36668768.00 ns, 20.7230 ns/op
WorkloadActual   2: 1769472 op, 36786706.00 ns, 20.7897 ns/op
WorkloadActual   3: 1769472 op, 36320036.00 ns, 20.5259 ns/op
WorkloadActual   4: 1769472 op, 36684195.00 ns, 20.7317 ns/op
WorkloadActual   5: 1769472 op, 36168649.00 ns, 20.4404 ns/op
WorkloadActual   6: 1769472 op, 36524658.00 ns, 20.6416 ns/op
WorkloadActual   7: 1769472 op, 39243827.00 ns, 22.1783 ns/op
WorkloadActual   8: 1769472 op, 36379434.00 ns, 20.5595 ns/op
WorkloadActual   9: 1769472 op, 36634799.00 ns, 20.7038 ns/op
WorkloadActual  10: 1769472 op, 35944227.00 ns, 20.3135 ns/op
WorkloadActual  11: 1769472 op, 36352963.00 ns, 20.5445 ns/op
WorkloadActual  12: 1769472 op, 36217291.00 ns, 20.4679 ns/op

// AfterActualRun
WorkloadResult   1: 1769472 op, 36668069.50 ns, 20.7226 ns/op
WorkloadResult   2: 1769472 op, 36786007.50 ns, 20.7893 ns/op
WorkloadResult   3: 1769472 op, 36319337.50 ns, 20.5255 ns/op
WorkloadResult   4: 1769472 op, 36683496.50 ns, 20.7313 ns/op
WorkloadResult   5: 1769472 op, 36167950.50 ns, 20.4400 ns/op
WorkloadResult   6: 1769472 op, 36523959.50 ns, 20.6412 ns/op
WorkloadResult   7: 1769472 op, 36378735.50 ns, 20.5591 ns/op
WorkloadResult   8: 1769472 op, 36634100.50 ns, 20.7034 ns/op
WorkloadResult   9: 1769472 op, 35943528.50 ns, 20.3131 ns/op
WorkloadResult  10: 1769472 op, 36352264.50 ns, 20.5441 ns/op
WorkloadResult  11: 1769472 op, 36216592.50 ns, 20.4675 ns/op
// GC:  0 0 0 0 1769472
// Threading:  0 0 1769472

// AfterAll
// Benchmark Process 2217130 has exited with code 0.

Mean = 20.585 ns, StdErr = 0.044 ns (0.21%), N = 11, StdDev = 0.146 ns
Min = 20.313 ns, Q1 = 20.496 ns, Median = 20.559 ns, Q3 = 20.713 ns, Max = 20.789 ns
IQR = 0.217 ns, LowerFence = 20.172 ns, UpperFence = 21.038 ns
ConfidenceInterval = [20.383 ns; 20.787 ns] (CI 99.9%), Margin = 0.202 ns (0.98% of Mean)
Skewness = -0.26, Kurtosis = 1.77, MValue = 2

// ** Remained 23 (46.0%) benchmark(s) to run. Estimated finish 2026-09-12 14:01 (0h 2m from now) **
// **************************
// Benchmark: DataAuthoredQueryBenchmarks.DataAuthoredFacade: Jit(IterationCount=12, IterationTime=250ms, WarmupCount=16) [Shape=SixteenTracks, Pattern=Alternating]
// *** Execute ***
// Launch: 1 / 1
// Execute: dotnet Alpha-Jit-1.dll --anonymousPipes 120 121 --benchmarkName "DataAuthoredQueryBenchmarks.DataAuthoredFacade(Shape: SixteenTracks, Pattern: Alternating)" --job Jit --benchmarkId 27 in /home/i/GitHub/tl-56-feat-data-authored-api/benchmarks/Alpha/bin/Release/net10.0/Alpha-Jit-1/bin/Release/net10.0
// Failed to set up high priority (Permission denied). In order to run benchmarks with high priority, make sure you have the right permissions.
// BeforeAnythingElse

// Benchmark Process Environment Information:
// BenchmarkDotNet v0.15.8
// Runtime=.NET 10.0.12 (10.0.12, 10.0.1226.42308), X64 RyuJIT x86-64-v3
// GC=Concurrent Workstation
// HardwareIntrinsics=AVX2+BMI1+BMI2+F16C+FMA+LZCNT+MOVBE,AVX,SSE3+SSSE3+SSE4.1+SSE4.2+POPCNT,X86Base+SSE+SSE2,AES+PCLMUL,AvxVnni,SERIALIZE VectorSize=256
// Job: Jit(IterationCount=12, IterationTime=250ms, WarmupCount=16)

OverheadJitting  1: 4096 op, 105524.00 ns, 25.7627 ns/op
WorkloadJitting  1: 4096 op, 1326075.00 ns, 323.7488 ns/op

OverheadJitting  2: 65536 op, 129714.00 ns, 1.9793 ns/op
WorkloadJitting  2: 65536 op, 19036344.00 ns, 290.4716 ns/op

WorkloadPilot    1: 65536 op, 18845109.00 ns, 287.5535 ns/op
WorkloadPilot    2: 917504 op, 252867762.00 ns, 275.6040 ns/op

OverheadWarmup   1: 917504 op, 870.00 ns, 0.0009 ns/op
OverheadWarmup   2: 917504 op, 429.00 ns, 0.0005 ns/op
OverheadWarmup   3: 917504 op, 378.00 ns, 0.0004 ns/op
OverheadWarmup   4: 917504 op, 375.00 ns, 0.0004 ns/op
OverheadWarmup   5: 917504 op, 507.00 ns, 0.0006 ns/op
OverheadWarmup   6: 917504 op, 517.00 ns, 0.0006 ns/op
OverheadWarmup   7: 917504 op, 488.00 ns, 0.0005 ns/op
OverheadWarmup   8: 917504 op, 627.00 ns, 0.0007 ns/op
OverheadWarmup   9: 917504 op, 443.00 ns, 0.0005 ns/op

OverheadActual   1: 917504 op, 901.00 ns, 0.0010 ns/op
OverheadActual   2: 917504 op, 708.00 ns, 0.0008 ns/op
OverheadActual   3: 917504 op, 644.00 ns, 0.0007 ns/op
OverheadActual   4: 917504 op, 464.00 ns, 0.0005 ns/op
OverheadActual   5: 917504 op, 587.00 ns, 0.0006 ns/op
OverheadActual   6: 917504 op, 421.00 ns, 0.0005 ns/op
OverheadActual   7: 917504 op, 363.00 ns, 0.0004 ns/op
OverheadActual   8: 917504 op, 386.00 ns, 0.0004 ns/op
OverheadActual   9: 917504 op, 377.00 ns, 0.0004 ns/op
OverheadActual  10: 917504 op, 374.00 ns, 0.0004 ns/op
OverheadActual  11: 917504 op, 372.00 ns, 0.0004 ns/op
OverheadActual  12: 917504 op, 413.00 ns, 0.0005 ns/op
OverheadActual  13: 917504 op, 411.00 ns, 0.0004 ns/op
OverheadActual  14: 917504 op, 393.00 ns, 0.0004 ns/op
OverheadActual  15: 917504 op, 410.00 ns, 0.0004 ns/op
OverheadActual  16: 917504 op, 397.00 ns, 0.0004 ns/op
OverheadActual  17: 917504 op, 410.00 ns, 0.0004 ns/op
OverheadActual  18: 917504 op, 563.00 ns, 0.0006 ns/op
OverheadActual  19: 917504 op, 414.00 ns, 0.0005 ns/op
OverheadActual  20: 917504 op, 444.00 ns, 0.0005 ns/op

WorkloadWarmup   1: 917504 op, 252005486.00 ns, 274.6642 ns/op
WorkloadWarmup   2: 917504 op, 250682151.00 ns, 273.2219 ns/op
WorkloadWarmup   3: 917504 op, 252625883.00 ns, 275.3404 ns/op
WorkloadWarmup   4: 917504 op, 251579038.00 ns, 274.1994 ns/op
WorkloadWarmup   5: 917504 op, 251567692.00 ns, 274.1870 ns/op
WorkloadWarmup   6: 917504 op, 253819098.00 ns, 276.6409 ns/op
WorkloadWarmup   7: 917504 op, 157329638.00 ns, 171.4757 ns/op
WorkloadWarmup   8: 917504 op, 69263587.00 ns, 75.4913 ns/op
WorkloadWarmup   9: 917504 op, 68239283.00 ns, 74.3749 ns/op
WorkloadWarmup  10: 917504 op, 68442047.00 ns, 74.5959 ns/op
WorkloadWarmup  11: 917504 op, 68037618.00 ns, 74.1551 ns/op
WorkloadWarmup  12: 917504 op, 69827212.00 ns, 76.1056 ns/op
WorkloadWarmup  13: 917504 op, 68080270.00 ns, 74.2016 ns/op
WorkloadWarmup  14: 917504 op, 70389134.00 ns, 76.7181 ns/op
WorkloadWarmup  15: 917504 op, 69087610.00 ns, 75.2995 ns/op
WorkloadWarmup  16: 917504 op, 68555645.00 ns, 74.7197 ns/op

// BeforeActualRun
WorkloadActual   1: 917504 op, 69829755.00 ns, 76.1084 ns/op
WorkloadActual   2: 917504 op, 69328498.00 ns, 75.5621 ns/op
WorkloadActual   3: 917504 op, 69069552.00 ns, 75.2798 ns/op
WorkloadActual   4: 917504 op, 73559243.00 ns, 80.1732 ns/op
WorkloadActual   5: 917504 op, 69027862.00 ns, 75.2344 ns/op
WorkloadActual   6: 917504 op, 69080155.00 ns, 75.2914 ns/op
WorkloadActual   7: 917504 op, 68900364.00 ns, 75.0954 ns/op
WorkloadActual   8: 917504 op, 69871911.00 ns, 76.1543 ns/op
WorkloadActual   9: 917504 op, 69160639.00 ns, 75.3791 ns/op
WorkloadActual  10: 917504 op, 68260726.00 ns, 74.3983 ns/op
WorkloadActual  11: 917504 op, 69693347.00 ns, 75.9597 ns/op
WorkloadActual  12: 917504 op, 68576387.00 ns, 74.7423 ns/op

// AfterActualRun
WorkloadResult   1: 917504 op, 69829343.00 ns, 76.1079 ns/op
WorkloadResult   2: 917504 op, 69328086.00 ns, 75.5616 ns/op
WorkloadResult   3: 917504 op, 69069140.00 ns, 75.2794 ns/op
WorkloadResult   4: 917504 op, 69027450.00 ns, 75.2339 ns/op
WorkloadResult   5: 917504 op, 69079743.00 ns, 75.2909 ns/op
WorkloadResult   6: 917504 op, 68899952.00 ns, 75.0950 ns/op
WorkloadResult   7: 917504 op, 69871499.00 ns, 76.1539 ns/op
WorkloadResult   8: 917504 op, 69160227.00 ns, 75.3787 ns/op
WorkloadResult   9: 917504 op, 68260314.00 ns, 74.3978 ns/op
WorkloadResult  10: 917504 op, 69692935.00 ns, 75.9593 ns/op
WorkloadResult  11: 917504 op, 68575975.00 ns, 74.7419 ns/op
// GC:  0 0 0 0 917504
// Threading:  0 0 917504

// AfterAll
// Benchmark Process 2219876 has exited with code 0.

Mean = 75.382 ns, StdErr = 0.165 ns (0.22%), N = 11, StdDev = 0.547 ns
Min = 74.398 ns, Q1 = 75.164 ns, Median = 75.291 ns, Q3 = 75.760 ns, Max = 76.154 ns
IQR = 0.596 ns, LowerFence = 74.271 ns, UpperFence = 76.654 ns
ConfidenceInterval = [74.626 ns; 76.138 ns] (CI 99.9%), Margin = 0.756 ns (1.00% of Mean)
Skewness = -0.11, Kurtosis = 1.89, MValue = 2

// ** Remained 22 (44.0%) benchmark(s) to run. Estimated finish 2026-09-12 14:01 (0h 2m from now) **
// **************************
// Benchmark: DataAuthoredQueryBenchmarks.FacadeSelectOnly: Jit(IterationCount=12, IterationTime=250ms, WarmupCount=16) [Shape=SixteenTracks, Pattern=Alternating]
// *** Execute ***
// Launch: 1 / 1
// Execute: dotnet Alpha-Jit-1.dll --anonymousPipes 120 121 --benchmarkName "DataAuthoredQueryBenchmarks.FacadeSelectOnly(Shape: SixteenTracks, Pattern: Alternating)" --job Jit --benchmarkId 28 in /home/i/GitHub/tl-56-feat-data-authored-api/benchmarks/Alpha/bin/Release/net10.0/Alpha-Jit-1/bin/Release/net10.0
// Failed to set up high priority (Permission denied). In order to run benchmarks with high priority, make sure you have the right permissions.
// BeforeAnythingElse

// Benchmark Process Environment Information:
// BenchmarkDotNet v0.15.8
// Runtime=.NET 10.0.12 (10.0.12, 10.0.1226.42308), X64 RyuJIT x86-64-v3
// GC=Concurrent Workstation
// HardwareIntrinsics=AVX2+BMI1+BMI2+F16C+FMA+LZCNT+MOVBE,AVX,SSE3+SSSE3+SSE4.1+SSE4.2+POPCNT,X86Base+SSE+SSE2,AES+PCLMUL,AvxVnni,SERIALIZE VectorSize=256
// Job: Jit(IterationCount=12, IterationTime=250ms, WarmupCount=16)

OverheadJitting  1: 4096 op, 105837.00 ns, 25.8391 ns/op
WorkloadJitting  1: 4096 op, 255820.00 ns, 62.4561 ns/op

OverheadJitting  2: 65536 op, 126542.00 ns, 1.9309 ns/op
WorkloadJitting  2: 65536 op, 2987034.00 ns, 45.5785 ns/op

WorkloadPilot    1: 65536 op, 1757236.00 ns, 26.8133 ns/op
WorkloadPilot    2: 9371648 op, 260459415.00 ns, 27.7923 ns/op
WorkloadPilot    3: 9043968 op, 254937012.00 ns, 28.1886 ns/op
WorkloadPilot    4: 8912896 op, 249215882.00 ns, 27.9613 ns/op
WorkloadPilot    5: 8978432 op, 253231748.00 ns, 28.2045 ns/op

OverheadWarmup   1: 8978432 op, 3515.00 ns, 0.0004 ns/op
OverheadWarmup   2: 8978432 op, 3175.00 ns, 0.0004 ns/op
OverheadWarmup   3: 8978432 op, 3109.00 ns, 0.0003 ns/op
OverheadWarmup   4: 8978432 op, 3076.00 ns, 0.0003 ns/op
OverheadWarmup   5: 8978432 op, 3091.00 ns, 0.0003 ns/op
OverheadWarmup   6: 8978432 op, 3086.00 ns, 0.0003 ns/op
OverheadWarmup   7: 8978432 op, 3104.00 ns, 0.0003 ns/op
OverheadWarmup   8: 8978432 op, 3120.00 ns, 0.0003 ns/op
OverheadWarmup   9: 8978432 op, 3121.00 ns, 0.0003 ns/op
OverheadWarmup  10: 8978432 op, 3105.00 ns, 0.0003 ns/op

OverheadActual   1: 8978432 op, 3645.00 ns, 0.0004 ns/op
OverheadActual   2: 8978432 op, 3253.00 ns, 0.0004 ns/op
OverheadActual   3: 8978432 op, 3251.00 ns, 0.0004 ns/op
OverheadActual   4: 8978432 op, 3136.00 ns, 0.0003 ns/op
OverheadActual   5: 8978432 op, 3257.00 ns, 0.0004 ns/op
OverheadActual   6: 8978432 op, 3065.00 ns, 0.0003 ns/op
OverheadActual   7: 8978432 op, 3038.00 ns, 0.0003 ns/op
OverheadActual   8: 8978432 op, 3046.00 ns, 0.0003 ns/op
OverheadActual   9: 8978432 op, 3027.00 ns, 0.0003 ns/op
OverheadActual  10: 8978432 op, 3040.00 ns, 0.0003 ns/op
OverheadActual  11: 8978432 op, 3032.00 ns, 0.0003 ns/op
OverheadActual  12: 8978432 op, 3039.00 ns, 0.0003 ns/op
OverheadActual  13: 8978432 op, 3051.00 ns, 0.0003 ns/op
OverheadActual  14: 8978432 op, 3069.00 ns, 0.0003 ns/op
OverheadActual  15: 8978432 op, 3069.00 ns, 0.0003 ns/op

WorkloadWarmup   1: 8978432 op, 252743753.00 ns, 28.1501 ns/op
WorkloadWarmup   2: 8978432 op, 251246271.00 ns, 27.9833 ns/op
WorkloadWarmup   3: 8978432 op, 251955532.00 ns, 28.0623 ns/op
WorkloadWarmup   4: 8978432 op, 258551410.00 ns, 28.7969 ns/op
WorkloadWarmup   5: 8978432 op, 252629041.00 ns, 28.1373 ns/op
WorkloadWarmup   6: 8978432 op, 254333782.00 ns, 28.3272 ns/op
WorkloadWarmup   7: 8978432 op, 260694899.00 ns, 29.0357 ns/op
WorkloadWarmup   8: 8978432 op, 225517009.00 ns, 25.1176 ns/op
WorkloadWarmup   9: 8978432 op, 197413463.00 ns, 21.9875 ns/op
WorkloadWarmup  10: 8978432 op, 203882236.00 ns, 22.7080 ns/op
WorkloadWarmup  11: 8978432 op, 197434072.00 ns, 21.9898 ns/op
WorkloadWarmup  12: 8978432 op, 199275873.00 ns, 22.1950 ns/op
WorkloadWarmup  13: 8978432 op, 203445572.00 ns, 22.6594 ns/op
WorkloadWarmup  14: 8978432 op, 201158192.00 ns, 22.4046 ns/op
WorkloadWarmup  15: 8978432 op, 195863482.00 ns, 21.8149 ns/op
WorkloadWarmup  16: 8978432 op, 200482818.00 ns, 22.3294 ns/op

// BeforeActualRun
WorkloadActual   1: 8978432 op, 198136512.00 ns, 22.0681 ns/op
WorkloadActual   2: 8978432 op, 204316892.00 ns, 22.7564 ns/op
WorkloadActual   3: 8978432 op, 202935547.00 ns, 22.6026 ns/op
WorkloadActual   4: 8978432 op, 197986733.00 ns, 22.0514 ns/op
WorkloadActual   5: 8978432 op, 200782562.00 ns, 22.3628 ns/op
WorkloadActual   6: 8978432 op, 203876045.00 ns, 22.7073 ns/op
WorkloadActual   7: 8978432 op, 203554388.00 ns, 22.6715 ns/op
WorkloadActual   8: 8978432 op, 201365215.00 ns, 22.4277 ns/op
WorkloadActual   9: 8978432 op, 206085428.00 ns, 22.9534 ns/op
WorkloadActual  10: 8978432 op, 214657890.00 ns, 23.9082 ns/op
WorkloadActual  11: 8978432 op, 199247004.00 ns, 22.1917 ns/op
WorkloadActual  12: 8978432 op, 200276684.00 ns, 22.3064 ns/op

// AfterActualRun
WorkloadResult   1: 8978432 op, 198133447.00 ns, 22.0677 ns/op
WorkloadResult   2: 8978432 op, 204313827.00 ns, 22.7561 ns/op
WorkloadResult   3: 8978432 op, 202932482.00 ns, 22.6022 ns/op
WorkloadResult   4: 8978432 op, 197983668.00 ns, 22.0510 ns/op
WorkloadResult   5: 8978432 op, 200779497.00 ns, 22.3624 ns/op
WorkloadResult   6: 8978432 op, 203872980.00 ns, 22.7070 ns/op
WorkloadResult   7: 8978432 op, 203551323.00 ns, 22.6711 ns/op
WorkloadResult   8: 8978432 op, 201362150.00 ns, 22.4273 ns/op
WorkloadResult   9: 8978432 op, 206082363.00 ns, 22.9530 ns/op
WorkloadResult  10: 8978432 op, 199243939.00 ns, 22.1914 ns/op
WorkloadResult  11: 8978432 op, 200273619.00 ns, 22.3061 ns/op
// GC:  0 0 0 0 8978432
// Threading:  0 0 8978432

// AfterAll
// Benchmark Process 2223555 has exited with code 0.

Mean = 22.463 ns, StdErr = 0.090 ns (0.40%), N = 11, StdDev = 0.297 ns
Min = 22.051 ns, Q1 = 22.249 ns, Median = 22.427 ns, Q3 = 22.689 ns, Max = 22.953 ns
IQR = 0.440 ns, LowerFence = 21.588 ns, UpperFence = 23.350 ns
ConfidenceInterval = [22.052 ns; 22.874 ns] (CI 99.9%), Margin = 0.411 ns (1.83% of Mean)
Skewness = 0.04, Kurtosis = 1.51, MValue = 2

// ** Remained 21 (42.0%) benchmark(s) to run. Estimated finish 2026-09-12 14:01 (0h 2m from now) **
// **************************
// Benchmark: DataAuthoredQueryBenchmarks.FacadeNoDispatch: Jit(IterationCount=12, IterationTime=250ms, WarmupCount=16) [Shape=SixteenTracks, Pattern=Alternating]
// *** Execute ***
// Launch: 1 / 1
// Execute: dotnet Alpha-Jit-1.dll --anonymousPipes 120 121 --benchmarkName "DataAuthoredQueryBenchmarks.FacadeNoDispatch(Shape: SixteenTracks, Pattern: Alternating)" --job Jit --benchmarkId 29 in /home/i/GitHub/tl-56-feat-data-authored-api/benchmarks/Alpha/bin/Release/net10.0/Alpha-Jit-1/bin/Release/net10.0
// Failed to set up high priority (Permission denied). In order to run benchmarks with high priority, make sure you have the right permissions.
// BeforeAnythingElse

// Benchmark Process Environment Information:
// BenchmarkDotNet v0.15.8
// Runtime=.NET 10.0.12 (10.0.12, 10.0.1226.42308), X64 RyuJIT x86-64-v3
// GC=Concurrent Workstation
// HardwareIntrinsics=AVX2+BMI1+BMI2+F16C+FMA+LZCNT+MOVBE,AVX,SSE3+SSSE3+SSE4.1+SSE4.2+POPCNT,X86Base+SSE+SSE2,AES+PCLMUL,AvxVnni,SERIALIZE VectorSize=256
// Job: Jit(IterationCount=12, IterationTime=250ms, WarmupCount=16)

OverheadJitting  1: 4096 op, 105648.00 ns, 25.7930 ns/op
WorkloadJitting  1: 4096 op, 552941.00 ns, 134.9954 ns/op

OverheadJitting  2: 65536 op, 141541.00 ns, 2.1597 ns/op
WorkloadJitting  2: 65536 op, 4657441.00 ns, 71.0669 ns/op

WorkloadPilot    1: 65536 op, 3006900.00 ns, 45.8817 ns/op
WorkloadPilot    2: 5505024 op, 265158053.00 ns, 48.1666 ns/op
WorkloadPilot    3: 5242880 op, 241836595.00 ns, 46.1267 ns/op
WorkloadPilot    4: 5439488 op, 252497433.00 ns, 46.4193 ns/op

OverheadWarmup   1: 5439488 op, 2429.00 ns, 0.0004 ns/op
OverheadWarmup   2: 5439488 op, 1990.00 ns, 0.0004 ns/op
OverheadWarmup   3: 5439488 op, 1927.00 ns, 0.0004 ns/op
OverheadWarmup   4: 5439488 op, 1902.00 ns, 0.0003 ns/op
OverheadWarmup   5: 5439488 op, 1874.00 ns, 0.0003 ns/op
OverheadWarmup   6: 5439488 op, 1861.00 ns, 0.0003 ns/op
OverheadWarmup   7: 5439488 op, 1897.00 ns, 0.0003 ns/op
OverheadWarmup   8: 5439488 op, 1896.00 ns, 0.0003 ns/op
OverheadWarmup   9: 5439488 op, 1888.00 ns, 0.0003 ns/op
OverheadWarmup  10: 5439488 op, 1926.00 ns, 0.0004 ns/op

OverheadActual   1: 5439488 op, 2609.00 ns, 0.0005 ns/op
OverheadActual   2: 5439488 op, 2298.00 ns, 0.0004 ns/op
OverheadActual   3: 5439488 op, 2084.00 ns, 0.0004 ns/op
OverheadActual   4: 5439488 op, 1978.00 ns, 0.0004 ns/op
OverheadActual   5: 5439488 op, 2702.00 ns, 0.0005 ns/op
OverheadActual   6: 5439488 op, 2002.00 ns, 0.0004 ns/op
OverheadActual   7: 5439488 op, 1920.00 ns, 0.0004 ns/op
OverheadActual   8: 5439488 op, 1869.00 ns, 0.0003 ns/op
OverheadActual   9: 5439488 op, 1855.00 ns, 0.0003 ns/op
OverheadActual  10: 5439488 op, 1852.00 ns, 0.0003 ns/op
OverheadActual  11: 5439488 op, 1910.00 ns, 0.0004 ns/op
OverheadActual  12: 5439488 op, 1859.00 ns, 0.0003 ns/op
OverheadActual  13: 5439488 op, 1971.00 ns, 0.0004 ns/op
OverheadActual  14: 5439488 op, 1993.00 ns, 0.0004 ns/op
OverheadActual  15: 5439488 op, 2189.00 ns, 0.0004 ns/op
OverheadActual  16: 5439488 op, 2144.00 ns, 0.0004 ns/op
OverheadActual  17: 5439488 op, 2187.00 ns, 0.0004 ns/op
OverheadActual  18: 5439488 op, 2101.00 ns, 0.0004 ns/op
OverheadActual  19: 5439488 op, 1916.00 ns, 0.0004 ns/op
OverheadActual  20: 5439488 op, 1889.00 ns, 0.0003 ns/op

WorkloadWarmup   1: 5439488 op, 250941169.00 ns, 46.1332 ns/op
WorkloadWarmup   2: 5439488 op, 251016205.00 ns, 46.1470 ns/op
WorkloadWarmup   3: 5439488 op, 248977844.00 ns, 45.7723 ns/op
WorkloadWarmup   4: 5439488 op, 252485423.00 ns, 46.4171 ns/op
WorkloadWarmup   5: 5439488 op, 225152985.00 ns, 41.3923 ns/op
WorkloadWarmup   6: 5439488 op, 194439242.00 ns, 35.7459 ns/op
WorkloadWarmup   7: 5439488 op, 195512948.00 ns, 35.9433 ns/op
WorkloadWarmup   8: 5439488 op, 195557762.00 ns, 35.9515 ns/op
WorkloadWarmup   9: 5439488 op, 194614495.00 ns, 35.7781 ns/op
WorkloadWarmup  10: 5439488 op, 203219612.00 ns, 37.3601 ns/op
WorkloadWarmup  11: 5439488 op, 195586706.00 ns, 35.9568 ns/op
WorkloadWarmup  12: 5439488 op, 196295684.00 ns, 36.0872 ns/op
WorkloadWarmup  13: 5439488 op, 195429989.00 ns, 35.9280 ns/op
WorkloadWarmup  14: 5439488 op, 195766794.00 ns, 35.9899 ns/op
WorkloadWarmup  15: 5439488 op, 201094126.00 ns, 36.9693 ns/op
WorkloadWarmup  16: 5439488 op, 196458503.00 ns, 36.1171 ns/op

// BeforeActualRun
WorkloadActual   1: 5439488 op, 196718632.00 ns, 36.1649 ns/op
WorkloadActual   2: 5439488 op, 196010870.00 ns, 36.0348 ns/op
WorkloadActual   3: 5439488 op, 195835986.00 ns, 36.0027 ns/op
WorkloadActual   4: 5439488 op, 195690901.00 ns, 35.9760 ns/op
WorkloadActual   5: 5439488 op, 198901756.00 ns, 36.5663 ns/op
WorkloadActual   6: 5439488 op, 194671130.00 ns, 35.7885 ns/op
WorkloadActual   7: 5439488 op, 219012065.00 ns, 40.2634 ns/op
WorkloadActual   8: 5439488 op, 195835059.00 ns, 36.0025 ns/op
WorkloadActual   9: 5439488 op, 197466450.00 ns, 36.3024 ns/op
WorkloadActual  10: 5439488 op, 205223513.00 ns, 37.7285 ns/op
WorkloadActual  11: 5439488 op, 196171437.00 ns, 36.0643 ns/op
WorkloadActual  12: 5439488 op, 195068986.00 ns, 35.8616 ns/op

// AfterActualRun
WorkloadResult   1: 5439488 op, 196716646.50 ns, 36.1646 ns/op
WorkloadResult   2: 5439488 op, 196008884.50 ns, 36.0344 ns/op
WorkloadResult   3: 5439488 op, 195834000.50 ns, 36.0023 ns/op
WorkloadResult   4: 5439488 op, 195688915.50 ns, 35.9756 ns/op
WorkloadResult   5: 5439488 op, 198899770.50 ns, 36.5659 ns/op
WorkloadResult   6: 5439488 op, 194669144.50 ns, 35.7881 ns/op
WorkloadResult   7: 5439488 op, 195833073.50 ns, 36.0021 ns/op
WorkloadResult   8: 5439488 op, 197464464.50 ns, 36.3020 ns/op
WorkloadResult   9: 5439488 op, 196169451.50 ns, 36.0640 ns/op
WorkloadResult  10: 5439488 op, 195067000.50 ns, 35.8613 ns/op
// GC:  0 0 0 0 5439488
// Threading:  0 0 5439488

// AfterAll
// Benchmark Process 2231108 has exited with code 0.

Mean = 36.076 ns, StdErr = 0.071 ns (0.20%), N = 10, StdDev = 0.224 ns
Min = 35.788 ns, Q1 = 35.982 ns, Median = 36.018 ns, Q3 = 36.139 ns, Max = 36.566 ns
IQR = 0.157 ns, LowerFence = 35.746 ns, UpperFence = 36.375 ns
ConfidenceInterval = [35.738 ns; 36.414 ns] (CI 99.9%), Margin = 0.338 ns (0.94% of Mean)
Skewness = 0.84, Kurtosis = 2.77, MValue = 2

// ** Remained 20 (40.0%) benchmark(s) to run. Estimated finish 2026-09-12 14:01 (0h 1m from now) **
// **************************
// Benchmark: DataAuthoredQueryBenchmarks.DirectShape: Jit(IterationCount=12, IterationTime=250ms, WarmupCount=16) [Shape=TwoHundredFiftySixTracks, Pattern=Forward]
// *** Execute ***
// Launch: 1 / 1
// Execute: dotnet Alpha-Jit-1.dll --anonymousPipes 120 121 --benchmarkName "DataAuthoredQueryBenchmarks.DirectShape(Shape: TwoHundredFiftySixTracks, Pattern: Forward)" --job Jit --benchmarkId 30 in /home/i/GitHub/tl-56-feat-data-authored-api/benchmarks/Alpha/bin/Release/net10.0/Alpha-Jit-1/bin/Release/net10.0
// Failed to set up high priority (Permission denied). In order to run benchmarks with high priority, make sure you have the right permissions.
// BeforeAnythingElse

// Benchmark Process Environment Information:
// BenchmarkDotNet v0.15.8
// Runtime=.NET 10.0.12 (10.0.12, 10.0.1226.42308), X64 RyuJIT x86-64-v3
// GC=Concurrent Workstation
// HardwareIntrinsics=AVX2+BMI1+BMI2+F16C+FMA+LZCNT+MOVBE,AVX,SSE3+SSSE3+SSE4.1+SSE4.2+POPCNT,X86Base+SSE+SSE2,AES+PCLMUL,AvxVnni,SERIALIZE VectorSize=256
// Job: Jit(IterationCount=12, IterationTime=250ms, WarmupCount=16)

OverheadJitting  1: 4096 op, 105846.00 ns, 25.8413 ns/op
WorkloadJitting  1: 4096 op, 3052684.00 ns, 745.2842 ns/op

OverheadJitting  2: 65536 op, 155189.00 ns, 2.3680 ns/op
WorkloadJitting  2: 65536 op, 30211761.00 ns, 460.9949 ns/op

WorkloadPilot    1: 65536 op, 29598358.00 ns, 451.6351 ns/op
WorkloadPilot    2: 589824 op, 271121722.00 ns, 459.6655 ns/op

OverheadWarmup   1: 589824 op, 841.00 ns, 0.0014 ns/op
OverheadWarmup   2: 589824 op, 422.00 ns, 0.0007 ns/op
OverheadWarmup   3: 589824 op, 279.00 ns, 0.0005 ns/op
OverheadWarmup   4: 589824 op, 305.00 ns, 0.0005 ns/op
OverheadWarmup   5: 589824 op, 454.00 ns, 0.0008 ns/op
OverheadWarmup   6: 589824 op, 286.00 ns, 0.0005 ns/op
OverheadWarmup   7: 589824 op, 286.00 ns, 0.0005 ns/op
OverheadWarmup   8: 589824 op, 286.00 ns, 0.0005 ns/op

OverheadActual   1: 589824 op, 703.00 ns, 0.0012 ns/op
OverheadActual   2: 589824 op, 1935.00 ns, 0.0033 ns/op
OverheadActual   3: 589824 op, 872.00 ns, 0.0015 ns/op
OverheadActual   4: 589824 op, 455.00 ns, 0.0008 ns/op
OverheadActual   5: 589824 op, 450.00 ns, 0.0008 ns/op
OverheadActual   6: 589824 op, 271.00 ns, 0.0005 ns/op
OverheadActual   7: 589824 op, 266.00 ns, 0.0005 ns/op
OverheadActual   8: 589824 op, 276.00 ns, 0.0005 ns/op
OverheadActual   9: 589824 op, 266.00 ns, 0.0005 ns/op
OverheadActual  10: 589824 op, 267.00 ns, 0.0005 ns/op
OverheadActual  11: 589824 op, 298.00 ns, 0.0005 ns/op
OverheadActual  12: 589824 op, 287.00 ns, 0.0005 ns/op
OverheadActual  13: 589824 op, 289.00 ns, 0.0005 ns/op
OverheadActual  14: 589824 op, 274.00 ns, 0.0005 ns/op
OverheadActual  15: 589824 op, 282.00 ns, 0.0005 ns/op
OverheadActual  16: 589824 op, 296.00 ns, 0.0005 ns/op
OverheadActual  17: 589824 op, 308.00 ns, 0.0005 ns/op
OverheadActual  18: 589824 op, 438.00 ns, 0.0007 ns/op
OverheadActual  19: 589824 op, 336.00 ns, 0.0006 ns/op
OverheadActual  20: 589824 op, 317.00 ns, 0.0005 ns/op

WorkloadWarmup   1: 589824 op, 272298413.00 ns, 461.6604 ns/op
WorkloadWarmup   2: 589824 op, 271233998.00 ns, 459.8558 ns/op
WorkloadWarmup   3: 589824 op, 273390715.00 ns, 463.5124 ns/op
WorkloadWarmup   4: 589824 op, 269741986.00 ns, 457.3262 ns/op
WorkloadWarmup   5: 589824 op, 270910625.00 ns, 459.3076 ns/op
WorkloadWarmup   6: 589824 op, 266018819.00 ns, 451.0139 ns/op
WorkloadWarmup   7: 589824 op, 201688269.00 ns, 341.9465 ns/op
WorkloadWarmup   8: 589824 op, 202084525.00 ns, 342.6183 ns/op
WorkloadWarmup   9: 589824 op, 202924667.00 ns, 344.0427 ns/op
WorkloadWarmup  10: 589824 op, 203615678.00 ns, 345.2143 ns/op
WorkloadWarmup  11: 589824 op, 201281804.00 ns, 341.2574 ns/op
WorkloadWarmup  12: 589824 op, 203031829.00 ns, 344.2244 ns/op
WorkloadWarmup  13: 589824 op, 201445533.00 ns, 341.5350 ns/op
WorkloadWarmup  14: 589824 op, 201397261.00 ns, 341.4531 ns/op
WorkloadWarmup  15: 589824 op, 201782559.00 ns, 342.1064 ns/op
WorkloadWarmup  16: 589824 op, 201566945.00 ns, 341.7408 ns/op

// BeforeActualRun
WorkloadActual   1: 589824 op, 201502323.00 ns, 341.6313 ns/op
WorkloadActual   2: 589824 op, 202164569.00 ns, 342.7541 ns/op
WorkloadActual   3: 589824 op, 201881707.00 ns, 342.2745 ns/op
WorkloadActual   4: 589824 op, 203899391.00 ns, 345.6953 ns/op
WorkloadActual   5: 589824 op, 201840206.00 ns, 342.2041 ns/op
WorkloadActual   6: 589824 op, 200487122.00 ns, 339.9101 ns/op
WorkloadActual   7: 589824 op, 209385955.00 ns, 354.9973 ns/op
WorkloadActual   8: 589824 op, 210658538.00 ns, 357.1549 ns/op
WorkloadActual   9: 589824 op, 201308573.00 ns, 341.3028 ns/op
WorkloadActual  10: 589824 op, 200276652.00 ns, 339.5532 ns/op
WorkloadActual  11: 589824 op, 201394116.00 ns, 341.4478 ns/op
WorkloadActual  12: 589824 op, 202407352.00 ns, 343.1657 ns/op

// AfterActualRun
WorkloadResult   1: 589824 op, 201502026.00 ns, 341.6308 ns/op
WorkloadResult   2: 589824 op, 202164272.00 ns, 342.7536 ns/op
WorkloadResult   3: 589824 op, 201881410.00 ns, 342.2740 ns/op
WorkloadResult   4: 589824 op, 203899094.00 ns, 345.6948 ns/op
WorkloadResult   5: 589824 op, 201839909.00 ns, 342.2036 ns/op
WorkloadResult   6: 589824 op, 200486825.00 ns, 339.9096 ns/op
WorkloadResult   7: 589824 op, 201308276.00 ns, 341.3023 ns/op
WorkloadResult   8: 589824 op, 200276355.00 ns, 339.5527 ns/op
WorkloadResult   9: 589824 op, 201393819.00 ns, 341.4473 ns/op
WorkloadResult  10: 589824 op, 202407055.00 ns, 343.1652 ns/op
// GC:  0 0 0 0 589824
// Threading:  0 0 589824

// AfterAll
// Benchmark Process 2238201 has exited with code 0.

Mean = 341.993 ns, StdErr = 0.548 ns (0.16%), N = 10, StdDev = 1.731 ns
Min = 339.553 ns, Q1 = 341.339 ns, Median = 341.917 ns, Q3 = 342.634 ns, Max = 345.695 ns
IQR = 1.295 ns, LowerFence = 339.396 ns, UpperFence = 344.576 ns
ConfidenceInterval = [339.376 ns; 344.611 ns] (CI 99.9%), Margin = 2.618 ns (0.77% of Mean)
Skewness = 0.55, Kurtosis = 2.72, MValue = 2

// ** Remained 19 (38.0%) benchmark(s) to run. Estimated finish 2026-09-12 14:01 (0h 1m from now) **
// **************************
// Benchmark: DataAuthoredQueryBenchmarks.GeneratedShape: Jit(IterationCount=12, IterationTime=250ms, WarmupCount=16) [Shape=TwoHundredFiftySixTracks, Pattern=Forward]
// *** Execute ***
// Launch: 1 / 1
// Execute: dotnet Alpha-Jit-1.dll --anonymousPipes 120 121 --benchmarkName "DataAuthoredQueryBenchmarks.GeneratedShape(Shape: TwoHundredFiftySixTracks, Pattern: Forward)" --job Jit --benchmarkId 31 in /home/i/GitHub/tl-56-feat-data-authored-api/benchmarks/Alpha/bin/Release/net10.0/Alpha-Jit-1/bin/Release/net10.0
// Failed to set up high priority (Permission denied). In order to run benchmarks with high priority, make sure you have the right permissions.
// BeforeAnythingElse

// Benchmark Process Environment Information:
// BenchmarkDotNet v0.15.8
// Runtime=.NET 10.0.12 (10.0.12, 10.0.1226.42308), X64 RyuJIT x86-64-v3
// GC=Concurrent Workstation
// HardwareIntrinsics=AVX2+BMI1+BMI2+F16C+FMA+LZCNT+MOVBE,AVX,SSE3+SSSE3+SSE4.1+SSE4.2+POPCNT,X86Base+SSE+SSE2,AES+PCLMUL,AvxVnni,SERIALIZE VectorSize=256
// Job: Jit(IterationCount=12, IterationTime=250ms, WarmupCount=16)

OverheadJitting  1: 4096 op, 111241.00 ns, 27.1584 ns/op
WorkloadJitting  1: 4096 op, 172069227.00 ns, 42.0091 us/op

OverheadJitting  2: 4096 op, 170.00 ns, 0.0415 ns/op
WorkloadJitting  2: 4096 op, 185256565.00 ns, 45.2287 us/op

WorkloadWarmup   1: 4096 op, 172613982.00 ns, 42.1421 us/op
WorkloadWarmup   2: 4096 op, 171701520.00 ns, 41.9193 us/op
WorkloadWarmup   3: 4096 op, 204396470.00 ns, 49.9015 us/op
WorkloadWarmup   4: 4096 op, 171927965.00 ns, 41.9746 us/op
WorkloadWarmup   5: 4096 op, 171525502.00 ns, 41.8763 us/op
WorkloadWarmup   6: 4096 op, 171159676.00 ns, 41.7870 us/op
WorkloadWarmup   7: 4096 op, 171523748.00 ns, 41.8759 us/op
WorkloadWarmup   8: 4096 op, 181352446.00 ns, 44.2755 us/op
WorkloadWarmup   9: 4096 op, 142485158.00 ns, 34.7864 us/op
WorkloadWarmup  10: 4096 op, 142709315.00 ns, 34.8411 us/op
WorkloadWarmup  11: 4096 op, 141379410.00 ns, 34.5165 us/op
WorkloadWarmup  12: 4096 op, 145190118.00 ns, 35.4468 us/op
WorkloadWarmup  13: 4096 op, 143523723.00 ns, 35.0400 us/op
WorkloadWarmup  14: 4096 op, 141293966.00 ns, 34.4956 us/op
WorkloadWarmup  15: 4096 op, 141075134.00 ns, 34.4422 us/op
WorkloadWarmup  16: 4096 op, 146598287.00 ns, 35.7906 us/op

// BeforeActualRun
WorkloadActual   1: 4096 op, 140881084.00 ns, 34.3948 us/op
WorkloadActual   2: 4096 op, 137124269.00 ns, 33.4776 us/op
WorkloadActual   3: 4096 op, 138135250.00 ns, 33.7244 us/op
WorkloadActual   4: 4096 op, 140458028.00 ns, 34.2915 us/op
WorkloadActual   5: 4096 op, 141849784.00 ns, 34.6313 us/op
WorkloadActual   6: 4096 op, 141528900.00 ns, 34.5530 us/op
WorkloadActual   7: 4096 op, 149086455.00 ns, 36.3981 us/op
WorkloadActual   8: 4096 op, 140454338.00 ns, 34.2906 us/op
WorkloadActual   9: 4096 op, 140029617.00 ns, 34.1869 us/op
WorkloadActual  10: 4096 op, 139991849.00 ns, 34.1777 us/op
WorkloadActual  11: 4096 op, 138826757.00 ns, 33.8933 us/op
WorkloadActual  12: 4096 op, 140572737.00 ns, 34.3195 us/op

// AfterActualRun
WorkloadResult   1: 4096 op, 140881084.00 ns, 34.3948 us/op
WorkloadResult   2: 4096 op, 137124269.00 ns, 33.4776 us/op
WorkloadResult   3: 4096 op, 138135250.00 ns, 33.7244 us/op
WorkloadResult   4: 4096 op, 140458028.00 ns, 34.2915 us/op
WorkloadResult   5: 4096 op, 141849784.00 ns, 34.6313 us/op
WorkloadResult   6: 4096 op, 141528900.00 ns, 34.5530 us/op
WorkloadResult   7: 4096 op, 140454338.00 ns, 34.2906 us/op
WorkloadResult   8: 4096 op, 140029617.00 ns, 34.1869 us/op
WorkloadResult   9: 4096 op, 139991849.00 ns, 34.1777 us/op
WorkloadResult  10: 4096 op, 138826757.00 ns, 33.8933 us/op
WorkloadResult  11: 4096 op, 140572737.00 ns, 34.3195 us/op
// GC:  0 0 0 0 4096
// Threading:  0 0 4096

// AfterAll
// Benchmark Process 2245341 has exited with code 0.

Mean = 34.176 us, StdErr = 0.105 us (0.31%), N = 11, StdDev = 0.349 us
Min = 33.478 us, Q1 = 34.035 us, Median = 34.291 us, Q3 = 34.357 us, Max = 34.631 us
IQR = 0.322 us, LowerFence = 33.553 us, UpperFence = 34.840 us
ConfidenceInterval = [33.694 us; 34.659 us] (CI 99.9%), Margin = 0.482 us (1.41% of Mean)
Skewness = -0.63, Kurtosis = 2.17, MValue = 2

// ** Remained 18 (36.0%) benchmark(s) to run. Estimated finish 2026-09-12 14:01 (0h 1m from now) **
// **************************
// Benchmark: DataAuthoredQueryBenchmarks.DataAuthoredFacade: Jit(IterationCount=12, IterationTime=250ms, WarmupCount=16) [Shape=TwoHundredFiftySixTracks, Pattern=Forward]
// *** Execute ***
// Launch: 1 / 1
// Execute: dotnet Alpha-Jit-1.dll --anonymousPipes 120 121 --benchmarkName "DataAuthoredQueryBenchmarks.DataAuthoredFacade(Shape: TwoHundredFiftySixTracks, Pattern: Forward)" --job Jit --benchmarkId 32 in /home/i/GitHub/tl-56-feat-data-authored-api/benchmarks/Alpha/bin/Release/net10.0/Alpha-Jit-1/bin/Release/net10.0
// Failed to set up high priority (Permission denied). In order to run benchmarks with high priority, make sure you have the right permissions.
// BeforeAnythingElse

// Benchmark Process Environment Information:
// BenchmarkDotNet v0.15.8
// Runtime=.NET 10.0.12 (10.0.12, 10.0.1226.42308), X64 RyuJIT x86-64-v3
// GC=Concurrent Workstation
// HardwareIntrinsics=AVX2+BMI1+BMI2+F16C+FMA+LZCNT+MOVBE,AVX,SSE3+SSSE3+SSE4.1+SSE4.2+POPCNT,X86Base+SSE+SSE2,AES+PCLMUL,AvxVnni,SERIALIZE VectorSize=256
// Job: Jit(IterationCount=12, IterationTime=250ms, WarmupCount=16)

OverheadJitting  1: 4096 op, 114218.00 ns, 27.8853 ns/op
WorkloadJitting  1: 4096 op, 18483725.00 ns, 4.5126 us/op

WorkloadPilot    1: 16384 op, 70918716.00 ns, 4.3285 us/op
WorkloadPilot    2: 57344 op, 244071973.00 ns, 4.2563 us/op

WorkloadWarmup   1: 57344 op, 244990501.00 ns, 4.2723 us/op
WorkloadWarmup   2: 57344 op, 244595841.00 ns, 4.2654 us/op
WorkloadWarmup   3: 57344 op, 247390574.00 ns, 4.3141 us/op
WorkloadWarmup   4: 57344 op, 244715702.00 ns, 4.2675 us/op
WorkloadWarmup   5: 57344 op, 246608570.00 ns, 4.3005 us/op
WorkloadWarmup   6: 57344 op, 191360289.00 ns, 3.3371 us/op
WorkloadWarmup   7: 57344 op, 63189002.00 ns, 1.1019 us/op
WorkloadWarmup   8: 57344 op, 66253642.00 ns, 1.1554 us/op
WorkloadWarmup   9: 57344 op, 63860974.00 ns, 1.1136 us/op
WorkloadWarmup  10: 57344 op, 67849292.00 ns, 1.1832 us/op
WorkloadWarmup  11: 57344 op, 62520852.00 ns, 1.0903 us/op
WorkloadWarmup  12: 57344 op, 63666062.00 ns, 1.1102 us/op
WorkloadWarmup  13: 57344 op, 63591072.00 ns, 1.1089 us/op
WorkloadWarmup  14: 57344 op, 62281271.00 ns, 1.0861 us/op
WorkloadWarmup  15: 57344 op, 63705278.00 ns, 1.1109 us/op
WorkloadWarmup  16: 57344 op, 62175180.00 ns, 1.0842 us/op

// BeforeActualRun
WorkloadActual   1: 57344 op, 64575862.00 ns, 1.1261 us/op
WorkloadActual   2: 57344 op, 63743283.00 ns, 1.1116 us/op
WorkloadActual   3: 57344 op, 62711914.00 ns, 1.0936 us/op
WorkloadActual   4: 57344 op, 64124794.00 ns, 1.1182 us/op
WorkloadActual   5: 57344 op, 66577843.00 ns, 1.1610 us/op
WorkloadActual   6: 57344 op, 62438051.00 ns, 1.0888 us/op
WorkloadActual   7: 57344 op, 63630612.00 ns, 1.1096 us/op
WorkloadActual   8: 57344 op, 62834415.00 ns, 1.0957 us/op
WorkloadActual   9: 57344 op, 64172175.00 ns, 1.1191 us/op
WorkloadActual  10: 57344 op, 64664788.00 ns, 1.1277 us/op
WorkloadActual  11: 57344 op, 63090611.00 ns, 1.1002 us/op
WorkloadActual  12: 57344 op, 63868136.00 ns, 1.1138 us/op

// AfterActualRun
WorkloadResult   1: 57344 op, 64575862.00 ns, 1.1261 us/op
WorkloadResult   2: 57344 op, 63743283.00 ns, 1.1116 us/op
WorkloadResult   3: 57344 op, 62711914.00 ns, 1.0936 us/op
WorkloadResult   4: 57344 op, 64124794.00 ns, 1.1182 us/op
WorkloadResult   5: 57344 op, 62438051.00 ns, 1.0888 us/op
WorkloadResult   6: 57344 op, 63630612.00 ns, 1.1096 us/op
WorkloadResult   7: 57344 op, 62834415.00 ns, 1.0957 us/op
WorkloadResult   8: 57344 op, 64172175.00 ns, 1.1191 us/op
WorkloadResult   9: 57344 op, 64664788.00 ns, 1.1277 us/op
WorkloadResult  10: 57344 op, 63090611.00 ns, 1.1002 us/op
WorkloadResult  11: 57344 op, 63868136.00 ns, 1.1138 us/op
// GC:  0 0 0 0 57344
// Threading:  0 0 57344

// AfterAll
// Benchmark Process 2250513 has exited with code 0.

Mean = 1.109 us, StdErr = 0.004 us (0.36%), N = 11, StdDev = 0.013 us
Min = 1.089 us, Q1 = 1.098 us, Median = 1.112 us, Q3 = 1.119 us, Max = 1.128 us
IQR = 0.021 us, LowerFence = 1.067 us, UpperFence = 1.150 us
ConfidenceInterval = [1.091 us; 1.128 us] (CI 99.9%), Margin = 0.018 us (1.65% of Mean)
Skewness = -0.16, Kurtosis = 1.45, MValue = 2

// ** Remained 17 (34.0%) benchmark(s) to run. Estimated finish 2026-09-12 14:01 (0h 1m from now) **
// **************************
// Benchmark: DataAuthoredQueryBenchmarks.FacadeSelectOnly: Jit(IterationCount=12, IterationTime=250ms, WarmupCount=16) [Shape=TwoHundredFiftySixTracks, Pattern=Forward]
// *** Execute ***
// Launch: 1 / 1
// Execute: dotnet Alpha-Jit-1.dll --anonymousPipes 120 121 --benchmarkName "DataAuthoredQueryBenchmarks.FacadeSelectOnly(Shape: TwoHundredFiftySixTracks, Pattern: Forward)" --job Jit --benchmarkId 33 in /home/i/GitHub/tl-56-feat-data-authored-api/benchmarks/Alpha/bin/Release/net10.0/Alpha-Jit-1/bin/Release/net10.0
// Failed to set up high priority (Permission denied). In order to run benchmarks with high priority, make sure you have the right permissions.
// BeforeAnythingElse

// Benchmark Process Environment Information:
// BenchmarkDotNet v0.15.8
// Runtime=.NET 10.0.12 (10.0.12, 10.0.1226.42308), X64 RyuJIT x86-64-v3
// GC=Concurrent Workstation
// HardwareIntrinsics=AVX2+BMI1+BMI2+F16C+FMA+LZCNT+MOVBE,AVX,SSE3+SSSE3+SSE4.1+SSE4.2+POPCNT,X86Base+SSE+SSE2,AES+PCLMUL,AvxVnni,SERIALIZE VectorSize=256
// Job: Jit(IterationCount=12, IterationTime=250ms, WarmupCount=16)

OverheadJitting  1: 4096 op, 108487.00 ns, 26.4861 ns/op
WorkloadJitting  1: 4096 op, 1011148.00 ns, 246.8623 ns/op

OverheadJitting  2: 65536 op, 125239.00 ns, 1.9110 ns/op
WorkloadJitting  2: 65536 op, 14660551.00 ns, 223.7023 ns/op

WorkloadPilot    1: 65536 op, 15013306.00 ns, 229.0849 ns/op
WorkloadPilot    2: 1114112 op, 240559094.00 ns, 215.9200 ns/op
WorkloadPilot    3: 1179648 op, 255221077.00 ns, 216.3536 ns/op

OverheadWarmup   1: 1179648 op, 1080.00 ns, 0.0009 ns/op
OverheadWarmup   2: 1179648 op, 719.00 ns, 0.0006 ns/op
OverheadWarmup   3: 1179648 op, 497.00 ns, 0.0004 ns/op
OverheadWarmup   4: 1179648 op, 489.00 ns, 0.0004 ns/op
OverheadWarmup   5: 1179648 op, 542.00 ns, 0.0005 ns/op
OverheadWarmup   6: 1179648 op, 509.00 ns, 0.0004 ns/op
OverheadWarmup   7: 1179648 op, 513.00 ns, 0.0004 ns/op
OverheadWarmup   8: 1179648 op, 482.00 ns, 0.0004 ns/op

OverheadActual   1: 1179648 op, 731.00 ns, 0.0006 ns/op
OverheadActual   2: 1179648 op, 709.00 ns, 0.0006 ns/op
OverheadActual   3: 1179648 op, 735.00 ns, 0.0006 ns/op
OverheadActual   4: 1179648 op, 589.00 ns, 0.0005 ns/op
OverheadActual   5: 1179648 op, 724.00 ns, 0.0006 ns/op
OverheadActual   6: 1179648 op, 478.00 ns, 0.0004 ns/op
OverheadActual   7: 1179648 op, 726.00 ns, 0.0006 ns/op
OverheadActual   8: 1179648 op, 520.00 ns, 0.0004 ns/op
OverheadActual   9: 1179648 op, 521.00 ns, 0.0004 ns/op
OverheadActual  10: 1179648 op, 655.00 ns, 0.0006 ns/op
OverheadActual  11: 1179648 op, 604.00 ns, 0.0005 ns/op
OverheadActual  12: 1179648 op, 589.00 ns, 0.0005 ns/op
OverheadActual  13: 1179648 op, 719.00 ns, 0.0006 ns/op
OverheadActual  14: 1179648 op, 668.00 ns, 0.0006 ns/op
OverheadActual  15: 1179648 op, 577.00 ns, 0.0005 ns/op
OverheadActual  16: 1179648 op, 502.00 ns, 0.0004 ns/op
OverheadActual  17: 1179648 op, 522.00 ns, 0.0004 ns/op
OverheadActual  18: 1179648 op, 914.00 ns, 0.0008 ns/op
OverheadActual  19: 1179648 op, 754.00 ns, 0.0006 ns/op
OverheadActual  20: 1179648 op, 589.00 ns, 0.0005 ns/op

WorkloadWarmup   1: 1179648 op, 253126023.00 ns, 214.5776 ns/op
WorkloadWarmup   2: 1179648 op, 253730560.00 ns, 215.0901 ns/op
WorkloadWarmup   3: 1179648 op, 252876267.00 ns, 214.3659 ns/op
WorkloadWarmup   4: 1179648 op, 252552306.00 ns, 214.0912 ns/op
WorkloadWarmup   5: 1179648 op, 257495985.00 ns, 218.2821 ns/op
WorkloadWarmup   6: 1179648 op, 246215790.00 ns, 208.7197 ns/op
WorkloadWarmup   7: 1179648 op, 246169000.00 ns, 208.6800 ns/op
WorkloadWarmup   8: 1179648 op, 246158204.00 ns, 208.6709 ns/op
WorkloadWarmup   9: 1179648 op, 252768142.00 ns, 214.2742 ns/op
WorkloadWarmup  10: 1179648 op, 246525138.00 ns, 208.9819 ns/op
WorkloadWarmup  11: 1179648 op, 248519321.00 ns, 210.6724 ns/op
WorkloadWarmup  12: 1179648 op, 247106866.00 ns, 209.4751 ns/op
WorkloadWarmup  13: 1179648 op, 246361666.00 ns, 208.8434 ns/op
WorkloadWarmup  14: 1179648 op, 246372506.00 ns, 208.8526 ns/op
WorkloadWarmup  15: 1179648 op, 247120569.00 ns, 209.4867 ns/op
WorkloadWarmup  16: 1179648 op, 247436779.00 ns, 209.7548 ns/op

// BeforeActualRun
WorkloadActual   1: 1179648 op, 247597371.00 ns, 209.8909 ns/op
WorkloadActual   2: 1179648 op, 247218611.00 ns, 209.5698 ns/op
WorkloadActual   3: 1179648 op, 246830097.00 ns, 209.2405 ns/op
WorkloadActual   4: 1179648 op, 246223491.00 ns, 208.7262 ns/op
WorkloadActual   5: 1179648 op, 267664466.00 ns, 226.9020 ns/op
WorkloadActual   6: 1179648 op, 245474109.00 ns, 208.0910 ns/op
WorkloadActual   7: 1179648 op, 246157777.00 ns, 208.6705 ns/op
WorkloadActual   8: 1179648 op, 245118990.00 ns, 207.7899 ns/op
WorkloadActual   9: 1179648 op, 245067446.00 ns, 207.7462 ns/op
WorkloadActual  10: 1179648 op, 246704652.00 ns, 209.1341 ns/op
WorkloadActual  11: 1179648 op, 246625515.00 ns, 209.0670 ns/op
WorkloadActual  12: 1179648 op, 247157752.00 ns, 209.5182 ns/op

// AfterActualRun
WorkloadResult   1: 1179648 op, 247596741.50 ns, 209.8904 ns/op
WorkloadResult   2: 1179648 op, 247217981.50 ns, 209.5693 ns/op
WorkloadResult   3: 1179648 op, 246829467.50 ns, 209.2399 ns/op
WorkloadResult   4: 1179648 op, 246222861.50 ns, 208.7257 ns/op
WorkloadResult   5: 1179648 op, 245473479.50 ns, 208.0904 ns/op
WorkloadResult   6: 1179648 op, 246157147.50 ns, 208.6700 ns/op
WorkloadResult   7: 1179648 op, 245118360.50 ns, 207.7894 ns/op
WorkloadResult   8: 1179648 op, 245066816.50 ns, 207.7457 ns/op
WorkloadResult   9: 1179648 op, 246704022.50 ns, 209.1336 ns/op
WorkloadResult  10: 1179648 op, 246624885.50 ns, 209.0665 ns/op
WorkloadResult  11: 1179648 op, 247157122.50 ns, 209.5177 ns/op
// GC:  0 0 0 0 1179648
// Threading:  0 0 1179648

// AfterAll
// Benchmark Process 2254100 has exited with code 0.

Mean = 208.858 ns, StdErr = 0.219 ns (0.11%), N = 11, StdDev = 0.728 ns
Min = 207.746 ns, Q1 = 208.380 ns, Median = 209.067 ns, Q3 = 209.379 ns, Max = 209.890 ns
IQR = 0.999 ns, LowerFence = 206.882 ns, UpperFence = 210.877 ns
ConfidenceInterval = [207.852 ns; 209.864 ns] (CI 99.9%), Margin = 1.006 ns (0.48% of Mean)
Skewness = -0.29, Kurtosis = 1.56, MValue = 2

// ** Remained 16 (32.0%) benchmark(s) to run. Estimated finish 2026-09-12 14:01 (0h 1m from now) **
// **************************
// Benchmark: DataAuthoredQueryBenchmarks.FacadeNoDispatch: Jit(IterationCount=12, IterationTime=250ms, WarmupCount=16) [Shape=TwoHundredFiftySixTracks, Pattern=Forward]
// *** Execute ***
// Launch: 1 / 1
// Execute: dotnet Alpha-Jit-1.dll --anonymousPipes 120 121 --benchmarkName "DataAuthoredQueryBenchmarks.FacadeNoDispatch(Shape: TwoHundredFiftySixTracks, Pattern: Forward)" --job Jit --benchmarkId 34 in /home/i/GitHub/tl-56-feat-data-authored-api/benchmarks/Alpha/bin/Release/net10.0/Alpha-Jit-1/bin/Release/net10.0
// Failed to set up high priority (Permission denied). In order to run benchmarks with high priority, make sure you have the right permissions.
// BeforeAnythingElse

// Benchmark Process Environment Information:
// BenchmarkDotNet v0.15.8
// Runtime=.NET 10.0.12 (10.0.12, 10.0.1226.42308), X64 RyuJIT x86-64-v3
// GC=Concurrent Workstation
// HardwareIntrinsics=AVX2+BMI1+BMI2+F16C+FMA+LZCNT+MOVBE,AVX,SSE3+SSSE3+SSE4.1+SSE4.2+POPCNT,X86Base+SSE+SSE2,AES+PCLMUL,AvxVnni,SERIALIZE VectorSize=256
// Job: Jit(IterationCount=12, IterationTime=250ms, WarmupCount=16)

OverheadJitting  1: 4096 op, 106819.00 ns, 26.0789 ns/op
WorkloadJitting  1: 4096 op, 2307957.00 ns, 563.4661 ns/op

OverheadJitting  2: 65536 op, 142650.00 ns, 2.1767 ns/op
WorkloadJitting  2: 65536 op, 36032341.00 ns, 549.8099 ns/op

WorkloadPilot    1: 65536 op, 35696070.00 ns, 544.6788 ns/op
WorkloadPilot    2: 458752 op, 246208336.00 ns, 536.6916 ns/op
WorkloadPilot    3: 524288 op, 282350803.00 ns, 538.5414 ns/op

OverheadWarmup   1: 524288 op, 710.00 ns, 0.0014 ns/op
OverheadWarmup   2: 524288 op, 288.00 ns, 0.0005 ns/op
OverheadWarmup   3: 524288 op, 220.00 ns, 0.0004 ns/op
OverheadWarmup   4: 524288 op, 219.00 ns, 0.0004 ns/op
OverheadWarmup   5: 524288 op, 260.00 ns, 0.0005 ns/op
OverheadWarmup   6: 524288 op, 231.00 ns, 0.0004 ns/op
OverheadWarmup   7: 524288 op, 222.00 ns, 0.0004 ns/op
OverheadWarmup   8: 524288 op, 233.00 ns, 0.0004 ns/op
OverheadWarmup   9: 524288 op, 218.00 ns, 0.0004 ns/op

OverheadActual   1: 524288 op, 647.00 ns, 0.0012 ns/op
OverheadActual   2: 524288 op, 499.00 ns, 0.0010 ns/op
OverheadActual   3: 524288 op, 787.00 ns, 0.0015 ns/op
OverheadActual   4: 524288 op, 388.00 ns, 0.0007 ns/op
OverheadActual   5: 524288 op, 668.00 ns, 0.0013 ns/op
OverheadActual   6: 524288 op, 287.00 ns, 0.0005 ns/op
OverheadActual   7: 524288 op, 273.00 ns, 0.0005 ns/op
OverheadActual   8: 524288 op, 247.00 ns, 0.0005 ns/op
OverheadActual   9: 524288 op, 218.00 ns, 0.0004 ns/op
OverheadActual  10: 524288 op, 379.00 ns, 0.0007 ns/op
OverheadActual  11: 524288 op, 305.00 ns, 0.0006 ns/op
OverheadActual  12: 524288 op, 358.00 ns, 0.0007 ns/op
OverheadActual  13: 524288 op, 373.00 ns, 0.0007 ns/op
OverheadActual  14: 524288 op, 315.00 ns, 0.0006 ns/op
OverheadActual  15: 524288 op, 281.00 ns, 0.0005 ns/op
OverheadActual  16: 524288 op, 252.00 ns, 0.0005 ns/op
OverheadActual  17: 524288 op, 279.00 ns, 0.0005 ns/op
OverheadActual  18: 524288 op, 471.00 ns, 0.0009 ns/op
OverheadActual  19: 524288 op, 319.00 ns, 0.0006 ns/op
OverheadActual  20: 524288 op, 267.00 ns, 0.0005 ns/op

WorkloadWarmup   1: 524288 op, 286354406.00 ns, 546.1777 ns/op
WorkloadWarmup   2: 524288 op, 295196342.00 ns, 563.0423 ns/op
WorkloadWarmup   3: 524288 op, 284453109.00 ns, 542.5512 ns/op
WorkloadWarmup   4: 524288 op, 281936055.00 ns, 537.7503 ns/op
WorkloadWarmup   5: 524288 op, 247312209.00 ns, 471.7106 ns/op
WorkloadWarmup   6: 524288 op, 238279489.00 ns, 454.4821 ns/op
WorkloadWarmup   7: 524288 op, 238626484.00 ns, 455.1439 ns/op
WorkloadWarmup   8: 524288 op, 238489214.00 ns, 454.8821 ns/op
WorkloadWarmup   9: 524288 op, 246381258.00 ns, 469.9350 ns/op
WorkloadWarmup  10: 524288 op, 240227653.00 ns, 458.1979 ns/op
WorkloadWarmup  11: 524288 op, 240477973.00 ns, 458.6753 ns/op
WorkloadWarmup  12: 524288 op, 242694143.00 ns, 462.9023 ns/op
WorkloadWarmup  13: 524288 op, 239382137.00 ns, 456.5852 ns/op
WorkloadWarmup  14: 524288 op, 238821516.00 ns, 455.5159 ns/op
WorkloadWarmup  15: 524288 op, 238269953.00 ns, 454.4639 ns/op
WorkloadWarmup  16: 524288 op, 238222485.00 ns, 454.3733 ns/op

// BeforeActualRun
WorkloadActual   1: 524288 op, 238664695.00 ns, 455.2168 ns/op
WorkloadActual   2: 524288 op, 238831898.00 ns, 455.5357 ns/op
WorkloadActual   3: 524288 op, 239286955.00 ns, 456.4036 ns/op
WorkloadActual   4: 524288 op, 237957598.00 ns, 453.8681 ns/op
WorkloadActual   5: 524288 op, 260028764.00 ns, 495.9655 ns/op
WorkloadActual   6: 524288 op, 238810792.00 ns, 455.4954 ns/op
WorkloadActual   7: 524288 op, 239163517.00 ns, 456.1682 ns/op
WorkloadActual   8: 524288 op, 239623675.00 ns, 457.0459 ns/op
WorkloadActual   9: 524288 op, 247867708.00 ns, 472.7701 ns/op
WorkloadActual  10: 524288 op, 244323455.00 ns, 466.0100 ns/op
WorkloadActual  11: 524288 op, 239985666.00 ns, 457.7363 ns/op
WorkloadActual  12: 524288 op, 238605913.00 ns, 455.1047 ns/op

// AfterActualRun
WorkloadResult   1: 524288 op, 238664378.00 ns, 455.2162 ns/op
WorkloadResult   2: 524288 op, 238831581.00 ns, 455.5351 ns/op
WorkloadResult   3: 524288 op, 239286638.00 ns, 456.4030 ns/op
WorkloadResult   4: 524288 op, 237957281.00 ns, 453.8675 ns/op
WorkloadResult   5: 524288 op, 238810475.00 ns, 455.4948 ns/op
WorkloadResult   6: 524288 op, 239163200.00 ns, 456.1676 ns/op
WorkloadResult   7: 524288 op, 239623358.00 ns, 457.0453 ns/op
WorkloadResult   8: 524288 op, 244323138.00 ns, 466.0094 ns/op
WorkloadResult   9: 524288 op, 239985349.00 ns, 457.7357 ns/op
WorkloadResult  10: 524288 op, 238605596.00 ns, 455.1041 ns/op
// GC:  0 0 0 0 524288
// Threading:  0 0 524288

// AfterAll
// Benchmark Process 2262115 has exited with code 0.

Mean = 456.858 ns, StdErr = 1.073 ns (0.23%), N = 10, StdDev = 3.392 ns
Min = 453.867 ns, Q1 = 455.286 ns, Median = 455.851 ns, Q3 = 456.885 ns, Max = 466.009 ns
IQR = 1.599 ns, LowerFence = 452.888 ns, UpperFence = 459.283 ns
ConfidenceInterval = [451.729 ns; 461.986 ns] (CI 99.9%), Margin = 5.128 ns (1.12% of Mean)
Skewness = 1.86, Kurtosis = 5.38, MValue = 2

// ** Remained 15 (30.0%) benchmark(s) to run. Estimated finish 2026-09-12 14:01 (0h 1m from now) **
// **************************
// Benchmark: DataAuthoredQueryBenchmarks.DirectShape: Jit(IterationCount=12, IterationTime=250ms, WarmupCount=16) [Shape=TwoHundredFiftySixTracks, Pattern=Alternating]
// *** Execute ***
// Launch: 1 / 1
// Execute: dotnet Alpha-Jit-1.dll --anonymousPipes 122 123 --benchmarkName "DataAuthoredQueryBenchmarks.DirectShape(Shape: TwoHundredFiftySixTracks, Pattern: Alternating)" --job Jit --benchmarkId 35 in /home/i/GitHub/tl-56-feat-data-authored-api/benchmarks/Alpha/bin/Release/net10.0/Alpha-Jit-1/bin/Release/net10.0
// Failed to set up high priority (Permission denied). In order to run benchmarks with high priority, make sure you have the right permissions.
// BeforeAnythingElse

// Benchmark Process Environment Information:
// BenchmarkDotNet v0.15.8
// Runtime=.NET 10.0.12 (10.0.12, 10.0.1226.42308), X64 RyuJIT x86-64-v3
// GC=Concurrent Workstation
// HardwareIntrinsics=AVX2+BMI1+BMI2+F16C+FMA+LZCNT+MOVBE,AVX,SSE3+SSSE3+SSE4.1+SSE4.2+POPCNT,X86Base+SSE+SSE2,AES+PCLMUL,AvxVnni,SERIALIZE VectorSize=256
// Job: Jit(IterationCount=12, IterationTime=250ms, WarmupCount=16)

OverheadJitting  1: 4096 op, 109902.00 ns, 26.8315 ns/op
WorkloadJitting  1: 4096 op, 2753360.00 ns, 672.2070 ns/op

OverheadJitting  2: 65536 op, 127700.00 ns, 1.9485 ns/op
WorkloadJitting  2: 65536 op, 29969602.00 ns, 457.2998 ns/op

WorkloadPilot    1: 65536 op, 29939098.00 ns, 456.8344 ns/op
WorkloadPilot    2: 589824 op, 261820489.00 ns, 443.8960 ns/op

OverheadWarmup   1: 589824 op, 779.00 ns, 0.0013 ns/op
OverheadWarmup   2: 589824 op, 406.00 ns, 0.0007 ns/op
OverheadWarmup   3: 589824 op, 298.00 ns, 0.0005 ns/op
OverheadWarmup   4: 589824 op, 293.00 ns, 0.0005 ns/op
OverheadWarmup   5: 589824 op, 330.00 ns, 0.0006 ns/op
OverheadWarmup   6: 589824 op, 313.00 ns, 0.0005 ns/op
OverheadWarmup   7: 589824 op, 295.00 ns, 0.0005 ns/op
OverheadWarmup   8: 589824 op, 395.00 ns, 0.0007 ns/op
OverheadWarmup   9: 589824 op, 375.00 ns, 0.0006 ns/op

OverheadActual   1: 589824 op, 794.00 ns, 0.0013 ns/op
OverheadActual   2: 589824 op, 644.00 ns, 0.0011 ns/op
OverheadActual   3: 589824 op, 1120.00 ns, 0.0019 ns/op
OverheadActual   4: 589824 op, 373.00 ns, 0.0006 ns/op
OverheadActual   5: 589824 op, 629.00 ns, 0.0011 ns/op
OverheadActual   6: 589824 op, 295.00 ns, 0.0005 ns/op
OverheadActual   7: 589824 op, 306.00 ns, 0.0005 ns/op
OverheadActual   8: 589824 op, 310.00 ns, 0.0005 ns/op
OverheadActual   9: 589824 op, 288.00 ns, 0.0005 ns/op
OverheadActual  10: 589824 op, 287.00 ns, 0.0005 ns/op
OverheadActual  11: 589824 op, 282.00 ns, 0.0005 ns/op
OverheadActual  12: 589824 op, 299.00 ns, 0.0005 ns/op
OverheadActual  13: 589824 op, 301.00 ns, 0.0005 ns/op
OverheadActual  14: 589824 op, 291.00 ns, 0.0005 ns/op
OverheadActual  15: 589824 op, 300.00 ns, 0.0005 ns/op
OverheadActual  16: 589824 op, 284.00 ns, 0.0005 ns/op
OverheadActual  17: 589824 op, 309.00 ns, 0.0005 ns/op
OverheadActual  18: 589824 op, 605.00 ns, 0.0010 ns/op
OverheadActual  19: 589824 op, 361.00 ns, 0.0006 ns/op
OverheadActual  20: 589824 op, 311.00 ns, 0.0005 ns/op

WorkloadWarmup   1: 589824 op, 263091705.00 ns, 446.0512 ns/op
WorkloadWarmup   2: 589824 op, 261977144.00 ns, 444.1616 ns/op
WorkloadWarmup   3: 589824 op, 262199087.00 ns, 444.5378 ns/op
WorkloadWarmup   4: 589824 op, 262658722.00 ns, 445.3171 ns/op
WorkloadWarmup   5: 589824 op, 262076797.00 ns, 444.3305 ns/op
WorkloadWarmup   6: 589824 op, 237792337.00 ns, 403.1581 ns/op
WorkloadWarmup   7: 589824 op, 202845894.00 ns, 343.9092 ns/op
WorkloadWarmup   8: 589824 op, 202505683.00 ns, 343.3324 ns/op
WorkloadWarmup   9: 589824 op, 203223661.00 ns, 344.5497 ns/op
WorkloadWarmup  10: 589824 op, 203534786.00 ns, 345.0772 ns/op
WorkloadWarmup  11: 589824 op, 201318620.00 ns, 341.3198 ns/op
WorkloadWarmup  12: 589824 op, 203612621.00 ns, 345.2091 ns/op
WorkloadWarmup  13: 589824 op, 202128027.00 ns, 342.6921 ns/op
WorkloadWarmup  14: 589824 op, 205720824.00 ns, 348.7834 ns/op
WorkloadWarmup  15: 589824 op, 204090521.00 ns, 346.0194 ns/op
WorkloadWarmup  16: 589824 op, 202595004.00 ns, 343.4838 ns/op

// BeforeActualRun
WorkloadActual   1: 589824 op, 202161341.00 ns, 342.7486 ns/op
WorkloadActual   2: 589824 op, 202098049.00 ns, 342.6413 ns/op
WorkloadActual   3: 589824 op, 202302541.00 ns, 342.9880 ns/op
WorkloadActual   4: 589824 op, 201721350.00 ns, 342.0026 ns/op
WorkloadActual   5: 589824 op, 200912046.00 ns, 340.6305 ns/op
WorkloadActual   6: 589824 op, 202330102.00 ns, 343.0347 ns/op
WorkloadActual   7: 589824 op, 202407956.00 ns, 343.1667 ns/op
WorkloadActual   8: 589824 op, 221905291.00 ns, 376.2229 ns/op
WorkloadActual   9: 589824 op, 203334318.00 ns, 344.7373 ns/op
WorkloadActual  10: 589824 op, 205081903.00 ns, 347.7002 ns/op
WorkloadActual  11: 589824 op, 201909400.00 ns, 342.3214 ns/op
WorkloadActual  12: 589824 op, 202763404.00 ns, 343.7693 ns/op

// AfterActualRun
WorkloadResult   1: 589824 op, 202161033.50 ns, 342.7481 ns/op
WorkloadResult   2: 589824 op, 202097741.50 ns, 342.6408 ns/op
WorkloadResult   3: 589824 op, 202302233.50 ns, 342.9875 ns/op
WorkloadResult   4: 589824 op, 201721042.50 ns, 342.0021 ns/op
WorkloadResult   5: 589824 op, 200911738.50 ns, 340.6300 ns/op
WorkloadResult   6: 589824 op, 202329794.50 ns, 343.0342 ns/op
WorkloadResult   7: 589824 op, 202407648.50 ns, 343.1662 ns/op
WorkloadResult   8: 589824 op, 203334010.50 ns, 344.7368 ns/op
WorkloadResult   9: 589824 op, 201909092.50 ns, 342.3209 ns/op
WorkloadResult  10: 589824 op, 202763096.50 ns, 343.7688 ns/op
// GC:  0 0 0 0 589824
// Threading:  0 0 589824

// AfterAll
// Benchmark Process 2270555 has exited with code 0.

Mean = 342.804 ns, StdErr = 0.342 ns (0.10%), N = 10, StdDev = 1.081 ns
Min = 340.630 ns, Q1 = 342.401 ns, Median = 342.868 ns, Q3 = 343.133 ns, Max = 344.737 ns
IQR = 0.732 ns, LowerFence = 341.302 ns, UpperFence = 344.232 ns
ConfidenceInterval = [341.169 ns; 344.438 ns] (CI 99.9%), Margin = 1.634 ns (0.48% of Mean)
Skewness = -0.21, Kurtosis = 2.76, MValue = 2

// ** Remained 14 (28.0%) benchmark(s) to run. Estimated finish 2026-09-12 14:01 (0h 1m from now) **
// **************************
// Benchmark: DataAuthoredQueryBenchmarks.GeneratedShape: Jit(IterationCount=12, IterationTime=250ms, WarmupCount=16) [Shape=TwoHundredFiftySixTracks, Pattern=Alternating]
// *** Execute ***
// Launch: 1 / 1
// Execute: dotnet Alpha-Jit-1.dll --anonymousPipes 122 123 --benchmarkName "DataAuthoredQueryBenchmarks.GeneratedShape(Shape: TwoHundredFiftySixTracks, Pattern: Alternating)" --job Jit --benchmarkId 36 in /home/i/GitHub/tl-56-feat-data-authored-api/benchmarks/Alpha/bin/Release/net10.0/Alpha-Jit-1/bin/Release/net10.0
// Failed to set up high priority (Permission denied). In order to run benchmarks with high priority, make sure you have the right permissions.
// BeforeAnythingElse

// Benchmark Process Environment Information:
// BenchmarkDotNet v0.15.8
// Runtime=.NET 10.0.12 (10.0.12, 10.0.1226.42308), X64 RyuJIT x86-64-v3
// GC=Concurrent Workstation
// HardwareIntrinsics=AVX2+BMI1+BMI2+F16C+FMA+LZCNT+MOVBE,AVX,SSE3+SSSE3+SSE4.1+SSE4.2+POPCNT,X86Base+SSE+SSE2,AES+PCLMUL,AvxVnni,SERIALIZE VectorSize=256
// Job: Jit(IterationCount=12, IterationTime=250ms, WarmupCount=16)

OverheadJitting  1: 4096 op, 105981.00 ns, 25.8743 ns/op
WorkloadJitting  1: 4096 op, 173625810.00 ns, 42.3891 us/op

OverheadJitting  2: 4096 op, 234.00 ns, 0.0571 ns/op
WorkloadJitting  2: 4096 op, 173907965.00 ns, 42.4580 us/op

WorkloadWarmup   1: 4096 op, 172970164.00 ns, 42.2290 us/op
WorkloadWarmup   2: 4096 op, 172690050.00 ns, 42.1607 us/op
WorkloadWarmup   3: 4096 op, 171670889.00 ns, 41.9118 us/op
WorkloadWarmup   4: 4096 op, 172226020.00 ns, 42.0474 us/op
WorkloadWarmup   5: 4096 op, 173313051.00 ns, 42.3128 us/op
WorkloadWarmup   6: 4096 op, 173051678.00 ns, 42.2489 us/op
WorkloadWarmup   7: 4096 op, 171408012.00 ns, 41.8477 us/op
WorkloadWarmup   8: 4096 op, 178434848.00 ns, 43.5632 us/op
WorkloadWarmup   9: 4096 op, 158328498.00 ns, 38.6544 us/op
WorkloadWarmup  10: 4096 op, 142040758.00 ns, 34.6779 us/op
WorkloadWarmup  11: 4096 op, 144312942.00 ns, 35.2327 us/op
WorkloadWarmup  12: 4096 op, 145125768.00 ns, 35.4311 us/op
WorkloadWarmup  13: 4096 op, 143411160.00 ns, 35.0125 us/op
WorkloadWarmup  14: 4096 op, 143567146.00 ns, 35.0506 us/op
WorkloadWarmup  15: 4096 op, 144488304.00 ns, 35.2755 us/op
WorkloadWarmup  16: 4096 op, 147341456.00 ns, 35.9720 us/op

// BeforeActualRun
WorkloadActual   1: 4096 op, 143188511.00 ns, 34.9581 us/op
WorkloadActual   2: 4096 op, 144016071.00 ns, 35.1602 us/op
WorkloadActual   3: 4096 op, 142690620.00 ns, 34.8366 us/op
WorkloadActual   4: 4096 op, 142892890.00 ns, 34.8860 us/op
WorkloadActual   5: 4096 op, 142893428.00 ns, 34.8861 us/op
WorkloadActual   6: 4096 op, 142301134.00 ns, 34.7415 us/op
WorkloadActual   7: 4096 op, 142991345.00 ns, 34.9100 us/op
WorkloadActual   8: 4096 op, 142833314.00 ns, 34.8714 us/op
WorkloadActual   9: 4096 op, 143243938.00 ns, 34.9717 us/op
WorkloadActual  10: 4096 op, 142468734.00 ns, 34.7824 us/op
WorkloadActual  11: 4096 op, 143296646.00 ns, 34.9845 us/op
WorkloadActual  12: 4096 op, 143042124.00 ns, 34.9224 us/op

// AfterActualRun
WorkloadResult   1: 4096 op, 143188511.00 ns, 34.9581 us/op
WorkloadResult   2: 4096 op, 142690620.00 ns, 34.8366 us/op
WorkloadResult   3: 4096 op, 142892890.00 ns, 34.8860 us/op
WorkloadResult   4: 4096 op, 142893428.00 ns, 34.8861 us/op
WorkloadResult   5: 4096 op, 142301134.00 ns, 34.7415 us/op
WorkloadResult   6: 4096 op, 142991345.00 ns, 34.9100 us/op
WorkloadResult   7: 4096 op, 142833314.00 ns, 34.8714 us/op
WorkloadResult   8: 4096 op, 143243938.00 ns, 34.9717 us/op
WorkloadResult   9: 4096 op, 142468734.00 ns, 34.7824 us/op
WorkloadResult  10: 4096 op, 143296646.00 ns, 34.9845 us/op
WorkloadResult  11: 4096 op, 143042124.00 ns, 34.9224 us/op
// GC:  0 0 0 0 4096
// Threading:  0 0 4096

// AfterAll
// Benchmark Process 2277823 has exited with code 0.

Mean = 34.886 us, StdErr = 0.023 us (0.07%), N = 11, StdDev = 0.076 us
Min = 34.741 us, Q1 = 34.854 us, Median = 34.886 us, Q3 = 34.940 us, Max = 34.985 us
IQR = 0.086 us, LowerFence = 34.725 us, UpperFence = 35.070 us
ConfidenceInterval = [34.781 us; 34.992 us] (CI 99.9%), Margin = 0.106 us (0.30% of Mean)
Skewness = -0.47, Kurtosis = 1.97, MValue = 2

// ** Remained 13 (26.0%) benchmark(s) to run. Estimated finish 2026-09-12 14:01 (0h 1m from now) **
// **************************
// Benchmark: DataAuthoredQueryBenchmarks.DataAuthoredFacade: Jit(IterationCount=12, IterationTime=250ms, WarmupCount=16) [Shape=TwoHundredFiftySixTracks, Pattern=Alternating]
// *** Execute ***
// Launch: 1 / 1
// Execute: dotnet Alpha-Jit-1.dll --anonymousPipes 120 121 --benchmarkName "DataAuthoredQueryBenchmarks.DataAuthoredFacade(Shape: TwoHundredFiftySixTracks, Pattern: Alternating)" --job Jit --benchmarkId 37 in /home/i/GitHub/tl-56-feat-data-authored-api/benchmarks/Alpha/bin/Release/net10.0/Alpha-Jit-1/bin/Release/net10.0
// Failed to set up high priority (Permission denied). In order to run benchmarks with high priority, make sure you have the right permissions.
// BeforeAnythingElse

// Benchmark Process Environment Information:
// BenchmarkDotNet v0.15.8
// Runtime=.NET 10.0.12 (10.0.12, 10.0.1226.42308), X64 RyuJIT x86-64-v3
// GC=Concurrent Workstation
// HardwareIntrinsics=AVX2+BMI1+BMI2+F16C+FMA+LZCNT+MOVBE,AVX,SSE3+SSSE3+SSE4.1+SSE4.2+POPCNT,X86Base+SSE+SSE2,AES+PCLMUL,AvxVnni,SERIALIZE VectorSize=256
// Job: Jit(IterationCount=12, IterationTime=250ms, WarmupCount=16)

OverheadJitting  1: 4096 op, 137414.00 ns, 33.5483 ns/op
WorkloadJitting  1: 4096 op, 17811528.00 ns, 4.3485 us/op

WorkloadPilot    1: 16384 op, 71105031.00 ns, 4.3399 us/op
WorkloadPilot    2: 57344 op, 248595299.00 ns, 4.3352 us/op

WorkloadWarmup   1: 57344 op, 250715263.00 ns, 4.3721 us/op
WorkloadWarmup   2: 57344 op, 247793500.00 ns, 4.3212 us/op
WorkloadWarmup   3: 57344 op, 247002758.00 ns, 4.3074 us/op
WorkloadWarmup   4: 57344 op, 247643709.00 ns, 4.3186 us/op
WorkloadWarmup   5: 57344 op, 246515283.00 ns, 4.2989 us/op
WorkloadWarmup   6: 57344 op, 167832734.00 ns, 2.9268 us/op
WorkloadWarmup   7: 57344 op, 66614709.00 ns, 1.1617 us/op
WorkloadWarmup   8: 57344 op, 68241213.00 ns, 1.1900 us/op
WorkloadWarmup   9: 57344 op, 68372727.00 ns, 1.1923 us/op
WorkloadWarmup  10: 57344 op, 70659197.00 ns, 1.2322 us/op
WorkloadWarmup  11: 57344 op, 64745028.00 ns, 1.1291 us/op
WorkloadWarmup  12: 57344 op, 66423539.00 ns, 1.1583 us/op
WorkloadWarmup  13: 57344 op, 65211961.00 ns, 1.1372 us/op
WorkloadWarmup  14: 57344 op, 65517051.00 ns, 1.1425 us/op
WorkloadWarmup  15: 57344 op, 64043206.00 ns, 1.1168 us/op
WorkloadWarmup  16: 57344 op, 65466675.00 ns, 1.1416 us/op

// BeforeActualRun
WorkloadActual   1: 57344 op, 67587090.00 ns, 1.1786 us/op
WorkloadActual   2: 57344 op, 65123963.00 ns, 1.1357 us/op
WorkloadActual   3: 57344 op, 64248626.00 ns, 1.1204 us/op
WorkloadActual   4: 57344 op, 65472229.00 ns, 1.1417 us/op
WorkloadActual   5: 57344 op, 64190624.00 ns, 1.1194 us/op
WorkloadActual   6: 57344 op, 65155209.00 ns, 1.1362 us/op
WorkloadActual   7: 57344 op, 65561367.00 ns, 1.1433 us/op
WorkloadActual   8: 57344 op, 64376386.00 ns, 1.1226 us/op
WorkloadActual   9: 57344 op, 65227263.00 ns, 1.1375 us/op
WorkloadActual  10: 57344 op, 65529475.00 ns, 1.1427 us/op
WorkloadActual  11: 57344 op, 64487061.00 ns, 1.1246 us/op
WorkloadActual  12: 57344 op, 65407035.00 ns, 1.1406 us/op

// AfterActualRun
WorkloadResult   1: 57344 op, 65123963.00 ns, 1.1357 us/op
WorkloadResult   2: 57344 op, 64248626.00 ns, 1.1204 us/op
WorkloadResult   3: 57344 op, 65472229.00 ns, 1.1417 us/op
WorkloadResult   4: 57344 op, 64190624.00 ns, 1.1194 us/op
WorkloadResult   5: 57344 op, 65155209.00 ns, 1.1362 us/op
WorkloadResult   6: 57344 op, 65561367.00 ns, 1.1433 us/op
WorkloadResult   7: 57344 op, 64376386.00 ns, 1.1226 us/op
WorkloadResult   8: 57344 op, 65227263.00 ns, 1.1375 us/op
WorkloadResult   9: 57344 op, 65529475.00 ns, 1.1427 us/op
WorkloadResult  10: 57344 op, 64487061.00 ns, 1.1246 us/op
WorkloadResult  11: 57344 op, 65407035.00 ns, 1.1406 us/op
// GC:  0 0 0 0 57344
// Threading:  0 0 57344

// AfterAll
// Benchmark Process 2282630 has exited with code 0.

Mean = 1.133 us, StdErr = 0.003 us (0.25%), N = 11, StdDev = 0.009 us
Min = 1.119 us, Q1 = 1.124 us, Median = 1.136 us, Q3 = 1.141 us, Max = 1.143 us
IQR = 0.018 us, LowerFence = 1.097 us, UpperFence = 1.168 us
ConfidenceInterval = [1.120 us; 1.146 us] (CI 99.9%), Margin = 0.013 us (1.15% of Mean)
Skewness = -0.36, Kurtosis = 1.23, MValue = 2

// ** Remained 12 (24.0%) benchmark(s) to run. Estimated finish 2026-09-12 14:01 (0h 1m from now) **
// **************************
// Benchmark: DataAuthoredQueryBenchmarks.FacadeSelectOnly: Jit(IterationCount=12, IterationTime=250ms, WarmupCount=16) [Shape=TwoHundredFiftySixTracks, Pattern=Alternating]
// *** Execute ***
// Launch: 1 / 1
// Execute: dotnet Alpha-Jit-1.dll --anonymousPipes 120 121 --benchmarkName "DataAuthoredQueryBenchmarks.FacadeSelectOnly(Shape: TwoHundredFiftySixTracks, Pattern: Alternating)" --job Jit --benchmarkId 38 in /home/i/GitHub/tl-56-feat-data-authored-api/benchmarks/Alpha/bin/Release/net10.0/Alpha-Jit-1/bin/Release/net10.0
// Failed to set up high priority (Permission denied). In order to run benchmarks with high priority, make sure you have the right permissions.
// BeforeAnythingElse

// Benchmark Process Environment Information:
// BenchmarkDotNet v0.15.8
// Runtime=.NET 10.0.12 (10.0.12, 10.0.1226.42308), X64 RyuJIT x86-64-v3
// GC=Concurrent Workstation
// HardwareIntrinsics=AVX2+BMI1+BMI2+F16C+FMA+LZCNT+MOVBE,AVX,SSE3+SSSE3+SSE4.1+SSE4.2+POPCNT,X86Base+SSE+SSE2,AES+PCLMUL,AvxVnni,SERIALIZE VectorSize=256
// Job: Jit(IterationCount=12, IterationTime=250ms, WarmupCount=16)

OverheadJitting  1: 4096 op, 111453.00 ns, 27.2102 ns/op
WorkloadJitting  1: 4096 op, 1093862.00 ns, 267.0562 ns/op

OverheadJitting  2: 65536 op, 130334.00 ns, 1.9887 ns/op
WorkloadJitting  2: 65536 op, 17018781.00 ns, 259.6860 ns/op

WorkloadPilot    1: 65536 op, 16343071.00 ns, 249.3755 ns/op
WorkloadPilot    2: 1048576 op, 251549537.00 ns, 239.8963 ns/op

OverheadWarmup   1: 1048576 op, 773.00 ns, 0.0007 ns/op
OverheadWarmup   2: 1048576 op, 572.00 ns, 0.0005 ns/op
OverheadWarmup   3: 1048576 op, 519.00 ns, 0.0005 ns/op
OverheadWarmup   4: 1048576 op, 726.00 ns, 0.0007 ns/op
OverheadWarmup   5: 1048576 op, 542.00 ns, 0.0005 ns/op
OverheadWarmup   6: 1048576 op, 465.00 ns, 0.0004 ns/op
OverheadWarmup   7: 1048576 op, 473.00 ns, 0.0005 ns/op
OverheadWarmup   8: 1048576 op, 450.00 ns, 0.0004 ns/op

OverheadActual   1: 1048576 op, 823.00 ns, 0.0008 ns/op
OverheadActual   2: 1048576 op, 804.00 ns, 0.0008 ns/op
OverheadActual   3: 1048576 op, 632.00 ns, 0.0006 ns/op
OverheadActual   4: 1048576 op, 494.00 ns, 0.0005 ns/op
OverheadActual   5: 1048576 op, 623.00 ns, 0.0006 ns/op
OverheadActual   6: 1048576 op, 463.00 ns, 0.0004 ns/op
OverheadActual   7: 1048576 op, 426.00 ns, 0.0004 ns/op
OverheadActual   8: 1048576 op, 430.00 ns, 0.0004 ns/op
OverheadActual   9: 1048576 op, 432.00 ns, 0.0004 ns/op
OverheadActual  10: 1048576 op, 417.00 ns, 0.0004 ns/op
OverheadActual  11: 1048576 op, 459.00 ns, 0.0004 ns/op
OverheadActual  12: 1048576 op, 472.00 ns, 0.0005 ns/op
OverheadActual  13: 1048576 op, 477.00 ns, 0.0005 ns/op
OverheadActual  14: 1048576 op, 436.00 ns, 0.0004 ns/op
OverheadActual  15: 1048576 op, 456.00 ns, 0.0004 ns/op
OverheadActual  16: 1048576 op, 471.00 ns, 0.0004 ns/op
OverheadActual  17: 1048576 op, 462.00 ns, 0.0004 ns/op
OverheadActual  18: 1048576 op, 545.00 ns, 0.0005 ns/op
OverheadActual  19: 1048576 op, 476.00 ns, 0.0005 ns/op
OverheadActual  20: 1048576 op, 468.00 ns, 0.0004 ns/op

WorkloadWarmup   1: 1048576 op, 251358234.00 ns, 239.7139 ns/op
WorkloadWarmup   2: 1048576 op, 248964469.00 ns, 237.4310 ns/op
WorkloadWarmup   3: 1048576 op, 249344864.00 ns, 237.7938 ns/op
WorkloadWarmup   4: 1048576 op, 247614930.00 ns, 236.1440 ns/op
WorkloadWarmup   5: 1048576 op, 250786135.00 ns, 239.1683 ns/op
WorkloadWarmup   6: 1048576 op, 255498879.00 ns, 243.6627 ns/op
WorkloadWarmup   7: 1048576 op, 245418097.00 ns, 234.0489 ns/op
WorkloadWarmup   8: 1048576 op, 244310387.00 ns, 232.9925 ns/op
WorkloadWarmup   9: 1048576 op, 243924130.00 ns, 232.6242 ns/op
WorkloadWarmup  10: 1048576 op, 244117870.00 ns, 232.8089 ns/op
WorkloadWarmup  11: 1048576 op, 251806418.00 ns, 240.1413 ns/op
WorkloadWarmup  12: 1048576 op, 244490759.00 ns, 233.1646 ns/op
WorkloadWarmup  13: 1048576 op, 245363971.00 ns, 233.9973 ns/op
WorkloadWarmup  14: 1048576 op, 244025041.00 ns, 232.7204 ns/op
WorkloadWarmup  15: 1048576 op, 243196307.00 ns, 231.9301 ns/op
WorkloadWarmup  16: 1048576 op, 243925286.00 ns, 232.6253 ns/op

// BeforeActualRun
WorkloadActual   1: 1048576 op, 251046931.00 ns, 239.4170 ns/op
WorkloadActual   2: 1048576 op, 243893048.00 ns, 232.5945 ns/op
WorkloadActual   3: 1048576 op, 243810133.00 ns, 232.5155 ns/op
WorkloadActual   4: 1048576 op, 242142971.00 ns, 230.9255 ns/op
WorkloadActual   5: 1048576 op, 242148546.00 ns, 230.9308 ns/op
WorkloadActual   6: 1048576 op, 264191488.00 ns, 251.9526 ns/op
WorkloadActual   7: 1048576 op, 243088139.00 ns, 231.8269 ns/op
WorkloadActual   8: 1048576 op, 243924131.00 ns, 232.6242 ns/op
WorkloadActual   9: 1048576 op, 242796124.00 ns, 231.5484 ns/op
WorkloadActual  10: 1048576 op, 241178934.00 ns, 230.0062 ns/op
WorkloadActual  11: 1048576 op, 242962866.00 ns, 231.7074 ns/op
WorkloadActual  12: 1048576 op, 242543649.00 ns, 231.3076 ns/op

// AfterActualRun
WorkloadResult   1: 1048576 op, 243892578.50 ns, 232.5941 ns/op
WorkloadResult   2: 1048576 op, 243809663.50 ns, 232.5150 ns/op
WorkloadResult   3: 1048576 op, 242142501.50 ns, 230.9251 ns/op
WorkloadResult   4: 1048576 op, 242148076.50 ns, 230.9304 ns/op
WorkloadResult   5: 1048576 op, 243087669.50 ns, 231.8265 ns/op
WorkloadResult   6: 1048576 op, 243923661.50 ns, 232.6237 ns/op
WorkloadResult   7: 1048576 op, 242795654.50 ns, 231.5480 ns/op
WorkloadResult   8: 1048576 op, 241178464.50 ns, 230.0057 ns/op
WorkloadResult   9: 1048576 op, 242962396.50 ns, 231.7070 ns/op
WorkloadResult  10: 1048576 op, 242543179.50 ns, 231.3072 ns/op
// GC:  0 0 0 0 1048576
// Threading:  0 0 1048576

// AfterAll
// Benchmark Process 2286305 has exited with code 0.

Mean = 231.598 ns, StdErr = 0.268 ns (0.12%), N = 10, StdDev = 0.848 ns
Min = 230.006 ns, Q1 = 231.025 ns, Median = 231.627 ns, Q3 = 232.343 ns, Max = 232.624 ns
IQR = 1.318 ns, LowerFence = 229.047 ns, UpperFence = 234.320 ns
ConfidenceInterval = [230.316 ns; 232.880 ns] (CI 99.9%), Margin = 1.282 ns (0.55% of Mean)
Skewness = -0.3, Kurtosis = 1.87, MValue = 2

// ** Remained 11 (22.0%) benchmark(s) to run. Estimated finish 2026-09-12 14:01 (0h 1m from now) **
// **************************
// Benchmark: DataAuthoredQueryBenchmarks.FacadeNoDispatch: Jit(IterationCount=12, IterationTime=250ms, WarmupCount=16) [Shape=TwoHundredFiftySixTracks, Pattern=Alternating]
// *** Execute ***
// Launch: 1 / 1
// Execute: dotnet Alpha-Jit-1.dll --anonymousPipes 122 123 --benchmarkName "DataAuthoredQueryBenchmarks.FacadeNoDispatch(Shape: TwoHundredFiftySixTracks, Pattern: Alternating)" --job Jit --benchmarkId 39 in /home/i/GitHub/tl-56-feat-data-authored-api/benchmarks/Alpha/bin/Release/net10.0/Alpha-Jit-1/bin/Release/net10.0
// Failed to set up high priority (Permission denied). In order to run benchmarks with high priority, make sure you have the right permissions.
// BeforeAnythingElse

// Benchmark Process Environment Information:
// BenchmarkDotNet v0.15.8
// Runtime=.NET 10.0.12 (10.0.12, 10.0.1226.42308), X64 RyuJIT x86-64-v3
// GC=Concurrent Workstation
// HardwareIntrinsics=AVX2+BMI1+BMI2+F16C+FMA+LZCNT+MOVBE,AVX,SSE3+SSSE3+SSE4.1+SSE4.2+POPCNT,X86Base+SSE+SSE2,AES+PCLMUL,AvxVnni,SERIALIZE VectorSize=256
// Job: Jit(IterationCount=12, IterationTime=250ms, WarmupCount=16)

OverheadJitting  1: 4096 op, 113562.00 ns, 27.7251 ns/op
WorkloadJitting  1: 4096 op, 2366183.00 ns, 577.6814 ns/op

OverheadJitting  2: 65536 op, 135400.00 ns, 2.0660 ns/op
WorkloadJitting  2: 65536 op, 36128184.00 ns, 551.2723 ns/op

WorkloadPilot    1: 65536 op, 37105085.00 ns, 566.1787 ns/op
WorkloadPilot    2: 458752 op, 256814156.00 ns, 559.8104 ns/op

OverheadWarmup   1: 458752 op, 755.00 ns, 0.0016 ns/op
OverheadWarmup   2: 458752 op, 332.00 ns, 0.0007 ns/op
OverheadWarmup   3: 458752 op, 260.00 ns, 0.0006 ns/op
OverheadWarmup   4: 458752 op, 230.00 ns, 0.0005 ns/op
OverheadWarmup   5: 458752 op, 357.00 ns, 0.0008 ns/op
OverheadWarmup   6: 458752 op, 329.00 ns, 0.0007 ns/op
OverheadWarmup   7: 458752 op, 306.00 ns, 0.0007 ns/op
OverheadWarmup   8: 458752 op, 274.00 ns, 0.0006 ns/op
OverheadWarmup   9: 458752 op, 271.00 ns, 0.0006 ns/op
OverheadWarmup  10: 458752 op, 328.00 ns, 0.0007 ns/op

OverheadActual   1: 458752 op, 519.00 ns, 0.0011 ns/op
OverheadActual   2: 458752 op, 683.00 ns, 0.0015 ns/op
OverheadActual   3: 458752 op, 430.00 ns, 0.0009 ns/op
OverheadActual   4: 458752 op, 517.00 ns, 0.0011 ns/op
OverheadActual   5: 458752 op, 456.00 ns, 0.0010 ns/op
OverheadActual   6: 458752 op, 350.00 ns, 0.0008 ns/op
OverheadActual   7: 458752 op, 288.00 ns, 0.0006 ns/op
OverheadActual   8: 458752 op, 323.00 ns, 0.0007 ns/op
OverheadActual   9: 458752 op, 426.00 ns, 0.0009 ns/op
OverheadActual  10: 458752 op, 347.00 ns, 0.0008 ns/op
OverheadActual  11: 458752 op, 207.00 ns, 0.0005 ns/op
OverheadActual  12: 458752 op, 218.00 ns, 0.0005 ns/op
OverheadActual  13: 458752 op, 267.00 ns, 0.0006 ns/op
OverheadActual  14: 458752 op, 205.00 ns, 0.0004 ns/op
OverheadActual  15: 458752 op, 267.00 ns, 0.0006 ns/op
OverheadActual  16: 458752 op, 267.00 ns, 0.0006 ns/op
OverheadActual  17: 458752 op, 283.00 ns, 0.0006 ns/op
OverheadActual  18: 458752 op, 448.00 ns, 0.0010 ns/op
OverheadActual  19: 458752 op, 364.00 ns, 0.0008 ns/op
OverheadActual  20: 458752 op, 384.00 ns, 0.0008 ns/op

WorkloadWarmup   1: 458752 op, 255796587.00 ns, 557.5923 ns/op
WorkloadWarmup   2: 458752 op, 257998421.00 ns, 562.3919 ns/op
WorkloadWarmup   3: 458752 op, 257358428.00 ns, 560.9969 ns/op
WorkloadWarmup   4: 458752 op, 256425948.00 ns, 558.9642 ns/op
WorkloadWarmup   5: 458752 op, 257257759.00 ns, 560.7774 ns/op
WorkloadWarmup   6: 458752 op, 236269322.00 ns, 515.0262 ns/op
WorkloadWarmup   7: 458752 op, 214369988.00 ns, 467.2895 ns/op
WorkloadWarmup   8: 458752 op, 214720923.00 ns, 468.0545 ns/op
WorkloadWarmup   9: 458752 op, 214105173.00 ns, 466.7122 ns/op
WorkloadWarmup  10: 458752 op, 214631678.00 ns, 467.8599 ns/op
WorkloadWarmup  11: 458752 op, 222103574.00 ns, 484.1474 ns/op
WorkloadWarmup  12: 458752 op, 215230465.00 ns, 469.1652 ns/op
WorkloadWarmup  13: 458752 op, 215266206.00 ns, 469.2431 ns/op
WorkloadWarmup  14: 458752 op, 214110023.00 ns, 466.7228 ns/op
WorkloadWarmup  15: 458752 op, 214905739.00 ns, 468.4573 ns/op
WorkloadWarmup  16: 458752 op, 216755945.00 ns, 472.4905 ns/op

// BeforeActualRun
WorkloadActual   1: 458752 op, 217417132.00 ns, 473.9317 ns/op
WorkloadActual   2: 458752 op, 216336058.00 ns, 471.5752 ns/op
WorkloadActual   3: 458752 op, 216248494.00 ns, 471.3843 ns/op
WorkloadActual   4: 458752 op, 213480047.00 ns, 465.3496 ns/op
WorkloadActual   5: 458752 op, 214018522.00 ns, 466.5234 ns/op
WorkloadActual   6: 458752 op, 215283247.00 ns, 469.2802 ns/op
WorkloadActual   7: 458752 op, 236738571.00 ns, 516.0491 ns/op
WorkloadActual   8: 458752 op, 215788575.00 ns, 470.3818 ns/op
WorkloadActual   9: 458752 op, 214625489.00 ns, 467.8464 ns/op
WorkloadActual  10: 458752 op, 215387470.00 ns, 469.5074 ns/op
WorkloadActual  11: 458752 op, 213335998.00 ns, 465.0356 ns/op
WorkloadActual  12: 458752 op, 215443944.00 ns, 469.6305 ns/op

// AfterActualRun
WorkloadResult   1: 458752 op, 217416783.50 ns, 473.9310 ns/op
WorkloadResult   2: 458752 op, 216335709.50 ns, 471.5744 ns/op
WorkloadResult   3: 458752 op, 216248145.50 ns, 471.3835 ns/op
WorkloadResult   4: 458752 op, 213479698.50 ns, 465.3488 ns/op
WorkloadResult   5: 458752 op, 214018173.50 ns, 466.5226 ns/op
WorkloadResult   6: 458752 op, 215282898.50 ns, 469.2795 ns/op
WorkloadResult   7: 458752 op, 215788226.50 ns, 470.3810 ns/op
WorkloadResult   8: 458752 op, 214625140.50 ns, 467.8457 ns/op
WorkloadResult   9: 458752 op, 215387121.50 ns, 469.5067 ns/op
WorkloadResult  10: 458752 op, 213335649.50 ns, 465.0348 ns/op
WorkloadResult  11: 458752 op, 215443595.50 ns, 469.6298 ns/op
// GC:  0 0 0 0 458752
// Threading:  0 0 458752

// AfterAll
// Benchmark Process 2294005 has exited with code 0.

Mean = 469.131 ns, StdErr = 0.829 ns (0.18%), N = 11, StdDev = 2.750 ns
Min = 465.035 ns, Q1 = 467.184 ns, Median = 469.507 ns, Q3 = 470.882 ns, Max = 473.931 ns
IQR = 3.698 ns, LowerFence = 461.637 ns, UpperFence = 476.429 ns
ConfidenceInterval = [465.328 ns; 472.933 ns] (CI 99.9%), Margin = 3.803 ns (0.81% of Mean)
Skewness = -0.02, Kurtosis = 1.8, MValue = 2

// ** Remained 10 (20.0%) benchmark(s) to run. Estimated finish 2026-09-12 14:01 (0h 0m from now) **
// **************************
// Benchmark: DataAuthoredQueryBenchmarks.DirectShape: Jit(IterationCount=12, IterationTime=250ms, WarmupCount=16) [Shape=Blend, Pattern=Forward]
// *** Execute ***
// Launch: 1 / 1
// Execute: dotnet Alpha-Jit-1.dll --anonymousPipes 120 121 --benchmarkName "DataAuthoredQueryBenchmarks.DirectShape(Shape: Blend, Pattern: Forward)" --job Jit --benchmarkId 40 in /home/i/GitHub/tl-56-feat-data-authored-api/benchmarks/Alpha/bin/Release/net10.0/Alpha-Jit-1/bin/Release/net10.0
// Failed to set up high priority (Permission denied). In order to run benchmarks with high priority, make sure you have the right permissions.
// BeforeAnythingElse

// Benchmark Process Environment Information:
// BenchmarkDotNet v0.15.8
// Runtime=.NET 10.0.12 (10.0.12, 10.0.1226.42308), X64 RyuJIT x86-64-v3
// GC=Concurrent Workstation
// HardwareIntrinsics=AVX2+BMI1+BMI2+F16C+FMA+LZCNT+MOVBE,AVX,SSE3+SSSE3+SSE4.1+SSE4.2+POPCNT,X86Base+SSE+SSE2,AES+PCLMUL,AvxVnni,SERIALIZE VectorSize=256
// Job: Jit(IterationCount=12, IterationTime=250ms, WarmupCount=16)

OverheadJitting  1: 4096 op, 99428.00 ns, 24.2744 ns/op
WorkloadJitting  1: 4096 op, 1229042.00 ns, 300.0591 ns/op

OverheadJitting  2: 65536 op, 121412.00 ns, 1.8526 ns/op
WorkloadJitting  2: 65536 op, 427601.00 ns, 6.5247 ns/op

WorkloadPilot    1: 65536 op, 226501.00 ns, 3.4561 ns/op
WorkloadPilot    2: 72351744 op, 221857246.00 ns, 3.0664 ns/op
WorkloadPilot    3: 81592320 op, 250798860.00 ns, 3.0738 ns/op
WorkloadPilot    4: 81395712 op, 249218035.00 ns, 3.0618 ns/op
WorkloadPilot    5: 81657856 op, 250095090.00 ns, 3.0627 ns/op

OverheadWarmup   1: 81657856 op, 31902.00 ns, 0.0004 ns/op
OverheadWarmup   2: 81657856 op, 31431.00 ns, 0.0004 ns/op
OverheadWarmup   3: 81657856 op, 31363.00 ns, 0.0004 ns/op
OverheadWarmup   4: 81657856 op, 31337.00 ns, 0.0004 ns/op
OverheadWarmup   5: 81657856 op, 31362.00 ns, 0.0004 ns/op
OverheadWarmup   6: 81657856 op, 31349.00 ns, 0.0004 ns/op
OverheadWarmup   7: 81657856 op, 31351.00 ns, 0.0004 ns/op
OverheadWarmup   8: 81657856 op, 31388.00 ns, 0.0004 ns/op
OverheadWarmup   9: 81657856 op, 31386.00 ns, 0.0004 ns/op

OverheadActual   1: 81657856 op, 31559.00 ns, 0.0004 ns/op
OverheadActual   2: 81657856 op, 30994.00 ns, 0.0004 ns/op
OverheadActual   3: 81657856 op, 30945.00 ns, 0.0004 ns/op
OverheadActual   4: 81657856 op, 30850.00 ns, 0.0004 ns/op
OverheadActual   5: 81657856 op, 30948.00 ns, 0.0004 ns/op
OverheadActual   6: 81657856 op, 30804.00 ns, 0.0004 ns/op
OverheadActual   7: 81657856 op, 30777.00 ns, 0.0004 ns/op
OverheadActual   8: 81657856 op, 30778.00 ns, 0.0004 ns/op
OverheadActual   9: 81657856 op, 30763.00 ns, 0.0004 ns/op
OverheadActual  10: 81657856 op, 30762.00 ns, 0.0004 ns/op
OverheadActual  11: 81657856 op, 30772.00 ns, 0.0004 ns/op
OverheadActual  12: 81657856 op, 30791.00 ns, 0.0004 ns/op
OverheadActual  13: 81657856 op, 30789.00 ns, 0.0004 ns/op
OverheadActual  14: 81657856 op, 30775.00 ns, 0.0004 ns/op
OverheadActual  15: 81657856 op, 30782.00 ns, 0.0004 ns/op

WorkloadWarmup   1: 81657856 op, 250468299.00 ns, 3.0673 ns/op
WorkloadWarmup   2: 81657856 op, 250888492.00 ns, 3.0724 ns/op
WorkloadWarmup   3: 81657856 op, 249300549.00 ns, 3.0530 ns/op
WorkloadWarmup   4: 81657856 op, 249420389.00 ns, 3.0545 ns/op
WorkloadWarmup   5: 81657856 op, 250874505.00 ns, 3.0723 ns/op
WorkloadWarmup   6: 81657856 op, 250002184.00 ns, 3.0616 ns/op
WorkloadWarmup   7: 81657856 op, 254702232.00 ns, 3.1191 ns/op
WorkloadWarmup   8: 81657856 op, 227449648.00 ns, 2.7854 ns/op
WorkloadWarmup   9: 81657856 op, 141442975.00 ns, 1.7321 ns/op
WorkloadWarmup  10: 81657856 op, 140622714.00 ns, 1.7221 ns/op
WorkloadWarmup  11: 81657856 op, 141772814.00 ns, 1.7362 ns/op
WorkloadWarmup  12: 81657856 op, 143398657.00 ns, 1.7561 ns/op
WorkloadWarmup  13: 81657856 op, 141200902.00 ns, 1.7292 ns/op
WorkloadWarmup  14: 81657856 op, 141373524.00 ns, 1.7313 ns/op
WorkloadWarmup  15: 81657856 op, 140533960.00 ns, 1.7210 ns/op
WorkloadWarmup  16: 81657856 op, 143961736.00 ns, 1.7630 ns/op

// BeforeActualRun
WorkloadActual   1: 81657856 op, 140786966.00 ns, 1.7241 ns/op
WorkloadActual   2: 81657856 op, 139240405.00 ns, 1.7052 ns/op
WorkloadActual   3: 81657856 op, 142321153.00 ns, 1.7429 ns/op
WorkloadActual   4: 81657856 op, 140449756.00 ns, 1.7200 ns/op
WorkloadActual   5: 81657856 op, 141279375.00 ns, 1.7301 ns/op
WorkloadActual   6: 81657856 op, 139566097.00 ns, 1.7092 ns/op
WorkloadActual   7: 81657856 op, 147245330.00 ns, 1.8032 ns/op
WorkloadActual   8: 81657856 op, 144350412.00 ns, 1.7677 ns/op
WorkloadActual   9: 81657856 op, 139566742.00 ns, 1.7092 ns/op
WorkloadActual  10: 81657856 op, 140493609.00 ns, 1.7205 ns/op
WorkloadActual  11: 81657856 op, 140558561.00 ns, 1.7213 ns/op
WorkloadActual  12: 81657856 op, 140658481.00 ns, 1.7225 ns/op

// AfterActualRun
WorkloadResult   1: 81657856 op, 140756177.00 ns, 1.7237 ns/op
WorkloadResult   2: 81657856 op, 139209616.00 ns, 1.7048 ns/op
WorkloadResult   3: 81657856 op, 142290364.00 ns, 1.7425 ns/op
WorkloadResult   4: 81657856 op, 140418967.00 ns, 1.7196 ns/op
WorkloadResult   5: 81657856 op, 141248586.00 ns, 1.7298 ns/op
WorkloadResult   6: 81657856 op, 139535308.00 ns, 1.7088 ns/op
WorkloadResult   7: 81657856 op, 139535953.00 ns, 1.7088 ns/op
WorkloadResult   8: 81657856 op, 140462820.00 ns, 1.7201 ns/op
WorkloadResult   9: 81657856 op, 140527772.00 ns, 1.7209 ns/op
WorkloadResult  10: 81657856 op, 140627692.00 ns, 1.7222 ns/op
// GC:  0 0 0 0 81657856
// Threading:  0 0 81657856

// AfterAll
// Benchmark Process 2301257 has exited with code 0.

Mean = 1.720 ns, StdErr = 0.004 ns (0.20%), N = 10, StdDev = 0.011 ns
Min = 1.705 ns, Q1 = 1.711 ns, Median = 1.721 ns, Q3 = 1.723 ns, Max = 1.743 ns
IQR = 0.012 ns, LowerFence = 1.694 ns, UpperFence = 1.741 ns
ConfidenceInterval = [1.703 ns; 1.737 ns] (CI 99.9%), Margin = 0.017 ns (0.97% of Mean)
Skewness = 0.42, Kurtosis = 2.31, MValue = 2

// ** Remained 9 (18.0%) benchmark(s) to run. Estimated finish 2026-09-12 14:01 (0h 0m from now) **
// **************************
// Benchmark: DataAuthoredQueryBenchmarks.GeneratedShape: Jit(IterationCount=12, IterationTime=250ms, WarmupCount=16) [Shape=Blend, Pattern=Forward]
// *** Execute ***
// Launch: 1 / 1
// Execute: dotnet Alpha-Jit-1.dll --anonymousPipes 122 123 --benchmarkName "DataAuthoredQueryBenchmarks.GeneratedShape(Shape: Blend, Pattern: Forward)" --job Jit --benchmarkId 41 in /home/i/GitHub/tl-56-feat-data-authored-api/benchmarks/Alpha/bin/Release/net10.0/Alpha-Jit-1/bin/Release/net10.0
// Failed to set up high priority (Permission denied). In order to run benchmarks with high priority, make sure you have the right permissions.
// BeforeAnythingElse

// Benchmark Process Environment Information:
// BenchmarkDotNet v0.15.8
// Runtime=.NET 10.0.12 (10.0.12, 10.0.1226.42308), X64 RyuJIT x86-64-v3
// GC=Concurrent Workstation
// HardwareIntrinsics=AVX2+BMI1+BMI2+F16C+FMA+LZCNT+MOVBE,AVX,SSE3+SSSE3+SSE4.1+SSE4.2+POPCNT,X86Base+SSE+SSE2,AES+PCLMUL,AvxVnni,SERIALIZE VectorSize=256
// Job: Jit(IterationCount=12, IterationTime=250ms, WarmupCount=16)

OverheadJitting  1: 4096 op, 102141.00 ns, 24.9368 ns/op
WorkloadJitting  1: 4096 op, 249677.00 ns, 60.9563 ns/op

OverheadJitting  2: 65536 op, 118984.00 ns, 1.8156 ns/op
WorkloadJitting  2: 65536 op, 1480746.00 ns, 22.5944 ns/op

WorkloadPilot    1: 65536 op, 677900.00 ns, 10.3439 ns/op
WorkloadPilot    2: 24182784 op, 249781299.00 ns, 10.3289 ns/op
WorkloadPilot    3: 24248320 op, 252094730.00 ns, 10.3964 ns/op
WorkloadPilot    4: 24051712 op, 249099279.00 ns, 10.3568 ns/op
WorkloadPilot    5: 24182784 op, 249232597.00 ns, 10.3062 ns/op
WorkloadPilot    6: 24313856 op, 250982418.00 ns, 10.3226 ns/op
WorkloadPilot    7: 24248320 op, 247383108.00 ns, 10.2021 ns/op
WorkloadPilot    8: 24510464 op, 253847865.00 ns, 10.3567 ns/op

OverheadWarmup   1: 24510464 op, 9944.00 ns, 0.0004 ns/op
OverheadWarmup   2: 24510464 op, 9556.00 ns, 0.0004 ns/op
OverheadWarmup   3: 24510464 op, 9459.00 ns, 0.0004 ns/op
OverheadWarmup   4: 24510464 op, 9414.00 ns, 0.0004 ns/op
OverheadWarmup   5: 24510464 op, 9444.00 ns, 0.0004 ns/op
OverheadWarmup   6: 24510464 op, 9432.00 ns, 0.0004 ns/op
OverheadWarmup   7: 24510464 op, 9469.00 ns, 0.0004 ns/op
OverheadWarmup   8: 24510464 op, 9427.00 ns, 0.0004 ns/op

OverheadActual   1: 24510464 op, 9952.00 ns, 0.0004 ns/op
OverheadActual   2: 24510464 op, 9778.00 ns, 0.0004 ns/op
OverheadActual   3: 24510464 op, 9580.00 ns, 0.0004 ns/op
OverheadActual   4: 24510464 op, 9314.00 ns, 0.0004 ns/op
OverheadActual   5: 24510464 op, 9506.00 ns, 0.0004 ns/op
OverheadActual   6: 24510464 op, 9260.00 ns, 0.0004 ns/op
OverheadActual   7: 24510464 op, 9255.00 ns, 0.0004 ns/op
OverheadActual   8: 24510464 op, 9244.00 ns, 0.0004 ns/op
OverheadActual   9: 24510464 op, 9246.00 ns, 0.0004 ns/op
OverheadActual  10: 24510464 op, 9250.00 ns, 0.0004 ns/op
OverheadActual  11: 24510464 op, 9256.00 ns, 0.0004 ns/op
OverheadActual  12: 24510464 op, 9259.00 ns, 0.0004 ns/op
OverheadActual  13: 24510464 op, 9329.00 ns, 0.0004 ns/op
OverheadActual  14: 24510464 op, 9271.00 ns, 0.0004 ns/op
OverheadActual  15: 24510464 op, 9265.00 ns, 0.0004 ns/op

WorkloadWarmup   1: 24510464 op, 252488443.00 ns, 10.3013 ns/op
WorkloadWarmup   2: 24510464 op, 253192522.00 ns, 10.3300 ns/op
WorkloadWarmup   3: 24510464 op, 252422737.00 ns, 10.2986 ns/op
WorkloadWarmup   4: 24510464 op, 253356935.00 ns, 10.3367 ns/op
WorkloadWarmup   5: 24510464 op, 186012921.00 ns, 7.5891 ns/op
WorkloadWarmup   6: 24510464 op, 64047034.00 ns, 2.6130 ns/op
WorkloadWarmup   7: 24510464 op, 62515321.00 ns, 2.5506 ns/op
WorkloadWarmup   8: 24510464 op, 64790648.00 ns, 2.6434 ns/op
WorkloadWarmup   9: 24510464 op, 66841716.00 ns, 2.7271 ns/op
WorkloadWarmup  10: 24510464 op, 66933147.00 ns, 2.7308 ns/op
WorkloadWarmup  11: 24510464 op, 64748774.00 ns, 2.6417 ns/op
WorkloadWarmup  12: 24510464 op, 65585801.00 ns, 2.6758 ns/op
WorkloadWarmup  13: 24510464 op, 66400492.00 ns, 2.7091 ns/op
WorkloadWarmup  14: 24510464 op, 64046885.00 ns, 2.6130 ns/op
WorkloadWarmup  15: 24510464 op, 65774438.00 ns, 2.6835 ns/op
WorkloadWarmup  16: 24510464 op, 64425135.00 ns, 2.6285 ns/op

// BeforeActualRun
WorkloadActual   1: 24510464 op, 64121173.00 ns, 2.6161 ns/op
WorkloadActual   2: 24510464 op, 65437368.00 ns, 2.6698 ns/op
WorkloadActual   3: 24510464 op, 63892260.00 ns, 2.6067 ns/op
WorkloadActual   4: 24510464 op, 65473266.00 ns, 2.6712 ns/op
WorkloadActual   5: 24510464 op, 67329939.00 ns, 2.7470 ns/op
WorkloadActual   6: 24510464 op, 64831385.00 ns, 2.6450 ns/op
WorkloadActual   7: 24510464 op, 65957043.00 ns, 2.6910 ns/op
WorkloadActual   8: 24510464 op, 65282018.00 ns, 2.6634 ns/op
WorkloadActual   9: 24510464 op, 64474377.00 ns, 2.6305 ns/op
WorkloadActual  10: 24510464 op, 65821658.00 ns, 2.6855 ns/op
WorkloadActual  11: 24510464 op, 64019051.00 ns, 2.6119 ns/op
WorkloadActual  12: 24510464 op, 65443915.00 ns, 2.6700 ns/op

// AfterActualRun
WorkloadResult   1: 24510464 op, 64111908.00 ns, 2.6157 ns/op
WorkloadResult   2: 24510464 op, 65428103.00 ns, 2.6694 ns/op
WorkloadResult   3: 24510464 op, 63882995.00 ns, 2.6064 ns/op
WorkloadResult   4: 24510464 op, 65464001.00 ns, 2.6709 ns/op
WorkloadResult   5: 24510464 op, 64822120.00 ns, 2.6447 ns/op
WorkloadResult   6: 24510464 op, 65947778.00 ns, 2.6906 ns/op
WorkloadResult   7: 24510464 op, 65272753.00 ns, 2.6631 ns/op
WorkloadResult   8: 24510464 op, 64465112.00 ns, 2.6301 ns/op
WorkloadResult   9: 24510464 op, 65812393.00 ns, 2.6851 ns/op
WorkloadResult  10: 24510464 op, 64009786.00 ns, 2.6115 ns/op
WorkloadResult  11: 24510464 op, 65434650.00 ns, 2.6697 ns/op
// GC:  0 0 0 0 24510464
// Threading:  0 0 24510464

// AfterAll
// Benchmark Process 2307337 has exited with code 0.

Mean = 2.651 ns, StdErr = 0.009 ns (0.35%), N = 11, StdDev = 0.030 ns
Min = 2.606 ns, Q1 = 2.623 ns, Median = 2.663 ns, Q3 = 2.670 ns, Max = 2.691 ns
IQR = 0.047 ns, LowerFence = 2.552 ns, UpperFence = 2.741 ns
ConfidenceInterval = [2.609 ns; 2.693 ns] (CI 99.9%), Margin = 0.042 ns (1.58% of Mean)
Skewness = -0.23, Kurtosis = 1.31, MValue = 2

// ** Remained 8 (16.0%) benchmark(s) to run. Estimated finish 2026-09-12 14:01 (0h 0m from now) **
// **************************
// Benchmark: DataAuthoredQueryBenchmarks.DataAuthoredFacade: Jit(IterationCount=12, IterationTime=250ms, WarmupCount=16) [Shape=Blend, Pattern=Forward]
// *** Execute ***
// Launch: 1 / 1
// Execute: dotnet Alpha-Jit-1.dll --anonymousPipes 120 121 --benchmarkName "DataAuthoredQueryBenchmarks.DataAuthoredFacade(Shape: Blend, Pattern: Forward)" --job Jit --benchmarkId 42 in /home/i/GitHub/tl-56-feat-data-authored-api/benchmarks/Alpha/bin/Release/net10.0/Alpha-Jit-1/bin/Release/net10.0
// Failed to set up high priority (Permission denied). In order to run benchmarks with high priority, make sure you have the right permissions.
// BeforeAnythingElse

// Benchmark Process Environment Information:
// BenchmarkDotNet v0.15.8
// Runtime=.NET 10.0.12 (10.0.12, 10.0.1226.42308), X64 RyuJIT x86-64-v3
// GC=Concurrent Workstation
// HardwareIntrinsics=AVX2+BMI1+BMI2+F16C+FMA+LZCNT+MOVBE,AVX,SSE3+SSSE3+SSE4.1+SSE4.2+POPCNT,X86Base+SSE+SSE2,AES+PCLMUL,AvxVnni,SERIALIZE VectorSize=256
// Job: Jit(IterationCount=12, IterationTime=250ms, WarmupCount=16)

OverheadJitting  1: 4096 op, 102268.00 ns, 24.9678 ns/op
WorkloadJitting  1: 4096 op, 317453.00 ns, 77.5032 ns/op

OverheadJitting  2: 65536 op, 143976.00 ns, 2.1969 ns/op
WorkloadJitting  2: 65536 op, 2393078.00 ns, 36.5155 ns/op

WorkloadPilot    1: 65536 op, 2142061.00 ns, 32.6853 ns/op
WorkloadPilot    2: 7667712 op, 241557541.00 ns, 31.5032 ns/op
WorkloadPilot    3: 7995392 op, 251848225.00 ns, 31.4992 ns/op

OverheadWarmup   1: 7995392 op, 3595.00 ns, 0.0004 ns/op
OverheadWarmup   2: 7995392 op, 3193.00 ns, 0.0004 ns/op
OverheadWarmup   3: 7995392 op, 3087.00 ns, 0.0004 ns/op
OverheadWarmup   4: 7995392 op, 3082.00 ns, 0.0004 ns/op
OverheadWarmup   5: 7995392 op, 3111.00 ns, 0.0004 ns/op
OverheadWarmup   6: 7995392 op, 3180.00 ns, 0.0004 ns/op
OverheadWarmup   7: 7995392 op, 3094.00 ns, 0.0004 ns/op
OverheadWarmup   8: 7995392 op, 3172.00 ns, 0.0004 ns/op
OverheadWarmup   9: 7995392 op, 3088.00 ns, 0.0004 ns/op

OverheadActual   1: 7995392 op, 3525.00 ns, 0.0004 ns/op
OverheadActual   2: 7995392 op, 3364.00 ns, 0.0004 ns/op
OverheadActual   3: 7995392 op, 5203.00 ns, 0.0007 ns/op
OverheadActual   4: 7995392 op, 3681.00 ns, 0.0005 ns/op
OverheadActual   5: 7995392 op, 3589.00 ns, 0.0004 ns/op
OverheadActual   6: 7995392 op, 3031.00 ns, 0.0004 ns/op
OverheadActual   7: 7995392 op, 3041.00 ns, 0.0004 ns/op
OverheadActual   8: 7995392 op, 3044.00 ns, 0.0004 ns/op
OverheadActual   9: 7995392 op, 3015.00 ns, 0.0004 ns/op
OverheadActual  10: 7995392 op, 3079.00 ns, 0.0004 ns/op
OverheadActual  11: 7995392 op, 3095.00 ns, 0.0004 ns/op
OverheadActual  12: 7995392 op, 3182.00 ns, 0.0004 ns/op
OverheadActual  13: 7995392 op, 3100.00 ns, 0.0004 ns/op
OverheadActual  14: 7995392 op, 3155.00 ns, 0.0004 ns/op
OverheadActual  15: 7995392 op, 3133.00 ns, 0.0004 ns/op
OverheadActual  16: 7995392 op, 3098.00 ns, 0.0004 ns/op
OverheadActual  17: 7995392 op, 3037.00 ns, 0.0004 ns/op
OverheadActual  18: 7995392 op, 3470.00 ns, 0.0004 ns/op
OverheadActual  19: 7995392 op, 3150.00 ns, 0.0004 ns/op
OverheadActual  20: 7995392 op, 3120.00 ns, 0.0004 ns/op

WorkloadWarmup   1: 7995392 op, 252294672.00 ns, 31.5550 ns/op
WorkloadWarmup   2: 7995392 op, 253161171.00 ns, 31.6634 ns/op
WorkloadWarmup   3: 7995392 op, 253069190.00 ns, 31.6519 ns/op
WorkloadWarmup   4: 7995392 op, 250073079.00 ns, 31.2772 ns/op
WorkloadWarmup   5: 7995392 op, 251818708.00 ns, 31.4955 ns/op
WorkloadWarmup   6: 7995392 op, 195958091.00 ns, 24.5089 ns/op
WorkloadWarmup   7: 7995392 op, 89527480.00 ns, 11.1974 ns/op
WorkloadWarmup   8: 7995392 op, 89762314.00 ns, 11.2268 ns/op
WorkloadWarmup   9: 7995392 op, 87460133.00 ns, 10.9388 ns/op
WorkloadWarmup  10: 7995392 op, 88584587.00 ns, 11.0795 ns/op
WorkloadWarmup  11: 7995392 op, 89014237.00 ns, 11.1332 ns/op
WorkloadWarmup  12: 7995392 op, 87559799.00 ns, 10.9513 ns/op
WorkloadWarmup  13: 7995392 op, 89006403.00 ns, 11.1322 ns/op
WorkloadWarmup  14: 7995392 op, 88862392.00 ns, 11.1142 ns/op
WorkloadWarmup  15: 7995392 op, 87575582.00 ns, 10.9533 ns/op
WorkloadWarmup  16: 7995392 op, 89055210.00 ns, 11.1383 ns/op

// BeforeActualRun
WorkloadActual   1: 7995392 op, 87400832.00 ns, 10.9314 ns/op
WorkloadActual   2: 7995392 op, 88914384.00 ns, 11.1207 ns/op
WorkloadActual   3: 7995392 op, 88859555.00 ns, 11.1138 ns/op
WorkloadActual   4: 7995392 op, 89529156.00 ns, 11.1976 ns/op
WorkloadActual   5: 7995392 op, 87286370.00 ns, 10.9171 ns/op
WorkloadActual   6: 7995392 op, 88910409.00 ns, 11.1202 ns/op
WorkloadActual   7: 7995392 op, 89141284.00 ns, 11.1491 ns/op
WorkloadActual   8: 7995392 op, 86732258.00 ns, 10.8478 ns/op
WorkloadActual   9: 7995392 op, 88515362.00 ns, 11.0708 ns/op
WorkloadActual  10: 7995392 op, 91635467.00 ns, 11.4610 ns/op
WorkloadActual  11: 7995392 op, 89745897.00 ns, 11.2247 ns/op
WorkloadActual  12: 7995392 op, 89067095.00 ns, 11.1398 ns/op

// AfterActualRun
WorkloadResult   1: 7995392 op, 87397705.50 ns, 10.9310 ns/op
WorkloadResult   2: 7995392 op, 88911257.50 ns, 11.1203 ns/op
WorkloadResult   3: 7995392 op, 88856428.50 ns, 11.1135 ns/op
WorkloadResult   4: 7995392 op, 89526029.50 ns, 11.1972 ns/op
WorkloadResult   5: 7995392 op, 87283243.50 ns, 10.9167 ns/op
WorkloadResult   6: 7995392 op, 88907282.50 ns, 11.1198 ns/op
WorkloadResult   7: 7995392 op, 89138157.50 ns, 11.1487 ns/op
WorkloadResult   8: 7995392 op, 86729131.50 ns, 10.8474 ns/op
WorkloadResult   9: 7995392 op, 88512235.50 ns, 11.0704 ns/op
WorkloadResult  10: 7995392 op, 89742770.50 ns, 11.2243 ns/op
WorkloadResult  11: 7995392 op, 89063968.50 ns, 11.1394 ns/op
// GC:  0 0 0 0 7995392
// Threading:  0 0 7995392

// AfterAll
// Benchmark Process 2311645 has exited with code 0.

Mean = 11.075 ns, StdErr = 0.037 ns (0.33%), N = 11, StdDev = 0.122 ns
Min = 10.847 ns, Q1 = 11.001 ns, Median = 11.120 ns, Q3 = 11.144 ns, Max = 11.224 ns
IQR = 0.143 ns, LowerFence = 10.786 ns, UpperFence = 11.359 ns
ConfidenceInterval = [10.906 ns; 11.245 ns] (CI 99.9%), Margin = 0.169 ns (1.53% of Mean)
Skewness = -0.64, Kurtosis = 1.83, MValue = 2

// ** Remained 7 (14.0%) benchmark(s) to run. Estimated finish 2026-09-12 14:01 (0h 0m from now) **
// **************************
// Benchmark: DataAuthoredQueryBenchmarks.FacadeSelectOnly: Jit(IterationCount=12, IterationTime=250ms, WarmupCount=16) [Shape=Blend, Pattern=Forward]
// *** Execute ***
// Launch: 1 / 1
// Execute: dotnet Alpha-Jit-1.dll --anonymousPipes 122 123 --benchmarkName "DataAuthoredQueryBenchmarks.FacadeSelectOnly(Shape: Blend, Pattern: Forward)" --job Jit --benchmarkId 43 in /home/i/GitHub/tl-56-feat-data-authored-api/benchmarks/Alpha/bin/Release/net10.0/Alpha-Jit-1/bin/Release/net10.0
// Failed to set up high priority (Permission denied). In order to run benchmarks with high priority, make sure you have the right permissions.
// BeforeAnythingElse

// Benchmark Process Environment Information:
// BenchmarkDotNet v0.15.8
// Runtime=.NET 10.0.12 (10.0.12, 10.0.1226.42308), X64 RyuJIT x86-64-v3
// GC=Concurrent Workstation
// HardwareIntrinsics=AVX2+BMI1+BMI2+F16C+FMA+LZCNT+MOVBE,AVX,SSE3+SSSE3+SSE4.1+SSE4.2+POPCNT,X86Base+SSE+SSE2,AES+PCLMUL,AvxVnni,SERIALIZE VectorSize=256
// Job: Jit(IterationCount=12, IterationTime=250ms, WarmupCount=16)

OverheadJitting  1: 4096 op, 101752.00 ns, 24.8418 ns/op
WorkloadJitting  1: 4096 op, 188907.00 ns, 46.1199 ns/op

OverheadJitting  2: 65536 op, 119028.00 ns, 1.8162 ns/op
WorkloadJitting  2: 65536 op, 1075567.00 ns, 16.4118 ns/op

WorkloadPilot    1: 65536 op, 873854.00 ns, 13.3340 ns/op
WorkloadPilot    2: 18808832 op, 235587818.00 ns, 12.5254 ns/op
WorkloadPilot    3: 19988480 op, 243340062.00 ns, 12.1740 ns/op
WorkloadPilot    4: 20578304 op, 249399629.00 ns, 12.1195 ns/op
WorkloadPilot    5: 20643840 op, 251330480.00 ns, 12.1746 ns/op
WorkloadPilot    6: 20578304 op, 248552875.00 ns, 12.0784 ns/op
WorkloadPilot    7: 20709376 op, 250097450.00 ns, 12.0765 ns/op

OverheadWarmup   1: 20709376 op, 8587.00 ns, 0.0004 ns/op
OverheadWarmup   2: 20709376 op, 8164.00 ns, 0.0004 ns/op
OverheadWarmup   3: 20709376 op, 8041.00 ns, 0.0004 ns/op
OverheadWarmup   4: 20709376 op, 12360.00 ns, 0.0006 ns/op
OverheadWarmup   5: 20709376 op, 10251.00 ns, 0.0005 ns/op
OverheadWarmup   6: 20709376 op, 8041.00 ns, 0.0004 ns/op
OverheadWarmup   7: 20709376 op, 7956.00 ns, 0.0004 ns/op
OverheadWarmup   8: 20709376 op, 7970.00 ns, 0.0004 ns/op
OverheadWarmup   9: 20709376 op, 7948.00 ns, 0.0004 ns/op

OverheadActual   1: 20709376 op, 8270.00 ns, 0.0004 ns/op
OverheadActual   2: 20709376 op, 8227.00 ns, 0.0004 ns/op
OverheadActual   3: 20709376 op, 8232.00 ns, 0.0004 ns/op
OverheadActual   4: 20709376 op, 7930.00 ns, 0.0004 ns/op
OverheadActual   5: 20709376 op, 8071.00 ns, 0.0004 ns/op
OverheadActual   6: 20709376 op, 7820.00 ns, 0.0004 ns/op
OverheadActual   7: 20709376 op, 7833.00 ns, 0.0004 ns/op
OverheadActual   8: 20709376 op, 7859.00 ns, 0.0004 ns/op
OverheadActual   9: 20709376 op, 7826.00 ns, 0.0004 ns/op
OverheadActual  10: 20709376 op, 7811.00 ns, 0.0004 ns/op
OverheadActual  11: 20709376 op, 7829.00 ns, 0.0004 ns/op
OverheadActual  12: 20709376 op, 7824.00 ns, 0.0004 ns/op
OverheadActual  13: 20709376 op, 7857.00 ns, 0.0004 ns/op
OverheadActual  14: 20709376 op, 7829.00 ns, 0.0004 ns/op
OverheadActual  15: 20709376 op, 7849.00 ns, 0.0004 ns/op

WorkloadWarmup   1: 20709376 op, 250143680.00 ns, 12.0788 ns/op
WorkloadWarmup   2: 20709376 op, 249475763.00 ns, 12.0465 ns/op
WorkloadWarmup   3: 20709376 op, 250267283.00 ns, 12.0847 ns/op
WorkloadWarmup   4: 20709376 op, 249534059.00 ns, 12.0493 ns/op
WorkloadWarmup   5: 20709376 op, 250983264.00 ns, 12.1193 ns/op
WorkloadWarmup   6: 20709376 op, 231722814.00 ns, 11.1893 ns/op
WorkloadWarmup   7: 20709376 op, 158015738.00 ns, 7.6302 ns/op
WorkloadWarmup   8: 20709376 op, 157168316.00 ns, 7.5892 ns/op
WorkloadWarmup   9: 20709376 op, 156374473.00 ns, 7.5509 ns/op
WorkloadWarmup  10: 20709376 op, 156550549.00 ns, 7.5594 ns/op
WorkloadWarmup  11: 20709376 op, 157606102.00 ns, 7.6104 ns/op
WorkloadWarmup  12: 20709376 op, 157289038.00 ns, 7.5951 ns/op
WorkloadWarmup  13: 20709376 op, 165013814.00 ns, 7.9681 ns/op
WorkloadWarmup  14: 20709376 op, 157190819.00 ns, 7.5903 ns/op
WorkloadWarmup  15: 20709376 op, 157875571.00 ns, 7.6234 ns/op
WorkloadWarmup  16: 20709376 op, 155789700.00 ns, 7.5227 ns/op

// BeforeActualRun
WorkloadActual   1: 20709376 op, 156120820.00 ns, 7.5387 ns/op
WorkloadActual   2: 20709376 op, 156113435.00 ns, 7.5383 ns/op
WorkloadActual   3: 20709376 op, 156390531.00 ns, 7.5517 ns/op
WorkloadActual   4: 20709376 op, 155040429.00 ns, 7.4865 ns/op
WorkloadActual   5: 20709376 op, 156808774.00 ns, 7.5719 ns/op
WorkloadActual   6: 20709376 op, 156332015.00 ns, 7.5489 ns/op
WorkloadActual   7: 20709376 op, 155032541.00 ns, 7.4861 ns/op
WorkloadActual   8: 20709376 op, 155675858.00 ns, 7.5172 ns/op
WorkloadActual   9: 20709376 op, 159241129.00 ns, 7.6893 ns/op
WorkloadActual  10: 20709376 op, 159888075.00 ns, 7.7206 ns/op
WorkloadActual  11: 20709376 op, 180283094.00 ns, 8.7054 ns/op
WorkloadActual  12: 20709376 op, 155282093.00 ns, 7.4982 ns/op

// AfterActualRun
WorkloadResult   1: 20709376 op, 156112971.00 ns, 7.5383 ns/op
WorkloadResult   2: 20709376 op, 156105586.00 ns, 7.5379 ns/op
WorkloadResult   3: 20709376 op, 156382682.00 ns, 7.5513 ns/op
WorkloadResult   4: 20709376 op, 155032580.00 ns, 7.4861 ns/op
WorkloadResult   5: 20709376 op, 156800925.00 ns, 7.5715 ns/op
WorkloadResult   6: 20709376 op, 156324166.00 ns, 7.5485 ns/op
WorkloadResult   7: 20709376 op, 155024692.00 ns, 7.4857 ns/op
WorkloadResult   8: 20709376 op, 155668009.00 ns, 7.5168 ns/op
WorkloadResult   9: 20709376 op, 159233280.00 ns, 7.6889 ns/op
WorkloadResult  10: 20709376 op, 159880226.00 ns, 7.7202 ns/op
WorkloadResult  11: 20709376 op, 155274244.00 ns, 7.4978 ns/op
// GC:  0 0 0 0 20709376
// Threading:  0 0 20709376

// AfterAll
// Benchmark Process 2315709 has exited with code 0.

Mean = 7.558 ns, StdErr = 0.023 ns (0.31%), N = 11, StdDev = 0.078 ns
Min = 7.486 ns, Q1 = 7.507 ns, Median = 7.538 ns, Q3 = 7.561 ns, Max = 7.720 ns
IQR = 0.054 ns, LowerFence = 7.426 ns, UpperFence = 7.643 ns
ConfidenceInterval = [7.451 ns; 7.666 ns] (CI 99.9%), Margin = 0.107 ns (1.42% of Mean)
Skewness = 1.04, Kurtosis = 2.62, MValue = 2

// ** Remained 6 (12.0%) benchmark(s) to run. Estimated finish 2026-09-12 14:01 (0h 0m from now) **
// **************************
// Benchmark: DataAuthoredQueryBenchmarks.FacadeNoDispatch: Jit(IterationCount=12, IterationTime=250ms, WarmupCount=16) [Shape=Blend, Pattern=Forward]
// *** Execute ***
// Launch: 1 / 1
// Execute: dotnet Alpha-Jit-1.dll --anonymousPipes 120 121 --benchmarkName "DataAuthoredQueryBenchmarks.FacadeNoDispatch(Shape: Blend, Pattern: Forward)" --job Jit --benchmarkId 44 in /home/i/GitHub/tl-56-feat-data-authored-api/benchmarks/Alpha/bin/Release/net10.0/Alpha-Jit-1/bin/Release/net10.0
// Failed to set up high priority (Permission denied). In order to run benchmarks with high priority, make sure you have the right permissions.
// BeforeAnythingElse

// Benchmark Process Environment Information:
// BenchmarkDotNet v0.15.8
// Runtime=.NET 10.0.12 (10.0.12, 10.0.1226.42308), X64 RyuJIT x86-64-v3
// GC=Concurrent Workstation
// HardwareIntrinsics=AVX2+BMI1+BMI2+F16C+FMA+LZCNT+MOVBE,AVX,SSE3+SSSE3+SSE4.1+SSE4.2+POPCNT,X86Base+SSE+SSE2,AES+PCLMUL,AvxVnni,SERIALIZE VectorSize=256
// Job: Jit(IterationCount=12, IterationTime=250ms, WarmupCount=16)

OverheadJitting  1: 4096 op, 100988.00 ns, 24.6553 ns/op
WorkloadJitting  1: 4096 op, 191727.00 ns, 46.8083 ns/op

OverheadJitting  2: 65536 op, 121779.00 ns, 1.8582 ns/op
WorkloadJitting  2: 65536 op, 1132952.00 ns, 17.2875 ns/op

WorkloadPilot    1: 65536 op, 938694.00 ns, 14.3233 ns/op
WorkloadPilot    2: 17498112 op, 242257370.00 ns, 13.8448 ns/op
WorkloadPilot    3: 18087936 op, 246777096.00 ns, 13.6432 ns/op
WorkloadPilot    4: 18350080 op, 251487898.00 ns, 13.7050 ns/op
WorkloadPilot    5: 18284544 op, 250777298.00 ns, 13.7153 ns/op

OverheadWarmup   1: 18284544 op, 7597.00 ns, 0.0004 ns/op
OverheadWarmup   2: 18284544 op, 7208.00 ns, 0.0004 ns/op
OverheadWarmup   3: 18284544 op, 7035.00 ns, 0.0004 ns/op
OverheadWarmup   4: 18284544 op, 7036.00 ns, 0.0004 ns/op
OverheadWarmup   5: 18284544 op, 7069.00 ns, 0.0004 ns/op
OverheadWarmup   6: 18284544 op, 7040.00 ns, 0.0004 ns/op
OverheadWarmup   7: 18284544 op, 7032.00 ns, 0.0004 ns/op
OverheadWarmup   8: 18284544 op, 7082.00 ns, 0.0004 ns/op
OverheadWarmup   9: 18284544 op, 7048.00 ns, 0.0004 ns/op

OverheadActual   1: 18284544 op, 7491.00 ns, 0.0004 ns/op
OverheadActual   2: 18284544 op, 7274.00 ns, 0.0004 ns/op
OverheadActual   3: 18284544 op, 7236.00 ns, 0.0004 ns/op
OverheadActual   4: 18284544 op, 6972.00 ns, 0.0004 ns/op
OverheadActual   5: 18284544 op, 7160.00 ns, 0.0004 ns/op
OverheadActual   6: 18284544 op, 6903.00 ns, 0.0004 ns/op
OverheadActual   7: 18284544 op, 6917.00 ns, 0.0004 ns/op
OverheadActual   8: 18284544 op, 6939.00 ns, 0.0004 ns/op
OverheadActual   9: 18284544 op, 6921.00 ns, 0.0004 ns/op
OverheadActual  10: 18284544 op, 7561.00 ns, 0.0004 ns/op
OverheadActual  11: 18284544 op, 7635.00 ns, 0.0004 ns/op
OverheadActual  12: 18284544 op, 7505.00 ns, 0.0004 ns/op
OverheadActual  13: 18284544 op, 7963.00 ns, 0.0004 ns/op
OverheadActual  14: 18284544 op, 12173.00 ns, 0.0007 ns/op
OverheadActual  15: 18284544 op, 8333.00 ns, 0.0005 ns/op
OverheadActual  16: 18284544 op, 8453.00 ns, 0.0005 ns/op
OverheadActual  17: 18284544 op, 8445.00 ns, 0.0005 ns/op
OverheadActual  18: 18284544 op, 7152.00 ns, 0.0004 ns/op
OverheadActual  19: 18284544 op, 6946.00 ns, 0.0004 ns/op
OverheadActual  20: 18284544 op, 6982.00 ns, 0.0004 ns/op

WorkloadWarmup   1: 18284544 op, 251898394.00 ns, 13.7766 ns/op
WorkloadWarmup   2: 18284544 op, 250175938.00 ns, 13.6824 ns/op
WorkloadWarmup   3: 18284544 op, 249908219.00 ns, 13.6677 ns/op
WorkloadWarmup   4: 18284544 op, 250167993.00 ns, 13.6819 ns/op
WorkloadWarmup   5: 18284544 op, 249675957.00 ns, 13.6550 ns/op
WorkloadWarmup   6: 18284544 op, 250633485.00 ns, 13.7074 ns/op
WorkloadWarmup   7: 18284544 op, 249973265.00 ns, 13.6713 ns/op
WorkloadWarmup   8: 18284544 op, 230668238.00 ns, 12.6155 ns/op
WorkloadWarmup   9: 18284544 op, 162855848.00 ns, 8.9067 ns/op
WorkloadWarmup  10: 18284544 op, 158921472.00 ns, 8.6916 ns/op
WorkloadWarmup  11: 18284544 op, 159552843.00 ns, 8.7261 ns/op
WorkloadWarmup  12: 18284544 op, 158845597.00 ns, 8.6874 ns/op
WorkloadWarmup  13: 18284544 op, 158822502.00 ns, 8.6862 ns/op
WorkloadWarmup  14: 18284544 op, 166088589.00 ns, 9.0836 ns/op
WorkloadWarmup  15: 18284544 op, 158978289.00 ns, 8.6947 ns/op
WorkloadWarmup  16: 18284544 op, 161757741.00 ns, 8.8467 ns/op

// BeforeActualRun
WorkloadActual   1: 18284544 op, 158443320.00 ns, 8.6654 ns/op
WorkloadActual   2: 18284544 op, 158706603.00 ns, 8.6798 ns/op
WorkloadActual   3: 18284544 op, 161599519.00 ns, 8.8380 ns/op
WorkloadActual   4: 18284544 op, 158417402.00 ns, 8.6640 ns/op
WorkloadActual   5: 18284544 op, 158217718.00 ns, 8.6531 ns/op
WorkloadActual   6: 18284544 op, 158660036.00 ns, 8.6773 ns/op
WorkloadActual   7: 18284544 op, 159822845.00 ns, 8.7409 ns/op
WorkloadActual   8: 18284544 op, 163532863.00 ns, 8.9438 ns/op
WorkloadActual   9: 18284544 op, 163190286.00 ns, 8.9250 ns/op
WorkloadActual  10: 18284544 op, 164701001.00 ns, 9.0077 ns/op
WorkloadActual  11: 18284544 op, 160091692.00 ns, 8.7556 ns/op
WorkloadActual  12: 18284544 op, 158910637.00 ns, 8.6910 ns/op

// AfterActualRun
WorkloadResult   1: 18284544 op, 158436065.00 ns, 8.6650 ns/op
WorkloadResult   2: 18284544 op, 158699348.00 ns, 8.6794 ns/op
WorkloadResult   3: 18284544 op, 161592264.00 ns, 8.8376 ns/op
WorkloadResult   4: 18284544 op, 158410147.00 ns, 8.6636 ns/op
WorkloadResult   5: 18284544 op, 158210463.00 ns, 8.6527 ns/op
WorkloadResult   6: 18284544 op, 158652781.00 ns, 8.6769 ns/op
WorkloadResult   7: 18284544 op, 159815590.00 ns, 8.7405 ns/op
WorkloadResult   8: 18284544 op, 163525608.00 ns, 8.9434 ns/op
WorkloadResult   9: 18284544 op, 163183031.00 ns, 8.9246 ns/op
WorkloadResult  10: 18284544 op, 164693746.00 ns, 9.0073 ns/op
WorkloadResult  11: 18284544 op, 160084437.00 ns, 8.7552 ns/op
WorkloadResult  12: 18284544 op, 158903382.00 ns, 8.6906 ns/op
// GC:  0 0 0 0 18284544
// Threading:  0 0 18284544

// AfterAll
// Benchmark Process 2322673 has exited with code 0.

Mean = 8.770 ns, StdErr = 0.036 ns (0.42%), N = 12, StdDev = 0.126 ns
Min = 8.653 ns, Q1 = 8.674 ns, Median = 8.716 ns, Q3 = 8.859 ns, Max = 9.007 ns
IQR = 0.185 ns, LowerFence = 8.396 ns, UpperFence = 9.138 ns
ConfidenceInterval = [8.608 ns; 8.931 ns] (CI 99.9%), Margin = 0.162 ns (1.84% of Mean)
Skewness = 0.69, Kurtosis = 1.74, MValue = 2

// ** Remained 5 (10.0%) benchmark(s) to run. Estimated finish 2026-09-12 14:01 (0h 0m from now) **
// **************************
// Benchmark: DataAuthoredQueryBenchmarks.DirectShape: Jit(IterationCount=12, IterationTime=250ms, WarmupCount=16) [Shape=Blend, Pattern=Alternating]
// *** Execute ***
// Launch: 1 / 1
// Execute: dotnet Alpha-Jit-1.dll --anonymousPipes 122 123 --benchmarkName "DataAuthoredQueryBenchmarks.DirectShape(Shape: Blend, Pattern: Alternating)" --job Jit --benchmarkId 45 in /home/i/GitHub/tl-56-feat-data-authored-api/benchmarks/Alpha/bin/Release/net10.0/Alpha-Jit-1/bin/Release/net10.0
// Failed to set up high priority (Permission denied). In order to run benchmarks with high priority, make sure you have the right permissions.
// BeforeAnythingElse

// Benchmark Process Environment Information:
// BenchmarkDotNet v0.15.8
// Runtime=.NET 10.0.12 (10.0.12, 10.0.1226.42308), X64 RyuJIT x86-64-v3
// GC=Concurrent Workstation
// HardwareIntrinsics=AVX2+BMI1+BMI2+F16C+FMA+LZCNT+MOVBE,AVX,SSE3+SSSE3+SSE4.1+SSE4.2+POPCNT,X86Base+SSE+SSE2,AES+PCLMUL,AvxVnni,SERIALIZE VectorSize=256
// Job: Jit(IterationCount=12, IterationTime=250ms, WarmupCount=16)

OverheadJitting  1: 4096 op, 109238.00 ns, 26.6694 ns/op
WorkloadJitting  1: 4096 op, 1063166.00 ns, 259.5620 ns/op

OverheadJitting  2: 65536 op, 146970.00 ns, 2.2426 ns/op
WorkloadJitting  2: 65536 op, 476980.00 ns, 7.2781 ns/op

WorkloadPilot    1: 65536 op, 271498.00 ns, 4.1427 ns/op
WorkloadPilot    2: 60358656 op, 221547172.00 ns, 3.6705 ns/op
WorkloadPilot    3: 68157440 op, 250111587.00 ns, 3.6696 ns/op

OverheadWarmup   1: 68157440 op, 26689.00 ns, 0.0004 ns/op
OverheadWarmup   2: 68157440 op, 26250.00 ns, 0.0004 ns/op
OverheadWarmup   3: 68157440 op, 26153.00 ns, 0.0004 ns/op
OverheadWarmup   4: 68157440 op, 26148.00 ns, 0.0004 ns/op
OverheadWarmup   5: 68157440 op, 26208.00 ns, 0.0004 ns/op
OverheadWarmup   6: 68157440 op, 26152.00 ns, 0.0004 ns/op
OverheadWarmup   7: 68157440 op, 26253.00 ns, 0.0004 ns/op
OverheadWarmup   8: 68157440 op, 26507.00 ns, 0.0004 ns/op
OverheadWarmup   9: 68157440 op, 26164.00 ns, 0.0004 ns/op

OverheadActual   1: 68157440 op, 26423.00 ns, 0.0004 ns/op
OverheadActual   2: 68157440 op, 26417.00 ns, 0.0004 ns/op
OverheadActual   3: 68157440 op, 25945.00 ns, 0.0004 ns/op
OverheadActual   4: 68157440 op, 25806.00 ns, 0.0004 ns/op
OverheadActual   5: 68157440 op, 25404.00 ns, 0.0004 ns/op
OverheadActual   6: 68157440 op, 25219.00 ns, 0.0004 ns/op
OverheadActual   7: 68157440 op, 25202.00 ns, 0.0004 ns/op
OverheadActual   8: 68157440 op, 25174.00 ns, 0.0004 ns/op
OverheadActual   9: 68157440 op, 25196.00 ns, 0.0004 ns/op
OverheadActual  10: 68157440 op, 25176.00 ns, 0.0004 ns/op
OverheadActual  11: 68157440 op, 25187.00 ns, 0.0004 ns/op
OverheadActual  12: 68157440 op, 25198.00 ns, 0.0004 ns/op
OverheadActual  13: 68157440 op, 25220.00 ns, 0.0004 ns/op
OverheadActual  14: 68157440 op, 25216.00 ns, 0.0004 ns/op
OverheadActual  15: 68157440 op, 25674.00 ns, 0.0004 ns/op

WorkloadWarmup   1: 68157440 op, 254099291.00 ns, 3.7281 ns/op
WorkloadWarmup   2: 68157440 op, 258632373.00 ns, 3.7946 ns/op
WorkloadWarmup   3: 68157440 op, 250749257.00 ns, 3.6790 ns/op
WorkloadWarmup   4: 68157440 op, 248485581.00 ns, 3.6458 ns/op
WorkloadWarmup   5: 68157440 op, 248286372.00 ns, 3.6428 ns/op
WorkloadWarmup   6: 68157440 op, 224977409.00 ns, 3.3008 ns/op
WorkloadWarmup   7: 68157440 op, 133324775.00 ns, 1.9561 ns/op
WorkloadWarmup   8: 68157440 op, 134213306.00 ns, 1.9692 ns/op
WorkloadWarmup   9: 68157440 op, 134265652.00 ns, 1.9699 ns/op
WorkloadWarmup  10: 68157440 op, 136844289.00 ns, 2.0078 ns/op
WorkloadWarmup  11: 68157440 op, 146539321.00 ns, 2.1500 ns/op
WorkloadWarmup  12: 68157440 op, 135050592.00 ns, 1.9815 ns/op
WorkloadWarmup  13: 68157440 op, 134558691.00 ns, 1.9742 ns/op
WorkloadWarmup  14: 68157440 op, 137673867.00 ns, 2.0199 ns/op
WorkloadWarmup  15: 68157440 op, 132088234.00 ns, 1.9380 ns/op
WorkloadWarmup  16: 68157440 op, 134891279.00 ns, 1.9791 ns/op

// BeforeActualRun
WorkloadActual   1: 68157440 op, 133811248.00 ns, 1.9633 ns/op
WorkloadActual   2: 68157440 op, 132268316.00 ns, 1.9406 ns/op
WorkloadActual   3: 68157440 op, 133978205.00 ns, 1.9657 ns/op
WorkloadActual   4: 68157440 op, 133590349.00 ns, 1.9600 ns/op
WorkloadActual   5: 68157440 op, 132892974.00 ns, 1.9498 ns/op
WorkloadActual   6: 68157440 op, 145372094.00 ns, 2.1329 ns/op
WorkloadActual   7: 68157440 op, 133864294.00 ns, 1.9640 ns/op
WorkloadActual   8: 68157440 op, 142650071.00 ns, 2.0929 ns/op
WorkloadActual   9: 68157440 op, 132465633.00 ns, 1.9435 ns/op
WorkloadActual  10: 68157440 op, 133413247.00 ns, 1.9574 ns/op
WorkloadActual  11: 68157440 op, 136525283.00 ns, 2.0031 ns/op
WorkloadActual  12: 68157440 op, 141556392.00 ns, 2.0769 ns/op

// AfterActualRun
WorkloadResult   1: 68157440 op, 133786029.00 ns, 1.9629 ns/op
WorkloadResult   2: 68157440 op, 132243097.00 ns, 1.9403 ns/op
WorkloadResult   3: 68157440 op, 133952986.00 ns, 1.9653 ns/op
WorkloadResult   4: 68157440 op, 133565130.00 ns, 1.9597 ns/op
WorkloadResult   5: 68157440 op, 132867755.00 ns, 1.9494 ns/op
WorkloadResult   6: 68157440 op, 133839075.00 ns, 1.9637 ns/op
WorkloadResult   7: 68157440 op, 142624852.00 ns, 2.0926 ns/op
WorkloadResult   8: 68157440 op, 132440414.00 ns, 1.9432 ns/op
WorkloadResult   9: 68157440 op, 133388028.00 ns, 1.9571 ns/op
WorkloadResult  10: 68157440 op, 136500064.00 ns, 2.0027 ns/op
WorkloadResult  11: 68157440 op, 141531173.00 ns, 2.0765 ns/op
// GC:  0 0 0 0 68157440
// Threading:  0 0 68157440

// AfterAll
// Benchmark Process 2328944 has exited with code 0.

Mean = 1.983 ns, StdErr = 0.016 ns (0.80%), N = 11, StdDev = 0.053 ns
Min = 1.940 ns, Q1 = 1.953 ns, Median = 1.963 ns, Q3 = 1.984 ns, Max = 2.093 ns
IQR = 0.031 ns, LowerFence = 1.907 ns, UpperFence = 2.030 ns
ConfidenceInterval = [1.910 ns; 2.056 ns] (CI 99.9%), Margin = 0.073 ns (3.69% of Mean)
Skewness = 1.17, Kurtosis = 2.66, MValue = 2

// ** Remained 4 (8.0%) benchmark(s) to run. Estimated finish 2026-09-12 14:01 (0h 0m from now) **
// **************************
// Benchmark: DataAuthoredQueryBenchmarks.GeneratedShape: Jit(IterationCount=12, IterationTime=250ms, WarmupCount=16) [Shape=Blend, Pattern=Alternating]
// *** Execute ***
// Launch: 1 / 1
// Execute: dotnet Alpha-Jit-1.dll --anonymousPipes 122 123 --benchmarkName "DataAuthoredQueryBenchmarks.GeneratedShape(Shape: Blend, Pattern: Alternating)" --job Jit --benchmarkId 46 in /home/i/GitHub/tl-56-feat-data-authored-api/benchmarks/Alpha/bin/Release/net10.0/Alpha-Jit-1/bin/Release/net10.0
// Failed to set up high priority (Permission denied). In order to run benchmarks with high priority, make sure you have the right permissions.
// BeforeAnythingElse

// Benchmark Process Environment Information:
// BenchmarkDotNet v0.15.8
// Runtime=.NET 10.0.12 (10.0.12, 10.0.1226.42308), X64 RyuJIT x86-64-v3
// GC=Concurrent Workstation
// HardwareIntrinsics=AVX2+BMI1+BMI2+F16C+FMA+LZCNT+MOVBE,AVX,SSE3+SSSE3+SSE4.1+SSE4.2+POPCNT,X86Base+SSE+SSE2,AES+PCLMUL,AvxVnni,SERIALIZE VectorSize=256
// Job: Jit(IterationCount=12, IterationTime=250ms, WarmupCount=16)

OverheadJitting  1: 4096 op, 108631.00 ns, 26.5212 ns/op
WorkloadJitting  1: 4096 op, 279369.00 ns, 68.2053 ns/op

OverheadJitting  2: 65536 op, 130946.00 ns, 1.9981 ns/op
WorkloadJitting  2: 65536 op, 1998807.00 ns, 30.4994 ns/op

WorkloadPilot    1: 65536 op, 1208983.00 ns, 18.4476 ns/op
WorkloadPilot    2: 13565952 op, 145953779.00 ns, 10.7588 ns/op
WorkloadPilot    3: 23265280 op, 248381179.00 ns, 10.6760 ns/op
WorkloadPilot    4: 23461888 op, 249635029.00 ns, 10.6400 ns/op
WorkloadPilot    5: 23527424 op, 255326442.00 ns, 10.8523 ns/op
WorkloadPilot    6: 23068672 op, 246355077.00 ns, 10.6792 ns/op
WorkloadPilot    7: 23461888 op, 251615816.00 ns, 10.7244 ns/op
WorkloadPilot    8: 23330816 op, 248498585.00 ns, 10.6511 ns/op
WorkloadPilot    9: 23527424 op, 251642964.00 ns, 10.6957 ns/op

OverheadWarmup   1: 23527424 op, 9530.00 ns, 0.0004 ns/op
OverheadWarmup   2: 23527424 op, 9056.00 ns, 0.0004 ns/op
OverheadWarmup   3: 23527424 op, 8876.00 ns, 0.0004 ns/op
OverheadWarmup   4: 23527424 op, 8868.00 ns, 0.0004 ns/op
OverheadWarmup   5: 23527424 op, 8920.00 ns, 0.0004 ns/op
OverheadWarmup   6: 23527424 op, 8882.00 ns, 0.0004 ns/op
OverheadWarmup   7: 23527424 op, 8890.00 ns, 0.0004 ns/op
OverheadWarmup   8: 23527424 op, 8862.00 ns, 0.0004 ns/op

OverheadActual   1: 23527424 op, 9194.00 ns, 0.0004 ns/op
OverheadActual   2: 23527424 op, 9195.00 ns, 0.0004 ns/op
OverheadActual   3: 23527424 op, 9207.00 ns, 0.0004 ns/op
OverheadActual   4: 23527424 op, 8939.00 ns, 0.0004 ns/op
OverheadActual   5: 23527424 op, 9319.00 ns, 0.0004 ns/op
OverheadActual   6: 23527424 op, 8894.00 ns, 0.0004 ns/op
OverheadActual   7: 23527424 op, 8892.00 ns, 0.0004 ns/op
OverheadActual   8: 23527424 op, 8872.00 ns, 0.0004 ns/op
OverheadActual   9: 23527424 op, 9033.00 ns, 0.0004 ns/op
OverheadActual  10: 23527424 op, 9060.00 ns, 0.0004 ns/op
OverheadActual  11: 23527424 op, 9065.00 ns, 0.0004 ns/op
OverheadActual  12: 23527424 op, 9091.00 ns, 0.0004 ns/op
OverheadActual  13: 23527424 op, 9042.00 ns, 0.0004 ns/op
OverheadActual  14: 23527424 op, 9044.00 ns, 0.0004 ns/op
OverheadActual  15: 23527424 op, 9060.00 ns, 0.0004 ns/op

WorkloadWarmup   1: 23527424 op, 250111952.00 ns, 10.6307 ns/op
WorkloadWarmup   2: 23527424 op, 252661139.00 ns, 10.7390 ns/op
WorkloadWarmup   3: 23527424 op, 252127565.00 ns, 10.7163 ns/op
WorkloadWarmup   4: 23527424 op, 249276254.00 ns, 10.5951 ns/op
WorkloadWarmup   5: 23527424 op, 89755767.00 ns, 3.8149 ns/op
WorkloadWarmup   6: 23527424 op, 70271977.00 ns, 2.9868 ns/op
WorkloadWarmup   7: 23527424 op, 69812706.00 ns, 2.9673 ns/op
WorkloadWarmup   8: 23527424 op, 70494231.00 ns, 2.9963 ns/op
WorkloadWarmup   9: 23527424 op, 70603444.00 ns, 3.0009 ns/op
WorkloadWarmup  10: 23527424 op, 71015407.00 ns, 3.0184 ns/op
WorkloadWarmup  11: 23527424 op, 70283162.00 ns, 2.9873 ns/op
WorkloadWarmup  12: 23527424 op, 69617189.00 ns, 2.9590 ns/op
WorkloadWarmup  13: 23527424 op, 74079291.00 ns, 3.1486 ns/op
WorkloadWarmup  14: 23527424 op, 70160852.00 ns, 2.9821 ns/op
WorkloadWarmup  15: 23527424 op, 68417710.00 ns, 2.9080 ns/op
WorkloadWarmup  16: 23527424 op, 69562487.00 ns, 2.9567 ns/op

// BeforeActualRun
WorkloadActual   1: 23527424 op, 70121673.00 ns, 2.9804 ns/op
WorkloadActual   2: 23527424 op, 73856299.00 ns, 3.1392 ns/op
WorkloadActual   3: 23527424 op, 69865678.00 ns, 2.9695 ns/op
WorkloadActual   4: 23527424 op, 69676722.00 ns, 2.9615 ns/op
WorkloadActual   5: 23527424 op, 67802608.00 ns, 2.8819 ns/op
WorkloadActual   6: 23527424 op, 70039779.00 ns, 2.9769 ns/op
WorkloadActual   7: 23527424 op, 68577865.00 ns, 2.9148 ns/op
WorkloadActual   8: 23527424 op, 69687069.00 ns, 2.9620 ns/op
WorkloadActual   9: 23527424 op, 69788967.00 ns, 2.9663 ns/op
WorkloadActual  10: 23527424 op, 68668460.00 ns, 2.9187 ns/op
WorkloadActual  11: 23527424 op, 72984101.00 ns, 3.1021 ns/op
WorkloadActual  12: 23527424 op, 69145629.00 ns, 2.9389 ns/op

// AfterActualRun
WorkloadResult   1: 23527424 op, 70112613.00 ns, 2.9800 ns/op
WorkloadResult   2: 23527424 op, 69856618.00 ns, 2.9692 ns/op
WorkloadResult   3: 23527424 op, 69667662.00 ns, 2.9611 ns/op
WorkloadResult   4: 23527424 op, 67793548.00 ns, 2.8815 ns/op
WorkloadResult   5: 23527424 op, 70030719.00 ns, 2.9766 ns/op
WorkloadResult   6: 23527424 op, 68568805.00 ns, 2.9144 ns/op
WorkloadResult   7: 23527424 op, 69678009.00 ns, 2.9616 ns/op
WorkloadResult   8: 23527424 op, 69779907.00 ns, 2.9659 ns/op
WorkloadResult   9: 23527424 op, 68659400.00 ns, 2.9183 ns/op
WorkloadResult  10: 23527424 op, 69136569.00 ns, 2.9386 ns/op
// GC:  0 0 0 0 23527424
// Threading:  0 0 23527424

// AfterAll
// Benchmark Process 2333878 has exited with code 0.

Mean = 2.947 ns, StdErr = 0.010 ns (0.35%), N = 10, StdDev = 0.032 ns
Min = 2.881 ns, Q1 = 2.923 ns, Median = 2.961 ns, Q3 = 2.968 ns, Max = 2.980 ns
IQR = 0.045 ns, LowerFence = 2.856 ns, UpperFence = 3.036 ns
ConfidenceInterval = [2.898 ns; 2.996 ns] (CI 99.9%), Margin = 0.049 ns (1.66% of Mean)
Skewness = -0.72, Kurtosis = 2.02, MValue = 2

// ** Remained 3 (6.0%) benchmark(s) to run. Estimated finish 2026-09-12 14:01 (0h 0m from now) **
// **************************
// Benchmark: DataAuthoredQueryBenchmarks.DataAuthoredFacade: Jit(IterationCount=12, IterationTime=250ms, WarmupCount=16) [Shape=Blend, Pattern=Alternating]
// *** Execute ***
// Launch: 1 / 1
// Execute: dotnet Alpha-Jit-1.dll --anonymousPipes 120 121 --benchmarkName "DataAuthoredQueryBenchmarks.DataAuthoredFacade(Shape: Blend, Pattern: Alternating)" --job Jit --benchmarkId 47 in /home/i/GitHub/tl-56-feat-data-authored-api/benchmarks/Alpha/bin/Release/net10.0/Alpha-Jit-1/bin/Release/net10.0
// Failed to set up high priority (Permission denied). In order to run benchmarks with high priority, make sure you have the right permissions.
// BeforeAnythingElse

// Benchmark Process Environment Information:
// BenchmarkDotNet v0.15.8
// Runtime=.NET 10.0.12 (10.0.12, 10.0.1226.42308), X64 RyuJIT x86-64-v3
// GC=Concurrent Workstation
// HardwareIntrinsics=AVX2+BMI1+BMI2+F16C+FMA+LZCNT+MOVBE,AVX,SSE3+SSSE3+SSE4.1+SSE4.2+POPCNT,X86Base+SSE+SSE2,AES+PCLMUL,AvxVnni,SERIALIZE VectorSize=256
// Job: Jit(IterationCount=12, IterationTime=250ms, WarmupCount=16)

OverheadJitting  1: 4096 op, 102388.00 ns, 24.9971 ns/op
WorkloadJitting  1: 4096 op, 296513.00 ns, 72.3909 ns/op

OverheadJitting  2: 65536 op, 133366.00 ns, 2.0350 ns/op
WorkloadJitting  2: 65536 op, 2391654.00 ns, 36.4937 ns/op

WorkloadPilot    1: 65536 op, 2133603.00 ns, 32.5562 ns/op
WorkloadPilot    2: 7733248 op, 248975196.00 ns, 32.1954 ns/op
WorkloadPilot    3: 7798784 op, 251432847.00 ns, 32.2400 ns/op

OverheadWarmup   1: 7798784 op, 4785.00 ns, 0.0006 ns/op
OverheadWarmup   2: 7798784 op, 3659.00 ns, 0.0005 ns/op
OverheadWarmup   3: 7798784 op, 3374.00 ns, 0.0004 ns/op
OverheadWarmup   4: 7798784 op, 3695.00 ns, 0.0005 ns/op
OverheadWarmup   5: 7798784 op, 4226.00 ns, 0.0005 ns/op
OverheadWarmup   6: 7798784 op, 3060.00 ns, 0.0004 ns/op
OverheadWarmup   7: 7798784 op, 3031.00 ns, 0.0004 ns/op
OverheadWarmup   8: 7798784 op, 3571.00 ns, 0.0005 ns/op
OverheadWarmup   9: 7798784 op, 3045.00 ns, 0.0004 ns/op

OverheadActual   1: 7798784 op, 7193.00 ns, 0.0009 ns/op
OverheadActual   2: 7798784 op, 4421.00 ns, 0.0006 ns/op
OverheadActual   3: 7798784 op, 3363.00 ns, 0.0004 ns/op
OverheadActual   4: 7798784 op, 3022.00 ns, 0.0004 ns/op
OverheadActual   5: 7798784 op, 3232.00 ns, 0.0004 ns/op
OverheadActual   6: 7798784 op, 2972.00 ns, 0.0004 ns/op
OverheadActual   7: 7798784 op, 2965.00 ns, 0.0004 ns/op
OverheadActual   8: 7798784 op, 2986.00 ns, 0.0004 ns/op
OverheadActual   9: 7798784 op, 3205.00 ns, 0.0004 ns/op
OverheadActual  10: 7798784 op, 3003.00 ns, 0.0004 ns/op
OverheadActual  11: 7798784 op, 3091.00 ns, 0.0004 ns/op
OverheadActual  12: 7798784 op, 3852.00 ns, 0.0005 ns/op
OverheadActual  13: 7798784 op, 3070.00 ns, 0.0004 ns/op
OverheadActual  14: 7798784 op, 2992.00 ns, 0.0004 ns/op
OverheadActual  15: 7798784 op, 3159.00 ns, 0.0004 ns/op
OverheadActual  16: 7798784 op, 3816.00 ns, 0.0005 ns/op
OverheadActual  17: 7798784 op, 3397.00 ns, 0.0004 ns/op
OverheadActual  18: 7798784 op, 3328.00 ns, 0.0004 ns/op
OverheadActual  19: 7798784 op, 3070.00 ns, 0.0004 ns/op
OverheadActual  20: 7798784 op, 3090.00 ns, 0.0004 ns/op

WorkloadWarmup   1: 7798784 op, 251706924.00 ns, 32.2752 ns/op
WorkloadWarmup   2: 7798784 op, 252051431.00 ns, 32.3193 ns/op
WorkloadWarmup   3: 7798784 op, 249729402.00 ns, 32.0216 ns/op
WorkloadWarmup   4: 7798784 op, 249725847.00 ns, 32.0211 ns/op
WorkloadWarmup   5: 7798784 op, 247714619.00 ns, 31.7632 ns/op
WorkloadWarmup   6: 7798784 op, 196587587.00 ns, 25.2075 ns/op
WorkloadWarmup   7: 7798784 op, 89806631.00 ns, 11.5155 ns/op
WorkloadWarmup   8: 7798784 op, 92378690.00 ns, 11.8453 ns/op
WorkloadWarmup   9: 7798784 op, 87113833.00 ns, 11.1702 ns/op
WorkloadWarmup  10: 7798784 op, 88008860.00 ns, 11.2849 ns/op
WorkloadWarmup  11: 7798784 op, 86136865.00 ns, 11.0449 ns/op
WorkloadWarmup  12: 7798784 op, 87985566.00 ns, 11.2820 ns/op
WorkloadWarmup  13: 7798784 op, 87277879.00 ns, 11.1912 ns/op
WorkloadWarmup  14: 7798784 op, 87658038.00 ns, 11.2400 ns/op
WorkloadWarmup  15: 7798784 op, 88379203.00 ns, 11.3324 ns/op
WorkloadWarmup  16: 7798784 op, 87885671.00 ns, 11.2692 ns/op

// BeforeActualRun
WorkloadActual   1: 7798784 op, 87507894.00 ns, 11.2207 ns/op
WorkloadActual   2: 7798784 op, 86954911.00 ns, 11.1498 ns/op
WorkloadActual   3: 7798784 op, 87962569.00 ns, 11.2790 ns/op
WorkloadActual   4: 7798784 op, 86644605.00 ns, 11.1100 ns/op
WorkloadActual   5: 7798784 op, 87455888.00 ns, 11.2140 ns/op
WorkloadActual   6: 7798784 op, 87339478.00 ns, 11.1991 ns/op
WorkloadActual   7: 7798784 op, 88849420.00 ns, 11.3927 ns/op
WorkloadActual   8: 7798784 op, 87554066.00 ns, 11.2266 ns/op
WorkloadActual   9: 7798784 op, 87065628.00 ns, 11.1640 ns/op
WorkloadActual  10: 7798784 op, 88402518.00 ns, 11.3354 ns/op
WorkloadActual  11: 7798784 op, 88094855.00 ns, 11.2960 ns/op
WorkloadActual  12: 7798784 op, 88076075.00 ns, 11.2936 ns/op

// AfterActualRun
WorkloadResult   1: 7798784 op, 87504769.00 ns, 11.2203 ns/op
WorkloadResult   2: 7798784 op, 86951786.00 ns, 11.1494 ns/op
WorkloadResult   3: 7798784 op, 87959444.00 ns, 11.2786 ns/op
WorkloadResult   4: 7798784 op, 86641480.00 ns, 11.1096 ns/op
WorkloadResult   5: 7798784 op, 87452763.00 ns, 11.2136 ns/op
WorkloadResult   6: 7798784 op, 87336353.00 ns, 11.1987 ns/op
WorkloadResult   7: 7798784 op, 88846295.00 ns, 11.3923 ns/op
WorkloadResult   8: 7798784 op, 87550941.00 ns, 11.2262 ns/op
WorkloadResult   9: 7798784 op, 87062503.00 ns, 11.1636 ns/op
WorkloadResult  10: 7798784 op, 88399393.00 ns, 11.3350 ns/op
WorkloadResult  11: 7798784 op, 88091730.00 ns, 11.2956 ns/op
WorkloadResult  12: 7798784 op, 88072950.00 ns, 11.2932 ns/op
// GC:  0 0 0 0 7798784
// Threading:  0 0 7798784

// AfterAll
// Benchmark Process 2338748 has exited with code 0.

Mean = 11.240 ns, StdErr = 0.024 ns (0.21%), N = 12, StdDev = 0.082 ns
Min = 11.110 ns, Q1 = 11.190 ns, Median = 11.223 ns, Q3 = 11.294 ns, Max = 11.392 ns
IQR = 0.104 ns, LowerFence = 11.034 ns, UpperFence = 11.450 ns
ConfidenceInterval = [11.135 ns; 11.344 ns] (CI 99.9%), Margin = 0.105 ns (0.93% of Mean)
Skewness = 0.2, Kurtosis = 1.92, MValue = 2

// ** Remained 2 (4.0%) benchmark(s) to run. Estimated finish 2026-09-12 14:01 (0h 0m from now) **
// **************************
// Benchmark: DataAuthoredQueryBenchmarks.FacadeSelectOnly: Jit(IterationCount=12, IterationTime=250ms, WarmupCount=16) [Shape=Blend, Pattern=Alternating]
// *** Execute ***
// Launch: 1 / 1
// Execute: dotnet Alpha-Jit-1.dll --anonymousPipes 122 123 --benchmarkName "DataAuthoredQueryBenchmarks.FacadeSelectOnly(Shape: Blend, Pattern: Alternating)" --job Jit --benchmarkId 48 in /home/i/GitHub/tl-56-feat-data-authored-api/benchmarks/Alpha/bin/Release/net10.0/Alpha-Jit-1/bin/Release/net10.0
// Failed to set up high priority (Permission denied). In order to run benchmarks with high priority, make sure you have the right permissions.
// BeforeAnythingElse

// Benchmark Process Environment Information:
// BenchmarkDotNet v0.15.8
// Runtime=.NET 10.0.12 (10.0.12, 10.0.1226.42308), X64 RyuJIT x86-64-v3
// GC=Concurrent Workstation
// HardwareIntrinsics=AVX2+BMI1+BMI2+F16C+FMA+LZCNT+MOVBE,AVX,SSE3+SSSE3+SSE4.1+SSE4.2+POPCNT,X86Base+SSE+SSE2,AES+PCLMUL,AvxVnni,SERIALIZE VectorSize=256
// Job: Jit(IterationCount=12, IterationTime=250ms, WarmupCount=16)

OverheadJitting  1: 4096 op, 105691.00 ns, 25.8035 ns/op
WorkloadJitting  1: 4096 op, 192659.00 ns, 47.0359 ns/op

OverheadJitting  2: 65536 op, 242465.00 ns, 3.6997 ns/op
WorkloadJitting  2: 65536 op, 1568925.00 ns, 23.9399 ns/op

WorkloadPilot    1: 65536 op, 890838.00 ns, 13.5931 ns/op
WorkloadPilot    2: 18415616 op, 242795675.00 ns, 13.1842 ns/op
WorkloadPilot    3: 19005440 op, 247360467.00 ns, 13.0152 ns/op
WorkloadPilot    4: 19267584 op, 255026031.00 ns, 13.2360 ns/op
WorkloadPilot    5: 18939904 op, 247915735.00 ns, 13.0896 ns/op
WorkloadPilot    6: 19136512 op, 250749265.00 ns, 13.1032 ns/op

OverheadWarmup   1: 19136512 op, 7779.00 ns, 0.0004 ns/op
OverheadWarmup   2: 19136512 op, 7285.00 ns, 0.0004 ns/op
OverheadWarmup   3: 19136512 op, 7252.00 ns, 0.0004 ns/op
OverheadWarmup   4: 19136512 op, 7223.00 ns, 0.0004 ns/op
OverheadWarmup   5: 19136512 op, 7277.00 ns, 0.0004 ns/op
OverheadWarmup   6: 19136512 op, 7205.00 ns, 0.0004 ns/op
OverheadWarmup   7: 19136512 op, 7240.00 ns, 0.0004 ns/op
OverheadWarmup   8: 19136512 op, 7229.00 ns, 0.0004 ns/op

OverheadActual   1: 19136512 op, 7484.00 ns, 0.0004 ns/op
OverheadActual   2: 19136512 op, 10569.00 ns, 0.0006 ns/op
OverheadActual   3: 19136512 op, 7718.00 ns, 0.0004 ns/op
OverheadActual   4: 19136512 op, 7585.00 ns, 0.0004 ns/op
OverheadActual   5: 19136512 op, 7633.00 ns, 0.0004 ns/op
OverheadActual   6: 19136512 op, 7256.00 ns, 0.0004 ns/op
OverheadActual   7: 19136512 op, 7242.00 ns, 0.0004 ns/op
OverheadActual   8: 19136512 op, 7249.00 ns, 0.0004 ns/op
OverheadActual   9: 19136512 op, 7265.00 ns, 0.0004 ns/op
OverheadActual  10: 19136512 op, 7216.00 ns, 0.0004 ns/op
OverheadActual  11: 19136512 op, 7230.00 ns, 0.0004 ns/op
OverheadActual  12: 19136512 op, 7258.00 ns, 0.0004 ns/op
OverheadActual  13: 19136512 op, 7271.00 ns, 0.0004 ns/op
OverheadActual  14: 19136512 op, 7254.00 ns, 0.0004 ns/op
OverheadActual  15: 19136512 op, 7251.00 ns, 0.0004 ns/op

WorkloadWarmup   1: 19136512 op, 252496271.00 ns, 13.1945 ns/op
WorkloadWarmup   2: 19136512 op, 253311953.00 ns, 13.2371 ns/op
WorkloadWarmup   3: 19136512 op, 251444353.00 ns, 13.1395 ns/op
WorkloadWarmup   4: 19136512 op, 250471960.00 ns, 13.0887 ns/op
WorkloadWarmup   5: 19136512 op, 248699644.00 ns, 12.9961 ns/op
WorkloadWarmup   6: 19136512 op, 249919297.00 ns, 13.0598 ns/op
WorkloadWarmup   7: 19136512 op, 219258175.00 ns, 11.4576 ns/op
WorkloadWarmup   8: 19136512 op, 149671292.00 ns, 7.8212 ns/op
WorkloadWarmup   9: 19136512 op, 149395563.00 ns, 7.8068 ns/op
WorkloadWarmup  10: 19136512 op, 147896302.00 ns, 7.7285 ns/op
WorkloadWarmup  11: 19136512 op, 150167043.00 ns, 7.8471 ns/op
WorkloadWarmup  12: 19136512 op, 151677282.00 ns, 7.9261 ns/op
WorkloadWarmup  13: 19136512 op, 153291896.00 ns, 8.0104 ns/op
WorkloadWarmup  14: 19136512 op, 162128200.00 ns, 8.4722 ns/op
WorkloadWarmup  15: 19136512 op, 157888572.00 ns, 8.2506 ns/op
WorkloadWarmup  16: 19136512 op, 153531620.00 ns, 8.0230 ns/op

// BeforeActualRun
WorkloadActual   1: 19136512 op, 155550026.00 ns, 8.1284 ns/op
WorkloadActual   2: 19136512 op, 154970949.00 ns, 8.0982 ns/op
WorkloadActual   3: 19136512 op, 151747465.00 ns, 7.9297 ns/op
WorkloadActual   4: 19136512 op, 154773103.00 ns, 8.0878 ns/op
WorkloadActual   5: 19136512 op, 154267009.00 ns, 8.0614 ns/op
WorkloadActual   6: 19136512 op, 155182157.00 ns, 8.1092 ns/op
WorkloadActual   7: 19136512 op, 154825759.00 ns, 8.0906 ns/op
WorkloadActual   8: 19136512 op, 154808394.00 ns, 8.0897 ns/op
WorkloadActual   9: 19136512 op, 154022228.00 ns, 8.0486 ns/op
WorkloadActual  10: 19136512 op, 155468751.00 ns, 8.1242 ns/op
WorkloadActual  11: 19136512 op, 153771493.00 ns, 8.0355 ns/op
WorkloadActual  12: 19136512 op, 156759487.00 ns, 8.1916 ns/op

// AfterActualRun
WorkloadResult   1: 19136512 op, 155542768.00 ns, 8.1281 ns/op
WorkloadResult   2: 19136512 op, 154963691.00 ns, 8.0978 ns/op
WorkloadResult   3: 19136512 op, 151740207.00 ns, 7.9294 ns/op
WorkloadResult   4: 19136512 op, 154765845.00 ns, 8.0875 ns/op
WorkloadResult   5: 19136512 op, 154259751.00 ns, 8.0610 ns/op
WorkloadResult   6: 19136512 op, 155174899.00 ns, 8.1088 ns/op
WorkloadResult   7: 19136512 op, 154818501.00 ns, 8.0902 ns/op
WorkloadResult   8: 19136512 op, 154801136.00 ns, 8.0893 ns/op
WorkloadResult   9: 19136512 op, 154014970.00 ns, 8.0482 ns/op
WorkloadResult  10: 19136512 op, 155461493.00 ns, 8.1238 ns/op
WorkloadResult  11: 19136512 op, 153764235.00 ns, 8.0351 ns/op
WorkloadResult  12: 19136512 op, 156752229.00 ns, 8.1913 ns/op
// GC:  0 0 0 0 19136512
// Threading:  0 0 19136512

// AfterAll
// Benchmark Process 2342756 has exited with code 0.

Mean = 8.083 ns, StdErr = 0.018 ns (0.23%), N = 12, StdDev = 0.063 ns
Min = 7.929 ns, Q1 = 8.058 ns, Median = 8.090 ns, Q3 = 8.113 ns, Max = 8.191 ns
IQR = 0.055 ns, LowerFence = 7.976 ns, UpperFence = 8.195 ns
ConfidenceInterval = [8.002 ns; 8.164 ns] (CI 99.9%), Margin = 0.081 ns (1.00% of Mean)
Skewness = -0.75, Kurtosis = 3.67, MValue = 2

// ** Remained 1 (2.0%) benchmark(s) to run. Estimated finish 2026-09-12 14:01 (0h 0m from now) **
// **************************
// Benchmark: DataAuthoredQueryBenchmarks.FacadeNoDispatch: Jit(IterationCount=12, IterationTime=250ms, WarmupCount=16) [Shape=Blend, Pattern=Alternating]
// *** Execute ***
// Launch: 1 / 1
// Execute: dotnet Alpha-Jit-1.dll --anonymousPipes 122 123 --benchmarkName "DataAuthoredQueryBenchmarks.FacadeNoDispatch(Shape: Blend, Pattern: Alternating)" --job Jit --benchmarkId 49 in /home/i/GitHub/tl-56-feat-data-authored-api/benchmarks/Alpha/bin/Release/net10.0/Alpha-Jit-1/bin/Release/net10.0
// Failed to set up high priority (Permission denied). In order to run benchmarks with high priority, make sure you have the right permissions.
// BeforeAnythingElse

// Benchmark Process Environment Information:
// BenchmarkDotNet v0.15.8
// Runtime=.NET 10.0.12 (10.0.12, 10.0.1226.42308), X64 RyuJIT x86-64-v3
// GC=Concurrent Workstation
// HardwareIntrinsics=AVX2+BMI1+BMI2+F16C+FMA+LZCNT+MOVBE,AVX,SSE3+SSSE3+SSE4.1+SSE4.2+POPCNT,X86Base+SSE+SSE2,AES+PCLMUL,AvxVnni,SERIALIZE VectorSize=256
// Job: Jit(IterationCount=12, IterationTime=250ms, WarmupCount=16)

OverheadJitting  1: 4096 op, 110951.00 ns, 27.0876 ns/op
WorkloadJitting  1: 4096 op, 215858.00 ns, 52.6997 ns/op

OverheadJitting  2: 65536 op, 139121.00 ns, 2.1228 ns/op
WorkloadJitting  2: 65536 op, 1196521.00 ns, 18.2575 ns/op

WorkloadPilot    1: 65536 op, 978961.00 ns, 14.9378 ns/op
WorkloadPilot    2: 16777216 op, 237183055.00 ns, 14.1372 ns/op
WorkloadPilot    3: 17694720 op, 253041497.00 ns, 14.3004 ns/op
WorkloadPilot    4: 17498112 op, 249201630.00 ns, 14.2416 ns/op
WorkloadPilot    5: 17563648 op, 248807502.00 ns, 14.1660 ns/op
WorkloadPilot    6: 17694720 op, 250085852.00 ns, 14.1334 ns/op

OverheadWarmup   1: 17694720 op, 7401.00 ns, 0.0004 ns/op
OverheadWarmup   2: 17694720 op, 6917.00 ns, 0.0004 ns/op
OverheadWarmup   3: 17694720 op, 6826.00 ns, 0.0004 ns/op
OverheadWarmup   4: 17694720 op, 6816.00 ns, 0.0004 ns/op
OverheadWarmup   5: 17694720 op, 6846.00 ns, 0.0004 ns/op
OverheadWarmup   6: 17694720 op, 6794.00 ns, 0.0004 ns/op
OverheadWarmup   7: 17694720 op, 6809.00 ns, 0.0004 ns/op
OverheadWarmup   8: 17694720 op, 6806.00 ns, 0.0004 ns/op

OverheadActual   1: 17694720 op, 7157.00 ns, 0.0004 ns/op
OverheadActual   2: 17694720 op, 7010.00 ns, 0.0004 ns/op
OverheadActual   3: 17694720 op, 6977.00 ns, 0.0004 ns/op
OverheadActual   4: 17694720 op, 6655.00 ns, 0.0004 ns/op
OverheadActual   5: 17694720 op, 6991.00 ns, 0.0004 ns/op
OverheadActual   6: 17694720 op, 6704.00 ns, 0.0004 ns/op
OverheadActual   7: 17694720 op, 6702.00 ns, 0.0004 ns/op
OverheadActual   8: 17694720 op, 6700.00 ns, 0.0004 ns/op
OverheadActual   9: 17694720 op, 6680.00 ns, 0.0004 ns/op
OverheadActual  10: 17694720 op, 6687.00 ns, 0.0004 ns/op
OverheadActual  11: 17694720 op, 6700.00 ns, 0.0004 ns/op
OverheadActual  12: 17694720 op, 6697.00 ns, 0.0004 ns/op
OverheadActual  13: 17694720 op, 6716.00 ns, 0.0004 ns/op
OverheadActual  14: 17694720 op, 6682.00 ns, 0.0004 ns/op
OverheadActual  15: 17694720 op, 6713.00 ns, 0.0004 ns/op

WorkloadWarmup   1: 17694720 op, 250578635.00 ns, 14.1612 ns/op
WorkloadWarmup   2: 17694720 op, 250971482.00 ns, 14.1834 ns/op
WorkloadWarmup   3: 17694720 op, 249850334.00 ns, 14.1201 ns/op
WorkloadWarmup   4: 17694720 op, 250111793.00 ns, 14.1348 ns/op
WorkloadWarmup   5: 17694720 op, 251041904.00 ns, 14.1874 ns/op
WorkloadWarmup   6: 17694720 op, 253548064.00 ns, 14.3290 ns/op
WorkloadWarmup   7: 17694720 op, 232564073.00 ns, 13.1431 ns/op
WorkloadWarmup   8: 17694720 op, 156786140.00 ns, 8.8606 ns/op
WorkloadWarmup   9: 17694720 op, 156017870.00 ns, 8.8172 ns/op
WorkloadWarmup  10: 17694720 op, 154009534.00 ns, 8.7037 ns/op
WorkloadWarmup  11: 17694720 op, 154973263.00 ns, 8.7582 ns/op
WorkloadWarmup  12: 17694720 op, 153471099.00 ns, 8.6733 ns/op
WorkloadWarmup  13: 17694720 op, 154904967.00 ns, 8.7543 ns/op
WorkloadWarmup  14: 17694720 op, 162637138.00 ns, 9.1913 ns/op
WorkloadWarmup  15: 17694720 op, 160181165.00 ns, 9.0525 ns/op
WorkloadWarmup  16: 17694720 op, 164598454.00 ns, 9.3021 ns/op

// BeforeActualRun
WorkloadActual   1: 17694720 op, 155533992.00 ns, 8.7899 ns/op
WorkloadActual   2: 17694720 op, 157515706.00 ns, 8.9018 ns/op
WorkloadActual   3: 17694720 op, 157747292.00 ns, 8.9149 ns/op
WorkloadActual   4: 17694720 op, 155334758.00 ns, 8.7786 ns/op
WorkloadActual   5: 17694720 op, 157349371.00 ns, 8.8924 ns/op
WorkloadActual   6: 17694720 op, 156126410.00 ns, 8.8233 ns/op
WorkloadActual   7: 17694720 op, 156023966.00 ns, 8.8175 ns/op
WorkloadActual   8: 17694720 op, 155570159.00 ns, 8.7919 ns/op
WorkloadActual   9: 17694720 op, 155580899.00 ns, 8.7925 ns/op
WorkloadActual  10: 17694720 op, 154998661.00 ns, 8.7596 ns/op
WorkloadActual  11: 17694720 op, 156804245.00 ns, 8.8616 ns/op
WorkloadActual  12: 17694720 op, 184404012.00 ns, 10.4214 ns/op

// AfterActualRun
WorkloadResult   1: 17694720 op, 155527290.00 ns, 8.7895 ns/op
WorkloadResult   2: 17694720 op, 157509004.00 ns, 8.9015 ns/op
WorkloadResult   3: 17694720 op, 157740590.00 ns, 8.9146 ns/op
WorkloadResult   4: 17694720 op, 155328056.00 ns, 8.7782 ns/op
WorkloadResult   5: 17694720 op, 157342669.00 ns, 8.8921 ns/op
WorkloadResult   6: 17694720 op, 156119708.00 ns, 8.8230 ns/op
WorkloadResult   7: 17694720 op, 156017264.00 ns, 8.8172 ns/op
WorkloadResult   8: 17694720 op, 155563457.00 ns, 8.7915 ns/op
WorkloadResult   9: 17694720 op, 155574197.00 ns, 8.7921 ns/op
WorkloadResult  10: 17694720 op, 154991959.00 ns, 8.7592 ns/op
WorkloadResult  11: 17694720 op, 156797543.00 ns, 8.8613 ns/op
// GC:  0 0 0 0 17694720
// Threading:  0 0 17694720

// AfterAll
// Benchmark Process 2349670 has exited with code 0.

Mean = 8.829 ns, StdErr = 0.016 ns (0.19%), N = 11, StdDev = 0.054 ns
Min = 8.759 ns, Q1 = 8.790 ns, Median = 8.817 ns, Q3 = 8.877 ns, Max = 8.915 ns
IQR = 0.086 ns, LowerFence = 8.661 ns, UpperFence = 9.006 ns
ConfidenceInterval = [8.754 ns; 8.904 ns] (CI 99.9%), Margin = 0.075 ns (0.85% of Mean)
Skewness = 0.37, Kurtosis = 1.4, MValue = 2

// ** Remained 0 (0.0%) benchmark(s) to run. Estimated finish 2026-09-12 14:01 (0h 0m from now) **
// ***** BenchmarkRunner: Finish  *****

// * Export *
  BenchmarkDotNet.Artifacts/results/DataAuthoredQueryBenchmarks-report.csv
  BenchmarkDotNet.Artifacts/results/DataAuthoredQueryBenchmarks-report-github.md
  BenchmarkDotNet.Artifacts/results/DataAuthoredQueryBenchmarks-report.html
  BenchmarkDotNet.Artifacts/results/DataAuthoredQueryBenchmarks-report-full.json

// * Detailed results *
DataAuthoredQueryBenchmarks.DirectShape: Jit(IterationCount=12, IterationTime=250ms, WarmupCount=16) [Shape=OneTrack, Pattern=Forward]
Runtime = .NET 10.0.12 (10.0.12, 10.0.1226.42308), X64 RyuJIT x86-64-v3; GC = Concurrent Workstation
Mean = 1.392 ns, StdErr = 0.002 ns (0.15%), N = 10, StdDev = 0.007 ns
Min = 1.383 ns, Q1 = 1.387 ns, Median = 1.392 ns, Q3 = 1.395 ns, Max = 1.405 ns
IQR = 0.008 ns, LowerFence = 1.375 ns, UpperFence = 1.407 ns
ConfidenceInterval = [1.382 ns; 1.402 ns] (CI 99.9%), Margin = 0.010 ns (0.73% of Mean)
Skewness = 0.44, Kurtosis = 2.08, MValue = 2
-------------------- Histogram --------------------
[1.378 ns ; 1.409 ns) | @@@@@@@@@@
---------------------------------------------------

DataAuthoredQueryBenchmarks.GeneratedShape: Jit(IterationCount=12, IterationTime=250ms, WarmupCount=16) [Shape=OneTrack, Pattern=Forward]
Runtime = .NET 10.0.12 (10.0.12, 10.0.1226.42308), X64 RyuJIT x86-64-v3; GC = Concurrent Workstation
Mean = 2.087 ns, StdErr = 0.006 ns (0.29%), N = 10, StdDev = 0.019 ns
Min = 2.058 ns, Q1 = 2.074 ns, Median = 2.083 ns, Q3 = 2.103 ns, Max = 2.120 ns
IQR = 0.029 ns, LowerFence = 2.030 ns, UpperFence = 2.147 ns
ConfidenceInterval = [2.058 ns; 2.116 ns] (CI 99.9%), Margin = 0.029 ns (1.39% of Mean)
Skewness = 0.2, Kurtosis = 1.68, MValue = 2
-------------------- Histogram --------------------
[2.046 ns ; 2.132 ns) | @@@@@@@@@@
---------------------------------------------------

DataAuthoredQueryBenchmarks.DataAuthoredFacade: Jit(IterationCount=12, IterationTime=250ms, WarmupCount=16) [Shape=OneTrack, Pattern=Forward]
Runtime = .NET 10.0.12 (10.0.12, 10.0.1226.42308), X64 RyuJIT x86-64-v3; GC = Concurrent Workstation
Mean = 10.514 ns, StdErr = 0.038 ns (0.37%), N = 10, StdDev = 0.122 ns
Min = 10.350 ns, Q1 = 10.447 ns, Median = 10.470 ns, Q3 = 10.603 ns, Max = 10.742 ns
IQR = 0.156 ns, LowerFence = 10.214 ns, UpperFence = 10.837 ns
ConfidenceInterval = [10.330 ns; 10.698 ns] (CI 99.9%), Margin = 0.184 ns (1.75% of Mean)
Skewness = 0.52, Kurtosis = 1.87, MValue = 2
-------------------- Histogram --------------------
[10.276 ns ; 10.571 ns) | @@@@@@@
[10.571 ns ; 10.792 ns) | @@@
---------------------------------------------------

DataAuthoredQueryBenchmarks.FacadeSelectOnly: Jit(IterationCount=12, IterationTime=250ms, WarmupCount=16) [Shape=OneTrack, Pattern=Forward]
Runtime = .NET 10.0.12 (10.0.12, 10.0.1226.42308), X64 RyuJIT x86-64-v3; GC = Concurrent Workstation
Mean = 7.889 ns, StdErr = 0.042 ns (0.53%), N = 11, StdDev = 0.138 ns
Min = 7.719 ns, Q1 = 7.795 ns, Median = 7.835 ns, Q3 = 7.990 ns, Max = 8.117 ns
IQR = 0.195 ns, LowerFence = 7.503 ns, UpperFence = 8.283 ns
ConfidenceInterval = [7.699 ns; 8.079 ns] (CI 99.9%), Margin = 0.190 ns (2.41% of Mean)
Skewness = 0.51, Kurtosis = 1.57, MValue = 2
-------------------- Histogram --------------------
[7.709 ns ; 7.872 ns) | @@@@@@@
[7.872 ns ; 8.160 ns) | @@@@
---------------------------------------------------

DataAuthoredQueryBenchmarks.FacadeNoDispatch: Jit(IterationCount=12, IterationTime=250ms, WarmupCount=16) [Shape=OneTrack, Pattern=Forward]
Runtime = .NET 10.0.12 (10.0.12, 10.0.1226.42308), X64 RyuJIT x86-64-v3; GC = Concurrent Workstation
Mean = 8.773 ns, StdErr = 0.008 ns (0.09%), N = 11, StdDev = 0.026 ns
Min = 8.735 ns, Q1 = 8.751 ns, Median = 8.771 ns, Q3 = 8.794 ns, Max = 8.808 ns
IQR = 0.043 ns, LowerFence = 8.686 ns, UpperFence = 8.859 ns
ConfidenceInterval = [8.737 ns; 8.808 ns] (CI 99.9%), Margin = 0.035 ns (0.40% of Mean)
Skewness = -0.02, Kurtosis = 1.31, MValue = 2
-------------------- Histogram --------------------
[8.720 ns ; 8.823 ns) | @@@@@@@@@@@
---------------------------------------------------

DataAuthoredQueryBenchmarks.DirectShape: Jit(IterationCount=12, IterationTime=250ms, WarmupCount=16) [Shape=OneTrack, Pattern=Alternating]
Runtime = .NET 10.0.12 (10.0.12, 10.0.1226.42308), X64 RyuJIT x86-64-v3; GC = Concurrent Workstation
Mean = 1.330 ns, StdErr = 0.005 ns (0.39%), N = 10, StdDev = 0.016 ns
Min = 1.288 ns, Q1 = 1.325 ns, Median = 1.334 ns, Q3 = 1.339 ns, Max = 1.347 ns
IQR = 0.014 ns, LowerFence = 1.305 ns, UpperFence = 1.360 ns
ConfidenceInterval = [1.305 ns; 1.354 ns] (CI 99.9%), Margin = 0.025 ns (1.85% of Mean)
Skewness = -1.44, Kurtosis = 4.27, MValue = 2
-------------------- Histogram --------------------
[1.278 ns ; 1.318 ns) | @
[1.318 ns ; 1.357 ns) | @@@@@@@@@
---------------------------------------------------

DataAuthoredQueryBenchmarks.GeneratedShape: Jit(IterationCount=12, IterationTime=250ms, WarmupCount=16) [Shape=OneTrack, Pattern=Alternating]
Runtime = .NET 10.0.12 (10.0.12, 10.0.1226.42308), X64 RyuJIT x86-64-v3; GC = Concurrent Workstation
Mean = 2.098 ns, StdErr = 0.007 ns (0.35%), N = 12, StdDev = 0.025 ns
Min = 2.050 ns, Q1 = 2.084 ns, Median = 2.106 ns, Q3 = 2.115 ns, Max = 2.127 ns
IQR = 0.031 ns, LowerFence = 2.038 ns, UpperFence = 2.162 ns
ConfidenceInterval = [2.065 ns; 2.131 ns] (CI 99.9%), Margin = 0.033 ns (1.56% of Mean)
Skewness = -0.58, Kurtosis = 1.92, MValue = 2
-------------------- Histogram --------------------
[2.035 ns ; 2.136 ns) | @@@@@@@@@@@@
---------------------------------------------------

DataAuthoredQueryBenchmarks.DataAuthoredFacade: Jit(IterationCount=12, IterationTime=250ms, WarmupCount=16) [Shape=OneTrack, Pattern=Alternating]
Runtime = .NET 10.0.12 (10.0.12, 10.0.1226.42308), X64 RyuJIT x86-64-v3; GC = Concurrent Workstation
Mean = 10.437 ns, StdErr = 0.013 ns (0.13%), N = 11, StdDev = 0.044 ns
Min = 10.360 ns, Q1 = 10.408 ns, Median = 10.440 ns, Q3 = 10.466 ns, Max = 10.512 ns
IQR = 0.058 ns, LowerFence = 10.321 ns, UpperFence = 10.553 ns
ConfidenceInterval = [10.375 ns; 10.498 ns] (CI 99.9%), Margin = 0.061 ns (0.59% of Mean)
Skewness = -0.01, Kurtosis = 1.9, MValue = 2
-------------------- Histogram --------------------
[10.333 ns ; 10.539 ns) | @@@@@@@@@@@
---------------------------------------------------

DataAuthoredQueryBenchmarks.FacadeSelectOnly: Jit(IterationCount=12, IterationTime=250ms, WarmupCount=16) [Shape=OneTrack, Pattern=Alternating]
Runtime = .NET 10.0.12 (10.0.12, 10.0.1226.42308), X64 RyuJIT x86-64-v3; GC = Concurrent Workstation
Mean = 8.222 ns, StdErr = 0.039 ns (0.47%), N = 11, StdDev = 0.128 ns
Min = 8.070 ns, Q1 = 8.107 ns, Median = 8.155 ns, Q3 = 8.343 ns, Max = 8.389 ns
IQR = 0.236 ns, LowerFence = 7.754 ns, UpperFence = 8.696 ns
ConfidenceInterval = [8.045 ns; 8.399 ns] (CI 99.9%), Margin = 0.177 ns (2.15% of Mean)
Skewness = 0.13, Kurtosis = 1, MValue = 2
-------------------- Histogram --------------------
[8.031 ns ; 8.438 ns) | @@@@@@@@@@@
---------------------------------------------------

DataAuthoredQueryBenchmarks.FacadeNoDispatch: Jit(IterationCount=12, IterationTime=250ms, WarmupCount=16) [Shape=OneTrack, Pattern=Alternating]
Runtime = .NET 10.0.12 (10.0.12, 10.0.1226.42308), X64 RyuJIT x86-64-v3; GC = Concurrent Workstation
Mean = 8.873 ns, StdErr = 0.013 ns (0.14%), N = 11, StdDev = 0.042 ns
Min = 8.790 ns, Q1 = 8.850 ns, Median = 8.872 ns, Q3 = 8.895 ns, Max = 8.943 ns
IQR = 0.046 ns, LowerFence = 8.781 ns, UpperFence = 8.964 ns
ConfidenceInterval = [8.816 ns; 8.931 ns] (CI 99.9%), Margin = 0.058 ns (0.65% of Mean)
Skewness = -0.2, Kurtosis = 2.4, MValue = 2
-------------------- Histogram --------------------
[8.777 ns ; 8.954 ns) | @@@@@@@@@@@
---------------------------------------------------

DataAuthoredQueryBenchmarks.DirectShape: Jit(IterationCount=12, IterationTime=250ms, WarmupCount=16) [Shape=ThreeTracks, Pattern=Forward]
Runtime = .NET 10.0.12 (10.0.12, 10.0.1226.42308), X64 RyuJIT x86-64-v3; GC = Concurrent Workstation
Mean = 2.284 ns, StdErr = 0.008 ns (0.36%), N = 11, StdDev = 0.027 ns
Min = 2.222 ns, Q1 = 2.277 ns, Median = 2.297 ns, Q3 = 2.301 ns, Max = 2.314 ns
IQR = 0.023 ns, LowerFence = 2.242 ns, UpperFence = 2.336 ns
ConfidenceInterval = [2.247 ns; 2.322 ns] (CI 99.9%), Margin = 0.038 ns (1.65% of Mean)
Skewness = -1.07, Kurtosis = 2.96, MValue = 2
-------------------- Histogram --------------------
[2.213 ns ; 2.266 ns) | @@
[2.266 ns ; 2.331 ns) | @@@@@@@@@
---------------------------------------------------

DataAuthoredQueryBenchmarks.GeneratedShape: Jit(IterationCount=12, IterationTime=250ms, WarmupCount=16) [Shape=ThreeTracks, Pattern=Forward]
Runtime = .NET 10.0.12 (10.0.12, 10.0.1226.42308), X64 RyuJIT x86-64-v3; GC = Concurrent Workstation
Mean = 3.745 ns, StdErr = 0.011 ns (0.29%), N = 12, StdDev = 0.038 ns
Min = 3.692 ns, Q1 = 3.714 ns, Median = 3.746 ns, Q3 = 3.769 ns, Max = 3.809 ns
IQR = 0.056 ns, LowerFence = 3.631 ns, UpperFence = 3.853 ns
ConfidenceInterval = [3.697 ns; 3.794 ns] (CI 99.9%), Margin = 0.048 ns (1.29% of Mean)
Skewness = 0.13, Kurtosis = 1.53, MValue = 2
-------------------- Histogram --------------------
[3.676 ns ; 3.810 ns) | @@@@@@@@@@@@
---------------------------------------------------

DataAuthoredQueryBenchmarks.DataAuthoredFacade: Jit(IterationCount=12, IterationTime=250ms, WarmupCount=16) [Shape=ThreeTracks, Pattern=Forward]
Runtime = .NET 10.0.12 (10.0.12, 10.0.1226.42308), X64 RyuJIT x86-64-v3; GC = Concurrent Workstation
Mean = 19.802 ns, StdErr = 0.041 ns (0.21%), N = 12, StdDev = 0.141 ns
Min = 19.556 ns, Q1 = 19.714 ns, Median = 19.849 ns, Q3 = 19.882 ns, Max = 19.972 ns
IQR = 0.168 ns, LowerFence = 19.462 ns, UpperFence = 20.133 ns
ConfidenceInterval = [19.621 ns; 19.983 ns] (CI 99.9%), Margin = 0.181 ns (0.91% of Mean)
Skewness = -0.5, Kurtosis = 1.73, MValue = 2
-------------------- Histogram --------------------
[19.475 ns ; 20.053 ns) | @@@@@@@@@@@@
---------------------------------------------------

DataAuthoredQueryBenchmarks.FacadeSelectOnly: Jit(IterationCount=12, IterationTime=250ms, WarmupCount=16) [Shape=ThreeTracks, Pattern=Forward]
Runtime = .NET 10.0.12 (10.0.12, 10.0.1226.42308), X64 RyuJIT x86-64-v3; GC = Concurrent Workstation
Mean = 8.953 ns, StdErr = 0.021 ns (0.24%), N = 10, StdDev = 0.068 ns
Min = 8.857 ns, Q1 = 8.913 ns, Median = 8.948 ns, Q3 = 8.970 ns, Max = 9.101 ns
IQR = 0.058 ns, LowerFence = 8.826 ns, UpperFence = 9.057 ns
ConfidenceInterval = [8.850 ns; 9.056 ns] (CI 99.9%), Margin = 0.103 ns (1.15% of Mean)
Skewness = 0.73, Kurtosis = 2.78, MValue = 2
-------------------- Histogram --------------------
[8.845 ns ; 9.143 ns) | @@@@@@@@@@
---------------------------------------------------

DataAuthoredQueryBenchmarks.FacadeNoDispatch: Jit(IterationCount=12, IterationTime=250ms, WarmupCount=16) [Shape=ThreeTracks, Pattern=Forward]
Runtime = .NET 10.0.12 (10.0.12, 10.0.1226.42308), X64 RyuJIT x86-64-v3; GC = Concurrent Workstation
Mean = 11.926 ns, StdErr = 0.029 ns (0.24%), N = 10, StdDev = 0.090 ns
Min = 11.820 ns, Q1 = 11.885 ns, Median = 11.901 ns, Q3 = 11.970 ns, Max = 12.132 ns
IQR = 0.085 ns, LowerFence = 11.758 ns, UpperFence = 12.097 ns
ConfidenceInterval = [11.789 ns; 12.063 ns] (CI 99.9%), Margin = 0.137 ns (1.15% of Mean)
Skewness = 1, Kurtosis = 3.02, MValue = 2
-------------------- Histogram --------------------
[11.765 ns ; 12.187 ns) | @@@@@@@@@@
---------------------------------------------------

DataAuthoredQueryBenchmarks.DirectShape: Jit(IterationCount=12, IterationTime=250ms, WarmupCount=16) [Shape=ThreeTracks, Pattern=Alternating]
Runtime = .NET 10.0.12 (10.0.12, 10.0.1226.42308), X64 RyuJIT x86-64-v3; GC = Concurrent Workstation
Mean = 4.162 ns, StdErr = 0.002 ns (0.06%), N = 11, StdDev = 0.008 ns
Min = 4.154 ns, Q1 = 4.155 ns, Median = 4.160 ns, Q3 = 4.167 ns, Max = 4.180 ns
IQR = 0.012 ns, LowerFence = 4.138 ns, UpperFence = 4.185 ns
ConfidenceInterval = [4.150 ns; 4.173 ns] (CI 99.9%), Margin = 0.011 ns (0.27% of Mean)
Skewness = 0.85, Kurtosis = 2.6, MValue = 2
-------------------- Histogram --------------------
[4.149 ns ; 4.185 ns) | @@@@@@@@@@@
---------------------------------------------------

DataAuthoredQueryBenchmarks.GeneratedShape: Jit(IterationCount=12, IterationTime=250ms, WarmupCount=16) [Shape=ThreeTracks, Pattern=Alternating]
Runtime = .NET 10.0.12 (10.0.12, 10.0.1226.42308), X64 RyuJIT x86-64-v3; GC = Concurrent Workstation
Mean = 4.048 ns, StdErr = 0.010 ns (0.24%), N = 12, StdDev = 0.033 ns
Min = 4.001 ns, Q1 = 4.018 ns, Median = 4.046 ns, Q3 = 4.065 ns, Max = 4.096 ns
IQR = 0.047 ns, LowerFence = 3.948 ns, UpperFence = 4.136 ns
ConfidenceInterval = [4.005 ns; 4.090 ns] (CI 99.9%), Margin = 0.043 ns (1.05% of Mean)
Skewness = 0.17, Kurtosis = 1.53, MValue = 2
-------------------- Histogram --------------------
[3.999 ns ; 4.115 ns) | @@@@@@@@@@@@
---------------------------------------------------

DataAuthoredQueryBenchmarks.DataAuthoredFacade: Jit(IterationCount=12, IterationTime=250ms, WarmupCount=16) [Shape=ThreeTracks, Pattern=Alternating]
Runtime = .NET 10.0.12 (10.0.12, 10.0.1226.42308), X64 RyuJIT x86-64-v3; GC = Concurrent Workstation
Mean = 21.586 ns, StdErr = 0.109 ns (0.50%), N = 11, StdDev = 0.361 ns
Min = 20.635 ns, Q1 = 21.519 ns, Median = 21.667 ns, Q3 = 21.769 ns, Max = 21.950 ns
IQR = 0.250 ns, LowerFence = 21.143 ns, UpperFence = 22.144 ns
ConfidenceInterval = [21.087 ns; 22.086 ns] (CI 99.9%), Margin = 0.500 ns (2.31% of Mean)
Skewness = -1.47, Kurtosis = 4.57, MValue = 2
-------------------- Histogram --------------------
[20.422 ns ; 20.849 ns) | @
[20.849 ns ; 21.989 ns) | @@@@@@@@@@
---------------------------------------------------

DataAuthoredQueryBenchmarks.FacadeSelectOnly: Jit(IterationCount=12, IterationTime=250ms, WarmupCount=16) [Shape=ThreeTracks, Pattern=Alternating]
Runtime = .NET 10.0.12 (10.0.12, 10.0.1226.42308), X64 RyuJIT x86-64-v3; GC = Concurrent Workstation
Mean = 9.672 ns, StdErr = 0.024 ns (0.25%), N = 11, StdDev = 0.080 ns
Min = 9.563 ns, Q1 = 9.610 ns, Median = 9.650 ns, Q3 = 9.728 ns, Max = 9.829 ns
IQR = 0.118 ns, LowerFence = 9.434 ns, UpperFence = 9.904 ns
ConfidenceInterval = [9.561 ns; 9.783 ns] (CI 99.9%), Margin = 0.111 ns (1.14% of Mean)
Skewness = 0.43, Kurtosis = 1.91, MValue = 2
-------------------- Histogram --------------------
[9.516 ns ; 9.877 ns) | @@@@@@@@@@@
---------------------------------------------------

DataAuthoredQueryBenchmarks.FacadeNoDispatch: Jit(IterationCount=12, IterationTime=250ms, WarmupCount=16) [Shape=ThreeTracks, Pattern=Alternating]
Runtime = .NET 10.0.12 (10.0.12, 10.0.1226.42308), X64 RyuJIT x86-64-v3; GC = Concurrent Workstation
Mean = 12.756 ns, StdErr = 0.012 ns (0.10%), N = 10, StdDev = 0.039 ns
Min = 12.687 ns, Q1 = 12.730 ns, Median = 12.768 ns, Q3 = 12.776 ns, Max = 12.822 ns
IQR = 0.046 ns, LowerFence = 12.660 ns, UpperFence = 12.845 ns
ConfidenceInterval = [12.698 ns; 12.815 ns] (CI 99.9%), Margin = 0.059 ns (0.46% of Mean)
Skewness = -0.17, Kurtosis = 2.01, MValue = 2
-------------------- Histogram --------------------
[12.663 ns ; 12.846 ns) | @@@@@@@@@@
---------------------------------------------------

DataAuthoredQueryBenchmarks.DirectShape: Jit(IterationCount=12, IterationTime=250ms, WarmupCount=16) [Shape=SixteenTracks, Pattern=Forward]
Runtime = .NET 10.0.12 (10.0.12, 10.0.1226.42308), X64 RyuJIT x86-64-v3; GC = Concurrent Workstation
Mean = 12.071 ns, StdErr = 0.021 ns (0.18%), N = 11, StdDev = 0.071 ns
Min = 11.898 ns, Q1 = 12.059 ns, Median = 12.073 ns, Q3 = 12.090 ns, Max = 12.172 ns
IQR = 0.031 ns, LowerFence = 12.013 ns, UpperFence = 12.135 ns
ConfidenceInterval = [11.972 ns; 12.169 ns] (CI 99.9%), Margin = 0.098 ns (0.81% of Mean)
Skewness = -0.91, Kurtosis = 3.73, MValue = 2
-------------------- Histogram --------------------
[11.856 ns ; 12.178 ns) | @@@@@@@@@@@
---------------------------------------------------

DataAuthoredQueryBenchmarks.GeneratedShape: Jit(IterationCount=12, IterationTime=250ms, WarmupCount=16) [Shape=SixteenTracks, Pattern=Forward]
Runtime = .NET 10.0.12 (10.0.12, 10.0.1226.42308), X64 RyuJIT x86-64-v3; GC = Concurrent Workstation
Mean = 22.292 ns, StdErr = 0.042 ns (0.19%), N = 12, StdDev = 0.147 ns
Min = 22.068 ns, Q1 = 22.148 ns, Median = 22.348 ns, Q3 = 22.417 ns, Max = 22.459 ns
IQR = 0.270 ns, LowerFence = 21.743 ns, UpperFence = 22.822 ns
ConfidenceInterval = [22.104 ns; 22.481 ns] (CI 99.9%), Margin = 0.188 ns (0.84% of Mean)
Skewness = -0.42, Kurtosis = 1.34, MValue = 2
-------------------- Histogram --------------------
[21.983 ns ; 22.544 ns) | @@@@@@@@@@@@
---------------------------------------------------

DataAuthoredQueryBenchmarks.DataAuthoredFacade: Jit(IterationCount=12, IterationTime=250ms, WarmupCount=16) [Shape=SixteenTracks, Pattern=Forward]
Runtime = .NET 10.0.12 (10.0.12, 10.0.1226.42308), X64 RyuJIT x86-64-v3; GC = Concurrent Workstation
Mean = 73.285 ns, StdErr = 0.175 ns (0.24%), N = 12, StdDev = 0.606 ns
Min = 72.315 ns, Q1 = 72.838 ns, Median = 73.381 ns, Q3 = 73.737 ns, Max = 74.325 ns
IQR = 0.899 ns, LowerFence = 71.489 ns, UpperFence = 75.086 ns
ConfidenceInterval = [72.509 ns; 74.061 ns] (CI 99.9%), Margin = 0.776 ns (1.06% of Mean)
Skewness = 0, Kurtosis = 1.62, MValue = 2
-------------------- Histogram --------------------
[71.968 ns ; 74.672 ns) | @@@@@@@@@@@@
---------------------------------------------------

DataAuthoredQueryBenchmarks.FacadeSelectOnly: Jit(IterationCount=12, IterationTime=250ms, WarmupCount=16) [Shape=SixteenTracks, Pattern=Forward]
Runtime = .NET 10.0.12 (10.0.12, 10.0.1226.42308), X64 RyuJIT x86-64-v3; GC = Concurrent Workstation
Mean = 19.478 ns, StdErr = 0.101 ns (0.52%), N = 11, StdDev = 0.335 ns
Min = 19.196 ns, Q1 = 19.242 ns, Median = 19.361 ns, Q3 = 19.618 ns, Max = 20.168 ns
IQR = 0.375 ns, LowerFence = 18.679 ns, UpperFence = 20.181 ns
ConfidenceInterval = [19.014 ns; 19.942 ns] (CI 99.9%), Margin = 0.464 ns (2.38% of Mean)
Skewness = 0.92, Kurtosis = 2.16, MValue = 2
-------------------- Histogram --------------------
[19.093 ns ; 20.209 ns) | @@@@@@@@@@@
---------------------------------------------------

DataAuthoredQueryBenchmarks.FacadeNoDispatch: Jit(IterationCount=12, IterationTime=250ms, WarmupCount=16) [Shape=SixteenTracks, Pattern=Forward]
Runtime = .NET 10.0.12 (10.0.12, 10.0.1226.42308), X64 RyuJIT x86-64-v3; GC = Concurrent Workstation
Mean = 34.486 ns, StdErr = 0.149 ns (0.43%), N = 11, StdDev = 0.493 ns
Min = 33.667 ns, Q1 = 34.264 ns, Median = 34.657 ns, Q3 = 34.742 ns, Max = 35.239 ns
IQR = 0.478 ns, LowerFence = 33.547 ns, UpperFence = 35.459 ns
ConfidenceInterval = [33.804 ns; 35.167 ns] (CI 99.9%), Margin = 0.681 ns (1.98% of Mean)
Skewness = -0.5, Kurtosis = 1.89, MValue = 2
-------------------- Histogram --------------------
[33.469 ns ; 34.338 ns) | @@@
[34.338 ns ; 35.530 ns) | @@@@@@@@
---------------------------------------------------

DataAuthoredQueryBenchmarks.DirectShape: Jit(IterationCount=12, IterationTime=250ms, WarmupCount=16) [Shape=SixteenTracks, Pattern=Alternating]
Runtime = .NET 10.0.12 (10.0.12, 10.0.1226.42308), X64 RyuJIT x86-64-v3; GC = Concurrent Workstation
Mean = 18.649 ns, StdErr = 0.022 ns (0.12%), N = 11, StdDev = 0.074 ns
Min = 18.477 ns, Q1 = 18.621 ns, Median = 18.656 ns, Q3 = 18.688 ns, Max = 18.768 ns
IQR = 0.068 ns, LowerFence = 18.519 ns, UpperFence = 18.790 ns
ConfidenceInterval = [18.548 ns; 18.751 ns] (CI 99.9%), Margin = 0.102 ns (0.55% of Mean)
Skewness = -0.74, Kurtosis = 3.42, MValue = 2
-------------------- Histogram --------------------
[18.457 ns ; 18.812 ns) | @@@@@@@@@@@
---------------------------------------------------

DataAuthoredQueryBenchmarks.GeneratedShape: Jit(IterationCount=12, IterationTime=250ms, WarmupCount=16) [Shape=SixteenTracks, Pattern=Alternating]
Runtime = .NET 10.0.12 (10.0.12, 10.0.1226.42308), X64 RyuJIT x86-64-v3; GC = Concurrent Workstation
Mean = 20.585 ns, StdErr = 0.044 ns (0.21%), N = 11, StdDev = 0.146 ns
Min = 20.313 ns, Q1 = 20.496 ns, Median = 20.559 ns, Q3 = 20.713 ns, Max = 20.789 ns
IQR = 0.217 ns, LowerFence = 20.172 ns, UpperFence = 21.038 ns
ConfidenceInterval = [20.383 ns; 20.787 ns] (CI 99.9%), Margin = 0.202 ns (0.98% of Mean)
Skewness = -0.26, Kurtosis = 1.77, MValue = 2
-------------------- Histogram --------------------
[20.294 ns ; 20.876 ns) | @@@@@@@@@@@
---------------------------------------------------

DataAuthoredQueryBenchmarks.DataAuthoredFacade: Jit(IterationCount=12, IterationTime=250ms, WarmupCount=16) [Shape=SixteenTracks, Pattern=Alternating]
Runtime = .NET 10.0.12 (10.0.12, 10.0.1226.42308), X64 RyuJIT x86-64-v3; GC = Concurrent Workstation
Mean = 75.382 ns, StdErr = 0.165 ns (0.22%), N = 11, StdDev = 0.547 ns
Min = 74.398 ns, Q1 = 75.164 ns, Median = 75.291 ns, Q3 = 75.760 ns, Max = 76.154 ns
IQR = 0.596 ns, LowerFence = 74.271 ns, UpperFence = 76.654 ns
ConfidenceInterval = [74.626 ns; 76.138 ns] (CI 99.9%), Margin = 0.756 ns (1.00% of Mean)
Skewness = -0.11, Kurtosis = 1.89, MValue = 2
-------------------- Histogram --------------------
[74.075 ns ; 76.477 ns) | @@@@@@@@@@@
---------------------------------------------------

DataAuthoredQueryBenchmarks.FacadeSelectOnly: Jit(IterationCount=12, IterationTime=250ms, WarmupCount=16) [Shape=SixteenTracks, Pattern=Alternating]
Runtime = .NET 10.0.12 (10.0.12, 10.0.1226.42308), X64 RyuJIT x86-64-v3; GC = Concurrent Workstation
Mean = 22.463 ns, StdErr = 0.090 ns (0.40%), N = 11, StdDev = 0.297 ns
Min = 22.051 ns, Q1 = 22.249 ns, Median = 22.427 ns, Q3 = 22.689 ns, Max = 22.953 ns
IQR = 0.440 ns, LowerFence = 21.588 ns, UpperFence = 23.350 ns
ConfidenceInterval = [22.052 ns; 22.874 ns] (CI 99.9%), Margin = 0.411 ns (1.83% of Mean)
Skewness = 0.04, Kurtosis = 1.51, MValue = 2
-------------------- Histogram --------------------
[21.985 ns ; 23.005 ns) | @@@@@@@@@@@
---------------------------------------------------

DataAuthoredQueryBenchmarks.FacadeNoDispatch: Jit(IterationCount=12, IterationTime=250ms, WarmupCount=16) [Shape=SixteenTracks, Pattern=Alternating]
Runtime = .NET 10.0.12 (10.0.12, 10.0.1226.42308), X64 RyuJIT x86-64-v3; GC = Concurrent Workstation
Mean = 36.076 ns, StdErr = 0.071 ns (0.20%), N = 10, StdDev = 0.224 ns
Min = 35.788 ns, Q1 = 35.982 ns, Median = 36.018 ns, Q3 = 36.139 ns, Max = 36.566 ns
IQR = 0.157 ns, LowerFence = 35.746 ns, UpperFence = 36.375 ns
ConfidenceInterval = [35.738 ns; 36.414 ns] (CI 99.9%), Margin = 0.338 ns (0.94% of Mean)
Skewness = 0.84, Kurtosis = 2.77, MValue = 2
-------------------- Histogram --------------------
[35.709 ns ; 36.702 ns) | @@@@@@@@@@
---------------------------------------------------

DataAuthoredQueryBenchmarks.DirectShape: Jit(IterationCount=12, IterationTime=250ms, WarmupCount=16) [Shape=TwoHundredFiftySixTracks, Pattern=Forward]
Runtime = .NET 10.0.12 (10.0.12, 10.0.1226.42308), X64 RyuJIT x86-64-v3; GC = Concurrent Workstation
Mean = 341.993 ns, StdErr = 0.548 ns (0.16%), N = 10, StdDev = 1.731 ns
Min = 339.553 ns, Q1 = 341.339 ns, Median = 341.917 ns, Q3 = 342.634 ns, Max = 345.695 ns
IQR = 1.295 ns, LowerFence = 339.396 ns, UpperFence = 344.576 ns
ConfidenceInterval = [339.376 ns; 344.611 ns] (CI 99.9%), Margin = 2.618 ns (0.77% of Mean)
Skewness = 0.55, Kurtosis = 2.72, MValue = 2
-------------------- Histogram --------------------
[338.811 ns ; 346.750 ns) | @@@@@@@@@@
---------------------------------------------------

DataAuthoredQueryBenchmarks.GeneratedShape: Jit(IterationCount=12, IterationTime=250ms, WarmupCount=16) [Shape=TwoHundredFiftySixTracks, Pattern=Forward]
Runtime = .NET 10.0.12 (10.0.12, 10.0.1226.42308), X64 RyuJIT x86-64-v3; GC = Concurrent Workstation
Mean = 34.176 us, StdErr = 0.105 us (0.31%), N = 11, StdDev = 0.349 us
Min = 33.478 us, Q1 = 34.035 us, Median = 34.291 us, Q3 = 34.357 us, Max = 34.631 us
IQR = 0.322 us, LowerFence = 33.553 us, UpperFence = 34.840 us
ConfidenceInterval = [33.694 us; 34.659 us] (CI 99.9%), Margin = 0.482 us (1.41% of Mean)
Skewness = -0.63, Kurtosis = 2.17, MValue = 2
-------------------- Histogram --------------------
[33.471 us ; 34.709 us) | @@@@@@@@@@@
---------------------------------------------------

DataAuthoredQueryBenchmarks.DataAuthoredFacade: Jit(IterationCount=12, IterationTime=250ms, WarmupCount=16) [Shape=TwoHundredFiftySixTracks, Pattern=Forward]
Runtime = .NET 10.0.12 (10.0.12, 10.0.1226.42308), X64 RyuJIT x86-64-v3; GC = Concurrent Workstation
Mean = 1.109 us, StdErr = 0.004 us (0.36%), N = 11, StdDev = 0.013 us
Min = 1.089 us, Q1 = 1.098 us, Median = 1.112 us, Q3 = 1.119 us, Max = 1.128 us
IQR = 0.021 us, LowerFence = 1.067 us, UpperFence = 1.150 us
ConfidenceInterval = [1.091 us; 1.128 us] (CI 99.9%), Margin = 0.018 us (1.65% of Mean)
Skewness = -0.16, Kurtosis = 1.45, MValue = 2
-------------------- Histogram --------------------
[1.084 us ; 1.135 us) | @@@@@@@@@@@
---------------------------------------------------

DataAuthoredQueryBenchmarks.FacadeSelectOnly: Jit(IterationCount=12, IterationTime=250ms, WarmupCount=16) [Shape=TwoHundredFiftySixTracks, Pattern=Forward]
Runtime = .NET 10.0.12 (10.0.12, 10.0.1226.42308), X64 RyuJIT x86-64-v3; GC = Concurrent Workstation
Mean = 208.858 ns, StdErr = 0.219 ns (0.11%), N = 11, StdDev = 0.728 ns
Min = 207.746 ns, Q1 = 208.380 ns, Median = 209.067 ns, Q3 = 209.379 ns, Max = 209.890 ns
IQR = 0.999 ns, LowerFence = 206.882 ns, UpperFence = 210.877 ns
ConfidenceInterval = [207.852 ns; 209.864 ns] (CI 99.9%), Margin = 1.006 ns (0.48% of Mean)
Skewness = -0.29, Kurtosis = 1.56, MValue = 2
-------------------- Histogram --------------------
[207.316 ns ; 210.320 ns) | @@@@@@@@@@@
---------------------------------------------------

DataAuthoredQueryBenchmarks.FacadeNoDispatch: Jit(IterationCount=12, IterationTime=250ms, WarmupCount=16) [Shape=TwoHundredFiftySixTracks, Pattern=Forward]
Runtime = .NET 10.0.12 (10.0.12, 10.0.1226.42308), X64 RyuJIT x86-64-v3; GC = Concurrent Workstation
Mean = 456.858 ns, StdErr = 1.073 ns (0.23%), N = 10, StdDev = 3.392 ns
Min = 453.867 ns, Q1 = 455.286 ns, Median = 455.851 ns, Q3 = 456.885 ns, Max = 466.009 ns
IQR = 1.599 ns, LowerFence = 452.888 ns, UpperFence = 459.283 ns
ConfidenceInterval = [451.729 ns; 461.986 ns] (CI 99.9%), Margin = 5.128 ns (1.12% of Mean)
Skewness = 1.86, Kurtosis = 5.38, MValue = 2
-------------------- Histogram --------------------
[451.801 ns ; 468.076 ns) | @@@@@@@@@@
---------------------------------------------------

DataAuthoredQueryBenchmarks.DirectShape: Jit(IterationCount=12, IterationTime=250ms, WarmupCount=16) [Shape=TwoHundredFiftySixTracks, Pattern=Alternating]
Runtime = .NET 10.0.12 (10.0.12, 10.0.1226.42308), X64 RyuJIT x86-64-v3; GC = Concurrent Workstation
Mean = 342.804 ns, StdErr = 0.342 ns (0.10%), N = 10, StdDev = 1.081 ns
Min = 340.630 ns, Q1 = 342.401 ns, Median = 342.868 ns, Q3 = 343.133 ns, Max = 344.737 ns
IQR = 0.732 ns, LowerFence = 341.302 ns, UpperFence = 344.232 ns
ConfidenceInterval = [341.169 ns; 344.438 ns] (CI 99.9%), Margin = 1.634 ns (0.48% of Mean)
Skewness = -0.21, Kurtosis = 2.76, MValue = 2
-------------------- Histogram --------------------
[339.971 ns ; 345.395 ns) | @@@@@@@@@@
---------------------------------------------------

DataAuthoredQueryBenchmarks.GeneratedShape: Jit(IterationCount=12, IterationTime=250ms, WarmupCount=16) [Shape=TwoHundredFiftySixTracks, Pattern=Alternating]
Runtime = .NET 10.0.12 (10.0.12, 10.0.1226.42308), X64 RyuJIT x86-64-v3; GC = Concurrent Workstation
Mean = 34.886 us, StdErr = 0.023 us (0.07%), N = 11, StdDev = 0.076 us
Min = 34.741 us, Q1 = 34.854 us, Median = 34.886 us, Q3 = 34.940 us, Max = 34.985 us
IQR = 0.086 us, LowerFence = 34.725 us, UpperFence = 35.070 us
ConfidenceInterval = [34.781 us; 34.992 us] (CI 99.9%), Margin = 0.106 us (0.30% of Mean)
Skewness = -0.47, Kurtosis = 1.97, MValue = 2
-------------------- Histogram --------------------
[34.696 us ; 35.030 us) | @@@@@@@@@@@
---------------------------------------------------

DataAuthoredQueryBenchmarks.DataAuthoredFacade: Jit(IterationCount=12, IterationTime=250ms, WarmupCount=16) [Shape=TwoHundredFiftySixTracks, Pattern=Alternating]
Runtime = .NET 10.0.12 (10.0.12, 10.0.1226.42308), X64 RyuJIT x86-64-v3; GC = Concurrent Workstation
Mean = 1.133 us, StdErr = 0.003 us (0.25%), N = 11, StdDev = 0.009 us
Min = 1.119 us, Q1 = 1.124 us, Median = 1.136 us, Q3 = 1.141 us, Max = 1.143 us
IQR = 0.018 us, LowerFence = 1.097 us, UpperFence = 1.168 us
ConfidenceInterval = [1.120 us; 1.146 us] (CI 99.9%), Margin = 0.013 us (1.15% of Mean)
Skewness = -0.36, Kurtosis = 1.23, MValue = 2
-------------------- Histogram --------------------
[1.114 us ; 1.149 us) | @@@@@@@@@@@
---------------------------------------------------

DataAuthoredQueryBenchmarks.FacadeSelectOnly: Jit(IterationCount=12, IterationTime=250ms, WarmupCount=16) [Shape=TwoHundredFiftySixTracks, Pattern=Alternating]
Runtime = .NET 10.0.12 (10.0.12, 10.0.1226.42308), X64 RyuJIT x86-64-v3; GC = Concurrent Workstation
Mean = 231.598 ns, StdErr = 0.268 ns (0.12%), N = 10, StdDev = 0.848 ns
Min = 230.006 ns, Q1 = 231.025 ns, Median = 231.627 ns, Q3 = 232.343 ns, Max = 232.624 ns
IQR = 1.318 ns, LowerFence = 229.047 ns, UpperFence = 234.320 ns
ConfidenceInterval = [230.316 ns; 232.880 ns] (CI 99.9%), Margin = 1.282 ns (0.55% of Mean)
Skewness = -0.3, Kurtosis = 1.87, MValue = 2
-------------------- Histogram --------------------
[229.489 ns ; 233.140 ns) | @@@@@@@@@@
---------------------------------------------------

DataAuthoredQueryBenchmarks.FacadeNoDispatch: Jit(IterationCount=12, IterationTime=250ms, WarmupCount=16) [Shape=TwoHundredFiftySixTracks, Pattern=Alternating]
Runtime = .NET 10.0.12 (10.0.12, 10.0.1226.42308), X64 RyuJIT x86-64-v3; GC = Concurrent Workstation
Mean = 469.131 ns, StdErr = 0.829 ns (0.18%), N = 11, StdDev = 2.750 ns
Min = 465.035 ns, Q1 = 467.184 ns, Median = 469.507 ns, Q3 = 470.882 ns, Max = 473.931 ns
IQR = 3.698 ns, LowerFence = 461.637 ns, UpperFence = 476.429 ns
ConfidenceInterval = [465.328 ns; 472.933 ns] (CI 99.9%), Margin = 3.803 ns (0.81% of Mean)
Skewness = -0.02, Kurtosis = 1.8, MValue = 2
-------------------- Histogram --------------------
[463.412 ns ; 475.131 ns) | @@@@@@@@@@@
---------------------------------------------------

DataAuthoredQueryBenchmarks.DirectShape: Jit(IterationCount=12, IterationTime=250ms, WarmupCount=16) [Shape=Blend, Pattern=Forward]
Runtime = .NET 10.0.12 (10.0.12, 10.0.1226.42308), X64 RyuJIT x86-64-v3; GC = Concurrent Workstation
Mean = 1.720 ns, StdErr = 0.004 ns (0.20%), N = 10, StdDev = 0.011 ns
Min = 1.705 ns, Q1 = 1.711 ns, Median = 1.721 ns, Q3 = 1.723 ns, Max = 1.743 ns
IQR = 0.012 ns, LowerFence = 1.694 ns, UpperFence = 1.741 ns
ConfidenceInterval = [1.703 ns; 1.737 ns] (CI 99.9%), Margin = 0.017 ns (0.97% of Mean)
Skewness = 0.42, Kurtosis = 2.31, MValue = 2
-------------------- Histogram --------------------
[1.698 ns ; 1.749 ns) | @@@@@@@@@@
---------------------------------------------------

DataAuthoredQueryBenchmarks.GeneratedShape: Jit(IterationCount=12, IterationTime=250ms, WarmupCount=16) [Shape=Blend, Pattern=Forward]
Runtime = .NET 10.0.12 (10.0.12, 10.0.1226.42308), X64 RyuJIT x86-64-v3; GC = Concurrent Workstation
Mean = 2.651 ns, StdErr = 0.009 ns (0.35%), N = 11, StdDev = 0.030 ns
Min = 2.606 ns, Q1 = 2.623 ns, Median = 2.663 ns, Q3 = 2.670 ns, Max = 2.691 ns
IQR = 0.047 ns, LowerFence = 2.552 ns, UpperFence = 2.741 ns
ConfidenceInterval = [2.609 ns; 2.693 ns] (CI 99.9%), Margin = 0.042 ns (1.58% of Mean)
Skewness = -0.23, Kurtosis = 1.31, MValue = 2
-------------------- Histogram --------------------
[2.592 ns ; 2.704 ns) | @@@@@@@@@@@
---------------------------------------------------

DataAuthoredQueryBenchmarks.DataAuthoredFacade: Jit(IterationCount=12, IterationTime=250ms, WarmupCount=16) [Shape=Blend, Pattern=Forward]
Runtime = .NET 10.0.12 (10.0.12, 10.0.1226.42308), X64 RyuJIT x86-64-v3; GC = Concurrent Workstation
Mean = 11.075 ns, StdErr = 0.037 ns (0.33%), N = 11, StdDev = 0.122 ns
Min = 10.847 ns, Q1 = 11.001 ns, Median = 11.120 ns, Q3 = 11.144 ns, Max = 11.224 ns
IQR = 0.143 ns, LowerFence = 10.786 ns, UpperFence = 11.359 ns
ConfidenceInterval = [10.906 ns; 11.245 ns] (CI 99.9%), Margin = 0.169 ns (1.53% of Mean)
Skewness = -0.64, Kurtosis = 1.83, MValue = 2
-------------------- Histogram --------------------
[10.775 ns ; 11.280 ns) | @@@@@@@@@@@
---------------------------------------------------

DataAuthoredQueryBenchmarks.FacadeSelectOnly: Jit(IterationCount=12, IterationTime=250ms, WarmupCount=16) [Shape=Blend, Pattern=Forward]
Runtime = .NET 10.0.12 (10.0.12, 10.0.1226.42308), X64 RyuJIT x86-64-v3; GC = Concurrent Workstation
Mean = 7.558 ns, StdErr = 0.023 ns (0.31%), N = 11, StdDev = 0.078 ns
Min = 7.486 ns, Q1 = 7.507 ns, Median = 7.538 ns, Q3 = 7.561 ns, Max = 7.720 ns
IQR = 0.054 ns, LowerFence = 7.426 ns, UpperFence = 7.643 ns
ConfidenceInterval = [7.451 ns; 7.666 ns] (CI 99.9%), Margin = 0.107 ns (1.42% of Mean)
Skewness = 1.04, Kurtosis = 2.62, MValue = 2
-------------------- Histogram --------------------
[7.453 ns ; 7.766 ns) | @@@@@@@@@@@
---------------------------------------------------

DataAuthoredQueryBenchmarks.FacadeNoDispatch: Jit(IterationCount=12, IterationTime=250ms, WarmupCount=16) [Shape=Blend, Pattern=Forward]
Runtime = .NET 10.0.12 (10.0.12, 10.0.1226.42308), X64 RyuJIT x86-64-v3; GC = Concurrent Workstation
Mean = 8.770 ns, StdErr = 0.036 ns (0.42%), N = 12, StdDev = 0.126 ns
Min = 8.653 ns, Q1 = 8.674 ns, Median = 8.716 ns, Q3 = 8.859 ns, Max = 9.007 ns
IQR = 0.185 ns, LowerFence = 8.396 ns, UpperFence = 9.138 ns
ConfidenceInterval = [8.608 ns; 8.931 ns] (CI 99.9%), Margin = 0.162 ns (1.84% of Mean)
Skewness = 0.69, Kurtosis = 1.74, MValue = 2
-------------------- Histogram --------------------
[8.617 ns ; 9.056 ns) | @@@@@@@@@@@@
---------------------------------------------------

DataAuthoredQueryBenchmarks.DirectShape: Jit(IterationCount=12, IterationTime=250ms, WarmupCount=16) [Shape=Blend, Pattern=Alternating]
Runtime = .NET 10.0.12 (10.0.12, 10.0.1226.42308), X64 RyuJIT x86-64-v3; GC = Concurrent Workstation
Mean = 1.983 ns, StdErr = 0.016 ns (0.80%), N = 11, StdDev = 0.053 ns
Min = 1.940 ns, Q1 = 1.953 ns, Median = 1.963 ns, Q3 = 1.984 ns, Max = 2.093 ns
IQR = 0.031 ns, LowerFence = 1.907 ns, UpperFence = 2.030 ns
ConfidenceInterval = [1.910 ns; 2.056 ns] (CI 99.9%), Margin = 0.073 ns (3.69% of Mean)
Skewness = 1.17, Kurtosis = 2.66, MValue = 2
-------------------- Histogram --------------------
[1.940 ns ; 2.003 ns) | @@@@@@@@
[2.003 ns ; 2.053 ns) | @
[2.053 ns ; 2.124 ns) | @@
---------------------------------------------------

DataAuthoredQueryBenchmarks.GeneratedShape: Jit(IterationCount=12, IterationTime=250ms, WarmupCount=16) [Shape=Blend, Pattern=Alternating]
Runtime = .NET 10.0.12 (10.0.12, 10.0.1226.42308), X64 RyuJIT x86-64-v3; GC = Concurrent Workstation
Mean = 2.947 ns, StdErr = 0.010 ns (0.35%), N = 10, StdDev = 0.032 ns
Min = 2.881 ns, Q1 = 2.923 ns, Median = 2.961 ns, Q3 = 2.968 ns, Max = 2.980 ns
IQR = 0.045 ns, LowerFence = 2.856 ns, UpperFence = 3.036 ns
ConfidenceInterval = [2.898 ns; 2.996 ns] (CI 99.9%), Margin = 0.049 ns (1.66% of Mean)
Skewness = -0.72, Kurtosis = 2.02, MValue = 2
-------------------- Histogram --------------------
[2.862 ns ; 3.000 ns) | @@@@@@@@@@
---------------------------------------------------

DataAuthoredQueryBenchmarks.DataAuthoredFacade: Jit(IterationCount=12, IterationTime=250ms, WarmupCount=16) [Shape=Blend, Pattern=Alternating]
Runtime = .NET 10.0.12 (10.0.12, 10.0.1226.42308), X64 RyuJIT x86-64-v3; GC = Concurrent Workstation
Mean = 11.240 ns, StdErr = 0.024 ns (0.21%), N = 12, StdDev = 0.082 ns
Min = 11.110 ns, Q1 = 11.190 ns, Median = 11.223 ns, Q3 = 11.294 ns, Max = 11.392 ns
IQR = 0.104 ns, LowerFence = 11.034 ns, UpperFence = 11.450 ns
ConfidenceInterval = [11.135 ns; 11.344 ns] (CI 99.9%), Margin = 0.105 ns (0.93% of Mean)
Skewness = 0.2, Kurtosis = 1.92, MValue = 2
-------------------- Histogram --------------------
[11.076 ns ; 11.439 ns) | @@@@@@@@@@@@
---------------------------------------------------

DataAuthoredQueryBenchmarks.FacadeSelectOnly: Jit(IterationCount=12, IterationTime=250ms, WarmupCount=16) [Shape=Blend, Pattern=Alternating]
Runtime = .NET 10.0.12 (10.0.12, 10.0.1226.42308), X64 RyuJIT x86-64-v3; GC = Concurrent Workstation
Mean = 8.083 ns, StdErr = 0.018 ns (0.23%), N = 12, StdDev = 0.063 ns
Min = 7.929 ns, Q1 = 8.058 ns, Median = 8.090 ns, Q3 = 8.113 ns, Max = 8.191 ns
IQR = 0.055 ns, LowerFence = 7.976 ns, UpperFence = 8.195 ns
ConfidenceInterval = [8.002 ns; 8.164 ns] (CI 99.9%), Margin = 0.081 ns (1.00% of Mean)
Skewness = -0.75, Kurtosis = 3.67, MValue = 2
-------------------- Histogram --------------------
[7.893 ns ; 8.228 ns) | @@@@@@@@@@@@
---------------------------------------------------

DataAuthoredQueryBenchmarks.FacadeNoDispatch: Jit(IterationCount=12, IterationTime=250ms, WarmupCount=16) [Shape=Blend, Pattern=Alternating]
Runtime = .NET 10.0.12 (10.0.12, 10.0.1226.42308), X64 RyuJIT x86-64-v3; GC = Concurrent Workstation
Mean = 8.829 ns, StdErr = 0.016 ns (0.19%), N = 11, StdDev = 0.054 ns
Min = 8.759 ns, Q1 = 8.790 ns, Median = 8.817 ns, Q3 = 8.877 ns, Max = 8.915 ns
IQR = 0.086 ns, LowerFence = 8.661 ns, UpperFence = 9.006 ns
ConfidenceInterval = [8.754 ns; 8.904 ns] (CI 99.9%), Margin = 0.075 ns (0.85% of Mean)
Skewness = 0.37, Kurtosis = 1.4, MValue = 2
-------------------- Histogram --------------------
[8.727 ns ; 8.947 ns) | @@@@@@@@@@@
---------------------------------------------------

// * Summary *

BenchmarkDotNet v0.15.8, Linux Omarchy
Intel Core i9-14900K 0.80GHz, 1 CPU, 32 logical and 24 physical cores
.NET SDK 10.0.401
  [Host] : .NET 10.0.12 (10.0.12, 10.0.1226.42308), X64 RyuJIT x86-64-v3
  Jit    : .NET 10.0.12 (10.0.12, 10.0.1226.42308), X64 RyuJIT x86-64-v3

Job=Jit  IterationCount=12  IterationTime=250ms  
WarmupCount=16  

| Method             | Shape                    | Pattern     | Mean          | Error       | StdDev      | Median        | Ratio  | RatioSD | Allocated | Alloc Ratio |
|------------------- |------------------------- |------------ |--------------:|------------:|------------:|--------------:|-------:|--------:|----------:|------------:|
| DirectShape        | OneTrack                 | Forward     |      1.392 ns |   0.0102 ns |   0.0067 ns |      1.392 ns |   1.00 |    0.01 |         - |          NA |
| GeneratedShape     | OneTrack                 | Forward     |      2.087 ns |   0.0291 ns |   0.0192 ns |      2.083 ns |   1.50 |    0.01 |         - |          NA |
| DataAuthoredFacade | OneTrack                 | Forward     |     10.514 ns |   0.1838 ns |   0.1216 ns |     10.470 ns |   7.55 |    0.09 |         - |          NA |
| FacadeSelectOnly   | OneTrack                 | Forward     |      7.889 ns |   0.1904 ns |   0.1376 ns |      7.835 ns |   5.67 |    0.10 |         - |          NA |
| FacadeNoDispatch   | OneTrack                 | Forward     |      8.773 ns |   0.0354 ns |   0.0256 ns |      8.771 ns |   6.30 |    0.03 |         - |          NA |
|                    |                          |             |               |             |             |               |        |         |           |             |
| DirectShape        | OneTrack                 | Alternating |      1.330 ns |   0.0247 ns |   0.0163 ns |      1.334 ns |   1.00 |    0.02 |         - |          NA |
| GeneratedShape     | OneTrack                 | Alternating |      2.098 ns |   0.0327 ns |   0.0255 ns |      2.106 ns |   1.58 |    0.03 |         - |          NA |
| DataAuthoredFacade | OneTrack                 | Alternating |     10.437 ns |   0.0615 ns |   0.0445 ns |     10.440 ns |   7.85 |    0.10 |         - |          NA |
| FacadeSelectOnly   | OneTrack                 | Alternating |      8.222 ns |   0.1772 ns |   0.1281 ns |      8.155 ns |   6.18 |    0.12 |         - |          NA |
| FacadeNoDispatch   | OneTrack                 | Alternating |      8.873 ns |   0.0576 ns |   0.0416 ns |      8.872 ns |   6.67 |    0.09 |         - |          NA |
|                    |                          |             |               |             |             |               |        |         |           |             |
| DirectShape        | ThreeTracks              | Forward     |      2.284 ns |   0.0377 ns |   0.0273 ns |      2.297 ns |   1.00 |    0.02 |         - |          NA |
| GeneratedShape     | ThreeTracks              | Forward     |      3.745 ns |   0.0484 ns |   0.0378 ns |      3.746 ns |   1.64 |    0.02 |         - |          NA |
| DataAuthoredFacade | ThreeTracks              | Forward     |     19.802 ns |   0.1808 ns |   0.1412 ns |     19.849 ns |   8.67 |    0.12 |         - |          NA |
| FacadeSelectOnly   | ThreeTracks              | Forward     |      8.953 ns |   0.1027 ns |   0.0679 ns |      8.948 ns |   3.92 |    0.05 |         - |          NA |
| FacadeNoDispatch   | ThreeTracks              | Forward     |     11.926 ns |   0.1366 ns |   0.0904 ns |     11.901 ns |   5.22 |    0.07 |         - |          NA |
|                    |                          |             |               |             |             |               |        |         |           |             |
| DirectShape        | ThreeTracks              | Alternating |      4.162 ns |   0.0112 ns |   0.0081 ns |      4.160 ns |   1.00 |    0.00 |         - |          NA |
| GeneratedShape     | ThreeTracks              | Alternating |      4.048 ns |   0.0426 ns |   0.0333 ns |      4.046 ns |   0.97 |    0.01 |         - |          NA |
| DataAuthoredFacade | ThreeTracks              | Alternating |     21.586 ns |   0.4997 ns |   0.3613 ns |     21.667 ns |   5.19 |    0.08 |         - |          NA |
| FacadeSelectOnly   | ThreeTracks              | Alternating |      9.672 ns |   0.1107 ns |   0.0800 ns |      9.650 ns |   2.32 |    0.02 |         - |          NA |
| FacadeNoDispatch   | ThreeTracks              | Alternating |     12.756 ns |   0.0589 ns |   0.0390 ns |     12.768 ns |   3.07 |    0.01 |         - |          NA |
|                    |                          |             |               |             |             |               |        |         |           |             |
| DirectShape        | SixteenTracks            | Forward     |     12.071 ns |   0.0983 ns |   0.0711 ns |     12.073 ns |   1.00 |    0.01 |         - |          NA |
| GeneratedShape     | SixteenTracks            | Forward     |     22.292 ns |   0.1883 ns |   0.1470 ns |     22.348 ns |   1.85 |    0.02 |         - |          NA |
| DataAuthoredFacade | SixteenTracks            | Forward     |     73.285 ns |   0.7762 ns |   0.6060 ns |     73.381 ns |   6.07 |    0.06 |         - |          NA |
| FacadeSelectOnly   | SixteenTracks            | Forward     |     19.478 ns |   0.4637 ns |   0.3353 ns |     19.361 ns |   1.61 |    0.03 |         - |          NA |
| FacadeNoDispatch   | SixteenTracks            | Forward     |     34.486 ns |   0.6815 ns |   0.4928 ns |     34.657 ns |   2.86 |    0.04 |         - |          NA |
|                    |                          |             |               |             |             |               |        |         |           |             |
| DirectShape        | SixteenTracks            | Alternating |     18.649 ns |   0.1018 ns |   0.0736 ns |     18.656 ns |   1.00 |    0.01 |         - |          NA |
| GeneratedShape     | SixteenTracks            | Alternating |     20.585 ns |   0.2023 ns |   0.1462 ns |     20.559 ns |   1.10 |    0.01 |         - |          NA |
| DataAuthoredFacade | SixteenTracks            | Alternating |     75.382 ns |   0.7562 ns |   0.5468 ns |     75.291 ns |   4.04 |    0.03 |         - |          NA |
| FacadeSelectOnly   | SixteenTracks            | Alternating |     22.463 ns |   0.4112 ns |   0.2973 ns |     22.427 ns |   1.20 |    0.02 |         - |          NA |
| FacadeNoDispatch   | SixteenTracks            | Alternating |     36.076 ns |   0.3383 ns |   0.2238 ns |     36.018 ns |   1.93 |    0.01 |         - |          NA |
|                    |                          |             |               |             |             |               |        |         |           |             |
| DirectShape        | TwoHundredFiftySixTracks | Forward     |    341.993 ns |   2.6177 ns |   1.7314 ns |    341.917 ns |   1.00 |    0.01 |         - |          NA |
| GeneratedShape     | TwoHundredFiftySixTracks | Forward     | 34,176.416 ns | 482.2839 ns | 348.7229 ns | 34,290.610 ns |  99.94 |    1.09 |         - |          NA |
| DataAuthoredFacade | TwoHundredFiftySixTracks | Forward     |  1,109.500 ns |  18.3052 ns |  13.2359 ns |  1,111.595 ns |   3.24 |    0.04 |         - |          NA |
| FacadeSelectOnly   | TwoHundredFiftySixTracks | Forward     |    208.858 ns |   1.0062 ns |   0.7275 ns |    209.067 ns |   0.61 |    0.00 |         - |          NA |
| FacadeNoDispatch   | TwoHundredFiftySixTracks | Forward     |    456.858 ns |   5.1285 ns |   3.3922 ns |    455.851 ns |   1.34 |    0.01 |         - |          NA |
|                    |                          |             |               |             |             |               |        |         |           |             |
| DirectShape        | TwoHundredFiftySixTracks | Alternating |    342.804 ns |   1.6343 ns |   1.0810 ns |    342.868 ns |   1.00 |    0.00 |         - |          NA |
| GeneratedShape     | TwoHundredFiftySixTracks | Alternating | 34,886.423 ns | 105.7064 ns |  76.4326 ns | 34,886.091 ns | 101.77 |    0.37 |         - |          NA |
| DataAuthoredFacade | TwoHundredFiftySixTracks | Alternating |  1,133.160 ns |  13.0825 ns |   9.4595 ns |  1,136.217 ns |   3.31 |    0.03 |         - |          NA |
| FacadeSelectOnly   | TwoHundredFiftySixTracks | Alternating |    231.598 ns |   1.2819 ns |   0.8479 ns |    231.627 ns |   0.68 |    0.00 |         - |          NA |
| FacadeNoDispatch   | TwoHundredFiftySixTracks | Alternating |    469.131 ns |   3.8026 ns |   2.7495 ns |    469.507 ns |   1.37 |    0.01 |         - |          NA |
|                    |                          |             |               |             |             |               |        |         |           |             |
| DirectShape        | Blend                    | Forward     |      1.720 ns |   0.0168 ns |   0.0111 ns |      1.721 ns |   1.00 |    0.01 |         - |          NA |
| GeneratedShape     | Blend                    | Forward     |      2.651 ns |   0.0420 ns |   0.0304 ns |      2.663 ns |   1.54 |    0.02 |         - |          NA |
| DataAuthoredFacade | Blend                    | Forward     |     11.075 ns |   0.1694 ns |   0.1225 ns |     11.120 ns |   6.44 |    0.08 |         - |          NA |
| FacadeSelectOnly   | Blend                    | Forward     |      7.558 ns |   0.1074 ns |   0.0776 ns |      7.538 ns |   4.39 |    0.05 |         - |          NA |
| FacadeNoDispatch   | Blend                    | Forward     |      8.770 ns |   0.1617 ns |   0.1262 ns |      8.716 ns |   5.10 |    0.08 |         - |          NA |
|                    |                          |             |               |             |             |               |        |         |           |             |
| DirectShape        | Blend                    | Alternating |      1.983 ns |   0.0732 ns |   0.0529 ns |      1.963 ns |   1.00 |    0.04 |         - |          NA |
| GeneratedShape     | Blend                    | Alternating |      2.947 ns |   0.0491 ns |   0.0324 ns |      2.961 ns |   1.49 |    0.04 |         - |          NA |
| DataAuthoredFacade | Blend                    | Alternating |     11.240 ns |   0.1048 ns |   0.0818 ns |     11.223 ns |   5.67 |    0.15 |         - |          NA |
| FacadeSelectOnly   | Blend                    | Alternating |      8.083 ns |   0.0810 ns |   0.0632 ns |      8.090 ns |   4.08 |    0.11 |         - |          NA |
| FacadeNoDispatch   | Blend                    | Alternating |      8.829 ns |   0.0752 ns |   0.0544 ns |      8.817 ns |   4.46 |    0.11 |         - |          NA |

// * Warnings *
MinIterationTime
  DataAuthoredQueryBenchmarks.GeneratedShape: Jit     -> The minimum observed iteration time is 58.13ms which is very small. It's recommended to increase it to at least 100ms using more operations.
  DataAuthoredQueryBenchmarks.GeneratedShape: Jit     -> The minimum observed iteration time is 56.571ms which is very small. It's recommended to increase it to at least 100ms using more operations.
  DataAuthoredQueryBenchmarks.DataAuthoredFacade: Jit -> The minimum observed iteration time is 99.126ms which is very small. It's recommended to increase it to at least 100ms using more operations.
  DataAuthoredQueryBenchmarks.GeneratedShape: Jit     -> The minimum observed iteration time is 56.624ms which is very small. It's recommended to increase it to at least 100ms using more operations.
  DataAuthoredQueryBenchmarks.DataAuthoredFacade: Jit -> The minimum observed iteration time is 83.307ms which is very small. It's recommended to increase it to at least 100ms using more operations.
  DataAuthoredQueryBenchmarks.GeneratedShape: Jit     -> The minimum observed iteration time is 59.794ms which is very small. It's recommended to increase it to at least 100ms using more operations.
  DataAuthoredQueryBenchmarks.DataAuthoredFacade: Jit -> The minimum observed iteration time is 86.553ms which is very small. It's recommended to increase it to at least 100ms using more operations.
  DataAuthoredQueryBenchmarks.GeneratedShape: Jit     -> The minimum observed iteration time is 69.42ms which is very small. It's recommended to increase it to at least 100ms using more operations.
  DataAuthoredQueryBenchmarks.DataAuthoredFacade: Jit -> The minimum observed iteration time is 66.35ms which is very small. It's recommended to increase it to at least 100ms using more operations.
  DataAuthoredQueryBenchmarks.GeneratedShape: Jit     -> The minimum observed iteration time is 35.944ms which is very small. It's recommended to increase it to at least 100ms using more operations.
  DataAuthoredQueryBenchmarks.DataAuthoredFacade: Jit -> The minimum observed iteration time is 68.261ms which is very small. It's recommended to increase it to at least 100ms using more operations.
  DataAuthoredQueryBenchmarks.DataAuthoredFacade: Jit -> The minimum observed iteration time is 62.438ms which is very small. It's recommended to increase it to at least 100ms using more operations.
  DataAuthoredQueryBenchmarks.DataAuthoredFacade: Jit -> The minimum observed iteration time is 64.191ms which is very small. It's recommended to increase it to at least 100ms using more operations.
  DataAuthoredQueryBenchmarks.GeneratedShape: Jit     -> The minimum observed iteration time is 63.892ms which is very small. It's recommended to increase it to at least 100ms using more operations.
  DataAuthoredQueryBenchmarks.DataAuthoredFacade: Jit -> The minimum observed iteration time is 86.732ms which is very small. It's recommended to increase it to at least 100ms using more operations.
  DataAuthoredQueryBenchmarks.GeneratedShape: Jit     -> The minimum observed iteration time is 67.803ms which is very small. It's recommended to increase it to at least 100ms using more operations.
  DataAuthoredQueryBenchmarks.DataAuthoredFacade: Jit -> The minimum observed iteration time is 86.645ms which is very small. It's recommended to increase it to at least 100ms using more operations.

// * Hints *
Outliers
  DataAuthoredQueryBenchmarks.DirectShape: Jit        -> 2 outliers were removed (1.44 ns, 1.46 ns)
  DataAuthoredQueryBenchmarks.GeneratedShape: Jit     -> 2 outliers were removed (2.16 ns, 2.17 ns)
  DataAuthoredQueryBenchmarks.DataAuthoredFacade: Jit -> 2 outliers were removed (11.03 ns, 12.61 ns)
  DataAuthoredQueryBenchmarks.FacadeSelectOnly: Jit   -> 1 outlier  was  removed (9.08 ns)
  DataAuthoredQueryBenchmarks.FacadeNoDispatch: Jit   -> 1 outlier  was  removed (9.32 ns)
  DataAuthoredQueryBenchmarks.DirectShape: Jit        -> 2 outliers were removed, 3 outliers were detected (1.29 ns, 1.40 ns, 1.40 ns)
  DataAuthoredQueryBenchmarks.DataAuthoredFacade: Jit -> 1 outlier  was  removed (12.69 ns)
  DataAuthoredQueryBenchmarks.FacadeSelectOnly: Jit   -> 1 outlier  was  removed (9.48 ns)
  DataAuthoredQueryBenchmarks.FacadeNoDispatch: Jit   -> 1 outlier  was  removed (10.19 ns)
  DataAuthoredQueryBenchmarks.DirectShape: Jit        -> 1 outlier  was  removed, 2 outliers were detected (2.22 ns, 2.63 ns)
  DataAuthoredQueryBenchmarks.FacadeSelectOnly: Jit   -> 2 outliers were removed (9.45 ns, 9.49 ns)
  DataAuthoredQueryBenchmarks.FacadeNoDispatch: Jit   -> 2 outliers were removed (12.25 ns, 13.38 ns)
  DataAuthoredQueryBenchmarks.DirectShape: Jit        -> 1 outlier  was  removed (4.52 ns)
  DataAuthoredQueryBenchmarks.DataAuthoredFacade: Jit -> 1 outlier  was  removed, 2 outliers were detected (20.64 ns, 25.84 ns)
  DataAuthoredQueryBenchmarks.FacadeSelectOnly: Jit   -> 1 outlier  was  removed (11.13 ns)
  DataAuthoredQueryBenchmarks.FacadeNoDispatch: Jit   -> 2 outliers were removed (13.03 ns, 14.42 ns)
  DataAuthoredQueryBenchmarks.DirectShape: Jit        -> 1 outlier  was  removed, 2 outliers were detected (11.90 ns, 13.51 ns)
  DataAuthoredQueryBenchmarks.FacadeSelectOnly: Jit   -> 1 outlier  was  removed (21.57 ns)
  DataAuthoredQueryBenchmarks.FacadeNoDispatch: Jit   -> 1 outlier  was  removed, 3 outliers were detected (33.67 ns, 33.72 ns, 37.79 ns)
  DataAuthoredQueryBenchmarks.DirectShape: Jit        -> 1 outlier  was  removed, 2 outliers were detected (18.48 ns, 19.97 ns)
  DataAuthoredQueryBenchmarks.GeneratedShape: Jit     -> 1 outlier  was  removed (22.18 ns)
  DataAuthoredQueryBenchmarks.DataAuthoredFacade: Jit -> 1 outlier  was  removed (80.17 ns)
  DataAuthoredQueryBenchmarks.FacadeSelectOnly: Jit   -> 1 outlier  was  removed (23.91 ns)
  DataAuthoredQueryBenchmarks.FacadeNoDispatch: Jit   -> 2 outliers were removed (37.73 ns, 40.26 ns)
  DataAuthoredQueryBenchmarks.DirectShape: Jit        -> 2 outliers were removed (355.00 ns, 357.15 ns)
  DataAuthoredQueryBenchmarks.GeneratedShape: Jit     -> 1 outlier  was  removed, 2 outliers were detected (33.48 us, 36.40 us)
  DataAuthoredQueryBenchmarks.DataAuthoredFacade: Jit -> 1 outlier  was  removed (1.16 us)
  DataAuthoredQueryBenchmarks.FacadeSelectOnly: Jit   -> 1 outlier  was  removed (226.90 ns)
  DataAuthoredQueryBenchmarks.FacadeNoDispatch: Jit   -> 2 outliers were removed (472.77 ns, 495.97 ns)
  DataAuthoredQueryBenchmarks.DirectShape: Jit        -> 2 outliers were removed (347.70 ns, 376.22 ns)
  DataAuthoredQueryBenchmarks.GeneratedShape: Jit     -> 1 outlier  was  removed (35.16 us)
  DataAuthoredQueryBenchmarks.DataAuthoredFacade: Jit -> 1 outlier  was  removed (1.18 us)
  DataAuthoredQueryBenchmarks.FacadeSelectOnly: Jit   -> 2 outliers were removed (239.42 ns, 251.95 ns)
  DataAuthoredQueryBenchmarks.FacadeNoDispatch: Jit   -> 1 outlier  was  removed (516.05 ns)
  DataAuthoredQueryBenchmarks.DirectShape: Jit        -> 2 outliers were removed (1.77 ns, 1.80 ns)
  DataAuthoredQueryBenchmarks.GeneratedShape: Jit     -> 1 outlier  was  removed (2.75 ns)
  DataAuthoredQueryBenchmarks.DataAuthoredFacade: Jit -> 1 outlier  was  removed, 2 outliers were detected (10.85 ns, 11.46 ns)
  DataAuthoredQueryBenchmarks.FacadeSelectOnly: Jit   -> 1 outlier  was  removed (8.71 ns)
  DataAuthoredQueryBenchmarks.DirectShape: Jit        -> 1 outlier  was  removed (2.13 ns)
  DataAuthoredQueryBenchmarks.GeneratedShape: Jit     -> 2 outliers were removed (3.10 ns, 3.14 ns)
  DataAuthoredQueryBenchmarks.FacadeSelectOnly: Jit   -> 1 outlier  was  detected (7.93 ns)
  DataAuthoredQueryBenchmarks.FacadeNoDispatch: Jit   -> 1 outlier  was  removed (10.42 ns)

// * Legends *
  Shape       : Value of the 'Shape' parameter
  Pattern     : Value of the 'Pattern' parameter
  Mean        : Arithmetic mean of all measurements
  Error       : Half of 99.9% confidence interval
  StdDev      : Standard deviation of all measurements
  Median      : Value separating the higher half of all measurements (50th percentile)
  Ratio       : Mean of the ratio distribution ([Current]/[Baseline])
  RatioSD     : Standard deviation of the ratio distribution ([Current]/[Baseline])
  Allocated   : Allocated memory per single operation (managed only, inclusive, 1KB = 1024B)
  Alloc Ratio : Allocated memory ratio distribution ([Current]/[Baseline])
  1 ns        : 1 Nanosecond (0.000000001 sec)

// * Diagnostic Output - MemoryDiagnoser *


// ***** BenchmarkRunner: End *****
Run time: 00:04:55 (295.05 sec), executed benchmarks: 50

Global total time: 00:05:03 (303.32 sec), executed benchmarks: 50
// * Artifacts cleanup *
Artifacts cleanup is finished
