// Validating benchmarks:
// ***** BenchmarkRunner: Start   *****
// ***** Found 14 benchmark(s) in total *****
// ***** Building 2 exe(s) in Parallel: Start   *****
// ***** Done, took 00:00:03 (3.45 sec)   *****
// Found 14 benchmarks:
//   PairHandleBenchmarks.Advance: Job-TZECNT(IterationCount=16, IterationTime=200ms, WarmupCount=8) [Shape=LaneUniform]
//   PairHandleBenchmarks.Advance: InProcess(Toolchain=InProcessEmitToolchain) [Shape=LaneUniform]
//   PairHandleBenchmarks.Advance: Job-TZECNT(IterationCount=16, IterationTime=200ms, WarmupCount=8) [Shape=PairOne]
//   PairHandleBenchmarks.Advance: InProcess(Toolchain=InProcessEmitToolchain) [Shape=PairOne]
//   PairHandleBenchmarks.Advance: Job-TZECNT(IterationCount=16, IterationTime=200ms, WarmupCount=8) [Shape=PairRuns8]
//   PairHandleBenchmarks.Advance: InProcess(Toolchain=InProcessEmitToolchain) [Shape=PairRuns8]
//   PairHandleBenchmarks.Advance: Job-TZECNT(IterationCount=16, IterationTime=200ms, WarmupCount=8) [Shape=PairAlternating8]
//   PairHandleBenchmarks.Advance: InProcess(Toolchain=InProcessEmitToolchain) [Shape=PairAlternating8]
//   PairHandleBenchmarks.Advance: Job-TZECNT(IterationCount=16, IterationTime=200ms, WarmupCount=8) [Shape=PairRuns8Waves]
//   PairHandleBenchmarks.Advance: InProcess(Toolchain=InProcessEmitToolchain) [Shape=PairRuns8Waves]
//   PairHandleBenchmarks.Advance: Job-TZECNT(IterationCount=16, IterationTime=200ms, WarmupCount=8) [Shape=PairBlocks8Waves]
//   PairHandleBenchmarks.Advance: InProcess(Toolchain=InProcessEmitToolchain) [Shape=PairBlocks8Waves]
//   PairHandleBenchmarks.Advance: Job-TZECNT(IterationCount=16, IterationTime=200ms, WarmupCount=8) [Shape=PairA(...)Waves [21]]
//   PairHandleBenchmarks.Advance: InProcess(Toolchain=InProcessEmitToolchain) [Shape=PairA(...)Waves [21]]

// **************************
// Benchmark: PairHandleBenchmarks.Advance: Job-TZECNT(IterationCount=16, IterationTime=200ms, WarmupCount=8) [Shape=LaneUniform]
// *** Execute ***
// Launch: 1 / 1
// Execute: dotnet PairHandles-Job-TZECNT-1.dll --anonymousPipes 138 139 --benchmarkName "Tl.PairHandlesProbe.PairHandleBenchmarks.Advance(Shape: LaneUniform)" --job "IterationCount=16, IterationTime=200ms, WarmupCount=8" --benchmarkId 0 in /home/i/GitHub/tl-174-one-api/benchmarks/PairHandles/bin/Release/net10.0/PairHandles-Job-TZECNT-1/bin/Release/net10.0
// Failed to set up high priority (Permission denied). In order to run benchmarks with high priority, make sure you have the right permissions.
// BeforeAnythingElse

// Benchmark Process Environment Information:
// BenchmarkDotNet v0.15.8
// Runtime=.NET 10.0.12 (10.0.12, 10.0.1226.42308), X64 RyuJIT x86-64-v3
// GC=Concurrent Workstation
// HardwareIntrinsics=AVX2+BMI1+BMI2+F16C+FMA+LZCNT+MOVBE,AVX,SSE3+SSSE3+SSE4.1+SSE4.2+POPCNT,X86Base+SSE+SSE2,AES+PCLMUL,AvxVnni,SERIALIZE VectorSize=256
// Job: Job-TZECNT(IterationCount=16, IterationTime=200ms, WarmupCount=8)

OverheadJitting  1: 1 op, 82746.00 ns, 82.7460 us/op
WorkloadJitting  1: 1 op, 3161164.00 ns, 3.1612 ms/op

OverheadJitting  2: 16 op, 107150.00 ns, 6.6969 us/op
WorkloadJitting  2: 16 op, 890759.00 ns, 55.6724 us/op

WorkloadPilot    1: 16 op, 745843.00 ns, 46.6152 us/op
WorkloadPilot    2: 4304 op, 143757693.00 ns, 33.4010 us/op
WorkloadPilot    3: 6000 op, 133859210.00 ns, 22.3099 us/op
WorkloadPilot    4: 8976 op, 162971303.00 ns, 18.1563 us/op
WorkloadPilot    5: 11024 op, 210729530.00 ns, 19.1155 us/op
WorkloadPilot    6: 10464 op, 193320530.00 ns, 18.4748 us/op
WorkloadPilot    7: 10832 op, 196597385.00 ns, 18.1497 us/op
WorkloadPilot    8: 11024 op, 200332818.00 ns, 18.1724 us/op
WorkloadPilot    9: 11008 op, 199830467.00 ns, 18.1532 us/op
WorkloadPilot   10: 11024 op, 216909597.00 ns, 19.6761 us/op

OverheadWarmup   1: 11024 op, 20932.00 ns, 1.8988 ns/op
OverheadWarmup   2: 11024 op, 20325.00 ns, 1.8437 ns/op
OverheadWarmup   3: 11024 op, 20504.00 ns, 1.8599 ns/op
OverheadWarmup   4: 11024 op, 20204.00 ns, 1.8327 ns/op
OverheadWarmup   5: 11024 op, 20186.00 ns, 1.8311 ns/op
OverheadWarmup   6: 11024 op, 20260.00 ns, 1.8378 ns/op
OverheadWarmup   7: 11024 op, 20074.00 ns, 1.8209 ns/op

OverheadActual   1: 11024 op, 20174.00 ns, 1.8300 ns/op
OverheadActual   2: 11024 op, 20304.00 ns, 1.8418 ns/op
OverheadActual   3: 11024 op, 20246.00 ns, 1.8365 ns/op
OverheadActual   4: 11024 op, 20126.00 ns, 1.8257 ns/op
OverheadActual   5: 11024 op, 20409.00 ns, 1.8513 ns/op
OverheadActual   6: 11024 op, 20065.00 ns, 1.8201 ns/op
OverheadActual   7: 11024 op, 20045.00 ns, 1.8183 ns/op
OverheadActual   8: 11024 op, 20072.00 ns, 1.8208 ns/op
OverheadActual   9: 11024 op, 20068.00 ns, 1.8204 ns/op
OverheadActual  10: 11024 op, 20081.00 ns, 1.8216 ns/op
OverheadActual  11: 11024 op, 20190.00 ns, 1.8315 ns/op
OverheadActual  12: 11024 op, 20067.00 ns, 1.8203 ns/op
OverheadActual  13: 11024 op, 20069.00 ns, 1.8205 ns/op
OverheadActual  14: 11024 op, 20029.00 ns, 1.8169 ns/op
OverheadActual  15: 11024 op, 20143.00 ns, 1.8272 ns/op

WorkloadWarmup   1: 11024 op, 234841618.00 ns, 21.3028 us/op
WorkloadWarmup   2: 11024 op, 200276743.00 ns, 18.1673 us/op
WorkloadWarmup   3: 11024 op, 201179305.00 ns, 18.2492 us/op
WorkloadWarmup   4: 11024 op, 200355525.00 ns, 18.1745 us/op
WorkloadWarmup   5: 11024 op, 200131221.00 ns, 18.1541 us/op
WorkloadWarmup   6: 11024 op, 200078611.00 ns, 18.1494 us/op
WorkloadWarmup   7: 11024 op, 200159813.00 ns, 18.1567 us/op
WorkloadWarmup   8: 11024 op, 200435367.00 ns, 18.1817 us/op

// BeforeActualRun
WorkloadActual   1: 11024 op, 200495341.00 ns, 18.1872 us/op
WorkloadActual   2: 11024 op, 201161022.00 ns, 18.2476 us/op
WorkloadActual   3: 11024 op, 200119212.00 ns, 18.1530 us/op
WorkloadActual   4: 11024 op, 212355557.00 ns, 19.2630 us/op
WorkloadActual   5: 11024 op, 200409556.00 ns, 18.1794 us/op
WorkloadActual   6: 11024 op, 200160673.00 ns, 18.1568 us/op
WorkloadActual   7: 11024 op, 200255187.00 ns, 18.1654 us/op
WorkloadActual   8: 11024 op, 200533232.00 ns, 18.1906 us/op
WorkloadActual   9: 11024 op, 200149600.00 ns, 18.1558 us/op
WorkloadActual  10: 11024 op, 203226134.00 ns, 18.4349 us/op
WorkloadActual  11: 11024 op, 200210805.00 ns, 18.1614 us/op
WorkloadActual  12: 11024 op, 200491572.00 ns, 18.1868 us/op
WorkloadActual  13: 11024 op, 200297999.00 ns, 18.1693 us/op
WorkloadActual  14: 11024 op, 200281880.00 ns, 18.1678 us/op
WorkloadActual  15: 11024 op, 200799835.00 ns, 18.2148 us/op
WorkloadActual  16: 11024 op, 203720390.00 ns, 18.4797 us/op

// AfterActualRun
WorkloadResult   1: 11024 op, 200475260.00 ns, 18.1853 us/op
WorkloadResult   2: 11024 op, 201140941.00 ns, 18.2457 us/op
WorkloadResult   3: 11024 op, 200099131.00 ns, 18.1512 us/op
WorkloadResult   4: 11024 op, 200389475.00 ns, 18.1776 us/op
WorkloadResult   5: 11024 op, 200140592.00 ns, 18.1550 us/op
WorkloadResult   6: 11024 op, 200235106.00 ns, 18.1636 us/op
WorkloadResult   7: 11024 op, 200513151.00 ns, 18.1888 us/op
WorkloadResult   8: 11024 op, 200129519.00 ns, 18.1540 us/op
WorkloadResult   9: 11024 op, 200190724.00 ns, 18.1595 us/op
WorkloadResult  10: 11024 op, 200471491.00 ns, 18.1850 us/op
WorkloadResult  11: 11024 op, 200277918.00 ns, 18.1674 us/op
WorkloadResult  12: 11024 op, 200261799.00 ns, 18.1660 us/op
WorkloadResult  13: 11024 op, 200779754.00 ns, 18.2130 us/op
// GC:  0 0 0 0 11024
// Threading:  0 0 11024

// AfterAll
// Benchmark Process 65034 has exited with code 0.

Mean = 18.178 μs, StdErr = 0.007 μs (0.04%), N = 13, StdDev = 0.027 μs
Min = 18.151 μs, Q1 = 18.160 μs, Median = 18.167 μs, Q3 = 18.185 μs, Max = 18.246 μs
IQR = 0.026 μs, LowerFence = 18.121 μs, UpperFence = 18.224 μs
ConfidenceInterval = [18.146 μs; 18.210 μs] (CI 99.9%), Margin = 0.032 μs (0.18% of Mean)
Skewness = 1.2, Kurtosis = 3.55, MValue = 2

// ** Remained 13 (92.9 %) benchmark(s) to run. Estimated finish 2026-09-18 4:00 (0h 1m from now) **
// **************************
// Benchmark: PairHandleBenchmarks.Advance: InProcess(Toolchain=InProcessEmitToolchain) [Shape=LaneUniform]
// *** Execute ***
// Launch: 1 / 1
// ! Failed to set up priority High for process System.Diagnostics.Process (PairHandles). Make sure you have the right permissions. Message: Permission denied

// Benchmark Process Environment Information:
// BenchmarkDotNet v0.15.8
// Runtime=.NET 10.0.12 (10.0.12, 10.0.1226.42308), X64 RyuJIT x86-64-v3
// GC=Concurrent Workstation
// HardwareIntrinsics=AVX2+BMI1+BMI2+F16C+FMA+LZCNT+MOVBE,AVX,SSE3+SSSE3+SSE4.1+SSE4.2+POPCNT,X86Base+SSE+SSE2,AES+PCLMUL,AvxVnni,SERIALIZE VectorSize=256
// Job: Job-JWQWGO(Toolchain=InProcessEmitToolchain)

OverheadJitting  1: 1 op, 76972.00 ns, 76.9720 us/op
WorkloadJitting  1: 1 op, 206427.00 ns, 206.4270 us/op

OverheadJitting  2: 16 op, 104984.00 ns, 6.5615 us/op
WorkloadJitting  2: 16 op, 797608.00 ns, 49.8505 us/op

WorkloadPilot    1: 16 op, 683914.00 ns, 42.7446 us/op
WorkloadPilot    2: 32 op, 1328450.00 ns, 41.5141 us/op
WorkloadPilot    3: 64 op, 2639132.00 ns, 41.2364 us/op
WorkloadPilot    4: 128 op, 5218299.00 ns, 40.7680 us/op
WorkloadPilot    5: 256 op, 10527314.00 ns, 41.1223 us/op
WorkloadPilot    6: 512 op, 20437334.00 ns, 39.9167 us/op
WorkloadPilot    7: 1024 op, 40210185.00 ns, 39.2678 us/op
WorkloadPilot    8: 2048 op, 80316375.00 ns, 39.2170 us/op
WorkloadPilot    9: 4096 op, 113187422.00 ns, 27.6336 us/op
WorkloadPilot   10: 8192 op, 177889745.00 ns, 21.7151 us/op
WorkloadPilot   11: 16384 op, 355684217.00 ns, 21.7092 us/op
WorkloadPilot   12: 32768 op, 608976703.00 ns, 18.5845 us/op

OverheadWarmup   1: 32768 op, 46194.00 ns, 1.4097 ns/op
OverheadWarmup   2: 32768 op, 40050.00 ns, 1.2222 ns/op
OverheadWarmup   3: 32768 op, 40091.00 ns, 1.2235 ns/op
OverheadWarmup   4: 32768 op, 40049.00 ns, 1.2222 ns/op
OverheadWarmup   5: 32768 op, 40057.00 ns, 1.2224 ns/op
OverheadWarmup   6: 32768 op, 40053.00 ns, 1.2223 ns/op

OverheadActual   1: 32768 op, 40158.00 ns, 1.2255 ns/op
OverheadActual   2: 32768 op, 40206.00 ns, 1.2270 ns/op
OverheadActual   3: 32768 op, 40161.00 ns, 1.2256 ns/op
OverheadActual   4: 32768 op, 44116.00 ns, 1.3463 ns/op
OverheadActual   5: 32768 op, 43556.00 ns, 1.3292 ns/op
OverheadActual   6: 32768 op, 40092.00 ns, 1.2235 ns/op
OverheadActual   7: 32768 op, 40042.00 ns, 1.2220 ns/op
OverheadActual   8: 32768 op, 40061.00 ns, 1.2226 ns/op
OverheadActual   9: 32768 op, 40068.00 ns, 1.2228 ns/op
OverheadActual  10: 32768 op, 40040.00 ns, 1.2219 ns/op
OverheadActual  11: 32768 op, 40046.00 ns, 1.2221 ns/op
OverheadActual  12: 32768 op, 40055.00 ns, 1.2224 ns/op
OverheadActual  13: 32768 op, 40045.00 ns, 1.2221 ns/op
OverheadActual  14: 32768 op, 42854.00 ns, 1.3078 ns/op
OverheadActual  15: 32768 op, 40072.00 ns, 1.2229 ns/op

WorkloadWarmup   1: 32768 op, 598105152.00 ns, 18.2527 us/op
WorkloadWarmup   2: 32768 op, 598697732.00 ns, 18.2708 us/op
WorkloadWarmup   3: 32768 op, 597699695.00 ns, 18.2403 us/op
WorkloadWarmup   4: 32768 op, 676734681.00 ns, 20.6523 us/op
WorkloadWarmup   5: 32768 op, 599139469.00 ns, 18.2843 us/op
WorkloadWarmup   6: 32768 op, 598466308.00 ns, 18.2637 us/op

WorkloadActual   1: 32768 op, 599951830.00 ns, 18.3091 us/op
WorkloadActual   2: 32768 op, 597530653.00 ns, 18.2352 us/op
WorkloadActual   3: 32768 op, 598042441.00 ns, 18.2508 us/op
WorkloadActual   4: 32768 op, 598766168.00 ns, 18.2729 us/op
WorkloadActual   5: 32768 op, 598095986.00 ns, 18.2524 us/op
WorkloadActual   6: 32768 op, 598853535.00 ns, 18.2756 us/op
WorkloadActual   7: 32768 op, 598145425.00 ns, 18.2539 us/op
WorkloadActual   8: 32768 op, 598089020.00 ns, 18.2522 us/op
WorkloadActual   9: 32768 op, 598052955.00 ns, 18.2511 us/op
WorkloadActual  10: 32768 op, 598994041.00 ns, 18.2798 us/op
WorkloadActual  11: 32768 op, 598311002.00 ns, 18.2590 us/op
WorkloadActual  12: 32768 op, 597912962.00 ns, 18.2469 us/op
WorkloadActual  13: 32768 op, 597850649.00 ns, 18.2450 us/op
WorkloadActual  14: 32768 op, 597918507.00 ns, 18.2470 us/op
WorkloadActual  15: 32768 op, 597762606.00 ns, 18.2423 us/op

WorkloadResult   1: 32768 op, 597490581.00 ns, 18.2340 us/op
WorkloadResult   2: 32768 op, 598002369.00 ns, 18.2496 us/op
WorkloadResult   3: 32768 op, 598726096.00 ns, 18.2717 us/op
WorkloadResult   4: 32768 op, 598055914.00 ns, 18.2512 us/op
WorkloadResult   5: 32768 op, 598813463.00 ns, 18.2743 us/op
WorkloadResult   6: 32768 op, 598105353.00 ns, 18.2527 us/op
WorkloadResult   7: 32768 op, 598048948.00 ns, 18.2510 us/op
WorkloadResult   8: 32768 op, 598012883.00 ns, 18.2499 us/op
WorkloadResult   9: 32768 op, 598953969.00 ns, 18.2786 us/op
WorkloadResult  10: 32768 op, 598270930.00 ns, 18.2578 us/op
WorkloadResult  11: 32768 op, 597872890.00 ns, 18.2456 us/op
WorkloadResult  12: 32768 op, 597810577.00 ns, 18.2437 us/op
WorkloadResult  13: 32768 op, 597878435.00 ns, 18.2458 us/op
WorkloadResult  14: 32768 op, 597722534.00 ns, 18.2410 us/op
// GC:  0 0 0 0 32768
// Threading:  0 0 32768


Mean = 18.253 μs, StdErr = 0.003 μs (0.02%), N = 14, StdDev = 0.013 μs
Min = 18.234 μs, Q1 = 18.246 μs, Median = 18.250 μs, Q3 = 18.257 μs, Max = 18.279 μs
IQR = 0.011 μs, LowerFence = 18.229 μs, UpperFence = 18.273 μs
ConfidenceInterval = [18.239 μs; 18.268 μs] (CI 99.9%), Margin = 0.015 μs (0.08% of Mean)
Skewness = 0.66, Kurtosis = 2.22, MValue = 2

// ** Remained 12 (85.7 %) benchmark(s) to run. Estimated finish 2026-09-18 4:01 (0h 2m from now) **
// **************************
// Benchmark: PairHandleBenchmarks.Advance: Job-TZECNT(IterationCount=16, IterationTime=200ms, WarmupCount=8) [Shape=PairOne]
// *** Execute ***
// Launch: 1 / 1
// Execute: dotnet PairHandles-Job-TZECNT-1.dll --anonymousPipes 118 119 --benchmarkName "Tl.PairHandlesProbe.PairHandleBenchmarks.Advance(Shape: PairOne)" --job "IterationCount=16, IterationTime=200ms, WarmupCount=8" --benchmarkId 1 in /home/i/GitHub/tl-174-one-api/benchmarks/PairHandles/bin/Release/net10.0/PairHandles-Job-TZECNT-1/bin/Release/net10.0
// Failed to set up high priority (Permission denied). In order to run benchmarks with high priority, make sure you have the right permissions.
// BeforeAnythingElse

// Benchmark Process Environment Information:
// BenchmarkDotNet v0.15.8
// Runtime=.NET 10.0.12 (10.0.12, 10.0.1226.42308), X64 RyuJIT x86-64-v3
// GC=Concurrent Workstation
// HardwareIntrinsics=AVX2+BMI1+BMI2+F16C+FMA+LZCNT+MOVBE,AVX,SSE3+SSSE3+SSE4.1+SSE4.2+POPCNT,X86Base+SSE+SSE2,AES+PCLMUL,AvxVnni,SERIALIZE VectorSize=256
// Job: Job-TZECNT(IterationCount=16, IterationTime=200ms, WarmupCount=8)

OverheadJitting  1: 1 op, 74027.00 ns, 74.0270 us/op
WorkloadJitting  1: 1 op, 2973701.00 ns, 2.9737 ms/op

OverheadJitting  2: 16 op, 116210.00 ns, 7.2631 us/op
WorkloadJitting  2: 16 op, 878591.00 ns, 54.9119 us/op

WorkloadPilot    1: 16 op, 676028.00 ns, 42.2518 us/op
WorkloadPilot    2: 4736 op, 158075232.00 ns, 33.3774 us/op
WorkloadPilot    3: 6000 op, 124356238.00 ns, 20.7260 us/op
WorkloadPilot    4: 9664 op, 209932571.00 ns, 21.7232 us/op
WorkloadPilot    5: 9216 op, 200608352.00 ns, 21.7674 us/op
WorkloadPilot    6: 9200 op, 199801052.00 ns, 21.7175 us/op
WorkloadPilot    7: 9216 op, 200250026.00 ns, 21.7285 us/op

OverheadWarmup   1: 9216 op, 16796.00 ns, 1.8225 ns/op
OverheadWarmup   2: 9216 op, 16146.00 ns, 1.7520 ns/op
OverheadWarmup   3: 9216 op, 16886.00 ns, 1.8322 ns/op
OverheadWarmup   4: 9216 op, 16757.00 ns, 1.8183 ns/op
OverheadWarmup   5: 9216 op, 16814.00 ns, 1.8244 ns/op
OverheadWarmup   6: 9216 op, 16797.00 ns, 1.8226 ns/op

OverheadActual   1: 9216 op, 17014.00 ns, 1.8461 ns/op
OverheadActual   2: 9216 op, 17266.00 ns, 1.8735 ns/op
OverheadActual   3: 9216 op, 17044.00 ns, 1.8494 ns/op
OverheadActual   4: 9216 op, 16909.00 ns, 1.8347 ns/op
OverheadActual   5: 9216 op, 16958.00 ns, 1.8401 ns/op
OverheadActual   6: 9216 op, 16743.00 ns, 1.8167 ns/op
OverheadActual   7: 9216 op, 16770.00 ns, 1.8197 ns/op
OverheadActual   8: 9216 op, 16747.00 ns, 1.8172 ns/op
OverheadActual   9: 9216 op, 16951.00 ns, 1.8393 ns/op
OverheadActual  10: 9216 op, 16762.00 ns, 1.8188 ns/op
OverheadActual  11: 9216 op, 16780.00 ns, 1.8207 ns/op
OverheadActual  12: 9216 op, 16775.00 ns, 1.8202 ns/op
OverheadActual  13: 9216 op, 16757.00 ns, 1.8183 ns/op
OverheadActual  14: 9216 op, 16750.00 ns, 1.8175 ns/op
OverheadActual  15: 9216 op, 16763.00 ns, 1.8189 ns/op

WorkloadWarmup   1: 9216 op, 171571874.00 ns, 18.6167 us/op
WorkloadWarmup   2: 9216 op, 168427874.00 ns, 18.2756 us/op
WorkloadWarmup   3: 9216 op, 168648810.00 ns, 18.2996 us/op
WorkloadWarmup   4: 9216 op, 168398534.00 ns, 18.2724 us/op
WorkloadWarmup   5: 9216 op, 200531660.00 ns, 21.7591 us/op
WorkloadWarmup   6: 9216 op, 194924204.00 ns, 21.1506 us/op
WorkloadWarmup   7: 9216 op, 199486635.00 ns, 21.6457 us/op
WorkloadWarmup   8: 9216 op, 200568741.00 ns, 21.7631 us/op

// BeforeActualRun
WorkloadActual   1: 9216 op, 200337494.00 ns, 21.7380 us/op
WorkloadActual   2: 9216 op, 200459123.00 ns, 21.7512 us/op
WorkloadActual   3: 9216 op, 187597792.00 ns, 20.3557 us/op
WorkloadActual   4: 9216 op, 169013221.00 ns, 18.3391 us/op
WorkloadActual   5: 9216 op, 168237699.00 ns, 18.2550 us/op
WorkloadActual   6: 9216 op, 200568385.00 ns, 21.7631 us/op
WorkloadActual   7: 9216 op, 200745041.00 ns, 21.7822 us/op
WorkloadActual   8: 9216 op, 190748425.00 ns, 20.6975 us/op
WorkloadActual   9: 9216 op, 168472606.00 ns, 18.2804 us/op
WorkloadActual  10: 9216 op, 200285436.00 ns, 21.7324 us/op
WorkloadActual  11: 9216 op, 200392616.00 ns, 21.7440 us/op
WorkloadActual  12: 9216 op, 187348434.00 ns, 20.3286 us/op
WorkloadActual  13: 9216 op, 194291317.00 ns, 21.0820 us/op
WorkloadActual  14: 9216 op, 200172268.00 ns, 21.7201 us/op
WorkloadActual  15: 9216 op, 169976462.00 ns, 18.4436 us/op
WorkloadActual  16: 9216 op, 200445649.00 ns, 21.7497 us/op

// AfterActualRun
WorkloadResult   1: 9216 op, 200320719.00 ns, 21.7362 us/op
WorkloadResult   2: 9216 op, 200442348.00 ns, 21.7494 us/op
WorkloadResult   3: 9216 op, 187581017.00 ns, 20.3538 us/op
WorkloadResult   4: 9216 op, 168996446.00 ns, 18.3373 us/op
WorkloadResult   5: 9216 op, 168220924.00 ns, 18.2531 us/op
WorkloadResult   6: 9216 op, 200551610.00 ns, 21.7612 us/op
WorkloadResult   7: 9216 op, 200728266.00 ns, 21.7804 us/op
WorkloadResult   8: 9216 op, 190731650.00 ns, 20.6957 us/op
WorkloadResult   9: 9216 op, 168455831.00 ns, 18.2786 us/op
WorkloadResult  10: 9216 op, 200268661.00 ns, 21.7305 us/op
WorkloadResult  11: 9216 op, 200375841.00 ns, 21.7422 us/op
WorkloadResult  12: 9216 op, 187331659.00 ns, 20.3268 us/op
WorkloadResult  13: 9216 op, 194274542.00 ns, 21.0801 us/op
WorkloadResult  14: 9216 op, 200155493.00 ns, 21.7183 us/op
WorkloadResult  15: 9216 op, 169959687.00 ns, 18.4418 us/op
WorkloadResult  16: 9216 op, 200428874.00 ns, 21.7479 us/op
// GC:  0 0 0 0 9216
// Threading:  0 0 9216

// AfterAll
// Benchmark Process 65127 has exited with code 0.

Mean = 20.608 μs, StdErr = 0.363 μs (1.76%), N = 16, StdDev = 1.450 μs
Min = 18.253 μs, Q1 = 19.856 μs, Median = 21.399 μs, Q3 = 21.744 μs, Max = 21.780 μs
IQR = 1.888 μs, LowerFence = 17.023 μs, UpperFence = 24.576 μs
ConfidenceInterval = [19.132 μs; 22.085 μs] (CI 99.9%), Margin = 1.477 μs (7.17% of Mean)
Skewness = -0.73, Kurtosis = 1.73, MValue = 2.67

// ** Remained 11 (78.6 %) benchmark(s) to run. Estimated finish 2026-09-18 4:01 (0h 1m from now) **
// **************************
// Benchmark: PairHandleBenchmarks.Advance: InProcess(Toolchain=InProcessEmitToolchain) [Shape=PairOne]
// *** Execute ***
// Launch: 1 / 1
// ! Failed to set up priority High for process System.Diagnostics.Process (PairHandles). Make sure you have the right permissions. Message: Permission denied

// Benchmark Process Environment Information:
// BenchmarkDotNet v0.15.8
// Runtime=.NET 10.0.12 (10.0.12, 10.0.1226.42308), X64 RyuJIT x86-64-v3
// GC=Concurrent Workstation
// HardwareIntrinsics=AVX2+BMI1+BMI2+F16C+FMA+LZCNT+MOVBE,AVX,SSE3+SSSE3+SSE4.1+SSE4.2+POPCNT,X86Base+SSE+SSE2,AES+PCLMUL,AvxVnni,SERIALIZE VectorSize=256
// Job: Job-JWQWGO(Toolchain=InProcessEmitToolchain)

OverheadJitting  1: 1 op, 92841.00 ns, 92.8410 us/op
WorkloadJitting  1: 1 op, 107711.00 ns, 107.7110 us/op

OverheadJitting  2: 16 op, 144225.00 ns, 9.0141 us/op
WorkloadJitting  2: 16 op, 411402.00 ns, 25.7126 us/op

WorkloadPilot    1: 16 op, 293401.00 ns, 18.3376 us/op
WorkloadPilot    2: 32 op, 594223.00 ns, 18.5695 us/op
WorkloadPilot    3: 64 op, 1157674.00 ns, 18.0887 us/op
WorkloadPilot    4: 128 op, 2310210.00 ns, 18.0485 us/op
WorkloadPilot    5: 256 op, 4600994.00 ns, 17.9726 us/op
WorkloadPilot    6: 512 op, 9229947.00 ns, 18.0272 us/op
WorkloadPilot    7: 1024 op, 18440532.00 ns, 18.0083 us/op
WorkloadPilot    8: 2048 op, 36832285.00 ns, 17.9845 us/op
WorkloadPilot    9: 4096 op, 73720609.00 ns, 17.9982 us/op
WorkloadPilot   10: 8192 op, 147796231.00 ns, 18.0415 us/op
WorkloadPilot   11: 16384 op, 294489312.00 ns, 17.9742 us/op
WorkloadPilot   12: 32768 op, 595342891.00 ns, 18.1684 us/op

OverheadWarmup   1: 32768 op, 43473.00 ns, 1.3267 ns/op
OverheadWarmup   2: 32768 op, 40190.00 ns, 1.2265 ns/op
OverheadWarmup   3: 32768 op, 40022.00 ns, 1.2214 ns/op
OverheadWarmup   4: 32768 op, 40204.00 ns, 1.2269 ns/op
OverheadWarmup   5: 32768 op, 40022.00 ns, 1.2214 ns/op
OverheadWarmup   6: 32768 op, 40003.00 ns, 1.2208 ns/op
OverheadWarmup   7: 32768 op, 40014.00 ns, 1.2211 ns/op
OverheadWarmup   8: 32768 op, 41009.00 ns, 1.2515 ns/op
OverheadWarmup   9: 32768 op, 39996.00 ns, 1.2206 ns/op

OverheadActual   1: 32768 op, 39997.00 ns, 1.2206 ns/op
OverheadActual   2: 32768 op, 42107.00 ns, 1.2850 ns/op
OverheadActual   3: 32768 op, 42069.00 ns, 1.2838 ns/op
OverheadActual   4: 32768 op, 42100.00 ns, 1.2848 ns/op
OverheadActual   5: 32768 op, 42122.00 ns, 1.2855 ns/op
OverheadActual   6: 32768 op, 42108.00 ns, 1.2850 ns/op
OverheadActual   7: 32768 op, 42121.00 ns, 1.2854 ns/op
OverheadActual   8: 32768 op, 42110.00 ns, 1.2851 ns/op
OverheadActual   9: 32768 op, 42120.00 ns, 1.2854 ns/op
OverheadActual  10: 32768 op, 42127.00 ns, 1.2856 ns/op
OverheadActual  11: 32768 op, 42089.00 ns, 1.2845 ns/op
OverheadActual  12: 32768 op, 42097.00 ns, 1.2847 ns/op
OverheadActual  13: 32768 op, 42130.00 ns, 1.2857 ns/op
OverheadActual  14: 32768 op, 42127.00 ns, 1.2856 ns/op
OverheadActual  15: 32768 op, 42113.00 ns, 1.2852 ns/op

WorkloadWarmup   1: 32768 op, 596618931.00 ns, 18.2074 us/op
WorkloadWarmup   2: 32768 op, 591438468.00 ns, 18.0493 us/op
WorkloadWarmup   3: 32768 op, 590439066.00 ns, 18.0188 us/op
WorkloadWarmup   4: 32768 op, 589380768.00 ns, 17.9865 us/op
WorkloadWarmup   5: 32768 op, 594846017.00 ns, 18.1533 us/op
WorkloadWarmup   6: 32768 op, 591510281.00 ns, 18.0515 us/op
WorkloadWarmup   7: 32768 op, 589848780.00 ns, 18.0008 us/op
WorkloadWarmup   8: 32768 op, 589548722.00 ns, 17.9916 us/op
WorkloadWarmup   9: 32768 op, 589361970.00 ns, 17.9859 us/op
WorkloadWarmup  10: 32768 op, 589527902.00 ns, 17.9910 us/op
WorkloadWarmup  11: 32768 op, 616088571.00 ns, 18.8015 us/op
WorkloadWarmup  12: 32768 op, 619319439.00 ns, 18.9001 us/op
WorkloadWarmup  13: 32768 op, 602052862.00 ns, 18.3732 us/op

WorkloadActual   1: 32768 op, 599880974.00 ns, 18.3069 us/op
WorkloadActual   2: 32768 op, 591213556.00 ns, 18.0424 us/op
WorkloadActual   3: 32768 op, 598880987.00 ns, 18.2764 us/op
WorkloadActual   4: 32768 op, 590435768.00 ns, 18.0187 us/op
WorkloadActual   5: 32768 op, 592738827.00 ns, 18.0890 us/op
WorkloadActual   6: 32768 op, 590981606.00 ns, 18.0353 us/op
WorkloadActual   7: 32768 op, 599304114.00 ns, 18.2893 us/op
WorkloadActual   8: 32768 op, 607931670.00 ns, 18.5526 us/op
WorkloadActual   9: 32768 op, 599700668.00 ns, 18.3014 us/op
WorkloadActual  10: 32768 op, 591213437.00 ns, 18.0424 us/op
WorkloadActual  11: 32768 op, 607736859.00 ns, 18.5467 us/op
WorkloadActual  12: 32768 op, 589214408.00 ns, 17.9814 us/op
WorkloadActual  13: 32768 op, 590182618.00 ns, 18.0109 us/op
WorkloadActual  14: 32768 op, 589128894.00 ns, 17.9788 us/op
WorkloadActual  15: 32768 op, 589180794.00 ns, 17.9804 us/op

WorkloadResult   1: 32768 op, 599838864.00 ns, 18.3056 us/op
WorkloadResult   2: 32768 op, 591171446.00 ns, 18.0411 us/op
WorkloadResult   3: 32768 op, 598838877.00 ns, 18.2751 us/op
WorkloadResult   4: 32768 op, 590393658.00 ns, 18.0174 us/op
WorkloadResult   5: 32768 op, 592696717.00 ns, 18.0877 us/op
WorkloadResult   6: 32768 op, 590939496.00 ns, 18.0340 us/op
WorkloadResult   7: 32768 op, 599262004.00 ns, 18.2880 us/op
WorkloadResult   8: 32768 op, 607889560.00 ns, 18.5513 us/op
WorkloadResult   9: 32768 op, 599658558.00 ns, 18.3001 us/op
WorkloadResult  10: 32768 op, 591171327.00 ns, 18.0411 us/op
WorkloadResult  11: 32768 op, 607694749.00 ns, 18.5454 us/op
WorkloadResult  12: 32768 op, 589172298.00 ns, 17.9801 us/op
WorkloadResult  13: 32768 op, 590140508.00 ns, 18.0097 us/op
WorkloadResult  14: 32768 op, 589086784.00 ns, 17.9775 us/op
WorkloadResult  15: 32768 op, 589138684.00 ns, 17.9791 us/op
// GC:  0 0 0 4656 32768
// Threading:  0 0 32768


Mean = 18.162 μs, StdErr = 0.052 μs (0.29%), N = 15, StdDev = 0.200 μs
Min = 17.978 μs, Q1 = 18.014 μs, Median = 18.041 μs, Q3 = 18.294 μs, Max = 18.551 μs
IQR = 0.281 μs, LowerFence = 17.593 μs, UpperFence = 18.715 μs
ConfidenceInterval = [17.948 μs; 18.377 μs] (CI 99.9%), Margin = 0.214 μs (1.18% of Mean)
Skewness = 0.77, Kurtosis = 2.09, MValue = 2

// ** Remained 10 (71.4 %) benchmark(s) to run. Estimated finish 2026-09-18 4:01 (0h 1m from now) **
// **************************
// Benchmark: PairHandleBenchmarks.Advance: Job-TZECNT(IterationCount=16, IterationTime=200ms, WarmupCount=8) [Shape=PairRuns8]
// *** Execute ***
// Launch: 1 / 1
// Execute: dotnet PairHandles-Job-TZECNT-1.dll --anonymousPipes 118 119 --benchmarkName "Tl.PairHandlesProbe.PairHandleBenchmarks.Advance(Shape: PairRuns8)" --job "IterationCount=16, IterationTime=200ms, WarmupCount=8" --benchmarkId 2 in /home/i/GitHub/tl-174-one-api/benchmarks/PairHandles/bin/Release/net10.0/PairHandles-Job-TZECNT-1/bin/Release/net10.0
// Failed to set up high priority (Permission denied). In order to run benchmarks with high priority, make sure you have the right permissions.
// BeforeAnythingElse

// Benchmark Process Environment Information:
// BenchmarkDotNet v0.15.8
// Runtime=.NET 10.0.12 (10.0.12, 10.0.1226.42308), X64 RyuJIT x86-64-v3
// GC=Concurrent Workstation
// HardwareIntrinsics=AVX2+BMI1+BMI2+F16C+FMA+LZCNT+MOVBE,AVX,SSE3+SSSE3+SSE4.1+SSE4.2+POPCNT,X86Base+SSE+SSE2,AES+PCLMUL,AvxVnni,SERIALIZE VectorSize=256
// Job: Job-TZECNT(IterationCount=16, IterationTime=200ms, WarmupCount=8)

OverheadJitting  1: 1 op, 74250.00 ns, 74.2500 us/op
WorkloadJitting  1: 1 op, 3959359.00 ns, 3.9594 ms/op

OverheadJitting  2: 16 op, 101895.00 ns, 6.3684 us/op
WorkloadJitting  2: 16 op, 1484007.00 ns, 92.7504 us/op

WorkloadPilot    1: 16 op, 1070582.00 ns, 66.9114 us/op
WorkloadPilot    2: 2992 op, 157911435.00 ns, 52.7779 us/op
WorkloadPilot    3: 3792 op, 134577917.00 ns, 35.4900 us/op
WorkloadPilot    4: 5648 op, 183903783.00 ns, 32.5609 us/op
WorkloadPilot    5: 6144 op, 217949766.00 ns, 35.4736 us/op
WorkloadPilot    6: 5648 op, 178396654.00 ns, 31.5858 us/op
WorkloadPilot    7: 6336 op, 200021830.00 ns, 31.5691 us/op

OverheadWarmup   1: 6336 op, 13176.00 ns, 2.0795 ns/op
OverheadWarmup   2: 6336 op, 12625.00 ns, 1.9926 ns/op
OverheadWarmup   3: 6336 op, 12475.00 ns, 1.9689 ns/op
OverheadWarmup   4: 6336 op, 12639.00 ns, 1.9948 ns/op
OverheadWarmup   5: 6336 op, 12356.00 ns, 1.9501 ns/op
OverheadWarmup   6: 6336 op, 11573.00 ns, 1.8265 ns/op
OverheadWarmup   7: 6336 op, 11519.00 ns, 1.8180 ns/op
OverheadWarmup   8: 6336 op, 11539.00 ns, 1.8212 ns/op
OverheadWarmup   9: 6336 op, 11527.00 ns, 1.8193 ns/op

OverheadActual   1: 6336 op, 11798.00 ns, 1.8621 ns/op
OverheadActual   2: 6336 op, 12019.00 ns, 1.8969 ns/op
OverheadActual   3: 6336 op, 11759.00 ns, 1.8559 ns/op
OverheadActual   4: 6336 op, 11638.00 ns, 1.8368 ns/op
OverheadActual   5: 6336 op, 11748.00 ns, 1.8542 ns/op
OverheadActual   6: 6336 op, 11520.00 ns, 1.8182 ns/op
OverheadActual   7: 6336 op, 11513.00 ns, 1.8171 ns/op
OverheadActual   8: 6336 op, 11531.00 ns, 1.8199 ns/op
OverheadActual   9: 6336 op, 11515.00 ns, 1.8174 ns/op
OverheadActual  10: 6336 op, 11486.00 ns, 1.8128 ns/op
OverheadActual  11: 6336 op, 11551.00 ns, 1.8231 ns/op
OverheadActual  12: 6336 op, 11711.00 ns, 1.8483 ns/op
OverheadActual  13: 6336 op, 11544.00 ns, 1.8220 ns/op
OverheadActual  14: 6336 op, 11569.00 ns, 1.8259 ns/op
OverheadActual  15: 6336 op, 11506.00 ns, 1.8160 ns/op

WorkloadWarmup   1: 6336 op, 199736400.00 ns, 31.5241 us/op
WorkloadWarmup   2: 6336 op, 199754587.00 ns, 31.5269 us/op
WorkloadWarmup   3: 6336 op, 199682743.00 ns, 31.5156 us/op
WorkloadWarmup   4: 6336 op, 199452799.00 ns, 31.4793 us/op
WorkloadWarmup   5: 6336 op, 200037594.00 ns, 31.5716 us/op
WorkloadWarmup   6: 6336 op, 200113172.00 ns, 31.5835 us/op
WorkloadWarmup   7: 6336 op, 199725007.00 ns, 31.5223 us/op
WorkloadWarmup   8: 6336 op, 199776211.00 ns, 31.5303 us/op

// BeforeActualRun
WorkloadActual   1: 6336 op, 199693345.00 ns, 31.5173 us/op
WorkloadActual   2: 6336 op, 199830758.00 ns, 31.5389 us/op
WorkloadActual   3: 6336 op, 199799275.00 ns, 31.5340 us/op
WorkloadActual   4: 6336 op, 199829359.00 ns, 31.5387 us/op
WorkloadActual   5: 6336 op, 199572938.00 ns, 31.4983 us/op
WorkloadActual   6: 6336 op, 199505580.00 ns, 31.4876 us/op
WorkloadActual   7: 6336 op, 199594532.00 ns, 31.5017 us/op
WorkloadActual   8: 6336 op, 199665022.00 ns, 31.5128 us/op
WorkloadActual   9: 6336 op, 199671939.00 ns, 31.5139 us/op
WorkloadActual  10: 6336 op, 199355767.00 ns, 31.4640 us/op
WorkloadActual  11: 6336 op, 199409382.00 ns, 31.4724 us/op
WorkloadActual  12: 6336 op, 199283403.00 ns, 31.4526 us/op
WorkloadActual  13: 6336 op, 199821251.00 ns, 31.5374 us/op
WorkloadActual  14: 6336 op, 199569063.00 ns, 31.4976 us/op
WorkloadActual  15: 6336 op, 199514279.00 ns, 31.4890 us/op
WorkloadActual  16: 6336 op, 199606088.00 ns, 31.5035 us/op

// AfterActualRun
WorkloadResult   1: 6336 op, 199681794.00 ns, 31.5154 us/op
WorkloadResult   2: 6336 op, 199819207.00 ns, 31.5371 us/op
WorkloadResult   3: 6336 op, 199787724.00 ns, 31.5322 us/op
WorkloadResult   4: 6336 op, 199817808.00 ns, 31.5369 us/op
WorkloadResult   5: 6336 op, 199561387.00 ns, 31.4964 us/op
WorkloadResult   6: 6336 op, 199494029.00 ns, 31.4858 us/op
WorkloadResult   7: 6336 op, 199582981.00 ns, 31.4998 us/op
WorkloadResult   8: 6336 op, 199653471.00 ns, 31.5110 us/op
WorkloadResult   9: 6336 op, 199660388.00 ns, 31.5121 us/op
WorkloadResult  10: 6336 op, 199344216.00 ns, 31.4622 us/op
WorkloadResult  11: 6336 op, 199397831.00 ns, 31.4706 us/op
WorkloadResult  12: 6336 op, 199271852.00 ns, 31.4507 us/op
WorkloadResult  13: 6336 op, 199809700.00 ns, 31.5356 us/op
WorkloadResult  14: 6336 op, 199557512.00 ns, 31.4958 us/op
WorkloadResult  15: 6336 op, 199502728.00 ns, 31.4872 us/op
WorkloadResult  16: 6336 op, 199594537.00 ns, 31.5017 us/op
// GC:  0 0 0 0 6336
// Threading:  0 0 6336

// AfterAll
// Benchmark Process 65155 has exited with code 0.

Mean = 31.502 μs, StdErr = 0.007 μs (0.02%), N = 16, StdDev = 0.027 μs
Min = 31.451 μs, Q1 = 31.487 μs, Median = 31.501 μs, Q3 = 31.520 μs, Max = 31.537 μs
IQR = 0.033 μs, LowerFence = 31.438 μs, UpperFence = 31.569 μs
ConfidenceInterval = [31.475 μs; 31.529 μs] (CI 99.9%), Margin = 0.027 μs (0.09% of Mean)
Skewness = -0.26, Kurtosis = 1.95, MValue = 2

// ** Remained 9 (64.3 %) benchmark(s) to run. Estimated finish 2026-09-18 4:01 (0h 1m from now) **
// **************************
// Benchmark: PairHandleBenchmarks.Advance: InProcess(Toolchain=InProcessEmitToolchain) [Shape=PairRuns8]
// *** Execute ***
// Launch: 1 / 1
// ! Failed to set up priority High for process System.Diagnostics.Process (PairHandles). Make sure you have the right permissions. Message: Permission denied

// Benchmark Process Environment Information:
// BenchmarkDotNet v0.15.8
// Runtime=.NET 10.0.12 (10.0.12, 10.0.1226.42308), X64 RyuJIT x86-64-v3
// GC=Concurrent Workstation
// HardwareIntrinsics=AVX2+BMI1+BMI2+F16C+FMA+LZCNT+MOVBE,AVX,SSE3+SSSE3+SSE4.1+SSE4.2+POPCNT,X86Base+SSE+SSE2,AES+PCLMUL,AvxVnni,SERIALIZE VectorSize=256
// Job: Job-JWQWGO(Toolchain=InProcessEmitToolchain)

OverheadJitting  1: 1 op, 94186.00 ns, 94.1860 us/op
WorkloadJitting  1: 1 op, 141688.00 ns, 141.6880 us/op

OverheadJitting  2: 16 op, 110811.00 ns, 6.9257 us/op
WorkloadJitting  2: 16 op, 823504.00 ns, 51.4690 us/op

WorkloadPilot    1: 16 op, 705238.00 ns, 44.0774 us/op
WorkloadPilot    2: 32 op, 1436327.00 ns, 44.8852 us/op
WorkloadPilot    3: 64 op, 2850848.00 ns, 44.5445 us/op
WorkloadPilot    4: 128 op, 5671681.00 ns, 44.3100 us/op
WorkloadPilot    5: 256 op, 11485056.00 ns, 44.8635 us/op
WorkloadPilot    6: 512 op, 22548251.00 ns, 44.0396 us/op
WorkloadPilot    7: 1024 op, 44918611.00 ns, 43.8658 us/op
WorkloadPilot    8: 2048 op, 89472374.00 ns, 43.6877 us/op
WorkloadPilot    9: 4096 op, 170254388.00 ns, 41.5660 us/op
WorkloadPilot   10: 8192 op, 275705098.00 ns, 33.6554 us/op
WorkloadPilot   11: 16384 op, 507797640.00 ns, 30.9935 us/op

OverheadWarmup   1: 16384 op, 22235.00 ns, 1.3571 ns/op
OverheadWarmup   2: 16384 op, 20022.00 ns, 1.2220 ns/op
OverheadWarmup   3: 16384 op, 20017.00 ns, 1.2217 ns/op
OverheadWarmup   4: 16384 op, 20035.00 ns, 1.2228 ns/op
OverheadWarmup   5: 16384 op, 20028.00 ns, 1.2224 ns/op
OverheadWarmup   6: 16384 op, 20034.00 ns, 1.2228 ns/op
OverheadWarmup   7: 16384 op, 20017.00 ns, 1.2217 ns/op

OverheadActual   1: 16384 op, 20028.00 ns, 1.2224 ns/op
OverheadActual   2: 16384 op, 20039.00 ns, 1.2231 ns/op
OverheadActual   3: 16384 op, 21055.00 ns, 1.2851 ns/op
OverheadActual   4: 16384 op, 21064.00 ns, 1.2856 ns/op
OverheadActual   5: 16384 op, 21067.00 ns, 1.2858 ns/op
OverheadActual   6: 16384 op, 21091.00 ns, 1.2873 ns/op
OverheadActual   7: 16384 op, 21072.00 ns, 1.2861 ns/op
OverheadActual   8: 16384 op, 21058.00 ns, 1.2853 ns/op
OverheadActual   9: 16384 op, 21059.00 ns, 1.2853 ns/op
OverheadActual  10: 16384 op, 21071.00 ns, 1.2861 ns/op
OverheadActual  11: 16384 op, 21085.00 ns, 1.2869 ns/op
OverheadActual  12: 16384 op, 21077.00 ns, 1.2864 ns/op
OverheadActual  13: 16384 op, 21069.00 ns, 1.2859 ns/op
OverheadActual  14: 16384 op, 21065.00 ns, 1.2857 ns/op
OverheadActual  15: 16384 op, 21076.00 ns, 1.2864 ns/op

WorkloadWarmup   1: 16384 op, 507774025.00 ns, 30.9921 us/op
WorkloadWarmup   2: 16384 op, 507651919.00 ns, 30.9846 us/op
WorkloadWarmup   3: 16384 op, 508379515.00 ns, 31.0290 us/op
WorkloadWarmup   4: 16384 op, 529111198.00 ns, 32.2944 us/op
WorkloadWarmup   5: 16384 op, 507750371.00 ns, 30.9906 us/op
WorkloadWarmup   6: 16384 op, 544451840.00 ns, 33.2307 us/op
WorkloadWarmup   7: 16384 op, 567911184.00 ns, 34.6625 us/op
WorkloadWarmup   8: 16384 op, 553553117.00 ns, 33.7862 us/op

WorkloadActual   1: 16384 op, 542442036.00 ns, 33.1080 us/op
WorkloadActual   2: 16384 op, 508095595.00 ns, 31.0117 us/op
WorkloadActual   3: 16384 op, 507956769.00 ns, 31.0032 us/op
WorkloadActual   4: 16384 op, 507594946.00 ns, 30.9811 us/op
WorkloadActual   5: 16384 op, 543630331.00 ns, 33.1806 us/op
WorkloadActual   6: 16384 op, 572976486.00 ns, 34.9717 us/op
WorkloadActual   7: 16384 op, 524528898.00 ns, 32.0147 us/op
WorkloadActual   8: 16384 op, 528629960.00 ns, 32.2650 us/op
WorkloadActual   9: 16384 op, 514708464.00 ns, 31.4153 us/op
WorkloadActual  10: 16384 op, 563257825.00 ns, 34.3785 us/op
WorkloadActual  11: 16384 op, 507327504.00 ns, 30.9648 us/op
WorkloadActual  12: 16384 op, 507259115.00 ns, 30.9606 us/op
WorkloadActual  13: 16384 op, 507349433.00 ns, 30.9662 us/op
WorkloadActual  14: 16384 op, 507844674.00 ns, 30.9964 us/op
WorkloadActual  15: 16384 op, 507276018.00 ns, 30.9617 us/op
WorkloadActual  16: 16384 op, 537539769.00 ns, 32.8088 us/op
WorkloadActual  17: 16384 op, 507773874.00 ns, 30.9921 us/op
WorkloadActual  18: 16384 op, 507861579.00 ns, 30.9974 us/op
WorkloadActual  19: 16384 op, 507719087.00 ns, 30.9887 us/op
WorkloadActual  20: 16384 op, 571584704.00 ns, 34.8868 us/op
WorkloadActual  21: 16384 op, 525656989.00 ns, 32.0836 us/op
WorkloadActual  22: 16384 op, 571905917.00 ns, 34.9064 us/op
WorkloadActual  23: 16384 op, 508747606.00 ns, 31.0515 us/op
WorkloadActual  24: 16384 op, 506962932.00 ns, 30.9426 us/op
WorkloadActual  25: 16384 op, 507458693.00 ns, 30.9728 us/op
WorkloadActual  26: 16384 op, 562668578.00 ns, 34.3426 us/op
WorkloadActual  27: 16384 op, 530866430.00 ns, 32.4015 us/op
WorkloadActual  28: 16384 op, 572117577.00 ns, 34.9193 us/op
WorkloadActual  29: 16384 op, 513218484.00 ns, 31.3244 us/op
WorkloadActual  30: 16384 op, 562781504.00 ns, 34.3495 us/op
WorkloadActual  31: 16384 op, 555267760.00 ns, 33.8909 us/op
WorkloadActual  32: 16384 op, 573047032.00 ns, 34.9760 us/op
WorkloadActual  33: 16384 op, 571967117.00 ns, 34.9101 us/op
WorkloadActual  34: 16384 op, 573052026.00 ns, 34.9763 us/op
WorkloadActual  35: 16384 op, 572094883.00 ns, 34.9179 us/op
WorkloadActual  36: 16384 op, 526885279.00 ns, 32.1585 us/op
WorkloadActual  37: 16384 op, 572468996.00 ns, 34.9407 us/op
WorkloadActual  38: 16384 op, 549750129.00 ns, 33.5541 us/op
WorkloadActual  39: 16384 op, 571942997.00 ns, 34.9086 us/op
WorkloadActual  40: 16384 op, 530254946.00 ns, 32.3642 us/op
WorkloadActual  41: 16384 op, 507462429.00 ns, 30.9730 us/op
WorkloadActual  42: 16384 op, 552377485.00 ns, 33.7144 us/op
WorkloadActual  43: 16384 op, 507524095.00 ns, 30.9768 us/op
WorkloadActual  44: 16384 op, 506847176.00 ns, 30.9355 us/op
WorkloadActual  45: 16384 op, 507733106.00 ns, 30.9896 us/op
WorkloadActual  46: 16384 op, 507102291.00 ns, 30.9511 us/op
WorkloadActual  47: 16384 op, 507641802.00 ns, 30.9840 us/op
WorkloadActual  48: 16384 op, 507189976.00 ns, 30.9564 us/op
WorkloadActual  49: 16384 op, 507479599.00 ns, 30.9741 us/op
WorkloadActual  50: 16384 op, 507630001.00 ns, 30.9833 us/op
WorkloadActual  51: 16384 op, 507868689.00 ns, 30.9978 us/op
WorkloadActual  52: 16384 op, 508641549.00 ns, 31.0450 us/op
WorkloadActual  53: 16384 op, 507202466.00 ns, 30.9572 us/op
WorkloadActual  54: 16384 op, 507657123.00 ns, 30.9849 us/op
WorkloadActual  55: 16384 op, 507760126.00 ns, 30.9912 us/op
WorkloadActual  56: 16384 op, 507870475.00 ns, 30.9980 us/op
WorkloadActual  57: 16384 op, 507582127.00 ns, 30.9804 us/op
WorkloadActual  58: 16384 op, 507622667.00 ns, 30.9828 us/op
WorkloadActual  59: 16384 op, 507054647.00 ns, 30.9482 us/op
WorkloadActual  60: 16384 op, 507795503.00 ns, 30.9934 us/op
WorkloadActual  61: 16384 op, 507309164.00 ns, 30.9637 us/op
WorkloadActual  62: 16384 op, 507407308.00 ns, 30.9697 us/op
WorkloadActual  63: 16384 op, 507393642.00 ns, 30.9689 us/op
WorkloadActual  64: 16384 op, 507238436.00 ns, 30.9594 us/op
WorkloadActual  65: 16384 op, 526512166.00 ns, 32.1358 us/op
WorkloadActual  66: 16384 op, 571858023.00 ns, 34.9034 us/op
WorkloadActual  67: 16384 op, 509631921.00 ns, 31.1055 us/op
WorkloadActual  68: 16384 op, 507289027.00 ns, 30.9625 us/op
WorkloadActual  69: 16384 op, 507024040.00 ns, 30.9463 us/op
WorkloadActual  70: 16384 op, 517378987.00 ns, 31.5783 us/op

WorkloadResult   1: 16384 op, 542420969.00 ns, 33.1067 us/op
WorkloadResult   2: 16384 op, 508074528.00 ns, 31.0104 us/op
WorkloadResult   3: 16384 op, 507935702.00 ns, 31.0019 us/op
WorkloadResult   4: 16384 op, 507573879.00 ns, 30.9799 us/op
WorkloadResult   5: 16384 op, 543609264.00 ns, 33.1793 us/op
WorkloadResult   6: 16384 op, 572955419.00 ns, 34.9704 us/op
WorkloadResult   7: 16384 op, 524507831.00 ns, 32.0134 us/op
WorkloadResult   8: 16384 op, 528608893.00 ns, 32.2637 us/op
WorkloadResult   9: 16384 op, 514687397.00 ns, 31.4140 us/op
WorkloadResult  10: 16384 op, 563236758.00 ns, 34.3772 us/op
WorkloadResult  11: 16384 op, 507306437.00 ns, 30.9635 us/op
WorkloadResult  12: 16384 op, 507238048.00 ns, 30.9594 us/op
WorkloadResult  13: 16384 op, 507328366.00 ns, 30.9649 us/op
WorkloadResult  14: 16384 op, 507823607.00 ns, 30.9951 us/op
WorkloadResult  15: 16384 op, 507254951.00 ns, 30.9604 us/op
WorkloadResult  16: 16384 op, 537518702.00 ns, 32.8075 us/op
WorkloadResult  17: 16384 op, 507752807.00 ns, 30.9908 us/op
WorkloadResult  18: 16384 op, 507840512.00 ns, 30.9961 us/op
WorkloadResult  19: 16384 op, 507698020.00 ns, 30.9874 us/op
WorkloadResult  20: 16384 op, 571563637.00 ns, 34.8855 us/op
WorkloadResult  21: 16384 op, 525635922.00 ns, 32.0823 us/op
WorkloadResult  22: 16384 op, 571884850.00 ns, 34.9051 us/op
WorkloadResult  23: 16384 op, 508726539.00 ns, 31.0502 us/op
WorkloadResult  24: 16384 op, 506941865.00 ns, 30.9413 us/op
WorkloadResult  25: 16384 op, 507437626.00 ns, 30.9715 us/op
WorkloadResult  26: 16384 op, 562647511.00 ns, 34.3413 us/op
WorkloadResult  27: 16384 op, 530845363.00 ns, 32.4002 us/op
WorkloadResult  28: 16384 op, 572096510.00 ns, 34.9180 us/op
WorkloadResult  29: 16384 op, 513197417.00 ns, 31.3231 us/op
WorkloadResult  30: 16384 op, 562760437.00 ns, 34.3482 us/op
WorkloadResult  31: 16384 op, 555246693.00 ns, 33.8896 us/op
WorkloadResult  32: 16384 op, 573025965.00 ns, 34.9747 us/op
WorkloadResult  33: 16384 op, 571946050.00 ns, 34.9088 us/op
WorkloadResult  34: 16384 op, 573030959.00 ns, 34.9750 us/op
WorkloadResult  35: 16384 op, 572073816.00 ns, 34.9166 us/op
WorkloadResult  36: 16384 op, 526864212.00 ns, 32.1572 us/op
WorkloadResult  37: 16384 op, 572447929.00 ns, 34.9394 us/op
WorkloadResult  38: 16384 op, 549729062.00 ns, 33.5528 us/op
WorkloadResult  39: 16384 op, 571921930.00 ns, 34.9073 us/op
WorkloadResult  40: 16384 op, 530233879.00 ns, 32.3629 us/op
WorkloadResult  41: 16384 op, 507441362.00 ns, 30.9718 us/op
WorkloadResult  42: 16384 op, 552356418.00 ns, 33.7132 us/op
WorkloadResult  43: 16384 op, 507503028.00 ns, 30.9755 us/op
WorkloadResult  44: 16384 op, 506826109.00 ns, 30.9342 us/op
WorkloadResult  45: 16384 op, 507712039.00 ns, 30.9883 us/op
WorkloadResult  46: 16384 op, 507081224.00 ns, 30.9498 us/op
WorkloadResult  47: 16384 op, 507620735.00 ns, 30.9827 us/op
WorkloadResult  48: 16384 op, 507168909.00 ns, 30.9551 us/op
WorkloadResult  49: 16384 op, 507458532.00 ns, 30.9728 us/op
WorkloadResult  50: 16384 op, 507608934.00 ns, 30.9820 us/op
WorkloadResult  51: 16384 op, 507847622.00 ns, 30.9966 us/op
WorkloadResult  52: 16384 op, 508620482.00 ns, 31.0437 us/op
WorkloadResult  53: 16384 op, 507181399.00 ns, 30.9559 us/op
WorkloadResult  54: 16384 op, 507636056.00 ns, 30.9836 us/op
WorkloadResult  55: 16384 op, 507739059.00 ns, 30.9899 us/op
WorkloadResult  56: 16384 op, 507849408.00 ns, 30.9967 us/op
WorkloadResult  57: 16384 op, 507561060.00 ns, 30.9791 us/op
WorkloadResult  58: 16384 op, 507601600.00 ns, 30.9815 us/op
WorkloadResult  59: 16384 op, 507033580.00 ns, 30.9469 us/op
WorkloadResult  60: 16384 op, 507774436.00 ns, 30.9921 us/op
WorkloadResult  61: 16384 op, 507288097.00 ns, 30.9624 us/op
WorkloadResult  62: 16384 op, 507386241.00 ns, 30.9684 us/op
WorkloadResult  63: 16384 op, 507372575.00 ns, 30.9676 us/op
WorkloadResult  64: 16384 op, 507217369.00 ns, 30.9581 us/op
WorkloadResult  65: 16384 op, 526491099.00 ns, 32.1345 us/op
WorkloadResult  66: 16384 op, 571836956.00 ns, 34.9022 us/op
WorkloadResult  67: 16384 op, 509610854.00 ns, 31.1042 us/op
WorkloadResult  68: 16384 op, 507267960.00 ns, 30.9612 us/op
WorkloadResult  69: 16384 op, 507002973.00 ns, 30.9450 us/op
WorkloadResult  70: 16384 op, 517357920.00 ns, 31.5770 us/op
// GC:  0 0 0 4656 16384
// Threading:  0 0 16384


Mean = 32.092 μs, StdErr = 0.185 μs (0.58%), N = 70, StdDev = 1.549 μs
Min = 30.934 μs, Q1 = 30.972 μs, Median = 30.999 μs, Q3 = 33.161 μs, Max = 34.975 μs
IQR = 2.189 μs, LowerFence = 27.688 μs, UpperFence = 36.445 μs
ConfidenceInterval = [31.456 μs; 32.729 μs] (CI 99.9%), Margin = 0.636 μs (1.98% of Mean)
Skewness = 0.94, Kurtosis = 2.18, MValue = 2.42

// ** Remained 8 (57.1 %) benchmark(s) to run. Estimated finish 2026-09-18 4:02 (0h 2m from now) **
// **************************
// Benchmark: PairHandleBenchmarks.Advance: Job-TZECNT(IterationCount=16, IterationTime=200ms, WarmupCount=8) [Shape=PairAlternating8]
// *** Execute ***
// Launch: 1 / 1
// Execute: dotnet PairHandles-Job-TZECNT-1.dll --anonymousPipes 118 119 --benchmarkName "Tl.PairHandlesProbe.PairHandleBenchmarks.Advance(Shape: PairAlternating8)" --job "IterationCount=16, IterationTime=200ms, WarmupCount=8" --benchmarkId 3 in /home/i/GitHub/tl-174-one-api/benchmarks/PairHandles/bin/Release/net10.0/PairHandles-Job-TZECNT-1/bin/Release/net10.0
// Failed to set up high priority (Permission denied). In order to run benchmarks with high priority, make sure you have the right permissions.
// BeforeAnythingElse

// Benchmark Process Environment Information:
// BenchmarkDotNet v0.15.8
// Runtime=.NET 10.0.12 (10.0.12, 10.0.1226.42308), X64 RyuJIT x86-64-v3
// GC=Concurrent Workstation
// HardwareIntrinsics=AVX2+BMI1+BMI2+F16C+FMA+LZCNT+MOVBE,AVX,SSE3+SSSE3+SSE4.1+SSE4.2+POPCNT,X86Base+SSE+SSE2,AES+PCLMUL,AvxVnni,SERIALIZE VectorSize=256
// Job: Job-TZECNT(IterationCount=16, IterationTime=200ms, WarmupCount=8)

OverheadJitting  1: 1 op, 73577.00 ns, 73.5770 us/op
WorkloadJitting  1: 1 op, 2676564.00 ns, 2.6766 ms/op

OverheadJitting  2: 16 op, 97315.00 ns, 6.0822 us/op
WorkloadJitting  2: 16 op, 2752641.00 ns, 172.0401 us/op

WorkloadPilot    1: 16 op, 2331279.00 ns, 145.7049 us/op
WorkloadPilot    2: 1376 op, 161924081.00 ns, 117.6774 us/op
WorkloadPilot    3: 1712 op, 137291460.00 ns, 80.1936 us/op
WorkloadPilot    4: 2496 op, 185430946.00 ns, 74.2912 us/op
WorkloadPilot    5: 2704 op, 206038305.00 ns, 76.1976 us/op
WorkloadPilot    6: 2640 op, 194638444.00 ns, 73.7267 us/op
WorkloadPilot    7: 2720 op, 202356970.00 ns, 74.3959 us/op
WorkloadPilot    8: 2688 op, 199142757.00 ns, 74.0858 us/op
WorkloadPilot    9: 2704 op, 204636228.00 ns, 75.6791 us/op

OverheadWarmup   1: 2704 op, 5533.00 ns, 2.0462 ns/op
OverheadWarmup   2: 2704 op, 5194.00 ns, 1.9209 ns/op
OverheadWarmup   3: 2704 op, 4945.00 ns, 1.8288 ns/op
OverheadWarmup   4: 2704 op, 5160.00 ns, 1.9083 ns/op
OverheadWarmup   5: 2704 op, 5117.00 ns, 1.8924 ns/op
OverheadWarmup   6: 2704 op, 5194.00 ns, 1.9209 ns/op
OverheadWarmup   7: 2704 op, 5130.00 ns, 1.8972 ns/op

OverheadActual   1: 2704 op, 4941.00 ns, 1.8273 ns/op
OverheadActual   2: 2704 op, 5218.00 ns, 1.9297 ns/op
OverheadActual   3: 2704 op, 5209.00 ns, 1.9264 ns/op
OverheadActual   4: 2704 op, 5134.00 ns, 1.8987 ns/op
OverheadActual   5: 2704 op, 5152.00 ns, 1.9053 ns/op
OverheadActual   6: 2704 op, 5041.00 ns, 1.8643 ns/op
OverheadActual   7: 2704 op, 5024.00 ns, 1.8580 ns/op
OverheadActual   8: 2704 op, 5001.00 ns, 1.8495 ns/op
OverheadActual   9: 2704 op, 5026.00 ns, 1.8587 ns/op
OverheadActual  10: 2704 op, 5009.00 ns, 1.8524 ns/op
OverheadActual  11: 2704 op, 4994.00 ns, 1.8469 ns/op
OverheadActual  12: 2704 op, 5014.00 ns, 1.8543 ns/op
OverheadActual  13: 2704 op, 5009.00 ns, 1.8524 ns/op
OverheadActual  14: 2704 op, 5023.00 ns, 1.8576 ns/op
OverheadActual  15: 2704 op, 5029.00 ns, 1.8598 ns/op

WorkloadWarmup   1: 2704 op, 203725350.00 ns, 75.3422 us/op
WorkloadWarmup   2: 2704 op, 216179032.00 ns, 79.9479 us/op
WorkloadWarmup   3: 2704 op, 216308061.00 ns, 79.9956 us/op
WorkloadWarmup   4: 2704 op, 201542141.00 ns, 74.5348 us/op
WorkloadWarmup   5: 2704 op, 208284244.00 ns, 77.0282 us/op
WorkloadWarmup   6: 2704 op, 216185730.00 ns, 79.9503 us/op
WorkloadWarmup   7: 2704 op, 216412349.00 ns, 80.0342 us/op
WorkloadWarmup   8: 2704 op, 216727714.00 ns, 80.1508 us/op

// BeforeActualRun
WorkloadActual   1: 2704 op, 216515136.00 ns, 80.0722 us/op
WorkloadActual   2: 2704 op, 216279641.00 ns, 79.9851 us/op
WorkloadActual   3: 2704 op, 216384365.00 ns, 80.0238 us/op
WorkloadActual   4: 2704 op, 217634732.00 ns, 80.4862 us/op
WorkloadActual   5: 2704 op, 217443604.00 ns, 80.4155 us/op
WorkloadActual   6: 2704 op, 200127026.00 ns, 74.0115 us/op
WorkloadActual   7: 2704 op, 216360594.00 ns, 80.0150 us/op
WorkloadActual   8: 2704 op, 216239964.00 ns, 79.9704 us/op
WorkloadActual   9: 2704 op, 216049297.00 ns, 79.8999 us/op
WorkloadActual  10: 2704 op, 218053956.00 ns, 80.6413 us/op
WorkloadActual  11: 2704 op, 216081463.00 ns, 79.9118 us/op
WorkloadActual  12: 2704 op, 216107906.00 ns, 79.9216 us/op
WorkloadActual  13: 2704 op, 216800310.00 ns, 80.1776 us/op
WorkloadActual  14: 2704 op, 199731590.00 ns, 73.8652 us/op
WorkloadActual  15: 2704 op, 216086485.00 ns, 79.9136 us/op
WorkloadActual  16: 2704 op, 207414202.00 ns, 76.7064 us/op

// AfterActualRun
WorkloadResult   1: 2704 op, 216510112.00 ns, 80.0703 us/op
WorkloadResult   2: 2704 op, 216274617.00 ns, 79.9832 us/op
WorkloadResult   3: 2704 op, 216379341.00 ns, 80.0219 us/op
WorkloadResult   4: 2704 op, 200122002.00 ns, 74.0096 us/op
WorkloadResult   5: 2704 op, 216355570.00 ns, 80.0132 us/op
WorkloadResult   6: 2704 op, 216234940.00 ns, 79.9685 us/op
WorkloadResult   7: 2704 op, 216044273.00 ns, 79.8980 us/op
WorkloadResult   8: 2704 op, 216076439.00 ns, 79.9099 us/op
WorkloadResult   9: 2704 op, 216102882.00 ns, 79.9197 us/op
WorkloadResult  10: 2704 op, 216795286.00 ns, 80.1758 us/op
WorkloadResult  11: 2704 op, 199726566.00 ns, 73.8634 us/op
WorkloadResult  12: 2704 op, 216081461.00 ns, 79.9118 us/op
WorkloadResult  13: 2704 op, 207409178.00 ns, 76.7046 us/op
// GC:  0 0 0 0 2704
// Threading:  0 0 2704

// AfterAll
// Benchmark Process 65210 has exited with code 0.

Mean = 78.804 μs, StdErr = 0.650 μs (0.82%), N = 13, StdDev = 2.343 μs
Min = 73.863 μs, Q1 = 79.898 μs, Median = 79.920 μs, Q3 = 80.013 μs, Max = 80.176 μs
IQR = 0.115 μs, LowerFence = 79.725 μs, UpperFence = 80.186 μs
ConfidenceInterval = [75.998 μs; 81.610 μs] (CI 99.9%), Margin = 2.806 μs (3.56% of Mean)
Skewness = -1.34, Kurtosis = 2.97, MValue = 2

// ** Remained 7 (50.0 %) benchmark(s) to run. Estimated finish 2026-09-18 4:02 (0h 1m from now) **
// **************************
// Benchmark: PairHandleBenchmarks.Advance: InProcess(Toolchain=InProcessEmitToolchain) [Shape=PairAlternating8]
// *** Execute ***
// Launch: 1 / 1
// ! Failed to set up priority High for process System.Diagnostics.Process (PairHandles). Make sure you have the right permissions. Message: Permission denied

// Benchmark Process Environment Information:
// BenchmarkDotNet v0.15.8
// Runtime=.NET 10.0.12 (10.0.12, 10.0.1226.42308), X64 RyuJIT x86-64-v3
// GC=Concurrent Workstation
// HardwareIntrinsics=AVX2+BMI1+BMI2+F16C+FMA+LZCNT+MOVBE,AVX,SSE3+SSSE3+SSE4.1+SSE4.2+POPCNT,X86Base+SSE+SSE2,AES+PCLMUL,AvxVnni,SERIALIZE VectorSize=256
// Job: Job-JWQWGO(Toolchain=InProcessEmitToolchain)

OverheadJitting  1: 1 op, 125173.00 ns, 125.1730 us/op
WorkloadJitting  1: 1 op, 252057.00 ns, 252.0570 us/op

OverheadJitting  2: 16 op, 145085.00 ns, 9.0678 us/op
WorkloadJitting  2: 16 op, 2135892.00 ns, 133.4933 us/op

WorkloadPilot    1: 16 op, 1980364.00 ns, 123.7728 us/op
WorkloadPilot    2: 32 op, 3950938.00 ns, 123.4668 us/op
WorkloadPilot    3: 64 op, 7926772.00 ns, 123.8558 us/op
WorkloadPilot    4: 128 op, 11537796.00 ns, 90.1390 us/op
WorkloadPilot    5: 256 op, 19416347.00 ns, 75.8451 us/op
WorkloadPilot    6: 512 op, 37904151.00 ns, 74.0315 us/op
WorkloadPilot    7: 1024 op, 76307248.00 ns, 74.5188 us/op
WorkloadPilot    8: 2048 op, 152507140.00 ns, 74.4664 us/op
WorkloadPilot    9: 4096 op, 320951258.00 ns, 78.3572 us/op
WorkloadPilot   10: 8192 op, 648275331.00 ns, 79.1352 us/op

OverheadWarmup   1: 8192 op, 11801.00 ns, 1.4406 ns/op
OverheadWarmup   2: 8192 op, 10227.00 ns, 1.2484 ns/op
OverheadWarmup   3: 8192 op, 10097.00 ns, 1.2325 ns/op
OverheadWarmup   4: 8192 op, 10230.00 ns, 1.2488 ns/op
OverheadWarmup   5: 8192 op, 10252.00 ns, 1.2515 ns/op
OverheadWarmup   6: 8192 op, 10088.00 ns, 1.2314 ns/op
OverheadWarmup   7: 8192 op, 10056.00 ns, 1.2275 ns/op
OverheadWarmup   8: 8192 op, 10209.00 ns, 1.2462 ns/op
OverheadWarmup   9: 8192 op, 10210.00 ns, 1.2463 ns/op
OverheadWarmup  10: 8192 op, 10218.00 ns, 1.2473 ns/op

OverheadActual   1: 8192 op, 10235.00 ns, 1.2494 ns/op
OverheadActual   2: 8192 op, 10235.00 ns, 1.2494 ns/op
OverheadActual   3: 8192 op, 10059.00 ns, 1.2279 ns/op
OverheadActual   4: 8192 op, 10064.00 ns, 1.2285 ns/op
OverheadActual   5: 8192 op, 10247.00 ns, 1.2509 ns/op
OverheadActual   6: 8192 op, 10252.00 ns, 1.2515 ns/op
OverheadActual   7: 8192 op, 10246.00 ns, 1.2507 ns/op
OverheadActual   8: 8192 op, 10222.00 ns, 1.2478 ns/op
OverheadActual   9: 8192 op, 10582.00 ns, 1.2917 ns/op
OverheadActual  10: 8192 op, 10843.00 ns, 1.3236 ns/op
OverheadActual  11: 8192 op, 11770.00 ns, 1.4368 ns/op
OverheadActual  12: 8192 op, 16008.00 ns, 1.9541 ns/op
OverheadActual  13: 8192 op, 16012.00 ns, 1.9546 ns/op
OverheadActual  14: 8192 op, 10791.00 ns, 1.3173 ns/op
OverheadActual  15: 8192 op, 10590.00 ns, 1.2927 ns/op

WorkloadWarmup   1: 8192 op, 648066655.00 ns, 79.1097 us/op
WorkloadWarmup   2: 8192 op, 623742445.00 ns, 76.1404 us/op
WorkloadWarmup   3: 8192 op, 632807234.00 ns, 77.2470 us/op
WorkloadWarmup   4: 8192 op, 612324532.00 ns, 74.7466 us/op
WorkloadWarmup   5: 8192 op, 650762863.00 ns, 79.4388 us/op
WorkloadWarmup   6: 8192 op, 650147856.00 ns, 79.3638 us/op

WorkloadActual   1: 8192 op, 651966919.00 ns, 79.5858 us/op
WorkloadActual   2: 8192 op, 648981426.00 ns, 79.2214 us/op
WorkloadActual   3: 8192 op, 648118864.00 ns, 79.1161 us/op
WorkloadActual   4: 8192 op, 649226802.00 ns, 79.2513 us/op
WorkloadActual   5: 8192 op, 648729557.00 ns, 79.1906 us/op
WorkloadActual   6: 8192 op, 648187097.00 ns, 79.1244 us/op
WorkloadActual   7: 8192 op, 649082050.00 ns, 79.2336 us/op
WorkloadActual   8: 8192 op, 650240094.00 ns, 79.3750 us/op
WorkloadActual   9: 8192 op, 648949492.00 ns, 79.2175 us/op
WorkloadActual  10: 8192 op, 631772972.00 ns, 77.1207 us/op
WorkloadActual  11: 8192 op, 624913902.00 ns, 76.2834 us/op
WorkloadActual  12: 8192 op, 649628470.00 ns, 79.3004 us/op
WorkloadActual  13: 8192 op, 651772743.00 ns, 79.5621 us/op
WorkloadActual  14: 8192 op, 648046848.00 ns, 79.1073 us/op
WorkloadActual  15: 8192 op, 609018708.00 ns, 74.3431 us/op
WorkloadActual  16: 8192 op, 607127708.00 ns, 74.1123 us/op
WorkloadActual  17: 8192 op, 641017031.00 ns, 78.2491 us/op
WorkloadActual  18: 8192 op, 620043402.00 ns, 75.6889 us/op
WorkloadActual  19: 8192 op, 652631140.00 ns, 79.6669 us/op
WorkloadActual  20: 8192 op, 648403526.00 ns, 79.1508 us/op

WorkloadResult   1: 8192 op, 651956667.00 ns, 79.5846 us/op
WorkloadResult   2: 8192 op, 648971174.00 ns, 79.2201 us/op
WorkloadResult   3: 8192 op, 648108612.00 ns, 79.1148 us/op
WorkloadResult   4: 8192 op, 649216550.00 ns, 79.2501 us/op
WorkloadResult   5: 8192 op, 648719305.00 ns, 79.1894 us/op
WorkloadResult   6: 8192 op, 648176845.00 ns, 79.1232 us/op
WorkloadResult   7: 8192 op, 649071798.00 ns, 79.2324 us/op
WorkloadResult   8: 8192 op, 650229842.00 ns, 79.3738 us/op
WorkloadResult   9: 8192 op, 648939240.00 ns, 79.2162 us/op
WorkloadResult  10: 8192 op, 631762720.00 ns, 77.1195 us/op
WorkloadResult  11: 8192 op, 624903650.00 ns, 76.2822 us/op
WorkloadResult  12: 8192 op, 649618218.00 ns, 79.2991 us/op
WorkloadResult  13: 8192 op, 651762491.00 ns, 79.5609 us/op
WorkloadResult  14: 8192 op, 648036596.00 ns, 79.1060 us/op
WorkloadResult  15: 8192 op, 609008456.00 ns, 74.3419 us/op
WorkloadResult  16: 8192 op, 607117456.00 ns, 74.1110 us/op
WorkloadResult  17: 8192 op, 641006779.00 ns, 78.2479 us/op
WorkloadResult  18: 8192 op, 620033150.00 ns, 75.6876 us/op
WorkloadResult  19: 8192 op, 652620888.00 ns, 79.6656 us/op
WorkloadResult  20: 8192 op, 648393274.00 ns, 79.1496 us/op
// GC:  0 0 0 4656 8192
// Threading:  0 0 8192


Mean = 78.294 μs, StdErr = 0.396 μs (0.51%), N = 20, StdDev = 1.773 μs
Min = 74.111 μs, Q1 = 77.966 μs, Median = 79.169 μs, Q3 = 79.262 μs, Max = 79.666 μs
IQR = 1.297 μs, LowerFence = 76.021 μs, UpperFence = 81.207 μs
ConfidenceInterval = [76.754 μs; 79.833 μs] (CI 99.9%), Margin = 1.540 μs (1.97% of Mean)
Skewness = -1.32, Kurtosis = 3.19, MValue = 2

// ** Remained 6 (42.9 %) benchmark(s) to run. Estimated finish 2026-09-18 4:02 (0h 1m from now) **
// **************************
// Benchmark: PairHandleBenchmarks.Advance: Job-TZECNT(IterationCount=16, IterationTime=200ms, WarmupCount=8) [Shape=PairRuns8Waves]
// *** Execute ***
// Launch: 1 / 1
// Execute: dotnet PairHandles-Job-TZECNT-1.dll --anonymousPipes 118 119 --benchmarkName "Tl.PairHandlesProbe.PairHandleBenchmarks.Advance(Shape: PairRuns8Waves)" --job "IterationCount=16, IterationTime=200ms, WarmupCount=8" --benchmarkId 4 in /home/i/GitHub/tl-174-one-api/benchmarks/PairHandles/bin/Release/net10.0/PairHandles-Job-TZECNT-1/bin/Release/net10.0
// Failed to set up high priority (Permission denied). In order to run benchmarks with high priority, make sure you have the right permissions.
// BeforeAnythingElse

// Benchmark Process Environment Information:
// BenchmarkDotNet v0.15.8
// Runtime=.NET 10.0.12 (10.0.12, 10.0.1226.42308), X64 RyuJIT x86-64-v3
// GC=Concurrent Workstation
// HardwareIntrinsics=AVX2+BMI1+BMI2+F16C+FMA+LZCNT+MOVBE,AVX,SSE3+SSSE3+SSE4.1+SSE4.2+POPCNT,X86Base+SSE+SSE2,AES+PCLMUL,AvxVnni,SERIALIZE VectorSize=256
// Job: Job-TZECNT(IterationCount=16, IterationTime=200ms, WarmupCount=8)

OverheadJitting  1: 1 op, 73502.00 ns, 73.5020 us/op
WorkloadJitting  1: 1 op, 4148549.00 ns, 4.1485 ms/op

OverheadJitting  2: 16 op, 92468.00 ns, 5.7793 us/op
WorkloadJitting  2: 16 op, 3751413.00 ns, 234.4633 us/op

WorkloadPilot    1: 16 op, 2933229.00 ns, 183.3268 us/op
WorkloadPilot    2: 1104 op, 132973890.00 ns, 120.4474 us/op
WorkloadPilot    3: 1664 op, 28288792.00 ns, 17.0005 us/op
WorkloadPilot    4: 11776 op, 187320403.00 ns, 15.9070 us/op
WorkloadPilot    5: 12576 op, 199999939.00 ns, 15.9033 us/op

OverheadWarmup   1: 12576 op, 22684.00 ns, 1.8038 ns/op
OverheadWarmup   2: 12576 op, 22222.00 ns, 1.7670 ns/op
OverheadWarmup   3: 12576 op, 27089.00 ns, 2.1540 ns/op
OverheadWarmup   4: 12576 op, 22812.00 ns, 1.8139 ns/op
OverheadWarmup   5: 12576 op, 23012.00 ns, 1.8298 ns/op
OverheadWarmup   6: 12576 op, 23028.00 ns, 1.8311 ns/op
OverheadWarmup   7: 12576 op, 22817.00 ns, 1.8143 ns/op

OverheadActual   1: 12576 op, 21949.00 ns, 1.7453 ns/op
OverheadActual   2: 12576 op, 21944.00 ns, 1.7449 ns/op
OverheadActual   3: 12576 op, 21968.00 ns, 1.7468 ns/op
OverheadActual   4: 12576 op, 23061.00 ns, 1.8337 ns/op
OverheadActual   5: 12576 op, 23016.00 ns, 1.8302 ns/op
OverheadActual   6: 12576 op, 22896.00 ns, 1.8206 ns/op
OverheadActual   7: 12576 op, 22860.00 ns, 1.8177 ns/op
OverheadActual   8: 12576 op, 22854.00 ns, 1.8173 ns/op
OverheadActual   9: 12576 op, 22987.00 ns, 1.8278 ns/op
OverheadActual  10: 12576 op, 22814.00 ns, 1.8141 ns/op
OverheadActual  11: 12576 op, 22843.00 ns, 1.8164 ns/op
OverheadActual  12: 12576 op, 22836.00 ns, 1.8158 ns/op
OverheadActual  13: 12576 op, 22837.00 ns, 1.8159 ns/op
OverheadActual  14: 12576 op, 22911.00 ns, 1.8218 ns/op
OverheadActual  15: 12576 op, 22836.00 ns, 1.8158 ns/op

WorkloadWarmup   1: 12576 op, 218694118.00 ns, 17.3898 us/op
WorkloadWarmup   2: 12576 op, 213497735.00 ns, 16.9766 us/op
WorkloadWarmup   3: 12576 op, 212847418.00 ns, 16.9249 us/op
WorkloadWarmup   4: 12576 op, 206551309.00 ns, 16.4242 us/op
WorkloadWarmup   5: 12576 op, 214856550.00 ns, 17.0846 us/op
WorkloadWarmup   6: 12576 op, 214331965.00 ns, 17.0429 us/op
WorkloadWarmup   7: 12576 op, 202557681.00 ns, 16.1067 us/op
WorkloadWarmup   8: 12576 op, 214278431.00 ns, 17.0387 us/op

// BeforeActualRun
WorkloadActual   1: 12576 op, 208114872.00 ns, 16.5486 us/op
WorkloadActual   2: 12576 op, 202238275.00 ns, 16.0813 us/op
WorkloadActual   3: 12576 op, 200721429.00 ns, 15.9607 us/op
WorkloadActual   4: 12576 op, 202231234.00 ns, 16.0807 us/op
WorkloadActual   5: 12576 op, 200710827.00 ns, 15.9598 us/op
WorkloadActual   6: 12576 op, 201194833.00 ns, 15.9983 us/op
WorkloadActual   7: 12576 op, 203369900.00 ns, 16.1713 us/op
WorkloadActual   8: 12576 op, 200258018.00 ns, 15.9238 us/op
WorkloadActual   9: 12576 op, 202383485.00 ns, 16.0928 us/op
WorkloadActual  10: 12576 op, 202015618.00 ns, 16.0636 us/op
WorkloadActual  11: 12576 op, 202060566.00 ns, 16.0672 us/op
WorkloadActual  12: 12576 op, 215172031.00 ns, 17.1097 us/op
WorkloadActual  13: 12576 op, 212174882.00 ns, 16.8714 us/op
WorkloadActual  14: 12576 op, 211475653.00 ns, 16.8158 us/op
WorkloadActual  15: 12576 op, 203398285.00 ns, 16.1735 us/op
WorkloadActual  16: 12576 op, 217349381.00 ns, 17.2829 us/op

// AfterActualRun
WorkloadResult   1: 12576 op, 208092029.00 ns, 16.5468 us/op
WorkloadResult   2: 12576 op, 202215432.00 ns, 16.0795 us/op
WorkloadResult   3: 12576 op, 200698586.00 ns, 15.9589 us/op
WorkloadResult   4: 12576 op, 202208391.00 ns, 16.0789 us/op
WorkloadResult   5: 12576 op, 200687984.00 ns, 15.9580 us/op
WorkloadResult   6: 12576 op, 201171990.00 ns, 15.9965 us/op
WorkloadResult   7: 12576 op, 203347057.00 ns, 16.1695 us/op
WorkloadResult   8: 12576 op, 200235175.00 ns, 15.9220 us/op
WorkloadResult   9: 12576 op, 202360642.00 ns, 16.0910 us/op
WorkloadResult  10: 12576 op, 201992775.00 ns, 16.0618 us/op
WorkloadResult  11: 12576 op, 202037723.00 ns, 16.0653 us/op
WorkloadResult  12: 12576 op, 215149188.00 ns, 17.1079 us/op
WorkloadResult  13: 12576 op, 212152039.00 ns, 16.8696 us/op
WorkloadResult  14: 12576 op, 211452810.00 ns, 16.8140 us/op
WorkloadResult  15: 12576 op, 203375442.00 ns, 16.1717 us/op
WorkloadResult  16: 12576 op, 217326538.00 ns, 17.2811 us/op
// GC:  0 0 0 0 12576
// Threading:  0 0 12576

// AfterAll
// Benchmark Process 65241 has exited with code 0.

Mean = 16.323 μs, StdErr = 0.112 μs (0.69%), N = 16, StdDev = 0.448 μs
Min = 15.922 μs, Q1 = 16.045 μs, Median = 16.085 μs, Q3 = 16.614 μs, Max = 17.281 μs
IQR = 0.568 μs, LowerFence = 15.193 μs, UpperFence = 17.466 μs
ConfidenceInterval = [15.867 μs; 16.779 μs] (CI 99.9%), Margin = 0.456 μs (2.79% of Mean)
Skewness = 0.95, Kurtosis = 2.27, MValue = 2.55

// ** Remained 5 (35.7 %) benchmark(s) to run. Estimated finish 2026-09-18 4:02 (0h 1m from now) **
// **************************
// Benchmark: PairHandleBenchmarks.Advance: InProcess(Toolchain=InProcessEmitToolchain) [Shape=PairRuns8Waves]
// *** Execute ***
// Launch: 1 / 1
// ! Failed to set up priority High for process System.Diagnostics.Process (PairHandles). Make sure you have the right permissions. Message: Permission denied

// Benchmark Process Environment Information:
// BenchmarkDotNet v0.15.8
// Runtime=.NET 10.0.12 (10.0.12, 10.0.1226.42308), X64 RyuJIT x86-64-v3
// GC=Concurrent Workstation
// HardwareIntrinsics=AVX2+BMI1+BMI2+F16C+FMA+LZCNT+MOVBE,AVX,SSE3+SSSE3+SSE4.1+SSE4.2+POPCNT,X86Base+SSE+SSE2,AES+PCLMUL,AvxVnni,SERIALIZE VectorSize=256
// Job: Job-JWQWGO(Toolchain=InProcessEmitToolchain)

OverheadJitting  1: 1 op, 95797.00 ns, 95.7970 us/op
WorkloadJitting  1: 1 op, 1727036.00 ns, 1.7270 ms/op

OverheadJitting  2: 16 op, 111486.00 ns, 6.9679 us/op
WorkloadJitting  2: 16 op, 3310504.00 ns, 206.9065 us/op

WorkloadPilot    1: 16 op, 2626052.00 ns, 164.1283 us/op
WorkloadPilot    2: 32 op, 4840352.00 ns, 151.2610 us/op
WorkloadPilot    3: 64 op, 8921714.00 ns, 139.4018 us/op
WorkloadPilot    4: 128 op, 17321570.00 ns, 135.3248 us/op
WorkloadPilot    5: 256 op, 33347292.00 ns, 130.2629 us/op
WorkloadPilot    6: 512 op, 65501040.00 ns, 127.9317 us/op
WorkloadPilot    7: 1024 op, 89249590.00 ns, 87.1578 us/op
WorkloadPilot    8: 2048 op, 35027710.00 ns, 17.1034 us/op
WorkloadPilot    9: 4096 op, 69688074.00 ns, 17.0137 us/op
WorkloadPilot   10: 8192 op, 133939754.00 ns, 16.3501 us/op
WorkloadPilot   11: 16384 op, 265755943.00 ns, 16.2205 us/op
WorkloadPilot   12: 32768 op, 530874443.00 ns, 16.2010 us/op

OverheadWarmup   1: 32768 op, 43477.00 ns, 1.3268 ns/op
OverheadWarmup   2: 32768 op, 40851.00 ns, 1.2467 ns/op
OverheadWarmup   3: 32768 op, 40653.00 ns, 1.2406 ns/op
OverheadWarmup   4: 32768 op, 44220.00 ns, 1.3495 ns/op
OverheadWarmup   5: 32768 op, 40868.00 ns, 1.2472 ns/op
OverheadWarmup   6: 32768 op, 40662.00 ns, 1.2409 ns/op
OverheadWarmup   7: 32768 op, 40662.00 ns, 1.2409 ns/op
OverheadWarmup   8: 32768 op, 40672.00 ns, 1.2412 ns/op

OverheadActual   1: 32768 op, 40647.00 ns, 1.2404 ns/op
OverheadActual   2: 32768 op, 40650.00 ns, 1.2405 ns/op
OverheadActual   3: 32768 op, 40660.00 ns, 1.2408 ns/op
OverheadActual   4: 32768 op, 40674.00 ns, 1.2413 ns/op
OverheadActual   5: 32768 op, 40658.00 ns, 1.2408 ns/op
OverheadActual   6: 32768 op, 40683.00 ns, 1.2415 ns/op
OverheadActual   7: 32768 op, 40689.00 ns, 1.2417 ns/op
OverheadActual   8: 32768 op, 40665.00 ns, 1.2410 ns/op
OverheadActual   9: 32768 op, 40678.00 ns, 1.2414 ns/op
OverheadActual  10: 32768 op, 40682.00 ns, 1.2415 ns/op
OverheadActual  11: 32768 op, 40681.00 ns, 1.2415 ns/op
OverheadActual  12: 32768 op, 40678.00 ns, 1.2414 ns/op
OverheadActual  13: 32768 op, 41356.00 ns, 1.2621 ns/op
OverheadActual  14: 32768 op, 43390.00 ns, 1.3242 ns/op
OverheadActual  15: 32768 op, 42089.00 ns, 1.2845 ns/op

WorkloadWarmup   1: 32768 op, 533133622.00 ns, 16.2699 us/op
WorkloadWarmup   2: 32768 op, 529757266.00 ns, 16.1669 us/op
WorkloadWarmup   3: 32768 op, 530755323.00 ns, 16.1974 us/op
WorkloadWarmup   4: 32768 op, 547051274.00 ns, 16.6947 us/op
WorkloadWarmup   5: 32768 op, 531143612.00 ns, 16.2092 us/op
WorkloadWarmup   6: 32768 op, 529101273.00 ns, 16.1469 us/op
WorkloadWarmup   7: 32768 op, 529358614.00 ns, 16.1547 us/op
WorkloadWarmup   8: 32768 op, 524296230.00 ns, 16.0003 us/op

WorkloadActual   1: 32768 op, 545470782.00 ns, 16.6464 us/op
WorkloadActual   2: 32768 op, 546550878.00 ns, 16.6794 us/op
WorkloadActual   3: 32768 op, 540210854.00 ns, 16.4859 us/op
WorkloadActual   4: 32768 op, 522309531.00 ns, 15.9396 us/op
WorkloadActual   5: 32768 op, 526444034.00 ns, 16.0658 us/op
WorkloadActual   6: 32768 op, 522642130.00 ns, 15.9498 us/op
WorkloadActual   7: 32768 op, 547880121.00 ns, 16.7200 us/op
WorkloadActual   8: 32768 op, 540291282.00 ns, 16.4884 us/op
WorkloadActual   9: 32768 op, 536820030.00 ns, 16.3824 us/op
WorkloadActual  10: 32768 op, 542755730.00 ns, 16.5636 us/op
WorkloadActual  11: 32768 op, 545789750.00 ns, 16.6562 us/op
WorkloadActual  12: 32768 op, 529959061.00 ns, 16.1731 us/op
WorkloadActual  13: 32768 op, 543477367.00 ns, 16.5856 us/op
WorkloadActual  14: 32768 op, 533035734.00 ns, 16.2670 us/op
WorkloadActual  15: 32768 op, 528833026.00 ns, 16.1387 us/op

WorkloadResult   1: 32768 op, 545430104.00 ns, 16.6452 us/op
WorkloadResult   2: 32768 op, 546510200.00 ns, 16.6782 us/op
WorkloadResult   3: 32768 op, 540170176.00 ns, 16.4847 us/op
WorkloadResult   4: 32768 op, 522268853.00 ns, 15.9384 us/op
WorkloadResult   5: 32768 op, 526403356.00 ns, 16.0646 us/op
WorkloadResult   6: 32768 op, 522601452.00 ns, 15.9485 us/op
WorkloadResult   7: 32768 op, 547839443.00 ns, 16.7187 us/op
WorkloadResult   8: 32768 op, 540250604.00 ns, 16.4871 us/op
WorkloadResult   9: 32768 op, 536779352.00 ns, 16.3812 us/op
WorkloadResult  10: 32768 op, 542715052.00 ns, 16.5623 us/op
WorkloadResult  11: 32768 op, 545749072.00 ns, 16.6549 us/op
WorkloadResult  12: 32768 op, 529918383.00 ns, 16.1718 us/op
WorkloadResult  13: 32768 op, 543436689.00 ns, 16.5844 us/op
WorkloadResult  14: 32768 op, 532995056.00 ns, 16.2657 us/op
WorkloadResult  15: 32768 op, 528792348.00 ns, 16.1375 us/op
// GC:  0 0 0 4656 32768
// Threading:  0 0 32768


Mean = 16.382 μs, StdErr = 0.070 μs (0.43%), N = 15, StdDev = 0.273 μs
Min = 15.938 μs, Q1 = 16.155 μs, Median = 16.485 μs, Q3 = 16.615 μs, Max = 16.719 μs
IQR = 0.460 μs, LowerFence = 15.464 μs, UpperFence = 17.305 μs
ConfidenceInterval = [16.090 μs; 16.673 μs] (CI 99.9%), Margin = 0.292 μs (1.78% of Mean)
Skewness = -0.35, Kurtosis = 1.48, MValue = 2

// ** Remained 4 (28.6 %) benchmark(s) to run. Estimated finish 2026-09-18 4:02 (0h 0m from now) **
// **************************
// Benchmark: PairHandleBenchmarks.Advance: Job-TZECNT(IterationCount=16, IterationTime=200ms, WarmupCount=8) [Shape=PairBlocks8Waves]
// *** Execute ***
// Launch: 1 / 1
// Execute: dotnet PairHandles-Job-TZECNT-1.dll --anonymousPipes 118 119 --benchmarkName "Tl.PairHandlesProbe.PairHandleBenchmarks.Advance(Shape: PairBlocks8Waves)" --job "IterationCount=16, IterationTime=200ms, WarmupCount=8" --benchmarkId 5 in /home/i/GitHub/tl-174-one-api/benchmarks/PairHandles/bin/Release/net10.0/PairHandles-Job-TZECNT-1/bin/Release/net10.0
// Failed to set up high priority (Permission denied). In order to run benchmarks with high priority, make sure you have the right permissions.
// BeforeAnythingElse

// Benchmark Process Environment Information:
// BenchmarkDotNet v0.15.8
// Runtime=.NET 10.0.12 (10.0.12, 10.0.1226.42308), X64 RyuJIT x86-64-v3
// GC=Concurrent Workstation
// HardwareIntrinsics=AVX2+BMI1+BMI2+F16C+FMA+LZCNT+MOVBE,AVX,SSE3+SSSE3+SSE4.1+SSE4.2+POPCNT,X86Base+SSE+SSE2,AES+PCLMUL,AvxVnni,SERIALIZE VectorSize=256
// Job: Job-TZECNT(IterationCount=16, IterationTime=200ms, WarmupCount=8)

OverheadJitting  1: 1 op, 78014.00 ns, 78.0140 us/op
WorkloadJitting  1: 1 op, 3626095.00 ns, 3.6261 ms/op

OverheadJitting  2: 16 op, 91835.00 ns, 5.7397 us/op
WorkloadJitting  2: 16 op, 3914448.00 ns, 244.6530 us/op

WorkloadPilot    1: 16 op, 3288840.00 ns, 205.5525 us/op
WorkloadPilot    2: 976 op, 134606547.00 ns, 137.9165 us/op
WorkloadPilot    3: 1456 op, 30853194.00 ns, 21.1904 us/op
WorkloadPilot    4: 9440 op, 192499442.00 ns, 20.3919 us/op
WorkloadPilot    5: 9808 op, 207324981.00 ns, 21.1384 us/op
WorkloadPilot    6: 9472 op, 200755870.00 ns, 21.1947 us/op
WorkloadPilot    7: 9440 op, 187949898.00 ns, 19.9099 us/op
WorkloadPilot    8: 10048 op, 185812122.00 ns, 18.4924 us/op
WorkloadPilot    9: 10816 op, 213510305.00 ns, 19.7402 us/op

OverheadWarmup   1: 10816 op, 19704.00 ns, 1.8217 ns/op
OverheadWarmup   2: 10816 op, 19000.00 ns, 1.7567 ns/op
OverheadWarmup   3: 10816 op, 20437.00 ns, 1.8895 ns/op
OverheadWarmup   4: 10816 op, 20316.00 ns, 1.8783 ns/op
OverheadWarmup   5: 10816 op, 20006.00 ns, 1.8497 ns/op
OverheadWarmup   6: 10816 op, 19938.00 ns, 1.8434 ns/op
OverheadWarmup   7: 10816 op, 20084.00 ns, 1.8569 ns/op
OverheadWarmup   8: 10816 op, 19705.00 ns, 1.8218 ns/op

OverheadActual   1: 10816 op, 19973.00 ns, 1.8466 ns/op
OverheadActual   2: 10816 op, 19989.00 ns, 1.8481 ns/op
OverheadActual   3: 10816 op, 19956.00 ns, 1.8450 ns/op
OverheadActual   4: 10816 op, 23539.00 ns, 2.1763 ns/op
OverheadActual   5: 10816 op, 20128.00 ns, 1.8609 ns/op
OverheadActual   6: 10816 op, 19694.00 ns, 1.8208 ns/op
OverheadActual   7: 10816 op, 19706.00 ns, 1.8219 ns/op
OverheadActual   8: 10816 op, 19712.00 ns, 1.8225 ns/op
OverheadActual   9: 10816 op, 19712.00 ns, 1.8225 ns/op
OverheadActual  10: 10816 op, 19727.00 ns, 1.8239 ns/op
OverheadActual  11: 10816 op, 19758.00 ns, 1.8267 ns/op
OverheadActual  12: 10816 op, 19699.00 ns, 1.8213 ns/op
OverheadActual  13: 10816 op, 19704.00 ns, 1.8217 ns/op
OverheadActual  14: 10816 op, 19689.00 ns, 1.8204 ns/op
OverheadActual  15: 10816 op, 19693.00 ns, 1.8207 ns/op

WorkloadWarmup   1: 10816 op, 227697986.00 ns, 21.0520 us/op
WorkloadWarmup   2: 10816 op, 228478491.00 ns, 21.1241 us/op
WorkloadWarmup   3: 10816 op, 228945318.00 ns, 21.1673 us/op
WorkloadWarmup   4: 10816 op, 228841077.00 ns, 21.1576 us/op
WorkloadWarmup   5: 10816 op, 202608959.00 ns, 18.7323 us/op
WorkloadWarmup   6: 10816 op, 200276886.00 ns, 18.5167 us/op
WorkloadWarmup   7: 10816 op, 199566238.00 ns, 18.4510 us/op
WorkloadWarmup   8: 10816 op, 199352874.00 ns, 18.4313 us/op

// BeforeActualRun
WorkloadActual   1: 10816 op, 199169664.00 ns, 18.4144 us/op
WorkloadActual   2: 10816 op, 200400939.00 ns, 18.5282 us/op
WorkloadActual   3: 10816 op, 200595602.00 ns, 18.5462 us/op
WorkloadActual   4: 10816 op, 199372107.00 ns, 18.4331 us/op
WorkloadActual   5: 10816 op, 225878503.00 ns, 20.8837 us/op
WorkloadActual   6: 10816 op, 207133454.00 ns, 19.1507 us/op
WorkloadActual   7: 10816 op, 212199034.00 ns, 19.6190 us/op
WorkloadActual   8: 10816 op, 228974378.00 ns, 21.1700 us/op
WorkloadActual   9: 10816 op, 219015371.00 ns, 20.2492 us/op
WorkloadActual  10: 10816 op, 200958756.00 ns, 18.5798 us/op
WorkloadActual  11: 10816 op, 201606954.00 ns, 18.6397 us/op
WorkloadActual  12: 10816 op, 205059763.00 ns, 18.9589 us/op
WorkloadActual  13: 10816 op, 202169801.00 ns, 18.6917 us/op
WorkloadActual  14: 10816 op, 203119889.00 ns, 18.7796 us/op
WorkloadActual  15: 10816 op, 201546685.00 ns, 18.6341 us/op
WorkloadActual  16: 10816 op, 201397785.00 ns, 18.6204 us/op

// AfterActualRun
WorkloadResult   1: 10816 op, 199149952.00 ns, 18.4125 us/op
WorkloadResult   2: 10816 op, 200381227.00 ns, 18.5264 us/op
WorkloadResult   3: 10816 op, 200575890.00 ns, 18.5444 us/op
WorkloadResult   4: 10816 op, 199352395.00 ns, 18.4312 us/op
WorkloadResult   5: 10816 op, 207113742.00 ns, 19.1488 us/op
WorkloadResult   6: 10816 op, 212179322.00 ns, 19.6172 us/op
WorkloadResult   7: 10816 op, 218995659.00 ns, 20.2474 us/op
WorkloadResult   8: 10816 op, 200939044.00 ns, 18.5779 us/op
WorkloadResult   9: 10816 op, 201587242.00 ns, 18.6379 us/op
WorkloadResult  10: 10816 op, 205040051.00 ns, 18.9571 us/op
WorkloadResult  11: 10816 op, 202150089.00 ns, 18.6899 us/op
WorkloadResult  12: 10816 op, 203100177.00 ns, 18.7778 us/op
WorkloadResult  13: 10816 op, 201526973.00 ns, 18.6323 us/op
WorkloadResult  14: 10816 op, 201378073.00 ns, 18.6185 us/op
// GC:  0 0 0 0 10816
// Threading:  0 0 10816

// AfterAll
// Benchmark Process 65264 has exited with code 0.

Mean = 18.844 μs, StdErr = 0.138 μs (0.73%), N = 14, StdDev = 0.516 μs
Min = 18.413 μs, Q1 = 18.553 μs, Median = 18.635 μs, Q3 = 18.912 μs, Max = 20.247 μs
IQR = 0.360 μs, LowerFence = 18.014 μs, UpperFence = 19.452 μs
ConfidenceInterval = [18.263 μs; 19.426 μs] (CI 99.9%), Margin = 0.582 μs (3.09% of Mean)
Skewness = 1.56, Kurtosis = 4.38, MValue = 2

// ** Remained 3 (21.4 %) benchmark(s) to run. Estimated finish 2026-09-18 4:02 (0h 0m from now) **
// **************************
// Benchmark: PairHandleBenchmarks.Advance: InProcess(Toolchain=InProcessEmitToolchain) [Shape=PairBlocks8Waves]
// *** Execute ***
// Launch: 1 / 1
// ! Failed to set up priority High for process System.Diagnostics.Process (PairHandles). Make sure you have the right permissions. Message: Permission denied

// Benchmark Process Environment Information:
// BenchmarkDotNet v0.15.8
// Runtime=.NET 10.0.12 (10.0.12, 10.0.1226.42308), X64 RyuJIT x86-64-v3
// GC=Concurrent Workstation
// HardwareIntrinsics=AVX2+BMI1+BMI2+F16C+FMA+LZCNT+MOVBE,AVX,SSE3+SSSE3+SSE4.1+SSE4.2+POPCNT,X86Base+SSE+SSE2,AES+PCLMUL,AvxVnni,SERIALIZE VectorSize=256
// Job: Job-JWQWGO(Toolchain=InProcessEmitToolchain)

OverheadJitting  1: 1 op, 94904.00 ns, 94.9040 us/op
WorkloadJitting  1: 1 op, 118593.00 ns, 118.5930 us/op

OverheadJitting  2: 16 op, 123430.00 ns, 7.7144 us/op
WorkloadJitting  2: 16 op, 484206.00 ns, 30.2629 us/op

WorkloadPilot    1: 16 op, 389998.00 ns, 24.3749 us/op
WorkloadPilot    2: 32 op, 671117.00 ns, 20.9724 us/op
WorkloadPilot    3: 64 op, 1326624.00 ns, 20.7285 us/op
WorkloadPilot    4: 128 op, 2446726.00 ns, 19.1150 us/op
WorkloadPilot    5: 256 op, 4885769.00 ns, 19.0850 us/op
WorkloadPilot    6: 512 op, 9755145.00 ns, 19.0530 us/op
WorkloadPilot    7: 1024 op, 19498228.00 ns, 19.0412 us/op
WorkloadPilot    8: 2048 op, 37989327.00 ns, 18.5495 us/op
WorkloadPilot    9: 4096 op, 75456925.00 ns, 18.4221 us/op
WorkloadPilot   10: 8192 op, 156297190.00 ns, 19.0792 us/op
WorkloadPilot   11: 16384 op, 312374095.00 ns, 19.0658 us/op
WorkloadPilot   12: 32768 op, 613494243.00 ns, 18.7224 us/op

OverheadWarmup   1: 32768 op, 42090.00 ns, 1.2845 ns/op
OverheadWarmup   2: 32768 op, 40686.00 ns, 1.2416 ns/op
OverheadWarmup   3: 32768 op, 44796.00 ns, 1.3671 ns/op
OverheadWarmup   4: 32768 op, 40153.00 ns, 1.2254 ns/op
OverheadWarmup   5: 32768 op, 40153.00 ns, 1.2254 ns/op
OverheadWarmup   6: 32768 op, 42892.00 ns, 1.3090 ns/op

OverheadActual   1: 32768 op, 40685.00 ns, 1.2416 ns/op
OverheadActual   2: 32768 op, 40721.00 ns, 1.2427 ns/op
OverheadActual   3: 32768 op, 42072.00 ns, 1.2839 ns/op
OverheadActual   4: 32768 op, 42063.00 ns, 1.2837 ns/op
OverheadActual   5: 32768 op, 42056.00 ns, 1.2834 ns/op
OverheadActual   6: 32768 op, 42088.00 ns, 1.2844 ns/op
OverheadActual   7: 32768 op, 42091.00 ns, 1.2845 ns/op
OverheadActual   8: 32768 op, 42089.00 ns, 1.2845 ns/op
OverheadActual   9: 32768 op, 42092.00 ns, 1.2845 ns/op
OverheadActual  10: 32768 op, 42085.00 ns, 1.2843 ns/op
OverheadActual  11: 32768 op, 42085.00 ns, 1.2843 ns/op
OverheadActual  12: 32768 op, 46376.00 ns, 1.4153 ns/op
OverheadActual  13: 32768 op, 42058.00 ns, 1.2835 ns/op
OverheadActual  14: 32768 op, 42081.00 ns, 1.2842 ns/op
OverheadActual  15: 32768 op, 42080.00 ns, 1.2842 ns/op

WorkloadWarmup   1: 32768 op, 604120183.00 ns, 18.4363 us/op
WorkloadWarmup   2: 32768 op, 604167461.00 ns, 18.4377 us/op
WorkloadWarmup   3: 32768 op, 603808639.00 ns, 18.4268 us/op
WorkloadWarmup   4: 32768 op, 624288454.00 ns, 19.0518 us/op
WorkloadWarmup   5: 32768 op, 623580048.00 ns, 19.0302 us/op
WorkloadWarmup   6: 32768 op, 602626085.00 ns, 18.3907 us/op

WorkloadActual   1: 32768 op, 603515421.00 ns, 18.4178 us/op
WorkloadActual   2: 32768 op, 624214630.00 ns, 19.0495 us/op
WorkloadActual   3: 32768 op, 618884338.00 ns, 18.8869 us/op
WorkloadActual   4: 32768 op, 603699263.00 ns, 18.4234 us/op
WorkloadActual   5: 32768 op, 603153322.00 ns, 18.4068 us/op
WorkloadActual   6: 32768 op, 602415555.00 ns, 18.3843 us/op
WorkloadActual   7: 32768 op, 602961537.00 ns, 18.4009 us/op
WorkloadActual   8: 32768 op, 604404945.00 ns, 18.4450 us/op
WorkloadActual   9: 32768 op, 605710531.00 ns, 18.4848 us/op
WorkloadActual  10: 32768 op, 603324358.00 ns, 18.4120 us/op
WorkloadActual  11: 32768 op, 603632289.00 ns, 18.4214 us/op
WorkloadActual  12: 32768 op, 605219458.00 ns, 18.4698 us/op
WorkloadActual  13: 32768 op, 603626800.00 ns, 18.4212 us/op
WorkloadActual  14: 32768 op, 603111919.00 ns, 18.4055 us/op
WorkloadActual  15: 32768 op, 603282570.00 ns, 18.4107 us/op

WorkloadResult   1: 32768 op, 603473340.00 ns, 18.4165 us/op
WorkloadResult   2: 32768 op, 603657182.00 ns, 18.4222 us/op
WorkloadResult   3: 32768 op, 603111241.00 ns, 18.4055 us/op
WorkloadResult   4: 32768 op, 602373474.00 ns, 18.3830 us/op
WorkloadResult   5: 32768 op, 602919456.00 ns, 18.3996 us/op
WorkloadResult   6: 32768 op, 604362864.00 ns, 18.4437 us/op
WorkloadResult   7: 32768 op, 605668450.00 ns, 18.4835 us/op
WorkloadResult   8: 32768 op, 603282277.00 ns, 18.4107 us/op
WorkloadResult   9: 32768 op, 603590208.00 ns, 18.4201 us/op
WorkloadResult  10: 32768 op, 605177377.00 ns, 18.4685 us/op
WorkloadResult  11: 32768 op, 603584719.00 ns, 18.4199 us/op
WorkloadResult  12: 32768 op, 603069838.00 ns, 18.4042 us/op
WorkloadResult  13: 32768 op, 603240489.00 ns, 18.4094 us/op
// GC:  0 0 0 4656 32768
// Threading:  0 0 32768


Mean = 18.422 μs, StdErr = 0.008 μs (0.04%), N = 13, StdDev = 0.028 μs
Min = 18.383 μs, Q1 = 18.405 μs, Median = 18.417 μs, Q3 = 18.422 μs, Max = 18.484 μs
IQR = 0.017 μs, LowerFence = 18.381 μs, UpperFence = 18.447 μs
ConfidenceInterval = [18.389 μs; 18.456 μs] (CI 99.9%), Margin = 0.033 μs (0.18% of Mean)
Skewness = 0.91, Kurtosis = 2.78, MValue = 2

// ** Remained 2 (14.3 %) benchmark(s) to run. Estimated finish 2026-09-18 4:02 (0h 0m from now) **
// **************************
// Benchmark: PairHandleBenchmarks.Advance: Job-TZECNT(IterationCount=16, IterationTime=200ms, WarmupCount=8) [Shape=PairA(...)Waves [21]]
// *** Execute ***
// Launch: 1 / 1
// Execute: dotnet PairHandles-Job-TZECNT-1.dll --anonymousPipes 118 119 --benchmarkName "Tl.PairHandlesProbe.PairHandleBenchmarks.Advance(Shape: PairAlternating8Waves)" --job "IterationCount=16, IterationTime=200ms, WarmupCount=8" --benchmarkId 6 in /home/i/GitHub/tl-174-one-api/benchmarks/PairHandles/bin/Release/net10.0/PairHandles-Job-TZECNT-1/bin/Release/net10.0
// Failed to set up high priority (Permission denied). In order to run benchmarks with high priority, make sure you have the right permissions.
// BeforeAnythingElse

// Benchmark Process Environment Information:
// BenchmarkDotNet v0.15.8
// Runtime=.NET 10.0.12 (10.0.12, 10.0.1226.42308), X64 RyuJIT x86-64-v3
// GC=Concurrent Workstation
// HardwareIntrinsics=AVX2+BMI1+BMI2+F16C+FMA+LZCNT+MOVBE,AVX,SSE3+SSSE3+SSE4.1+SSE4.2+POPCNT,X86Base+SSE+SSE2,AES+PCLMUL,AvxVnni,SERIALIZE VectorSize=256
// Job: Job-TZECNT(IterationCount=16, IterationTime=200ms, WarmupCount=8)

OverheadJitting  1: 1 op, 72707.00 ns, 72.7070 us/op
WorkloadJitting  1: 1 op, 2668798.00 ns, 2.6688 ms/op

OverheadJitting  2: 16 op, 92959.00 ns, 5.8099 us/op
WorkloadJitting  2: 16 op, 2406901.00 ns, 150.4313 us/op

WorkloadPilot    1: 16 op, 2000340.00 ns, 125.0213 us/op
WorkloadPilot    2: 1600 op, 161599177.00 ns, 100.9995 us/op
WorkloadPilot    3: 1984 op, 132269998.00 ns, 66.6683 us/op
WorkloadPilot    4: 3008 op, 185752532.00 ns, 61.7528 us/op
WorkloadPilot    5: 3248 op, 199872695.00 ns, 61.5372 us/op
WorkloadPilot    6: 3264 op, 201556773.00 ns, 61.7515 us/op
WorkloadPilot    7: 3248 op, 199571613.00 ns, 61.4445 us/op
WorkloadPilot    8: 3264 op, 204333443.00 ns, 62.6022 us/op
WorkloadPilot    9: 3200 op, 203365573.00 ns, 63.5517 us/op

OverheadWarmup   1: 3200 op, 6323.00 ns, 1.9759 ns/op
OverheadWarmup   2: 3200 op, 5918.00 ns, 1.8494 ns/op
OverheadWarmup   3: 3200 op, 5888.00 ns, 1.8400 ns/op
OverheadWarmup   4: 3200 op, 5886.00 ns, 1.8394 ns/op
OverheadWarmup   5: 3200 op, 5913.00 ns, 1.8478 ns/op
OverheadWarmup   6: 3200 op, 5916.00 ns, 1.8488 ns/op
OverheadWarmup   7: 3200 op, 5931.00 ns, 1.8534 ns/op
OverheadWarmup   8: 3200 op, 5893.00 ns, 1.8416 ns/op
OverheadWarmup   9: 3200 op, 7991.00 ns, 2.4972 ns/op
OverheadWarmup  10: 3200 op, 5912.00 ns, 1.8475 ns/op

OverheadActual   1: 3200 op, 6155.00 ns, 1.9234 ns/op
OverheadActual   2: 3200 op, 6155.00 ns, 1.9234 ns/op
OverheadActual   3: 3200 op, 6129.00 ns, 1.9153 ns/op
OverheadActual   4: 3200 op, 8007.00 ns, 2.5022 ns/op
OverheadActual   5: 3200 op, 6023.00 ns, 1.8822 ns/op
OverheadActual   6: 3200 op, 5952.00 ns, 1.8600 ns/op
OverheadActual   7: 3200 op, 5934.00 ns, 1.8544 ns/op
OverheadActual   8: 3200 op, 5953.00 ns, 1.8603 ns/op
OverheadActual   9: 3200 op, 5981.00 ns, 1.8691 ns/op
OverheadActual  10: 3200 op, 5937.00 ns, 1.8553 ns/op
OverheadActual  11: 3200 op, 6087.00 ns, 1.9022 ns/op
OverheadActual  12: 3200 op, 5923.00 ns, 1.8509 ns/op
OverheadActual  13: 3200 op, 5931.00 ns, 1.8534 ns/op
OverheadActual  14: 3200 op, 5951.00 ns, 1.8597 ns/op
OverheadActual  15: 3200 op, 5919.00 ns, 1.8497 ns/op

WorkloadWarmup   1: 3200 op, 203141056.00 ns, 63.4816 us/op
WorkloadWarmup   2: 3200 op, 203077293.00 ns, 63.4617 us/op
WorkloadWarmup   3: 3200 op, 202323839.00 ns, 63.2262 us/op
WorkloadWarmup   4: 3200 op, 197563677.00 ns, 61.7386 us/op
WorkloadWarmup   5: 3200 op, 197430955.00 ns, 61.6972 us/op
WorkloadWarmup   6: 3200 op, 201505052.00 ns, 62.9703 us/op
WorkloadWarmup   7: 3200 op, 198517870.00 ns, 62.0368 us/op
WorkloadWarmup   8: 3200 op, 198777596.00 ns, 62.1180 us/op

// BeforeActualRun
WorkloadActual   1: 3200 op, 198717962.00 ns, 62.0994 us/op
WorkloadActual   2: 3200 op, 198780877.00 ns, 62.1190 us/op
WorkloadActual   3: 3200 op, 205375038.00 ns, 64.1797 us/op
WorkloadActual   4: 3200 op, 205047578.00 ns, 64.0774 us/op
WorkloadActual   5: 3200 op, 198859493.00 ns, 62.1436 us/op
WorkloadActual   6: 3200 op, 199290388.00 ns, 62.2782 us/op
WorkloadActual   7: 3200 op, 206132229.00 ns, 64.4163 us/op
WorkloadActual   8: 3200 op, 205009480.00 ns, 64.0655 us/op
WorkloadActual   9: 3200 op, 204819991.00 ns, 64.0062 us/op
WorkloadActual  10: 3200 op, 204162293.00 ns, 63.8007 us/op
WorkloadActual  11: 3200 op, 204721822.00 ns, 63.9756 us/op
WorkloadActual  12: 3200 op, 205351299.00 ns, 64.1723 us/op
WorkloadActual  13: 3200 op, 205136517.00 ns, 64.1052 us/op
WorkloadActual  14: 3200 op, 204687739.00 ns, 63.9649 us/op
WorkloadActual  15: 3200 op, 204591809.00 ns, 63.9349 us/op
WorkloadActual  16: 3200 op, 206194834.00 ns, 64.4359 us/op

// AfterActualRun
WorkloadResult   1: 3200 op, 198712009.00 ns, 62.0975 us/op
WorkloadResult   2: 3200 op, 198774924.00 ns, 62.1172 us/op
WorkloadResult   3: 3200 op, 205369085.00 ns, 64.1778 us/op
WorkloadResult   4: 3200 op, 205041625.00 ns, 64.0755 us/op
WorkloadResult   5: 3200 op, 198853540.00 ns, 62.1417 us/op
WorkloadResult   6: 3200 op, 199284435.00 ns, 62.2764 us/op
WorkloadResult   7: 3200 op, 206126276.00 ns, 64.4145 us/op
WorkloadResult   8: 3200 op, 205003527.00 ns, 64.0636 us/op
WorkloadResult   9: 3200 op, 204814038.00 ns, 64.0044 us/op
WorkloadResult  10: 3200 op, 204156340.00 ns, 63.7989 us/op
WorkloadResult  11: 3200 op, 204715869.00 ns, 63.9737 us/op
WorkloadResult  12: 3200 op, 205345346.00 ns, 64.1704 us/op
WorkloadResult  13: 3200 op, 205130564.00 ns, 64.1033 us/op
WorkloadResult  14: 3200 op, 204681786.00 ns, 63.9631 us/op
WorkloadResult  15: 3200 op, 204585856.00 ns, 63.9331 us/op
WorkloadResult  16: 3200 op, 206188881.00 ns, 64.4340 us/op
// GC:  0 0 0 0 3200
// Threading:  0 0 3200

// AfterAll
// Benchmark Process 65286 has exited with code 0.

Mean = 63.609 μs, StdErr = 0.220 μs (0.35%), N = 16, StdDev = 0.881 μs
Min = 62.098 μs, Q1 = 63.418 μs, Median = 63.989 μs, Q3 = 64.120 μs, Max = 64.434 μs
IQR = 0.702 μs, LowerFence = 62.365 μs, UpperFence = 65.173 μs
ConfidenceInterval = [62.712 μs; 64.506 μs] (CI 99.9%), Margin = 0.897 μs (1.41% of Mean)
Skewness = -0.95, Kurtosis = 2, MValue = 2

// ** Remained 1 (7.1 %) benchmark(s) to run. Estimated finish 2026-09-18 4:02 (0h 0m from now) **
// **************************
// Benchmark: PairHandleBenchmarks.Advance: InProcess(Toolchain=InProcessEmitToolchain) [Shape=PairA(...)Waves [21]]
// *** Execute ***
// Launch: 1 / 1
// ! Failed to set up priority High for process System.Diagnostics.Process (PairHandles). Make sure you have the right permissions. Message: Permission denied

// Benchmark Process Environment Information:
// BenchmarkDotNet v0.15.8
// Runtime=.NET 10.0.12 (10.0.12, 10.0.1226.42308), X64 RyuJIT x86-64-v3
// GC=Concurrent Workstation
// HardwareIntrinsics=AVX2+BMI1+BMI2+F16C+FMA+LZCNT+MOVBE,AVX,SSE3+SSSE3+SSE4.1+SSE4.2+POPCNT,X86Base+SSE+SSE2,AES+PCLMUL,AvxVnni,SERIALIZE VectorSize=256
// Job: Job-JWQWGO(Toolchain=InProcessEmitToolchain)

OverheadJitting  1: 1 op, 94577.00 ns, 94.5770 us/op
WorkloadJitting  1: 1 op, 168557.00 ns, 168.5570 us/op

OverheadJitting  2: 16 op, 103004.00 ns, 6.4378 us/op
WorkloadJitting  2: 16 op, 1109950.00 ns, 69.3719 us/op

WorkloadPilot    1: 16 op, 1000992.00 ns, 62.5620 us/op
WorkloadPilot    2: 32 op, 1991074.00 ns, 62.2211 us/op
WorkloadPilot    3: 64 op, 4013938.00 ns, 62.7178 us/op
WorkloadPilot    4: 128 op, 7938449.00 ns, 62.0191 us/op
WorkloadPilot    5: 256 op, 15906101.00 ns, 62.1332 us/op
WorkloadPilot    6: 512 op, 31182958.00 ns, 60.9042 us/op
WorkloadPilot    7: 1024 op, 61287360.00 ns, 59.8509 us/op
WorkloadPilot    8: 2048 op, 122603674.00 ns, 59.8651 us/op
WorkloadPilot    9: 4096 op, 246983202.00 ns, 60.2986 us/op
WorkloadPilot   10: 8192 op, 493015332.00 ns, 60.1825 us/op
WorkloadPilot   11: 16384 op, 1019404158.00 ns, 62.2195 us/op

OverheadWarmup   1: 16384 op, 21860.00 ns, 1.3342 ns/op
OverheadWarmup   2: 16384 op, 20052.00 ns, 1.2239 ns/op
OverheadWarmup   3: 16384 op, 20220.00 ns, 1.2341 ns/op
OverheadWarmup   4: 16384 op, 20133.00 ns, 1.2288 ns/op
OverheadWarmup   5: 16384 op, 20029.00 ns, 1.2225 ns/op
OverheadWarmup   6: 16384 op, 20064.00 ns, 1.2246 ns/op
OverheadWarmup   7: 16384 op, 21102.00 ns, 1.2880 ns/op
OverheadWarmup   8: 16384 op, 20052.00 ns, 1.2239 ns/op

OverheadActual   1: 16384 op, 21743.00 ns, 1.3271 ns/op
OverheadActual   2: 16384 op, 21075.00 ns, 1.2863 ns/op
OverheadActual   3: 16384 op, 21091.00 ns, 1.2873 ns/op
OverheadActual   4: 16384 op, 21089.00 ns, 1.2872 ns/op
OverheadActual   5: 16384 op, 21070.00 ns, 1.2860 ns/op
OverheadActual   6: 16384 op, 21103.00 ns, 1.2880 ns/op
OverheadActual   7: 16384 op, 21110.00 ns, 1.2885 ns/op
OverheadActual   8: 16384 op, 23250.00 ns, 1.4191 ns/op
OverheadActual   9: 16384 op, 21075.00 ns, 1.2863 ns/op
OverheadActual  10: 16384 op, 21090.00 ns, 1.2872 ns/op
OverheadActual  11: 16384 op, 21117.00 ns, 1.2889 ns/op
OverheadActual  12: 16384 op, 21089.00 ns, 1.2872 ns/op
OverheadActual  13: 16384 op, 21056.00 ns, 1.2852 ns/op
OverheadActual  14: 16384 op, 21088.00 ns, 1.2871 ns/op
OverheadActual  15: 16384 op, 21080.00 ns, 1.2866 ns/op

WorkloadWarmup   1: 16384 op, 1004600608.00 ns, 61.3160 us/op
WorkloadWarmup   2: 16384 op, 1021090568.00 ns, 62.3224 us/op
WorkloadWarmup   3: 16384 op, 1019228746.00 ns, 62.2088 us/op
WorkloadWarmup   4: 16384 op, 1020746313.00 ns, 62.3014 us/op
WorkloadWarmup   5: 16384 op, 1020043953.00 ns, 62.2585 us/op
WorkloadWarmup   6: 16384 op, 1020214650.00 ns, 62.2690 us/op

WorkloadActual   1: 16384 op, 1020323652.00 ns, 62.2756 us/op
WorkloadActual   2: 16384 op, 1017922167.00 ns, 62.1290 us/op
WorkloadActual   3: 16384 op, 1022810779.00 ns, 62.4274 us/op
WorkloadActual   4: 16384 op, 1019359728.00 ns, 62.2168 us/op
WorkloadActual   5: 16384 op, 1018441597.00 ns, 62.1607 us/op
WorkloadActual   6: 16384 op, 1019993809.00 ns, 62.2555 us/op
WorkloadActual   7: 16384 op, 1019826852.00 ns, 62.2453 us/op
WorkloadActual   8: 16384 op, 1024196499.00 ns, 62.5120 us/op
WorkloadActual   9: 16384 op, 1019083832.00 ns, 62.1999 us/op
WorkloadActual  10: 16384 op, 1012994002.00 ns, 61.8282 us/op
WorkloadActual  11: 16384 op, 996489636.00 ns, 60.8209 us/op
WorkloadActual  12: 16384 op, 1008129785.00 ns, 61.5314 us/op
WorkloadActual  13: 16384 op, 1020066221.00 ns, 62.2599 us/op
WorkloadActual  14: 16384 op, 1017293555.00 ns, 62.0907 us/op
WorkloadActual  15: 16384 op, 1007127311.00 ns, 61.4702 us/op

WorkloadResult   1: 16384 op, 1020302563.00 ns, 62.2743 us/op
WorkloadResult   2: 16384 op, 1017901078.00 ns, 62.1278 us/op
WorkloadResult   3: 16384 op, 1022789690.00 ns, 62.4261 us/op
WorkloadResult   4: 16384 op, 1019338639.00 ns, 62.2155 us/op
WorkloadResult   5: 16384 op, 1018420508.00 ns, 62.1595 us/op
WorkloadResult   6: 16384 op, 1019972720.00 ns, 62.2542 us/op
WorkloadResult   7: 16384 op, 1019805763.00 ns, 62.2440 us/op
WorkloadResult   8: 16384 op, 1024175410.00 ns, 62.5107 us/op
WorkloadResult   9: 16384 op, 1019062743.00 ns, 62.1987 us/op
WorkloadResult  10: 16384 op, 1012972913.00 ns, 61.8270 us/op
WorkloadResult  11: 16384 op, 996468547.00 ns, 60.8196 us/op
WorkloadResult  12: 16384 op, 1008108696.00 ns, 61.5301 us/op
WorkloadResult  13: 16384 op, 1020045132.00 ns, 62.2586 us/op
WorkloadResult  14: 16384 op, 1017272466.00 ns, 62.0894 us/op
WorkloadResult  15: 16384 op, 1007106222.00 ns, 61.4689 us/op
// GC:  0 0 0 4656 16384
// Threading:  0 0 16384


Mean = 62.027 μs, StdErr = 0.115 μs (0.18%), N = 15, StdDev = 0.444 μs
Min = 60.820 μs, Q1 = 61.958 μs, Median = 62.199 μs, Q3 = 62.256 μs, Max = 62.511 μs
IQR = 0.298 μs, LowerFence = 61.511 μs, UpperFence = 62.704 μs
ConfidenceInterval = [61.552 μs; 62.502 μs] (CI 99.9%), Margin = 0.475 μs (0.77% of Mean)
Skewness = -1.39, Kurtosis = 4.08, MValue = 2

// ** Remained 0 (0.0 %) benchmark(s) to run. Estimated finish 2026-09-18 4:02 (0h 0m from now) **
// ***** BenchmarkRunner: Finish  *****

// * Export *
  results/174-one-api/results/Tl.PairHandlesProbe.PairHandleBenchmarks-report.csv
  results/174-one-api/results/Tl.PairHandlesProbe.PairHandleBenchmarks-report-github.md
  results/174-one-api/results/Tl.PairHandlesProbe.PairHandleBenchmarks-report.html
  results/174-one-api/results/Tl.PairHandlesProbe.PairHandleBenchmarks-report-full.json

// * Detailed results *
PairHandleBenchmarks.Advance: Job-TZECNT(IterationCount=16, IterationTime=200ms, WarmupCount=8) [Shape=LaneUniform]
Runtime = .NET 10.0.12 (10.0.12, 10.0.1226.42308), X64 RyuJIT x86-64-v3; GC = Concurrent Workstation
Mean = 18.178 μs, StdErr = 0.007 μs (0.04%), N = 13, StdDev = 0.027 μs
Min = 18.151 μs, Q1 = 18.160 μs, Median = 18.167 μs, Q3 = 18.185 μs, Max = 18.246 μs
IQR = 0.026 μs, LowerFence = 18.121 μs, UpperFence = 18.224 μs
ConfidenceInterval = [18.146 μs; 18.210 μs] (CI 99.9%), Margin = 0.032 μs (0.18% of Mean)
Skewness = 1.2, Kurtosis = 3.55, MValue = 2
-------------------- Histogram --------------------
[18.136 μs ; 18.261 μs) | @@@@@@@@@@@@@
---------------------------------------------------

PairHandleBenchmarks.Advance: InProcess(Toolchain=InProcessEmitToolchain) [Shape=LaneUniform]
Runtime = ; GC = 
Mean = 18.253 μs, StdErr = 0.003 μs (0.02%), N = 14, StdDev = 0.013 μs
Min = 18.234 μs, Q1 = 18.246 μs, Median = 18.250 μs, Q3 = 18.257 μs, Max = 18.279 μs
IQR = 0.011 μs, LowerFence = 18.229 μs, UpperFence = 18.273 μs
ConfidenceInterval = [18.239 μs; 18.268 μs] (CI 99.9%), Margin = 0.015 μs (0.08% of Mean)
Skewness = 0.66, Kurtosis = 2.22, MValue = 2
-------------------- Histogram --------------------
[18.227 μs ; 18.286 μs) | @@@@@@@@@@@@@@
---------------------------------------------------

PairHandleBenchmarks.Advance: Job-TZECNT(IterationCount=16, IterationTime=200ms, WarmupCount=8) [Shape=PairOne]
Runtime = .NET 10.0.12 (10.0.12, 10.0.1226.42308), X64 RyuJIT x86-64-v3; GC = Concurrent Workstation
Mean = 20.608 μs, StdErr = 0.363 μs (1.76%), N = 16, StdDev = 1.450 μs
Min = 18.253 μs, Q1 = 19.856 μs, Median = 21.399 μs, Q3 = 21.744 μs, Max = 21.780 μs
IQR = 1.888 μs, LowerFence = 17.023 μs, UpperFence = 24.576 μs
ConfidenceInterval = [19.132 μs; 22.085 μs] (CI 99.9%), Margin = 1.477 μs (7.17% of Mean)
Skewness = -0.73, Kurtosis = 1.73, MValue = 2.67
-------------------- Histogram --------------------
[17.498 μs ; 19.103 μs) | @@@@
[19.103 μs ; 20.298 μs) | 
[20.298 μs ; 21.809 μs) | @@@@@@@@@@@@
---------------------------------------------------

PairHandleBenchmarks.Advance: InProcess(Toolchain=InProcessEmitToolchain) [Shape=PairOne]
Runtime = ; GC = 
Mean = 18.162 μs, StdErr = 0.052 μs (0.29%), N = 15, StdDev = 0.200 μs
Min = 17.978 μs, Q1 = 18.014 μs, Median = 18.041 μs, Q3 = 18.294 μs, Max = 18.551 μs
IQR = 0.281 μs, LowerFence = 17.593 μs, UpperFence = 18.715 μs
ConfidenceInterval = [17.948 μs; 18.377 μs] (CI 99.9%), Margin = 0.214 μs (1.18% of Mean)
Skewness = 0.77, Kurtosis = 2.09, MValue = 2
-------------------- Histogram --------------------
[17.871 μs ; 18.658 μs) | @@@@@@@@@@@@@@@
---------------------------------------------------

PairHandleBenchmarks.Advance: Job-TZECNT(IterationCount=16, IterationTime=200ms, WarmupCount=8) [Shape=PairRuns8]
Runtime = .NET 10.0.12 (10.0.12, 10.0.1226.42308), X64 RyuJIT x86-64-v3; GC = Concurrent Workstation
Mean = 31.502 μs, StdErr = 0.007 μs (0.02%), N = 16, StdDev = 0.027 μs
Min = 31.451 μs, Q1 = 31.487 μs, Median = 31.501 μs, Q3 = 31.520 μs, Max = 31.537 μs
IQR = 0.033 μs, LowerFence = 31.438 μs, UpperFence = 31.569 μs
ConfidenceInterval = [31.475 μs; 31.529 μs] (CI 99.9%), Margin = 0.027 μs (0.09% of Mean)
Skewness = -0.26, Kurtosis = 1.95, MValue = 2
-------------------- Histogram --------------------
[31.437 μs ; 31.551 μs) | @@@@@@@@@@@@@@@@
---------------------------------------------------

PairHandleBenchmarks.Advance: InProcess(Toolchain=InProcessEmitToolchain) [Shape=PairRuns8]
Runtime = ; GC = 
Mean = 32.092 μs, StdErr = 0.185 μs (0.58%), N = 70, StdDev = 1.549 μs
Min = 30.934 μs, Q1 = 30.972 μs, Median = 30.999 μs, Q3 = 33.161 μs, Max = 34.975 μs
IQR = 2.189 μs, LowerFence = 27.688 μs, UpperFence = 36.445 μs
ConfidenceInterval = [31.456 μs; 32.729 μs] (CI 99.9%), Margin = 0.636 μs (1.98% of Mean)
Skewness = 0.94, Kurtosis = 2.18, MValue = 2.42
-------------------- Histogram --------------------
[30.762 μs ; 31.749 μs) | @@@@@@@@@@@@@@@@@@@@@@@@@@@@@@@@@@@@@@@@@@@
[31.749 μs ; 33.005 μs) | @@@@@@@@
[33.005 μs ; 34.165 μs) | @@@@@
[34.165 μs ; 35.151 μs) | @@@@@@@@@@@@@@
---------------------------------------------------

PairHandleBenchmarks.Advance: Job-TZECNT(IterationCount=16, IterationTime=200ms, WarmupCount=8) [Shape=PairAlternating8]
Runtime = .NET 10.0.12 (10.0.12, 10.0.1226.42308), X64 RyuJIT x86-64-v3; GC = Concurrent Workstation
Mean = 78.804 μs, StdErr = 0.650 μs (0.82%), N = 13, StdDev = 2.343 μs
Min = 73.863 μs, Q1 = 79.898 μs, Median = 79.920 μs, Q3 = 80.013 μs, Max = 80.176 μs
IQR = 0.115 μs, LowerFence = 79.725 μs, UpperFence = 80.186 μs
ConfidenceInterval = [75.998 μs; 81.610 μs] (CI 99.9%), Margin = 2.806 μs (3.56% of Mean)
Skewness = -1.34, Kurtosis = 2.97, MValue = 2
-------------------- Histogram --------------------
[72.556 μs ; 75.244 μs) | @@
[75.244 μs ; 78.012 μs) | @
[78.012 μs ; 81.484 μs) | @@@@@@@@@@
---------------------------------------------------

PairHandleBenchmarks.Advance: InProcess(Toolchain=InProcessEmitToolchain) [Shape=PairAlternating8]
Runtime = ; GC = 
Mean = 78.294 μs, StdErr = 0.396 μs (0.51%), N = 20, StdDev = 1.773 μs
Min = 74.111 μs, Q1 = 77.966 μs, Median = 79.169 μs, Q3 = 79.262 μs, Max = 79.666 μs
IQR = 1.297 μs, LowerFence = 76.021 μs, UpperFence = 81.207 μs
ConfidenceInterval = [76.754 μs; 79.833 μs] (CI 99.9%), Margin = 1.540 μs (1.97% of Mean)
Skewness = -1.32, Kurtosis = 3.19, MValue = 2
-------------------- Histogram --------------------
[73.254 μs ; 75.084 μs) | @@
[75.084 μs ; 77.261 μs) | @@@
[77.261 μs ; 79.814 μs) | @@@@@@@@@@@@@@@
---------------------------------------------------

PairHandleBenchmarks.Advance: Job-TZECNT(IterationCount=16, IterationTime=200ms, WarmupCount=8) [Shape=PairRuns8Waves]
Runtime = .NET 10.0.12 (10.0.12, 10.0.1226.42308), X64 RyuJIT x86-64-v3; GC = Concurrent Workstation
Mean = 16.323 μs, StdErr = 0.112 μs (0.69%), N = 16, StdDev = 0.448 μs
Min = 15.922 μs, Q1 = 16.045 μs, Median = 16.085 μs, Q3 = 16.614 μs, Max = 17.281 μs
IQR = 0.568 μs, LowerFence = 15.193 μs, UpperFence = 17.466 μs
ConfidenceInterval = [15.867 μs; 16.779 μs] (CI 99.9%), Margin = 0.456 μs (2.79% of Mean)
Skewness = 0.95, Kurtosis = 2.27, MValue = 2.55
-------------------- Histogram --------------------
[15.813 μs ; 16.280 μs) | @@@@@@@@@@@
[16.280 μs ; 16.728 μs) | @
[16.728 μs ; 17.514 μs) | @@@@
---------------------------------------------------

PairHandleBenchmarks.Advance: InProcess(Toolchain=InProcessEmitToolchain) [Shape=PairRuns8Waves]
Runtime = ; GC = 
Mean = 16.382 μs, StdErr = 0.070 μs (0.43%), N = 15, StdDev = 0.273 μs
Min = 15.938 μs, Q1 = 16.155 μs, Median = 16.485 μs, Q3 = 16.615 μs, Max = 16.719 μs
IQR = 0.460 μs, LowerFence = 15.464 μs, UpperFence = 17.305 μs
ConfidenceInterval = [16.090 μs; 16.673 μs] (CI 99.9%), Margin = 0.292 μs (1.78% of Mean)
Skewness = -0.35, Kurtosis = 1.48, MValue = 2
-------------------- Histogram --------------------
[15.895 μs ; 16.768 μs) | @@@@@@@@@@@@@@@
---------------------------------------------------

PairHandleBenchmarks.Advance: Job-TZECNT(IterationCount=16, IterationTime=200ms, WarmupCount=8) [Shape=PairBlocks8Waves]
Runtime = .NET 10.0.12 (10.0.12, 10.0.1226.42308), X64 RyuJIT x86-64-v3; GC = Concurrent Workstation
Mean = 18.844 μs, StdErr = 0.138 μs (0.73%), N = 14, StdDev = 0.516 μs
Min = 18.413 μs, Q1 = 18.553 μs, Median = 18.635 μs, Q3 = 18.912 μs, Max = 20.247 μs
IQR = 0.360 μs, LowerFence = 18.014 μs, UpperFence = 19.452 μs
ConfidenceInterval = [18.263 μs; 19.426 μs] (CI 99.9%), Margin = 0.582 μs (3.09% of Mean)
Skewness = 1.56, Kurtosis = 4.38, MValue = 2
-------------------- Histogram --------------------
[18.404 μs ; 18.966 μs) | @@@@@@@@@@@
[18.966 μs ; 19.664 μs) | @@
[19.664 μs ; 20.528 μs) | @
---------------------------------------------------

PairHandleBenchmarks.Advance: InProcess(Toolchain=InProcessEmitToolchain) [Shape=PairBlocks8Waves]
Runtime = ; GC = 
Mean = 18.422 μs, StdErr = 0.008 μs (0.04%), N = 13, StdDev = 0.028 μs
Min = 18.383 μs, Q1 = 18.405 μs, Median = 18.417 μs, Q3 = 18.422 μs, Max = 18.484 μs
IQR = 0.017 μs, LowerFence = 18.381 μs, UpperFence = 18.447 μs
ConfidenceInterval = [18.389 μs; 18.456 μs] (CI 99.9%), Margin = 0.033 μs (0.18% of Mean)
Skewness = 0.91, Kurtosis = 2.78, MValue = 2
-------------------- Histogram --------------------
[18.367 μs ; 18.499 μs) | @@@@@@@@@@@@@
---------------------------------------------------

PairHandleBenchmarks.Advance: Job-TZECNT(IterationCount=16, IterationTime=200ms, WarmupCount=8) [Shape=PairA(...)Waves [21]]
Runtime = .NET 10.0.12 (10.0.12, 10.0.1226.42308), X64 RyuJIT x86-64-v3; GC = Concurrent Workstation
Mean = 63.609 μs, StdErr = 0.220 μs (0.35%), N = 16, StdDev = 0.881 μs
Min = 62.098 μs, Q1 = 63.418 μs, Median = 63.989 μs, Q3 = 64.120 μs, Max = 64.434 μs
IQR = 0.702 μs, LowerFence = 62.365 μs, UpperFence = 65.173 μs
ConfidenceInterval = [62.712 μs; 64.506 μs] (CI 99.9%), Margin = 0.897 μs (1.41% of Mean)
Skewness = -0.95, Kurtosis = 2, MValue = 2
-------------------- Histogram --------------------
[61.639 μs ; 64.758 μs) | @@@@@@@@@@@@@@@@
---------------------------------------------------

PairHandleBenchmarks.Advance: InProcess(Toolchain=InProcessEmitToolchain) [Shape=PairA(...)Waves [21]]
Runtime = ; GC = 
Mean = 62.027 μs, StdErr = 0.115 μs (0.18%), N = 15, StdDev = 0.444 μs
Min = 60.820 μs, Q1 = 61.958 μs, Median = 62.199 μs, Q3 = 62.256 μs, Max = 62.511 μs
IQR = 0.298 μs, LowerFence = 61.511 μs, UpperFence = 62.704 μs
ConfidenceInterval = [61.552 μs; 62.502 μs] (CI 99.9%), Margin = 0.475 μs (0.77% of Mean)
Skewness = -1.39, Kurtosis = 4.08, MValue = 2
-------------------- Histogram --------------------
[60.583 μs ; 62.747 μs) | @@@@@@@@@@@@@@@
---------------------------------------------------

// * Summary *

BenchmarkDotNet v0.15.8, Linux Omarchy
Intel Core i9-14900K 0.80GHz, 1 CPU, 32 logical and 24 physical cores
.NET SDK 10.0.401
  [Host]     : .NET 10.0.12 (10.0.12, 10.0.1226.42308), X64 RyuJIT x86-64-v3
  Job-TZECNT : .NET 10.0.12 (10.0.12, 10.0.1226.42308), X64 RyuJIT x86-64-v3


| Method  | Job        | Toolchain              | IterationCount | IterationTime | WarmupCount | Shape                | Mean     | Error    | StdDev   | Median   | Allocated |
|-------- |----------- |----------------------- |--------------- |-------------- |------------ |--------------------- |---------:|---------:|---------:|---------:|----------:|
| Advance | Job-TZECNT | Default                | 16             | 200ms         | 8           | LaneUniform          | 18.18 μs | 0.032 μs | 0.027 μs | 18.17 μs |         - |
| Advance | InProcess  | InProcessEmitToolchain | Default        | Default       | Default     | LaneUniform          | 18.25 μs | 0.015 μs | 0.013 μs | 18.25 μs |         - |
| Advance | Job-TZECNT | Default                | 16             | 200ms         | 8           | PairOne              | 20.61 μs | 1.477 μs | 1.450 μs | 21.40 μs |         - |
| Advance | InProcess  | InProcessEmitToolchain | Default        | Default       | Default     | PairOne              | 18.16 μs | 0.214 μs | 0.200 μs | 18.04 μs |         - |
| Advance | Job-TZECNT | Default                | 16             | 200ms         | 8           | PairRuns8            | 31.50 μs | 0.027 μs | 0.027 μs | 31.50 μs |         - |
| Advance | InProcess  | InProcessEmitToolchain | Default        | Default       | Default     | PairRuns8            | 32.09 μs | 0.636 μs | 1.549 μs | 31.00 μs |         - |
| Advance | Job-TZECNT | Default                | 16             | 200ms         | 8           | PairAlternating8     | 78.80 μs | 2.806 μs | 2.343 μs | 79.92 μs |         - |
| Advance | InProcess  | InProcessEmitToolchain | Default        | Default       | Default     | PairAlternating8     | 78.29 μs | 1.540 μs | 1.773 μs | 79.17 μs |       1 B |
| Advance | Job-TZECNT | Default                | 16             | 200ms         | 8           | PairRuns8Waves       | 16.32 μs | 0.456 μs | 0.448 μs | 16.09 μs |         - |
| Advance | InProcess  | InProcessEmitToolchain | Default        | Default       | Default     | PairRuns8Waves       | 16.38 μs | 0.292 μs | 0.273 μs | 16.48 μs |         - |
| Advance | Job-TZECNT | Default                | 16             | 200ms         | 8           | PairBlocks8Waves     | 18.84 μs | 0.582 μs | 0.516 μs | 18.64 μs |         - |
| Advance | InProcess  | InProcessEmitToolchain | Default        | Default       | Default     | PairBlocks8Waves     | 18.42 μs | 0.033 μs | 0.028 μs | 18.42 μs |         - |
| Advance | Job-TZECNT | Default                | 16             | 200ms         | 8           | PairA(...)Waves [21] | 63.61 μs | 0.897 μs | 0.881 μs | 63.99 μs |         - |
| Advance | InProcess  | InProcessEmitToolchain | Default        | Default       | Default     | PairA(...)Waves [21] | 62.03 μs | 0.475 μs | 0.444 μs | 62.20 μs |         - |

// * Hints *
Outliers
  PairHandleBenchmarks.Advance: IterationCount=16, IterationTime=200ms, WarmupCount=8 -> 3 outliers were removed (18.43 μs..19.26 μs)
  PairHandleBenchmarks.Advance: InProcess                                             -> 1 outlier  was  removed (18.31 μs)
  PairHandleBenchmarks.Advance: IterationCount=16, IterationTime=200ms, WarmupCount=8 -> 3 outliers were removed, 6 outliers were detected (73.87 μs..76.71 μs, 80.42 μs..80.64 μs)
  PairHandleBenchmarks.Advance: InProcess                                             -> 3 outliers were detected (74.11 μs..75.69 μs)
  PairHandleBenchmarks.Advance: IterationCount=16, IterationTime=200ms, WarmupCount=8 -> 2 outliers were removed (20.88 μs, 21.17 μs)
  PairHandleBenchmarks.Advance: InProcess                                             -> 2 outliers were removed (18.89 μs, 19.05 μs)
  PairHandleBenchmarks.Advance: IterationCount=16, IterationTime=200ms, WarmupCount=8 -> 4 outliers were detected (62.10 μs..62.28 μs)
  PairHandleBenchmarks.Advance: InProcess                                             -> 2 outliers were detected (60.82 μs, 61.47 μs)

// * Legends *
  Shape     : Value of the 'Shape' parameter
  Mean      : Arithmetic mean of all measurements
  Error     : Half of 99.9% confidence interval
  StdDev    : Standard deviation of all measurements
  Median    : Value separating the higher half of all measurements (50th percentile)
  Allocated : Allocated memory per single operation (managed only, inclusive, 1KB = 1024B)
  1 μs      : 1 Microsecond (0.000001 sec)

// * Diagnostic Output - MemoryDiagnoser *


// ***** BenchmarkRunner: End *****
Run time: 00:03:13 (193.1 sec), executed benchmarks: 14

Global total time: 00:03:16 (196.61 sec), executed benchmarks: 14
// * Artifacts cleanup *
Artifacts cleanup is finished
