// Validating benchmarks:
// ***** BenchmarkRunner: Start   *****
// ***** Found 30 benchmark(s) in total *****
// ***** Building 1 exe(s) in Parallel: Start   *****
// start dotnet  restore --nodeReuse:false /p:UseSharedCompilation=false /p:Deterministic=true /p:Optimize=true /p:ArtifactsPath="/home/i/GitHub/tl-56-feat-data-authored-api/benchmarks/Alpha/bin/Release/net10.0/Alpha-Jit-1/" /p:OutDir="/home/i/GitHub/tl-56-feat-data-authored-api/benchmarks/Alpha/bin/Release/net10.0/Alpha-Jit-1/bin/Release/net10.0/" /p:OutputPath="/home/i/GitHub/tl-56-feat-data-authored-api/benchmarks/Alpha/bin/Release/net10.0/Alpha-Jit-1/bin/Release/net10.0/" /p:PublishDir="/home/i/GitHub/tl-56-feat-data-authored-api/benchmarks/Alpha/bin/Release/net10.0/Alpha-Jit-1/publish/" in /home/i/GitHub/tl-56-feat-data-authored-api/benchmarks/Alpha/bin/Release/net10.0/Alpha-Jit-1
// command took 0.83 sec and exited with 0
// start dotnet  build -c Release --no-restore --nodeReuse:false /p:UseSharedCompilation=false /p:Deterministic=true /p:Optimize=true /p:ArtifactsPath="/home/i/GitHub/tl-56-feat-data-authored-api/benchmarks/Alpha/bin/Release/net10.0/Alpha-Jit-1/" /p:OutDir="/home/i/GitHub/tl-56-feat-data-authored-api/benchmarks/Alpha/bin/Release/net10.0/Alpha-Jit-1/bin/Release/net10.0/" /p:OutputPath="/home/i/GitHub/tl-56-feat-data-authored-api/benchmarks/Alpha/bin/Release/net10.0/Alpha-Jit-1/bin/Release/net10.0/" /p:PublishDir="/home/i/GitHub/tl-56-feat-data-authored-api/benchmarks/Alpha/bin/Release/net10.0/Alpha-Jit-1/publish/" --output "/home/i/GitHub/tl-56-feat-data-authored-api/benchmarks/Alpha/bin/Release/net10.0/Alpha-Jit-1/bin/Release/net10.0/" in /home/i/GitHub/tl-56-feat-data-authored-api/benchmarks/Alpha/bin/Release/net10.0/Alpha-Jit-1
// command took 7.22 sec and exited with 0
// ***** Done, took 00:00:08 (8.08 sec)   *****
// Found 30 benchmarks:
//   DataAuthoredQueryBenchmarks.DirectShape: Jit(IterationCount=12, IterationTime=250ms, WarmupCount=16) [Shape=OneTrack, Pattern=Forward]
//   DataAuthoredQueryBenchmarks.GeneratedShape: Jit(IterationCount=12, IterationTime=250ms, WarmupCount=16) [Shape=OneTrack, Pattern=Forward]
//   DataAuthoredQueryBenchmarks.DataAuthoredFacade: Jit(IterationCount=12, IterationTime=250ms, WarmupCount=16) [Shape=OneTrack, Pattern=Forward]
//   DataAuthoredQueryBenchmarks.DirectShape: Jit(IterationCount=12, IterationTime=250ms, WarmupCount=16) [Shape=OneTrack, Pattern=Alternating]
//   DataAuthoredQueryBenchmarks.GeneratedShape: Jit(IterationCount=12, IterationTime=250ms, WarmupCount=16) [Shape=OneTrack, Pattern=Alternating]
//   DataAuthoredQueryBenchmarks.DataAuthoredFacade: Jit(IterationCount=12, IterationTime=250ms, WarmupCount=16) [Shape=OneTrack, Pattern=Alternating]
//   DataAuthoredQueryBenchmarks.DirectShape: Jit(IterationCount=12, IterationTime=250ms, WarmupCount=16) [Shape=ThreeTracks, Pattern=Forward]
//   DataAuthoredQueryBenchmarks.GeneratedShape: Jit(IterationCount=12, IterationTime=250ms, WarmupCount=16) [Shape=ThreeTracks, Pattern=Forward]
//   DataAuthoredQueryBenchmarks.DataAuthoredFacade: Jit(IterationCount=12, IterationTime=250ms, WarmupCount=16) [Shape=ThreeTracks, Pattern=Forward]
//   DataAuthoredQueryBenchmarks.DirectShape: Jit(IterationCount=12, IterationTime=250ms, WarmupCount=16) [Shape=ThreeTracks, Pattern=Alternating]
//   DataAuthoredQueryBenchmarks.GeneratedShape: Jit(IterationCount=12, IterationTime=250ms, WarmupCount=16) [Shape=ThreeTracks, Pattern=Alternating]
//   DataAuthoredQueryBenchmarks.DataAuthoredFacade: Jit(IterationCount=12, IterationTime=250ms, WarmupCount=16) [Shape=ThreeTracks, Pattern=Alternating]
//   DataAuthoredQueryBenchmarks.DirectShape: Jit(IterationCount=12, IterationTime=250ms, WarmupCount=16) [Shape=SixteenTracks, Pattern=Forward]
//   DataAuthoredQueryBenchmarks.GeneratedShape: Jit(IterationCount=12, IterationTime=250ms, WarmupCount=16) [Shape=SixteenTracks, Pattern=Forward]
//   DataAuthoredQueryBenchmarks.DataAuthoredFacade: Jit(IterationCount=12, IterationTime=250ms, WarmupCount=16) [Shape=SixteenTracks, Pattern=Forward]
//   DataAuthoredQueryBenchmarks.DirectShape: Jit(IterationCount=12, IterationTime=250ms, WarmupCount=16) [Shape=SixteenTracks, Pattern=Alternating]
//   DataAuthoredQueryBenchmarks.GeneratedShape: Jit(IterationCount=12, IterationTime=250ms, WarmupCount=16) [Shape=SixteenTracks, Pattern=Alternating]
//   DataAuthoredQueryBenchmarks.DataAuthoredFacade: Jit(IterationCount=12, IterationTime=250ms, WarmupCount=16) [Shape=SixteenTracks, Pattern=Alternating]
//   DataAuthoredQueryBenchmarks.DirectShape: Jit(IterationCount=12, IterationTime=250ms, WarmupCount=16) [Shape=TwoHundredFiftySixTracks, Pattern=Forward]
//   DataAuthoredQueryBenchmarks.GeneratedShape: Jit(IterationCount=12, IterationTime=250ms, WarmupCount=16) [Shape=TwoHundredFiftySixTracks, Pattern=Forward]
//   DataAuthoredQueryBenchmarks.DataAuthoredFacade: Jit(IterationCount=12, IterationTime=250ms, WarmupCount=16) [Shape=TwoHundredFiftySixTracks, Pattern=Forward]
//   DataAuthoredQueryBenchmarks.DirectShape: Jit(IterationCount=12, IterationTime=250ms, WarmupCount=16) [Shape=TwoHundredFiftySixTracks, Pattern=Alternating]
//   DataAuthoredQueryBenchmarks.GeneratedShape: Jit(IterationCount=12, IterationTime=250ms, WarmupCount=16) [Shape=TwoHundredFiftySixTracks, Pattern=Alternating]
//   DataAuthoredQueryBenchmarks.DataAuthoredFacade: Jit(IterationCount=12, IterationTime=250ms, WarmupCount=16) [Shape=TwoHundredFiftySixTracks, Pattern=Alternating]
//   DataAuthoredQueryBenchmarks.DirectShape: Jit(IterationCount=12, IterationTime=250ms, WarmupCount=16) [Shape=Blend, Pattern=Forward]
//   DataAuthoredQueryBenchmarks.GeneratedShape: Jit(IterationCount=12, IterationTime=250ms, WarmupCount=16) [Shape=Blend, Pattern=Forward]
//   DataAuthoredQueryBenchmarks.DataAuthoredFacade: Jit(IterationCount=12, IterationTime=250ms, WarmupCount=16) [Shape=Blend, Pattern=Forward]
//   DataAuthoredQueryBenchmarks.DirectShape: Jit(IterationCount=12, IterationTime=250ms, WarmupCount=16) [Shape=Blend, Pattern=Alternating]
//   DataAuthoredQueryBenchmarks.GeneratedShape: Jit(IterationCount=12, IterationTime=250ms, WarmupCount=16) [Shape=Blend, Pattern=Alternating]
//   DataAuthoredQueryBenchmarks.DataAuthoredFacade: Jit(IterationCount=12, IterationTime=250ms, WarmupCount=16) [Shape=Blend, Pattern=Alternating]

// **************************
// Benchmark: DataAuthoredQueryBenchmarks.DirectShape: Jit(IterationCount=12, IterationTime=250ms, WarmupCount=16) [Shape=OneTrack, Pattern=Forward]
// *** Execute ***
// Launch: 1 / 1
// Execute: dotnet Alpha-Jit-1.dll --anonymousPipes 157 158 --benchmarkName "DataAuthoredQueryBenchmarks.DirectShape(Shape: OneTrack, Pattern: Forward)" --job Jit --benchmarkId 0 in /home/i/GitHub/tl-56-feat-data-authored-api/benchmarks/Alpha/bin/Release/net10.0/Alpha-Jit-1/bin/Release/net10.0
// Failed to set up high priority (Permission denied). In order to run benchmarks with high priority, make sure you have the right permissions.
// BeforeAnythingElse

// Benchmark Process Environment Information:
// BenchmarkDotNet v0.15.8
// Runtime=.NET 10.0.12 (10.0.12, 10.0.1226.42308), X64 RyuJIT x86-64-v3
// GC=Concurrent Workstation
// HardwareIntrinsics=AVX2+BMI1+BMI2+F16C+FMA+LZCNT+MOVBE,AVX,SSE3+SSSE3+SSE4.1+SSE4.2+POPCNT,X86Base+SSE+SSE2,AES+PCLMUL,AvxVnni,SERIALIZE VectorSize=256
// Job: Jit(IterationCount=12, IterationTime=250ms, WarmupCount=16)

OverheadJitting  1: 4096 op, 105427.00 ns, 25.7390 ns/op
WorkloadJitting  1: 4096 op, 1259731.00 ns, 307.5515 ns/op

OverheadJitting  2: 65536 op, 135830.00 ns, 2.0726 ns/op
WorkloadJitting  2: 65536 op, 354584.00 ns, 5.4105 ns/op

WorkloadPilot    1: 65536 op, 213231.00 ns, 3.2536 ns/op
WorkloadPilot    2: 76873728 op, 197976709.00 ns, 2.5753 ns/op
WorkloadPilot    3: 97124352 op, 251710425.00 ns, 2.5916 ns/op
WorkloadPilot    4: 96468992 op, 249106032.00 ns, 2.5822 ns/op
WorkloadPilot    5: 96862208 op, 263705764.00 ns, 2.7225 ns/op
WorkloadPilot    6: 91881472 op, 272196247.00 ns, 2.9625 ns/op

OverheadWarmup   1: 91881472 op, 30887.00 ns, 0.0003 ns/op
OverheadWarmup   2: 91881472 op, 31135.00 ns, 0.0003 ns/op
OverheadWarmup   3: 91881472 op, 34627.00 ns, 0.0004 ns/op
OverheadWarmup   4: 91881472 op, 31078.00 ns, 0.0003 ns/op
OverheadWarmup   5: 91881472 op, 31087.00 ns, 0.0003 ns/op
OverheadWarmup   6: 91881472 op, 31059.00 ns, 0.0003 ns/op

OverheadActual   1: 91881472 op, 30638.00 ns, 0.0003 ns/op
OverheadActual   2: 91881472 op, 30600.00 ns, 0.0003 ns/op
OverheadActual   3: 91881472 op, 30792.00 ns, 0.0003 ns/op
OverheadActual   4: 91881472 op, 30532.00 ns, 0.0003 ns/op
OverheadActual   5: 91881472 op, 30079.00 ns, 0.0003 ns/op
OverheadActual   6: 91881472 op, 30472.00 ns, 0.0003 ns/op
OverheadActual   7: 91881472 op, 30501.00 ns, 0.0003 ns/op
OverheadActual   8: 91881472 op, 30452.00 ns, 0.0003 ns/op
OverheadActual   9: 91881472 op, 30479.00 ns, 0.0003 ns/op
OverheadActual  10: 91881472 op, 30462.00 ns, 0.0003 ns/op
OverheadActual  11: 91881472 op, 30492.00 ns, 0.0003 ns/op
OverheadActual  12: 91881472 op, 30479.00 ns, 0.0003 ns/op
OverheadActual  13: 91881472 op, 32699.00 ns, 0.0004 ns/op
OverheadActual  14: 91881472 op, 33384.00 ns, 0.0004 ns/op
OverheadActual  15: 91881472 op, 32082.00 ns, 0.0003 ns/op

WorkloadWarmup   1: 91881472 op, 238319424.00 ns, 2.5938 ns/op
WorkloadWarmup   2: 91881472 op, 237474429.00 ns, 2.5846 ns/op
WorkloadWarmup   3: 91881472 op, 269979349.00 ns, 2.9383 ns/op
WorkloadWarmup   4: 91881472 op, 281721900.00 ns, 3.0661 ns/op
WorkloadWarmup   5: 91881472 op, 237392423.00 ns, 2.5837 ns/op
WorkloadWarmup   6: 91881472 op, 238713858.00 ns, 2.5981 ns/op
WorkloadWarmup   7: 91881472 op, 215964732.00 ns, 2.3505 ns/op
WorkloadWarmup   8: 91881472 op, 127654634.00 ns, 1.3893 ns/op
WorkloadWarmup   9: 91881472 op, 130171226.00 ns, 1.4167 ns/op
WorkloadWarmup  10: 91881472 op, 152914442.00 ns, 1.6643 ns/op
WorkloadWarmup  11: 91881472 op, 166194807.00 ns, 1.8088 ns/op
WorkloadWarmup  12: 91881472 op, 130494604.00 ns, 1.4202 ns/op
WorkloadWarmup  13: 91881472 op, 131541051.00 ns, 1.4316 ns/op
WorkloadWarmup  14: 91881472 op, 137380700.00 ns, 1.4952 ns/op
WorkloadWarmup  15: 91881472 op, 127604542.00 ns, 1.3888 ns/op
WorkloadWarmup  16: 91881472 op, 130500902.00 ns, 1.4203 ns/op

// BeforeActualRun
WorkloadActual   1: 91881472 op, 131722129.00 ns, 1.4336 ns/op
WorkloadActual   2: 91881472 op, 130065928.00 ns, 1.4156 ns/op
WorkloadActual   3: 91881472 op, 131408217.00 ns, 1.4302 ns/op
WorkloadActual   4: 91881472 op, 131205043.00 ns, 1.4280 ns/op
WorkloadActual   5: 91881472 op, 129529239.00 ns, 1.4097 ns/op
WorkloadActual   6: 91881472 op, 128577498.00 ns, 1.3994 ns/op
WorkloadActual   7: 91881472 op, 128394085.00 ns, 1.3974 ns/op
WorkloadActual   8: 91881472 op, 128391458.00 ns, 1.3974 ns/op
WorkloadActual   9: 91881472 op, 129249479.00 ns, 1.4067 ns/op
WorkloadActual  10: 91881472 op, 129949519.00 ns, 1.4143 ns/op
WorkloadActual  11: 91881472 op, 128862826.00 ns, 1.4025 ns/op
WorkloadActual  12: 91881472 op, 128288733.00 ns, 1.3962 ns/op

// AfterActualRun
WorkloadResult   1: 91881472 op, 131691628.00 ns, 1.4333 ns/op
WorkloadResult   2: 91881472 op, 130035427.00 ns, 1.4153 ns/op
WorkloadResult   3: 91881472 op, 131377716.00 ns, 1.4299 ns/op
WorkloadResult   4: 91881472 op, 131174542.00 ns, 1.4276 ns/op
WorkloadResult   5: 91881472 op, 129498738.00 ns, 1.4094 ns/op
WorkloadResult   6: 91881472 op, 128546997.00 ns, 1.3991 ns/op
WorkloadResult   7: 91881472 op, 128363584.00 ns, 1.3971 ns/op
WorkloadResult   8: 91881472 op, 128360957.00 ns, 1.3970 ns/op
WorkloadResult   9: 91881472 op, 129218978.00 ns, 1.4064 ns/op
WorkloadResult  10: 91881472 op, 129919018.00 ns, 1.4140 ns/op
WorkloadResult  11: 91881472 op, 128832325.00 ns, 1.4022 ns/op
WorkloadResult  12: 91881472 op, 128258232.00 ns, 1.3959 ns/op
// GC:  0 0 0 0 91881472
// Threading:  0 0 91881472

// AfterAll
// Benchmark Process 2102811 has exited with code 0.

Mean = 1.411 ns, StdErr = 0.004 ns (0.28%), N = 12, StdDev = 0.014 ns
Min = 1.396 ns, Q1 = 1.399 ns, Median = 1.408 ns, Q3 = 1.418 ns, Max = 1.433 ns
IQR = 0.020 ns, LowerFence = 1.369 ns, UpperFence = 1.448 ns
ConfidenceInterval = [1.393 ns; 1.428 ns] (CI 99.9%), Margin = 0.017 ns (1.23% of Mean)
Skewness = 0.46, Kurtosis = 1.55, MValue = 2

// ** Remained 29 (96.7%) benchmark(s) to run. Estimated finish 2026-09-12 10:43 (0h 2m from now) **
// **************************
// Benchmark: DataAuthoredQueryBenchmarks.GeneratedShape: Jit(IterationCount=12, IterationTime=250ms, WarmupCount=16) [Shape=OneTrack, Pattern=Forward]
// *** Execute ***
// Launch: 1 / 1
// Execute: dotnet Alpha-Jit-1.dll --anonymousPipes 157 158 --benchmarkName "DataAuthoredQueryBenchmarks.GeneratedShape(Shape: OneTrack, Pattern: Forward)" --job Jit --benchmarkId 1 in /home/i/GitHub/tl-56-feat-data-authored-api/benchmarks/Alpha/bin/Release/net10.0/Alpha-Jit-1/bin/Release/net10.0
// Failed to set up high priority (Permission denied). In order to run benchmarks with high priority, make sure you have the right permissions.
// BeforeAnythingElse

// Benchmark Process Environment Information:
// BenchmarkDotNet v0.15.8
// Runtime=.NET 10.0.12 (10.0.12, 10.0.1226.42308), X64 RyuJIT x86-64-v3
// GC=Concurrent Workstation
// HardwareIntrinsics=AVX2+BMI1+BMI2+F16C+FMA+LZCNT+MOVBE,AVX,SSE3+SSSE3+SSE4.1+SSE4.2+POPCNT,X86Base+SSE+SSE2,AES+PCLMUL,AvxVnni,SERIALIZE VectorSize=256
// Job: Jit(IterationCount=12, IterationTime=250ms, WarmupCount=16)

OverheadJitting  1: 4096 op, 103740.00 ns, 25.3271 ns/op
WorkloadJitting  1: 4096 op, 230211.00 ns, 56.2039 ns/op

OverheadJitting  2: 65536 op, 121928.00 ns, 1.8605 ns/op
WorkloadJitting  2: 65536 op, 1325452.00 ns, 20.2248 ns/op

WorkloadPilot    1: 65536 op, 614702.00 ns, 9.3796 ns/op
WorkloadPilot    2: 26673152 op, 243603368.00 ns, 9.1329 ns/op
WorkloadPilot    3: 27394048 op, 251439649.00 ns, 9.1786 ns/op
WorkloadPilot    4: 27262976 op, 247753582.00 ns, 9.0875 ns/op
WorkloadPilot    5: 27525120 op, 249316061.00 ns, 9.0578 ns/op
WorkloadPilot    6: 27656192 op, 251133548.00 ns, 9.0806 ns/op
WorkloadPilot    7: 27590656 op, 249185400.00 ns, 9.0315 ns/op
WorkloadPilot    8: 27721728 op, 253336036.00 ns, 9.1385 ns/op

OverheadWarmup   1: 27721728 op, 9870.00 ns, 0.0004 ns/op
OverheadWarmup   2: 27721728 op, 9408.00 ns, 0.0003 ns/op
OverheadWarmup   3: 27721728 op, 9233.00 ns, 0.0003 ns/op
OverheadWarmup   4: 27721728 op, 9391.00 ns, 0.0003 ns/op
OverheadWarmup   5: 27721728 op, 9268.00 ns, 0.0003 ns/op
OverheadWarmup   6: 27721728 op, 9220.00 ns, 0.0003 ns/op
OverheadWarmup   7: 27721728 op, 9246.00 ns, 0.0003 ns/op
OverheadWarmup   8: 27721728 op, 9237.00 ns, 0.0003 ns/op

OverheadActual   1: 27721728 op, 9534.00 ns, 0.0003 ns/op
OverheadActual   2: 27721728 op, 10574.00 ns, 0.0004 ns/op
OverheadActual   3: 27721728 op, 9741.00 ns, 0.0004 ns/op
OverheadActual   4: 27721728 op, 9981.00 ns, 0.0004 ns/op
OverheadActual   5: 27721728 op, 9479.00 ns, 0.0003 ns/op
OverheadActual   6: 27721728 op, 9277.00 ns, 0.0003 ns/op
OverheadActual   7: 27721728 op, 9229.00 ns, 0.0003 ns/op
OverheadActual   8: 27721728 op, 9230.00 ns, 0.0003 ns/op
OverheadActual   9: 27721728 op, 9265.00 ns, 0.0003 ns/op
OverheadActual  10: 27721728 op, 9261.00 ns, 0.0003 ns/op
OverheadActual  11: 27721728 op, 9294.00 ns, 0.0003 ns/op
OverheadActual  12: 27721728 op, 9263.00 ns, 0.0003 ns/op
OverheadActual  13: 27721728 op, 9288.00 ns, 0.0003 ns/op
OverheadActual  14: 27721728 op, 9273.00 ns, 0.0003 ns/op
OverheadActual  15: 27721728 op, 10923.00 ns, 0.0004 ns/op

WorkloadWarmup   1: 27721728 op, 295163150.00 ns, 10.6474 ns/op
WorkloadWarmup   2: 27721728 op, 252871614.00 ns, 9.1218 ns/op
WorkloadWarmup   3: 27721728 op, 257921128.00 ns, 9.3039 ns/op
WorkloadWarmup   4: 27721728 op, 251514800.00 ns, 9.0728 ns/op
WorkloadWarmup   5: 27721728 op, 152079026.00 ns, 5.4859 ns/op
WorkloadWarmup   6: 27721728 op, 57937147.00 ns, 2.0900 ns/op
WorkloadWarmup   7: 27721728 op, 54520960.00 ns, 1.9667 ns/op
WorkloadWarmup   8: 27721728 op, 53494011.00 ns, 1.9297 ns/op
WorkloadWarmup   9: 27721728 op, 54152400.00 ns, 1.9534 ns/op
WorkloadWarmup  10: 27721728 op, 53139225.00 ns, 1.9169 ns/op
WorkloadWarmup  11: 27721728 op, 52984618.00 ns, 1.9113 ns/op
WorkloadWarmup  12: 27721728 op, 52850576.00 ns, 1.9065 ns/op
WorkloadWarmup  13: 27721728 op, 55235432.00 ns, 1.9925 ns/op
WorkloadWarmup  14: 27721728 op, 52749496.00 ns, 1.9028 ns/op
WorkloadWarmup  15: 27721728 op, 52485835.00 ns, 1.8933 ns/op
WorkloadWarmup  16: 27721728 op, 52054887.00 ns, 1.8778 ns/op

// BeforeActualRun
WorkloadActual   1: 27721728 op, 51973507.00 ns, 1.8748 ns/op
WorkloadActual   2: 27721728 op, 52538446.00 ns, 1.8952 ns/op
WorkloadActual   3: 27721728 op, 52654246.00 ns, 1.8994 ns/op
WorkloadActual   4: 27721728 op, 51387584.00 ns, 1.8537 ns/op
WorkloadActual   5: 27721728 op, 52139140.00 ns, 1.8808 ns/op
WorkloadActual   6: 27721728 op, 51993984.00 ns, 1.8756 ns/op
WorkloadActual   7: 27721728 op, 51154522.00 ns, 1.8453 ns/op
WorkloadActual   8: 27721728 op, 52298250.00 ns, 1.8865 ns/op
WorkloadActual   9: 27721728 op, 53723879.00 ns, 1.9380 ns/op
WorkloadActual  10: 27721728 op, 51339157.00 ns, 1.8519 ns/op
WorkloadActual  11: 27721728 op, 53354372.00 ns, 1.9246 ns/op
WorkloadActual  12: 27721728 op, 54458503.00 ns, 1.9645 ns/op

// AfterActualRun
WorkloadResult   1: 27721728 op, 51964219.00 ns, 1.8745 ns/op
WorkloadResult   2: 27721728 op, 52529158.00 ns, 1.8949 ns/op
WorkloadResult   3: 27721728 op, 52644958.00 ns, 1.8991 ns/op
WorkloadResult   4: 27721728 op, 51378296.00 ns, 1.8534 ns/op
WorkloadResult   5: 27721728 op, 52129852.00 ns, 1.8805 ns/op
WorkloadResult   6: 27721728 op, 51984696.00 ns, 1.8752 ns/op
WorkloadResult   7: 27721728 op, 51145234.00 ns, 1.8450 ns/op
WorkloadResult   8: 27721728 op, 52288962.00 ns, 1.8862 ns/op
WorkloadResult   9: 27721728 op, 53714591.00 ns, 1.9376 ns/op
WorkloadResult  10: 27721728 op, 51329869.00 ns, 1.8516 ns/op
WorkloadResult  11: 27721728 op, 53345084.00 ns, 1.9243 ns/op
// GC:  0 0 0 0 27721728
// Threading:  0 0 27721728

// AfterAll
// Benchmark Process 2109068 has exited with code 0.

Mean = 1.884 ns, StdErr = 0.009 ns (0.47%), N = 11, StdDev = 0.029 ns
Min = 1.845 ns, Q1 = 1.864 ns, Median = 1.880 ns, Q3 = 1.897 ns, Max = 1.938 ns
IQR = 0.033 ns, LowerFence = 1.814 ns, UpperFence = 1.947 ns
ConfidenceInterval = [1.843 ns; 1.924 ns] (CI 99.9%), Margin = 0.040 ns (2.15% of Mean)
Skewness = 0.38, Kurtosis = 1.91, MValue = 2

// ** Remained 28 (93.3%) benchmark(s) to run. Estimated finish 2026-09-12 10:43 (0h 2m from now) **
// **************************
// Benchmark: DataAuthoredQueryBenchmarks.DataAuthoredFacade: Jit(IterationCount=12, IterationTime=250ms, WarmupCount=16) [Shape=OneTrack, Pattern=Forward]
// *** Execute ***
// Launch: 1 / 1
// Execute: dotnet Alpha-Jit-1.dll --anonymousPipes 157 158 --benchmarkName "DataAuthoredQueryBenchmarks.DataAuthoredFacade(Shape: OneTrack, Pattern: Forward)" --job Jit --benchmarkId 2 in /home/i/GitHub/tl-56-feat-data-authored-api/benchmarks/Alpha/bin/Release/net10.0/Alpha-Jit-1/bin/Release/net10.0
// Failed to set up high priority (Permission denied). In order to run benchmarks with high priority, make sure you have the right permissions.
// BeforeAnythingElse

// Benchmark Process Environment Information:
// BenchmarkDotNet v0.15.8
// Runtime=.NET 10.0.12 (10.0.12, 10.0.1226.42308), X64 RyuJIT x86-64-v3
// GC=Concurrent Workstation
// HardwareIntrinsics=AVX2+BMI1+BMI2+F16C+FMA+LZCNT+MOVBE,AVX,SSE3+SSSE3+SSE4.1+SSE4.2+POPCNT,X86Base+SSE+SSE2,AES+PCLMUL,AvxVnni,SERIALIZE VectorSize=256
// Job: Jit(IterationCount=12, IterationTime=250ms, WarmupCount=16)

OverheadJitting  1: 4096 op, 113837.00 ns, 27.7922 ns/op
WorkloadJitting  1: 4096 op, 255309.00 ns, 62.3313 ns/op

OverheadJitting  2: 65536 op, 128680.00 ns, 1.9635 ns/op
WorkloadJitting  2: 65536 op, 3142332.00 ns, 47.9482 ns/op

WorkloadPilot    1: 65536 op, 2022397.00 ns, 30.8593 ns/op
WorkloadPilot    2: 8126464 op, 233494884.00 ns, 28.7327 ns/op
WorkloadPilot    3: 8716288 op, 248407837.00 ns, 28.4993 ns/op
WorkloadPilot    4: 8781824 op, 251281648.00 ns, 28.6138 ns/op

OverheadWarmup   1: 8781824 op, 3623.00 ns, 0.0004 ns/op
OverheadWarmup   2: 8781824 op, 3137.00 ns, 0.0004 ns/op
OverheadWarmup   3: 8781824 op, 2983.00 ns, 0.0003 ns/op
OverheadWarmup   4: 8781824 op, 2980.00 ns, 0.0003 ns/op
OverheadWarmup   5: 8781824 op, 3070.00 ns, 0.0003 ns/op
OverheadWarmup   6: 8781824 op, 3041.00 ns, 0.0003 ns/op
OverheadWarmup   7: 8781824 op, 3050.00 ns, 0.0003 ns/op
OverheadWarmup   8: 8781824 op, 3087.00 ns, 0.0004 ns/op
OverheadWarmup   9: 8781824 op, 3202.00 ns, 0.0004 ns/op
OverheadWarmup  10: 8781824 op, 3046.00 ns, 0.0003 ns/op

OverheadActual   1: 8781824 op, 3637.00 ns, 0.0004 ns/op
OverheadActual   2: 8781824 op, 4755.00 ns, 0.0005 ns/op
OverheadActual   3: 8781824 op, 3596.00 ns, 0.0004 ns/op
OverheadActual   4: 8781824 op, 3158.00 ns, 0.0004 ns/op
OverheadActual   5: 8781824 op, 3167.00 ns, 0.0004 ns/op
OverheadActual   6: 8781824 op, 3050.00 ns, 0.0003 ns/op
OverheadActual   7: 8781824 op, 2996.00 ns, 0.0003 ns/op
OverheadActual   8: 8781824 op, 2972.00 ns, 0.0003 ns/op
OverheadActual   9: 8781824 op, 2986.00 ns, 0.0003 ns/op
OverheadActual  10: 8781824 op, 2972.00 ns, 0.0003 ns/op
OverheadActual  11: 8781824 op, 3013.00 ns, 0.0003 ns/op
OverheadActual  12: 8781824 op, 2972.00 ns, 0.0003 ns/op
OverheadActual  13: 8781824 op, 3011.00 ns, 0.0003 ns/op
OverheadActual  14: 8781824 op, 3000.00 ns, 0.0003 ns/op
OverheadActual  15: 8781824 op, 3048.00 ns, 0.0003 ns/op

WorkloadWarmup   1: 8781824 op, 251310748.00 ns, 28.6171 ns/op
WorkloadWarmup   2: 8781824 op, 250195496.00 ns, 28.4902 ns/op
WorkloadWarmup   3: 8781824 op, 251294491.00 ns, 28.6153 ns/op
WorkloadWarmup   4: 8781824 op, 250923947.00 ns, 28.5731 ns/op
WorkloadWarmup   5: 8781824 op, 251647537.00 ns, 28.6555 ns/op
WorkloadWarmup   6: 8781824 op, 127610850.00 ns, 14.5312 ns/op
WorkloadWarmup   7: 8781824 op, 119135237.00 ns, 13.5661 ns/op
WorkloadWarmup   8: 8781824 op, 119085017.00 ns, 13.5604 ns/op
WorkloadWarmup   9: 8781824 op, 118601112.00 ns, 13.5053 ns/op
WorkloadWarmup  10: 8781824 op, 118270418.00 ns, 13.4676 ns/op
WorkloadWarmup  11: 8781824 op, 119033795.00 ns, 13.5546 ns/op
WorkloadWarmup  12: 8781824 op, 119076881.00 ns, 13.5595 ns/op
WorkloadWarmup  13: 8781824 op, 126667388.00 ns, 14.4238 ns/op
WorkloadWarmup  14: 8781824 op, 117130075.00 ns, 13.3378 ns/op
WorkloadWarmup  15: 8781824 op, 117431618.00 ns, 13.3721 ns/op
WorkloadWarmup  16: 8781824 op, 117560092.00 ns, 13.3868 ns/op

// BeforeActualRun
WorkloadActual   1: 8781824 op, 117411769.00 ns, 13.3699 ns/op
WorkloadActual   2: 8781824 op, 118030270.00 ns, 13.4403 ns/op
WorkloadActual   3: 8781824 op, 118563504.00 ns, 13.5010 ns/op
WorkloadActual   4: 8781824 op, 117509279.00 ns, 13.3810 ns/op
WorkloadActual   5: 8781824 op, 118087683.00 ns, 13.4468 ns/op
WorkloadActual   6: 8781824 op, 117199401.00 ns, 13.3457 ns/op
WorkloadActual   7: 8781824 op, 119413864.00 ns, 13.5978 ns/op
WorkloadActual   8: 8781824 op, 117529866.00 ns, 13.3833 ns/op
WorkloadActual   9: 8781824 op, 118535091.00 ns, 13.4978 ns/op
WorkloadActual  10: 8781824 op, 117922824.00 ns, 13.4281 ns/op
WorkloadActual  11: 8781824 op, 117822467.00 ns, 13.4166 ns/op
WorkloadActual  12: 8781824 op, 117572339.00 ns, 13.3881 ns/op

// AfterActualRun
WorkloadResult   1: 8781824 op, 117408756.00 ns, 13.3695 ns/op
WorkloadResult   2: 8781824 op, 118027257.00 ns, 13.4399 ns/op
WorkloadResult   3: 8781824 op, 118560491.00 ns, 13.5007 ns/op
WorkloadResult   4: 8781824 op, 117506266.00 ns, 13.3806 ns/op
WorkloadResult   5: 8781824 op, 118084670.00 ns, 13.4465 ns/op
WorkloadResult   6: 8781824 op, 117196388.00 ns, 13.3453 ns/op
WorkloadResult   7: 8781824 op, 117526853.00 ns, 13.3830 ns/op
WorkloadResult   8: 8781824 op, 118532078.00 ns, 13.4974 ns/op
WorkloadResult   9: 8781824 op, 117919811.00 ns, 13.4277 ns/op
WorkloadResult  10: 8781824 op, 117819454.00 ns, 13.4163 ns/op
WorkloadResult  11: 8781824 op, 117569326.00 ns, 13.3878 ns/op
// GC:  0 0 0 0 8781824
// Threading:  0 0 8781824

// AfterAll
// Benchmark Process 2113496 has exited with code 0.

Mean = 13.418 ns, StdErr = 0.015 ns (0.11%), N = 11, StdDev = 0.051 ns
Min = 13.345 ns, Q1 = 13.382 ns, Median = 13.416 ns, Q3 = 13.443 ns, Max = 13.501 ns
IQR = 0.061 ns, LowerFence = 13.290 ns, UpperFence = 13.535 ns
ConfidenceInterval = [13.348 ns; 13.488 ns] (CI 99.9%), Margin = 0.070 ns (0.52% of Mean)
Skewness = 0.35, Kurtosis = 1.73, MValue = 2

// ** Remained 27 (90.0%) benchmark(s) to run. Estimated finish 2026-09-12 10:43 (0h 2m from now) **
// **************************
// Benchmark: DataAuthoredQueryBenchmarks.DirectShape: Jit(IterationCount=12, IterationTime=250ms, WarmupCount=16) [Shape=OneTrack, Pattern=Alternating]
// *** Execute ***
// Launch: 1 / 1
// Execute: dotnet Alpha-Jit-1.dll --anonymousPipes 157 158 --benchmarkName "DataAuthoredQueryBenchmarks.DirectShape(Shape: OneTrack, Pattern: Alternating)" --job Jit --benchmarkId 3 in /home/i/GitHub/tl-56-feat-data-authored-api/benchmarks/Alpha/bin/Release/net10.0/Alpha-Jit-1/bin/Release/net10.0
// Failed to set up high priority (Permission denied). In order to run benchmarks with high priority, make sure you have the right permissions.
// BeforeAnythingElse

// Benchmark Process Environment Information:
// BenchmarkDotNet v0.15.8
// Runtime=.NET 10.0.12 (10.0.12, 10.0.1226.42308), X64 RyuJIT x86-64-v3
// GC=Concurrent Workstation
// HardwareIntrinsics=AVX2+BMI1+BMI2+F16C+FMA+LZCNT+MOVBE,AVX,SSE3+SSSE3+SSE4.1+SSE4.2+POPCNT,X86Base+SSE+SSE2,AES+PCLMUL,AvxVnni,SERIALIZE VectorSize=256
// Job: Jit(IterationCount=12, IterationTime=250ms, WarmupCount=16)

OverheadJitting  1: 4096 op, 105240.00 ns, 25.6934 ns/op
WorkloadJitting  1: 4096 op, 1103653.00 ns, 269.4465 ns/op

OverheadJitting  2: 65536 op, 126766.00 ns, 1.9343 ns/op
WorkloadJitting  2: 65536 op, 383151.00 ns, 5.8464 ns/op

WorkloadPilot    1: 65536 op, 209413.00 ns, 3.1954 ns/op
WorkloadPilot    2: 78249984 op, 221866903.00 ns, 2.8354 ns/op
WorkloadPilot    3: 88211456 op, 248650878.00 ns, 2.8188 ns/op
WorkloadPilot    4: 88735744 op, 249376593.00 ns, 2.8103 ns/op
WorkloadPilot    5: 88997888 op, 275487836.00 ns, 3.0954 ns/op
WorkloadPilot    6: 80805888 op, 240173554.00 ns, 2.9722 ns/op
WorkloadPilot    7: 84148224 op, 236346545.00 ns, 2.8087 ns/op
WorkloadPilot    8: 89063424 op, 249435535.00 ns, 2.8007 ns/op
WorkloadPilot    9: 89325568 op, 234199972.00 ns, 2.6219 ns/op
WorkloadPilot   10: 95354880 op, 128920131.00 ns, 1.3520 ns/op
WorkloadPilot   11: 184942592 op, 247658190.00 ns, 1.3391 ns/op
WorkloadPilot   12: 186712064 op, 249563158.00 ns, 1.3366 ns/op
WorkloadPilot   13: 187039744 op, 251130828.00 ns, 1.3427 ns/op
WorkloadPilot   14: 186253312 op, 250491570.00 ns, 1.3449 ns/op

OverheadWarmup   1: 186253312 op, 89759.00 ns, 0.0005 ns/op
OverheadWarmup   2: 186253312 op, 88219.00 ns, 0.0005 ns/op
OverheadWarmup   3: 186253312 op, 87679.00 ns, 0.0005 ns/op
OverheadWarmup   4: 186253312 op, 87116.00 ns, 0.0005 ns/op
OverheadWarmup   5: 186253312 op, 93063.00 ns, 0.0005 ns/op
OverheadWarmup   6: 186253312 op, 88658.00 ns, 0.0005 ns/op
OverheadWarmup   7: 186253312 op, 86863.00 ns, 0.0005 ns/op
OverheadWarmup   8: 186253312 op, 86973.00 ns, 0.0005 ns/op
OverheadWarmup   9: 186253312 op, 88527.00 ns, 0.0005 ns/op
OverheadWarmup  10: 186253312 op, 86875.00 ns, 0.0005 ns/op

OverheadActual   1: 186253312 op, 87778.00 ns, 0.0005 ns/op
OverheadActual   2: 186253312 op, 89720.00 ns, 0.0005 ns/op
OverheadActual   3: 186253312 op, 87049.00 ns, 0.0005 ns/op
OverheadActual   4: 186253312 op, 85691.00 ns, 0.0005 ns/op
OverheadActual   5: 186253312 op, 86017.00 ns, 0.0005 ns/op
OverheadActual   6: 186253312 op, 87517.00 ns, 0.0005 ns/op
OverheadActual   7: 186253312 op, 87141.00 ns, 0.0005 ns/op
OverheadActual   8: 186253312 op, 87260.00 ns, 0.0005 ns/op
OverheadActual   9: 186253312 op, 90113.00 ns, 0.0005 ns/op
OverheadActual  10: 186253312 op, 87127.00 ns, 0.0005 ns/op
OverheadActual  11: 186253312 op, 88941.00 ns, 0.0005 ns/op
OverheadActual  12: 186253312 op, 87215.00 ns, 0.0005 ns/op
OverheadActual  13: 186253312 op, 89426.00 ns, 0.0005 ns/op
OverheadActual  14: 186253312 op, 87014.00 ns, 0.0005 ns/op
OverheadActual  15: 186253312 op, 87107.00 ns, 0.0005 ns/op

WorkloadWarmup   1: 186253312 op, 247680335.00 ns, 1.3298 ns/op
WorkloadWarmup   2: 186253312 op, 246881944.00 ns, 1.3255 ns/op
WorkloadWarmup   3: 186253312 op, 249477884.00 ns, 1.3395 ns/op
WorkloadWarmup   4: 186253312 op, 248929424.00 ns, 1.3365 ns/op
WorkloadWarmup   5: 186253312 op, 250609618.00 ns, 1.3455 ns/op
WorkloadWarmup   6: 186253312 op, 248971442.00 ns, 1.3367 ns/op
WorkloadWarmup   7: 186253312 op, 247196191.00 ns, 1.3272 ns/op
WorkloadWarmup   8: 186253312 op, 248530719.00 ns, 1.3344 ns/op
WorkloadWarmup   9: 186253312 op, 282578970.00 ns, 1.5172 ns/op
WorkloadWarmup  10: 186253312 op, 249214072.00 ns, 1.3380 ns/op
WorkloadWarmup  11: 186253312 op, 256493632.00 ns, 1.3771 ns/op
WorkloadWarmup  12: 186253312 op, 246370672.00 ns, 1.3228 ns/op
WorkloadWarmup  13: 186253312 op, 245062471.00 ns, 1.3157 ns/op
WorkloadWarmup  14: 186253312 op, 248983893.00 ns, 1.3368 ns/op
WorkloadWarmup  15: 186253312 op, 247385246.00 ns, 1.3282 ns/op
WorkloadWarmup  16: 186253312 op, 247679314.00 ns, 1.3298 ns/op

// BeforeActualRun
WorkloadActual   1: 186253312 op, 249438425.00 ns, 1.3392 ns/op
WorkloadActual   2: 186253312 op, 246336030.00 ns, 1.3226 ns/op
WorkloadActual   3: 186253312 op, 249512374.00 ns, 1.3396 ns/op
WorkloadActual   4: 186253312 op, 248289409.00 ns, 1.3331 ns/op
WorkloadActual   5: 186253312 op, 250552613.00 ns, 1.3452 ns/op
WorkloadActual   6: 186253312 op, 255572318.00 ns, 1.3722 ns/op
WorkloadActual   7: 186253312 op, 248700112.00 ns, 1.3353 ns/op
WorkloadActual   8: 186253312 op, 261712326.00 ns, 1.4051 ns/op
WorkloadActual   9: 186253312 op, 248048255.00 ns, 1.3318 ns/op
WorkloadActual  10: 186253312 op, 246611704.00 ns, 1.3241 ns/op
WorkloadActual  11: 186253312 op, 247404079.00 ns, 1.3283 ns/op
WorkloadActual  12: 186253312 op, 248671585.00 ns, 1.3351 ns/op

// AfterActualRun
WorkloadResult   1: 186253312 op, 249351210.00 ns, 1.3388 ns/op
WorkloadResult   2: 186253312 op, 246248815.00 ns, 1.3221 ns/op
WorkloadResult   3: 186253312 op, 249425159.00 ns, 1.3392 ns/op
WorkloadResult   4: 186253312 op, 248202194.00 ns, 1.3326 ns/op
WorkloadResult   5: 186253312 op, 250465398.00 ns, 1.3448 ns/op
WorkloadResult   6: 186253312 op, 248612897.00 ns, 1.3348 ns/op
WorkloadResult   7: 186253312 op, 247961040.00 ns, 1.3313 ns/op
WorkloadResult   8: 186253312 op, 246524489.00 ns, 1.3236 ns/op
WorkloadResult   9: 186253312 op, 247316864.00 ns, 1.3279 ns/op
WorkloadResult  10: 186253312 op, 248584370.00 ns, 1.3347 ns/op
// GC:  0 0 0 0 186253312
// Threading:  0 0 186253312

// AfterAll
// Benchmark Process 2118526 has exited with code 0.

Mean = 1.333 ns, StdErr = 0.002 ns (0.17%), N = 10, StdDev = 0.007 ns
Min = 1.322 ns, Q1 = 1.329 ns, Median = 1.334 ns, Q3 = 1.338 ns, Max = 1.345 ns
IQR = 0.009 ns, LowerFence = 1.315 ns, UpperFence = 1.351 ns
ConfidenceInterval = [1.322 ns; 1.344 ns] (CI 99.9%), Margin = 0.011 ns (0.80% of Mean)
Skewness = -0.04, Kurtosis = 1.75, MValue = 2

// ** Remained 26 (86.7%) benchmark(s) to run. Estimated finish 2026-09-12 10:43 (0h 2m from now) **
// **************************
// Benchmark: DataAuthoredQueryBenchmarks.GeneratedShape: Jit(IterationCount=12, IterationTime=250ms, WarmupCount=16) [Shape=OneTrack, Pattern=Alternating]
// *** Execute ***
// Launch: 1 / 1
// Execute: dotnet Alpha-Jit-1.dll --anonymousPipes 157 158 --benchmarkName "DataAuthoredQueryBenchmarks.GeneratedShape(Shape: OneTrack, Pattern: Alternating)" --job Jit --benchmarkId 4 in /home/i/GitHub/tl-56-feat-data-authored-api/benchmarks/Alpha/bin/Release/net10.0/Alpha-Jit-1/bin/Release/net10.0
// Failed to set up high priority (Permission denied). In order to run benchmarks with high priority, make sure you have the right permissions.
// BeforeAnythingElse

// Benchmark Process Environment Information:
// BenchmarkDotNet v0.15.8
// Runtime=.NET 10.0.12 (10.0.12, 10.0.1226.42308), X64 RyuJIT x86-64-v3
// GC=Concurrent Workstation
// HardwareIntrinsics=AVX2+BMI1+BMI2+F16C+FMA+LZCNT+MOVBE,AVX,SSE3+SSSE3+SSE4.1+SSE4.2+POPCNT,X86Base+SSE+SSE2,AES+PCLMUL,AvxVnni,SERIALIZE VectorSize=256
// Job: Jit(IterationCount=12, IterationTime=250ms, WarmupCount=16)

OverheadJitting  1: 4096 op, 104280.00 ns, 25.4590 ns/op
WorkloadJitting  1: 4096 op, 247347.00 ns, 60.3875 ns/op

OverheadJitting  2: 65536 op, 122769.00 ns, 1.8733 ns/op
WorkloadJitting  2: 65536 op, 1911615.00 ns, 29.1689 ns/op

WorkloadPilot    1: 65536 op, 638937.00 ns, 9.7494 ns/op
WorkloadPilot    2: 25690112 op, 221221674.00 ns, 8.6112 ns/op
WorkloadPilot    3: 29032448 op, 247344627.00 ns, 8.5196 ns/op
WorkloadPilot    4: 29360128 op, 256505948.00 ns, 8.7365 ns/op
WorkloadPilot    5: 28639232 op, 246060924.00 ns, 8.5917 ns/op
WorkloadPilot    6: 29097984 op, 248196597.00 ns, 8.5297 ns/op
WorkloadPilot    7: 29360128 op, 252781284.00 ns, 8.6097 ns/op
WorkloadPilot    8: 29097984 op, 251343944.00 ns, 8.6378 ns/op

OverheadWarmup   1: 29097984 op, 11848.00 ns, 0.0004 ns/op
OverheadWarmup   2: 29097984 op, 14267.00 ns, 0.0005 ns/op
OverheadWarmup   3: 29097984 op, 11975.00 ns, 0.0004 ns/op
OverheadWarmup   4: 29097984 op, 11196.00 ns, 0.0004 ns/op
OverheadWarmup   5: 29097984 op, 11188.00 ns, 0.0004 ns/op
OverheadWarmup   6: 29097984 op, 10987.00 ns, 0.0004 ns/op
OverheadWarmup   7: 29097984 op, 10956.00 ns, 0.0004 ns/op
OverheadWarmup   8: 29097984 op, 10998.00 ns, 0.0004 ns/op
OverheadWarmup   9: 29097984 op, 10971.00 ns, 0.0004 ns/op

OverheadActual   1: 29097984 op, 11269.00 ns, 0.0004 ns/op
OverheadActual   2: 29097984 op, 11204.00 ns, 0.0004 ns/op
OverheadActual   3: 29097984 op, 11221.00 ns, 0.0004 ns/op
OverheadActual   4: 29097984 op, 11049.00 ns, 0.0004 ns/op
OverheadActual   5: 29097984 op, 11249.00 ns, 0.0004 ns/op
OverheadActual   6: 29097984 op, 11007.00 ns, 0.0004 ns/op
OverheadActual   7: 29097984 op, 10956.00 ns, 0.0004 ns/op
OverheadActual   8: 29097984 op, 10946.00 ns, 0.0004 ns/op
OverheadActual   9: 29097984 op, 10963.00 ns, 0.0004 ns/op
OverheadActual  10: 29097984 op, 10956.00 ns, 0.0004 ns/op
OverheadActual  11: 29097984 op, 10966.00 ns, 0.0004 ns/op
OverheadActual  12: 29097984 op, 10973.00 ns, 0.0004 ns/op
OverheadActual  13: 29097984 op, 10976.00 ns, 0.0004 ns/op
OverheadActual  14: 29097984 op, 15359.00 ns, 0.0005 ns/op
OverheadActual  15: 29097984 op, 10955.00 ns, 0.0004 ns/op

WorkloadWarmup   1: 29097984 op, 251717471.00 ns, 8.6507 ns/op
WorkloadWarmup   2: 29097984 op, 247574136.00 ns, 8.5083 ns/op
WorkloadWarmup   3: 29097984 op, 247910766.00 ns, 8.5199 ns/op
WorkloadWarmup   4: 29097984 op, 248568444.00 ns, 8.5425 ns/op
WorkloadWarmup   5: 29097984 op, 216673073.00 ns, 7.4463 ns/op
WorkloadWarmup   6: 29097984 op, 60561144.00 ns, 2.0813 ns/op
WorkloadWarmup   7: 29097984 op, 62127900.00 ns, 2.1351 ns/op
WorkloadWarmup   8: 29097984 op, 60540796.00 ns, 2.0806 ns/op
WorkloadWarmup   9: 29097984 op, 63330459.00 ns, 2.1765 ns/op
WorkloadWarmup  10: 29097984 op, 61786351.00 ns, 2.1234 ns/op
WorkloadWarmup  11: 29097984 op, 61703571.00 ns, 2.1205 ns/op
WorkloadWarmup  12: 29097984 op, 60128511.00 ns, 2.0664 ns/op
WorkloadWarmup  13: 29097984 op, 64692335.00 ns, 2.2233 ns/op
WorkloadWarmup  14: 29097984 op, 60401790.00 ns, 2.0758 ns/op
WorkloadWarmup  15: 29097984 op, 59820846.00 ns, 2.0558 ns/op
WorkloadWarmup  16: 29097984 op, 61053925.00 ns, 2.0982 ns/op

// BeforeActualRun
WorkloadActual   1: 29097984 op, 61518428.00 ns, 2.1142 ns/op
WorkloadActual   2: 29097984 op, 61046439.00 ns, 2.0980 ns/op
WorkloadActual   3: 29097984 op, 61138948.00 ns, 2.1011 ns/op
WorkloadActual   4: 29097984 op, 60885459.00 ns, 2.0924 ns/op
WorkloadActual   5: 29097984 op, 59406801.00 ns, 2.0416 ns/op
WorkloadActual   6: 29097984 op, 60619508.00 ns, 2.0833 ns/op
WorkloadActual   7: 29097984 op, 63293763.00 ns, 2.1752 ns/op
WorkloadActual   8: 29097984 op, 61230033.00 ns, 2.1043 ns/op
WorkloadActual   9: 29097984 op, 60197468.00 ns, 2.0688 ns/op
WorkloadActual  10: 29097984 op, 60952003.00 ns, 2.0947 ns/op
WorkloadActual  11: 29097984 op, 63763135.00 ns, 2.1913 ns/op
WorkloadActual  12: 29097984 op, 60736410.00 ns, 2.0873 ns/op

// AfterActualRun
WorkloadResult   1: 29097984 op, 61507452.00 ns, 2.1138 ns/op
WorkloadResult   2: 29097984 op, 61035463.00 ns, 2.0976 ns/op
WorkloadResult   3: 29097984 op, 61127972.00 ns, 2.1008 ns/op
WorkloadResult   4: 29097984 op, 60874483.00 ns, 2.0921 ns/op
WorkloadResult   5: 29097984 op, 59395825.00 ns, 2.0412 ns/op
WorkloadResult   6: 29097984 op, 60608532.00 ns, 2.0829 ns/op
WorkloadResult   7: 29097984 op, 61219057.00 ns, 2.1039 ns/op
WorkloadResult   8: 29097984 op, 60186492.00 ns, 2.0684 ns/op
WorkloadResult   9: 29097984 op, 60941027.00 ns, 2.0943 ns/op
WorkloadResult  10: 29097984 op, 60725434.00 ns, 2.0869 ns/op
// GC:  0 0 0 0 29097984
// Threading:  0 0 29097984

// AfterAll
// Benchmark Process 2129152 has exited with code 0.

Mean = 2.088 ns, StdErr = 0.007 ns (0.31%), N = 10, StdDev = 0.021 ns
Min = 2.041 ns, Q1 = 2.084 ns, Median = 2.093 ns, Q3 = 2.100 ns, Max = 2.114 ns
IQR = 0.016 ns, LowerFence = 2.060 ns, UpperFence = 2.124 ns
ConfidenceInterval = [2.057 ns; 2.119 ns] (CI 99.9%), Margin = 0.031 ns (1.49% of Mean)
Skewness = -1, Kurtosis = 3.06, MValue = 2

// ** Remained 25 (83.3%) benchmark(s) to run. Estimated finish 2026-09-12 10:43 (0h 2m from now) **
// **************************
// Benchmark: DataAuthoredQueryBenchmarks.DataAuthoredFacade: Jit(IterationCount=12, IterationTime=250ms, WarmupCount=16) [Shape=OneTrack, Pattern=Alternating]
// *** Execute ***
// Launch: 1 / 1
// Execute: dotnet Alpha-Jit-1.dll --anonymousPipes 157 158 --benchmarkName "DataAuthoredQueryBenchmarks.DataAuthoredFacade(Shape: OneTrack, Pattern: Alternating)" --job Jit --benchmarkId 5 in /home/i/GitHub/tl-56-feat-data-authored-api/benchmarks/Alpha/bin/Release/net10.0/Alpha-Jit-1/bin/Release/net10.0
// Failed to set up high priority (Permission denied). In order to run benchmarks with high priority, make sure you have the right permissions.
// BeforeAnythingElse

// Benchmark Process Environment Information:
// BenchmarkDotNet v0.15.8
// Runtime=.NET 10.0.12 (10.0.12, 10.0.1226.42308), X64 RyuJIT x86-64-v3
// GC=Concurrent Workstation
// HardwareIntrinsics=AVX2+BMI1+BMI2+F16C+FMA+LZCNT+MOVBE,AVX,SSE3+SSSE3+SSE4.1+SSE4.2+POPCNT,X86Base+SSE+SSE2,AES+PCLMUL,AvxVnni,SERIALIZE VectorSize=256
// Job: Jit(IterationCount=12, IterationTime=250ms, WarmupCount=16)

OverheadJitting  1: 4096 op, 101978.00 ns, 24.8970 ns/op
WorkloadJitting  1: 4096 op, 251554.00 ns, 61.4146 ns/op

OverheadJitting  2: 65536 op, 120196.00 ns, 1.8340 ns/op
WorkloadJitting  2: 65536 op, 3152907.00 ns, 48.1095 ns/op

WorkloadPilot    1: 65536 op, 2064446.00 ns, 31.5009 ns/op
WorkloadPilot    2: 7995392 op, 243613395.00 ns, 30.4692 ns/op
WorkloadPilot    3: 8257536 op, 250620869.00 ns, 30.3506 ns/op

OverheadWarmup   1: 8257536 op, 3752.00 ns, 0.0005 ns/op
OverheadWarmup   2: 8257536 op, 3159.00 ns, 0.0004 ns/op
OverheadWarmup   3: 8257536 op, 3194.00 ns, 0.0004 ns/op
OverheadWarmup   4: 8257536 op, 3197.00 ns, 0.0004 ns/op
OverheadWarmup   5: 8257536 op, 3155.00 ns, 0.0004 ns/op
OverheadWarmup   6: 8257536 op, 3082.00 ns, 0.0004 ns/op
OverheadWarmup   7: 8257536 op, 3185.00 ns, 0.0004 ns/op
OverheadWarmup   8: 8257536 op, 3130.00 ns, 0.0004 ns/op

OverheadActual   1: 8257536 op, 3428.00 ns, 0.0004 ns/op
OverheadActual   2: 8257536 op, 3332.00 ns, 0.0004 ns/op
OverheadActual   3: 8257536 op, 3352.00 ns, 0.0004 ns/op
OverheadActual   4: 8257536 op, 3202.00 ns, 0.0004 ns/op
OverheadActual   5: 8257536 op, 3366.00 ns, 0.0004 ns/op
OverheadActual   6: 8257536 op, 3157.00 ns, 0.0004 ns/op
OverheadActual   7: 8257536 op, 3137.00 ns, 0.0004 ns/op
OverheadActual   8: 8257536 op, 3343.00 ns, 0.0004 ns/op
OverheadActual   9: 8257536 op, 3183.00 ns, 0.0004 ns/op
OverheadActual  10: 8257536 op, 3126.00 ns, 0.0004 ns/op
OverheadActual  11: 8257536 op, 3134.00 ns, 0.0004 ns/op
OverheadActual  12: 8257536 op, 3128.00 ns, 0.0004 ns/op
OverheadActual  13: 8257536 op, 3133.00 ns, 0.0004 ns/op
OverheadActual  14: 8257536 op, 3134.00 ns, 0.0004 ns/op
OverheadActual  15: 8257536 op, 3150.00 ns, 0.0004 ns/op

WorkloadWarmup   1: 8257536 op, 251946113.00 ns, 30.5111 ns/op
WorkloadWarmup   2: 8257536 op, 253457090.00 ns, 30.6940 ns/op
WorkloadWarmup   3: 8257536 op, 252481157.00 ns, 30.5758 ns/op
WorkloadWarmup   4: 8257536 op, 252346724.00 ns, 30.5596 ns/op
WorkloadWarmup   5: 8257536 op, 251731348.00 ns, 30.4850 ns/op
WorkloadWarmup   6: 8257536 op, 196237842.00 ns, 23.7647 ns/op
WorkloadWarmup   7: 8257536 op, 113484104.00 ns, 13.7431 ns/op
WorkloadWarmup   8: 8257536 op, 115956104.00 ns, 14.0425 ns/op
WorkloadWarmup   9: 8257536 op, 114192769.00 ns, 13.8289 ns/op
WorkloadWarmup  10: 8257536 op, 114853883.00 ns, 13.9090 ns/op
WorkloadWarmup  11: 8257536 op, 114159992.00 ns, 13.8249 ns/op
WorkloadWarmup  12: 8257536 op, 114346805.00 ns, 13.8476 ns/op
WorkloadWarmup  13: 8257536 op, 114071562.00 ns, 13.8142 ns/op
WorkloadWarmup  14: 8257536 op, 114700479.00 ns, 13.8904 ns/op
WorkloadWarmup  15: 8257536 op, 124941577.00 ns, 15.1306 ns/op
WorkloadWarmup  16: 8257536 op, 116029444.00 ns, 14.0513 ns/op

// BeforeActualRun
WorkloadActual   1: 8257536 op, 114332310.00 ns, 13.8458 ns/op
WorkloadActual   2: 8257536 op, 114861783.00 ns, 13.9099 ns/op
WorkloadActual   3: 8257536 op, 116224166.00 ns, 14.0749 ns/op
WorkloadActual   4: 8257536 op, 120024690.00 ns, 14.5352 ns/op
WorkloadActual   5: 8257536 op, 121509137.00 ns, 14.7149 ns/op
WorkloadActual   6: 8257536 op, 115182444.00 ns, 13.9488 ns/op
WorkloadActual   7: 8257536 op, 115384946.00 ns, 13.9733 ns/op
WorkloadActual   8: 8257536 op, 115008751.00 ns, 13.9277 ns/op
WorkloadActual   9: 8257536 op, 115252478.00 ns, 13.9572 ns/op
WorkloadActual  10: 8257536 op, 114763935.00 ns, 13.8981 ns/op
WorkloadActual  11: 8257536 op, 114881809.00 ns, 13.9124 ns/op
WorkloadActual  12: 8257536 op, 115062924.00 ns, 13.9343 ns/op

// AfterActualRun
WorkloadResult   1: 8257536 op, 114329153.00 ns, 13.8454 ns/op
WorkloadResult   2: 8257536 op, 114858626.00 ns, 13.9096 ns/op
WorkloadResult   3: 8257536 op, 116221009.00 ns, 14.0745 ns/op
WorkloadResult   4: 8257536 op, 115179287.00 ns, 13.9484 ns/op
WorkloadResult   5: 8257536 op, 115381789.00 ns, 13.9729 ns/op
WorkloadResult   6: 8257536 op, 115005594.00 ns, 13.9273 ns/op
WorkloadResult   7: 8257536 op, 115249321.00 ns, 13.9569 ns/op
WorkloadResult   8: 8257536 op, 114760778.00 ns, 13.8977 ns/op
WorkloadResult   9: 8257536 op, 114878652.00 ns, 13.9120 ns/op
WorkloadResult  10: 8257536 op, 115059767.00 ns, 13.9339 ns/op
// GC:  0 0 0 0 8257536
// Threading:  0 0 8257536

// AfterAll
// Benchmark Process 2133938 has exited with code 0.

Mean = 13.938 ns, StdErr = 0.019 ns (0.14%), N = 10, StdDev = 0.060 ns
Min = 13.845 ns, Q1 = 13.910 ns, Median = 13.931 ns, Q3 = 13.955 ns, Max = 14.075 ns
IQR = 0.045 ns, LowerFence = 13.843 ns, UpperFence = 14.022 ns
ConfidenceInterval = [13.848 ns; 14.028 ns] (CI 99.9%), Margin = 0.090 ns (0.65% of Mean)
Skewness = 0.8, Kurtosis = 3.35, MValue = 2

// ** Remained 24 (80.0%) benchmark(s) to run. Estimated finish 2026-09-12 10:43 (0h 2m from now) **
// **************************
// Benchmark: DataAuthoredQueryBenchmarks.DirectShape: Jit(IterationCount=12, IterationTime=250ms, WarmupCount=16) [Shape=ThreeTracks, Pattern=Forward]
// *** Execute ***
// Launch: 1 / 1
// Execute: dotnet Alpha-Jit-1.dll --anonymousPipes 157 158 --benchmarkName "DataAuthoredQueryBenchmarks.DirectShape(Shape: ThreeTracks, Pattern: Forward)" --job Jit --benchmarkId 6 in /home/i/GitHub/tl-56-feat-data-authored-api/benchmarks/Alpha/bin/Release/net10.0/Alpha-Jit-1/bin/Release/net10.0
// Failed to set up high priority (Permission denied). In order to run benchmarks with high priority, make sure you have the right permissions.
// BeforeAnythingElse

// Benchmark Process Environment Information:
// BenchmarkDotNet v0.15.8
// Runtime=.NET 10.0.12 (10.0.12, 10.0.1226.42308), X64 RyuJIT x86-64-v3
// GC=Concurrent Workstation
// HardwareIntrinsics=AVX2+BMI1+BMI2+F16C+FMA+LZCNT+MOVBE,AVX,SSE3+SSSE3+SSE4.1+SSE4.2+POPCNT,X86Base+SSE+SSE2,AES+PCLMUL,AvxVnni,SERIALIZE VectorSize=256
// Job: Jit(IterationCount=12, IterationTime=250ms, WarmupCount=16)

OverheadJitting  1: 4096 op, 107833.00 ns, 26.3264 ns/op
WorkloadJitting  1: 4096 op, 1340865.00 ns, 327.3596 ns/op

OverheadJitting  2: 65536 op, 125497.00 ns, 1.9149 ns/op
WorkloadJitting  2: 65536 op, 447126.00 ns, 6.8226 ns/op

WorkloadPilot    1: 65536 op, 332929.00 ns, 5.0801 ns/op
WorkloadPilot    2: 49217536 op, 206256966.00 ns, 4.1907 ns/op
WorkloadPilot    3: 59703296 op, 248593157.00 ns, 4.1638 ns/op
WorkloadPilot    4: 60096512 op, 251226597.00 ns, 4.1804 ns/op
WorkloadPilot    5: 59834368 op, 250626164.00 ns, 4.1887 ns/op
WorkloadPilot    6: 59703296 op, 249828763.00 ns, 4.1845 ns/op
WorkloadPilot    7: 59768832 op, 253732678.00 ns, 4.2452 ns/op

OverheadWarmup   1: 59768832 op, 23102.00 ns, 0.0004 ns/op
OverheadWarmup   2: 59768832 op, 22649.00 ns, 0.0004 ns/op
OverheadWarmup   3: 59768832 op, 22513.00 ns, 0.0004 ns/op
OverheadWarmup   4: 59768832 op, 22503.00 ns, 0.0004 ns/op
OverheadWarmup   5: 59768832 op, 22521.00 ns, 0.0004 ns/op
OverheadWarmup   6: 59768832 op, 22121.00 ns, 0.0004 ns/op
OverheadWarmup   7: 59768832 op, 22507.00 ns, 0.0004 ns/op
OverheadWarmup   8: 59768832 op, 22500.00 ns, 0.0004 ns/op

OverheadActual   1: 59768832 op, 23118.00 ns, 0.0004 ns/op
OverheadActual   2: 59768832 op, 24035.00 ns, 0.0004 ns/op
OverheadActual   3: 59768832 op, 22565.00 ns, 0.0004 ns/op
OverheadActual   4: 59768832 op, 22331.00 ns, 0.0004 ns/op
OverheadActual   5: 59768832 op, 22807.00 ns, 0.0004 ns/op
OverheadActual   6: 59768832 op, 22526.00 ns, 0.0004 ns/op
OverheadActual   7: 59768832 op, 22525.00 ns, 0.0004 ns/op
OverheadActual   8: 59768832 op, 22512.00 ns, 0.0004 ns/op
OverheadActual   9: 59768832 op, 28291.00 ns, 0.0005 ns/op
OverheadActual  10: 59768832 op, 22507.00 ns, 0.0004 ns/op
OverheadActual  11: 59768832 op, 22517.00 ns, 0.0004 ns/op
OverheadActual  12: 59768832 op, 22528.00 ns, 0.0004 ns/op
OverheadActual  13: 59768832 op, 22526.00 ns, 0.0004 ns/op
OverheadActual  14: 59768832 op, 22553.00 ns, 0.0004 ns/op
OverheadActual  15: 59768832 op, 22546.00 ns, 0.0004 ns/op

WorkloadWarmup   1: 59768832 op, 248664602.00 ns, 4.1604 ns/op
WorkloadWarmup   2: 59768832 op, 250282301.00 ns, 4.1875 ns/op
WorkloadWarmup   3: 59768832 op, 250456716.00 ns, 4.1904 ns/op
WorkloadWarmup   4: 59768832 op, 249594448.00 ns, 4.1760 ns/op
WorkloadWarmup   5: 59768832 op, 249240891.00 ns, 4.1701 ns/op
WorkloadWarmup   6: 59768832 op, 231616876.00 ns, 3.8752 ns/op
WorkloadWarmup   7: 59768832 op, 136295304.00 ns, 2.2804 ns/op
WorkloadWarmup   8: 59768832 op, 137601442.00 ns, 2.3022 ns/op
WorkloadWarmup   9: 59768832 op, 134688980.00 ns, 2.2535 ns/op
WorkloadWarmup  10: 59768832 op, 139324074.00 ns, 2.3310 ns/op
WorkloadWarmup  11: 59768832 op, 138433925.00 ns, 2.3162 ns/op
WorkloadWarmup  12: 59768832 op, 139232698.00 ns, 2.3295 ns/op
WorkloadWarmup  13: 59768832 op, 136276376.00 ns, 2.2801 ns/op
WorkloadWarmup  14: 59768832 op, 136290533.00 ns, 2.2803 ns/op
WorkloadWarmup  15: 59768832 op, 133945838.00 ns, 2.2411 ns/op
WorkloadWarmup  16: 59768832 op, 135220267.00 ns, 2.2624 ns/op

// BeforeActualRun
WorkloadActual   1: 59768832 op, 137580143.00 ns, 2.3019 ns/op
WorkloadActual   2: 59768832 op, 134296577.00 ns, 2.2469 ns/op
WorkloadActual   3: 59768832 op, 134465251.00 ns, 2.2498 ns/op
WorkloadActual   4: 59768832 op, 136410688.00 ns, 2.2823 ns/op
WorkloadActual   5: 59768832 op, 136568269.00 ns, 2.2849 ns/op
WorkloadActual   6: 59768832 op, 139771454.00 ns, 2.3385 ns/op
WorkloadActual   7: 59768832 op, 137838839.00 ns, 2.3062 ns/op
WorkloadActual   8: 59768832 op, 137086876.00 ns, 2.2936 ns/op
WorkloadActual   9: 59768832 op, 132879569.00 ns, 2.2232 ns/op
WorkloadActual  10: 59768832 op, 136438911.00 ns, 2.2828 ns/op
WorkloadActual  11: 59768832 op, 134951126.00 ns, 2.2579 ns/op
WorkloadActual  12: 59768832 op, 157308435.00 ns, 2.6319 ns/op

// AfterActualRun
WorkloadResult   1: 59768832 op, 137557615.00 ns, 2.3015 ns/op
WorkloadResult   2: 59768832 op, 134274049.00 ns, 2.2466 ns/op
WorkloadResult   3: 59768832 op, 134442723.00 ns, 2.2494 ns/op
WorkloadResult   4: 59768832 op, 136388160.00 ns, 2.2819 ns/op
WorkloadResult   5: 59768832 op, 136545741.00 ns, 2.2846 ns/op
WorkloadResult   6: 59768832 op, 139748926.00 ns, 2.3382 ns/op
WorkloadResult   7: 59768832 op, 137816311.00 ns, 2.3058 ns/op
WorkloadResult   8: 59768832 op, 137064348.00 ns, 2.2932 ns/op
WorkloadResult   9: 59768832 op, 132857041.00 ns, 2.2228 ns/op
WorkloadResult  10: 59768832 op, 136416383.00 ns, 2.2824 ns/op
WorkloadResult  11: 59768832 op, 134928598.00 ns, 2.2575 ns/op
// GC:  0 0 0 0 59768832
// Threading:  0 0 59768832

// AfterAll
// Benchmark Process 2139188 has exited with code 0.

Mean = 2.279 ns, StdErr = 0.010 ns (0.43%), N = 11, StdDev = 0.032 ns
Min = 2.223 ns, Q1 = 2.253 ns, Median = 2.282 ns, Q3 = 2.297 ns, Max = 2.338 ns
IQR = 0.044 ns, LowerFence = 2.188 ns, UpperFence = 2.363 ns
ConfidenceInterval = [2.234 ns; 2.323 ns] (CI 99.9%), Margin = 0.045 ns (1.97% of Mean)
Skewness = 0.02, Kurtosis = 2.06, MValue = 2

// ** Remained 23 (76.7%) benchmark(s) to run. Estimated finish 2026-09-12 10:43 (0h 2m from now) **
// **************************
// Benchmark: DataAuthoredQueryBenchmarks.GeneratedShape: Jit(IterationCount=12, IterationTime=250ms, WarmupCount=16) [Shape=ThreeTracks, Pattern=Forward]
// *** Execute ***
// Launch: 1 / 1
// Execute: dotnet Alpha-Jit-1.dll --anonymousPipes 157 158 --benchmarkName "DataAuthoredQueryBenchmarks.GeneratedShape(Shape: ThreeTracks, Pattern: Forward)" --job Jit --benchmarkId 7 in /home/i/GitHub/tl-56-feat-data-authored-api/benchmarks/Alpha/bin/Release/net10.0/Alpha-Jit-1/bin/Release/net10.0
// Failed to set up high priority (Permission denied). In order to run benchmarks with high priority, make sure you have the right permissions.
// BeforeAnythingElse

// Benchmark Process Environment Information:
// BenchmarkDotNet v0.15.8
// Runtime=.NET 10.0.12 (10.0.12, 10.0.1226.42308), X64 RyuJIT x86-64-v3
// GC=Concurrent Workstation
// HardwareIntrinsics=AVX2+BMI1+BMI2+F16C+FMA+LZCNT+MOVBE,AVX,SSE3+SSSE3+SSE4.1+SSE4.2+POPCNT,X86Base+SSE+SSE2,AES+PCLMUL,AvxVnni,SERIALIZE VectorSize=256
// Job: Jit(IterationCount=12, IterationTime=250ms, WarmupCount=16)

OverheadJitting  1: 4096 op, 109165.00 ns, 26.6516 ns/op
WorkloadJitting  1: 4096 op, 336786.00 ns, 82.2231 ns/op

OverheadJitting  2: 65536 op, 122698.00 ns, 1.8722 ns/op
WorkloadJitting  2: 65536 op, 1998887.00 ns, 30.5006 ns/op

WorkloadPilot    1: 65536 op, 1079928.00 ns, 16.4784 ns/op
WorkloadPilot    2: 15204352 op, 244537600.00 ns, 16.0834 ns/op
WorkloadPilot    3: 15597568 op, 252519507.00 ns, 16.1897 ns/op
WorkloadPilot    4: 15466496 op, 249389116.00 ns, 16.1245 ns/op
WorkloadPilot    5: 15532032 op, 248786840.00 ns, 16.0177 ns/op
WorkloadPilot    6: 15663104 op, 255497174.00 ns, 16.3120 ns/op
WorkloadPilot    7: 15335424 op, 245800348.00 ns, 16.0283 ns/op
WorkloadPilot    8: 15597568 op, 247631190.00 ns, 15.8763 ns/op
WorkloadPilot    9: 15794176 op, 195999345.00 ns, 12.4096 ns/op
WorkloadPilot   10: 20185088 op, 78181479.00 ns, 3.8732 ns/op
WorkloadPilot   11: 64552960 op, 247925699.00 ns, 3.8407 ns/op
WorkloadPilot   12: 65142784 op, 252948708.00 ns, 3.8830 ns/op

OverheadWarmup   1: 65142784 op, 31714.00 ns, 0.0005 ns/op
OverheadWarmup   2: 65142784 op, 30647.00 ns, 0.0005 ns/op
OverheadWarmup   3: 65142784 op, 30440.00 ns, 0.0005 ns/op
OverheadWarmup   4: 65142784 op, 30429.00 ns, 0.0005 ns/op
OverheadWarmup   5: 65142784 op, 31698.00 ns, 0.0005 ns/op
OverheadWarmup   6: 65142784 op, 33072.00 ns, 0.0005 ns/op
OverheadWarmup   7: 65142784 op, 29895.00 ns, 0.0005 ns/op
OverheadWarmup   8: 65142784 op, 29947.00 ns, 0.0005 ns/op
OverheadWarmup   9: 65142784 op, 30013.00 ns, 0.0005 ns/op
OverheadWarmup  10: 65142784 op, 29872.00 ns, 0.0005 ns/op

OverheadActual   1: 65142784 op, 34558.00 ns, 0.0005 ns/op
OverheadActual   2: 65142784 op, 30688.00 ns, 0.0005 ns/op
OverheadActual   3: 65142784 op, 31121.00 ns, 0.0005 ns/op
OverheadActual   4: 65142784 op, 30483.00 ns, 0.0005 ns/op
OverheadActual   5: 65142784 op, 30664.00 ns, 0.0005 ns/op
OverheadActual   6: 65142784 op, 34057.00 ns, 0.0005 ns/op
OverheadActual   7: 65142784 op, 30961.00 ns, 0.0005 ns/op
OverheadActual   8: 65142784 op, 30458.00 ns, 0.0005 ns/op
OverheadActual   9: 65142784 op, 30440.00 ns, 0.0005 ns/op
OverheadActual  10: 65142784 op, 30440.00 ns, 0.0005 ns/op
OverheadActual  11: 65142784 op, 30626.00 ns, 0.0005 ns/op
OverheadActual  12: 65142784 op, 30439.00 ns, 0.0005 ns/op
OverheadActual  13: 65142784 op, 30451.00 ns, 0.0005 ns/op
OverheadActual  14: 65142784 op, 30442.00 ns, 0.0005 ns/op
OverheadActual  15: 65142784 op, 30580.00 ns, 0.0005 ns/op

WorkloadWarmup   1: 65142784 op, 252778594.00 ns, 3.8804 ns/op
WorkloadWarmup   2: 65142784 op, 246362467.00 ns, 3.7819 ns/op
WorkloadWarmup   3: 65142784 op, 250964853.00 ns, 3.8525 ns/op
WorkloadWarmup   4: 65142784 op, 249460510.00 ns, 3.8294 ns/op
WorkloadWarmup   5: 65142784 op, 249271634.00 ns, 3.8265 ns/op
WorkloadWarmup   6: 65142784 op, 249886691.00 ns, 3.8360 ns/op
WorkloadWarmup   7: 65142784 op, 255643591.00 ns, 3.9244 ns/op
WorkloadWarmup   8: 65142784 op, 264062710.00 ns, 4.0536 ns/op
WorkloadWarmup   9: 65142784 op, 251023730.00 ns, 3.8534 ns/op
WorkloadWarmup  10: 65142784 op, 250595933.00 ns, 3.8469 ns/op
WorkloadWarmup  11: 65142784 op, 248036746.00 ns, 3.8076 ns/op
WorkloadWarmup  12: 65142784 op, 252548911.00 ns, 3.8769 ns/op
WorkloadWarmup  13: 65142784 op, 279492035.00 ns, 4.2905 ns/op
WorkloadWarmup  14: 65142784 op, 252666925.00 ns, 3.8787 ns/op
WorkloadWarmup  15: 65142784 op, 250578835.00 ns, 3.8466 ns/op
WorkloadWarmup  16: 65142784 op, 251093356.00 ns, 3.8545 ns/op

// BeforeActualRun
WorkloadActual   1: 65142784 op, 250448877.00 ns, 3.8446 ns/op
WorkloadActual   2: 65142784 op, 251085600.00 ns, 3.8544 ns/op
WorkloadActual   3: 65142784 op, 249128487.00 ns, 3.8243 ns/op
WorkloadActual   4: 65142784 op, 249206552.00 ns, 3.8255 ns/op
WorkloadActual   5: 65142784 op, 255194998.00 ns, 3.9175 ns/op
WorkloadActual   6: 65142784 op, 254530329.00 ns, 3.9073 ns/op
WorkloadActual   7: 65142784 op, 260198724.00 ns, 3.9943 ns/op
WorkloadActual   8: 65142784 op, 252229146.00 ns, 3.8719 ns/op
WorkloadActual   9: 65142784 op, 250678550.00 ns, 3.8481 ns/op
WorkloadActual  10: 65142784 op, 249847929.00 ns, 3.8354 ns/op
WorkloadActual  11: 65142784 op, 253648454.00 ns, 3.8937 ns/op
WorkloadActual  12: 65142784 op, 262011771.00 ns, 4.0221 ns/op

// AfterActualRun
WorkloadResult   1: 65142784 op, 250418297.00 ns, 3.8441 ns/op
WorkloadResult   2: 65142784 op, 251055020.00 ns, 3.8539 ns/op
WorkloadResult   3: 65142784 op, 249097907.00 ns, 3.8239 ns/op
WorkloadResult   4: 65142784 op, 249175972.00 ns, 3.8251 ns/op
WorkloadResult   5: 65142784 op, 255164418.00 ns, 3.9170 ns/op
WorkloadResult   6: 65142784 op, 254499749.00 ns, 3.9068 ns/op
WorkloadResult   7: 65142784 op, 260168144.00 ns, 3.9938 ns/op
WorkloadResult   8: 65142784 op, 252198566.00 ns, 3.8715 ns/op
WorkloadResult   9: 65142784 op, 250647970.00 ns, 3.8477 ns/op
WorkloadResult  10: 65142784 op, 249817349.00 ns, 3.8349 ns/op
WorkloadResult  11: 65142784 op, 253617874.00 ns, 3.8933 ns/op
// GC:  0 0 0 0 65142784
// Threading:  0 0 65142784

// AfterAll
// Benchmark Process 2146003 has exited with code 0.

Mean = 3.874 ns, StdErr = 0.015 ns (0.40%), N = 11, StdDev = 0.051 ns
Min = 3.824 ns, Q1 = 3.840 ns, Median = 3.854 ns, Q3 = 3.900 ns, Max = 3.994 ns
IQR = 0.060 ns, LowerFence = 3.749 ns, UpperFence = 3.991 ns
ConfidenceInterval = [3.803 ns; 3.944 ns] (CI 99.9%), Margin = 0.071 ns (1.82% of Mean)
Skewness = 1.02, Kurtosis = 3.04, MValue = 2

// ** Remained 22 (73.3%) benchmark(s) to run. Estimated finish 2026-09-12 10:43 (0h 2m from now) **
// **************************
// Benchmark: DataAuthoredQueryBenchmarks.DataAuthoredFacade: Jit(IterationCount=12, IterationTime=250ms, WarmupCount=16) [Shape=ThreeTracks, Pattern=Forward]
// *** Execute ***
// Launch: 1 / 1
// Execute: dotnet Alpha-Jit-1.dll --anonymousPipes 157 158 --benchmarkName "DataAuthoredQueryBenchmarks.DataAuthoredFacade(Shape: ThreeTracks, Pattern: Forward)" --job Jit --benchmarkId 8 in /home/i/GitHub/tl-56-feat-data-authored-api/benchmarks/Alpha/bin/Release/net10.0/Alpha-Jit-1/bin/Release/net10.0
// Failed to set up high priority (Permission denied). In order to run benchmarks with high priority, make sure you have the right permissions.
// BeforeAnythingElse

// Benchmark Process Environment Information:
// BenchmarkDotNet v0.15.8
// Runtime=.NET 10.0.12 (10.0.12, 10.0.1226.42308), X64 RyuJIT x86-64-v3
// GC=Concurrent Workstation
// HardwareIntrinsics=AVX2+BMI1+BMI2+F16C+FMA+LZCNT+MOVBE,AVX,SSE3+SSSE3+SSE4.1+SSE4.2+POPCNT,X86Base+SSE+SSE2,AES+PCLMUL,AvxVnni,SERIALIZE VectorSize=256
// Job: Jit(IterationCount=12, IterationTime=250ms, WarmupCount=16)

OverheadJitting  1: 4096 op, 109097.00 ns, 26.6350 ns/op
WorkloadJitting  1: 4096 op, 387068.00 ns, 94.4990 ns/op

OverheadJitting  2: 65536 op, 126643.00 ns, 1.9324 ns/op
WorkloadJitting  2: 65536 op, 5293652.00 ns, 80.7747 ns/op

WorkloadPilot    1: 65536 op, 4061491.00 ns, 61.9734 ns/op
WorkloadPilot    2: 4063232 op, 249910451.00 ns, 61.5053 ns/op

OverheadWarmup   1: 4063232 op, 2088.00 ns, 0.0005 ns/op
OverheadWarmup   2: 4063232 op, 1775.00 ns, 0.0004 ns/op
OverheadWarmup   3: 4063232 op, 1629.00 ns, 0.0004 ns/op
OverheadWarmup   4: 4063232 op, 1611.00 ns, 0.0004 ns/op
OverheadWarmup   5: 4063232 op, 1639.00 ns, 0.0004 ns/op
OverheadWarmup   6: 4063232 op, 1625.00 ns, 0.0004 ns/op
OverheadWarmup   7: 4063232 op, 1622.00 ns, 0.0004 ns/op
OverheadWarmup   8: 4063232 op, 1612.00 ns, 0.0004 ns/op
OverheadWarmup   9: 4063232 op, 1636.00 ns, 0.0004 ns/op
OverheadWarmup  10: 4063232 op, 1603.00 ns, 0.0004 ns/op

OverheadActual   1: 4063232 op, 1814.00 ns, 0.0004 ns/op
OverheadActual   2: 4063232 op, 1795.00 ns, 0.0004 ns/op
OverheadActual   3: 4063232 op, 1798.00 ns, 0.0004 ns/op
OverheadActual   4: 4063232 op, 1724.00 ns, 0.0004 ns/op
OverheadActual   5: 4063232 op, 1802.00 ns, 0.0004 ns/op
OverheadActual   6: 4063232 op, 1577.00 ns, 0.0004 ns/op
OverheadActual   7: 4063232 op, 1586.00 ns, 0.0004 ns/op
OverheadActual   8: 4063232 op, 1594.00 ns, 0.0004 ns/op
OverheadActual   9: 4063232 op, 1624.00 ns, 0.0004 ns/op
OverheadActual  10: 4063232 op, 1591.00 ns, 0.0004 ns/op
OverheadActual  11: 4063232 op, 1577.00 ns, 0.0004 ns/op
OverheadActual  12: 4063232 op, 1585.00 ns, 0.0004 ns/op
OverheadActual  13: 4063232 op, 1611.00 ns, 0.0004 ns/op
OverheadActual  14: 4063232 op, 1743.00 ns, 0.0004 ns/op
OverheadActual  15: 4063232 op, 1722.00 ns, 0.0004 ns/op
OverheadActual  16: 4063232 op, 1697.00 ns, 0.0004 ns/op
OverheadActual  17: 4063232 op, 1963.00 ns, 0.0005 ns/op
OverheadActual  18: 4063232 op, 1914.00 ns, 0.0005 ns/op
OverheadActual  19: 4063232 op, 1639.00 ns, 0.0004 ns/op
OverheadActual  20: 4063232 op, 1619.00 ns, 0.0004 ns/op

WorkloadWarmup   1: 4063232 op, 247638305.00 ns, 60.9461 ns/op
WorkloadWarmup   2: 4063232 op, 247679576.00 ns, 60.9563 ns/op
WorkloadWarmup   3: 4063232 op, 254704347.00 ns, 62.6852 ns/op
WorkloadWarmup   4: 4063232 op, 252269751.00 ns, 62.0860 ns/op
WorkloadWarmup   5: 4063232 op, 249039220.00 ns, 61.2909 ns/op
WorkloadWarmup   6: 4063232 op, 247599421.00 ns, 60.9366 ns/op
WorkloadWarmup   7: 4063232 op, 201077679.00 ns, 49.4871 ns/op
WorkloadWarmup   8: 4063232 op, 91579380.00 ns, 22.5386 ns/op
WorkloadWarmup   9: 4063232 op, 91510800.00 ns, 22.5217 ns/op
WorkloadWarmup  10: 4063232 op, 91085355.00 ns, 22.4170 ns/op
WorkloadWarmup  11: 4063232 op, 93242067.00 ns, 22.9478 ns/op
WorkloadWarmup  12: 4063232 op, 91225905.00 ns, 22.4516 ns/op
WorkloadWarmup  13: 4063232 op, 91516191.00 ns, 22.5230 ns/op
WorkloadWarmup  14: 4063232 op, 91126294.00 ns, 22.4270 ns/op
WorkloadWarmup  15: 4063232 op, 90820650.00 ns, 22.3518 ns/op
WorkloadWarmup  16: 4063232 op, 91778869.00 ns, 22.5877 ns/op

// BeforeActualRun
WorkloadActual   1: 4063232 op, 91550802.00 ns, 22.5315 ns/op
WorkloadActual   2: 4063232 op, 91214618.00 ns, 22.4488 ns/op
WorkloadActual   3: 4063232 op, 91604328.00 ns, 22.5447 ns/op
WorkloadActual   4: 4063232 op, 91834549.00 ns, 22.6014 ns/op
WorkloadActual   5: 4063232 op, 91780203.00 ns, 22.5880 ns/op
WorkloadActual   6: 4063232 op, 90239184.00 ns, 22.2087 ns/op
WorkloadActual   7: 4063232 op, 92274123.00 ns, 22.7095 ns/op
WorkloadActual   8: 4063232 op, 91536574.00 ns, 22.5280 ns/op
WorkloadActual   9: 4063232 op, 91291842.00 ns, 22.4678 ns/op
WorkloadActual  10: 4063232 op, 91801545.00 ns, 22.5932 ns/op
WorkloadActual  11: 4063232 op, 91478032.00 ns, 22.5136 ns/op
WorkloadActual  12: 4063232 op, 90765842.00 ns, 22.3383 ns/op

// AfterActualRun
WorkloadResult   1: 4063232 op, 91549134.00 ns, 22.5311 ns/op
WorkloadResult   2: 4063232 op, 91212950.00 ns, 22.4484 ns/op
WorkloadResult   3: 4063232 op, 91602660.00 ns, 22.5443 ns/op
WorkloadResult   4: 4063232 op, 91832881.00 ns, 22.6009 ns/op
WorkloadResult   5: 4063232 op, 91778535.00 ns, 22.5876 ns/op
WorkloadResult   6: 4063232 op, 90237516.00 ns, 22.2083 ns/op
WorkloadResult   7: 4063232 op, 92272455.00 ns, 22.7091 ns/op
WorkloadResult   8: 4063232 op, 91534906.00 ns, 22.5276 ns/op
WorkloadResult   9: 4063232 op, 91290174.00 ns, 22.4674 ns/op
WorkloadResult  10: 4063232 op, 91799877.00 ns, 22.5928 ns/op
WorkloadResult  11: 4063232 op, 91476364.00 ns, 22.5132 ns/op
WorkloadResult  12: 4063232 op, 90764174.00 ns, 22.3379 ns/op
// GC:  0 0 0 0 4063232
// Threading:  0 0 4063232

// AfterAll
// Benchmark Process 2156394 has exited with code 0.

Mean = 22.506 ns, StdErr = 0.038 ns (0.17%), N = 12, StdDev = 0.131 ns
Min = 22.208 ns, Q1 = 22.463 ns, Median = 22.529 ns, Q3 = 22.589 ns, Max = 22.709 ns
IQR = 0.126 ns, LowerFence = 22.273 ns, UpperFence = 22.778 ns
ConfidenceInterval = [22.338 ns; 22.674 ns] (CI 99.9%), Margin = 0.168 ns (0.75% of Mean)
Skewness = -0.77, Kurtosis = 2.98, MValue = 2

// ** Remained 21 (70.0%) benchmark(s) to run. Estimated finish 2026-09-12 10:43 (0h 2m from now) **
// **************************
// Benchmark: DataAuthoredQueryBenchmarks.DirectShape: Jit(IterationCount=12, IterationTime=250ms, WarmupCount=16) [Shape=ThreeTracks, Pattern=Alternating]
// *** Execute ***
// Launch: 1 / 1
// Execute: dotnet Alpha-Jit-1.dll --anonymousPipes 157 158 --benchmarkName "DataAuthoredQueryBenchmarks.DirectShape(Shape: ThreeTracks, Pattern: Alternating)" --job Jit --benchmarkId 9 in /home/i/GitHub/tl-56-feat-data-authored-api/benchmarks/Alpha/bin/Release/net10.0/Alpha-Jit-1/bin/Release/net10.0
// Failed to set up high priority (Permission denied). In order to run benchmarks with high priority, make sure you have the right permissions.
// BeforeAnythingElse

// Benchmark Process Environment Information:
// BenchmarkDotNet v0.15.8
// Runtime=.NET 10.0.12 (10.0.12, 10.0.1226.42308), X64 RyuJIT x86-64-v3
// GC=Concurrent Workstation
// HardwareIntrinsics=AVX2+BMI1+BMI2+F16C+FMA+LZCNT+MOVBE,AVX,SSE3+SSSE3+SSE4.1+SSE4.2+POPCNT,X86Base+SSE+SSE2,AES+PCLMUL,AvxVnni,SERIALIZE VectorSize=256
// Job: Jit(IterationCount=12, IterationTime=250ms, WarmupCount=16)

OverheadJitting  1: 4096 op, 106755.00 ns, 26.0632 ns/op
WorkloadJitting  1: 4096 op, 1159978.00 ns, 283.1978 ns/op

OverheadJitting  2: 65536 op, 140967.00 ns, 2.1510 ns/op
WorkloadJitting  2: 65536 op, 463017.00 ns, 7.0651 ns/op

WorkloadPilot    1: 65536 op, 337503.00 ns, 5.1499 ns/op
WorkloadPilot    2: 48562176 op, 214326725.00 ns, 4.4134 ns/op
WorkloadPilot    3: 56688640 op, 250845826.00 ns, 4.4250 ns/op
WorkloadPilot    4: 56557568 op, 248828457.00 ns, 4.3996 ns/op
WorkloadPilot    5: 56885248 op, 277908824.00 ns, 4.8854 ns/op
WorkloadPilot    6: 51183616 op, 225902948.00 ns, 4.4136 ns/op
WorkloadPilot    7: 56688640 op, 249302607.00 ns, 4.3978 ns/op
WorkloadPilot    8: 56885248 op, 249917176.00 ns, 4.3934 ns/op
WorkloadPilot    9: 56950784 op, 254142631.00 ns, 4.4625 ns/op

OverheadWarmup   1: 56950784 op, 32845.00 ns, 0.0006 ns/op
OverheadWarmup   2: 56950784 op, 26332.00 ns, 0.0005 ns/op
OverheadWarmup   3: 56950784 op, 26227.00 ns, 0.0005 ns/op
OverheadWarmup   4: 56950784 op, 26206.00 ns, 0.0005 ns/op
OverheadWarmup   5: 56950784 op, 27233.00 ns, 0.0005 ns/op
OverheadWarmup   6: 56950784 op, 26619.00 ns, 0.0005 ns/op
OverheadWarmup   7: 56950784 op, 26855.00 ns, 0.0005 ns/op
OverheadWarmup   8: 56950784 op, 27049.00 ns, 0.0005 ns/op
OverheadWarmup   9: 56950784 op, 26329.00 ns, 0.0005 ns/op

OverheadActual   1: 56950784 op, 27246.00 ns, 0.0005 ns/op
OverheadActual   2: 56950784 op, 31337.00 ns, 0.0006 ns/op
OverheadActual   3: 56950784 op, 26687.00 ns, 0.0005 ns/op
OverheadActual   4: 56950784 op, 26401.00 ns, 0.0005 ns/op
OverheadActual   5: 56950784 op, 26932.00 ns, 0.0005 ns/op
OverheadActual   6: 56950784 op, 27549.00 ns, 0.0005 ns/op
OverheadActual   7: 56950784 op, 26673.00 ns, 0.0005 ns/op
OverheadActual   8: 56950784 op, 26685.00 ns, 0.0005 ns/op
OverheadActual   9: 56950784 op, 26589.00 ns, 0.0005 ns/op
OverheadActual  10: 56950784 op, 26891.00 ns, 0.0005 ns/op
OverheadActual  11: 56950784 op, 26642.00 ns, 0.0005 ns/op
OverheadActual  12: 56950784 op, 26594.00 ns, 0.0005 ns/op
OverheadActual  13: 56950784 op, 26624.00 ns, 0.0005 ns/op
OverheadActual  14: 56950784 op, 26684.00 ns, 0.0005 ns/op
OverheadActual  15: 56950784 op, 26889.00 ns, 0.0005 ns/op

WorkloadWarmup   1: 56950784 op, 238249203.00 ns, 4.1834 ns/op
WorkloadWarmup   2: 56950784 op, 236874395.00 ns, 4.1593 ns/op
WorkloadWarmup   3: 56950784 op, 239884712.00 ns, 4.2121 ns/op
WorkloadWarmup   4: 56950784 op, 238369695.00 ns, 4.1855 ns/op
WorkloadWarmup   5: 56950784 op, 237542367.00 ns, 4.1710 ns/op
WorkloadWarmup   6: 56950784 op, 237134402.00 ns, 4.1638 ns/op
WorkloadWarmup   7: 56950784 op, 237282624.00 ns, 4.1665 ns/op
WorkloadWarmup   8: 56950784 op, 235977150.00 ns, 4.1435 ns/op
WorkloadWarmup   9: 56950784 op, 275067828.00 ns, 4.8299 ns/op
WorkloadWarmup  10: 56950784 op, 236883316.00 ns, 4.1594 ns/op
WorkloadWarmup  11: 56950784 op, 235660779.00 ns, 4.1380 ns/op
WorkloadWarmup  12: 56950784 op, 236832914.00 ns, 4.1586 ns/op
WorkloadWarmup  13: 56950784 op, 238633459.00 ns, 4.1902 ns/op
WorkloadWarmup  14: 56950784 op, 236884082.00 ns, 4.1595 ns/op
WorkloadWarmup  15: 56950784 op, 235288830.00 ns, 4.1314 ns/op
WorkloadWarmup  16: 56950784 op, 239338388.00 ns, 4.2025 ns/op

// BeforeActualRun
WorkloadActual   1: 56950784 op, 235166215.00 ns, 4.1293 ns/op
WorkloadActual   2: 56950784 op, 235580745.00 ns, 4.1366 ns/op
WorkloadActual   3: 56950784 op, 237566195.00 ns, 4.1714 ns/op
WorkloadActual   4: 56950784 op, 236503725.00 ns, 4.1528 ns/op
WorkloadActual   5: 56950784 op, 237058994.00 ns, 4.1625 ns/op
WorkloadActual   6: 56950784 op, 246024716.00 ns, 4.3200 ns/op
WorkloadActual   7: 56950784 op, 235516947.00 ns, 4.1354 ns/op
WorkloadActual   8: 56950784 op, 252222420.00 ns, 4.4288 ns/op
WorkloadActual   9: 56950784 op, 235957594.00 ns, 4.1432 ns/op
WorkloadActual  10: 56950784 op, 236077910.00 ns, 4.1453 ns/op
WorkloadActual  11: 56950784 op, 237606948.00 ns, 4.1721 ns/op
WorkloadActual  12: 56950784 op, 237558826.00 ns, 4.1713 ns/op

// AfterActualRun
WorkloadResult   1: 56950784 op, 235139530.00 ns, 4.1288 ns/op
WorkloadResult   2: 56950784 op, 235554060.00 ns, 4.1361 ns/op
WorkloadResult   3: 56950784 op, 237539510.00 ns, 4.1710 ns/op
WorkloadResult   4: 56950784 op, 236477040.00 ns, 4.1523 ns/op
WorkloadResult   5: 56950784 op, 237032309.00 ns, 4.1621 ns/op
WorkloadResult   6: 56950784 op, 235490262.00 ns, 4.1350 ns/op
WorkloadResult   7: 56950784 op, 235930909.00 ns, 4.1427 ns/op
WorkloadResult   8: 56950784 op, 236051225.00 ns, 4.1448 ns/op
WorkloadResult   9: 56950784 op, 237580263.00 ns, 4.1717 ns/op
WorkloadResult  10: 56950784 op, 237532141.00 ns, 4.1708 ns/op
// GC:  0 0 0 0 56950784
// Threading:  0 0 56950784

// AfterAll
// Benchmark Process 2160618 has exited with code 0.

Mean = 4.152 ns, StdErr = 0.005 ns (0.12%), N = 10, StdDev = 0.016 ns
Min = 4.129 ns, Q1 = 4.138 ns, Median = 4.149 ns, Q3 = 4.169 ns, Max = 4.172 ns
IQR = 0.031 ns, LowerFence = 4.091 ns, UpperFence = 4.215 ns
ConfidenceInterval = [4.127 ns; 4.176 ns] (CI 99.9%), Margin = 0.025 ns (0.60% of Mean)
Skewness = 0.07, Kurtosis = 1.2, MValue = 2

// ** Remained 20 (66.7%) benchmark(s) to run. Estimated finish 2026-09-12 10:43 (0h 2m from now) **
// **************************
// Benchmark: DataAuthoredQueryBenchmarks.GeneratedShape: Jit(IterationCount=12, IterationTime=250ms, WarmupCount=16) [Shape=ThreeTracks, Pattern=Alternating]
// *** Execute ***
// Launch: 1 / 1
// Execute: dotnet Alpha-Jit-1.dll --anonymousPipes 157 158 --benchmarkName "DataAuthoredQueryBenchmarks.GeneratedShape(Shape: ThreeTracks, Pattern: Alternating)" --job Jit --benchmarkId 10 in /home/i/GitHub/tl-56-feat-data-authored-api/benchmarks/Alpha/bin/Release/net10.0/Alpha-Jit-1/bin/Release/net10.0
// Failed to set up high priority (Permission denied). In order to run benchmarks with high priority, make sure you have the right permissions.
// BeforeAnythingElse

// Benchmark Process Environment Information:
// BenchmarkDotNet v0.15.8
// Runtime=.NET 10.0.12 (10.0.12, 10.0.1226.42308), X64 RyuJIT x86-64-v3
// GC=Concurrent Workstation
// HardwareIntrinsics=AVX2+BMI1+BMI2+F16C+FMA+LZCNT+MOVBE,AVX,SSE3+SSSE3+SSE4.1+SSE4.2+POPCNT,X86Base+SSE+SSE2,AES+PCLMUL,AvxVnni,SERIALIZE VectorSize=256
// Job: Jit(IterationCount=12, IterationTime=250ms, WarmupCount=16)

OverheadJitting  1: 4096 op, 101622.00 ns, 24.8101 ns/op
WorkloadJitting  1: 4096 op, 344511.00 ns, 84.1091 ns/op

OverheadJitting  2: 65536 op, 124136.00 ns, 1.8942 ns/op
WorkloadJitting  2: 65536 op, 2642737.00 ns, 40.3250 ns/op

WorkloadPilot    1: 65536 op, 1119511.00 ns, 17.0824 ns/op
WorkloadPilot    2: 14680064 op, 236203992.00 ns, 16.0901 ns/op
WorkloadPilot    3: 15597568 op, 249328291.00 ns, 15.9851 ns/op
WorkloadPilot    4: 15663104 op, 251264864.00 ns, 16.0418 ns/op
WorkloadPilot    5: 15597568 op, 250323677.00 ns, 16.0489 ns/op

OverheadWarmup   1: 15597568 op, 6202.00 ns, 0.0004 ns/op
OverheadWarmup   2: 15597568 op, 5846.00 ns, 0.0004 ns/op
OverheadWarmup   3: 15597568 op, 5889.00 ns, 0.0004 ns/op
OverheadWarmup   4: 15597568 op, 6010.00 ns, 0.0004 ns/op
OverheadWarmup   5: 15597568 op, 6039.00 ns, 0.0004 ns/op
OverheadWarmup   6: 15597568 op, 5919.00 ns, 0.0004 ns/op
OverheadWarmup   7: 15597568 op, 5767.00 ns, 0.0004 ns/op
OverheadWarmup   8: 15597568 op, 6042.00 ns, 0.0004 ns/op
OverheadWarmup   9: 15597568 op, 6017.00 ns, 0.0004 ns/op

OverheadActual   1: 15597568 op, 6323.00 ns, 0.0004 ns/op
OverheadActual   2: 15597568 op, 6004.00 ns, 0.0004 ns/op
OverheadActual   3: 15597568 op, 6191.00 ns, 0.0004 ns/op
OverheadActual   4: 15597568 op, 5864.00 ns, 0.0004 ns/op
OverheadActual   5: 15597568 op, 6917.00 ns, 0.0004 ns/op
OverheadActual   6: 15597568 op, 6471.00 ns, 0.0004 ns/op
OverheadActual   7: 15597568 op, 6570.00 ns, 0.0004 ns/op
OverheadActual   8: 15597568 op, 7025.00 ns, 0.0005 ns/op
OverheadActual   9: 15597568 op, 7384.00 ns, 0.0005 ns/op
OverheadActual  10: 15597568 op, 6881.00 ns, 0.0004 ns/op
OverheadActual  11: 15597568 op, 5900.00 ns, 0.0004 ns/op
OverheadActual  12: 15597568 op, 5915.00 ns, 0.0004 ns/op
OverheadActual  13: 15597568 op, 5783.00 ns, 0.0004 ns/op
OverheadActual  14: 15597568 op, 5814.00 ns, 0.0004 ns/op
OverheadActual  15: 15597568 op, 5797.00 ns, 0.0004 ns/op
OverheadActual  16: 15597568 op, 5797.00 ns, 0.0004 ns/op
OverheadActual  17: 15597568 op, 5804.00 ns, 0.0004 ns/op
OverheadActual  18: 15597568 op, 6089.00 ns, 0.0004 ns/op
OverheadActual  19: 15597568 op, 5791.00 ns, 0.0004 ns/op
OverheadActual  20: 15597568 op, 5914.00 ns, 0.0004 ns/op

WorkloadWarmup   1: 15597568 op, 250338158.00 ns, 16.0498 ns/op
WorkloadWarmup   2: 15597568 op, 250304242.00 ns, 16.0476 ns/op
WorkloadWarmup   3: 15597568 op, 247704415.00 ns, 15.8810 ns/op
WorkloadWarmup   4: 15597568 op, 282102562.00 ns, 18.0863 ns/op
WorkloadWarmup   5: 15597568 op, 244765478.00 ns, 15.6925 ns/op
WorkloadWarmup   6: 15597568 op, 249626129.00 ns, 16.0042 ns/op
WorkloadWarmup   7: 15597568 op, 246869862.00 ns, 15.8275 ns/op
WorkloadWarmup   8: 15597568 op, 193598447.00 ns, 12.4121 ns/op
WorkloadWarmup   9: 15597568 op, 63343819.00 ns, 4.0611 ns/op
WorkloadWarmup  10: 15597568 op, 63380785.00 ns, 4.0635 ns/op
WorkloadWarmup  11: 15597568 op, 62124624.00 ns, 3.9830 ns/op
WorkloadWarmup  12: 15597568 op, 62881261.00 ns, 4.0315 ns/op
WorkloadWarmup  13: 15597568 op, 63576903.00 ns, 4.0761 ns/op
WorkloadWarmup  14: 15597568 op, 62574366.00 ns, 4.0118 ns/op
WorkloadWarmup  15: 15597568 op, 62238385.00 ns, 3.9903 ns/op
WorkloadWarmup  16: 15597568 op, 64013347.00 ns, 4.1041 ns/op

// BeforeActualRun
WorkloadActual   1: 15597568 op, 61302910.00 ns, 3.9303 ns/op
WorkloadActual   2: 15597568 op, 61992820.00 ns, 3.9745 ns/op
WorkloadActual   3: 15597568 op, 62197429.00 ns, 3.9876 ns/op
WorkloadActual   4: 15597568 op, 60566812.00 ns, 3.8831 ns/op
WorkloadActual   5: 15597568 op, 61328693.00 ns, 3.9319 ns/op
WorkloadActual   6: 15597568 op, 65940357.00 ns, 4.2276 ns/op
WorkloadActual   7: 15597568 op, 61393518.00 ns, 3.9361 ns/op
WorkloadActual   8: 15597568 op, 61507828.00 ns, 3.9434 ns/op
WorkloadActual   9: 15597568 op, 61006794.00 ns, 3.9113 ns/op
WorkloadActual  10: 15597568 op, 62578272.00 ns, 4.0121 ns/op
WorkloadActual  11: 15597568 op, 61052790.00 ns, 3.9143 ns/op
WorkloadActual  12: 15597568 op, 61182515.00 ns, 3.9226 ns/op

// AfterActualRun
WorkloadResult   1: 15597568 op, 61296950.50 ns, 3.9299 ns/op
WorkloadResult   2: 15597568 op, 61986860.50 ns, 3.9741 ns/op
WorkloadResult   3: 15597568 op, 62191469.50 ns, 3.9873 ns/op
WorkloadResult   4: 15597568 op, 60560852.50 ns, 3.8827 ns/op
WorkloadResult   5: 15597568 op, 61322733.50 ns, 3.9316 ns/op
WorkloadResult   6: 15597568 op, 61387558.50 ns, 3.9357 ns/op
WorkloadResult   7: 15597568 op, 61501868.50 ns, 3.9430 ns/op
WorkloadResult   8: 15597568 op, 61000834.50 ns, 3.9109 ns/op
WorkloadResult   9: 15597568 op, 62572312.50 ns, 4.0117 ns/op
WorkloadResult  10: 15597568 op, 61046830.50 ns, 3.9139 ns/op
WorkloadResult  11: 15597568 op, 61176555.50 ns, 3.9222 ns/op
// GC:  0 0 0 0 15597568
// Threading:  0 0 15597568

// AfterAll
// Benchmark Process 2170228 has exited with code 0.

Mean = 3.940 ns, StdErr = 0.011 ns (0.28%), N = 11, StdDev = 0.037 ns
Min = 3.883 ns, Q1 = 3.918 ns, Median = 3.932 ns, Q3 = 3.959 ns, Max = 4.012 ns
IQR = 0.041 ns, LowerFence = 3.857 ns, UpperFence = 4.019 ns
ConfidenceInterval = [3.889 ns; 3.992 ns] (CI 99.9%), Margin = 0.051 ns (1.31% of Mean)
Skewness = 0.47, Kurtosis = 2.11, MValue = 2

// ** Remained 19 (63.3%) benchmark(s) to run. Estimated finish 2026-09-12 10:43 (0h 1m from now) **
// **************************
// Benchmark: DataAuthoredQueryBenchmarks.DataAuthoredFacade: Jit(IterationCount=12, IterationTime=250ms, WarmupCount=16) [Shape=ThreeTracks, Pattern=Alternating]
// *** Execute ***
// Launch: 1 / 1
// Execute: dotnet Alpha-Jit-1.dll --anonymousPipes 157 158 --benchmarkName "DataAuthoredQueryBenchmarks.DataAuthoredFacade(Shape: ThreeTracks, Pattern: Alternating)" --job Jit --benchmarkId 11 in /home/i/GitHub/tl-56-feat-data-authored-api/benchmarks/Alpha/bin/Release/net10.0/Alpha-Jit-1/bin/Release/net10.0
// Failed to set up high priority (Permission denied). In order to run benchmarks with high priority, make sure you have the right permissions.
// BeforeAnythingElse

// Benchmark Process Environment Information:
// BenchmarkDotNet v0.15.8
// Runtime=.NET 10.0.12 (10.0.12, 10.0.1226.42308), X64 RyuJIT x86-64-v3
// GC=Concurrent Workstation
// HardwareIntrinsics=AVX2+BMI1+BMI2+F16C+FMA+LZCNT+MOVBE,AVX,SSE3+SSSE3+SSE4.1+SSE4.2+POPCNT,X86Base+SSE+SSE2,AES+PCLMUL,AvxVnni,SERIALIZE VectorSize=256
// Job: Jit(IterationCount=12, IterationTime=250ms, WarmupCount=16)

OverheadJitting  1: 4096 op, 123009.00 ns, 30.0315 ns/op
WorkloadJitting  1: 4096 op, 387105.00 ns, 94.5081 ns/op

OverheadJitting  2: 65536 op, 121131.00 ns, 1.8483 ns/op
WorkloadJitting  2: 65536 op, 5175042.00 ns, 78.9649 ns/op

WorkloadPilot    1: 65536 op, 4292086.00 ns, 65.4920 ns/op
WorkloadPilot    2: 3866624 op, 250477805.00 ns, 64.7795 ns/op

OverheadWarmup   1: 3866624 op, 2057.00 ns, 0.0005 ns/op
OverheadWarmup   2: 3866624 op, 1788.00 ns, 0.0005 ns/op
OverheadWarmup   3: 3866624 op, 1514.00 ns, 0.0004 ns/op
OverheadWarmup   4: 3866624 op, 1524.00 ns, 0.0004 ns/op
OverheadWarmup   5: 3866624 op, 1529.00 ns, 0.0004 ns/op
OverheadWarmup   6: 3866624 op, 1503.00 ns, 0.0004 ns/op
OverheadWarmup   7: 3866624 op, 1489.00 ns, 0.0004 ns/op
OverheadWarmup   8: 3866624 op, 1484.00 ns, 0.0004 ns/op
OverheadWarmup   9: 3866624 op, 1491.00 ns, 0.0004 ns/op
OverheadWarmup  10: 3866624 op, 1479.00 ns, 0.0004 ns/op

OverheadActual   1: 3866624 op, 1778.00 ns, 0.0005 ns/op
OverheadActual   2: 3866624 op, 1714.00 ns, 0.0004 ns/op
OverheadActual   3: 3866624 op, 1741.00 ns, 0.0005 ns/op
OverheadActual   4: 3866624 op, 1607.00 ns, 0.0004 ns/op
OverheadActual   5: 3866624 op, 1704.00 ns, 0.0004 ns/op
OverheadActual   6: 3866624 op, 1512.00 ns, 0.0004 ns/op
OverheadActual   7: 3866624 op, 1487.00 ns, 0.0004 ns/op
OverheadActual   8: 3866624 op, 1480.00 ns, 0.0004 ns/op
OverheadActual   9: 3866624 op, 1496.00 ns, 0.0004 ns/op
OverheadActual  10: 3866624 op, 1479.00 ns, 0.0004 ns/op
OverheadActual  11: 3866624 op, 1477.00 ns, 0.0004 ns/op
OverheadActual  12: 3866624 op, 1492.00 ns, 0.0004 ns/op
OverheadActual  13: 3866624 op, 1654.00 ns, 0.0004 ns/op
OverheadActual  14: 3866624 op, 1664.00 ns, 0.0004 ns/op
OverheadActual  15: 3866624 op, 1800.00 ns, 0.0005 ns/op
OverheadActual  16: 3866624 op, 1530.00 ns, 0.0004 ns/op
OverheadActual  17: 3866624 op, 1486.00 ns, 0.0004 ns/op
OverheadActual  18: 3866624 op, 1645.00 ns, 0.0004 ns/op
OverheadActual  19: 3866624 op, 1508.00 ns, 0.0004 ns/op
OverheadActual  20: 3866624 op, 1506.00 ns, 0.0004 ns/op

WorkloadWarmup   1: 3866624 op, 250301908.00 ns, 64.7340 ns/op
WorkloadWarmup   2: 3866624 op, 250116091.00 ns, 64.6859 ns/op
WorkloadWarmup   3: 3866624 op, 252441351.00 ns, 65.2873 ns/op
WorkloadWarmup   4: 3866624 op, 252660528.00 ns, 65.3440 ns/op
WorkloadWarmup   5: 3866624 op, 249901882.00 ns, 64.6305 ns/op
WorkloadWarmup   6: 3866624 op, 247228008.00 ns, 63.9390 ns/op
WorkloadWarmup   7: 3866624 op, 185908680.00 ns, 48.0804 ns/op
WorkloadWarmup   8: 3866624 op, 87919707.00 ns, 22.7381 ns/op
WorkloadWarmup   9: 3866624 op, 88187655.00 ns, 22.8074 ns/op
WorkloadWarmup  10: 3866624 op, 86641640.00 ns, 22.4076 ns/op
WorkloadWarmup  11: 3866624 op, 87902838.00 ns, 22.7337 ns/op
WorkloadWarmup  12: 3866624 op, 89479678.00 ns, 23.1416 ns/op
WorkloadWarmup  13: 3866624 op, 88210290.00 ns, 22.8133 ns/op
WorkloadWarmup  14: 3866624 op, 88509480.00 ns, 22.8906 ns/op
WorkloadWarmup  15: 3866624 op, 89198432.00 ns, 23.0688 ns/op
WorkloadWarmup  16: 3866624 op, 89384312.00 ns, 23.1169 ns/op

// BeforeActualRun
WorkloadActual   1: 3866624 op, 87729546.00 ns, 22.6889 ns/op
WorkloadActual   2: 3866624 op, 92313876.00 ns, 23.8745 ns/op
WorkloadActual   3: 3866624 op, 86403799.00 ns, 22.3461 ns/op
WorkloadActual   4: 3866624 op, 85726652.00 ns, 22.1709 ns/op
WorkloadActual   5: 3866624 op, 87417816.00 ns, 22.6083 ns/op
WorkloadActual   6: 3866624 op, 88753991.00 ns, 22.9539 ns/op
WorkloadActual   7: 3866624 op, 89292625.00 ns, 23.0932 ns/op
WorkloadActual   8: 3866624 op, 88693566.00 ns, 22.9382 ns/op
WorkloadActual   9: 3866624 op, 88715686.00 ns, 22.9440 ns/op
WorkloadActual  10: 3866624 op, 88800904.00 ns, 22.9660 ns/op
WorkloadActual  11: 3866624 op, 89067291.00 ns, 23.0349 ns/op
WorkloadActual  12: 3866624 op, 88677750.00 ns, 22.9342 ns/op

// AfterActualRun
WorkloadResult   1: 3866624 op, 87728025.00 ns, 22.6885 ns/op
WorkloadResult   2: 3866624 op, 86402278.00 ns, 22.3457 ns/op
WorkloadResult   3: 3866624 op, 85725131.00 ns, 22.1705 ns/op
WorkloadResult   4: 3866624 op, 87416295.00 ns, 22.6079 ns/op
WorkloadResult   5: 3866624 op, 88752470.00 ns, 22.9535 ns/op
WorkloadResult   6: 3866624 op, 89291104.00 ns, 23.0928 ns/op
WorkloadResult   7: 3866624 op, 88692045.00 ns, 22.9379 ns/op
WorkloadResult   8: 3866624 op, 88714165.00 ns, 22.9436 ns/op
WorkloadResult   9: 3866624 op, 88799383.00 ns, 22.9656 ns/op
WorkloadResult  10: 3866624 op, 89065770.00 ns, 23.0345 ns/op
WorkloadResult  11: 3866624 op, 88676229.00 ns, 22.9338 ns/op
// GC:  0 0 0 0 3866624
// Threading:  0 0 3866624

// AfterAll
// Benchmark Process 2174665 has exited with code 0.

Mean = 22.789 ns, StdErr = 0.090 ns (0.40%), N = 11, StdDev = 0.300 ns
Min = 22.171 ns, Q1 = 22.648 ns, Median = 22.938 ns, Q3 = 22.960 ns, Max = 23.093 ns
IQR = 0.311 ns, LowerFence = 22.181 ns, UpperFence = 23.427 ns
ConfidenceInterval = [22.374 ns; 23.203 ns] (CI 99.9%), Margin = 0.415 ns (1.82% of Mean)
Skewness = -0.9, Kurtosis = 2.26, MValue = 2

// ** Remained 18 (60.0%) benchmark(s) to run. Estimated finish 2026-09-12 10:43 (0h 1m from now) **
// **************************
// Benchmark: DataAuthoredQueryBenchmarks.DirectShape: Jit(IterationCount=12, IterationTime=250ms, WarmupCount=16) [Shape=SixteenTracks, Pattern=Forward]
// *** Execute ***
// Launch: 1 / 1
// Execute: dotnet Alpha-Jit-1.dll --anonymousPipes 157 158 --benchmarkName "DataAuthoredQueryBenchmarks.DirectShape(Shape: SixteenTracks, Pattern: Forward)" --job Jit --benchmarkId 12 in /home/i/GitHub/tl-56-feat-data-authored-api/benchmarks/Alpha/bin/Release/net10.0/Alpha-Jit-1/bin/Release/net10.0
// Failed to set up high priority (Permission denied). In order to run benchmarks with high priority, make sure you have the right permissions.
// BeforeAnythingElse

// Benchmark Process Environment Information:
// BenchmarkDotNet v0.15.8
// Runtime=.NET 10.0.12 (10.0.12, 10.0.1226.42308), X64 RyuJIT x86-64-v3
// GC=Concurrent Workstation
// HardwareIntrinsics=AVX2+BMI1+BMI2+F16C+FMA+LZCNT+MOVBE,AVX,SSE3+SSSE3+SSE4.1+SSE4.2+POPCNT,X86Base+SSE+SSE2,AES+PCLMUL,AvxVnni,SERIALIZE VectorSize=256
// Job: Jit(IterationCount=12, IterationTime=250ms, WarmupCount=16)

OverheadJitting  1: 4096 op, 111707.00 ns, 27.2722 ns/op
WorkloadJitting  1: 4096 op, 1593643.00 ns, 389.0730 ns/op

OverheadJitting  2: 65536 op, 141723.00 ns, 2.1625 ns/op
WorkloadJitting  2: 65536 op, 1289394.00 ns, 19.6746 ns/op

WorkloadPilot    1: 65536 op, 1266071.00 ns, 19.3187 ns/op
WorkloadPilot    2: 12976128 op, 239403949.00 ns, 18.4496 ns/op
WorkloadPilot    3: 13565952 op, 246236794.00 ns, 18.1511 ns/op
WorkloadPilot    4: 13828096 op, 250463578.00 ns, 18.1127 ns/op

OverheadWarmup   1: 13828096 op, 5721.00 ns, 0.0004 ns/op
OverheadWarmup   2: 13828096 op, 5375.00 ns, 0.0004 ns/op
OverheadWarmup   3: 13828096 op, 5224.00 ns, 0.0004 ns/op
OverheadWarmup   4: 13828096 op, 5201.00 ns, 0.0004 ns/op
OverheadWarmup   5: 13828096 op, 5431.00 ns, 0.0004 ns/op
OverheadWarmup   6: 13828096 op, 5335.00 ns, 0.0004 ns/op
OverheadWarmup   7: 13828096 op, 5339.00 ns, 0.0004 ns/op
OverheadWarmup   8: 13828096 op, 5327.00 ns, 0.0004 ns/op

OverheadActual   1: 13828096 op, 5448.00 ns, 0.0004 ns/op
OverheadActual   2: 13828096 op, 5484.00 ns, 0.0004 ns/op
OverheadActual   3: 13828096 op, 6173.00 ns, 0.0004 ns/op
OverheadActual   4: 13828096 op, 5998.00 ns, 0.0004 ns/op
OverheadActual   5: 13828096 op, 5673.00 ns, 0.0004 ns/op
OverheadActual   6: 13828096 op, 5897.00 ns, 0.0004 ns/op
OverheadActual   7: 13828096 op, 6327.00 ns, 0.0005 ns/op
OverheadActual   8: 13828096 op, 5331.00 ns, 0.0004 ns/op
OverheadActual   9: 13828096 op, 5207.00 ns, 0.0004 ns/op
OverheadActual  10: 13828096 op, 5245.00 ns, 0.0004 ns/op
OverheadActual  11: 13828096 op, 5255.00 ns, 0.0004 ns/op
OverheadActual  12: 13828096 op, 5656.00 ns, 0.0004 ns/op
OverheadActual  13: 13828096 op, 5356.00 ns, 0.0004 ns/op
OverheadActual  14: 13828096 op, 9682.00 ns, 0.0007 ns/op
OverheadActual  15: 13828096 op, 5430.00 ns, 0.0004 ns/op
OverheadActual  16: 13828096 op, 5377.00 ns, 0.0004 ns/op
OverheadActual  17: 13828096 op, 5376.00 ns, 0.0004 ns/op
OverheadActual  18: 13828096 op, 5623.00 ns, 0.0004 ns/op
OverheadActual  19: 13828096 op, 5437.00 ns, 0.0004 ns/op
OverheadActual  20: 13828096 op, 5361.00 ns, 0.0004 ns/op

WorkloadWarmup   1: 13828096 op, 252333853.00 ns, 18.2479 ns/op
WorkloadWarmup   2: 13828096 op, 251100298.00 ns, 18.1587 ns/op
WorkloadWarmup   3: 13828096 op, 253099597.00 ns, 18.3033 ns/op
WorkloadWarmup   4: 13828096 op, 253105027.00 ns, 18.3037 ns/op
WorkloadWarmup   5: 13828096 op, 229937758.00 ns, 16.6283 ns/op
WorkloadWarmup   6: 13828096 op, 165828554.00 ns, 11.9921 ns/op
WorkloadWarmup   7: 13828096 op, 166799134.00 ns, 12.0623 ns/op
WorkloadWarmup   8: 13828096 op, 164003343.00 ns, 11.8602 ns/op
WorkloadWarmup   9: 13828096 op, 168515611.00 ns, 12.1865 ns/op
WorkloadWarmup  10: 13828096 op, 166743890.00 ns, 12.0583 ns/op
WorkloadWarmup  11: 13828096 op, 165614521.00 ns, 11.9767 ns/op
WorkloadWarmup  12: 13828096 op, 166286440.00 ns, 12.0253 ns/op
WorkloadWarmup  13: 13828096 op, 165959022.00 ns, 12.0016 ns/op
WorkloadWarmup  14: 13828096 op, 165675638.00 ns, 11.9811 ns/op
WorkloadWarmup  15: 13828096 op, 169342590.00 ns, 12.2463 ns/op
WorkloadWarmup  16: 13828096 op, 165310053.00 ns, 11.9547 ns/op

// BeforeActualRun
WorkloadActual   1: 13828096 op, 166119494.00 ns, 12.0132 ns/op
WorkloadActual   2: 13828096 op, 165211784.00 ns, 11.9475 ns/op
WorkloadActual   3: 13828096 op, 164926970.00 ns, 11.9269 ns/op
WorkloadActual   4: 13828096 op, 164310345.00 ns, 11.8824 ns/op
WorkloadActual   5: 13828096 op, 164505916.00 ns, 11.8965 ns/op
WorkloadActual   6: 13828096 op, 166299122.00 ns, 12.0262 ns/op
WorkloadActual   7: 13828096 op, 165082658.00 ns, 11.9382 ns/op
WorkloadActual   8: 13828096 op, 165965458.00 ns, 12.0020 ns/op
WorkloadActual   9: 13828096 op, 188106373.00 ns, 13.6032 ns/op
WorkloadActual  10: 13828096 op, 165428130.00 ns, 11.9632 ns/op
WorkloadActual  11: 13828096 op, 165901000.00 ns, 11.9974 ns/op
WorkloadActual  12: 13828096 op, 165398839.00 ns, 11.9611 ns/op

// AfterActualRun
WorkloadResult   1: 13828096 op, 166114051.50 ns, 12.0128 ns/op
WorkloadResult   2: 13828096 op, 165206341.50 ns, 11.9472 ns/op
WorkloadResult   3: 13828096 op, 164921527.50 ns, 11.9266 ns/op
WorkloadResult   4: 13828096 op, 164304902.50 ns, 11.8820 ns/op
WorkloadResult   5: 13828096 op, 164500473.50 ns, 11.8961 ns/op
WorkloadResult   6: 13828096 op, 166293679.50 ns, 12.0258 ns/op
WorkloadResult   7: 13828096 op, 165077215.50 ns, 11.9378 ns/op
WorkloadResult   8: 13828096 op, 165960015.50 ns, 12.0017 ns/op
WorkloadResult   9: 13828096 op, 165422687.50 ns, 11.9628 ns/op
WorkloadResult  10: 13828096 op, 165895557.50 ns, 11.9970 ns/op
WorkloadResult  11: 13828096 op, 165393396.50 ns, 11.9607 ns/op
// GC:  0 0 0 0 13828096
// Threading:  0 0 13828096

// AfterAll
// Benchmark Process 2178392 has exited with code 0.

Mean = 11.959 ns, StdErr = 0.014 ns (0.12%), N = 11, StdDev = 0.047 ns
Min = 11.882 ns, Q1 = 11.932 ns, Median = 11.961 ns, Q3 = 11.999 ns, Max = 12.026 ns
IQR = 0.067 ns, LowerFence = 11.831 ns, UpperFence = 12.100 ns
ConfidenceInterval = [11.894 ns; 12.024 ns] (CI 99.9%), Margin = 0.065 ns (0.54% of Mean)
Skewness = -0.15, Kurtosis = 1.59, MValue = 2

// ** Remained 17 (56.7%) benchmark(s) to run. Estimated finish 2026-09-12 10:43 (0h 1m from now) **
// **************************
// Benchmark: DataAuthoredQueryBenchmarks.GeneratedShape: Jit(IterationCount=12, IterationTime=250ms, WarmupCount=16) [Shape=SixteenTracks, Pattern=Forward]
// *** Execute ***
// Launch: 1 / 1
// Execute: dotnet Alpha-Jit-1.dll --anonymousPipes 157 158 --benchmarkName "DataAuthoredQueryBenchmarks.GeneratedShape(Shape: SixteenTracks, Pattern: Forward)" --job Jit --benchmarkId 13 in /home/i/GitHub/tl-56-feat-data-authored-api/benchmarks/Alpha/bin/Release/net10.0/Alpha-Jit-1/bin/Release/net10.0
// Failed to set up high priority (Permission denied). In order to run benchmarks with high priority, make sure you have the right permissions.
// BeforeAnythingElse

// Benchmark Process Environment Information:
// BenchmarkDotNet v0.15.8
// Runtime=.NET 10.0.12 (10.0.12, 10.0.1226.42308), X64 RyuJIT x86-64-v3
// GC=Concurrent Workstation
// HardwareIntrinsics=AVX2+BMI1+BMI2+F16C+FMA+LZCNT+MOVBE,AVX,SSE3+SSSE3+SSE4.1+SSE4.2+POPCNT,X86Base+SSE+SSE2,AES+PCLMUL,AvxVnni,SERIALIZE VectorSize=256
// Job: Jit(IterationCount=12, IterationTime=250ms, WarmupCount=16)

OverheadJitting  1: 4096 op, 105032.00 ns, 25.6426 ns/op
WorkloadJitting  1: 4096 op, 990603.00 ns, 241.8464 ns/op

OverheadJitting  2: 65536 op, 123796.00 ns, 1.8890 ns/op
WorkloadJitting  2: 65536 op, 7562765.00 ns, 115.3986 ns/op

WorkloadPilot    1: 65536 op, 5083157.00 ns, 77.5628 ns/op
WorkloadPilot    2: 3276800 op, 249411899.00 ns, 76.1145 ns/op
WorkloadPilot    3: 3342336 op, 253923010.00 ns, 75.9717 ns/op

OverheadWarmup   1: 3342336 op, 2018.00 ns, 0.0006 ns/op
OverheadWarmup   2: 3342336 op, 1713.00 ns, 0.0005 ns/op
OverheadWarmup   3: 3342336 op, 1351.00 ns, 0.0004 ns/op
OverheadWarmup   4: 3342336 op, 1320.00 ns, 0.0004 ns/op
OverheadWarmup   5: 3342336 op, 1390.00 ns, 0.0004 ns/op
OverheadWarmup   6: 3342336 op, 1333.00 ns, 0.0004 ns/op
OverheadWarmup   7: 3342336 op, 1323.00 ns, 0.0004 ns/op
OverheadWarmup   8: 3342336 op, 1303.00 ns, 0.0004 ns/op
OverheadWarmup   9: 3342336 op, 1324.00 ns, 0.0004 ns/op
OverheadWarmup  10: 3342336 op, 1394.00 ns, 0.0004 ns/op

OverheadActual   1: 3342336 op, 1856.00 ns, 0.0006 ns/op
OverheadActual   2: 3342336 op, 1726.00 ns, 0.0005 ns/op
OverheadActual   3: 3342336 op, 2076.00 ns, 0.0006 ns/op
OverheadActual   4: 3342336 op, 1411.00 ns, 0.0004 ns/op
OverheadActual   5: 3342336 op, 1557.00 ns, 0.0005 ns/op
OverheadActual   6: 3342336 op, 1320.00 ns, 0.0004 ns/op
OverheadActual   7: 3342336 op, 1298.00 ns, 0.0004 ns/op
OverheadActual   8: 3342336 op, 1279.00 ns, 0.0004 ns/op
OverheadActual   9: 3342336 op, 1300.00 ns, 0.0004 ns/op
OverheadActual  10: 3342336 op, 3981.00 ns, 0.0012 ns/op
OverheadActual  11: 3342336 op, 1273.00 ns, 0.0004 ns/op
OverheadActual  12: 3342336 op, 1264.00 ns, 0.0004 ns/op
OverheadActual  13: 3342336 op, 1293.00 ns, 0.0004 ns/op
OverheadActual  14: 3342336 op, 1310.00 ns, 0.0004 ns/op
OverheadActual  15: 3342336 op, 1318.00 ns, 0.0004 ns/op
OverheadActual  16: 3342336 op, 1320.00 ns, 0.0004 ns/op
OverheadActual  17: 3342336 op, 1313.00 ns, 0.0004 ns/op
OverheadActual  18: 3342336 op, 1485.00 ns, 0.0004 ns/op
OverheadActual  19: 3342336 op, 1342.00 ns, 0.0004 ns/op
OverheadActual  20: 3342336 op, 1305.00 ns, 0.0004 ns/op

WorkloadWarmup   1: 3342336 op, 254180740.00 ns, 76.0488 ns/op
WorkloadWarmup   2: 3342336 op, 260295951.00 ns, 77.8785 ns/op
WorkloadWarmup   3: 3342336 op, 253311923.00 ns, 75.7889 ns/op
WorkloadWarmup   4: 3342336 op, 256035553.00 ns, 76.6038 ns/op
WorkloadWarmup   5: 3342336 op, 254235319.00 ns, 76.0652 ns/op
WorkloadWarmup   6: 3342336 op, 176576430.00 ns, 52.8302 ns/op
WorkloadWarmup   7: 3342336 op, 74709180.00 ns, 22.3524 ns/op
WorkloadWarmup   8: 3342336 op, 76282860.00 ns, 22.8232 ns/op
WorkloadWarmup   9: 3342336 op, 74516619.00 ns, 22.2948 ns/op
WorkloadWarmup  10: 3342336 op, 77457774.00 ns, 23.1747 ns/op
WorkloadWarmup  11: 3342336 op, 75688194.00 ns, 22.6453 ns/op
WorkloadWarmup  12: 3342336 op, 74970411.00 ns, 22.4305 ns/op
WorkloadWarmup  13: 3342336 op, 74565138.00 ns, 22.3093 ns/op
WorkloadWarmup  14: 3342336 op, 78173443.00 ns, 23.3889 ns/op
WorkloadWarmup  15: 3342336 op, 74348046.00 ns, 22.2443 ns/op
WorkloadWarmup  16: 3342336 op, 74928889.00 ns, 22.4181 ns/op

// BeforeActualRun
WorkloadActual   1: 3342336 op, 74778384.00 ns, 22.3731 ns/op
WorkloadActual   2: 3342336 op, 74670055.00 ns, 22.3407 ns/op
WorkloadActual   3: 3342336 op, 73961823.00 ns, 22.1288 ns/op
WorkloadActual   4: 3342336 op, 74388250.00 ns, 22.2564 ns/op
WorkloadActual   5: 3342336 op, 74302394.00 ns, 22.2307 ns/op
WorkloadActual   6: 3342336 op, 73378458.00 ns, 21.9542 ns/op
WorkloadActual   7: 3342336 op, 73700114.00 ns, 22.0505 ns/op
WorkloadActual   8: 3342336 op, 74048637.00 ns, 22.1548 ns/op
WorkloadActual   9: 3342336 op, 73648072.00 ns, 22.0349 ns/op
WorkloadActual  10: 3342336 op, 73473330.00 ns, 21.9826 ns/op
WorkloadActual  11: 3342336 op, 74346629.00 ns, 22.2439 ns/op
WorkloadActual  12: 3342336 op, 73689118.00 ns, 22.0472 ns/op

// AfterActualRun
WorkloadResult   1: 3342336 op, 74777065.00 ns, 22.3727 ns/op
WorkloadResult   2: 3342336 op, 74668736.00 ns, 22.3403 ns/op
WorkloadResult   3: 3342336 op, 73960504.00 ns, 22.1284 ns/op
WorkloadResult   4: 3342336 op, 74386931.00 ns, 22.2560 ns/op
WorkloadResult   5: 3342336 op, 74301075.00 ns, 22.2303 ns/op
WorkloadResult   6: 3342336 op, 73377139.00 ns, 21.9538 ns/op
WorkloadResult   7: 3342336 op, 73698795.00 ns, 22.0501 ns/op
WorkloadResult   8: 3342336 op, 74047318.00 ns, 22.1544 ns/op
WorkloadResult   9: 3342336 op, 73646753.00 ns, 22.0345 ns/op
WorkloadResult  10: 3342336 op, 73472011.00 ns, 21.9822 ns/op
WorkloadResult  11: 3342336 op, 74345310.00 ns, 22.2435 ns/op
WorkloadResult  12: 3342336 op, 73687799.00 ns, 22.0468 ns/op
// GC:  0 0 0 0 3342336
// Threading:  0 0 3342336

// AfterAll
// Benchmark Process 2185064 has exited with code 0.

Mean = 22.149 ns, StdErr = 0.040 ns (0.18%), N = 12, StdDev = 0.139 ns
Min = 21.954 ns, Q1 = 22.044 ns, Median = 22.141 ns, Q3 = 22.247 ns, Max = 22.373 ns
IQR = 0.203 ns, LowerFence = 21.739 ns, UpperFence = 22.551 ns
ConfidenceInterval = [21.971 ns; 22.328 ns] (CI 99.9%), Margin = 0.178 ns (0.81% of Mean)
Skewness = 0.15, Kurtosis = 1.48, MValue = 2

// ** Remained 16 (53.3%) benchmark(s) to run. Estimated finish 2026-09-12 10:43 (0h 1m from now) **
// **************************
// Benchmark: DataAuthoredQueryBenchmarks.DataAuthoredFacade: Jit(IterationCount=12, IterationTime=250ms, WarmupCount=16) [Shape=SixteenTracks, Pattern=Forward]
// *** Execute ***
// Launch: 1 / 1
// Execute: dotnet Alpha-Jit-1.dll --anonymousPipes 157 158 --benchmarkName "DataAuthoredQueryBenchmarks.DataAuthoredFacade(Shape: SixteenTracks, Pattern: Forward)" --job Jit --benchmarkId 14 in /home/i/GitHub/tl-56-feat-data-authored-api/benchmarks/Alpha/bin/Release/net10.0/Alpha-Jit-1/bin/Release/net10.0
// Failed to set up high priority (Permission denied). In order to run benchmarks with high priority, make sure you have the right permissions.
// BeforeAnythingElse

// Benchmark Process Environment Information:
// BenchmarkDotNet v0.15.8
// Runtime=.NET 10.0.12 (10.0.12, 10.0.1226.42308), X64 RyuJIT x86-64-v3
// GC=Concurrent Workstation
// HardwareIntrinsics=AVX2+BMI1+BMI2+F16C+FMA+LZCNT+MOVBE,AVX,SSE3+SSSE3+SSE4.1+SSE4.2+POPCNT,X86Base+SSE+SSE2,AES+PCLMUL,AvxVnni,SERIALIZE VectorSize=256
// Job: Jit(IterationCount=12, IterationTime=250ms, WarmupCount=16)

OverheadJitting  1: 4096 op, 108004.00 ns, 26.3682 ns/op
WorkloadJitting  1: 4096 op, 1238024.00 ns, 302.2520 ns/op

OverheadJitting  2: 65536 op, 126721.00 ns, 1.9336 ns/op
WorkloadJitting  2: 65536 op, 20152426.00 ns, 307.5016 ns/op

WorkloadPilot    1: 65536 op, 19151127.00 ns, 292.2230 ns/op
WorkloadPilot    2: 917504 op, 255551082.00 ns, 278.5286 ns/op

OverheadWarmup   1: 917504 op, 952.00 ns, 0.0010 ns/op
OverheadWarmup   2: 917504 op, 539.00 ns, 0.0006 ns/op
OverheadWarmup   3: 917504 op, 465.00 ns, 0.0005 ns/op
OverheadWarmup   4: 917504 op, 514.00 ns, 0.0006 ns/op
OverheadWarmup   5: 917504 op, 477.00 ns, 0.0005 ns/op
OverheadWarmup   6: 917504 op, 445.00 ns, 0.0005 ns/op
OverheadWarmup   7: 917504 op, 398.00 ns, 0.0004 ns/op
OverheadWarmup   8: 917504 op, 428.00 ns, 0.0005 ns/op
OverheadWarmup   9: 917504 op, 429.00 ns, 0.0005 ns/op
OverheadWarmup  10: 917504 op, 402.00 ns, 0.0004 ns/op

OverheadActual   1: 917504 op, 1311.00 ns, 0.0014 ns/op
OverheadActual   2: 917504 op, 924.00 ns, 0.0010 ns/op
OverheadActual   3: 917504 op, 702.00 ns, 0.0008 ns/op
OverheadActual   4: 917504 op, 486.00 ns, 0.0005 ns/op
OverheadActual   5: 917504 op, 618.00 ns, 0.0007 ns/op
OverheadActual   6: 917504 op, 461.00 ns, 0.0005 ns/op
OverheadActual   7: 917504 op, 395.00 ns, 0.0004 ns/op
OverheadActual   8: 917504 op, 403.00 ns, 0.0004 ns/op
OverheadActual   9: 917504 op, 387.00 ns, 0.0004 ns/op
OverheadActual  10: 917504 op, 383.00 ns, 0.0004 ns/op
OverheadActual  11: 917504 op, 402.00 ns, 0.0004 ns/op
OverheadActual  12: 917504 op, 394.00 ns, 0.0004 ns/op
OverheadActual  13: 917504 op, 415.00 ns, 0.0005 ns/op
OverheadActual  14: 917504 op, 394.00 ns, 0.0004 ns/op
OverheadActual  15: 917504 op, 401.00 ns, 0.0004 ns/op
OverheadActual  16: 917504 op, 408.00 ns, 0.0004 ns/op
OverheadActual  17: 917504 op, 406.00 ns, 0.0004 ns/op
OverheadActual  18: 917504 op, 584.00 ns, 0.0006 ns/op
OverheadActual  19: 917504 op, 596.00 ns, 0.0006 ns/op
OverheadActual  20: 917504 op, 500.00 ns, 0.0005 ns/op

WorkloadWarmup   1: 917504 op, 257078236.00 ns, 280.1930 ns/op
WorkloadWarmup   2: 917504 op, 257470540.00 ns, 280.6206 ns/op
WorkloadWarmup   3: 917504 op, 258108238.00 ns, 281.3157 ns/op
WorkloadWarmup   4: 917504 op, 255770706.00 ns, 278.7679 ns/op
WorkloadWarmup   5: 917504 op, 256581741.00 ns, 279.6519 ns/op
WorkloadWarmup   6: 917504 op, 255238433.00 ns, 278.1878 ns/op
WorkloadWarmup   7: 917504 op, 128724798.00 ns, 140.2989 ns/op
WorkloadWarmup   8: 917504 op, 69849054.00 ns, 76.1294 ns/op
WorkloadWarmup   9: 917504 op, 69745434.00 ns, 76.0165 ns/op
WorkloadWarmup  10: 917504 op, 71091942.00 ns, 77.4841 ns/op
WorkloadWarmup  11: 917504 op, 70161841.00 ns, 76.4703 ns/op
WorkloadWarmup  12: 917504 op, 70960512.00 ns, 77.3408 ns/op
WorkloadWarmup  13: 917504 op, 69695948.00 ns, 75.9626 ns/op
WorkloadWarmup  14: 917504 op, 71263443.00 ns, 77.6710 ns/op
WorkloadWarmup  15: 917504 op, 71030474.00 ns, 77.4171 ns/op
WorkloadWarmup  16: 917504 op, 70445768.00 ns, 76.7798 ns/op

// BeforeActualRun
WorkloadActual   1: 917504 op, 70475231.00 ns, 76.8119 ns/op
WorkloadActual   2: 917504 op, 70564456.00 ns, 76.9092 ns/op
WorkloadActual   3: 917504 op, 70776532.00 ns, 77.1403 ns/op
WorkloadActual   4: 917504 op, 70237785.00 ns, 76.5531 ns/op
WorkloadActual   5: 917504 op, 70913255.00 ns, 77.2893 ns/op
WorkloadActual   6: 917504 op, 70368886.00 ns, 76.6960 ns/op
WorkloadActual   7: 917504 op, 69721792.00 ns, 75.9907 ns/op
WorkloadActual   8: 917504 op, 70460941.00 ns, 76.7963 ns/op
WorkloadActual   9: 917504 op, 70906644.00 ns, 77.2821 ns/op
WorkloadActual  10: 917504 op, 71138946.00 ns, 77.5353 ns/op
WorkloadActual  11: 917504 op, 71923502.00 ns, 78.3904 ns/op
WorkloadActual  12: 917504 op, 70021777.00 ns, 76.3177 ns/op

// AfterActualRun
WorkloadResult   1: 917504 op, 70474819.50 ns, 76.8115 ns/op
WorkloadResult   2: 917504 op, 70564044.50 ns, 76.9087 ns/op
WorkloadResult   3: 917504 op, 70776120.50 ns, 77.1398 ns/op
WorkloadResult   4: 917504 op, 70237373.50 ns, 76.5527 ns/op
WorkloadResult   5: 917504 op, 70912843.50 ns, 77.2889 ns/op
WorkloadResult   6: 917504 op, 70368474.50 ns, 76.6956 ns/op
WorkloadResult   7: 917504 op, 69721380.50 ns, 75.9903 ns/op
WorkloadResult   8: 917504 op, 70460529.50 ns, 76.7959 ns/op
WorkloadResult   9: 917504 op, 70906232.50 ns, 77.2817 ns/op
WorkloadResult  10: 917504 op, 71138534.50 ns, 77.5348 ns/op
WorkloadResult  11: 917504 op, 70021365.50 ns, 76.3172 ns/op
// GC:  0 0 0 0 917504
// Threading:  0 0 917504

// AfterAll
// Benchmark Process 2189176 has exited with code 0.

Mean = 76.847 ns, StdErr = 0.137 ns (0.18%), N = 11, StdDev = 0.456 ns
Min = 75.990 ns, Q1 = 76.624 ns, Median = 76.811 ns, Q3 = 77.211 ns, Max = 77.535 ns
IQR = 0.587 ns, LowerFence = 75.744 ns, UpperFence = 78.091 ns
ConfidenceInterval = [76.217 ns; 77.477 ns] (CI 99.9%), Margin = 0.630 ns (0.82% of Mean)
Skewness = -0.28, Kurtosis = 1.96, MValue = 2

// ** Remained 15 (50.0%) benchmark(s) to run. Estimated finish 2026-09-12 10:43 (0h 1m from now) **
// **************************
// Benchmark: DataAuthoredQueryBenchmarks.DirectShape: Jit(IterationCount=12, IterationTime=250ms, WarmupCount=16) [Shape=SixteenTracks, Pattern=Alternating]
// *** Execute ***
// Launch: 1 / 1
// Execute: dotnet Alpha-Jit-1.dll --anonymousPipes 157 158 --benchmarkName "DataAuthoredQueryBenchmarks.DirectShape(Shape: SixteenTracks, Pattern: Alternating)" --job Jit --benchmarkId 15 in /home/i/GitHub/tl-56-feat-data-authored-api/benchmarks/Alpha/bin/Release/net10.0/Alpha-Jit-1/bin/Release/net10.0
// Failed to set up high priority (Permission denied). In order to run benchmarks with high priority, make sure you have the right permissions.
// BeforeAnythingElse

// Benchmark Process Environment Information:
// BenchmarkDotNet v0.15.8
// Runtime=.NET 10.0.12 (10.0.12, 10.0.1226.42308), X64 RyuJIT x86-64-v3
// GC=Concurrent Workstation
// HardwareIntrinsics=AVX2+BMI1+BMI2+F16C+FMA+LZCNT+MOVBE,AVX,SSE3+SSSE3+SSE4.1+SSE4.2+POPCNT,X86Base+SSE+SSE2,AES+PCLMUL,AvxVnni,SERIALIZE VectorSize=256
// Job: Jit(IterationCount=12, IterationTime=250ms, WarmupCount=16)

OverheadJitting  1: 4096 op, 104826.00 ns, 25.5923 ns/op
WorkloadJitting  1: 4096 op, 1583605.00 ns, 386.6223 ns/op

OverheadJitting  2: 65536 op, 123532.00 ns, 1.8849 ns/op
WorkloadJitting  2: 65536 op, 1334764.00 ns, 20.3669 ns/op

WorkloadPilot    1: 65536 op, 1155798.00 ns, 17.6361 ns/op
WorkloadPilot    2: 14221312 op, 244426956.00 ns, 17.1874 ns/op
WorkloadPilot    3: 14548992 op, 247565266.00 ns, 17.0160 ns/op
WorkloadPilot    4: 14745600 op, 250944584.00 ns, 17.0183 ns/op

OverheadWarmup   1: 14745600 op, 6283.00 ns, 0.0004 ns/op
OverheadWarmup   2: 14745600 op, 5839.00 ns, 0.0004 ns/op
OverheadWarmup   3: 14745600 op, 5714.00 ns, 0.0004 ns/op
OverheadWarmup   4: 14745600 op, 5708.00 ns, 0.0004 ns/op
OverheadWarmup   5: 14745600 op, 5787.00 ns, 0.0004 ns/op
OverheadWarmup   6: 14745600 op, 5612.00 ns, 0.0004 ns/op
OverheadWarmup   7: 14745600 op, 5612.00 ns, 0.0004 ns/op
OverheadWarmup   8: 14745600 op, 5709.00 ns, 0.0004 ns/op

OverheadActual   1: 14745600 op, 5861.00 ns, 0.0004 ns/op
OverheadActual   2: 14745600 op, 5885.00 ns, 0.0004 ns/op
OverheadActual   3: 14745600 op, 7458.00 ns, 0.0005 ns/op
OverheadActual   4: 14745600 op, 5868.00 ns, 0.0004 ns/op
OverheadActual   5: 14745600 op, 5948.00 ns, 0.0004 ns/op
OverheadActual   6: 14745600 op, 5622.00 ns, 0.0004 ns/op
OverheadActual   7: 14745600 op, 5597.00 ns, 0.0004 ns/op
OverheadActual   8: 14745600 op, 5625.00 ns, 0.0004 ns/op
OverheadActual   9: 14745600 op, 5588.00 ns, 0.0004 ns/op
OverheadActual  10: 14745600 op, 5601.00 ns, 0.0004 ns/op
OverheadActual  11: 14745600 op, 5655.00 ns, 0.0004 ns/op
OverheadActual  12: 14745600 op, 7935.00 ns, 0.0005 ns/op
OverheadActual  13: 14745600 op, 5634.00 ns, 0.0004 ns/op
OverheadActual  14: 14745600 op, 5583.00 ns, 0.0004 ns/op
OverheadActual  15: 14745600 op, 5607.00 ns, 0.0004 ns/op

WorkloadWarmup   1: 14745600 op, 251708976.00 ns, 17.0701 ns/op
WorkloadWarmup   2: 14745600 op, 252799667.00 ns, 17.1441 ns/op
WorkloadWarmup   3: 14745600 op, 253232948.00 ns, 17.1735 ns/op
WorkloadWarmup   4: 14745600 op, 254293206.00 ns, 17.2454 ns/op
WorkloadWarmup   5: 14745600 op, 314290450.00 ns, 21.3142 ns/op
WorkloadWarmup   6: 14745600 op, 275395658.00 ns, 18.6765 ns/op
WorkloadWarmup   7: 14745600 op, 275359039.00 ns, 18.6740 ns/op
WorkloadWarmup   8: 14745600 op, 276182525.00 ns, 18.7298 ns/op
WorkloadWarmup   9: 14745600 op, 275857630.00 ns, 18.7078 ns/op
WorkloadWarmup  10: 14745600 op, 275041004.00 ns, 18.6524 ns/op
WorkloadWarmup  11: 14745600 op, 276347196.00 ns, 18.7410 ns/op
WorkloadWarmup  12: 14745600 op, 274238618.00 ns, 18.5980 ns/op
WorkloadWarmup  13: 14745600 op, 278768460.00 ns, 18.9052 ns/op
WorkloadWarmup  14: 14745600 op, 274417635.00 ns, 18.6101 ns/op
WorkloadWarmup  15: 14745600 op, 274125132.00 ns, 18.5903 ns/op
WorkloadWarmup  16: 14745600 op, 273669320.00 ns, 18.5594 ns/op

// BeforeActualRun
WorkloadActual   1: 14745600 op, 276725420.00 ns, 18.7666 ns/op
WorkloadActual   2: 14745600 op, 273652013.00 ns, 18.5582 ns/op
WorkloadActual   3: 14745600 op, 274291995.00 ns, 18.6016 ns/op
WorkloadActual   4: 14745600 op, 272859114.00 ns, 18.5044 ns/op
WorkloadActual   5: 14745600 op, 294420762.00 ns, 19.9667 ns/op
WorkloadActual   6: 14745600 op, 275157175.00 ns, 18.6603 ns/op
WorkloadActual   7: 14745600 op, 273655436.00 ns, 18.5584 ns/op
WorkloadActual   8: 14745600 op, 274619737.00 ns, 18.6238 ns/op
WorkloadActual   9: 14745600 op, 275211076.00 ns, 18.6639 ns/op
WorkloadActual  10: 14745600 op, 275059323.00 ns, 18.6537 ns/op
WorkloadActual  11: 14745600 op, 275524495.00 ns, 18.6852 ns/op
WorkloadActual  12: 14745600 op, 273634265.00 ns, 18.5570 ns/op

// AfterActualRun
WorkloadResult   1: 14745600 op, 276719786.00 ns, 18.7663 ns/op
WorkloadResult   2: 14745600 op, 273646379.00 ns, 18.5578 ns/op
WorkloadResult   3: 14745600 op, 274286361.00 ns, 18.6012 ns/op
WorkloadResult   4: 14745600 op, 272853480.00 ns, 18.5041 ns/op
WorkloadResult   5: 14745600 op, 275151541.00 ns, 18.6599 ns/op
WorkloadResult   6: 14745600 op, 273649802.00 ns, 18.5581 ns/op
WorkloadResult   7: 14745600 op, 274614103.00 ns, 18.6235 ns/op
WorkloadResult   8: 14745600 op, 275205442.00 ns, 18.6636 ns/op
WorkloadResult   9: 14745600 op, 275053689.00 ns, 18.6533 ns/op
WorkloadResult  10: 14745600 op, 275518861.00 ns, 18.6848 ns/op
WorkloadResult  11: 14745600 op, 273628631.00 ns, 18.5566 ns/op
// GC:  0 0 0 0 14745600
// Threading:  0 0 14745600

// AfterAll
// Benchmark Process 2193116 has exited with code 0.

Mean = 18.621 ns, StdErr = 0.023 ns (0.12%), N = 11, StdDev = 0.075 ns
Min = 18.504 ns, Q1 = 18.558 ns, Median = 18.623 ns, Q3 = 18.662 ns, Max = 18.766 ns
IQR = 0.104 ns, LowerFence = 18.402 ns, UpperFence = 18.817 ns
ConfidenceInterval = [18.518 ns; 18.724 ns] (CI 99.9%), Margin = 0.103 ns (0.55% of Mean)
Skewness = 0.25, Kurtosis = 2.07, MValue = 2

// ** Remained 14 (46.7%) benchmark(s) to run. Estimated finish 2026-09-12 10:43 (0h 1m from now) **
// **************************
// Benchmark: DataAuthoredQueryBenchmarks.GeneratedShape: Jit(IterationCount=12, IterationTime=250ms, WarmupCount=16) [Shape=SixteenTracks, Pattern=Alternating]
// *** Execute ***
// Launch: 1 / 1
// Execute: dotnet Alpha-Jit-1.dll --anonymousPipes 159 160 --benchmarkName "DataAuthoredQueryBenchmarks.GeneratedShape(Shape: SixteenTracks, Pattern: Alternating)" --job Jit --benchmarkId 16 in /home/i/GitHub/tl-56-feat-data-authored-api/benchmarks/Alpha/bin/Release/net10.0/Alpha-Jit-1/bin/Release/net10.0
// Failed to set up high priority (Permission denied). In order to run benchmarks with high priority, make sure you have the right permissions.
// BeforeAnythingElse

// Benchmark Process Environment Information:
// BenchmarkDotNet v0.15.8
// Runtime=.NET 10.0.12 (10.0.12, 10.0.1226.42308), X64 RyuJIT x86-64-v3
// GC=Concurrent Workstation
// HardwareIntrinsics=AVX2+BMI1+BMI2+F16C+FMA+LZCNT+MOVBE,AVX,SSE3+SSSE3+SSE4.1+SSE4.2+POPCNT,X86Base+SSE+SSE2,AES+PCLMUL,AvxVnni,SERIALIZE VectorSize=256
// Job: Jit(IterationCount=12, IterationTime=250ms, WarmupCount=16)

OverheadJitting  1: 4096 op, 101634.00 ns, 24.8130 ns/op
WorkloadJitting  1: 4096 op, 999584.00 ns, 244.0391 ns/op

OverheadJitting  2: 65536 op, 130413.00 ns, 1.9899 ns/op
WorkloadJitting  2: 65536 op, 11737834.00 ns, 179.1051 ns/op

WorkloadPilot    1: 65536 op, 9641204.00 ns, 147.1131 ns/op
WorkloadPilot    2: 1703936 op, 244267386.00 ns, 143.3548 ns/op
WorkloadPilot    3: 1769472 op, 250460204.00 ns, 141.5452 ns/op

OverheadWarmup   1: 1769472 op, 1395.00 ns, 0.0008 ns/op
OverheadWarmup   2: 1769472 op, 798.00 ns, 0.0005 ns/op
OverheadWarmup   3: 1769472 op, 724.00 ns, 0.0004 ns/op
OverheadWarmup   4: 1769472 op, 718.00 ns, 0.0004 ns/op
OverheadWarmup   5: 1769472 op, 742.00 ns, 0.0004 ns/op
OverheadWarmup   6: 1769472 op, 737.00 ns, 0.0004 ns/op
OverheadWarmup   7: 1769472 op, 752.00 ns, 0.0004 ns/op
OverheadWarmup   8: 1769472 op, 742.00 ns, 0.0004 ns/op

OverheadActual   1: 1769472 op, 1157.00 ns, 0.0007 ns/op
OverheadActual   2: 1769472 op, 1108.00 ns, 0.0006 ns/op
OverheadActual   3: 1769472 op, 977.00 ns, 0.0006 ns/op
OverheadActual   4: 1769472 op, 779.00 ns, 0.0004 ns/op
OverheadActual   5: 1769472 op, 913.00 ns, 0.0005 ns/op
OverheadActual   6: 1769472 op, 725.00 ns, 0.0004 ns/op
OverheadActual   7: 1769472 op, 734.00 ns, 0.0004 ns/op
OverheadActual   8: 1769472 op, 733.00 ns, 0.0004 ns/op
OverheadActual   9: 1769472 op, 749.00 ns, 0.0004 ns/op
OverheadActual  10: 1769472 op, 745.00 ns, 0.0004 ns/op
OverheadActual  11: 1769472 op, 769.00 ns, 0.0004 ns/op
OverheadActual  12: 1769472 op, 789.00 ns, 0.0004 ns/op
OverheadActual  13: 1769472 op, 989.00 ns, 0.0006 ns/op
OverheadActual  14: 1769472 op, 825.00 ns, 0.0005 ns/op
OverheadActual  15: 1769472 op, 759.00 ns, 0.0004 ns/op
OverheadActual  16: 1769472 op, 736.00 ns, 0.0004 ns/op
OverheadActual  17: 1769472 op, 730.00 ns, 0.0004 ns/op
OverheadActual  18: 1769472 op, 871.00 ns, 0.0005 ns/op
OverheadActual  19: 1769472 op, 775.00 ns, 0.0004 ns/op
OverheadActual  20: 1769472 op, 733.00 ns, 0.0004 ns/op

WorkloadWarmup   1: 1769472 op, 253534205.00 ns, 143.2824 ns/op
WorkloadWarmup   2: 1769472 op, 252120968.00 ns, 142.4837 ns/op
WorkloadWarmup   3: 1769472 op, 259256179.00 ns, 146.5161 ns/op
WorkloadWarmup   4: 1769472 op, 253344507.00 ns, 143.1752 ns/op
WorkloadWarmup   5: 1769472 op, 253742694.00 ns, 143.4002 ns/op
WorkloadWarmup   6: 1769472 op, 182801350.00 ns, 103.3084 ns/op
WorkloadWarmup   7: 1769472 op, 38206862.00 ns, 21.5922 ns/op
WorkloadWarmup   8: 1769472 op, 37942131.00 ns, 21.4426 ns/op
WorkloadWarmup   9: 1769472 op, 36394480.00 ns, 20.5680 ns/op
WorkloadWarmup  10: 1769472 op, 39083921.00 ns, 22.0879 ns/op
WorkloadWarmup  11: 1769472 op, 37495634.00 ns, 21.1903 ns/op
WorkloadWarmup  12: 1769472 op, 36667403.00 ns, 20.7222 ns/op
WorkloadWarmup  13: 1769472 op, 37256688.00 ns, 21.0553 ns/op
WorkloadWarmup  14: 1769472 op, 39116541.00 ns, 22.1063 ns/op
WorkloadWarmup  15: 1769472 op, 36505257.00 ns, 20.6306 ns/op
WorkloadWarmup  16: 1769472 op, 36028405.00 ns, 20.3611 ns/op

// BeforeActualRun
WorkloadActual   1: 1769472 op, 37143196.00 ns, 20.9911 ns/op
WorkloadActual   2: 1769472 op, 36288127.00 ns, 20.5079 ns/op
WorkloadActual   3: 1769472 op, 36360592.00 ns, 20.5488 ns/op
WorkloadActual   4: 1769472 op, 36833554.00 ns, 20.8161 ns/op
WorkloadActual   5: 1769472 op, 36695315.00 ns, 20.7380 ns/op
WorkloadActual   6: 1769472 op, 36938942.00 ns, 20.8757 ns/op
WorkloadActual   7: 1769472 op, 37143180.00 ns, 20.9911 ns/op
WorkloadActual   8: 1769472 op, 36607346.00 ns, 20.6883 ns/op
WorkloadActual   9: 1769472 op, 36956763.00 ns, 20.8858 ns/op
WorkloadActual  10: 1769472 op, 37358336.00 ns, 21.1127 ns/op
WorkloadActual  11: 1769472 op, 36884063.00 ns, 20.8447 ns/op
WorkloadActual  12: 1769472 op, 36781873.00 ns, 20.7869 ns/op

// AfterActualRun
WorkloadResult   1: 1769472 op, 37142424.00 ns, 20.9907 ns/op
WorkloadResult   2: 1769472 op, 36287355.00 ns, 20.5074 ns/op
WorkloadResult   3: 1769472 op, 36359820.00 ns, 20.5484 ns/op
WorkloadResult   4: 1769472 op, 36832782.00 ns, 20.8157 ns/op
WorkloadResult   5: 1769472 op, 36694543.00 ns, 20.7376 ns/op
WorkloadResult   6: 1769472 op, 36938170.00 ns, 20.8752 ns/op
WorkloadResult   7: 1769472 op, 37142408.00 ns, 20.9907 ns/op
WorkloadResult   8: 1769472 op, 36606574.00 ns, 20.6879 ns/op
WorkloadResult   9: 1769472 op, 36955991.00 ns, 20.8853 ns/op
WorkloadResult  10: 1769472 op, 37357564.00 ns, 21.1123 ns/op
WorkloadResult  11: 1769472 op, 36883291.00 ns, 20.8442 ns/op
WorkloadResult  12: 1769472 op, 36781101.00 ns, 20.7865 ns/op
// GC:  0 0 0 0 1769472
// Threading:  0 0 1769472

// AfterAll
// Benchmark Process 2202862 has exited with code 0.

Mean = 20.815 ns, StdErr = 0.051 ns (0.25%), N = 12, StdDev = 0.178 ns
Min = 20.507 ns, Q1 = 20.725 ns, Median = 20.830 ns, Q3 = 20.912 ns, Max = 21.112 ns
IQR = 0.187 ns, LowerFence = 20.445 ns, UpperFence = 21.191 ns
ConfidenceInterval = [20.587 ns; 21.043 ns] (CI 99.9%), Margin = 0.228 ns (1.09% of Mean)
Skewness = -0.19, Kurtosis = 2, MValue = 2

// ** Remained 13 (43.3%) benchmark(s) to run. Estimated finish 2026-09-12 10:43 (0h 1m from now) **
// **************************
// Benchmark: DataAuthoredQueryBenchmarks.DataAuthoredFacade: Jit(IterationCount=12, IterationTime=250ms, WarmupCount=16) [Shape=SixteenTracks, Pattern=Alternating]
// *** Execute ***
// Launch: 1 / 1
// Execute: dotnet Alpha-Jit-1.dll --anonymousPipes 116 117 --benchmarkName "DataAuthoredQueryBenchmarks.DataAuthoredFacade(Shape: SixteenTracks, Pattern: Alternating)" --job Jit --benchmarkId 17 in /home/i/GitHub/tl-56-feat-data-authored-api/benchmarks/Alpha/bin/Release/net10.0/Alpha-Jit-1/bin/Release/net10.0
// Failed to set up high priority (Permission denied). In order to run benchmarks with high priority, make sure you have the right permissions.
// BeforeAnythingElse

// Benchmark Process Environment Information:
// BenchmarkDotNet v0.15.8
// Runtime=.NET 10.0.12 (10.0.12, 10.0.1226.42308), X64 RyuJIT x86-64-v3
// GC=Concurrent Workstation
// HardwareIntrinsics=AVX2+BMI1+BMI2+F16C+FMA+LZCNT+MOVBE,AVX,SSE3+SSSE3+SSE4.1+SSE4.2+POPCNT,X86Base+SSE+SSE2,AES+PCLMUL,AvxVnni,SERIALIZE VectorSize=256
// Job: Jit(IterationCount=12, IterationTime=250ms, WarmupCount=16)

OverheadJitting  1: 4096 op, 104205.00 ns, 25.4407 ns/op
WorkloadJitting  1: 4096 op, 1252463.00 ns, 305.7771 ns/op

OverheadJitting  2: 65536 op, 132057.00 ns, 2.0150 ns/op
WorkloadJitting  2: 65536 op, 20580107.00 ns, 314.0275 ns/op

WorkloadPilot    1: 65536 op, 18709162.00 ns, 285.4792 ns/op
WorkloadPilot    2: 917504 op, 262680560.00 ns, 286.2991 ns/op

OverheadWarmup   1: 917504 op, 873.00 ns, 0.0010 ns/op
OverheadWarmup   2: 917504 op, 472.00 ns, 0.0005 ns/op
OverheadWarmup   3: 917504 op, 435.00 ns, 0.0005 ns/op
OverheadWarmup   4: 917504 op, 435.00 ns, 0.0005 ns/op
OverheadWarmup   5: 917504 op, 445.00 ns, 0.0005 ns/op
OverheadWarmup   6: 917504 op, 414.00 ns, 0.0005 ns/op
OverheadWarmup   7: 917504 op, 431.00 ns, 0.0005 ns/op

OverheadActual   1: 917504 op, 638.00 ns, 0.0007 ns/op
OverheadActual   2: 917504 op, 724.00 ns, 0.0008 ns/op
OverheadActual   3: 917504 op, 638.00 ns, 0.0007 ns/op
OverheadActual   4: 917504 op, 530.00 ns, 0.0006 ns/op
OverheadActual   5: 917504 op, 582.00 ns, 0.0006 ns/op
OverheadActual   6: 917504 op, 411.00 ns, 0.0004 ns/op
OverheadActual   7: 917504 op, 417.00 ns, 0.0005 ns/op
OverheadActual   8: 917504 op, 417.00 ns, 0.0005 ns/op
OverheadActual   9: 917504 op, 402.00 ns, 0.0004 ns/op
OverheadActual  10: 917504 op, 418.00 ns, 0.0005 ns/op
OverheadActual  11: 917504 op, 425.00 ns, 0.0005 ns/op
OverheadActual  12: 917504 op, 411.00 ns, 0.0004 ns/op
OverheadActual  13: 917504 op, 399.00 ns, 0.0004 ns/op
OverheadActual  14: 917504 op, 402.00 ns, 0.0004 ns/op
OverheadActual  15: 917504 op, 401.00 ns, 0.0004 ns/op
OverheadActual  16: 917504 op, 417.00 ns, 0.0005 ns/op
OverheadActual  17: 917504 op, 417.00 ns, 0.0005 ns/op
OverheadActual  18: 917504 op, 551.00 ns, 0.0006 ns/op
OverheadActual  19: 917504 op, 429.00 ns, 0.0005 ns/op
OverheadActual  20: 917504 op, 428.00 ns, 0.0005 ns/op

WorkloadWarmup   1: 917504 op, 262369862.00 ns, 285.9605 ns/op
WorkloadWarmup   2: 917504 op, 262478923.00 ns, 286.0793 ns/op
WorkloadWarmup   3: 917504 op, 261810272.00 ns, 285.3506 ns/op
WorkloadWarmup   4: 917504 op, 261288036.00 ns, 284.7814 ns/op
WorkloadWarmup   5: 917504 op, 262554485.00 ns, 286.1617 ns/op
WorkloadWarmup   6: 917504 op, 261918343.00 ns, 285.4683 ns/op
WorkloadWarmup   7: 917504 op, 108972225.00 ns, 118.7703 ns/op
WorkloadWarmup   8: 917504 op, 72817051.00 ns, 79.3643 ns/op
WorkloadWarmup   9: 917504 op, 71787590.00 ns, 78.2423 ns/op
WorkloadWarmup  10: 917504 op, 72607328.00 ns, 79.1357 ns/op
WorkloadWarmup  11: 917504 op, 72440751.00 ns, 78.9542 ns/op
WorkloadWarmup  12: 917504 op, 72867034.00 ns, 79.4188 ns/op
WorkloadWarmup  13: 917504 op, 72342168.00 ns, 78.8467 ns/op
WorkloadWarmup  14: 917504 op, 72693427.00 ns, 79.2295 ns/op
WorkloadWarmup  15: 917504 op, 72290325.00 ns, 78.7902 ns/op
WorkloadWarmup  16: 917504 op, 72705109.00 ns, 79.2423 ns/op

// BeforeActualRun
WorkloadActual   1: 917504 op, 72426285.00 ns, 78.9384 ns/op
WorkloadActual   2: 917504 op, 73252627.00 ns, 79.8390 ns/op
WorkloadActual   3: 917504 op, 73249405.00 ns, 79.8355 ns/op
WorkloadActual   4: 917504 op, 71890447.00 ns, 78.3544 ns/op
WorkloadActual   5: 917504 op, 73662220.00 ns, 80.2854 ns/op
WorkloadActual   6: 917504 op, 72380322.00 ns, 78.8883 ns/op
WorkloadActual   7: 917504 op, 72128387.00 ns, 78.6137 ns/op
WorkloadActual   8: 917504 op, 72675126.00 ns, 79.2096 ns/op
WorkloadActual   9: 917504 op, 72761095.00 ns, 79.3033 ns/op
WorkloadActual  10: 917504 op, 72704223.00 ns, 79.2413 ns/op
WorkloadActual  11: 917504 op, 72969334.00 ns, 79.5303 ns/op
WorkloadActual  12: 917504 op, 72382333.00 ns, 78.8905 ns/op

// AfterActualRun
WorkloadResult   1: 917504 op, 72425867.50 ns, 78.9379 ns/op
WorkloadResult   2: 917504 op, 73252209.50 ns, 79.8386 ns/op
WorkloadResult   3: 917504 op, 73248987.50 ns, 79.8351 ns/op
WorkloadResult   4: 917504 op, 71890029.50 ns, 78.3539 ns/op
WorkloadResult   5: 917504 op, 73661802.50 ns, 80.2850 ns/op
WorkloadResult   6: 917504 op, 72379904.50 ns, 78.8878 ns/op
WorkloadResult   7: 917504 op, 72127969.50 ns, 78.6132 ns/op
WorkloadResult   8: 917504 op, 72674708.50 ns, 79.2091 ns/op
WorkloadResult   9: 917504 op, 72760677.50 ns, 79.3028 ns/op
WorkloadResult  10: 917504 op, 72703805.50 ns, 79.2409 ns/op
WorkloadResult  11: 917504 op, 72968916.50 ns, 79.5298 ns/op
WorkloadResult  12: 917504 op, 72381915.50 ns, 78.8900 ns/op
// GC:  0 0 0 0 917504
// Threading:  0 0 917504

// AfterAll
// Benchmark Process 2206020 has exited with code 0.

Mean = 79.244 ns, StdErr = 0.161 ns (0.20%), N = 12, StdDev = 0.557 ns
Min = 78.354 ns, Q1 = 78.889 ns, Median = 79.225 ns, Q3 = 79.606 ns, Max = 80.285 ns
IQR = 0.717 ns, LowerFence = 77.815 ns, UpperFence = 80.681 ns
ConfidenceInterval = [78.531 ns; 79.957 ns] (CI 99.9%), Margin = 0.713 ns (0.90% of Mean)
Skewness = 0.24, Kurtosis = 1.96, MValue = 2

// ** Remained 12 (40.0%) benchmark(s) to run. Estimated finish 2026-09-12 10:43 (0h 1m from now) **
// **************************
// Benchmark: DataAuthoredQueryBenchmarks.DirectShape: Jit(IterationCount=12, IterationTime=250ms, WarmupCount=16) [Shape=TwoHundredFiftySixTracks, Pattern=Forward]
// *** Execute ***
// Launch: 1 / 1
// Execute: dotnet Alpha-Jit-1.dll --anonymousPipes 116 117 --benchmarkName "DataAuthoredQueryBenchmarks.DirectShape(Shape: TwoHundredFiftySixTracks, Pattern: Forward)" --job Jit --benchmarkId 18 in /home/i/GitHub/tl-56-feat-data-authored-api/benchmarks/Alpha/bin/Release/net10.0/Alpha-Jit-1/bin/Release/net10.0
// Failed to set up high priority (Permission denied). In order to run benchmarks with high priority, make sure you have the right permissions.
// BeforeAnythingElse

// Benchmark Process Environment Information:
// BenchmarkDotNet v0.15.8
// Runtime=.NET 10.0.12 (10.0.12, 10.0.1226.42308), X64 RyuJIT x86-64-v3
// GC=Concurrent Workstation
// HardwareIntrinsics=AVX2+BMI1+BMI2+F16C+FMA+LZCNT+MOVBE,AVX,SSE3+SSSE3+SSE4.1+SSE4.2+POPCNT,X86Base+SSE+SSE2,AES+PCLMUL,AvxVnni,SERIALIZE VectorSize=256
// Job: Jit(IterationCount=12, IterationTime=250ms, WarmupCount=16)

OverheadJitting  1: 4096 op, 107495.00 ns, 26.2439 ns/op
WorkloadJitting  1: 4096 op, 2982748.00 ns, 728.2100 ns/op

OverheadJitting  2: 65536 op, 194104.00 ns, 2.9618 ns/op
WorkloadJitting  2: 65536 op, 30182590.00 ns, 460.5498 ns/op

WorkloadPilot    1: 65536 op, 30660124.00 ns, 467.8364 ns/op
WorkloadPilot    2: 589824 op, 275013390.00 ns, 466.2635 ns/op

OverheadWarmup   1: 589824 op, 1093.00 ns, 0.0019 ns/op
OverheadWarmup   2: 589824 op, 360.00 ns, 0.0006 ns/op
OverheadWarmup   3: 589824 op, 221.00 ns, 0.0004 ns/op
OverheadWarmup   4: 589824 op, 219.00 ns, 0.0004 ns/op
OverheadWarmup   5: 589824 op, 327.00 ns, 0.0006 ns/op
OverheadWarmup   6: 589824 op, 308.00 ns, 0.0005 ns/op
OverheadWarmup   7: 589824 op, 295.00 ns, 0.0005 ns/op
OverheadWarmup   8: 589824 op, 273.00 ns, 0.0005 ns/op
OverheadWarmup   9: 589824 op, 304.00 ns, 0.0005 ns/op
OverheadWarmup  10: 589824 op, 291.00 ns, 0.0005 ns/op

OverheadActual   1: 589824 op, 535.00 ns, 0.0009 ns/op
OverheadActual   2: 589824 op, 1197.00 ns, 0.0020 ns/op
OverheadActual   3: 589824 op, 503.00 ns, 0.0009 ns/op
OverheadActual   4: 589824 op, 447.00 ns, 0.0008 ns/op
OverheadActual   5: 589824 op, 498.00 ns, 0.0008 ns/op
OverheadActual   6: 589824 op, 261.00 ns, 0.0004 ns/op
OverheadActual   7: 589824 op, 237.00 ns, 0.0004 ns/op
OverheadActual   8: 589824 op, 225.00 ns, 0.0004 ns/op
OverheadActual   9: 589824 op, 211.00 ns, 0.0004 ns/op
OverheadActual  10: 589824 op, 208.00 ns, 0.0004 ns/op
OverheadActual  11: 589824 op, 205.00 ns, 0.0003 ns/op
OverheadActual  12: 589824 op, 206.00 ns, 0.0003 ns/op
OverheadActual  13: 589824 op, 289.00 ns, 0.0005 ns/op
OverheadActual  14: 589824 op, 252.00 ns, 0.0004 ns/op
OverheadActual  15: 589824 op, 283.00 ns, 0.0005 ns/op
OverheadActual  16: 589824 op, 282.00 ns, 0.0005 ns/op
OverheadActual  17: 589824 op, 291.00 ns, 0.0005 ns/op
OverheadActual  18: 589824 op, 439.00 ns, 0.0007 ns/op
OverheadActual  19: 589824 op, 320.00 ns, 0.0005 ns/op
OverheadActual  20: 589824 op, 275.00 ns, 0.0005 ns/op

WorkloadWarmup   1: 589824 op, 276384448.00 ns, 468.5880 ns/op
WorkloadWarmup   2: 589824 op, 275963251.00 ns, 467.8739 ns/op
WorkloadWarmup   3: 589824 op, 276077794.00 ns, 468.0681 ns/op
WorkloadWarmup   4: 589824 op, 276890818.00 ns, 469.4465 ns/op
WorkloadWarmup   5: 589824 op, 277598742.00 ns, 470.6467 ns/op
WorkloadWarmup   6: 589824 op, 208267151.00 ns, 353.1005 ns/op
WorkloadWarmup   7: 589824 op, 197812695.00 ns, 335.3758 ns/op
WorkloadWarmup   8: 589824 op, 197489196.00 ns, 334.8273 ns/op
WorkloadWarmup   9: 589824 op, 200233089.00 ns, 339.4794 ns/op
WorkloadWarmup  10: 589824 op, 198857912.00 ns, 337.1479 ns/op
WorkloadWarmup  11: 589824 op, 199641284.00 ns, 338.4760 ns/op
WorkloadWarmup  12: 589824 op, 199478885.00 ns, 338.2007 ns/op
WorkloadWarmup  13: 589824 op, 196563575.00 ns, 333.2580 ns/op
WorkloadWarmup  14: 589824 op, 198701679.00 ns, 336.8830 ns/op
WorkloadWarmup  15: 589824 op, 200191576.00 ns, 339.4090 ns/op
WorkloadWarmup  16: 589824 op, 196178380.00 ns, 332.6049 ns/op

// BeforeActualRun
WorkloadActual   1: 589824 op, 199183434.00 ns, 337.6998 ns/op
WorkloadActual   2: 589824 op, 198913410.00 ns, 337.2420 ns/op
WorkloadActual   3: 589824 op, 199377126.00 ns, 338.0282 ns/op
WorkloadActual   4: 589824 op, 198744274.00 ns, 336.9552 ns/op
WorkloadActual   5: 589824 op, 198405149.00 ns, 336.3803 ns/op
WorkloadActual   6: 589824 op, 199017658.00 ns, 337.4187 ns/op
WorkloadActual   7: 589824 op, 219043531.00 ns, 371.3710 ns/op
WorkloadActual   8: 589824 op, 197164414.00 ns, 334.2767 ns/op
WorkloadActual   9: 589824 op, 198317038.00 ns, 336.2309 ns/op
WorkloadActual  10: 589824 op, 198451480.00 ns, 336.4588 ns/op
WorkloadActual  11: 589824 op, 196802959.00 ns, 333.6639 ns/op
WorkloadActual  12: 589824 op, 198002264.00 ns, 335.6972 ns/op

// AfterActualRun
WorkloadResult   1: 589824 op, 199183151.50 ns, 337.6993 ns/op
WorkloadResult   2: 589824 op, 198913127.50 ns, 337.2415 ns/op
WorkloadResult   3: 589824 op, 199376843.50 ns, 338.0277 ns/op
WorkloadResult   4: 589824 op, 198743991.50 ns, 336.9547 ns/op
WorkloadResult   5: 589824 op, 198404866.50 ns, 336.3798 ns/op
WorkloadResult   6: 589824 op, 199017375.50 ns, 337.4182 ns/op
WorkloadResult   7: 589824 op, 197164131.50 ns, 334.2762 ns/op
WorkloadResult   8: 589824 op, 198316755.50 ns, 336.2304 ns/op
WorkloadResult   9: 589824 op, 198451197.50 ns, 336.4583 ns/op
WorkloadResult  10: 589824 op, 196802676.50 ns, 333.6634 ns/op
WorkloadResult  11: 589824 op, 198001981.50 ns, 335.6967 ns/op
// GC:  0 0 0 0 589824
// Threading:  0 0 589824

// AfterAll
// Benchmark Process 2210095 has exited with code 0.

Mean = 336.368 ns, StdErr = 0.415 ns (0.12%), N = 11, StdDev = 1.375 ns
Min = 333.663 ns, Q1 = 335.964 ns, Median = 336.458 ns, Q3 = 337.330 ns, Max = 338.028 ns
IQR = 1.366 ns, LowerFence = 333.914 ns, UpperFence = 339.379 ns
ConfidenceInterval = [334.466 ns; 338.269 ns] (CI 99.9%), Margin = 1.902 ns (0.57% of Mean)
Skewness = -0.71, Kurtosis = 2.17, MValue = 2

// ** Remained 11 (36.7%) benchmark(s) to run. Estimated finish 2026-09-12 10:43 (0h 1m from now) **
// **************************
// Benchmark: DataAuthoredQueryBenchmarks.GeneratedShape: Jit(IterationCount=12, IterationTime=250ms, WarmupCount=16) [Shape=TwoHundredFiftySixTracks, Pattern=Forward]
// *** Execute ***
// Launch: 1 / 1
// Execute: dotnet Alpha-Jit-1.dll --anonymousPipes 116 117 --benchmarkName "DataAuthoredQueryBenchmarks.GeneratedShape(Shape: TwoHundredFiftySixTracks, Pattern: Forward)" --job Jit --benchmarkId 19 in /home/i/GitHub/tl-56-feat-data-authored-api/benchmarks/Alpha/bin/Release/net10.0/Alpha-Jit-1/bin/Release/net10.0
// Failed to set up high priority (Permission denied). In order to run benchmarks with high priority, make sure you have the right permissions.
// BeforeAnythingElse

// Benchmark Process Environment Information:
// BenchmarkDotNet v0.15.8
// Runtime=.NET 10.0.12 (10.0.12, 10.0.1226.42308), X64 RyuJIT x86-64-v3
// GC=Concurrent Workstation
// HardwareIntrinsics=AVX2+BMI1+BMI2+F16C+FMA+LZCNT+MOVBE,AVX,SSE3+SSSE3+SSE4.1+SSE4.2+POPCNT,X86Base+SSE+SSE2,AES+PCLMUL,AvxVnni,SERIALIZE VectorSize=256
// Job: Jit(IterationCount=12, IterationTime=250ms, WarmupCount=16)

OverheadJitting  1: 4096 op, 108684.00 ns, 26.5342 ns/op
WorkloadJitting  1: 4096 op, 169361252.00 ns, 41.3480 us/op

OverheadJitting  2: 4096 op, 123.00 ns, 0.0300 ns/op
WorkloadJitting  2: 4096 op, 170685369.00 ns, 41.6712 us/op

WorkloadWarmup   1: 4096 op, 168962841.00 ns, 41.2507 us/op
WorkloadWarmup   2: 4096 op, 169786895.00 ns, 41.4519 us/op
WorkloadWarmup   3: 4096 op, 169451481.00 ns, 41.3700 us/op
WorkloadWarmup   4: 4096 op, 170097862.00 ns, 41.5278 us/op
WorkloadWarmup   5: 4096 op, 169575365.00 ns, 41.4002 us/op
WorkloadWarmup   6: 4096 op, 169891609.00 ns, 41.4774 us/op
WorkloadWarmup   7: 4096 op, 169819974.00 ns, 41.4600 us/op
WorkloadWarmup   8: 4096 op, 170597933.00 ns, 41.6499 us/op
WorkloadWarmup   9: 4096 op, 159056181.00 ns, 38.8321 us/op
WorkloadWarmup  10: 4096 op, 137837006.00 ns, 33.6516 us/op
WorkloadWarmup  11: 4096 op, 138998545.00 ns, 33.9352 us/op
WorkloadWarmup  12: 4096 op, 138449421.00 ns, 33.8011 us/op
WorkloadWarmup  13: 4096 op, 138015228.00 ns, 33.6951 us/op
WorkloadWarmup  14: 4096 op, 137158627.00 ns, 33.4860 us/op
WorkloadWarmup  15: 4096 op, 135057172.00 ns, 32.9729 us/op
WorkloadWarmup  16: 4096 op, 135716048.00 ns, 33.1338 us/op

// BeforeActualRun
WorkloadActual   1: 4096 op, 135978283.00 ns, 33.1978 us/op
WorkloadActual   2: 4096 op, 139129053.00 ns, 33.9671 us/op
WorkloadActual   3: 4096 op, 136252639.00 ns, 33.2648 us/op
WorkloadActual   4: 4096 op, 135960073.00 ns, 33.1934 us/op
WorkloadActual   5: 4096 op, 135126003.00 ns, 32.9897 us/op
WorkloadActual   6: 4096 op, 136243329.00 ns, 33.2625 us/op
WorkloadActual   7: 4096 op, 135540805.00 ns, 33.0910 us/op
WorkloadActual   8: 4096 op, 136260272.00 ns, 33.2667 us/op
WorkloadActual   9: 4096 op, 136335847.00 ns, 33.2851 us/op
WorkloadActual  10: 4096 op, 136526603.00 ns, 33.3317 us/op
WorkloadActual  11: 4096 op, 137354800.00 ns, 33.5339 us/op
WorkloadActual  12: 4096 op, 137205992.00 ns, 33.4976 us/op

// AfterActualRun
WorkloadResult   1: 4096 op, 135978283.00 ns, 33.1978 us/op
WorkloadResult   2: 4096 op, 136252639.00 ns, 33.2648 us/op
WorkloadResult   3: 4096 op, 135960073.00 ns, 33.1934 us/op
WorkloadResult   4: 4096 op, 135126003.00 ns, 32.9897 us/op
WorkloadResult   5: 4096 op, 136243329.00 ns, 33.2625 us/op
WorkloadResult   6: 4096 op, 135540805.00 ns, 33.0910 us/op
WorkloadResult   7: 4096 op, 136260272.00 ns, 33.2667 us/op
WorkloadResult   8: 4096 op, 136335847.00 ns, 33.2851 us/op
WorkloadResult   9: 4096 op, 136526603.00 ns, 33.3317 us/op
WorkloadResult  10: 4096 op, 137354800.00 ns, 33.5339 us/op
WorkloadResult  11: 4096 op, 137205992.00 ns, 33.4976 us/op
// GC:  0 0 0 0 4096
// Threading:  0 0 4096

// AfterAll
// Benchmark Process 2217562 has exited with code 0.

Mean = 33.265 us, StdErr = 0.047 us (0.14%), N = 11, StdDev = 0.157 us
Min = 32.990 us, Q1 = 33.196 us, Median = 33.265 us, Q3 = 33.308 us, Max = 33.534 us
IQR = 0.113 us, LowerFence = 33.026 us, UpperFence = 33.478 us
ConfidenceInterval = [33.048 us; 33.482 us] (CI 99.9%), Margin = 0.217 us (0.65% of Mean)
Skewness = 0.13, Kurtosis = 2.22, MValue = 2

// ** Remained 10 (33.3%) benchmark(s) to run. Estimated finish 2026-09-12 10:43 (0h 0m from now) **
// **************************
// Benchmark: DataAuthoredQueryBenchmarks.DataAuthoredFacade: Jit(IterationCount=12, IterationTime=250ms, WarmupCount=16) [Shape=TwoHundredFiftySixTracks, Pattern=Forward]
// *** Execute ***
// Launch: 1 / 1
// Execute: dotnet Alpha-Jit-1.dll --anonymousPipes 116 117 --benchmarkName "DataAuthoredQueryBenchmarks.DataAuthoredFacade(Shape: TwoHundredFiftySixTracks, Pattern: Forward)" --job Jit --benchmarkId 20 in /home/i/GitHub/tl-56-feat-data-authored-api/benchmarks/Alpha/bin/Release/net10.0/Alpha-Jit-1/bin/Release/net10.0
// Failed to set up high priority (Permission denied). In order to run benchmarks with high priority, make sure you have the right permissions.
// BeforeAnythingElse

// Benchmark Process Environment Information:
// BenchmarkDotNet v0.15.8
// Runtime=.NET 10.0.12 (10.0.12, 10.0.1226.42308), X64 RyuJIT x86-64-v3
// GC=Concurrent Workstation
// HardwareIntrinsics=AVX2+BMI1+BMI2+F16C+FMA+LZCNT+MOVBE,AVX,SSE3+SSSE3+SSE4.1+SSE4.2+POPCNT,X86Base+SSE+SSE2,AES+PCLMUL,AvxVnni,SERIALIZE VectorSize=256
// Job: Jit(IterationCount=12, IterationTime=250ms, WarmupCount=16)

OverheadJitting  1: 4096 op, 104229.00 ns, 25.4465 ns/op
WorkloadJitting  1: 4096 op, 17576572.00 ns, 4.2912 us/op

WorkloadPilot    1: 16384 op, 70760684.00 ns, 4.3189 us/op
WorkloadPilot    2: 57344 op, 240853834.00 ns, 4.2002 us/op

WorkloadWarmup   1: 57344 op, 241281341.00 ns, 4.2076 us/op
WorkloadWarmup   2: 57344 op, 241910399.00 ns, 4.2186 us/op
WorkloadWarmup   3: 57344 op, 241814109.00 ns, 4.2169 us/op
WorkloadWarmup   4: 57344 op, 240178338.00 ns, 4.1884 us/op
WorkloadWarmup   5: 57344 op, 240568544.00 ns, 4.1952 us/op
WorkloadWarmup   6: 57344 op, 198844164.00 ns, 3.4676 us/op
WorkloadWarmup   7: 57344 op, 63563460.00 ns, 1.1085 us/op
WorkloadWarmup   8: 57344 op, 65985753.00 ns, 1.1507 us/op
WorkloadWarmup   9: 57344 op, 62798050.00 ns, 1.0951 us/op
WorkloadWarmup  10: 57344 op, 65050095.00 ns, 1.1344 us/op
WorkloadWarmup  11: 57344 op, 66804558.00 ns, 1.1650 us/op
WorkloadWarmup  12: 57344 op, 61880805.00 ns, 1.0791 us/op
WorkloadWarmup  13: 57344 op, 62883168.00 ns, 1.0966 us/op
WorkloadWarmup  14: 57344 op, 63043066.00 ns, 1.0994 us/op
WorkloadWarmup  15: 57344 op, 62904570.00 ns, 1.0970 us/op
WorkloadWarmup  16: 57344 op, 61935439.00 ns, 1.0801 us/op

// BeforeActualRun
WorkloadActual   1: 57344 op, 63286780.00 ns, 1.1036 us/op
WorkloadActual   2: 57344 op, 61640245.00 ns, 1.0749 us/op
WorkloadActual   3: 57344 op, 62201635.00 ns, 1.0847 us/op
WorkloadActual   4: 57344 op, 62818765.00 ns, 1.0955 us/op
WorkloadActual   5: 57344 op, 61678122.00 ns, 1.0756 us/op
WorkloadActual   6: 57344 op, 63669785.00 ns, 1.1103 us/op
WorkloadActual   7: 57344 op, 67317916.00 ns, 1.1739 us/op
WorkloadActual   8: 57344 op, 64584919.00 ns, 1.1263 us/op
WorkloadActual   9: 57344 op, 63111379.00 ns, 1.1006 us/op
WorkloadActual  10: 57344 op, 62841456.00 ns, 1.0959 us/op
WorkloadActual  11: 57344 op, 61979366.00 ns, 1.0808 us/op
WorkloadActual  12: 57344 op, 62957737.00 ns, 1.0979 us/op

// AfterActualRun
WorkloadResult   1: 57344 op, 63286780.00 ns, 1.1036 us/op
WorkloadResult   2: 57344 op, 61640245.00 ns, 1.0749 us/op
WorkloadResult   3: 57344 op, 62201635.00 ns, 1.0847 us/op
WorkloadResult   4: 57344 op, 62818765.00 ns, 1.0955 us/op
WorkloadResult   5: 57344 op, 61678122.00 ns, 1.0756 us/op
WorkloadResult   6: 57344 op, 63669785.00 ns, 1.1103 us/op
WorkloadResult   7: 57344 op, 64584919.00 ns, 1.1263 us/op
WorkloadResult   8: 57344 op, 63111379.00 ns, 1.1006 us/op
WorkloadResult   9: 57344 op, 62841456.00 ns, 1.0959 us/op
WorkloadResult  10: 57344 op, 61979366.00 ns, 1.0808 us/op
WorkloadResult  11: 57344 op, 62957737.00 ns, 1.0979 us/op
// GC:  0 0 0 0 57344
// Threading:  0 0 57344

// AfterAll
// Benchmark Process 2222749 has exited with code 0.

Mean = 1.095 us, StdErr = 0.005 us (0.43%), N = 11, StdDev = 0.016 us
Min = 1.075 us, Q1 = 1.083 us, Median = 1.096 us, Q3 = 1.102 us, Max = 1.126 us
IQR = 0.019 us, LowerFence = 1.054 us, UpperFence = 1.131 us
ConfidenceInterval = [1.074 us; 1.117 us] (CI 99.9%), Margin = 0.021 us (1.96% of Mean)
Skewness = 0.36, Kurtosis = 2.13, MValue = 2

// ** Remained 9 (30.0%) benchmark(s) to run. Estimated finish 2026-09-12 10:43 (0h 0m from now) **
// **************************
// Benchmark: DataAuthoredQueryBenchmarks.DirectShape: Jit(IterationCount=12, IterationTime=250ms, WarmupCount=16) [Shape=TwoHundredFiftySixTracks, Pattern=Alternating]
// *** Execute ***
// Launch: 1 / 1
// Execute: dotnet Alpha-Jit-1.dll --anonymousPipes 116 117 --benchmarkName "DataAuthoredQueryBenchmarks.DirectShape(Shape: TwoHundredFiftySixTracks, Pattern: Alternating)" --job Jit --benchmarkId 21 in /home/i/GitHub/tl-56-feat-data-authored-api/benchmarks/Alpha/bin/Release/net10.0/Alpha-Jit-1/bin/Release/net10.0
// Failed to set up high priority (Permission denied). In order to run benchmarks with high priority, make sure you have the right permissions.
// BeforeAnythingElse

// Benchmark Process Environment Information:
// BenchmarkDotNet v0.15.8
// Runtime=.NET 10.0.12 (10.0.12, 10.0.1226.42308), X64 RyuJIT x86-64-v3
// GC=Concurrent Workstation
// HardwareIntrinsics=AVX2+BMI1+BMI2+F16C+FMA+LZCNT+MOVBE,AVX,SSE3+SSSE3+SSE4.1+SSE4.2+POPCNT,X86Base+SSE+SSE2,AES+PCLMUL,AvxVnni,SERIALIZE VectorSize=256
// Job: Jit(IterationCount=12, IterationTime=250ms, WarmupCount=16)

OverheadJitting  1: 4096 op, 119814.00 ns, 29.2515 ns/op
WorkloadJitting  1: 4096 op, 2901527.00 ns, 708.3806 ns/op

OverheadJitting  2: 65536 op, 129513.00 ns, 1.9762 ns/op
WorkloadJitting  2: 65536 op, 30624222.00 ns, 467.2885 ns/op

WorkloadPilot    1: 65536 op, 30719469.00 ns, 468.7419 ns/op
WorkloadPilot    2: 589824 op, 274181874.00 ns, 464.8537 ns/op

OverheadWarmup   1: 589824 op, 1106.00 ns, 0.0019 ns/op
OverheadWarmup   2: 589824 op, 430.00 ns, 0.0007 ns/op
OverheadWarmup   3: 589824 op, 357.00 ns, 0.0006 ns/op
OverheadWarmup   4: 589824 op, 342.00 ns, 0.0006 ns/op
OverheadWarmup   5: 589824 op, 436.00 ns, 0.0007 ns/op
OverheadWarmup   6: 589824 op, 335.00 ns, 0.0006 ns/op
OverheadWarmup   7: 589824 op, 283.00 ns, 0.0005 ns/op
OverheadWarmup   8: 589824 op, 299.00 ns, 0.0005 ns/op
OverheadWarmup   9: 589824 op, 315.00 ns, 0.0005 ns/op
OverheadWarmup  10: 589824 op, 289.00 ns, 0.0005 ns/op

OverheadActual   1: 589824 op, 478.00 ns, 0.0008 ns/op
OverheadActual   2: 589824 op, 1151.00 ns, 0.0020 ns/op
OverheadActual   3: 589824 op, 606.00 ns, 0.0010 ns/op
OverheadActual   4: 589824 op, 445.00 ns, 0.0008 ns/op
OverheadActual   5: 589824 op, 441.00 ns, 0.0007 ns/op
OverheadActual   6: 589824 op, 286.00 ns, 0.0005 ns/op
OverheadActual   7: 589824 op, 280.00 ns, 0.0005 ns/op
OverheadActual   8: 589824 op, 250.00 ns, 0.0004 ns/op
OverheadActual   9: 589824 op, 250.00 ns, 0.0004 ns/op
OverheadActual  10: 589824 op, 254.00 ns, 0.0004 ns/op
OverheadActual  11: 589824 op, 251.00 ns, 0.0004 ns/op
OverheadActual  12: 589824 op, 251.00 ns, 0.0004 ns/op
OverheadActual  13: 589824 op, 275.00 ns, 0.0005 ns/op
OverheadActual  14: 589824 op, 255.00 ns, 0.0004 ns/op
OverheadActual  15: 589824 op, 273.00 ns, 0.0005 ns/op
OverheadActual  16: 589824 op, 270.00 ns, 0.0005 ns/op
OverheadActual  17: 589824 op, 272.00 ns, 0.0005 ns/op
OverheadActual  18: 589824 op, 401.00 ns, 0.0007 ns/op
OverheadActual  19: 589824 op, 333.00 ns, 0.0006 ns/op
OverheadActual  20: 589824 op, 308.00 ns, 0.0005 ns/op

WorkloadWarmup   1: 589824 op, 272334745.00 ns, 461.7220 ns/op
WorkloadWarmup   2: 589824 op, 273894006.00 ns, 464.3657 ns/op
WorkloadWarmup   3: 589824 op, 272243430.00 ns, 461.5672 ns/op
WorkloadWarmup   4: 589824 op, 274361190.00 ns, 465.1577 ns/op
WorkloadWarmup   5: 589824 op, 278735664.00 ns, 472.5743 ns/op
WorkloadWarmup   6: 589824 op, 211178813.00 ns, 358.0370 ns/op
WorkloadWarmup   7: 589824 op, 202207745.00 ns, 342.8273 ns/op
WorkloadWarmup   8: 589824 op, 202638787.00 ns, 343.5581 ns/op
WorkloadWarmup   9: 589824 op, 204308256.00 ns, 346.3885 ns/op
WorkloadWarmup  10: 589824 op, 202944042.00 ns, 344.0756 ns/op
WorkloadWarmup  11: 589824 op, 201396527.00 ns, 341.4519 ns/op
WorkloadWarmup  12: 589824 op, 200650489.00 ns, 340.1871 ns/op
WorkloadWarmup  13: 589824 op, 203976714.00 ns, 345.8264 ns/op
WorkloadWarmup  14: 589824 op, 201096074.00 ns, 340.9425 ns/op
WorkloadWarmup  15: 589824 op, 200987397.00 ns, 340.7583 ns/op
WorkloadWarmup  16: 589824 op, 202284996.00 ns, 342.9582 ns/op

// BeforeActualRun
WorkloadActual   1: 589824 op, 201256402.00 ns, 341.2143 ns/op
WorkloadActual   2: 589824 op, 206496806.00 ns, 350.0990 ns/op
WorkloadActual   3: 589824 op, 201053572.00 ns, 340.8704 ns/op
WorkloadActual   4: 589824 op, 200167288.00 ns, 339.3678 ns/op
WorkloadActual   5: 589824 op, 201823713.00 ns, 342.1762 ns/op
WorkloadActual   6: 589824 op, 199908548.00 ns, 338.9292 ns/op
WorkloadActual   7: 589824 op, 211985226.00 ns, 359.4042 ns/op
WorkloadActual   8: 589824 op, 208841310.00 ns, 354.0739 ns/op
WorkloadActual   9: 589824 op, 200991247.00 ns, 340.7648 ns/op
WorkloadActual  10: 589824 op, 193905124.00 ns, 328.7508 ns/op
WorkloadActual  11: 589824 op, 198930864.00 ns, 337.2716 ns/op
WorkloadActual  12: 589824 op, 201380743.00 ns, 341.4251 ns/op

// AfterActualRun
WorkloadResult   1: 589824 op, 201256124.50 ns, 341.2139 ns/op
WorkloadResult   2: 589824 op, 206496528.50 ns, 350.0986 ns/op
WorkloadResult   3: 589824 op, 201053294.50 ns, 340.8700 ns/op
WorkloadResult   4: 589824 op, 200167010.50 ns, 339.3674 ns/op
WorkloadResult   5: 589824 op, 201823435.50 ns, 342.1757 ns/op
WorkloadResult   6: 589824 op, 199908270.50 ns, 338.9287 ns/op
WorkloadResult   7: 589824 op, 200990969.50 ns, 340.7643 ns/op
WorkloadResult   8: 589824 op, 193904846.50 ns, 328.7504 ns/op
WorkloadResult   9: 589824 op, 198930586.50 ns, 337.2711 ns/op
WorkloadResult  10: 589824 op, 201380465.50 ns, 341.4247 ns/op
// GC:  0 0 0 0 589824
// Threading:  0 0 589824

// AfterAll
// Benchmark Process 2226354 has exited with code 0.

Mean = 340.086 ns, StdErr = 1.657 ns (0.49%), N = 10, StdDev = 5.239 ns
Min = 328.750 ns, Q1 = 339.038 ns, Median = 340.817 ns, Q3 = 341.372 ns, Max = 350.099 ns
IQR = 2.334 ns, LowerFence = 335.538 ns, UpperFence = 344.872 ns
ConfidenceInterval = [332.166 ns; 348.007 ns] (CI 99.9%), Margin = 7.921 ns (2.33% of Mean)
Skewness = -0.32, Kurtosis = 3.54, MValue = 2

// ** Remained 8 (26.7%) benchmark(s) to run. Estimated finish 2026-09-12 10:43 (0h 0m from now) **
// **************************
// Benchmark: DataAuthoredQueryBenchmarks.GeneratedShape: Jit(IterationCount=12, IterationTime=250ms, WarmupCount=16) [Shape=TwoHundredFiftySixTracks, Pattern=Alternating]
// *** Execute ***
// Launch: 1 / 1
// Execute: dotnet Alpha-Jit-1.dll --anonymousPipes 116 117 --benchmarkName "DataAuthoredQueryBenchmarks.GeneratedShape(Shape: TwoHundredFiftySixTracks, Pattern: Alternating)" --job Jit --benchmarkId 22 in /home/i/GitHub/tl-56-feat-data-authored-api/benchmarks/Alpha/bin/Release/net10.0/Alpha-Jit-1/bin/Release/net10.0
// Failed to set up high priority (Permission denied). In order to run benchmarks with high priority, make sure you have the right permissions.
// BeforeAnythingElse

// Benchmark Process Environment Information:
// BenchmarkDotNet v0.15.8
// Runtime=.NET 10.0.12 (10.0.12, 10.0.1226.42308), X64 RyuJIT x86-64-v3
// GC=Concurrent Workstation
// HardwareIntrinsics=AVX2+BMI1+BMI2+F16C+FMA+LZCNT+MOVBE,AVX,SSE3+SSSE3+SSE4.1+SSE4.2+POPCNT,X86Base+SSE+SSE2,AES+PCLMUL,AvxVnni,SERIALIZE VectorSize=256
// Job: Jit(IterationCount=12, IterationTime=250ms, WarmupCount=16)

OverheadJitting  1: 4096 op, 102634.00 ns, 25.0571 ns/op
WorkloadJitting  1: 4096 op, 171685359.00 ns, 41.9154 us/op

OverheadJitting  2: 4096 op, 240.00 ns, 0.0586 ns/op
WorkloadJitting  2: 4096 op, 171669734.00 ns, 41.9116 us/op

WorkloadWarmup   1: 4096 op, 171028880.00 ns, 41.7551 us/op
WorkloadWarmup   2: 4096 op, 173974113.00 ns, 42.4741 us/op
WorkloadWarmup   3: 4096 op, 170814838.00 ns, 41.7028 us/op
WorkloadWarmup   4: 4096 op, 171278982.00 ns, 41.8162 us/op
WorkloadWarmup   5: 4096 op, 170917900.00 ns, 41.7280 us/op
WorkloadWarmup   6: 4096 op, 171051490.00 ns, 41.7606 us/op
WorkloadWarmup   7: 4096 op, 176793672.00 ns, 43.1625 us/op
WorkloadWarmup   8: 4096 op, 172453605.00 ns, 42.1029 us/op
WorkloadWarmup   9: 4096 op, 170358813.00 ns, 41.5915 us/op
WorkloadWarmup  10: 4096 op, 142483216.00 ns, 34.7859 us/op
WorkloadWarmup  11: 4096 op, 143358157.00 ns, 34.9996 us/op
WorkloadWarmup  12: 4096 op, 141692425.00 ns, 34.5929 us/op
WorkloadWarmup  13: 4096 op, 142420250.00 ns, 34.7706 us/op
WorkloadWarmup  14: 4096 op, 142514689.00 ns, 34.7936 us/op
WorkloadWarmup  15: 4096 op, 142398788.00 ns, 34.7653 us/op
WorkloadWarmup  16: 4096 op, 140654385.00 ns, 34.3394 us/op

// BeforeActualRun
WorkloadActual   1: 4096 op, 141372706.00 ns, 34.5148 us/op
WorkloadActual   2: 4096 op, 141016653.00 ns, 34.4279 us/op
WorkloadActual   3: 4096 op, 142219245.00 ns, 34.7215 us/op
WorkloadActual   4: 4096 op, 141330790.00 ns, 34.5046 us/op
WorkloadActual   5: 4096 op, 141290728.00 ns, 34.4948 us/op
WorkloadActual   6: 4096 op, 140455568.00 ns, 34.2909 us/op
WorkloadActual   7: 4096 op, 141675759.00 ns, 34.5888 us/op
WorkloadActual   8: 4096 op, 140910189.00 ns, 34.4019 us/op
WorkloadActual   9: 4096 op, 140216982.00 ns, 34.2327 us/op
WorkloadActual  10: 4096 op, 141671713.00 ns, 34.5878 us/op
WorkloadActual  11: 4096 op, 139606508.00 ns, 34.0836 us/op
WorkloadActual  12: 4096 op, 141500008.00 ns, 34.5459 us/op

// AfterActualRun
WorkloadResult   1: 4096 op, 141372706.00 ns, 34.5148 us/op
WorkloadResult   2: 4096 op, 141016653.00 ns, 34.4279 us/op
WorkloadResult   3: 4096 op, 142219245.00 ns, 34.7215 us/op
WorkloadResult   4: 4096 op, 141330790.00 ns, 34.5046 us/op
WorkloadResult   5: 4096 op, 141290728.00 ns, 34.4948 us/op
WorkloadResult   6: 4096 op, 140455568.00 ns, 34.2909 us/op
WorkloadResult   7: 4096 op, 141675759.00 ns, 34.5888 us/op
WorkloadResult   8: 4096 op, 140910189.00 ns, 34.4019 us/op
WorkloadResult   9: 4096 op, 140216982.00 ns, 34.2327 us/op
WorkloadResult  10: 4096 op, 141671713.00 ns, 34.5878 us/op
WorkloadResult  11: 4096 op, 139606508.00 ns, 34.0836 us/op
WorkloadResult  12: 4096 op, 141500008.00 ns, 34.5459 us/op
// GC:  0 0 0 0 4096
// Threading:  0 0 4096

// AfterAll
// Benchmark Process 2233541 has exited with code 0.

Mean = 34.450 us, StdErr = 0.051 us (0.15%), N = 12, StdDev = 0.176 us
Min = 34.084 us, Q1 = 34.374 us, Median = 34.500 us, Q3 = 34.556 us, Max = 34.721 us
IQR = 0.182 us, LowerFence = 34.101 us, UpperFence = 34.830 us
ConfidenceInterval = [34.224 us; 34.675 us] (CI 99.9%), Margin = 0.225 us (0.65% of Mean)
Skewness = -0.56, Kurtosis = 2.37, MValue = 2

// ** Remained 7 (23.3%) benchmark(s) to run. Estimated finish 2026-09-12 10:43 (0h 0m from now) **
// **************************
// Benchmark: DataAuthoredQueryBenchmarks.DataAuthoredFacade: Jit(IterationCount=12, IterationTime=250ms, WarmupCount=16) [Shape=TwoHundredFiftySixTracks, Pattern=Alternating]
// *** Execute ***
// Launch: 1 / 1
// Execute: dotnet Alpha-Jit-1.dll --anonymousPipes 116 117 --benchmarkName "DataAuthoredQueryBenchmarks.DataAuthoredFacade(Shape: TwoHundredFiftySixTracks, Pattern: Alternating)" --job Jit --benchmarkId 23 in /home/i/GitHub/tl-56-feat-data-authored-api/benchmarks/Alpha/bin/Release/net10.0/Alpha-Jit-1/bin/Release/net10.0
// Failed to set up high priority (Permission denied). In order to run benchmarks with high priority, make sure you have the right permissions.
// BeforeAnythingElse

// Benchmark Process Environment Information:
// BenchmarkDotNet v0.15.8
// Runtime=.NET 10.0.12 (10.0.12, 10.0.1226.42308), X64 RyuJIT x86-64-v3
// GC=Concurrent Workstation
// HardwareIntrinsics=AVX2+BMI1+BMI2+F16C+FMA+LZCNT+MOVBE,AVX,SSE3+SSSE3+SSE4.1+SSE4.2+POPCNT,X86Base+SSE+SSE2,AES+PCLMUL,AvxVnni,SERIALIZE VectorSize=256
// Job: Jit(IterationCount=12, IterationTime=250ms, WarmupCount=16)

OverheadJitting  1: 4096 op, 113300.00 ns, 27.6611 ns/op
WorkloadJitting  1: 4096 op, 17911389.00 ns, 4.3729 us/op

WorkloadPilot    1: 16384 op, 71407861.00 ns, 4.3584 us/op
WorkloadPilot    2: 57344 op, 241983235.00 ns, 4.2199 us/op

WorkloadWarmup   1: 57344 op, 241700962.00 ns, 4.2149 us/op
WorkloadWarmup   2: 57344 op, 242087698.00 ns, 4.2217 us/op
WorkloadWarmup   3: 57344 op, 242185797.00 ns, 4.2234 us/op
WorkloadWarmup   4: 57344 op, 244841209.00 ns, 4.2697 us/op
WorkloadWarmup   5: 57344 op, 243796069.00 ns, 4.2515 us/op
WorkloadWarmup   6: 57344 op, 198673749.00 ns, 3.4646 us/op
WorkloadWarmup   7: 57344 op, 65548497.00 ns, 1.1431 us/op
WorkloadWarmup   8: 57344 op, 66154300.00 ns, 1.1536 us/op
WorkloadWarmup   9: 57344 op, 66176692.00 ns, 1.1540 us/op
WorkloadWarmup  10: 57344 op, 66755573.00 ns, 1.1641 us/op
WorkloadWarmup  11: 57344 op, 67905355.00 ns, 1.1842 us/op
WorkloadWarmup  12: 57344 op, 63773690.00 ns, 1.1121 us/op
WorkloadWarmup  13: 57344 op, 63672886.00 ns, 1.1104 us/op
WorkloadWarmup  14: 57344 op, 64857887.00 ns, 1.1310 us/op
WorkloadWarmup  15: 57344 op, 64271331.00 ns, 1.1208 us/op
WorkloadWarmup  16: 57344 op, 64811173.00 ns, 1.1302 us/op

// BeforeActualRun
WorkloadActual   1: 57344 op, 64483276.00 ns, 1.1245 us/op
WorkloadActual   2: 57344 op, 64589151.00 ns, 1.1263 us/op
WorkloadActual   3: 57344 op, 63824821.00 ns, 1.1130 us/op
WorkloadActual   4: 57344 op, 63641279.00 ns, 1.1098 us/op
WorkloadActual   5: 57344 op, 64824965.00 ns, 1.1305 us/op
WorkloadActual   6: 57344 op, 64626068.00 ns, 1.1270 us/op
WorkloadActual   7: 57344 op, 65452393.00 ns, 1.1414 us/op
WorkloadActual   8: 57344 op, 63092283.00 ns, 1.1002 us/op
WorkloadActual   9: 57344 op, 69220111.00 ns, 1.2071 us/op
WorkloadActual  10: 57344 op, 64512894.00 ns, 1.1250 us/op
WorkloadActual  11: 57344 op, 64779128.00 ns, 1.1297 us/op
WorkloadActual  12: 57344 op, 63923786.00 ns, 1.1147 us/op

// AfterActualRun
WorkloadResult   1: 57344 op, 64483276.00 ns, 1.1245 us/op
WorkloadResult   2: 57344 op, 64589151.00 ns, 1.1263 us/op
WorkloadResult   3: 57344 op, 63824821.00 ns, 1.1130 us/op
WorkloadResult   4: 57344 op, 63641279.00 ns, 1.1098 us/op
WorkloadResult   5: 57344 op, 64824965.00 ns, 1.1305 us/op
WorkloadResult   6: 57344 op, 64626068.00 ns, 1.1270 us/op
WorkloadResult   7: 57344 op, 65452393.00 ns, 1.1414 us/op
WorkloadResult   8: 57344 op, 63092283.00 ns, 1.1002 us/op
WorkloadResult   9: 57344 op, 64512894.00 ns, 1.1250 us/op
WorkloadResult  10: 57344 op, 64779128.00 ns, 1.1297 us/op
WorkloadResult  11: 57344 op, 63923786.00 ns, 1.1147 us/op
// GC:  0 0 0 0 57344
// Threading:  0 0 57344

// AfterAll
// Benchmark Process 2238675 has exited with code 0.

Mean = 1.122 us, StdErr = 0.003 us (0.31%), N = 11, StdDev = 0.011 us
Min = 1.100 us, Q1 = 1.114 us, Median = 1.125 us, Q3 = 1.128 us, Max = 1.141 us
IQR = 0.014 us, LowerFence = 1.092 us, UpperFence = 1.150 us
ConfidenceInterval = [1.106 us; 1.138 us] (CI 99.9%), Margin = 0.016 us (1.42% of Mean)
Skewness = -0.28, Kurtosis = 2.12, MValue = 2

// ** Remained 6 (20.0%) benchmark(s) to run. Estimated finish 2026-09-12 10:43 (0h 0m from now) **
// **************************
// Benchmark: DataAuthoredQueryBenchmarks.DirectShape: Jit(IterationCount=12, IterationTime=250ms, WarmupCount=16) [Shape=Blend, Pattern=Forward]
// *** Execute ***
// Launch: 1 / 1
// Execute: dotnet Alpha-Jit-1.dll --anonymousPipes 116 117 --benchmarkName "DataAuthoredQueryBenchmarks.DirectShape(Shape: Blend, Pattern: Forward)" --job Jit --benchmarkId 24 in /home/i/GitHub/tl-56-feat-data-authored-api/benchmarks/Alpha/bin/Release/net10.0/Alpha-Jit-1/bin/Release/net10.0
// Failed to set up high priority (Permission denied). In order to run benchmarks with high priority, make sure you have the right permissions.
// BeforeAnythingElse

// Benchmark Process Environment Information:
// BenchmarkDotNet v0.15.8
// Runtime=.NET 10.0.12 (10.0.12, 10.0.1226.42308), X64 RyuJIT x86-64-v3
// GC=Concurrent Workstation
// HardwareIntrinsics=AVX2+BMI1+BMI2+F16C+FMA+LZCNT+MOVBE,AVX,SSE3+SSSE3+SSE4.1+SSE4.2+POPCNT,X86Base+SSE+SSE2,AES+PCLMUL,AvxVnni,SERIALIZE VectorSize=256
// Job: Jit(IterationCount=12, IterationTime=250ms, WarmupCount=16)

OverheadJitting  1: 4096 op, 102981.00 ns, 25.1418 ns/op
WorkloadJitting  1: 4096 op, 1332734.00 ns, 325.3745 ns/op

OverheadJitting  2: 65536 op, 261810.00 ns, 3.9949 ns/op
WorkloadJitting  2: 65536 op, 634014.00 ns, 9.6743 ns/op

WorkloadPilot    1: 65536 op, 257056.00 ns, 3.9224 ns/op
WorkloadPilot    2: 63766528 op, 205590076.00 ns, 3.2241 ns/op
WorkloadPilot    3: 77594624 op, 250138870.00 ns, 3.2237 ns/op

OverheadWarmup   1: 77594624 op, 26240.00 ns, 0.0003 ns/op
OverheadWarmup   2: 77594624 op, 26236.00 ns, 0.0003 ns/op
OverheadWarmup   3: 77594624 op, 26188.00 ns, 0.0003 ns/op
OverheadWarmup   4: 77594624 op, 26166.00 ns, 0.0003 ns/op
OverheadWarmup   5: 77594624 op, 27457.00 ns, 0.0004 ns/op
OverheadWarmup   6: 77594624 op, 25723.00 ns, 0.0003 ns/op
OverheadWarmup   7: 77594624 op, 26198.00 ns, 0.0003 ns/op
OverheadWarmup   8: 77594624 op, 25680.00 ns, 0.0003 ns/op

OverheadActual   1: 77594624 op, 29059.00 ns, 0.0004 ns/op
OverheadActual   2: 77594624 op, 25480.00 ns, 0.0003 ns/op
OverheadActual   3: 77594624 op, 25449.00 ns, 0.0003 ns/op
OverheadActual   4: 77594624 op, 25240.00 ns, 0.0003 ns/op
OverheadActual   5: 77594624 op, 25382.00 ns, 0.0003 ns/op
OverheadActual   6: 77594624 op, 25824.00 ns, 0.0003 ns/op
OverheadActual   7: 77594624 op, 25917.00 ns, 0.0003 ns/op
OverheadActual   8: 77594624 op, 28048.00 ns, 0.0004 ns/op
OverheadActual   9: 77594624 op, 27873.00 ns, 0.0004 ns/op
OverheadActual  10: 77594624 op, 28753.00 ns, 0.0004 ns/op
OverheadActual  11: 77594624 op, 28688.00 ns, 0.0004 ns/op
OverheadActual  12: 77594624 op, 28620.00 ns, 0.0004 ns/op
OverheadActual  13: 77594624 op, 25768.00 ns, 0.0003 ns/op
OverheadActual  14: 77594624 op, 26716.00 ns, 0.0003 ns/op
OverheadActual  15: 77594624 op, 25740.00 ns, 0.0003 ns/op
OverheadActual  16: 77594624 op, 27334.00 ns, 0.0004 ns/op
OverheadActual  17: 77594624 op, 27212.00 ns, 0.0004 ns/op
OverheadActual  18: 77594624 op, 25894.00 ns, 0.0003 ns/op

WorkloadWarmup   1: 77594624 op, 249209897.00 ns, 3.2117 ns/op
WorkloadWarmup   2: 77594624 op, 248235975.00 ns, 3.1991 ns/op
WorkloadWarmup   3: 77594624 op, 249558970.00 ns, 3.2162 ns/op
WorkloadWarmup   4: 77594624 op, 250074827.00 ns, 3.2228 ns/op
WorkloadWarmup   5: 77594624 op, 249483554.00 ns, 3.2152 ns/op
WorkloadWarmup   6: 77594624 op, 249025117.00 ns, 3.2093 ns/op
WorkloadWarmup   7: 77594624 op, 131999703.00 ns, 1.7011 ns/op
WorkloadWarmup   8: 77594624 op, 133483480.00 ns, 1.7203 ns/op
WorkloadWarmup   9: 77594624 op, 132199715.00 ns, 1.7037 ns/op
WorkloadWarmup  10: 77594624 op, 134588012.00 ns, 1.7345 ns/op
WorkloadWarmup  11: 77594624 op, 133372889.00 ns, 1.7188 ns/op
WorkloadWarmup  12: 77594624 op, 132417120.00 ns, 1.7065 ns/op
WorkloadWarmup  13: 77594624 op, 132408442.00 ns, 1.7064 ns/op
WorkloadWarmup  14: 77594624 op, 136488678.00 ns, 1.7590 ns/op
WorkloadWarmup  15: 77594624 op, 132491531.00 ns, 1.7075 ns/op
WorkloadWarmup  16: 77594624 op, 131925021.00 ns, 1.7002 ns/op

// BeforeActualRun
WorkloadActual   1: 77594624 op, 132218390.00 ns, 1.7040 ns/op
WorkloadActual   2: 77594624 op, 132278846.00 ns, 1.7047 ns/op
WorkloadActual   3: 77594624 op, 132235872.00 ns, 1.7042 ns/op
WorkloadActual   4: 77594624 op, 131958415.00 ns, 1.7006 ns/op
WorkloadActual   5: 77594624 op, 131670016.00 ns, 1.6969 ns/op
WorkloadActual   6: 77594624 op, 131841934.00 ns, 1.6991 ns/op
WorkloadActual   7: 77594624 op, 132093239.00 ns, 1.7024 ns/op
WorkloadActual   8: 77594624 op, 130776254.00 ns, 1.6854 ns/op
WorkloadActual   9: 77594624 op, 132031178.00 ns, 1.7016 ns/op
WorkloadActual  10: 77594624 op, 131592866.00 ns, 1.6959 ns/op
WorkloadActual  11: 77594624 op, 131708296.00 ns, 1.6974 ns/op
WorkloadActual  12: 77594624 op, 131733657.00 ns, 1.6977 ns/op

// AfterActualRun
WorkloadResult   1: 77594624 op, 132192073.50 ns, 1.7036 ns/op
WorkloadResult   2: 77594624 op, 132252529.50 ns, 1.7044 ns/op
WorkloadResult   3: 77594624 op, 132209555.50 ns, 1.7038 ns/op
WorkloadResult   4: 77594624 op, 131932098.50 ns, 1.7003 ns/op
WorkloadResult   5: 77594624 op, 131643699.50 ns, 1.6966 ns/op
WorkloadResult   6: 77594624 op, 131815617.50 ns, 1.6988 ns/op
WorkloadResult   7: 77594624 op, 132066922.50 ns, 1.7020 ns/op
WorkloadResult   8: 77594624 op, 130749937.50 ns, 1.6850 ns/op
WorkloadResult   9: 77594624 op, 132004861.50 ns, 1.7012 ns/op
WorkloadResult  10: 77594624 op, 131566549.50 ns, 1.6956 ns/op
WorkloadResult  11: 77594624 op, 131681979.50 ns, 1.6971 ns/op
WorkloadResult  12: 77594624 op, 131707340.50 ns, 1.6974 ns/op
// GC:  0 0 0 0 77594624
// Threading:  0 0 77594624

// AfterAll
// Benchmark Process 2242381 has exited with code 0.

Mean = 1.699 ns, StdErr = 0.002 ns (0.09%), N = 12, StdDev = 0.005 ns
Min = 1.685 ns, Q1 = 1.697 ns, Median = 1.700 ns, Q3 = 1.702 ns, Max = 1.704 ns
IQR = 0.005 ns, LowerFence = 1.689 ns, UpperFence = 1.711 ns
ConfidenceInterval = [1.692 ns; 1.706 ns] (CI 99.9%), Margin = 0.007 ns (0.40% of Mean)
Skewness = -1.24, Kurtosis = 4.07, MValue = 2

// ** Remained 5 (16.7%) benchmark(s) to run. Estimated finish 2026-09-12 10:43 (0h 0m from now) **
// **************************
// Benchmark: DataAuthoredQueryBenchmarks.GeneratedShape: Jit(IterationCount=12, IterationTime=250ms, WarmupCount=16) [Shape=Blend, Pattern=Forward]
// *** Execute ***
// Launch: 1 / 1
// Execute: dotnet Alpha-Jit-1.dll --anonymousPipes 116 117 --benchmarkName "DataAuthoredQueryBenchmarks.GeneratedShape(Shape: Blend, Pattern: Forward)" --job Jit --benchmarkId 25 in /home/i/GitHub/tl-56-feat-data-authored-api/benchmarks/Alpha/bin/Release/net10.0/Alpha-Jit-1/bin/Release/net10.0
// Failed to set up high priority (Permission denied). In order to run benchmarks with high priority, make sure you have the right permissions.
// BeforeAnythingElse

// Benchmark Process Environment Information:
// BenchmarkDotNet v0.15.8
// Runtime=.NET 10.0.12 (10.0.12, 10.0.1226.42308), X64 RyuJIT x86-64-v3
// GC=Concurrent Workstation
// HardwareIntrinsics=AVX2+BMI1+BMI2+F16C+FMA+LZCNT+MOVBE,AVX,SSE3+SSSE3+SSE4.1+SSE4.2+POPCNT,X86Base+SSE+SSE2,AES+PCLMUL,AvxVnni,SERIALIZE VectorSize=256
// Job: Jit(IterationCount=12, IterationTime=250ms, WarmupCount=16)

OverheadJitting  1: 4096 op, 102906.00 ns, 25.1235 ns/op
WorkloadJitting  1: 4096 op, 251764.00 ns, 61.4658 ns/op

OverheadJitting  2: 65536 op, 121357.00 ns, 1.8518 ns/op
WorkloadJitting  2: 65536 op, 1969993.00 ns, 30.0597 ns/op

WorkloadPilot    1: 65536 op, 697965.00 ns, 10.6501 ns/op
WorkloadPilot    2: 23527424 op, 230726141.00 ns, 9.8067 ns/op
WorkloadPilot    3: 25493504 op, 249207196.00 ns, 9.7753 ns/op
WorkloadPilot    4: 25624576 op, 250867025.00 ns, 9.7901 ns/op
WorkloadPilot    5: 25559040 op, 251173311.00 ns, 9.8272 ns/op
WorkloadPilot    6: 25493504 op, 248782047.00 ns, 9.7586 ns/op
WorkloadPilot    7: 25624576 op, 249254647.00 ns, 9.7272 ns/op
WorkloadPilot    8: 25755648 op, 251090756.00 ns, 9.7490 ns/op

OverheadWarmup   1: 25755648 op, 8962.00 ns, 0.0003 ns/op
OverheadWarmup   2: 25755648 op, 8697.00 ns, 0.0003 ns/op
OverheadWarmup   3: 25755648 op, 8670.00 ns, 0.0003 ns/op
OverheadWarmup   4: 25755648 op, 8559.00 ns, 0.0003 ns/op
OverheadWarmup   5: 25755648 op, 8538.00 ns, 0.0003 ns/op
OverheadWarmup   6: 25755648 op, 8582.00 ns, 0.0003 ns/op
OverheadWarmup   7: 25755648 op, 8551.00 ns, 0.0003 ns/op
OverheadWarmup   8: 25755648 op, 8887.00 ns, 0.0003 ns/op
OverheadWarmup   9: 25755648 op, 8558.00 ns, 0.0003 ns/op

OverheadActual   1: 25755648 op, 8789.00 ns, 0.0003 ns/op
OverheadActual   2: 25755648 op, 8836.00 ns, 0.0003 ns/op
OverheadActual   3: 25755648 op, 9014.00 ns, 0.0003 ns/op
OverheadActual   4: 25755648 op, 8669.00 ns, 0.0003 ns/op
OverheadActual   5: 25755648 op, 8613.00 ns, 0.0003 ns/op
OverheadActual   6: 25755648 op, 8399.00 ns, 0.0003 ns/op
OverheadActual   7: 25755648 op, 8413.00 ns, 0.0003 ns/op
OverheadActual   8: 25755648 op, 8403.00 ns, 0.0003 ns/op
OverheadActual   9: 25755648 op, 8393.00 ns, 0.0003 ns/op
OverheadActual  10: 25755648 op, 8393.00 ns, 0.0003 ns/op
OverheadActual  11: 25755648 op, 8367.00 ns, 0.0003 ns/op
OverheadActual  12: 25755648 op, 8454.00 ns, 0.0003 ns/op
OverheadActual  13: 25755648 op, 8562.00 ns, 0.0003 ns/op
OverheadActual  14: 25755648 op, 8542.00 ns, 0.0003 ns/op
OverheadActual  15: 25755648 op, 8582.00 ns, 0.0003 ns/op

WorkloadWarmup   1: 25755648 op, 250189898.00 ns, 9.7140 ns/op
WorkloadWarmup   2: 25755648 op, 250310190.00 ns, 9.7187 ns/op
WorkloadWarmup   3: 25755648 op, 250732795.00 ns, 9.7351 ns/op
WorkloadWarmup   4: 25755648 op, 250864635.00 ns, 9.7402 ns/op
WorkloadWarmup   5: 25755648 op, 211290700.00 ns, 8.2037 ns/op
WorkloadWarmup   6: 25755648 op, 65448299.00 ns, 2.5411 ns/op
WorkloadWarmup   7: 25755648 op, 65664673.00 ns, 2.5495 ns/op
WorkloadWarmup   8: 25755648 op, 65959909.00 ns, 2.5610 ns/op
WorkloadWarmup   9: 25755648 op, 67850476.00 ns, 2.6344 ns/op
WorkloadWarmup  10: 25755648 op, 66016459.00 ns, 2.5632 ns/op
WorkloadWarmup  11: 25755648 op, 66033919.00 ns, 2.5639 ns/op
WorkloadWarmup  12: 25755648 op, 66477826.00 ns, 2.5811 ns/op
WorkloadWarmup  13: 25755648 op, 69461421.00 ns, 2.6969 ns/op
WorkloadWarmup  14: 25755648 op, 64881009.00 ns, 2.5191 ns/op
WorkloadWarmup  15: 25755648 op, 64682804.00 ns, 2.5114 ns/op
WorkloadWarmup  16: 25755648 op, 65531238.00 ns, 2.5443 ns/op

// BeforeActualRun
WorkloadActual   1: 25755648 op, 65871853.00 ns, 2.5576 ns/op
WorkloadActual   2: 25755648 op, 65922342.00 ns, 2.5595 ns/op
WorkloadActual   3: 25755648 op, 65779425.00 ns, 2.5540 ns/op
WorkloadActual   4: 25755648 op, 65570081.00 ns, 2.5459 ns/op
WorkloadActual   5: 25755648 op, 64241911.00 ns, 2.4943 ns/op
WorkloadActual   6: 25755648 op, 65380156.00 ns, 2.5385 ns/op
WorkloadActual   7: 25755648 op, 65697387.00 ns, 2.5508 ns/op
WorkloadActual   8: 25755648 op, 65304196.00 ns, 2.5355 ns/op
WorkloadActual   9: 25755648 op, 64672390.00 ns, 2.5110 ns/op
WorkloadActual  10: 25755648 op, 65963777.00 ns, 2.5611 ns/op
WorkloadActual  11: 25755648 op, 65827873.00 ns, 2.5559 ns/op
WorkloadActual  12: 25755648 op, 66124495.00 ns, 2.5674 ns/op

// AfterActualRun
WorkloadResult   1: 25755648 op, 65863311.00 ns, 2.5572 ns/op
WorkloadResult   2: 25755648 op, 65913800.00 ns, 2.5592 ns/op
WorkloadResult   3: 25755648 op, 65770883.00 ns, 2.5536 ns/op
WorkloadResult   4: 25755648 op, 65561539.00 ns, 2.5455 ns/op
WorkloadResult   5: 25755648 op, 64233369.00 ns, 2.4940 ns/op
WorkloadResult   6: 25755648 op, 65371614.00 ns, 2.5381 ns/op
WorkloadResult   7: 25755648 op, 65688845.00 ns, 2.5505 ns/op
WorkloadResult   8: 25755648 op, 65295654.00 ns, 2.5352 ns/op
WorkloadResult   9: 25755648 op, 64663848.00 ns, 2.5107 ns/op
WorkloadResult  10: 25755648 op, 65955235.00 ns, 2.5608 ns/op
WorkloadResult  11: 25755648 op, 65819331.00 ns, 2.5555 ns/op
WorkloadResult  12: 25755648 op, 66115953.00 ns, 2.5670 ns/op
// GC:  0 0 0 0 25755648
// Threading:  0 0 25755648

// AfterAll
// Benchmark Process 2247724 has exited with code 0.

Mean = 2.544 ns, StdErr = 0.006 ns (0.25%), N = 12, StdDev = 0.022 ns
Min = 2.494 ns, Q1 = 2.537 ns, Median = 2.552 ns, Q3 = 2.558 ns, Max = 2.567 ns
IQR = 0.020 ns, LowerFence = 2.507 ns, UpperFence = 2.588 ns
ConfidenceInterval = [2.516 ns; 2.572 ns] (CI 99.9%), Margin = 0.028 ns (1.10% of Mean)
Skewness = -1.11, Kurtosis = 2.95, MValue = 2

// ** Remained 4 (13.3%) benchmark(s) to run. Estimated finish 2026-09-12 10:43 (0h 0m from now) **
// **************************
// Benchmark: DataAuthoredQueryBenchmarks.DataAuthoredFacade: Jit(IterationCount=12, IterationTime=250ms, WarmupCount=16) [Shape=Blend, Pattern=Forward]
// *** Execute ***
// Launch: 1 / 1
// Execute: dotnet Alpha-Jit-1.dll --anonymousPipes 116 117 --benchmarkName "DataAuthoredQueryBenchmarks.DataAuthoredFacade(Shape: Blend, Pattern: Forward)" --job Jit --benchmarkId 26 in /home/i/GitHub/tl-56-feat-data-authored-api/benchmarks/Alpha/bin/Release/net10.0/Alpha-Jit-1/bin/Release/net10.0
// Failed to set up high priority (Permission denied). In order to run benchmarks with high priority, make sure you have the right permissions.
// BeforeAnythingElse

// Benchmark Process Environment Information:
// BenchmarkDotNet v0.15.8
// Runtime=.NET 10.0.12 (10.0.12, 10.0.1226.42308), X64 RyuJIT x86-64-v3
// GC=Concurrent Workstation
// HardwareIntrinsics=AVX2+BMI1+BMI2+F16C+FMA+LZCNT+MOVBE,AVX,SSE3+SSSE3+SSE4.1+SSE4.2+POPCNT,X86Base+SSE+SSE2,AES+PCLMUL,AvxVnni,SERIALIZE VectorSize=256
// Job: Jit(IterationCount=12, IterationTime=250ms, WarmupCount=16)

OverheadJitting  1: 4096 op, 106848.00 ns, 26.0859 ns/op
WorkloadJitting  1: 4096 op, 360583.00 ns, 88.0330 ns/op

OverheadJitting  2: 65536 op, 192439.00 ns, 2.9364 ns/op
WorkloadJitting  2: 65536 op, 4420834.00 ns, 67.4566 ns/op

WorkloadPilot    1: 65536 op, 2385953.00 ns, 36.4068 ns/op
WorkloadPilot    2: 6881280 op, 248217371.00 ns, 36.0714 ns/op
WorkloadPilot    3: 6946816 op, 249891352.00 ns, 35.9721 ns/op
WorkloadPilot    4: 7012352 op, 251796541.00 ns, 35.9076 ns/op

OverheadWarmup   1: 7012352 op, 2984.00 ns, 0.0004 ns/op
OverheadWarmup   2: 7012352 op, 2495.00 ns, 0.0004 ns/op
OverheadWarmup   3: 7012352 op, 2402.00 ns, 0.0003 ns/op
OverheadWarmup   4: 7012352 op, 2408.00 ns, 0.0003 ns/op
OverheadWarmup   5: 7012352 op, 2397.00 ns, 0.0003 ns/op
OverheadWarmup   6: 7012352 op, 2390.00 ns, 0.0003 ns/op
OverheadWarmup   7: 7012352 op, 2350.00 ns, 0.0003 ns/op
OverheadWarmup   8: 7012352 op, 2354.00 ns, 0.0003 ns/op
OverheadWarmup   9: 7012352 op, 2418.00 ns, 0.0003 ns/op
OverheadWarmup  10: 7012352 op, 2422.00 ns, 0.0003 ns/op

OverheadActual   1: 7012352 op, 2582.00 ns, 0.0004 ns/op
OverheadActual   2: 7012352 op, 2597.00 ns, 0.0004 ns/op
OverheadActual   3: 7012352 op, 2587.00 ns, 0.0004 ns/op
OverheadActual   4: 7012352 op, 2521.00 ns, 0.0004 ns/op
OverheadActual   5: 7012352 op, 2556.00 ns, 0.0004 ns/op
OverheadActual   6: 7012352 op, 2387.00 ns, 0.0003 ns/op
OverheadActual   7: 7012352 op, 2357.00 ns, 0.0003 ns/op
OverheadActual   8: 7012352 op, 2343.00 ns, 0.0003 ns/op
OverheadActual   9: 7012352 op, 2340.00 ns, 0.0003 ns/op
OverheadActual  10: 7012352 op, 2348.00 ns, 0.0003 ns/op
OverheadActual  11: 7012352 op, 2344.00 ns, 0.0003 ns/op
OverheadActual  12: 7012352 op, 2349.00 ns, 0.0003 ns/op
OverheadActual  13: 7012352 op, 2374.00 ns, 0.0003 ns/op
OverheadActual  14: 7012352 op, 2369.00 ns, 0.0003 ns/op
OverheadActual  15: 7012352 op, 2387.00 ns, 0.0003 ns/op

WorkloadWarmup   1: 7012352 op, 259159306.00 ns, 36.9575 ns/op
WorkloadWarmup   2: 7012352 op, 251244667.00 ns, 35.8289 ns/op
WorkloadWarmup   3: 7012352 op, 251478886.00 ns, 35.8623 ns/op
WorkloadWarmup   4: 7012352 op, 250493180.00 ns, 35.7217 ns/op
WorkloadWarmup   5: 7012352 op, 195474617.00 ns, 27.8758 ns/op
WorkloadWarmup   6: 7012352 op, 98941010.00 ns, 14.1095 ns/op
WorkloadWarmup   7: 7012352 op, 99113315.00 ns, 14.1341 ns/op
WorkloadWarmup   8: 7012352 op, 98874517.00 ns, 14.1001 ns/op
WorkloadWarmup   9: 7012352 op, 98952737.00 ns, 14.1112 ns/op
WorkloadWarmup  10: 7012352 op, 99092412.00 ns, 14.1311 ns/op
WorkloadWarmup  11: 7012352 op, 98881957.00 ns, 14.1011 ns/op
WorkloadWarmup  12: 7012352 op, 97293163.00 ns, 13.8745 ns/op
WorkloadWarmup  13: 7012352 op, 98968649.00 ns, 14.1135 ns/op
WorkloadWarmup  14: 7012352 op, 99220297.00 ns, 14.1494 ns/op
WorkloadWarmup  15: 7012352 op, 108747808.00 ns, 15.5080 ns/op
WorkloadWarmup  16: 7012352 op, 98186843.00 ns, 14.0020 ns/op

// BeforeActualRun
WorkloadActual   1: 7012352 op, 98149225.00 ns, 13.9966 ns/op
WorkloadActual   2: 7012352 op, 98809869.00 ns, 14.0908 ns/op
WorkloadActual   3: 7012352 op, 98265986.00 ns, 14.0133 ns/op
WorkloadActual   4: 7012352 op, 98620659.00 ns, 14.0638 ns/op
WorkloadActual   5: 7012352 op, 97496980.00 ns, 13.9036 ns/op
WorkloadActual   6: 7012352 op, 98388475.00 ns, 14.0307 ns/op
WorkloadActual   7: 7012352 op, 98647679.00 ns, 14.0677 ns/op
WorkloadActual   8: 7012352 op, 98493694.00 ns, 14.0457 ns/op
WorkloadActual   9: 7012352 op, 97306693.00 ns, 13.8765 ns/op
WorkloadActual  10: 7012352 op, 102829487.00 ns, 14.6641 ns/op
WorkloadActual  11: 7012352 op, 101447317.00 ns, 14.4669 ns/op
WorkloadActual  12: 7012352 op, 98540205.00 ns, 14.0524 ns/op

// AfterActualRun
WorkloadResult   1: 7012352 op, 98146851.00 ns, 13.9963 ns/op
WorkloadResult   2: 7012352 op, 98807495.00 ns, 14.0905 ns/op
WorkloadResult   3: 7012352 op, 98263612.00 ns, 14.0129 ns/op
WorkloadResult   4: 7012352 op, 98618285.00 ns, 14.0635 ns/op
WorkloadResult   5: 7012352 op, 97494606.00 ns, 13.9033 ns/op
WorkloadResult   6: 7012352 op, 98386101.00 ns, 14.0304 ns/op
WorkloadResult   7: 7012352 op, 98645305.00 ns, 14.0674 ns/op
WorkloadResult   8: 7012352 op, 98491320.00 ns, 14.0454 ns/op
WorkloadResult   9: 7012352 op, 97304319.00 ns, 13.8761 ns/op
WorkloadResult  10: 7012352 op, 98537831.00 ns, 14.0520 ns/op
// GC:  0 0 0 0 7012352
// Threading:  0 0 7012352

// AfterAll
// Benchmark Process 2252532 has exited with code 0.

Mean = 14.014 ns, StdErr = 0.022 ns (0.16%), N = 10, StdDev = 0.071 ns
Min = 13.876 ns, Q1 = 14.000 ns, Median = 14.038 ns, Q3 = 14.061 ns, Max = 14.090 ns
IQR = 0.060 ns, LowerFence = 13.910 ns, UpperFence = 14.151 ns
ConfidenceInterval = [13.906 ns; 14.121 ns] (CI 99.9%), Margin = 0.107 ns (0.77% of Mean)
Skewness = -0.88, Kurtosis = 2.2, MValue = 2

// ** Remained 3 (10.0%) benchmark(s) to run. Estimated finish 2026-09-12 10:43 (0h 0m from now) **
// **************************
// Benchmark: DataAuthoredQueryBenchmarks.DirectShape: Jit(IterationCount=12, IterationTime=250ms, WarmupCount=16) [Shape=Blend, Pattern=Alternating]
// *** Execute ***
// Launch: 1 / 1
// Execute: dotnet Alpha-Jit-1.dll --anonymousPipes 118 119 --benchmarkName "DataAuthoredQueryBenchmarks.DirectShape(Shape: Blend, Pattern: Alternating)" --job Jit --benchmarkId 27 in /home/i/GitHub/tl-56-feat-data-authored-api/benchmarks/Alpha/bin/Release/net10.0/Alpha-Jit-1/bin/Release/net10.0
// Failed to set up high priority (Permission denied). In order to run benchmarks with high priority, make sure you have the right permissions.
// BeforeAnythingElse

// Benchmark Process Environment Information:
// BenchmarkDotNet v0.15.8
// Runtime=.NET 10.0.12 (10.0.12, 10.0.1226.42308), X64 RyuJIT x86-64-v3
// GC=Concurrent Workstation
// HardwareIntrinsics=AVX2+BMI1+BMI2+F16C+FMA+LZCNT+MOVBE,AVX,SSE3+SSSE3+SSE4.1+SSE4.2+POPCNT,X86Base+SSE+SSE2,AES+PCLMUL,AvxVnni,SERIALIZE VectorSize=256
// Job: Jit(IterationCount=12, IterationTime=250ms, WarmupCount=16)

OverheadJitting  1: 4096 op, 107042.00 ns, 26.1333 ns/op
WorkloadJitting  1: 4096 op, 1124834.00 ns, 274.6177 ns/op

OverheadJitting  2: 65536 op, 133655.00 ns, 2.0394 ns/op
WorkloadJitting  2: 65536 op, 451876.00 ns, 6.8951 ns/op

WorkloadPilot    1: 65536 op, 256955.00 ns, 3.9208 ns/op
WorkloadPilot    2: 63766528 op, 226403239.00 ns, 3.5505 ns/op
WorkloadPilot    3: 70451200 op, 250032369.00 ns, 3.5490 ns/op

OverheadWarmup   1: 70451200 op, 27483.00 ns, 0.0004 ns/op
OverheadWarmup   2: 70451200 op, 27191.00 ns, 0.0004 ns/op
OverheadWarmup   3: 70451200 op, 27063.00 ns, 0.0004 ns/op
OverheadWarmup   4: 70451200 op, 27041.00 ns, 0.0004 ns/op
OverheadWarmup   5: 70451200 op, 27104.00 ns, 0.0004 ns/op
OverheadWarmup   6: 70451200 op, 27037.00 ns, 0.0004 ns/op
OverheadWarmup   7: 70451200 op, 30257.00 ns, 0.0004 ns/op
OverheadWarmup   8: 70451200 op, 27045.00 ns, 0.0004 ns/op

OverheadActual   1: 70451200 op, 26856.00 ns, 0.0004 ns/op
OverheadActual   2: 70451200 op, 26742.00 ns, 0.0004 ns/op
OverheadActual   3: 70451200 op, 26749.00 ns, 0.0004 ns/op
OverheadActual   4: 70451200 op, 26604.00 ns, 0.0004 ns/op
OverheadActual   5: 70451200 op, 26734.00 ns, 0.0004 ns/op
OverheadActual   6: 70451200 op, 26536.00 ns, 0.0004 ns/op
OverheadActual   7: 70451200 op, 26539.00 ns, 0.0004 ns/op
OverheadActual   8: 70451200 op, 26561.00 ns, 0.0004 ns/op
OverheadActual   9: 70451200 op, 26555.00 ns, 0.0004 ns/op
OverheadActual  10: 70451200 op, 26524.00 ns, 0.0004 ns/op
OverheadActual  11: 70451200 op, 26549.00 ns, 0.0004 ns/op
OverheadActual  12: 70451200 op, 26549.00 ns, 0.0004 ns/op
OverheadActual  13: 70451200 op, 26540.00 ns, 0.0004 ns/op
OverheadActual  14: 70451200 op, 26538.00 ns, 0.0004 ns/op
OverheadActual  15: 70451200 op, 26541.00 ns, 0.0004 ns/op

WorkloadWarmup   1: 70451200 op, 252523431.00 ns, 3.5844 ns/op
WorkloadWarmup   2: 70451200 op, 249856194.00 ns, 3.5465 ns/op
WorkloadWarmup   3: 70451200 op, 250122769.00 ns, 3.5503 ns/op
WorkloadWarmup   4: 70451200 op, 249326706.00 ns, 3.5390 ns/op
WorkloadWarmup   5: 70451200 op, 249560817.00 ns, 3.5423 ns/op
WorkloadWarmup   6: 70451200 op, 227592360.00 ns, 3.2305 ns/op
WorkloadWarmup   7: 70451200 op, 134560430.00 ns, 1.9100 ns/op
WorkloadWarmup   8: 70451200 op, 132947977.00 ns, 1.8871 ns/op
WorkloadWarmup   9: 70451200 op, 134332576.00 ns, 1.9067 ns/op
WorkloadWarmup  10: 70451200 op, 136620600.00 ns, 1.9392 ns/op
WorkloadWarmup  11: 70451200 op, 135287081.00 ns, 1.9203 ns/op
WorkloadWarmup  12: 70451200 op, 133846324.00 ns, 1.8998 ns/op
WorkloadWarmup  13: 70451200 op, 134382379.00 ns, 1.9075 ns/op
WorkloadWarmup  14: 70451200 op, 133129773.00 ns, 1.8897 ns/op
WorkloadWarmup  15: 70451200 op, 132971014.00 ns, 1.8874 ns/op
WorkloadWarmup  16: 70451200 op, 135016874.00 ns, 1.9165 ns/op

// BeforeActualRun
WorkloadActual   1: 70451200 op, 133058464.00 ns, 1.8887 ns/op
WorkloadActual   2: 70451200 op, 133198874.00 ns, 1.8907 ns/op
WorkloadActual   3: 70451200 op, 132809405.00 ns, 1.8851 ns/op
WorkloadActual   4: 70451200 op, 133652002.00 ns, 1.8971 ns/op
WorkloadActual   5: 70451200 op, 134381368.00 ns, 1.9074 ns/op
WorkloadActual   6: 70451200 op, 134575717.00 ns, 1.9102 ns/op
WorkloadActual   7: 70451200 op, 133735302.00 ns, 1.8983 ns/op
WorkloadActual   8: 70451200 op, 134846799.00 ns, 1.9140 ns/op
WorkloadActual   9: 70451200 op, 133732494.00 ns, 1.8982 ns/op
WorkloadActual  10: 70451200 op, 133551406.00 ns, 1.8957 ns/op
WorkloadActual  11: 70451200 op, 133528467.00 ns, 1.8953 ns/op
WorkloadActual  12: 70451200 op, 139960249.00 ns, 1.9866 ns/op

// AfterActualRun
WorkloadResult   1: 70451200 op, 133031915.00 ns, 1.8883 ns/op
WorkloadResult   2: 70451200 op, 133172325.00 ns, 1.8903 ns/op
WorkloadResult   3: 70451200 op, 132782856.00 ns, 1.8847 ns/op
WorkloadResult   4: 70451200 op, 133625453.00 ns, 1.8967 ns/op
WorkloadResult   5: 70451200 op, 134354819.00 ns, 1.9071 ns/op
WorkloadResult   6: 70451200 op, 134549168.00 ns, 1.9098 ns/op
WorkloadResult   7: 70451200 op, 133708753.00 ns, 1.8979 ns/op
WorkloadResult   8: 70451200 op, 134820250.00 ns, 1.9137 ns/op
WorkloadResult   9: 70451200 op, 133705945.00 ns, 1.8979 ns/op
WorkloadResult  10: 70451200 op, 133524857.00 ns, 1.8953 ns/op
WorkloadResult  11: 70451200 op, 133501918.00 ns, 1.8950 ns/op
// GC:  0 0 0 0 70451200
// Threading:  0 0 70451200

// AfterAll
// Benchmark Process 2257151 has exited with code 0.

Mean = 1.898 ns, StdErr = 0.003 ns (0.14%), N = 11, StdDev = 0.009 ns
Min = 1.885 ns, Q1 = 1.893 ns, Median = 1.897 ns, Q3 = 1.902 ns, Max = 1.914 ns
IQR = 0.010 ns, LowerFence = 1.878 ns, UpperFence = 1.917 ns
ConfidenceInterval = [1.885 ns; 1.910 ns] (CI 99.9%), Margin = 0.012 ns (0.66% of Mean)
Skewness = 0.35, Kurtosis = 1.8, MValue = 2

// ** Remained 2 (6.7%) benchmark(s) to run. Estimated finish 2026-09-12 10:43 (0h 0m from now) **
// **************************
// Benchmark: DataAuthoredQueryBenchmarks.GeneratedShape: Jit(IterationCount=12, IterationTime=250ms, WarmupCount=16) [Shape=Blend, Pattern=Alternating]
// *** Execute ***
// Launch: 1 / 1
// Execute: dotnet Alpha-Jit-1.dll --anonymousPipes 116 117 --benchmarkName "DataAuthoredQueryBenchmarks.GeneratedShape(Shape: Blend, Pattern: Alternating)" --job Jit --benchmarkId 28 in /home/i/GitHub/tl-56-feat-data-authored-api/benchmarks/Alpha/bin/Release/net10.0/Alpha-Jit-1/bin/Release/net10.0
// Failed to set up high priority (Permission denied). In order to run benchmarks with high priority, make sure you have the right permissions.
// BeforeAnythingElse

// Benchmark Process Environment Information:
// BenchmarkDotNet v0.15.8
// Runtime=.NET 10.0.12 (10.0.12, 10.0.1226.42308), X64 RyuJIT x86-64-v3
// GC=Concurrent Workstation
// HardwareIntrinsics=AVX2+BMI1+BMI2+F16C+FMA+LZCNT+MOVBE,AVX,SSE3+SSSE3+SSE4.1+SSE4.2+POPCNT,X86Base+SSE+SSE2,AES+PCLMUL,AvxVnni,SERIALIZE VectorSize=256
// Job: Jit(IterationCount=12, IterationTime=250ms, WarmupCount=16)

OverheadJitting  1: 4096 op, 109010.00 ns, 26.6138 ns/op
WorkloadJitting  1: 4096 op, 263107.00 ns, 64.2351 ns/op

OverheadJitting  2: 65536 op, 123640.00 ns, 1.8866 ns/op
WorkloadJitting  2: 65536 op, 2003850.00 ns, 30.5763 ns/op

WorkloadPilot    1: 65536 op, 734671.00 ns, 11.2102 ns/op
WorkloadPilot    2: 22347776 op, 230839169.00 ns, 10.3294 ns/op
WorkloadPilot    3: 24248320 op, 250739109.00 ns, 10.3405 ns/op
WorkloadPilot    4: 24182784 op, 251422522.00 ns, 10.3968 ns/op
WorkloadPilot    5: 24051712 op, 247332194.00 ns, 10.2834 ns/op
WorkloadPilot    6: 24313856 op, 250628451.00 ns, 10.3081 ns/op

OverheadWarmup   1: 24313856 op, 9796.00 ns, 0.0004 ns/op
OverheadWarmup   2: 24313856 op, 9504.00 ns, 0.0004 ns/op
OverheadWarmup   3: 24313856 op, 9159.00 ns, 0.0004 ns/op
OverheadWarmup   4: 24313856 op, 9171.00 ns, 0.0004 ns/op
OverheadWarmup   5: 24313856 op, 9226.00 ns, 0.0004 ns/op
OverheadWarmup   6: 24313856 op, 9153.00 ns, 0.0004 ns/op
OverheadWarmup   7: 24313856 op, 9350.00 ns, 0.0004 ns/op
OverheadWarmup   8: 24313856 op, 9343.00 ns, 0.0004 ns/op

OverheadActual   1: 24313856 op, 9699.00 ns, 0.0004 ns/op
OverheadActual   2: 24313856 op, 9587.00 ns, 0.0004 ns/op
OverheadActual   3: 24313856 op, 11045.00 ns, 0.0005 ns/op
OverheadActual   4: 24313856 op, 10379.00 ns, 0.0004 ns/op
OverheadActual   5: 24313856 op, 10555.00 ns, 0.0004 ns/op
OverheadActual   6: 24313856 op, 9246.00 ns, 0.0004 ns/op
OverheadActual   7: 24313856 op, 9167.00 ns, 0.0004 ns/op
OverheadActual   8: 24313856 op, 9138.00 ns, 0.0004 ns/op
OverheadActual   9: 24313856 op, 9897.00 ns, 0.0004 ns/op
OverheadActual  10: 24313856 op, 11188.00 ns, 0.0005 ns/op
OverheadActual  11: 24313856 op, 9417.00 ns, 0.0004 ns/op
OverheadActual  12: 24313856 op, 10835.00 ns, 0.0004 ns/op
OverheadActual  13: 24313856 op, 9331.00 ns, 0.0004 ns/op
OverheadActual  14: 24313856 op, 10029.00 ns, 0.0004 ns/op
OverheadActual  15: 24313856 op, 9231.00 ns, 0.0004 ns/op
OverheadActual  16: 24313856 op, 9191.00 ns, 0.0004 ns/op
OverheadActual  17: 24313856 op, 9334.00 ns, 0.0004 ns/op
OverheadActual  18: 24313856 op, 10662.00 ns, 0.0004 ns/op
OverheadActual  19: 24313856 op, 10788.00 ns, 0.0004 ns/op
OverheadActual  20: 24313856 op, 9380.00 ns, 0.0004 ns/op

WorkloadWarmup   1: 24313856 op, 251175233.00 ns, 10.3305 ns/op
WorkloadWarmup   2: 24313856 op, 251664696.00 ns, 10.3507 ns/op
WorkloadWarmup   3: 24313856 op, 250567341.00 ns, 10.3055 ns/op
WorkloadWarmup   4: 24313856 op, 250739436.00 ns, 10.3126 ns/op
WorkloadWarmup   5: 24313856 op, 249979960.00 ns, 10.2814 ns/op
WorkloadWarmup   6: 24313856 op, 249564277.00 ns, 10.2643 ns/op
WorkloadWarmup   7: 24313856 op, 211781988.00 ns, 8.7103 ns/op
WorkloadWarmup   8: 24313856 op, 67506023.00 ns, 2.7764 ns/op
WorkloadWarmup   9: 24313856 op, 68348084.00 ns, 2.8111 ns/op
WorkloadWarmup  10: 24313856 op, 68510362.00 ns, 2.8177 ns/op
WorkloadWarmup  11: 24313856 op, 71206559.00 ns, 2.9286 ns/op
WorkloadWarmup  12: 24313856 op, 68764424.00 ns, 2.8282 ns/op
WorkloadWarmup  13: 24313856 op, 69307611.00 ns, 2.8505 ns/op
WorkloadWarmup  14: 24313856 op, 66567436.00 ns, 2.7378 ns/op
WorkloadWarmup  15: 24313856 op, 71449219.00 ns, 2.9386 ns/op
WorkloadWarmup  16: 24313856 op, 68347620.00 ns, 2.8111 ns/op

// BeforeActualRun
WorkloadActual   1: 24313856 op, 68898535.00 ns, 2.8337 ns/op
WorkloadActual   2: 24313856 op, 68712838.00 ns, 2.8261 ns/op
WorkloadActual   3: 24313856 op, 68813283.00 ns, 2.8302 ns/op
WorkloadActual   4: 24313856 op, 68214283.00 ns, 2.8056 ns/op
WorkloadActual   5: 24313856 op, 71252281.00 ns, 2.9305 ns/op
WorkloadActual   6: 24313856 op, 67903144.00 ns, 2.7928 ns/op
WorkloadActual   7: 24313856 op, 71635768.00 ns, 2.9463 ns/op
WorkloadActual   8: 24313856 op, 70699864.00 ns, 2.9078 ns/op
WorkloadActual   9: 24313856 op, 67557224.00 ns, 2.7785 ns/op
WorkloadActual  10: 24313856 op, 68069155.00 ns, 2.7996 ns/op
WorkloadActual  11: 24313856 op, 67802088.00 ns, 2.7886 ns/op
WorkloadActual  12: 24313856 op, 68103429.00 ns, 2.8010 ns/op

// AfterActualRun
WorkloadResult   1: 24313856 op, 68888892.00 ns, 2.8333 ns/op
WorkloadResult   2: 24313856 op, 68703195.00 ns, 2.8257 ns/op
WorkloadResult   3: 24313856 op, 68803640.00 ns, 2.8298 ns/op
WorkloadResult   4: 24313856 op, 68204640.00 ns, 2.8052 ns/op
WorkloadResult   5: 24313856 op, 71242638.00 ns, 2.9301 ns/op
WorkloadResult   6: 24313856 op, 67893501.00 ns, 2.7924 ns/op
WorkloadResult   7: 24313856 op, 70690221.00 ns, 2.9074 ns/op
WorkloadResult   8: 24313856 op, 67547581.00 ns, 2.7782 ns/op
WorkloadResult   9: 24313856 op, 68059512.00 ns, 2.7992 ns/op
WorkloadResult  10: 24313856 op, 67792445.00 ns, 2.7882 ns/op
WorkloadResult  11: 24313856 op, 68093786.00 ns, 2.8006 ns/op
// GC:  0 0 0 0 24313856
// Threading:  0 0 24313856

// AfterAll
// Benchmark Process 2262514 has exited with code 0.

Mean = 2.826 ns, StdErr = 0.015 ns (0.52%), N = 11, StdDev = 0.049 ns
Min = 2.778 ns, Q1 = 2.796 ns, Median = 2.805 ns, Q3 = 2.832 ns, Max = 2.930 ns
IQR = 0.036 ns, LowerFence = 2.742 ns, UpperFence = 2.885 ns
ConfidenceInterval = [2.758 ns; 2.894 ns] (CI 99.9%), Margin = 0.068 ns (2.41% of Mean)
Skewness = 1.07, Kurtosis = 2.63, MValue = 2

// ** Remained 1 (3.3%) benchmark(s) to run. Estimated finish 2026-09-12 10:43 (0h 0m from now) **
// **************************
// Benchmark: DataAuthoredQueryBenchmarks.DataAuthoredFacade: Jit(IterationCount=12, IterationTime=250ms, WarmupCount=16) [Shape=Blend, Pattern=Alternating]
// *** Execute ***
// Launch: 1 / 1
// Execute: dotnet Alpha-Jit-1.dll --anonymousPipes 116 117 --benchmarkName "DataAuthoredQueryBenchmarks.DataAuthoredFacade(Shape: Blend, Pattern: Alternating)" --job Jit --benchmarkId 29 in /home/i/GitHub/tl-56-feat-data-authored-api/benchmarks/Alpha/bin/Release/net10.0/Alpha-Jit-1/bin/Release/net10.0
// Failed to set up high priority (Permission denied). In order to run benchmarks with high priority, make sure you have the right permissions.
// BeforeAnythingElse

// Benchmark Process Environment Information:
// BenchmarkDotNet v0.15.8
// Runtime=.NET 10.0.12 (10.0.12, 10.0.1226.42308), X64 RyuJIT x86-64-v3
// GC=Concurrent Workstation
// HardwareIntrinsics=AVX2+BMI1+BMI2+F16C+FMA+LZCNT+MOVBE,AVX,SSE3+SSSE3+SSE4.1+SSE4.2+POPCNT,X86Base+SSE+SSE2,AES+PCLMUL,AvxVnni,SERIALIZE VectorSize=256
// Job: Jit(IterationCount=12, IterationTime=250ms, WarmupCount=16)

OverheadJitting  1: 4096 op, 102597.00 ns, 25.0481 ns/op
WorkloadJitting  1: 4096 op, 269329.00 ns, 65.7542 ns/op

OverheadJitting  2: 65536 op, 131653.00 ns, 2.0089 ns/op
WorkloadJitting  2: 65536 op, 4810033.00 ns, 73.3953 ns/op

WorkloadPilot    1: 65536 op, 2455134.00 ns, 37.4624 ns/op
WorkloadPilot    2: 6684672 op, 248425920.00 ns, 37.1635 ns/op
WorkloadPilot    3: 6750208 op, 248291798.00 ns, 36.7828 ns/op
WorkloadPilot    4: 6815744 op, 246795437.00 ns, 36.2096 ns/op
WorkloadPilot    5: 6946816 op, 255694239.00 ns, 36.8074 ns/op
WorkloadPilot    6: 6815744 op, 247438551.00 ns, 36.3040 ns/op
WorkloadPilot    7: 6946816 op, 251494243.00 ns, 36.2028 ns/op

OverheadWarmup   1: 6946816 op, 3333.00 ns, 0.0005 ns/op
OverheadWarmup   2: 6946816 op, 3624.00 ns, 0.0005 ns/op
OverheadWarmup   3: 6946816 op, 3891.00 ns, 0.0006 ns/op
OverheadWarmup   4: 6946816 op, 2656.00 ns, 0.0004 ns/op
OverheadWarmup   5: 6946816 op, 2744.00 ns, 0.0004 ns/op
OverheadWarmup   6: 6946816 op, 2671.00 ns, 0.0004 ns/op

OverheadActual   1: 6946816 op, 2901.00 ns, 0.0004 ns/op
OverheadActual   2: 6946816 op, 3109.00 ns, 0.0004 ns/op
OverheadActual   3: 6946816 op, 2949.00 ns, 0.0004 ns/op
OverheadActual   4: 6946816 op, 2939.00 ns, 0.0004 ns/op
OverheadActual   5: 6946816 op, 3039.00 ns, 0.0004 ns/op
OverheadActual   6: 6946816 op, 2662.00 ns, 0.0004 ns/op
OverheadActual   7: 6946816 op, 2657.00 ns, 0.0004 ns/op
OverheadActual   8: 6946816 op, 2637.00 ns, 0.0004 ns/op
OverheadActual   9: 6946816 op, 2628.00 ns, 0.0004 ns/op
OverheadActual  10: 6946816 op, 2646.00 ns, 0.0004 ns/op
OverheadActual  11: 6946816 op, 2633.00 ns, 0.0004 ns/op
OverheadActual  12: 6946816 op, 2634.00 ns, 0.0004 ns/op
OverheadActual  13: 6946816 op, 2634.00 ns, 0.0004 ns/op
OverheadActual  14: 6946816 op, 2648.00 ns, 0.0004 ns/op
OverheadActual  15: 6946816 op, 2639.00 ns, 0.0004 ns/op
OverheadActual  16: 6946816 op, 2655.00 ns, 0.0004 ns/op
OverheadActual  17: 6946816 op, 2655.00 ns, 0.0004 ns/op
OverheadActual  18: 6946816 op, 2843.00 ns, 0.0004 ns/op
OverheadActual  19: 6946816 op, 2689.00 ns, 0.0004 ns/op
OverheadActual  20: 6946816 op, 2645.00 ns, 0.0004 ns/op

WorkloadWarmup   1: 6946816 op, 252899673.00 ns, 36.4051 ns/op
WorkloadWarmup   2: 6946816 op, 258165039.00 ns, 37.1631 ns/op
WorkloadWarmup   3: 6946816 op, 263766553.00 ns, 37.9694 ns/op
WorkloadWarmup   4: 6946816 op, 252674514.00 ns, 36.3727 ns/op
WorkloadWarmup   5: 6946816 op, 254704929.00 ns, 36.6650 ns/op
WorkloadWarmup   6: 6946816 op, 156376632.00 ns, 22.5105 ns/op
WorkloadWarmup   7: 6946816 op, 100729849.00 ns, 14.5001 ns/op
WorkloadWarmup   8: 6946816 op, 100547686.00 ns, 14.4739 ns/op
WorkloadWarmup   9: 6946816 op, 100162605.00 ns, 14.4185 ns/op
WorkloadWarmup  10: 6946816 op, 99577624.00 ns, 14.3343 ns/op
WorkloadWarmup  11: 6946816 op, 100320123.00 ns, 14.4412 ns/op
WorkloadWarmup  12: 6946816 op, 100719604.00 ns, 14.4987 ns/op
WorkloadWarmup  13: 6946816 op, 100765399.00 ns, 14.5053 ns/op
WorkloadWarmup  14: 6946816 op, 100306188.00 ns, 14.4392 ns/op
WorkloadWarmup  15: 6946816 op, 99298892.00 ns, 14.2942 ns/op
WorkloadWarmup  16: 6946816 op, 108770221.00 ns, 15.6576 ns/op

// BeforeActualRun
WorkloadActual   1: 6946816 op, 100401905.00 ns, 14.4529 ns/op
WorkloadActual   2: 6946816 op, 100291533.00 ns, 14.4371 ns/op
WorkloadActual   3: 6946816 op, 99857563.00 ns, 14.3746 ns/op
WorkloadActual   4: 6946816 op, 99145645.00 ns, 14.2721 ns/op
WorkloadActual   5: 6946816 op, 100600304.00 ns, 14.4815 ns/op
WorkloadActual   6: 6946816 op, 99609158.00 ns, 14.3388 ns/op
WorkloadActual   7: 6946816 op, 100165819.00 ns, 14.4190 ns/op
WorkloadActual   8: 6946816 op, 101632252.00 ns, 14.6300 ns/op
WorkloadActual   9: 6946816 op, 99289980.00 ns, 14.2929 ns/op
WorkloadActual  10: 6946816 op, 100419552.00 ns, 14.4555 ns/op
WorkloadActual  11: 6946816 op, 100076761.00 ns, 14.4061 ns/op
WorkloadActual  12: 6946816 op, 99099195.00 ns, 14.2654 ns/op

// AfterActualRun
WorkloadResult   1: 6946816 op, 100399250.00 ns, 14.4526 ns/op
WorkloadResult   2: 6946816 op, 100288878.00 ns, 14.4367 ns/op
WorkloadResult   3: 6946816 op, 99854908.00 ns, 14.3742 ns/op
WorkloadResult   4: 6946816 op, 99142990.00 ns, 14.2717 ns/op
WorkloadResult   5: 6946816 op, 100597649.00 ns, 14.4811 ns/op
WorkloadResult   6: 6946816 op, 99606503.00 ns, 14.3384 ns/op
WorkloadResult   7: 6946816 op, 100163164.00 ns, 14.4186 ns/op
WorkloadResult   8: 6946816 op, 101629597.00 ns, 14.6297 ns/op
WorkloadResult   9: 6946816 op, 99287325.00 ns, 14.2925 ns/op
WorkloadResult  10: 6946816 op, 100416897.00 ns, 14.4551 ns/op
WorkloadResult  11: 6946816 op, 100074106.00 ns, 14.4058 ns/op
WorkloadResult  12: 6946816 op, 99096540.00 ns, 14.2650 ns/op
// GC:  0 0 0 0 6946816
// Threading:  0 0 6946816

// AfterAll
// Benchmark Process 2267448 has exited with code 0.

Mean = 14.402 ns, StdErr = 0.030 ns (0.21%), N = 12, StdDev = 0.103 ns
Min = 14.265 ns, Q1 = 14.327 ns, Median = 14.412 ns, Q3 = 14.453 ns, Max = 14.630 ns
IQR = 0.126 ns, LowerFence = 14.138 ns, UpperFence = 14.643 ns
ConfidenceInterval = [14.269 ns; 14.534 ns] (CI 99.9%), Margin = 0.132 ns (0.92% of Mean)
Skewness = 0.48, Kurtosis = 2.59, MValue = 2

// ** Remained 0 (0.0%) benchmark(s) to run. Estimated finish 2026-09-12 10:43 (0h 0m from now) **
// ***** BenchmarkRunner: Finish  *****

// * Export *
  BenchmarkDotNet.Artifacts/results/DataAuthoredQueryBenchmarks-report.csv
  BenchmarkDotNet.Artifacts/results/DataAuthoredQueryBenchmarks-report-github.md
  BenchmarkDotNet.Artifacts/results/DataAuthoredQueryBenchmarks-report.html
  BenchmarkDotNet.Artifacts/results/DataAuthoredQueryBenchmarks-report-full.json

// * Detailed results *
DataAuthoredQueryBenchmarks.DirectShape: Jit(IterationCount=12, IterationTime=250ms, WarmupCount=16) [Shape=OneTrack, Pattern=Forward]
Runtime = .NET 10.0.12 (10.0.12, 10.0.1226.42308), X64 RyuJIT x86-64-v3; GC = Concurrent Workstation
Mean = 1.411 ns, StdErr = 0.004 ns (0.28%), N = 12, StdDev = 0.014 ns
Min = 1.396 ns, Q1 = 1.399 ns, Median = 1.408 ns, Q3 = 1.418 ns, Max = 1.433 ns
IQR = 0.020 ns, LowerFence = 1.369 ns, UpperFence = 1.448 ns
ConfidenceInterval = [1.393 ns; 1.428 ns] (CI 99.9%), Margin = 0.017 ns (1.23% of Mean)
Skewness = 0.46, Kurtosis = 1.55, MValue = 2
-------------------- Histogram --------------------
[1.388 ns ; 1.441 ns) | @@@@@@@@@@@@
---------------------------------------------------

DataAuthoredQueryBenchmarks.GeneratedShape: Jit(IterationCount=12, IterationTime=250ms, WarmupCount=16) [Shape=OneTrack, Pattern=Forward]
Runtime = .NET 10.0.12 (10.0.12, 10.0.1226.42308), X64 RyuJIT x86-64-v3; GC = Concurrent Workstation
Mean = 1.884 ns, StdErr = 0.009 ns (0.47%), N = 11, StdDev = 0.029 ns
Min = 1.845 ns, Q1 = 1.864 ns, Median = 1.880 ns, Q3 = 1.897 ns, Max = 1.938 ns
IQR = 0.033 ns, LowerFence = 1.814 ns, UpperFence = 1.947 ns
ConfidenceInterval = [1.843 ns; 1.924 ns] (CI 99.9%), Margin = 0.040 ns (2.15% of Mean)
Skewness = 0.38, Kurtosis = 1.91, MValue = 2
-------------------- Histogram --------------------
[1.828 ns ; 1.868 ns) | @@@
[1.868 ns ; 1.950 ns) | @@@@@@@@
---------------------------------------------------

DataAuthoredQueryBenchmarks.DataAuthoredFacade: Jit(IterationCount=12, IterationTime=250ms, WarmupCount=16) [Shape=OneTrack, Pattern=Forward]
Runtime = .NET 10.0.12 (10.0.12, 10.0.1226.42308), X64 RyuJIT x86-64-v3; GC = Concurrent Workstation
Mean = 13.418 ns, StdErr = 0.015 ns (0.11%), N = 11, StdDev = 0.051 ns
Min = 13.345 ns, Q1 = 13.382 ns, Median = 13.416 ns, Q3 = 13.443 ns, Max = 13.501 ns
IQR = 0.061 ns, LowerFence = 13.290 ns, UpperFence = 13.535 ns
ConfidenceInterval = [13.348 ns; 13.488 ns] (CI 99.9%), Margin = 0.070 ns (0.52% of Mean)
Skewness = 0.35, Kurtosis = 1.73, MValue = 2
-------------------- Histogram --------------------
[13.315 ns ; 13.531 ns) | @@@@@@@@@@@
---------------------------------------------------

DataAuthoredQueryBenchmarks.DirectShape: Jit(IterationCount=12, IterationTime=250ms, WarmupCount=16) [Shape=OneTrack, Pattern=Alternating]
Runtime = .NET 10.0.12 (10.0.12, 10.0.1226.42308), X64 RyuJIT x86-64-v3; GC = Concurrent Workstation
Mean = 1.333 ns, StdErr = 0.002 ns (0.17%), N = 10, StdDev = 0.007 ns
Min = 1.322 ns, Q1 = 1.329 ns, Median = 1.334 ns, Q3 = 1.338 ns, Max = 1.345 ns
IQR = 0.009 ns, LowerFence = 1.315 ns, UpperFence = 1.351 ns
ConfidenceInterval = [1.322 ns; 1.344 ns] (CI 99.9%), Margin = 0.011 ns (0.80% of Mean)
Skewness = -0.04, Kurtosis = 1.75, MValue = 2
-------------------- Histogram --------------------
[1.322 ns ; 1.349 ns) | @@@@@@@@@@
---------------------------------------------------

DataAuthoredQueryBenchmarks.GeneratedShape: Jit(IterationCount=12, IterationTime=250ms, WarmupCount=16) [Shape=OneTrack, Pattern=Alternating]
Runtime = .NET 10.0.12 (10.0.12, 10.0.1226.42308), X64 RyuJIT x86-64-v3; GC = Concurrent Workstation
Mean = 2.088 ns, StdErr = 0.007 ns (0.31%), N = 10, StdDev = 0.021 ns
Min = 2.041 ns, Q1 = 2.084 ns, Median = 2.093 ns, Q3 = 2.100 ns, Max = 2.114 ns
IQR = 0.016 ns, LowerFence = 2.060 ns, UpperFence = 2.124 ns
ConfidenceInterval = [2.057 ns; 2.119 ns] (CI 99.9%), Margin = 0.031 ns (1.49% of Mean)
Skewness = -1, Kurtosis = 3.06, MValue = 2
-------------------- Histogram --------------------
[2.029 ns ; 2.114 ns) | @@@@@@@@@@
---------------------------------------------------

DataAuthoredQueryBenchmarks.DataAuthoredFacade: Jit(IterationCount=12, IterationTime=250ms, WarmupCount=16) [Shape=OneTrack, Pattern=Alternating]
Runtime = .NET 10.0.12 (10.0.12, 10.0.1226.42308), X64 RyuJIT x86-64-v3; GC = Concurrent Workstation
Mean = 13.938 ns, StdErr = 0.019 ns (0.14%), N = 10, StdDev = 0.060 ns
Min = 13.845 ns, Q1 = 13.910 ns, Median = 13.931 ns, Q3 = 13.955 ns, Max = 14.075 ns
IQR = 0.045 ns, LowerFence = 13.843 ns, UpperFence = 14.022 ns
ConfidenceInterval = [13.848 ns; 14.028 ns] (CI 99.9%), Margin = 0.090 ns (0.65% of Mean)
Skewness = 0.8, Kurtosis = 3.35, MValue = 2
-------------------- Histogram --------------------
[13.809 ns ; 14.111 ns) | @@@@@@@@@@
---------------------------------------------------

DataAuthoredQueryBenchmarks.DirectShape: Jit(IterationCount=12, IterationTime=250ms, WarmupCount=16) [Shape=ThreeTracks, Pattern=Forward]
Runtime = .NET 10.0.12 (10.0.12, 10.0.1226.42308), X64 RyuJIT x86-64-v3; GC = Concurrent Workstation
Mean = 2.279 ns, StdErr = 0.010 ns (0.43%), N = 11, StdDev = 0.032 ns
Min = 2.223 ns, Q1 = 2.253 ns, Median = 2.282 ns, Q3 = 2.297 ns, Max = 2.338 ns
IQR = 0.044 ns, LowerFence = 2.188 ns, UpperFence = 2.363 ns
ConfidenceInterval = [2.234 ns; 2.323 ns] (CI 99.9%), Margin = 0.045 ns (1.97% of Mean)
Skewness = 0.02, Kurtosis = 2.06, MValue = 2
-------------------- Histogram --------------------
[2.218 ns ; 2.271 ns) | @@@@
[2.271 ns ; 2.357 ns) | @@@@@@@
---------------------------------------------------

DataAuthoredQueryBenchmarks.GeneratedShape: Jit(IterationCount=12, IterationTime=250ms, WarmupCount=16) [Shape=ThreeTracks, Pattern=Forward]
Runtime = .NET 10.0.12 (10.0.12, 10.0.1226.42308), X64 RyuJIT x86-64-v3; GC = Concurrent Workstation
Mean = 3.874 ns, StdErr = 0.015 ns (0.40%), N = 11, StdDev = 0.051 ns
Min = 3.824 ns, Q1 = 3.840 ns, Median = 3.854 ns, Q3 = 3.900 ns, Max = 3.994 ns
IQR = 0.060 ns, LowerFence = 3.749 ns, UpperFence = 3.991 ns
ConfidenceInterval = [3.803 ns; 3.944 ns] (CI 99.9%), Margin = 0.071 ns (1.82% of Mean)
Skewness = 1.02, Kurtosis = 3.04, MValue = 2
-------------------- Histogram --------------------
[3.809 ns ; 3.944 ns) | @@@@@@@@@@
[3.944 ns ; 4.024 ns) | @
---------------------------------------------------

DataAuthoredQueryBenchmarks.DataAuthoredFacade: Jit(IterationCount=12, IterationTime=250ms, WarmupCount=16) [Shape=ThreeTracks, Pattern=Forward]
Runtime = .NET 10.0.12 (10.0.12, 10.0.1226.42308), X64 RyuJIT x86-64-v3; GC = Concurrent Workstation
Mean = 22.506 ns, StdErr = 0.038 ns (0.17%), N = 12, StdDev = 0.131 ns
Min = 22.208 ns, Q1 = 22.463 ns, Median = 22.529 ns, Q3 = 22.589 ns, Max = 22.709 ns
IQR = 0.126 ns, LowerFence = 22.273 ns, UpperFence = 22.778 ns
ConfidenceInterval = [22.338 ns; 22.674 ns] (CI 99.9%), Margin = 0.168 ns (0.75% of Mean)
Skewness = -0.77, Kurtosis = 2.98, MValue = 2
-------------------- Histogram --------------------
[22.133 ns ; 22.760 ns) | @@@@@@@@@@@@
---------------------------------------------------

DataAuthoredQueryBenchmarks.DirectShape: Jit(IterationCount=12, IterationTime=250ms, WarmupCount=16) [Shape=ThreeTracks, Pattern=Alternating]
Runtime = .NET 10.0.12 (10.0.12, 10.0.1226.42308), X64 RyuJIT x86-64-v3; GC = Concurrent Workstation
Mean = 4.152 ns, StdErr = 0.005 ns (0.12%), N = 10, StdDev = 0.016 ns
Min = 4.129 ns, Q1 = 4.138 ns, Median = 4.149 ns, Q3 = 4.169 ns, Max = 4.172 ns
IQR = 0.031 ns, LowerFence = 4.091 ns, UpperFence = 4.215 ns
ConfidenceInterval = [4.127 ns; 4.176 ns] (CI 99.9%), Margin = 0.025 ns (0.60% of Mean)
Skewness = 0.07, Kurtosis = 1.2, MValue = 2
-------------------- Histogram --------------------
[4.119 ns ; 4.182 ns) | @@@@@@@@@@
---------------------------------------------------

DataAuthoredQueryBenchmarks.GeneratedShape: Jit(IterationCount=12, IterationTime=250ms, WarmupCount=16) [Shape=ThreeTracks, Pattern=Alternating]
Runtime = .NET 10.0.12 (10.0.12, 10.0.1226.42308), X64 RyuJIT x86-64-v3; GC = Concurrent Workstation
Mean = 3.940 ns, StdErr = 0.011 ns (0.28%), N = 11, StdDev = 0.037 ns
Min = 3.883 ns, Q1 = 3.918 ns, Median = 3.932 ns, Q3 = 3.959 ns, Max = 4.012 ns
IQR = 0.041 ns, LowerFence = 3.857 ns, UpperFence = 4.019 ns
ConfidenceInterval = [3.889 ns; 3.992 ns] (CI 99.9%), Margin = 0.051 ns (1.31% of Mean)
Skewness = 0.47, Kurtosis = 2.11, MValue = 2
-------------------- Histogram --------------------
[3.861 ns ; 4.034 ns) | @@@@@@@@@@@
---------------------------------------------------

DataAuthoredQueryBenchmarks.DataAuthoredFacade: Jit(IterationCount=12, IterationTime=250ms, WarmupCount=16) [Shape=ThreeTracks, Pattern=Alternating]
Runtime = .NET 10.0.12 (10.0.12, 10.0.1226.42308), X64 RyuJIT x86-64-v3; GC = Concurrent Workstation
Mean = 22.789 ns, StdErr = 0.090 ns (0.40%), N = 11, StdDev = 0.300 ns
Min = 22.171 ns, Q1 = 22.648 ns, Median = 22.938 ns, Q3 = 22.960 ns, Max = 23.093 ns
IQR = 0.311 ns, LowerFence = 22.181 ns, UpperFence = 23.427 ns
ConfidenceInterval = [22.374 ns; 23.203 ns] (CI 99.9%), Margin = 0.415 ns (1.82% of Mean)
Skewness = -0.9, Kurtosis = 2.26, MValue = 2
-------------------- Histogram --------------------
[21.993 ns ; 22.742 ns) | @@@@
[22.742 ns ; 23.270 ns) | @@@@@@@
---------------------------------------------------

DataAuthoredQueryBenchmarks.DirectShape: Jit(IterationCount=12, IterationTime=250ms, WarmupCount=16) [Shape=SixteenTracks, Pattern=Forward]
Runtime = .NET 10.0.12 (10.0.12, 10.0.1226.42308), X64 RyuJIT x86-64-v3; GC = Concurrent Workstation
Mean = 11.959 ns, StdErr = 0.014 ns (0.12%), N = 11, StdDev = 0.047 ns
Min = 11.882 ns, Q1 = 11.932 ns, Median = 11.961 ns, Q3 = 11.999 ns, Max = 12.026 ns
IQR = 0.067 ns, LowerFence = 11.831 ns, UpperFence = 12.100 ns
ConfidenceInterval = [11.894 ns; 12.024 ns] (CI 99.9%), Margin = 0.065 ns (0.54% of Mean)
Skewness = -0.15, Kurtosis = 1.59, MValue = 2
-------------------- Histogram --------------------
[11.854 ns ; 12.054 ns) | @@@@@@@@@@@
---------------------------------------------------

DataAuthoredQueryBenchmarks.GeneratedShape: Jit(IterationCount=12, IterationTime=250ms, WarmupCount=16) [Shape=SixteenTracks, Pattern=Forward]
Runtime = .NET 10.0.12 (10.0.12, 10.0.1226.42308), X64 RyuJIT x86-64-v3; GC = Concurrent Workstation
Mean = 22.149 ns, StdErr = 0.040 ns (0.18%), N = 12, StdDev = 0.139 ns
Min = 21.954 ns, Q1 = 22.044 ns, Median = 22.141 ns, Q3 = 22.247 ns, Max = 22.373 ns
IQR = 0.203 ns, LowerFence = 21.739 ns, UpperFence = 22.551 ns
ConfidenceInterval = [21.971 ns; 22.328 ns] (CI 99.9%), Margin = 0.178 ns (0.81% of Mean)
Skewness = 0.15, Kurtosis = 1.48, MValue = 2
-------------------- Histogram --------------------
[21.874 ns ; 22.453 ns) | @@@@@@@@@@@@
---------------------------------------------------

DataAuthoredQueryBenchmarks.DataAuthoredFacade: Jit(IterationCount=12, IterationTime=250ms, WarmupCount=16) [Shape=SixteenTracks, Pattern=Forward]
Runtime = .NET 10.0.12 (10.0.12, 10.0.1226.42308), X64 RyuJIT x86-64-v3; GC = Concurrent Workstation
Mean = 76.847 ns, StdErr = 0.137 ns (0.18%), N = 11, StdDev = 0.456 ns
Min = 75.990 ns, Q1 = 76.624 ns, Median = 76.811 ns, Q3 = 77.211 ns, Max = 77.535 ns
IQR = 0.587 ns, LowerFence = 75.744 ns, UpperFence = 78.091 ns
ConfidenceInterval = [76.217 ns; 77.477 ns] (CI 99.9%), Margin = 0.630 ns (0.82% of Mean)
Skewness = -0.28, Kurtosis = 1.96, MValue = 2
-------------------- Histogram --------------------
[75.721 ns ; 77.804 ns) | @@@@@@@@@@@
---------------------------------------------------

DataAuthoredQueryBenchmarks.DirectShape: Jit(IterationCount=12, IterationTime=250ms, WarmupCount=16) [Shape=SixteenTracks, Pattern=Alternating]
Runtime = .NET 10.0.12 (10.0.12, 10.0.1226.42308), X64 RyuJIT x86-64-v3; GC = Concurrent Workstation
Mean = 18.621 ns, StdErr = 0.023 ns (0.12%), N = 11, StdDev = 0.075 ns
Min = 18.504 ns, Q1 = 18.558 ns, Median = 18.623 ns, Q3 = 18.662 ns, Max = 18.766 ns
IQR = 0.104 ns, LowerFence = 18.402 ns, UpperFence = 18.817 ns
ConfidenceInterval = [18.518 ns; 18.724 ns] (CI 99.9%), Margin = 0.103 ns (0.55% of Mean)
Skewness = 0.25, Kurtosis = 2.07, MValue = 2
-------------------- Histogram --------------------
[18.460 ns ; 18.810 ns) | @@@@@@@@@@@
---------------------------------------------------

DataAuthoredQueryBenchmarks.GeneratedShape: Jit(IterationCount=12, IterationTime=250ms, WarmupCount=16) [Shape=SixteenTracks, Pattern=Alternating]
Runtime = .NET 10.0.12 (10.0.12, 10.0.1226.42308), X64 RyuJIT x86-64-v3; GC = Concurrent Workstation
Mean = 20.815 ns, StdErr = 0.051 ns (0.25%), N = 12, StdDev = 0.178 ns
Min = 20.507 ns, Q1 = 20.725 ns, Median = 20.830 ns, Q3 = 20.912 ns, Max = 21.112 ns
IQR = 0.187 ns, LowerFence = 20.445 ns, UpperFence = 21.191 ns
ConfidenceInterval = [20.587 ns; 21.043 ns] (CI 99.9%), Margin = 0.228 ns (1.09% of Mean)
Skewness = -0.19, Kurtosis = 2, MValue = 2
-------------------- Histogram --------------------
[20.405 ns ; 21.214 ns) | @@@@@@@@@@@@
---------------------------------------------------

DataAuthoredQueryBenchmarks.DataAuthoredFacade: Jit(IterationCount=12, IterationTime=250ms, WarmupCount=16) [Shape=SixteenTracks, Pattern=Alternating]
Runtime = .NET 10.0.12 (10.0.12, 10.0.1226.42308), X64 RyuJIT x86-64-v3; GC = Concurrent Workstation
Mean = 79.244 ns, StdErr = 0.161 ns (0.20%), N = 12, StdDev = 0.557 ns
Min = 78.354 ns, Q1 = 78.889 ns, Median = 79.225 ns, Q3 = 79.606 ns, Max = 80.285 ns
IQR = 0.717 ns, LowerFence = 77.815 ns, UpperFence = 80.681 ns
ConfidenceInterval = [78.531 ns; 79.957 ns] (CI 99.9%), Margin = 0.713 ns (0.90% of Mean)
Skewness = 0.24, Kurtosis = 1.96, MValue = 2
-------------------- Histogram --------------------
[78.304 ns ; 80.604 ns) | @@@@@@@@@@@@
---------------------------------------------------

DataAuthoredQueryBenchmarks.DirectShape: Jit(IterationCount=12, IterationTime=250ms, WarmupCount=16) [Shape=TwoHundredFiftySixTracks, Pattern=Forward]
Runtime = .NET 10.0.12 (10.0.12, 10.0.1226.42308), X64 RyuJIT x86-64-v3; GC = Concurrent Workstation
Mean = 336.368 ns, StdErr = 0.415 ns (0.12%), N = 11, StdDev = 1.375 ns
Min = 333.663 ns, Q1 = 335.964 ns, Median = 336.458 ns, Q3 = 337.330 ns, Max = 338.028 ns
IQR = 1.366 ns, LowerFence = 333.914 ns, UpperFence = 339.379 ns
ConfidenceInterval = [334.466 ns; 338.269 ns] (CI 99.9%), Margin = 1.902 ns (0.57% of Mean)
Skewness = -0.71, Kurtosis = 2.17, MValue = 2
-------------------- Histogram --------------------
[332.852 ns ; 338.839 ns) | @@@@@@@@@@@
---------------------------------------------------

DataAuthoredQueryBenchmarks.GeneratedShape: Jit(IterationCount=12, IterationTime=250ms, WarmupCount=16) [Shape=TwoHundredFiftySixTracks, Pattern=Forward]
Runtime = .NET 10.0.12 (10.0.12, 10.0.1226.42308), X64 RyuJIT x86-64-v3; GC = Concurrent Workstation
Mean = 33.265 us, StdErr = 0.047 us (0.14%), N = 11, StdDev = 0.157 us
Min = 32.990 us, Q1 = 33.196 us, Median = 33.265 us, Q3 = 33.308 us, Max = 33.534 us
IQR = 0.113 us, LowerFence = 33.026 us, UpperFence = 33.478 us
ConfidenceInterval = [33.048 us; 33.482 us] (CI 99.9%), Margin = 0.217 us (0.65% of Mean)
Skewness = 0.13, Kurtosis = 2.22, MValue = 2
-------------------- Histogram --------------------
[32.930 us ; 33.595 us) | @@@@@@@@@@@
---------------------------------------------------

DataAuthoredQueryBenchmarks.DataAuthoredFacade: Jit(IterationCount=12, IterationTime=250ms, WarmupCount=16) [Shape=TwoHundredFiftySixTracks, Pattern=Forward]
Runtime = .NET 10.0.12 (10.0.12, 10.0.1226.42308), X64 RyuJIT x86-64-v3; GC = Concurrent Workstation
Mean = 1.095 us, StdErr = 0.005 us (0.43%), N = 11, StdDev = 0.016 us
Min = 1.075 us, Q1 = 1.083 us, Median = 1.096 us, Q3 = 1.102 us, Max = 1.126 us
IQR = 0.019 us, LowerFence = 1.054 us, UpperFence = 1.131 us
ConfidenceInterval = [1.074 us; 1.117 us] (CI 99.9%), Margin = 0.021 us (1.96% of Mean)
Skewness = 0.36, Kurtosis = 2.13, MValue = 2
-------------------- Histogram --------------------
[1.069 us ; 1.092 us) | @@@@
[1.092 us ; 1.135 us) | @@@@@@@
---------------------------------------------------

DataAuthoredQueryBenchmarks.DirectShape: Jit(IterationCount=12, IterationTime=250ms, WarmupCount=16) [Shape=TwoHundredFiftySixTracks, Pattern=Alternating]
Runtime = .NET 10.0.12 (10.0.12, 10.0.1226.42308), X64 RyuJIT x86-64-v3; GC = Concurrent Workstation
Mean = 340.086 ns, StdErr = 1.657 ns (0.49%), N = 10, StdDev = 5.239 ns
Min = 328.750 ns, Q1 = 339.038 ns, Median = 340.817 ns, Q3 = 341.372 ns, Max = 350.099 ns
IQR = 2.334 ns, LowerFence = 335.538 ns, UpperFence = 344.872 ns
ConfidenceInterval = [332.166 ns; 348.007 ns] (CI 99.9%), Margin = 7.921 ns (2.33% of Mean)
Skewness = -0.32, Kurtosis = 3.54, MValue = 2
-------------------- Histogram --------------------
[325.559 ns ; 336.326 ns) | @
[336.326 ns ; 353.290 ns) | @@@@@@@@@
---------------------------------------------------

DataAuthoredQueryBenchmarks.GeneratedShape: Jit(IterationCount=12, IterationTime=250ms, WarmupCount=16) [Shape=TwoHundredFiftySixTracks, Pattern=Alternating]
Runtime = .NET 10.0.12 (10.0.12, 10.0.1226.42308), X64 RyuJIT x86-64-v3; GC = Concurrent Workstation
Mean = 34.450 us, StdErr = 0.051 us (0.15%), N = 12, StdDev = 0.176 us
Min = 34.084 us, Q1 = 34.374 us, Median = 34.500 us, Q3 = 34.556 us, Max = 34.721 us
IQR = 0.182 us, LowerFence = 34.101 us, UpperFence = 34.830 us
ConfidenceInterval = [34.224 us; 34.675 us] (CI 99.9%), Margin = 0.225 us (0.65% of Mean)
Skewness = -0.56, Kurtosis = 2.37, MValue = 2
-------------------- Histogram --------------------
[33.983 us ; 34.822 us) | @@@@@@@@@@@@
---------------------------------------------------

DataAuthoredQueryBenchmarks.DataAuthoredFacade: Jit(IterationCount=12, IterationTime=250ms, WarmupCount=16) [Shape=TwoHundredFiftySixTracks, Pattern=Alternating]
Runtime = .NET 10.0.12 (10.0.12, 10.0.1226.42308), X64 RyuJIT x86-64-v3; GC = Concurrent Workstation
Mean = 1.122 us, StdErr = 0.003 us (0.31%), N = 11, StdDev = 0.011 us
Min = 1.100 us, Q1 = 1.114 us, Median = 1.125 us, Q3 = 1.128 us, Max = 1.141 us
IQR = 0.014 us, LowerFence = 1.092 us, UpperFence = 1.150 us
ConfidenceInterval = [1.106 us; 1.138 us] (CI 99.9%), Margin = 0.016 us (1.42% of Mean)
Skewness = -0.28, Kurtosis = 2.12, MValue = 2
-------------------- Histogram --------------------
[1.093 us ; 1.116 us) | @@@@
[1.116 us ; 1.148 us) | @@@@@@@
---------------------------------------------------

DataAuthoredQueryBenchmarks.DirectShape: Jit(IterationCount=12, IterationTime=250ms, WarmupCount=16) [Shape=Blend, Pattern=Forward]
Runtime = .NET 10.0.12 (10.0.12, 10.0.1226.42308), X64 RyuJIT x86-64-v3; GC = Concurrent Workstation
Mean = 1.699 ns, StdErr = 0.002 ns (0.09%), N = 12, StdDev = 0.005 ns
Min = 1.685 ns, Q1 = 1.697 ns, Median = 1.700 ns, Q3 = 1.702 ns, Max = 1.704 ns
IQR = 0.005 ns, LowerFence = 1.689 ns, UpperFence = 1.711 ns
ConfidenceInterval = [1.692 ns; 1.706 ns] (CI 99.9%), Margin = 0.007 ns (0.40% of Mean)
Skewness = -1.24, Kurtosis = 4.07, MValue = 2
-------------------- Histogram --------------------
[1.682 ns ; 1.708 ns) | @@@@@@@@@@@@
---------------------------------------------------

DataAuthoredQueryBenchmarks.GeneratedShape: Jit(IterationCount=12, IterationTime=250ms, WarmupCount=16) [Shape=Blend, Pattern=Forward]
Runtime = .NET 10.0.12 (10.0.12, 10.0.1226.42308), X64 RyuJIT x86-64-v3; GC = Concurrent Workstation
Mean = 2.544 ns, StdErr = 0.006 ns (0.25%), N = 12, StdDev = 0.022 ns
Min = 2.494 ns, Q1 = 2.537 ns, Median = 2.552 ns, Q3 = 2.558 ns, Max = 2.567 ns
IQR = 0.020 ns, LowerFence = 2.507 ns, UpperFence = 2.588 ns
ConfidenceInterval = [2.516 ns; 2.572 ns] (CI 99.9%), Margin = 0.028 ns (1.10% of Mean)
Skewness = -1.11, Kurtosis = 2.95, MValue = 2
-------------------- Histogram --------------------
[2.481 ns ; 2.580 ns) | @@@@@@@@@@@@
---------------------------------------------------

DataAuthoredQueryBenchmarks.DataAuthoredFacade: Jit(IterationCount=12, IterationTime=250ms, WarmupCount=16) [Shape=Blend, Pattern=Forward]
Runtime = .NET 10.0.12 (10.0.12, 10.0.1226.42308), X64 RyuJIT x86-64-v3; GC = Concurrent Workstation
Mean = 14.014 ns, StdErr = 0.022 ns (0.16%), N = 10, StdDev = 0.071 ns
Min = 13.876 ns, Q1 = 14.000 ns, Median = 14.038 ns, Q3 = 14.061 ns, Max = 14.090 ns
IQR = 0.060 ns, LowerFence = 13.910 ns, UpperFence = 14.151 ns
ConfidenceInterval = [13.906 ns; 14.121 ns] (CI 99.9%), Margin = 0.107 ns (0.77% of Mean)
Skewness = -0.88, Kurtosis = 2.2, MValue = 2
-------------------- Histogram --------------------
[13.833 ns ; 14.134 ns) | @@@@@@@@@@
---------------------------------------------------

DataAuthoredQueryBenchmarks.DirectShape: Jit(IterationCount=12, IterationTime=250ms, WarmupCount=16) [Shape=Blend, Pattern=Alternating]
Runtime = .NET 10.0.12 (10.0.12, 10.0.1226.42308), X64 RyuJIT x86-64-v3; GC = Concurrent Workstation
Mean = 1.898 ns, StdErr = 0.003 ns (0.14%), N = 11, StdDev = 0.009 ns
Min = 1.885 ns, Q1 = 1.893 ns, Median = 1.897 ns, Q3 = 1.902 ns, Max = 1.914 ns
IQR = 0.010 ns, LowerFence = 1.878 ns, UpperFence = 1.917 ns
ConfidenceInterval = [1.885 ns; 1.910 ns] (CI 99.9%), Margin = 0.012 ns (0.66% of Mean)
Skewness = 0.35, Kurtosis = 1.8, MValue = 2
-------------------- Histogram --------------------
[1.879 ns ; 1.919 ns) | @@@@@@@@@@@
---------------------------------------------------

DataAuthoredQueryBenchmarks.GeneratedShape: Jit(IterationCount=12, IterationTime=250ms, WarmupCount=16) [Shape=Blend, Pattern=Alternating]
Runtime = .NET 10.0.12 (10.0.12, 10.0.1226.42308), X64 RyuJIT x86-64-v3; GC = Concurrent Workstation
Mean = 2.826 ns, StdErr = 0.015 ns (0.52%), N = 11, StdDev = 0.049 ns
Min = 2.778 ns, Q1 = 2.796 ns, Median = 2.805 ns, Q3 = 2.832 ns, Max = 2.930 ns
IQR = 0.036 ns, LowerFence = 2.742 ns, UpperFence = 2.885 ns
ConfidenceInterval = [2.758 ns; 2.894 ns] (CI 99.9%), Margin = 0.068 ns (2.41% of Mean)
Skewness = 1.07, Kurtosis = 2.63, MValue = 2
-------------------- Histogram --------------------
[2.777 ns ; 2.889 ns) | @@@@@@@@@
[2.889 ns ; 2.959 ns) | @@
---------------------------------------------------

DataAuthoredQueryBenchmarks.DataAuthoredFacade: Jit(IterationCount=12, IterationTime=250ms, WarmupCount=16) [Shape=Blend, Pattern=Alternating]
Runtime = .NET 10.0.12 (10.0.12, 10.0.1226.42308), X64 RyuJIT x86-64-v3; GC = Concurrent Workstation
Mean = 14.402 ns, StdErr = 0.030 ns (0.21%), N = 12, StdDev = 0.103 ns
Min = 14.265 ns, Q1 = 14.327 ns, Median = 14.412 ns, Q3 = 14.453 ns, Max = 14.630 ns
IQR = 0.126 ns, LowerFence = 14.138 ns, UpperFence = 14.643 ns
ConfidenceInterval = [14.269 ns; 14.534 ns] (CI 99.9%), Margin = 0.132 ns (0.92% of Mean)
Skewness = 0.48, Kurtosis = 2.59, MValue = 2
-------------------- Histogram --------------------
[14.206 ns ; 14.689 ns) | @@@@@@@@@@@@
---------------------------------------------------

// * Summary *

BenchmarkDotNet v0.15.8, Linux Omarchy
Intel Core i9-14900K 4.30GHz, 1 CPU, 32 logical and 24 physical cores
.NET SDK 10.0.401
  [Host] : .NET 10.0.12 (10.0.12, 10.0.1226.42308), X64 RyuJIT x86-64-v3
  Jit    : .NET 10.0.12 (10.0.12, 10.0.1226.42308), X64 RyuJIT x86-64-v3

Job=Jit  IterationCount=12  IterationTime=250ms  
WarmupCount=16  

| Method             | Shape                    | Pattern     | Mean          | Error       | StdDev      | Median        | Ratio  | RatioSD | Allocated | Alloc Ratio |
|------------------- |------------------------- |------------ |--------------:|------------:|------------:|--------------:|-------:|--------:|----------:|------------:|
| DirectShape        | OneTrack                 | Forward     |      1.411 ns |   0.0173 ns |   0.0135 ns |      1.408 ns |   1.00 |    0.01 |         - |          NA |
| GeneratedShape     | OneTrack                 | Forward     |      1.884 ns |   0.0404 ns |   0.0292 ns |      1.880 ns |   1.34 |    0.02 |         - |          NA |
| DataAuthoredFacade | OneTrack                 | Forward     |     13.418 ns |   0.0701 ns |   0.0507 ns |     13.416 ns |   9.51 |    0.09 |         - |          NA |
|                    |                          |             |               |             |             |               |        |         |           |             |
| DirectShape        | OneTrack                 | Alternating |      1.333 ns |   0.0107 ns |   0.0071 ns |      1.334 ns |   1.00 |    0.01 |         - |          NA |
| GeneratedShape     | OneTrack                 | Alternating |      2.088 ns |   0.0312 ns |   0.0206 ns |      2.093 ns |   1.57 |    0.02 |         - |          NA |
| DataAuthoredFacade | OneTrack                 | Alternating |     13.938 ns |   0.0903 ns |   0.0598 ns |     13.931 ns |  10.46 |    0.07 |         - |          NA |
|                    |                          |             |               |             |             |               |        |         |           |             |
| DirectShape        | ThreeTracks              | Forward     |      2.279 ns |   0.0449 ns |   0.0324 ns |      2.282 ns |   1.00 |    0.02 |         - |          NA |
| GeneratedShape     | ThreeTracks              | Forward     |      3.874 ns |   0.0706 ns |   0.0511 ns |      3.854 ns |   1.70 |    0.03 |         - |          NA |
| DataAuthoredFacade | ThreeTracks              | Forward     |     22.506 ns |   0.1678 ns |   0.1310 ns |     22.529 ns |   9.88 |    0.15 |         - |          NA |
|                    |                          |             |               |             |             |               |        |         |           |             |
| DirectShape        | ThreeTracks              | Alternating |      4.152 ns |   0.0248 ns |   0.0164 ns |      4.149 ns |   1.00 |    0.01 |         - |          NA |
| GeneratedShape     | ThreeTracks              | Alternating |      3.940 ns |   0.0515 ns |   0.0372 ns |      3.932 ns |   0.95 |    0.01 |         - |          NA |
| DataAuthoredFacade | ThreeTracks              | Alternating |     22.789 ns |   0.4148 ns |   0.3000 ns |     22.938 ns |   5.49 |    0.07 |         - |          NA |
|                    |                          |             |               |             |             |               |        |         |           |             |
| DirectShape        | SixteenTracks            | Forward     |     11.959 ns |   0.0651 ns |   0.0471 ns |     11.961 ns |   1.00 |    0.01 |         - |          NA |
| GeneratedShape     | SixteenTracks            | Forward     |     22.149 ns |   0.1784 ns |   0.1392 ns |     22.141 ns |   1.85 |    0.01 |         - |          NA |
| DataAuthoredFacade | SixteenTracks            | Forward     |     76.847 ns |   0.6300 ns |   0.4555 ns |     76.811 ns |   6.43 |    0.04 |         - |          NA |
|                    |                          |             |               |             |             |               |        |         |           |             |
| DirectShape        | SixteenTracks            | Alternating |     18.621 ns |   0.1032 ns |   0.0746 ns |     18.623 ns |   1.00 |    0.01 |         - |          NA |
| GeneratedShape     | SixteenTracks            | Alternating |     20.815 ns |   0.2279 ns |   0.1779 ns |     20.830 ns |   1.12 |    0.01 |         - |          NA |
| DataAuthoredFacade | SixteenTracks            | Alternating |     79.244 ns |   0.7130 ns |   0.5567 ns |     79.225 ns |   4.26 |    0.03 |         - |          NA |
|                    |                          |             |               |             |             |               |        |         |           |             |
| DirectShape        | TwoHundredFiftySixTracks | Forward     |    336.368 ns |   1.9016 ns |   1.3750 ns |    336.458 ns |   1.00 |    0.01 |         - |          NA |
| GeneratedShape     | TwoHundredFiftySixTracks | Forward     | 33,264.929 ns | 217.3208 ns | 157.1372 ns | 33,264.804 ns |  98.90 |    0.59 |         - |          NA |
| DataAuthoredFacade | TwoHundredFiftySixTracks | Forward     |  1,095.098 ns |  21.4882 ns |  15.5374 ns |  1,095.868 ns |   3.26 |    0.05 |         - |          NA |
|                    |                          |             |               |             |             |               |        |         |           |             |
| DirectShape        | TwoHundredFiftySixTracks | Alternating |    340.086 ns |   7.9208 ns |   5.2391 ns |    340.817 ns |   1.00 |    0.02 |         - |          NA |
| GeneratedShape     | TwoHundredFiftySixTracks | Alternating | 34,449.602 ns | 225.1647 ns | 175.7938 ns | 34,499.697 ns | 101.32 |    1.58 |         - |          NA |
| DataAuthoredFacade | TwoHundredFiftySixTracks | Alternating |  1,122.016 ns |  15.8946 ns |  11.4929 ns |  1,125.016 ns |   3.30 |    0.06 |         - |          NA |
|                    |                          |             |               |             |             |               |        |         |           |             |
| DirectShape        | Blend                    | Forward     |      1.699 ns |   0.0068 ns |   0.0053 ns |      1.700 ns |   1.00 |    0.00 |         - |          NA |
| GeneratedShape     | Blend                    | Forward     |      2.544 ns |   0.0279 ns |   0.0218 ns |      2.552 ns |   1.50 |    0.01 |         - |          NA |
| DataAuthoredFacade | Blend                    | Forward     |     14.014 ns |   0.1074 ns |   0.0711 ns |     14.038 ns |   8.25 |    0.05 |         - |          NA |
|                    |                          |             |               |             |             |               |        |         |           |             |
| DirectShape        | Blend                    | Alternating |      1.898 ns |   0.0125 ns |   0.0090 ns |      1.897 ns |   1.00 |    0.01 |         - |          NA |
| GeneratedShape     | Blend                    | Alternating |      2.826 ns |   0.0680 ns |   0.0492 ns |      2.805 ns |   1.49 |    0.03 |         - |          NA |
| DataAuthoredFacade | Blend                    | Alternating |     14.402 ns |   0.1324 ns |   0.1034 ns |     14.412 ns |   7.59 |    0.06 |         - |          NA |

// * Warnings *
MinIterationTime
  DataAuthoredQueryBenchmarks.GeneratedShape: Jit     -> The minimum observed iteration time is 51.155ms which is very small. It's recommended to increase it to at least 100ms using more operations.
  DataAuthoredQueryBenchmarks.GeneratedShape: Jit     -> The minimum observed iteration time is 59.407ms which is very small. It's recommended to increase it to at least 100ms using more operations.
  DataAuthoredQueryBenchmarks.DataAuthoredFacade: Jit -> The minimum observed iteration time is 90.239ms which is very small. It's recommended to increase it to at least 100ms using more operations.
  DataAuthoredQueryBenchmarks.GeneratedShape: Jit     -> The minimum observed iteration time is 60.567ms which is very small. It's recommended to increase it to at least 100ms using more operations.
  DataAuthoredQueryBenchmarks.DataAuthoredFacade: Jit -> The minimum observed iteration time is 85.727ms which is very small. It's recommended to increase it to at least 100ms using more operations.
  DataAuthoredQueryBenchmarks.GeneratedShape: Jit     -> The minimum observed iteration time is 73.378ms which is very small. It's recommended to increase it to at least 100ms using more operations.
  DataAuthoredQueryBenchmarks.DataAuthoredFacade: Jit -> The minimum observed iteration time is 69.722ms which is very small. It's recommended to increase it to at least 100ms using more operations.
  DataAuthoredQueryBenchmarks.GeneratedShape: Jit     -> The minimum observed iteration time is 36.288ms which is very small. It's recommended to increase it to at least 100ms using more operations.
  DataAuthoredQueryBenchmarks.DataAuthoredFacade: Jit -> The minimum observed iteration time is 71.89ms which is very small. It's recommended to increase it to at least 100ms using more operations.
  DataAuthoredQueryBenchmarks.DataAuthoredFacade: Jit -> The minimum observed iteration time is 61.64ms which is very small. It's recommended to increase it to at least 100ms using more operations.
  DataAuthoredQueryBenchmarks.DataAuthoredFacade: Jit -> The minimum observed iteration time is 63.092ms which is very small. It's recommended to increase it to at least 100ms using more operations.
  DataAuthoredQueryBenchmarks.GeneratedShape: Jit     -> The minimum observed iteration time is 64.242ms which is very small. It's recommended to increase it to at least 100ms using more operations.
  DataAuthoredQueryBenchmarks.DataAuthoredFacade: Jit -> The minimum observed iteration time is 97.307ms which is very small. It's recommended to increase it to at least 100ms using more operations.
  DataAuthoredQueryBenchmarks.GeneratedShape: Jit     -> The minimum observed iteration time is 67.557ms which is very small. It's recommended to increase it to at least 100ms using more operations.
  DataAuthoredQueryBenchmarks.DataAuthoredFacade: Jit -> The minimum observed iteration time is 99.099ms which is very small. It's recommended to increase it to at least 100ms using more operations.

// * Hints *
Outliers
  DataAuthoredQueryBenchmarks.GeneratedShape: Jit     -> 1 outlier  was  removed (1.96 ns)
  DataAuthoredQueryBenchmarks.DataAuthoredFacade: Jit -> 1 outlier  was  removed (13.60 ns)
  DataAuthoredQueryBenchmarks.DirectShape: Jit        -> 2 outliers were removed (1.37 ns, 1.41 ns)
  DataAuthoredQueryBenchmarks.GeneratedShape: Jit     -> 2 outliers were removed, 3 outliers were detected (2.04 ns, 2.18 ns, 2.19 ns)
  DataAuthoredQueryBenchmarks.DataAuthoredFacade: Jit -> 2 outliers were removed (14.54 ns, 14.71 ns)
  DataAuthoredQueryBenchmarks.DirectShape: Jit        -> 1 outlier  was  removed (2.63 ns)
  DataAuthoredQueryBenchmarks.GeneratedShape: Jit     -> 1 outlier  was  removed (4.02 ns)
  DataAuthoredQueryBenchmarks.DataAuthoredFacade: Jit -> 1 outlier  was  detected (22.21 ns)
  DataAuthoredQueryBenchmarks.DirectShape: Jit        -> 2 outliers were removed (4.32 ns, 4.43 ns)
  DataAuthoredQueryBenchmarks.GeneratedShape: Jit     -> 1 outlier  was  removed (4.23 ns)
  DataAuthoredQueryBenchmarks.DataAuthoredFacade: Jit -> 1 outlier  was  removed, 2 outliers were detected (22.17 ns, 23.87 ns)
  DataAuthoredQueryBenchmarks.DataAuthoredFacade: Jit -> 1 outlier  was  removed (78.39 ns)
  DataAuthoredQueryBenchmarks.DirectShape: Jit        -> 1 outlier  was  removed (19.97 ns)
  DataAuthoredQueryBenchmarks.DirectShape: Jit        -> 1 outlier  was  removed, 2 outliers were detected (333.66 ns, 371.37 ns)
  DataAuthoredQueryBenchmarks.GeneratedShape: Jit     -> 1 outlier  was  removed (33.97 us)
  DataAuthoredQueryBenchmarks.DataAuthoredFacade: Jit -> 1 outlier  was  removed (1.17 us)
  DataAuthoredQueryBenchmarks.DirectShape: Jit        -> 2 outliers were removed, 3 outliers were detected (328.75 ns, 354.07 ns, 359.40 ns)
  DataAuthoredQueryBenchmarks.GeneratedShape: Jit     -> 1 outlier  was  detected (34.08 us)
  DataAuthoredQueryBenchmarks.DataAuthoredFacade: Jit -> 1 outlier  was  removed (1.21 us)
  DataAuthoredQueryBenchmarks.DirectShape: Jit        -> 1 outlier  was  detected (1.69 ns)
  DataAuthoredQueryBenchmarks.GeneratedShape: Jit     -> 1 outlier  was  detected (2.49 ns)
  DataAuthoredQueryBenchmarks.DataAuthoredFacade: Jit -> 2 outliers were removed, 4 outliers were detected (13.88 ns, 13.90 ns, 14.47 ns, 14.66 ns)
  DataAuthoredQueryBenchmarks.DirectShape: Jit        -> 1 outlier  was  removed (1.99 ns)
  DataAuthoredQueryBenchmarks.GeneratedShape: Jit     -> 1 outlier  was  removed (2.95 ns)

// * Legends *
  Shape       : Value of the 'Shape' parameter
  Pattern     : Value of the 'Pattern' parameter
  Mean        : Arithmetic mean of all measurements
  Error       : Half of 99.9% confidence interval
  StdDev      : Standard deviation of all measurements
  Median      : Value separating the higher half of all measurements (50th percentile)
  Ratio       : Mean of the ratio distribution ([Current]/[Baseline])
  RatioSD     : Standard deviation of the ratio distribution ([Current]/[Baseline])
  Allocated   : Allocated memory per single operation (managed only, inclusive, 1KB = 1024B)
  Alloc Ratio : Allocated memory ratio distribution ([Current]/[Baseline])
  1 ns        : 1 Nanosecond (0.000000001 sec)

// * Diagnostic Output - MemoryDiagnoser *


// ***** BenchmarkRunner: End *****
Run time: 00:02:42 (162.26 sec), executed benchmarks: 30

Global total time: 00:02:50 (170.46 sec), executed benchmarks: 30
// * Artifacts cleanup *
Artifacts cleanup is finished
