// Validating benchmarks:
// ***** BenchmarkRunner: Start   *****
// ***** Found 54 benchmark(s) in total *****
// ***** Building 1 exe(s) in Parallel: Start   *****
// start dotnet  restore --nodeReuse:false /p:UseSharedCompilation=false /p:Deterministic=true /p:Optimize=true /p:ArtifactsPath="/home/i/Work/tl-consumer-fusion/benchmarks/ConsumerFusion/bin/Release/net10.0/ConsumerFusion-JitCore4-1/" /p:OutDir="/home/i/Work/tl-consumer-fusion/benchmarks/ConsumerFusion/bin/Release/net10.0/ConsumerFusion-JitCore4-1/bin/Release/net10.0/" /p:OutputPath="/home/i/Work/tl-consumer-fusion/benchmarks/ConsumerFusion/bin/Release/net10.0/ConsumerFusion-JitCore4-1/bin/Release/net10.0/" /p:PublishDir="/home/i/Work/tl-consumer-fusion/benchmarks/ConsumerFusion/bin/Release/net10.0/ConsumerFusion-JitCore4-1/publish/" in /home/i/Work/tl-consumer-fusion/benchmarks/ConsumerFusion/bin/Release/net10.0/ConsumerFusion-JitCore4-1
// command took 0.58 sec and exited with 0
// start dotnet  build -c Release --no-restore --nodeReuse:false /p:UseSharedCompilation=false /p:Deterministic=true /p:Optimize=true /p:ArtifactsPath="/home/i/Work/tl-consumer-fusion/benchmarks/ConsumerFusion/bin/Release/net10.0/ConsumerFusion-JitCore4-1/" /p:OutDir="/home/i/Work/tl-consumer-fusion/benchmarks/ConsumerFusion/bin/Release/net10.0/ConsumerFusion-JitCore4-1/bin/Release/net10.0/" /p:OutputPath="/home/i/Work/tl-consumer-fusion/benchmarks/ConsumerFusion/bin/Release/net10.0/ConsumerFusion-JitCore4-1/bin/Release/net10.0/" /p:PublishDir="/home/i/Work/tl-consumer-fusion/benchmarks/ConsumerFusion/bin/Release/net10.0/ConsumerFusion-JitCore4-1/publish/" --output "/home/i/Work/tl-consumer-fusion/benchmarks/ConsumerFusion/bin/Release/net10.0/ConsumerFusion-JitCore4-1/bin/Release/net10.0/" in /home/i/Work/tl-consumer-fusion/benchmarks/ConsumerFusion/bin/Release/net10.0/ConsumerFusion-JitCore4-1
// command took 6.19 sec and exited with 0
// ***** Done, took 00:00:06 (6.81 sec)   *****
// Found 18 benchmarks:
//   ConsumerBenchmarks<SumConsumer>.InterpreterSingle: JitCore4(IterationCount=12, IterationTime=250ms, WarmupCount=16) [Pattern=Sequential]
//   ConsumerBenchmarks<SumConsumer>.CompiledSingle: JitCore4(IterationCount=12, IterationTime=250ms, WarmupCount=16) [Pattern=Sequential]
//   ConsumerBenchmarks<SumConsumer>.FusedSingle: JitCore4(IterationCount=12, IterationTime=250ms, WarmupCount=16) [Pattern=Sequential]
//   ConsumerBenchmarks<SumConsumer>.InterpreterBatch8: JitCore4(IterationCount=12, IterationTime=250ms, WarmupCount=16) [Pattern=Sequential]
//   ConsumerBenchmarks<SumConsumer>.CompiledBatch8: JitCore4(IterationCount=12, IterationTime=250ms, WarmupCount=16) [Pattern=Sequential]
//   ConsumerBenchmarks<SumConsumer>.FusedBatch8: JitCore4(IterationCount=12, IterationTime=250ms, WarmupCount=16) [Pattern=Sequential]
//   ConsumerBenchmarks<SumConsumer>.InterpreterSingle: JitCore4(IterationCount=12, IterationTime=250ms, WarmupCount=16) [Pattern=Random]
//   ConsumerBenchmarks<SumConsumer>.CompiledSingle: JitCore4(IterationCount=12, IterationTime=250ms, WarmupCount=16) [Pattern=Random]
//   ConsumerBenchmarks<SumConsumer>.FusedSingle: JitCore4(IterationCount=12, IterationTime=250ms, WarmupCount=16) [Pattern=Random]
//   ConsumerBenchmarks<SumConsumer>.InterpreterBatch8: JitCore4(IterationCount=12, IterationTime=250ms, WarmupCount=16) [Pattern=Random]
//   ConsumerBenchmarks<SumConsumer>.CompiledBatch8: JitCore4(IterationCount=12, IterationTime=250ms, WarmupCount=16) [Pattern=Random]
//   ConsumerBenchmarks<SumConsumer>.FusedBatch8: JitCore4(IterationCount=12, IterationTime=250ms, WarmupCount=16) [Pattern=Random]
//   ConsumerBenchmarks<SumConsumer>.InterpreterSingle: JitCore4(IterationCount=12, IterationTime=250ms, WarmupCount=16) [Pattern=Repeated]
//   ConsumerBenchmarks<SumConsumer>.CompiledSingle: JitCore4(IterationCount=12, IterationTime=250ms, WarmupCount=16) [Pattern=Repeated]
//   ConsumerBenchmarks<SumConsumer>.FusedSingle: JitCore4(IterationCount=12, IterationTime=250ms, WarmupCount=16) [Pattern=Repeated]
//   ConsumerBenchmarks<SumConsumer>.InterpreterBatch8: JitCore4(IterationCount=12, IterationTime=250ms, WarmupCount=16) [Pattern=Repeated]
//   ConsumerBenchmarks<SumConsumer>.CompiledBatch8: JitCore4(IterationCount=12, IterationTime=250ms, WarmupCount=16) [Pattern=Repeated]
//   ConsumerBenchmarks<SumConsumer>.FusedBatch8: JitCore4(IterationCount=12, IterationTime=250ms, WarmupCount=16) [Pattern=Repeated]

// **************************
// Benchmark: ConsumerBenchmarks<SumConsumer>.InterpreterSingle: JitCore4(IterationCount=12, IterationTime=250ms, WarmupCount=16) [Pattern=Sequential]
// *** Execute ***
// Launch: 1 / 1
// Execute: dotnet ConsumerFusion-JitCore4-1.dll --anonymousPipes 116 117 --benchmarkName "Tl.ConsumerFusion.ConsumerBenchmarks<SumConsumer>.InterpreterSingle(Pattern: Sequential)" --job JitCore4 --benchmarkId 0 in /home/i/Work/tl-consumer-fusion/benchmarks/ConsumerFusion/bin/Release/net10.0/ConsumerFusion-JitCore4-1/bin/Release/net10.0
// Failed to set up high priority (Permission denied). In order to run benchmarks with high priority, make sure you have the right permissions.
// BeforeAnythingElse

// Benchmark Process Environment Information:
// BenchmarkDotNet v0.15.8
// Runtime=.NET 10.0.11 (10.0.11, 10.0.1126.37416), X64 RyuJIT x86-64-v3
// GC=Concurrent Workstation
// HardwareIntrinsics=AVX2+BMI1+BMI2+F16C+FMA+LZCNT+MOVBE,AVX,SSE3+SSSE3+SSE4.1+SSE4.2+POPCNT,X86Base+SSE+SSE2,AES+PCLMUL,AvxVnni,SERIALIZE VectorSize=256
// Job: JitCore4(IterationCount=12, IterationTime=250ms, WarmupCount=16)

Generated source SHA-256: 7bdbf05933e474d7a938b65943dea9904c38e119da36a57eeee6037572f9e30f
Consumer source SHA-256: b6d3bebc1792904814ea060ef98da24a1bb83a7902917f967347d44ba9cc4197
SumConsumer/Sequential: ConsumerReceipt { Playback = Playback { Tick = 65535, Cycles = 109, Flags = Started }, SumBits = 1229295824, TrackOffsets = 0, Enters = 0, Stays = 0, Exits = 0, Callbacks = 0, Audit = 0 }
Preparation receipt: 7670805941760
OverheadJitting  1: 65536 op, 99154.00 ns, 1.5130 ns/op
WorkloadJitting  1: 65536 op, 942720.00 ns, 14.3848 ns/op

OverheadJitting  2: 1048576 op, 123736.00 ns, 0.1180 ns/op
WorkloadJitting  2: 1048576 op, 14018525.00 ns, 13.3691 ns/op

WorkloadPilot    1: 1048576 op, 13689217.00 ns, 13.0551 ns/op
WorkloadPilot    2: 19922944 op, 251403872.00 ns, 12.6188 ns/op

OverheadWarmup   1: 19922944 op, 714.00 ns, 0.0000 ns/op
OverheadWarmup   2: 19922944 op, 491.00 ns, 0.0000 ns/op
OverheadWarmup   3: 19922944 op, 471.00 ns, 0.0000 ns/op
OverheadWarmup   4: 19922944 op, 515.00 ns, 0.0000 ns/op
OverheadWarmup   5: 19922944 op, 550.00 ns, 0.0000 ns/op
OverheadWarmup   6: 19922944 op, 537.00 ns, 0.0000 ns/op
OverheadWarmup   7: 19922944 op, 530.00 ns, 0.0000 ns/op
OverheadWarmup   8: 19922944 op, 526.00 ns, 0.0000 ns/op
OverheadWarmup   9: 19922944 op, 529.00 ns, 0.0000 ns/op
OverheadWarmup  10: 19922944 op, 536.00 ns, 0.0000 ns/op

OverheadActual   1: 19922944 op, 768.00 ns, 0.0000 ns/op
OverheadActual   2: 19922944 op, 651.00 ns, 0.0000 ns/op
OverheadActual   3: 19922944 op, 671.00 ns, 0.0000 ns/op
OverheadActual   4: 19922944 op, 550.00 ns, 0.0000 ns/op
OverheadActual   5: 19922944 op, 646.00 ns, 0.0000 ns/op
OverheadActual   6: 19922944 op, 653.00 ns, 0.0000 ns/op
OverheadActual   7: 19922944 op, 532.00 ns, 0.0000 ns/op
OverheadActual   8: 19922944 op, 518.00 ns, 0.0000 ns/op
OverheadActual   9: 19922944 op, 491.00 ns, 0.0000 ns/op
OverheadActual  10: 19922944 op, 505.00 ns, 0.0000 ns/op
OverheadActual  11: 19922944 op, 492.00 ns, 0.0000 ns/op
OverheadActual  12: 19922944 op, 478.00 ns, 0.0000 ns/op
OverheadActual  13: 19922944 op, 530.00 ns, 0.0000 ns/op
OverheadActual  14: 19922944 op, 694.00 ns, 0.0000 ns/op
OverheadActual  15: 19922944 op, 582.00 ns, 0.0000 ns/op
OverheadActual  16: 19922944 op, 558.00 ns, 0.0000 ns/op
OverheadActual  17: 19922944 op, 531.00 ns, 0.0000 ns/op
OverheadActual  18: 19922944 op, 682.00 ns, 0.0000 ns/op
OverheadActual  19: 19922944 op, 593.00 ns, 0.0000 ns/op
OverheadActual  20: 19922944 op, 526.00 ns, 0.0000 ns/op

WorkloadWarmup   1: 19922944 op, 273343416.00 ns, 13.7200 ns/op
WorkloadWarmup   2: 19922944 op, 251283903.00 ns, 12.6128 ns/op
WorkloadWarmup   3: 19922944 op, 251265475.00 ns, 12.6119 ns/op
WorkloadWarmup   4: 19922944 op, 251372687.00 ns, 12.6172 ns/op
WorkloadWarmup   5: 19922944 op, 251400477.00 ns, 12.6186 ns/op
WorkloadWarmup   6: 19922944 op, 251502141.00 ns, 12.6237 ns/op
WorkloadWarmup   7: 19922944 op, 291995744.00 ns, 14.6563 ns/op
WorkloadWarmup   8: 19922944 op, 251122011.00 ns, 12.6047 ns/op
WorkloadWarmup   9: 19922944 op, 250975600.00 ns, 12.5973 ns/op
WorkloadWarmup  10: 19922944 op, 250916518.00 ns, 12.5943 ns/op
WorkloadWarmup  11: 19922944 op, 255967278.00 ns, 12.8479 ns/op
WorkloadWarmup  12: 19922944 op, 251549807.00 ns, 12.6261 ns/op
WorkloadWarmup  13: 19922944 op, 251761985.00 ns, 12.6368 ns/op
WorkloadWarmup  14: 19922944 op, 254840071.00 ns, 12.7913 ns/op
WorkloadWarmup  15: 19922944 op, 258411535.00 ns, 12.9705 ns/op
WorkloadWarmup  16: 19922944 op, 251394272.00 ns, 12.6183 ns/op

// BeforeActualRun
WorkloadActual   1: 19922944 op, 251643811.00 ns, 12.6309 ns/op
WorkloadActual   2: 19922944 op, 251268317.00 ns, 12.6120 ns/op
WorkloadActual   3: 19922944 op, 251303733.00 ns, 12.6138 ns/op
WorkloadActual   4: 19922944 op, 251299570.00 ns, 12.6136 ns/op
WorkloadActual   5: 19922944 op, 251533997.00 ns, 12.6253 ns/op
WorkloadActual   6: 19922944 op, 251565274.00 ns, 12.6269 ns/op
WorkloadActual   7: 19922944 op, 251254819.00 ns, 12.6113 ns/op
WorkloadActual   8: 19922944 op, 260000275.00 ns, 13.0503 ns/op
WorkloadActual   9: 19922944 op, 257431248.00 ns, 12.9213 ns/op
WorkloadActual  10: 19922944 op, 251389368.00 ns, 12.6181 ns/op
WorkloadActual  11: 19922944 op, 251227282.00 ns, 12.6099 ns/op
WorkloadActual  12: 19922944 op, 251238168.00 ns, 12.6105 ns/op

// AfterActualRun
WorkloadResult   1: 19922944 op, 251643257.00 ns, 12.6308 ns/op
WorkloadResult   2: 19922944 op, 251267763.00 ns, 12.6120 ns/op
WorkloadResult   3: 19922944 op, 251303179.00 ns, 12.6138 ns/op
WorkloadResult   4: 19922944 op, 251299016.00 ns, 12.6135 ns/op
WorkloadResult   5: 19922944 op, 251533443.00 ns, 12.6253 ns/op
WorkloadResult   6: 19922944 op, 251564720.00 ns, 12.6269 ns/op
WorkloadResult   7: 19922944 op, 251254265.00 ns, 12.6113 ns/op
WorkloadResult   8: 19922944 op, 251388814.00 ns, 12.6181 ns/op
WorkloadResult   9: 19922944 op, 251226728.00 ns, 12.6099 ns/op
WorkloadResult  10: 19922944 op, 251237614.00 ns, 12.6105 ns/op
// GC:  0 0 0 0 19922944
// Threading:  0 0 19922944

// AfterAll
// Benchmark Process 197 has exited with code 0.

Mean = 12.617 ns, StdErr = 0.002 ns (0.02%), N = 10, StdDev = 0.008 ns
Min = 12.610 ns, Q1 = 12.611 ns, Median = 12.614 ns, Q3 = 12.624 ns, Max = 12.631 ns
IQR = 0.012 ns, LowerFence = 12.593 ns, UpperFence = 12.642 ns
ConfidenceInterval = [12.606 ns; 12.629 ns] (CI 99.9%), Margin = 0.012 ns (0.09% of Mean)
Skewness = 0.62, Kurtosis = 1.57, MValue = 2

// ** Remained 53 (98.1 %) benchmark(s) to run. Estimated finish 2026-09-09 10:22 (0h 11m from now) **
// **************************
// Benchmark: ConsumerBenchmarks<SumConsumer>.CompiledSingle: JitCore4(IterationCount=12, IterationTime=250ms, WarmupCount=16) [Pattern=Sequential]
// *** Execute ***
// Launch: 1 / 1
// Execute: dotnet ConsumerFusion-JitCore4-1.dll --anonymousPipes 116 117 --benchmarkName "Tl.ConsumerFusion.ConsumerBenchmarks<SumConsumer>.CompiledSingle(Pattern: Sequential)" --job JitCore4 --benchmarkId 1 in /home/i/Work/tl-consumer-fusion/benchmarks/ConsumerFusion/bin/Release/net10.0/ConsumerFusion-JitCore4-1/bin/Release/net10.0
// Failed to set up high priority (Permission denied). In order to run benchmarks with high priority, make sure you have the right permissions.
// BeforeAnythingElse

// Benchmark Process Environment Information:
// BenchmarkDotNet v0.15.8
// Runtime=.NET 10.0.11 (10.0.11, 10.0.1126.37416), X64 RyuJIT x86-64-v3
// GC=Concurrent Workstation
// HardwareIntrinsics=AVX2+BMI1+BMI2+F16C+FMA+LZCNT+MOVBE,AVX,SSE3+SSSE3+SSE4.1+SSE4.2+POPCNT,X86Base+SSE+SSE2,AES+PCLMUL,AvxVnni,SERIALIZE VectorSize=256
// Job: JitCore4(IterationCount=12, IterationTime=250ms, WarmupCount=16)

Generated source SHA-256: 7bdbf05933e474d7a938b65943dea9904c38e119da36a57eeee6037572f9e30f
Consumer source SHA-256: b6d3bebc1792904814ea060ef98da24a1bb83a7902917f967347d44ba9cc4197
SumConsumer/Sequential: ConsumerReceipt { Playback = Playback { Tick = 65535, Cycles = 109, Flags = Started }, SumBits = 1229295824, TrackOffsets = 0, Enters = 0, Stays = 0, Exits = 0, Callbacks = 0, Audit = 0 }
Preparation receipt: 7656054391872
OverheadJitting  1: 65536 op, 97025.00 ns, 1.4805 ns/op
WorkloadJitting  1: 65536 op, 1018324.00 ns, 15.5384 ns/op

OverheadJitting  2: 1048576 op, 115516.00 ns, 0.1102 ns/op
WorkloadJitting  2: 1048576 op, 15061705.00 ns, 14.3640 ns/op

WorkloadPilot    1: 1048576 op, 14933581.00 ns, 14.2418 ns/op
WorkloadPilot    2: 17825792 op, 254476938.00 ns, 14.2758 ns/op

OverheadWarmup   1: 17825792 op, 809.00 ns, 0.0000 ns/op
OverheadWarmup   2: 17825792 op, 468.00 ns, 0.0000 ns/op
OverheadWarmup   3: 17825792 op, 465.00 ns, 0.0000 ns/op
OverheadWarmup   4: 17825792 op, 468.00 ns, 0.0000 ns/op
OverheadWarmup   5: 17825792 op, 514.00 ns, 0.0000 ns/op
OverheadWarmup   6: 17825792 op, 512.00 ns, 0.0000 ns/op
OverheadWarmup   7: 17825792 op, 492.00 ns, 0.0000 ns/op
OverheadWarmup   8: 17825792 op, 492.00 ns, 0.0000 ns/op
OverheadWarmup   9: 17825792 op, 497.00 ns, 0.0000 ns/op

OverheadActual   1: 17825792 op, 675.00 ns, 0.0000 ns/op
OverheadActual   2: 17825792 op, 669.00 ns, 0.0000 ns/op
OverheadActual   3: 17825792 op, 669.00 ns, 0.0000 ns/op
OverheadActual   4: 17825792 op, 519.00 ns, 0.0000 ns/op
OverheadActual   5: 17825792 op, 654.00 ns, 0.0000 ns/op
OverheadActual   6: 17825792 op, 463.00 ns, 0.0000 ns/op
OverheadActual   7: 17825792 op, 443.00 ns, 0.0000 ns/op
OverheadActual   8: 17825792 op, 447.00 ns, 0.0000 ns/op
OverheadActual   9: 17825792 op, 445.00 ns, 0.0000 ns/op
OverheadActual  10: 17825792 op, 458.00 ns, 0.0000 ns/op
OverheadActual  11: 17825792 op, 451.00 ns, 0.0000 ns/op
OverheadActual  12: 17825792 op, 467.00 ns, 0.0000 ns/op
OverheadActual  13: 17825792 op, 486.00 ns, 0.0000 ns/op
OverheadActual  14: 17825792 op, 472.00 ns, 0.0000 ns/op
OverheadActual  15: 17825792 op, 487.00 ns, 0.0000 ns/op
OverheadActual  16: 17825792 op, 491.00 ns, 0.0000 ns/op
OverheadActual  17: 17825792 op, 491.00 ns, 0.0000 ns/op
OverheadActual  18: 17825792 op, 629.00 ns, 0.0000 ns/op
OverheadActual  19: 17825792 op, 533.00 ns, 0.0000 ns/op
OverheadActual  20: 17825792 op, 485.00 ns, 0.0000 ns/op

WorkloadWarmup   1: 17825792 op, 254662598.00 ns, 14.2862 ns/op
WorkloadWarmup   2: 17825792 op, 254076264.00 ns, 14.2533 ns/op
WorkloadWarmup   3: 17825792 op, 254497871.00 ns, 14.2769 ns/op
WorkloadWarmup   4: 17825792 op, 254389010.00 ns, 14.2708 ns/op
WorkloadWarmup   5: 17825792 op, 254353205.00 ns, 14.2688 ns/op
WorkloadWarmup   6: 17825792 op, 254265357.00 ns, 14.2639 ns/op
WorkloadWarmup   7: 17825792 op, 293178866.00 ns, 16.4469 ns/op
WorkloadWarmup   8: 17825792 op, 254015230.00 ns, 14.2499 ns/op
WorkloadWarmup   9: 17825792 op, 254250342.00 ns, 14.2631 ns/op
WorkloadWarmup  10: 17825792 op, 254693588.00 ns, 14.2879 ns/op
WorkloadWarmup  11: 17825792 op, 254085095.00 ns, 14.2538 ns/op
WorkloadWarmup  12: 17825792 op, 254286089.00 ns, 14.2651 ns/op
WorkloadWarmup  13: 17825792 op, 253897850.00 ns, 14.2433 ns/op
WorkloadWarmup  14: 17825792 op, 254279805.00 ns, 14.2647 ns/op
WorkloadWarmup  15: 17825792 op, 260520844.00 ns, 14.6148 ns/op
WorkloadWarmup  16: 17825792 op, 254241414.00 ns, 14.2626 ns/op

// BeforeActualRun
WorkloadActual   1: 17825792 op, 254178237.00 ns, 14.2590 ns/op
WorkloadActual   2: 17825792 op, 254471681.00 ns, 14.2755 ns/op
WorkloadActual   3: 17825792 op, 254454391.00 ns, 14.2745 ns/op
WorkloadActual   4: 17825792 op, 254165411.00 ns, 14.2583 ns/op
WorkloadActual   5: 17825792 op, 254364467.00 ns, 14.2695 ns/op
WorkloadActual   6: 17825792 op, 254182624.00 ns, 14.2593 ns/op
WorkloadActual   7: 17825792 op, 254412323.00 ns, 14.2721 ns/op
WorkloadActual   8: 17825792 op, 269770710.00 ns, 15.1337 ns/op
WorkloadActual   9: 17825792 op, 254354658.00 ns, 14.2689 ns/op
WorkloadActual  10: 17825792 op, 255161589.00 ns, 14.3142 ns/op
WorkloadActual  11: 17825792 op, 254373482.00 ns, 14.2700 ns/op
WorkloadActual  12: 17825792 op, 254136313.00 ns, 14.2567 ns/op

// AfterActualRun
WorkloadResult   1: 17825792 op, 254177750.50 ns, 14.2590 ns/op
WorkloadResult   2: 17825792 op, 254471194.50 ns, 14.2754 ns/op
WorkloadResult   3: 17825792 op, 254453904.50 ns, 14.2745 ns/op
WorkloadResult   4: 17825792 op, 254164924.50 ns, 14.2583 ns/op
WorkloadResult   5: 17825792 op, 254363980.50 ns, 14.2694 ns/op
WorkloadResult   6: 17825792 op, 254182137.50 ns, 14.2592 ns/op
WorkloadResult   7: 17825792 op, 254411836.50 ns, 14.2721 ns/op
WorkloadResult   8: 17825792 op, 254354171.50 ns, 14.2689 ns/op
WorkloadResult   9: 17825792 op, 254372995.50 ns, 14.2699 ns/op
WorkloadResult  10: 17825792 op, 254135826.50 ns, 14.2566 ns/op
// GC:  0 0 0 0 17825792
// Threading:  0 0 17825792

// AfterAll
// Benchmark Process 205 has exited with code 0.

Mean = 14.266 ns, StdErr = 0.002 ns (0.02%), N = 10, StdDev = 0.007 ns
Min = 14.257 ns, Q1 = 14.259 ns, Median = 14.269 ns, Q3 = 14.272 ns, Max = 14.275 ns
IQR = 0.013 ns, LowerFence = 14.240 ns, UpperFence = 14.290 ns
ConfidenceInterval = [14.255 ns; 14.277 ns] (CI 99.9%), Margin = 0.011 ns (0.08% of Mean)
Skewness = -0.16, Kurtosis = 1.12, MValue = 2

// ** Remained 52 (96.3 %) benchmark(s) to run. Estimated finish 2026-09-09 10:22 (0h 11m from now) **
// **************************
// Benchmark: ConsumerBenchmarks<SumConsumer>.FusedSingle: JitCore4(IterationCount=12, IterationTime=250ms, WarmupCount=16) [Pattern=Sequential]
// *** Execute ***
// Launch: 1 / 1
// Execute: dotnet ConsumerFusion-JitCore4-1.dll --anonymousPipes 116 117 --benchmarkName "Tl.ConsumerFusion.ConsumerBenchmarks<SumConsumer>.FusedSingle(Pattern: Sequential)" --job JitCore4 --benchmarkId 2 in /home/i/Work/tl-consumer-fusion/benchmarks/ConsumerFusion/bin/Release/net10.0/ConsumerFusion-JitCore4-1/bin/Release/net10.0
// Failed to set up high priority (Permission denied). In order to run benchmarks with high priority, make sure you have the right permissions.
// BeforeAnythingElse

// Benchmark Process Environment Information:
// BenchmarkDotNet v0.15.8
// Runtime=.NET 10.0.11 (10.0.11, 10.0.1126.37416), X64 RyuJIT x86-64-v3
// GC=Concurrent Workstation
// HardwareIntrinsics=AVX2+BMI1+BMI2+F16C+FMA+LZCNT+MOVBE,AVX,SSE3+SSSE3+SSE4.1+SSE4.2+POPCNT,X86Base+SSE+SSE2,AES+PCLMUL,AvxVnni,SERIALIZE VectorSize=256
// Job: JitCore4(IterationCount=12, IterationTime=250ms, WarmupCount=16)

Generated source SHA-256: 7bdbf05933e474d7a938b65943dea9904c38e119da36a57eeee6037572f9e30f
Consumer source SHA-256: b6d3bebc1792904814ea060ef98da24a1bb83a7902917f967347d44ba9cc4197
SumConsumer/Sequential: ConsumerReceipt { Playback = Playback { Tick = 65535, Cycles = 109, Flags = Started }, SumBits = 1229295824, TrackOffsets = 0, Enters = 0, Stays = 0, Exits = 0, Callbacks = 0, Audit = 0 }
Preparation receipt: 7707684816480
OverheadJitting  1: 65536 op, 95625.00 ns, 1.4591 ns/op
WorkloadJitting  1: 65536 op, 275331.00 ns, 4.2012 ns/op

OverheadJitting  2: 1048576 op, 116365.00 ns, 0.1110 ns/op
WorkloadJitting  2: 1048576 op, 2719099.00 ns, 2.5931 ns/op

WorkloadPilot    1: 1048576 op, 2596168.00 ns, 2.4759 ns/op
WorkloadPilot    2: 101711872 op, 250653012.00 ns, 2.4643 ns/op

OverheadWarmup   1: 101711872 op, 2347.00 ns, 0.0000 ns/op
OverheadWarmup   2: 101711872 op, 2150.00 ns, 0.0000 ns/op
OverheadWarmup   3: 101711872 op, 2044.00 ns, 0.0000 ns/op
OverheadWarmup   4: 101711872 op, 2025.00 ns, 0.0000 ns/op
OverheadWarmup   5: 101711872 op, 2110.00 ns, 0.0000 ns/op
OverheadWarmup   6: 101711872 op, 2073.00 ns, 0.0000 ns/op
OverheadWarmup   7: 101711872 op, 2105.00 ns, 0.0000 ns/op
OverheadWarmup   8: 101711872 op, 2056.00 ns, 0.0000 ns/op

OverheadActual   1: 101711872 op, 2307.00 ns, 0.0000 ns/op
OverheadActual   2: 101711872 op, 2268.00 ns, 0.0000 ns/op
OverheadActual   3: 101711872 op, 2254.00 ns, 0.0000 ns/op
OverheadActual   4: 101711872 op, 2147.00 ns, 0.0000 ns/op
OverheadActual   5: 101711872 op, 2244.00 ns, 0.0000 ns/op
OverheadActual   6: 101711872 op, 2034.00 ns, 0.0000 ns/op
OverheadActual   7: 101711872 op, 2044.00 ns, 0.0000 ns/op
OverheadActual   8: 101711872 op, 2066.00 ns, 0.0000 ns/op
OverheadActual   9: 101711872 op, 2048.00 ns, 0.0000 ns/op
OverheadActual  10: 101711872 op, 2035.00 ns, 0.0000 ns/op
OverheadActual  11: 101711872 op, 2068.00 ns, 0.0000 ns/op
OverheadActual  12: 101711872 op, 2091.00 ns, 0.0000 ns/op
OverheadActual  13: 101711872 op, 2084.00 ns, 0.0000 ns/op
OverheadActual  14: 101711872 op, 2073.00 ns, 0.0000 ns/op
OverheadActual  15: 101711872 op, 2062.00 ns, 0.0000 ns/op

WorkloadWarmup   1: 101711872 op, 250857046.00 ns, 2.4663 ns/op
WorkloadWarmup   2: 101711872 op, 250870945.00 ns, 2.4665 ns/op
WorkloadWarmup   3: 101711872 op, 250991332.00 ns, 2.4677 ns/op
WorkloadWarmup   4: 101711872 op, 250869734.00 ns, 2.4665 ns/op
WorkloadWarmup   5: 101711872 op, 250586282.00 ns, 2.4637 ns/op
WorkloadWarmup   6: 101711872 op, 250878787.00 ns, 2.4666 ns/op
WorkloadWarmup   7: 101711872 op, 272174603.00 ns, 2.6759 ns/op
WorkloadWarmup   8: 101711872 op, 250673517.00 ns, 2.4645 ns/op
WorkloadWarmup   9: 101711872 op, 250877046.00 ns, 2.4665 ns/op
WorkloadWarmup  10: 101711872 op, 250711762.00 ns, 2.4649 ns/op
WorkloadWarmup  11: 101711872 op, 252168724.00 ns, 2.4792 ns/op
WorkloadWarmup  12: 101711872 op, 271573242.00 ns, 2.6700 ns/op
WorkloadWarmup  13: 101711872 op, 250855912.00 ns, 2.4663 ns/op
WorkloadWarmup  14: 101711872 op, 250705530.00 ns, 2.4649 ns/op
WorkloadWarmup  15: 101711872 op, 250773095.00 ns, 2.4655 ns/op
WorkloadWarmup  16: 101711872 op, 250848226.00 ns, 2.4663 ns/op

// BeforeActualRun
WorkloadActual   1: 101711872 op, 250871828.00 ns, 2.4665 ns/op
WorkloadActual   2: 101711872 op, 250861889.00 ns, 2.4664 ns/op
WorkloadActual   3: 101711872 op, 250723204.00 ns, 2.4650 ns/op
WorkloadActual   4: 101711872 op, 250651266.00 ns, 2.4643 ns/op
WorkloadActual   5: 101711872 op, 250868427.00 ns, 2.4665 ns/op
WorkloadActual   6: 101711872 op, 250872237.00 ns, 2.4665 ns/op
WorkloadActual   7: 101711872 op, 250846077.00 ns, 2.4662 ns/op
WorkloadActual   8: 101711872 op, 258546187.00 ns, 2.5419 ns/op
WorkloadActual   9: 101711872 op, 256196484.00 ns, 2.5188 ns/op
WorkloadActual  10: 101711872 op, 251184193.00 ns, 2.4696 ns/op
WorkloadActual  11: 101711872 op, 255407574.00 ns, 2.5111 ns/op
WorkloadActual  12: 101711872 op, 250953459.00 ns, 2.4673 ns/op

// AfterActualRun
WorkloadResult   1: 101711872 op, 250869755.00 ns, 2.4665 ns/op
WorkloadResult   2: 101711872 op, 250859816.00 ns, 2.4664 ns/op
WorkloadResult   3: 101711872 op, 250721131.00 ns, 2.4650 ns/op
WorkloadResult   4: 101711872 op, 250649193.00 ns, 2.4643 ns/op
WorkloadResult   5: 101711872 op, 250866354.00 ns, 2.4664 ns/op
WorkloadResult   6: 101711872 op, 250870164.00 ns, 2.4665 ns/op
WorkloadResult   7: 101711872 op, 250844004.00 ns, 2.4662 ns/op
WorkloadResult   8: 101711872 op, 251182120.00 ns, 2.4695 ns/op
WorkloadResult   9: 101711872 op, 250951386.00 ns, 2.4673 ns/op
// GC:  0 0 0 0 101711872
// Threading:  0 0 101711872

// AfterAll
// Benchmark Process 213 has exited with code 0.

Mean = 2.466 ns, StdErr = 0.000 ns (0.02%), N = 9, StdDev = 0.001 ns
Min = 2.464 ns, Q1 = 2.466 ns, Median = 2.466 ns, Q3 = 2.466 ns, Max = 2.470 ns
IQR = 0.000 ns, LowerFence = 2.466 ns, UpperFence = 2.467 ns
ConfidenceInterval = [2.464 ns; 2.469 ns] (CI 99.9%), Margin = 0.002 ns (0.10% of Mean)
Skewness = 0.61, Kurtosis = 2.88, MValue = 2

// ** Remained 51 (94.4 %) benchmark(s) to run. Estimated finish 2026-09-09 10:22 (0h 10m from now) **
// **************************
// Benchmark: ConsumerBenchmarks<SumConsumer>.InterpreterBatch8: JitCore4(IterationCount=12, IterationTime=250ms, WarmupCount=16) [Pattern=Sequential]
// *** Execute ***
// Launch: 1 / 1
// Execute: dotnet ConsumerFusion-JitCore4-1.dll --anonymousPipes 116 117 --benchmarkName "Tl.ConsumerFusion.ConsumerBenchmarks<SumConsumer>.InterpreterBatch8(Pattern: Sequential)" --job JitCore4 --benchmarkId 3 in /home/i/Work/tl-consumer-fusion/benchmarks/ConsumerFusion/bin/Release/net10.0/ConsumerFusion-JitCore4-1/bin/Release/net10.0
// Failed to set up high priority (Permission denied). In order to run benchmarks with high priority, make sure you have the right permissions.
// BeforeAnythingElse

// Benchmark Process Environment Information:
// BenchmarkDotNet v0.15.8
// Runtime=.NET 10.0.11 (10.0.11, 10.0.1126.37416), X64 RyuJIT x86-64-v3
// GC=Concurrent Workstation
// HardwareIntrinsics=AVX2+BMI1+BMI2+F16C+FMA+LZCNT+MOVBE,AVX,SSE3+SSSE3+SSE4.1+SSE4.2+POPCNT,X86Base+SSE+SSE2,AES+PCLMUL,AvxVnni,SERIALIZE VectorSize=256
// Job: JitCore4(IterationCount=12, IterationTime=250ms, WarmupCount=16)

Generated source SHA-256: 7bdbf05933e474d7a938b65943dea9904c38e119da36a57eeee6037572f9e30f
Consumer source SHA-256: b6d3bebc1792904814ea060ef98da24a1bb83a7902917f967347d44ba9cc4197
SumConsumer/Sequential: ConsumerReceipt { Playback = Playback { Tick = 65535, Cycles = 109, Flags = Started }, SumBits = 1229295824, TrackOffsets = 0, Enters = 0, Stays = 0, Exits = 0, Callbacks = 0, Audit = 0 }
Preparation receipt: 7774066790976
OverheadJitting  1: 65536 op, 104205.00 ns, 1.5900 ns/op
WorkloadJitting  1: 65536 op, 680100.00 ns, 10.3775 ns/op

OverheadJitting  2: 1048576 op, 116552.00 ns, 0.1112 ns/op
WorkloadJitting  2: 1048576 op, 9193503.00 ns, 8.7676 ns/op

WorkloadPilot    1: 1048576 op, 9017889.00 ns, 8.6001 ns/op
WorkloadPilot    2: 29360128 op, 249653559.00 ns, 8.5031 ns/op
WorkloadPilot    3: 30408704 op, 259464936.00 ns, 8.5326 ns/op
WorkloadPilot    4: 29360128 op, 250417968.00 ns, 8.5292 ns/op

OverheadWarmup   1: 29360128 op, 956.00 ns, 0.0000 ns/op
OverheadWarmup   2: 29360128 op, 723.00 ns, 0.0000 ns/op
OverheadWarmup   3: 29360128 op, 629.00 ns, 0.0000 ns/op
OverheadWarmup   4: 29360128 op, 612.00 ns, 0.0000 ns/op
OverheadWarmup   5: 29360128 op, 685.00 ns, 0.0000 ns/op
OverheadWarmup   6: 29360128 op, 627.00 ns, 0.0000 ns/op
OverheadWarmup   7: 29360128 op, 663.00 ns, 0.0000 ns/op
OverheadWarmup   8: 29360128 op, 652.00 ns, 0.0000 ns/op

OverheadActual   1: 29360128 op, 957.00 ns, 0.0000 ns/op
OverheadActual   2: 29360128 op, 862.00 ns, 0.0000 ns/op
OverheadActual   3: 29360128 op, 856.00 ns, 0.0000 ns/op
OverheadActual   4: 29360128 op, 750.00 ns, 0.0000 ns/op
OverheadActual   5: 29360128 op, 858.00 ns, 0.0000 ns/op
OverheadActual   6: 29360128 op, 635.00 ns, 0.0000 ns/op
OverheadActual   7: 29360128 op, 639.00 ns, 0.0000 ns/op
OverheadActual   8: 29360128 op, 633.00 ns, 0.0000 ns/op
OverheadActual   9: 29360128 op, 635.00 ns, 0.0000 ns/op
OverheadActual  10: 29360128 op, 631.00 ns, 0.0000 ns/op
OverheadActual  11: 29360128 op, 691.00 ns, 0.0000 ns/op
OverheadActual  12: 29360128 op, 698.00 ns, 0.0000 ns/op
OverheadActual  13: 29360128 op, 685.00 ns, 0.0000 ns/op
OverheadActual  14: 29360128 op, 841.00 ns, 0.0000 ns/op
OverheadActual  15: 29360128 op, 723.00 ns, 0.0000 ns/op
OverheadActual  16: 29360128 op, 688.00 ns, 0.0000 ns/op
OverheadActual  17: 29360128 op, 654.00 ns, 0.0000 ns/op
OverheadActual  18: 29360128 op, 787.00 ns, 0.0000 ns/op
OverheadActual  19: 29360128 op, 671.00 ns, 0.0000 ns/op
OverheadActual  20: 29360128 op, 666.00 ns, 0.0000 ns/op

WorkloadWarmup   1: 29360128 op, 251231867.00 ns, 8.5569 ns/op
WorkloadWarmup   2: 29360128 op, 250498356.00 ns, 8.5319 ns/op
WorkloadWarmup   3: 29360128 op, 250329614.00 ns, 8.5262 ns/op
WorkloadWarmup   4: 29360128 op, 251671749.00 ns, 8.5719 ns/op
WorkloadWarmup   5: 29360128 op, 280004592.00 ns, 9.5369 ns/op
WorkloadWarmup   6: 29360128 op, 251434205.00 ns, 8.5638 ns/op
WorkloadWarmup   7: 29360128 op, 250196098.00 ns, 8.5216 ns/op
WorkloadWarmup   8: 29360128 op, 250722295.00 ns, 8.5396 ns/op
WorkloadWarmup   9: 29360128 op, 251405777.00 ns, 8.5628 ns/op
WorkloadWarmup  10: 29360128 op, 250040418.00 ns, 8.5163 ns/op
WorkloadWarmup  11: 29360128 op, 249999100.00 ns, 8.5149 ns/op
WorkloadWarmup  12: 29360128 op, 251248752.00 ns, 8.5575 ns/op
WorkloadWarmup  13: 29360128 op, 255231668.00 ns, 8.6931 ns/op
WorkloadWarmup  14: 29360128 op, 250421538.00 ns, 8.5293 ns/op
WorkloadWarmup  15: 29360128 op, 249761602.00 ns, 8.5068 ns/op
WorkloadWarmup  16: 29360128 op, 251065664.00 ns, 8.5512 ns/op

// BeforeActualRun
WorkloadActual   1: 29360128 op, 250165179.00 ns, 8.5206 ns/op
WorkloadActual   2: 29360128 op, 250228205.00 ns, 8.5227 ns/op
WorkloadActual   3: 29360128 op, 251360276.00 ns, 8.5613 ns/op
WorkloadActual   4: 29360128 op, 254121843.00 ns, 8.6553 ns/op
WorkloadActual   5: 29360128 op, 259685616.00 ns, 8.8448 ns/op
WorkloadActual   6: 29360128 op, 274035200.00 ns, 9.3336 ns/op
WorkloadActual   7: 29360128 op, 250610499.00 ns, 8.5357 ns/op
WorkloadActual   8: 29360128 op, 250621224.00 ns, 8.5361 ns/op
WorkloadActual   9: 29360128 op, 250898954.00 ns, 8.5456 ns/op
WorkloadActual  10: 29360128 op, 251415122.00 ns, 8.5631 ns/op
WorkloadActual  11: 29360128 op, 250585020.00 ns, 8.5349 ns/op
WorkloadActual  12: 29360128 op, 250705713.00 ns, 8.5390 ns/op

// AfterActualRun
WorkloadResult   1: 29360128 op, 250164489.50 ns, 8.5206 ns/op
WorkloadResult   2: 29360128 op, 250227515.50 ns, 8.5227 ns/op
WorkloadResult   3: 29360128 op, 251359586.50 ns, 8.5613 ns/op
WorkloadResult   4: 29360128 op, 254121153.50 ns, 8.6553 ns/op
WorkloadResult   5: 29360128 op, 250609809.50 ns, 8.5357 ns/op
WorkloadResult   6: 29360128 op, 250620534.50 ns, 8.5361 ns/op
WorkloadResult   7: 29360128 op, 250898264.50 ns, 8.5455 ns/op
WorkloadResult   8: 29360128 op, 251414432.50 ns, 8.5631 ns/op
WorkloadResult   9: 29360128 op, 250584330.50 ns, 8.5349 ns/op
WorkloadResult  10: 29360128 op, 250705023.50 ns, 8.5390 ns/op
// GC:  0 0 0 0 29360128
// Threading:  0 0 29360128

// AfterAll
// Benchmark Process 222 has exited with code 0.

Mean = 8.551 ns, StdErr = 0.012 ns (0.14%), N = 10, StdDev = 0.039 ns
Min = 8.521 ns, Q1 = 8.535 ns, Median = 8.538 ns, Q3 = 8.557 ns, Max = 8.655 ns
IQR = 0.022 ns, LowerFence = 8.502 ns, UpperFence = 8.591 ns
ConfidenceInterval = [8.492 ns; 8.611 ns] (CI 99.9%), Margin = 0.059 ns (0.69% of Mean)
Skewness = 1.77, Kurtosis = 5.07, MValue = 2

// ** Remained 50 (92.6 %) benchmark(s) to run. Estimated finish 2026-09-09 10:22 (0h 10m from now) **
// **************************
// Benchmark: ConsumerBenchmarks<SumConsumer>.CompiledBatch8: JitCore4(IterationCount=12, IterationTime=250ms, WarmupCount=16) [Pattern=Sequential]
// *** Execute ***
// Launch: 1 / 1
// Execute: dotnet ConsumerFusion-JitCore4-1.dll --anonymousPipes 116 117 --benchmarkName "Tl.ConsumerFusion.ConsumerBenchmarks<SumConsumer>.CompiledBatch8(Pattern: Sequential)" --job JitCore4 --benchmarkId 4 in /home/i/Work/tl-consumer-fusion/benchmarks/ConsumerFusion/bin/Release/net10.0/ConsumerFusion-JitCore4-1/bin/Release/net10.0
// Failed to set up high priority (Permission denied). In order to run benchmarks with high priority, make sure you have the right permissions.
// BeforeAnythingElse

// Benchmark Process Environment Information:
// BenchmarkDotNet v0.15.8
// Runtime=.NET 10.0.11 (10.0.11, 10.0.1126.37416), X64 RyuJIT x86-64-v3
// GC=Concurrent Workstation
// HardwareIntrinsics=AVX2+BMI1+BMI2+F16C+FMA+LZCNT+MOVBE,AVX,SSE3+SSSE3+SSE4.1+SSE4.2+POPCNT,X86Base+SSE+SSE2,AES+PCLMUL,AvxVnni,SERIALIZE VectorSize=256
// Job: JitCore4(IterationCount=12, IterationTime=250ms, WarmupCount=16)

Generated source SHA-256: 7bdbf05933e474d7a938b65943dea9904c38e119da36a57eeee6037572f9e30f
Consumer source SHA-256: b6d3bebc1792904814ea060ef98da24a1bb83a7902917f967347d44ba9cc4197
SumConsumer/Sequential: ConsumerReceipt { Playback = Playback { Tick = 65535, Cycles = 109, Flags = Started }, SumBits = 1229295824, TrackOffsets = 0, Enters = 0, Stays = 0, Exits = 0, Callbacks = 0, Audit = 0 }
Preparation receipt: 7574920867488
OverheadJitting  1: 65536 op, 100988.00 ns, 1.5410 ns/op
WorkloadJitting  1: 65536 op, 608249.00 ns, 9.2811 ns/op

OverheadJitting  2: 1048576 op, 117842.00 ns, 0.1124 ns/op
WorkloadJitting  2: 1048576 op, 7548090.00 ns, 7.1984 ns/op

WorkloadPilot    1: 1048576 op, 7382627.00 ns, 7.0406 ns/op
WorkloadPilot    2: 35651584 op, 251086953.00 ns, 7.0428 ns/op

OverheadWarmup   1: 35651584 op, 1220.00 ns, 0.0000 ns/op
OverheadWarmup   2: 35651584 op, 890.00 ns, 0.0000 ns/op
OverheadWarmup   3: 35651584 op, 858.00 ns, 0.0000 ns/op
OverheadWarmup   4: 35651584 op, 845.00 ns, 0.0000 ns/op
OverheadWarmup   5: 35651584 op, 948.00 ns, 0.0000 ns/op
OverheadWarmup   6: 35651584 op, 895.00 ns, 0.0000 ns/op
OverheadWarmup   7: 35651584 op, 894.00 ns, 0.0000 ns/op
OverheadWarmup   8: 35651584 op, 875.00 ns, 0.0000 ns/op
OverheadWarmup   9: 35651584 op, 871.00 ns, 0.0000 ns/op
OverheadWarmup  10: 35651584 op, 886.00 ns, 0.0000 ns/op

OverheadActual   1: 35651584 op, 1141.00 ns, 0.0000 ns/op
OverheadActual   2: 35651584 op, 1055.00 ns, 0.0000 ns/op
OverheadActual   3: 35651584 op, 1079.00 ns, 0.0000 ns/op
OverheadActual   4: 35651584 op, 953.00 ns, 0.0000 ns/op
OverheadActual   5: 35651584 op, 1047.00 ns, 0.0000 ns/op
OverheadActual   6: 35651584 op, 833.00 ns, 0.0000 ns/op
OverheadActual   7: 35651584 op, 839.00 ns, 0.0000 ns/op
OverheadActual   8: 35651584 op, 853.00 ns, 0.0000 ns/op
OverheadActual   9: 35651584 op, 846.00 ns, 0.0000 ns/op
OverheadActual  10: 35651584 op, 846.00 ns, 0.0000 ns/op
OverheadActual  11: 35651584 op, 840.00 ns, 0.0000 ns/op
OverheadActual  12: 35651584 op, 841.00 ns, 0.0000 ns/op
OverheadActual  13: 35651584 op, 880.00 ns, 0.0000 ns/op
OverheadActual  14: 35651584 op, 888.00 ns, 0.0000 ns/op
OverheadActual  15: 35651584 op, 867.00 ns, 0.0000 ns/op
OverheadActual  16: 35651584 op, 889.00 ns, 0.0000 ns/op
OverheadActual  17: 35651584 op, 890.00 ns, 0.0000 ns/op
OverheadActual  18: 35651584 op, 1006.00 ns, 0.0000 ns/op
OverheadActual  19: 35651584 op, 889.00 ns, 0.0000 ns/op
OverheadActual  20: 35651584 op, 880.00 ns, 0.0000 ns/op

WorkloadWarmup   1: 35651584 op, 249070617.00 ns, 6.9862 ns/op
WorkloadWarmup   2: 35651584 op, 250919126.00 ns, 7.0381 ns/op
WorkloadWarmup   3: 35651584 op, 249280493.00 ns, 6.9921 ns/op
WorkloadWarmup   4: 35651584 op, 249188548.00 ns, 6.9896 ns/op
WorkloadWarmup   5: 35651584 op, 248791117.00 ns, 6.9784 ns/op
WorkloadWarmup   6: 35651584 op, 249008677.00 ns, 6.9845 ns/op
WorkloadWarmup   7: 35651584 op, 270024368.00 ns, 7.5740 ns/op
WorkloadWarmup   8: 35651584 op, 249229098.00 ns, 6.9907 ns/op
WorkloadWarmup   9: 35651584 op, 247711268.00 ns, 6.9481 ns/op
WorkloadWarmup  10: 35651584 op, 247525603.00 ns, 6.9429 ns/op
WorkloadWarmup  11: 35651584 op, 247505823.00 ns, 6.9424 ns/op
WorkloadWarmup  12: 35651584 op, 274457160.00 ns, 7.6983 ns/op
WorkloadWarmup  13: 35651584 op, 249772293.00 ns, 7.0059 ns/op
WorkloadWarmup  14: 35651584 op, 247686746.00 ns, 6.9474 ns/op
WorkloadWarmup  15: 35651584 op, 248839650.00 ns, 6.9798 ns/op
WorkloadWarmup  16: 35651584 op, 248271256.00 ns, 6.9638 ns/op

// BeforeActualRun
WorkloadActual   1: 35651584 op, 249273776.00 ns, 6.9919 ns/op
WorkloadActual   2: 35651584 op, 248315080.00 ns, 6.9651 ns/op
WorkloadActual   3: 35651584 op, 247554745.00 ns, 6.9437 ns/op
WorkloadActual   4: 35651584 op, 249271118.00 ns, 6.9919 ns/op
WorkloadActual   5: 35651584 op, 257353878.00 ns, 7.2186 ns/op
WorkloadActual   6: 35651584 op, 254430241.00 ns, 7.1366 ns/op
WorkloadActual   7: 35651584 op, 249317844.00 ns, 6.9932 ns/op
WorkloadActual   8: 35651584 op, 249310172.00 ns, 6.9930 ns/op
WorkloadActual   9: 35651584 op, 248549112.00 ns, 6.9716 ns/op
WorkloadActual  10: 35651584 op, 250400409.00 ns, 7.0235 ns/op
WorkloadActual  11: 35651584 op, 259091331.00 ns, 7.2673 ns/op
WorkloadActual  12: 35651584 op, 249556343.00 ns, 6.9999 ns/op

// AfterActualRun
WorkloadResult   1: 35651584 op, 249272892.00 ns, 6.9919 ns/op
WorkloadResult   2: 35651584 op, 248314196.00 ns, 6.9650 ns/op
WorkloadResult   3: 35651584 op, 247553861.00 ns, 6.9437 ns/op
WorkloadResult   4: 35651584 op, 249270234.00 ns, 6.9918 ns/op
WorkloadResult   5: 35651584 op, 254429357.00 ns, 7.1366 ns/op
WorkloadResult   6: 35651584 op, 249316960.00 ns, 6.9932 ns/op
WorkloadResult   7: 35651584 op, 249309288.00 ns, 6.9929 ns/op
WorkloadResult   8: 35651584 op, 248548228.00 ns, 6.9716 ns/op
WorkloadResult   9: 35651584 op, 250399525.00 ns, 7.0235 ns/op
WorkloadResult  10: 35651584 op, 249555459.00 ns, 6.9998 ns/op
// GC:  0 0 0 0 35651584
// Threading:  0 0 35651584

// AfterAll
// Benchmark Process 231 has exited with code 0.

Mean = 7.001 ns, StdErr = 0.017 ns (0.24%), N = 10, StdDev = 0.052 ns
Min = 6.944 ns, Q1 = 6.977 ns, Median = 6.992 ns, Q3 = 6.998 ns, Max = 7.137 ns
IQR = 0.022 ns, LowerFence = 6.944 ns, UpperFence = 7.030 ns
ConfidenceInterval = [6.922 ns; 7.080 ns] (CI 99.9%), Margin = 0.079 ns (1.13% of Mean)
Skewness = 1.56, Kurtosis = 4.69, MValue = 2

// ** Remained 49 (90.7 %) benchmark(s) to run. Estimated finish 2026-09-09 10:22 (0h 10m from now) **
// **************************
// Benchmark: ConsumerBenchmarks<SumConsumer>.FusedBatch8: JitCore4(IterationCount=12, IterationTime=250ms, WarmupCount=16) [Pattern=Sequential]
// *** Execute ***
// Launch: 1 / 1
// Execute: dotnet ConsumerFusion-JitCore4-1.dll --anonymousPipes 116 117 --benchmarkName "Tl.ConsumerFusion.ConsumerBenchmarks<SumConsumer>.FusedBatch8(Pattern: Sequential)" --job JitCore4 --benchmarkId 5 in /home/i/Work/tl-consumer-fusion/benchmarks/ConsumerFusion/bin/Release/net10.0/ConsumerFusion-JitCore4-1/bin/Release/net10.0
// Failed to set up high priority (Permission denied). In order to run benchmarks with high priority, make sure you have the right permissions.
// BeforeAnythingElse

// Benchmark Process Environment Information:
// BenchmarkDotNet v0.15.8
// Runtime=.NET 10.0.11 (10.0.11, 10.0.1126.37416), X64 RyuJIT x86-64-v3
// GC=Concurrent Workstation
// HardwareIntrinsics=AVX2+BMI1+BMI2+F16C+FMA+LZCNT+MOVBE,AVX,SSE3+SSSE3+SSE4.1+SSE4.2+POPCNT,X86Base+SSE+SSE2,AES+PCLMUL,AvxVnni,SERIALIZE VectorSize=256
// Job: JitCore4(IterationCount=12, IterationTime=250ms, WarmupCount=16)

Generated source SHA-256: 7bdbf05933e474d7a938b65943dea9904c38e119da36a57eeee6037572f9e30f
Consumer source SHA-256: b6d3bebc1792904814ea060ef98da24a1bb83a7902917f967347d44ba9cc4197
SumConsumer/Sequential: ConsumerReceipt { Playback = Playback { Tick = 65535, Cycles = 109, Flags = Started }, SumBits = 1229295824, TrackOffsets = 0, Enters = 0, Stays = 0, Exits = 0, Callbacks = 0, Audit = 0 }
Preparation receipt: 7833072990528
OverheadJitting  1: 65536 op, 95010.00 ns, 1.4497 ns/op
WorkloadJitting  1: 65536 op, 296126.00 ns, 4.5185 ns/op

OverheadJitting  2: 1048576 op, 116529.00 ns, 0.1111 ns/op
WorkloadJitting  2: 1048576 op, 3118240.00 ns, 2.9738 ns/op

WorkloadPilot    1: 1048576 op, 2987686.00 ns, 2.8493 ns/op
WorkloadPilot    2: 88080384 op, 249964932.00 ns, 2.8379 ns/op

OverheadWarmup   1: 88080384 op, 2163.00 ns, 0.0000 ns/op
OverheadWarmup   2: 88080384 op, 1787.00 ns, 0.0000 ns/op
OverheadWarmup   3: 88080384 op, 1822.00 ns, 0.0000 ns/op
OverheadWarmup   4: 88080384 op, 1775.00 ns, 0.0000 ns/op
OverheadWarmup   5: 88080384 op, 1839.00 ns, 0.0000 ns/op
OverheadWarmup   6: 88080384 op, 1833.00 ns, 0.0000 ns/op

OverheadActual   1: 88080384 op, 2002.00 ns, 0.0000 ns/op
OverheadActual   2: 88080384 op, 2058.00 ns, 0.0000 ns/op
OverheadActual   3: 88080384 op, 1989.00 ns, 0.0000 ns/op
OverheadActual   4: 88080384 op, 1893.00 ns, 0.0000 ns/op
OverheadActual   5: 88080384 op, 1943.00 ns, 0.0000 ns/op
OverheadActual   6: 88080384 op, 1770.00 ns, 0.0000 ns/op
OverheadActual   7: 88080384 op, 1792.00 ns, 0.0000 ns/op
OverheadActual   8: 88080384 op, 1781.00 ns, 0.0000 ns/op
OverheadActual   9: 88080384 op, 1827.00 ns, 0.0000 ns/op
OverheadActual  10: 88080384 op, 1814.00 ns, 0.0000 ns/op
OverheadActual  11: 88080384 op, 1808.00 ns, 0.0000 ns/op
OverheadActual  12: 88080384 op, 1811.00 ns, 0.0000 ns/op
OverheadActual  13: 88080384 op, 1811.00 ns, 0.0000 ns/op
OverheadActual  14: 88080384 op, 1812.00 ns, 0.0000 ns/op
OverheadActual  15: 88080384 op, 1820.00 ns, 0.0000 ns/op
OverheadActual  16: 88080384 op, 1828.00 ns, 0.0000 ns/op

WorkloadWarmup   1: 88080384 op, 249876274.00 ns, 2.8369 ns/op
WorkloadWarmup   2: 88080384 op, 249757855.00 ns, 2.8356 ns/op
WorkloadWarmup   3: 88080384 op, 250260752.00 ns, 2.8413 ns/op
WorkloadWarmup   4: 88080384 op, 249833064.00 ns, 2.8364 ns/op
WorkloadWarmup   5: 88080384 op, 249807325.00 ns, 2.8361 ns/op
WorkloadWarmup   6: 88080384 op, 249735072.00 ns, 2.8353 ns/op
WorkloadWarmup   7: 88080384 op, 265776937.00 ns, 3.0174 ns/op
WorkloadWarmup   8: 88080384 op, 249710263.00 ns, 2.8350 ns/op
WorkloadWarmup   9: 88080384 op, 249738384.00 ns, 2.8353 ns/op
WorkloadWarmup  10: 88080384 op, 249841811.00 ns, 2.8365 ns/op
WorkloadWarmup  11: 88080384 op, 252022652.00 ns, 2.8613 ns/op
WorkloadWarmup  12: 88080384 op, 274185285.00 ns, 3.1129 ns/op
WorkloadWarmup  13: 88080384 op, 249790987.00 ns, 2.8359 ns/op
WorkloadWarmup  14: 88080384 op, 249778298.00 ns, 2.8358 ns/op
WorkloadWarmup  15: 88080384 op, 249714898.00 ns, 2.8351 ns/op
WorkloadWarmup  16: 88080384 op, 249787948.00 ns, 2.8359 ns/op

// BeforeActualRun
WorkloadActual   1: 88080384 op, 249892111.00 ns, 2.8371 ns/op
WorkloadActual   2: 88080384 op, 249735366.00 ns, 2.8353 ns/op
WorkloadActual   3: 88080384 op, 249861091.00 ns, 2.8367 ns/op
WorkloadActual   4: 88080384 op, 249839958.00 ns, 2.8365 ns/op
WorkloadActual   5: 88080384 op, 254915824.00 ns, 2.8941 ns/op
WorkloadActual   6: 88080384 op, 253084310.00 ns, 2.8733 ns/op
WorkloadActual   7: 88080384 op, 249771061.00 ns, 2.8357 ns/op
WorkloadActual   8: 88080384 op, 249865853.00 ns, 2.8368 ns/op
WorkloadActual   9: 88080384 op, 249712446.00 ns, 2.8351 ns/op
WorkloadActual  10: 88080384 op, 250315937.00 ns, 2.8419 ns/op
WorkloadActual  11: 88080384 op, 259178218.00 ns, 2.9425 ns/op
WorkloadActual  12: 88080384 op, 249772322.00 ns, 2.8357 ns/op

// AfterActualRun
WorkloadResult   1: 88080384 op, 249890294.00 ns, 2.8371 ns/op
WorkloadResult   2: 88080384 op, 249733549.00 ns, 2.8353 ns/op
WorkloadResult   3: 88080384 op, 249859274.00 ns, 2.8367 ns/op
WorkloadResult   4: 88080384 op, 249838141.00 ns, 2.8365 ns/op
WorkloadResult   5: 88080384 op, 249769244.00 ns, 2.8357 ns/op
WorkloadResult   6: 88080384 op, 249864036.00 ns, 2.8368 ns/op
WorkloadResult   7: 88080384 op, 249710629.00 ns, 2.8350 ns/op
WorkloadResult   8: 88080384 op, 250314120.00 ns, 2.8419 ns/op
WorkloadResult   9: 88080384 op, 249770505.00 ns, 2.8357 ns/op
// GC:  0 0 0 0 88080384
// Threading:  0 0 88080384

// AfterAll
// Benchmark Process 240 has exited with code 0.

Mean = 2.837 ns, StdErr = 0.001 ns (0.02%), N = 9, StdDev = 0.002 ns
Min = 2.835 ns, Q1 = 2.836 ns, Median = 2.836 ns, Q3 = 2.837 ns, Max = 2.842 ns
IQR = 0.001 ns, LowerFence = 2.834 ns, UpperFence = 2.838 ns
ConfidenceInterval = [2.833 ns; 2.840 ns] (CI 99.9%), Margin = 0.003 ns (0.12% of Mean)
Skewness = 1.61, Kurtosis = 4.45, MValue = 2

// ** Remained 48 (88.9 %) benchmark(s) to run. Estimated finish 2026-09-09 10:22 (0h 10m from now) **
// **************************
// Benchmark: ConsumerBenchmarks<SumConsumer>.InterpreterSingle: JitCore4(IterationCount=12, IterationTime=250ms, WarmupCount=16) [Pattern=Random]
// *** Execute ***
// Launch: 1 / 1
// Execute: dotnet ConsumerFusion-JitCore4-1.dll --anonymousPipes 116 117 --benchmarkName "Tl.ConsumerFusion.ConsumerBenchmarks<SumConsumer>.InterpreterSingle(Pattern: Random)" --job JitCore4 --benchmarkId 6 in /home/i/Work/tl-consumer-fusion/benchmarks/ConsumerFusion/bin/Release/net10.0/ConsumerFusion-JitCore4-1/bin/Release/net10.0
// Failed to set up high priority (Permission denied). In order to run benchmarks with high priority, make sure you have the right permissions.
// BeforeAnythingElse

// Benchmark Process Environment Information:
// BenchmarkDotNet v0.15.8
// Runtime=.NET 10.0.11 (10.0.11, 10.0.1126.37416), X64 RyuJIT x86-64-v3
// GC=Concurrent Workstation
// HardwareIntrinsics=AVX2+BMI1+BMI2+F16C+FMA+LZCNT+MOVBE,AVX,SSE3+SSSE3+SSE4.1+SSE4.2+POPCNT,X86Base+SSE+SSE2,AES+PCLMUL,AvxVnni,SERIALIZE VectorSize=256
// Job: JitCore4(IterationCount=12, IterationTime=250ms, WarmupCount=16)

Generated source SHA-256: 7bdbf05933e474d7a938b65943dea9904c38e119da36a57eeee6037572f9e30f
Consumer source SHA-256: b6d3bebc1792904814ea060ef98da24a1bb83a7902917f967347d44ba9cc4197
SumConsumer/Random: ConsumerReceipt { Playback = Playback { Tick = 116, Cycles = 61434, Flags = Started }, SumBits = 1229261697, TrackOffsets = 0, Enters = 0, Stays = 0, Exits = 0, Callbacks = 0, Audit = 0 }
Preparation receipt: 4012310179008
OverheadJitting  1: 65536 op, 104784.00 ns, 1.5989 ns/op
WorkloadJitting  1: 65536 op, 1490323.00 ns, 22.7405 ns/op

OverheadJitting  2: 1048576 op, 116659.00 ns, 0.1113 ns/op
WorkloadJitting  2: 1048576 op, 21266364.00 ns, 20.2812 ns/op

WorkloadPilot    1: 1048576 op, 21143930.00 ns, 20.1644 ns/op
WorkloadPilot    2: 12582912 op, 253267621.00 ns, 20.1279 ns/op

OverheadWarmup   1: 12582912 op, 653.00 ns, 0.0001 ns/op
OverheadWarmup   2: 12582912 op, 396.00 ns, 0.0000 ns/op
OverheadWarmup   3: 12582912 op, 383.00 ns, 0.0000 ns/op
OverheadWarmup   4: 12582912 op, 363.00 ns, 0.0000 ns/op
OverheadWarmup   5: 12582912 op, 449.00 ns, 0.0000 ns/op
OverheadWarmup   6: 12582912 op, 399.00 ns, 0.0000 ns/op
OverheadWarmup   7: 12582912 op, 412.00 ns, 0.0000 ns/op
OverheadWarmup   8: 12582912 op, 397.00 ns, 0.0000 ns/op

OverheadActual   1: 12582912 op, 540.00 ns, 0.0000 ns/op
OverheadActual   2: 12582912 op, 529.00 ns, 0.0000 ns/op
OverheadActual   3: 12582912 op, 574.00 ns, 0.0000 ns/op
OverheadActual   4: 12582912 op, 440.00 ns, 0.0000 ns/op
OverheadActual   5: 12582912 op, 552.00 ns, 0.0000 ns/op
OverheadActual   6: 12582912 op, 370.00 ns, 0.0000 ns/op
OverheadActual   7: 12582912 op, 359.00 ns, 0.0000 ns/op
OverheadActual   8: 12582912 op, 406.00 ns, 0.0000 ns/op
OverheadActual   9: 12582912 op, 361.00 ns, 0.0000 ns/op
OverheadActual  10: 12582912 op, 360.00 ns, 0.0000 ns/op
OverheadActual  11: 12582912 op, 400.00 ns, 0.0000 ns/op
OverheadActual  12: 12582912 op, 406.00 ns, 0.0000 ns/op
OverheadActual  13: 12582912 op, 421.00 ns, 0.0000 ns/op
OverheadActual  14: 12582912 op, 389.00 ns, 0.0000 ns/op
OverheadActual  15: 12582912 op, 410.00 ns, 0.0000 ns/op
OverheadActual  16: 12582912 op, 421.00 ns, 0.0000 ns/op
OverheadActual  17: 12582912 op, 412.00 ns, 0.0000 ns/op
OverheadActual  18: 12582912 op, 488.00 ns, 0.0000 ns/op
OverheadActual  19: 12582912 op, 444.00 ns, 0.0000 ns/op
OverheadActual  20: 12582912 op, 426.00 ns, 0.0000 ns/op

WorkloadWarmup   1: 12582912 op, 254668401.00 ns, 20.2392 ns/op
WorkloadWarmup   2: 12582912 op, 254157222.00 ns, 20.1986 ns/op
WorkloadWarmup   3: 12582912 op, 254429238.00 ns, 20.2202 ns/op
WorkloadWarmup   4: 12582912 op, 254404420.00 ns, 20.2182 ns/op
WorkloadWarmup   5: 12582912 op, 254350350.00 ns, 20.2139 ns/op
WorkloadWarmup   6: 12582912 op, 254269674.00 ns, 20.2075 ns/op
WorkloadWarmup   7: 12582912 op, 293724442.00 ns, 23.3431 ns/op
WorkloadWarmup   8: 12582912 op, 253093046.00 ns, 20.1140 ns/op
WorkloadWarmup   9: 12582912 op, 254859530.00 ns, 20.2544 ns/op
WorkloadWarmup  10: 12582912 op, 253802798.00 ns, 20.1704 ns/op
WorkloadWarmup  11: 12582912 op, 253322669.00 ns, 20.1323 ns/op
WorkloadWarmup  12: 12582912 op, 254440301.00 ns, 20.2211 ns/op
WorkloadWarmup  13: 12582912 op, 254035292.00 ns, 20.1889 ns/op
WorkloadWarmup  14: 12582912 op, 255120154.00 ns, 20.2751 ns/op
WorkloadWarmup  15: 12582912 op, 261500546.00 ns, 20.7822 ns/op
WorkloadWarmup  16: 12582912 op, 255360260.00 ns, 20.2942 ns/op

// BeforeActualRun
WorkloadActual   1: 12582912 op, 254365433.00 ns, 20.2151 ns/op
WorkloadActual   2: 12582912 op, 254609925.00 ns, 20.2346 ns/op
WorkloadActual   3: 12582912 op, 253954390.00 ns, 20.1825 ns/op
WorkloadActual   4: 12582912 op, 254867445.00 ns, 20.2550 ns/op
WorkloadActual   5: 12582912 op, 253702014.00 ns, 20.1624 ns/op
WorkloadActual   6: 12582912 op, 253953620.00 ns, 20.1824 ns/op
WorkloadActual   7: 12582912 op, 253718313.00 ns, 20.1637 ns/op
WorkloadActual   8: 12582912 op, 270009881.00 ns, 21.4585 ns/op
WorkloadActual   9: 12582912 op, 254100481.00 ns, 20.1941 ns/op
WorkloadActual  10: 12582912 op, 254436898.00 ns, 20.2208 ns/op
WorkloadActual  11: 12582912 op, 254132733.00 ns, 20.1967 ns/op
WorkloadActual  12: 12582912 op, 254412198.00 ns, 20.2189 ns/op

// AfterActualRun
WorkloadResult   1: 12582912 op, 254365016.50 ns, 20.2151 ns/op
WorkloadResult   2: 12582912 op, 254609508.50 ns, 20.2345 ns/op
WorkloadResult   3: 12582912 op, 253953973.50 ns, 20.1824 ns/op
WorkloadResult   4: 12582912 op, 254867028.50 ns, 20.2550 ns/op
WorkloadResult   5: 12582912 op, 253701597.50 ns, 20.1624 ns/op
WorkloadResult   6: 12582912 op, 253953203.50 ns, 20.1824 ns/op
WorkloadResult   7: 12582912 op, 253717896.50 ns, 20.1637 ns/op
WorkloadResult   8: 12582912 op, 254100064.50 ns, 20.1941 ns/op
WorkloadResult   9: 12582912 op, 254436481.50 ns, 20.2208 ns/op
WorkloadResult  10: 12582912 op, 254132316.50 ns, 20.1966 ns/op
WorkloadResult  11: 12582912 op, 254411781.50 ns, 20.2188 ns/op
// GC:  0 0 0 0 12582912
// Threading:  0 0 12582912

// AfterAll
// Benchmark Process 249 has exited with code 0.

Mean = 20.202 ns, StdErr = 0.009 ns (0.04%), N = 11, StdDev = 0.029 ns
Min = 20.162 ns, Q1 = 20.182 ns, Median = 20.197 ns, Q3 = 20.220 ns, Max = 20.255 ns
IQR = 0.037 ns, LowerFence = 20.126 ns, UpperFence = 20.276 ns
ConfidenceInterval = [20.162 ns; 20.243 ns] (CI 99.9%), Margin = 0.040 ns (0.20% of Mean)
Skewness = 0.2, Kurtosis = 1.74, MValue = 2

// ** Remained 47 (87.0 %) benchmark(s) to run. Estimated finish 2026-09-09 10:22 (0h 10m from now) **
// **************************
// Benchmark: ConsumerBenchmarks<SumConsumer>.CompiledSingle: JitCore4(IterationCount=12, IterationTime=250ms, WarmupCount=16) [Pattern=Random]
// *** Execute ***
// Launch: 1 / 1
// Execute: dotnet ConsumerFusion-JitCore4-1.dll --anonymousPipes 118 119 --benchmarkName "Tl.ConsumerFusion.ConsumerBenchmarks<SumConsumer>.CompiledSingle(Pattern: Random)" --job JitCore4 --benchmarkId 7 in /home/i/Work/tl-consumer-fusion/benchmarks/ConsumerFusion/bin/Release/net10.0/ConsumerFusion-JitCore4-1/bin/Release/net10.0
// Failed to set up high priority (Permission denied). In order to run benchmarks with high priority, make sure you have the right permissions.
// BeforeAnythingElse

// Benchmark Process Environment Information:
// BenchmarkDotNet v0.15.8
// Runtime=.NET 10.0.11 (10.0.11, 10.0.1126.37416), X64 RyuJIT x86-64-v3
// GC=Concurrent Workstation
// HardwareIntrinsics=AVX2+BMI1+BMI2+F16C+FMA+LZCNT+MOVBE,AVX,SSE3+SSSE3+SSE4.1+SSE4.2+POPCNT,X86Base+SSE+SSE2,AES+PCLMUL,AvxVnni,SERIALIZE VectorSize=256
// Job: JitCore4(IterationCount=12, IterationTime=250ms, WarmupCount=16)

Generated source SHA-256: 7bdbf05933e474d7a938b65943dea9904c38e119da36a57eeee6037572f9e30f
Consumer source SHA-256: b6d3bebc1792904814ea060ef98da24a1bb83a7902917f967347d44ba9cc4197
SumConsumer/Random: ConsumerReceipt { Playback = Playback { Tick = 116, Cycles = 61434, Flags = Started }, SumBits = 1229261697, TrackOffsets = 0, Enters = 0, Stays = 0, Exits = 0, Callbacks = 0, Audit = 0 }
Preparation receipt: 3945930047370
OverheadJitting  1: 65536 op, 96450.00 ns, 1.4717 ns/op
WorkloadJitting  1: 65536 op, 1721736.00 ns, 26.2716 ns/op

OverheadJitting  2: 1048576 op, 114887.00 ns, 0.1096 ns/op
WorkloadJitting  2: 1048576 op, 24785579.00 ns, 23.6374 ns/op

WorkloadPilot    1: 1048576 op, 24649145.00 ns, 23.5073 ns/op
WorkloadPilot    2: 11534336 op, 270673853.00 ns, 23.4668 ns/op

OverheadWarmup   1: 11534336 op, 659.00 ns, 0.0001 ns/op
OverheadWarmup   2: 11534336 op, 320.00 ns, 0.0000 ns/op
OverheadWarmup   3: 11534336 op, 285.00 ns, 0.0000 ns/op
OverheadWarmup   4: 11534336 op, 272.00 ns, 0.0000 ns/op
OverheadWarmup   5: 11534336 op, 337.00 ns, 0.0000 ns/op
OverheadWarmup   6: 11534336 op, 328.00 ns, 0.0000 ns/op
OverheadWarmup   7: 11534336 op, 335.00 ns, 0.0000 ns/op
OverheadWarmup   8: 11534336 op, 330.00 ns, 0.0000 ns/op

OverheadActual   1: 11534336 op, 489.00 ns, 0.0000 ns/op
OverheadActual   2: 11534336 op, 503.00 ns, 0.0000 ns/op
OverheadActual   3: 11534336 op, 514.00 ns, 0.0000 ns/op
OverheadActual   4: 11534336 op, 416.00 ns, 0.0000 ns/op
OverheadActual   5: 11534336 op, 496.00 ns, 0.0000 ns/op
OverheadActual   6: 11534336 op, 308.00 ns, 0.0000 ns/op
OverheadActual   7: 11534336 op, 305.00 ns, 0.0000 ns/op
OverheadActual   8: 11534336 op, 290.00 ns, 0.0000 ns/op
OverheadActual   9: 11534336 op, 276.00 ns, 0.0000 ns/op
OverheadActual  10: 11534336 op, 278.00 ns, 0.0000 ns/op
OverheadActual  11: 11534336 op, 327.00 ns, 0.0000 ns/op
OverheadActual  12: 11534336 op, 335.00 ns, 0.0000 ns/op
OverheadActual  13: 11534336 op, 337.00 ns, 0.0000 ns/op
OverheadActual  14: 11534336 op, 311.00 ns, 0.0000 ns/op
OverheadActual  15: 11534336 op, 318.00 ns, 0.0000 ns/op
OverheadActual  16: 11534336 op, 329.00 ns, 0.0000 ns/op
OverheadActual  17: 11534336 op, 338.00 ns, 0.0000 ns/op
OverheadActual  18: 11534336 op, 490.00 ns, 0.0000 ns/op
OverheadActual  19: 11534336 op, 342.00 ns, 0.0000 ns/op
OverheadActual  20: 11534336 op, 328.00 ns, 0.0000 ns/op

WorkloadWarmup   1: 11534336 op, 270916865.00 ns, 23.4879 ns/op
WorkloadWarmup   2: 11534336 op, 271309838.00 ns, 23.5219 ns/op
WorkloadWarmup   3: 11534336 op, 271045976.00 ns, 23.4991 ns/op
WorkloadWarmup   4: 11534336 op, 271228075.00 ns, 23.5148 ns/op
WorkloadWarmup   5: 11534336 op, 270978214.00 ns, 23.4932 ns/op
WorkloadWarmup   6: 11534336 op, 271117858.00 ns, 23.5053 ns/op
WorkloadWarmup   7: 11534336 op, 310588382.00 ns, 26.9273 ns/op
WorkloadWarmup   8: 11534336 op, 271369433.00 ns, 23.5271 ns/op
WorkloadWarmup   9: 11534336 op, 271377810.00 ns, 23.5278 ns/op
WorkloadWarmup  10: 11534336 op, 270990843.00 ns, 23.4943 ns/op
WorkloadWarmup  11: 11534336 op, 271304232.00 ns, 23.5214 ns/op
WorkloadWarmup  12: 11534336 op, 271157991.00 ns, 23.5088 ns/op
WorkloadWarmup  13: 11534336 op, 271081067.00 ns, 23.5021 ns/op
WorkloadWarmup  14: 11534336 op, 270892012.00 ns, 23.4857 ns/op
WorkloadWarmup  15: 11534336 op, 278423250.00 ns, 24.1386 ns/op
WorkloadWarmup  16: 11534336 op, 271219110.00 ns, 23.5141 ns/op

// BeforeActualRun
WorkloadActual   1: 11534336 op, 271670779.00 ns, 23.5532 ns/op
WorkloadActual   2: 11534336 op, 271196315.00 ns, 23.5121 ns/op
WorkloadActual   3: 11534336 op, 271367047.00 ns, 23.5269 ns/op
WorkloadActual   4: 11534336 op, 271421576.00 ns, 23.5316 ns/op
WorkloadActual   5: 11534336 op, 271652435.00 ns, 23.5516 ns/op
WorkloadActual   6: 11534336 op, 271189899.00 ns, 23.5115 ns/op
WorkloadActual   7: 11534336 op, 271359942.00 ns, 23.5263 ns/op
WorkloadActual   8: 11534336 op, 286314429.00 ns, 24.8228 ns/op
WorkloadActual   9: 11534336 op, 271190396.00 ns, 23.5116 ns/op
WorkloadActual  10: 11534336 op, 271534755.00 ns, 23.5414 ns/op
WorkloadActual  11: 11534336 op, 272342318.00 ns, 23.6114 ns/op
WorkloadActual  12: 11534336 op, 270948215.00 ns, 23.4906 ns/op

// AfterActualRun
WorkloadResult   1: 11534336 op, 271670447.00 ns, 23.5532 ns/op
WorkloadResult   2: 11534336 op, 271195983.00 ns, 23.5121 ns/op
WorkloadResult   3: 11534336 op, 271366715.00 ns, 23.5269 ns/op
WorkloadResult   4: 11534336 op, 271421244.00 ns, 23.5316 ns/op
WorkloadResult   5: 11534336 op, 271652103.00 ns, 23.5516 ns/op
WorkloadResult   6: 11534336 op, 271189567.00 ns, 23.5115 ns/op
WorkloadResult   7: 11534336 op, 271359610.00 ns, 23.5262 ns/op
WorkloadResult   8: 11534336 op, 271190064.00 ns, 23.5115 ns/op
WorkloadResult   9: 11534336 op, 271534423.00 ns, 23.5414 ns/op
WorkloadResult  10: 11534336 op, 272341986.00 ns, 23.6114 ns/op
WorkloadResult  11: 11534336 op, 270947883.00 ns, 23.4905 ns/op
// GC:  0 0 0 0 11534336
// Threading:  0 0 11534336

// AfterAll
// Benchmark Process 257 has exited with code 0.

Mean = 23.533 ns, StdErr = 0.010 ns (0.04%), N = 11, StdDev = 0.032 ns
Min = 23.491 ns, Q1 = 23.512 ns, Median = 23.527 ns, Q3 = 23.547 ns, Max = 23.611 ns
IQR = 0.035 ns, LowerFence = 23.460 ns, UpperFence = 23.599 ns
ConfidenceInterval = [23.489 ns; 23.578 ns] (CI 99.9%), Margin = 0.044 ns (0.19% of Mean)
Skewness = 1.05, Kurtosis = 3.59, MValue = 2

// ** Remained 46 (85.2 %) benchmark(s) to run. Estimated finish 2026-09-09 10:22 (0h 9m from now) **
// **************************
// Benchmark: ConsumerBenchmarks<SumConsumer>.FusedSingle: JitCore4(IterationCount=12, IterationTime=250ms, WarmupCount=16) [Pattern=Random]
// *** Execute ***
// Launch: 1 / 1
// Execute: dotnet ConsumerFusion-JitCore4-1.dll --anonymousPipes 116 117 --benchmarkName "Tl.ConsumerFusion.ConsumerBenchmarks<SumConsumer>.FusedSingle(Pattern: Random)" --job JitCore4 --benchmarkId 8 in /home/i/Work/tl-consumer-fusion/benchmarks/ConsumerFusion/bin/Release/net10.0/ConsumerFusion-JitCore4-1/bin/Release/net10.0
// Failed to set up high priority (Permission denied). In order to run benchmarks with high priority, make sure you have the right permissions.
// BeforeAnythingElse

// Benchmark Process Environment Information:
// BenchmarkDotNet v0.15.8
// Runtime=.NET 10.0.11 (10.0.11, 10.0.1126.37416), X64 RyuJIT x86-64-v3
// GC=Concurrent Workstation
// HardwareIntrinsics=AVX2+BMI1+BMI2+F16C+FMA+LZCNT+MOVBE,AVX,SSE3+SSSE3+SSE4.1+SSE4.2+POPCNT,X86Base+SSE+SSE2,AES+PCLMUL,AvxVnni,SERIALIZE VectorSize=256
// Job: JitCore4(IterationCount=12, IterationTime=250ms, WarmupCount=16)

Generated source SHA-256: 7bdbf05933e474d7a938b65943dea9904c38e119da36a57eeee6037572f9e30f
Consumer source SHA-256: b6d3bebc1792904814ea060ef98da24a1bb83a7902917f967347d44ba9cc4197
SumConsumer/Random: ConsumerReceipt { Playback = Playback { Tick = 116, Cycles = 61434, Flags = Started }, SumBits = 1229261697, TrackOffsets = 0, Enters = 0, Stays = 0, Exits = 0, Callbacks = 0, Audit = 0 }
Preparation receipt: 3813169784094
OverheadJitting  1: 65536 op, 97180.00 ns, 1.4828 ns/op
WorkloadJitting  1: 65536 op, 723546.00 ns, 11.0404 ns/op

OverheadJitting  2: 1048576 op, 112990.00 ns, 0.1078 ns/op
WorkloadJitting  2: 1048576 op, 9200027.00 ns, 8.7738 ns/op

WorkloadPilot    1: 1048576 op, 9218064.00 ns, 8.7910 ns/op
WorkloadPilot    2: 29360128 op, 246033030.00 ns, 8.3798 ns/op
WorkloadPilot    3: 30408704 op, 255759154.00 ns, 8.4107 ns/op

OverheadWarmup   1: 30408704 op, 1068.00 ns, 0.0000 ns/op
OverheadWarmup   2: 30408704 op, 813.00 ns, 0.0000 ns/op
OverheadWarmup   3: 30408704 op, 763.00 ns, 0.0000 ns/op
OverheadWarmup   4: 30408704 op, 761.00 ns, 0.0000 ns/op
OverheadWarmup   5: 30408704 op, 815.00 ns, 0.0000 ns/op
OverheadWarmup   6: 30408704 op, 799.00 ns, 0.0000 ns/op
OverheadWarmup   7: 30408704 op, 775.00 ns, 0.0000 ns/op
OverheadWarmup   8: 30408704 op, 776.00 ns, 0.0000 ns/op
OverheadWarmup   9: 30408704 op, 777.00 ns, 0.0000 ns/op
OverheadWarmup  10: 30408704 op, 769.00 ns, 0.0000 ns/op

OverheadActual   1: 30408704 op, 938.00 ns, 0.0000 ns/op
OverheadActual   2: 30408704 op, 954.00 ns, 0.0000 ns/op
OverheadActual   3: 30408704 op, 979.00 ns, 0.0000 ns/op
OverheadActual   4: 30408704 op, 873.00 ns, 0.0000 ns/op
OverheadActual   5: 30408704 op, 927.00 ns, 0.0000 ns/op
OverheadActual   6: 30408704 op, 759.00 ns, 0.0000 ns/op
OverheadActual   7: 30408704 op, 754.00 ns, 0.0000 ns/op
OverheadActual   8: 30408704 op, 753.00 ns, 0.0000 ns/op
OverheadActual   9: 30408704 op, 755.00 ns, 0.0000 ns/op
OverheadActual  10: 30408704 op, 767.00 ns, 0.0000 ns/op
OverheadActual  11: 30408704 op, 753.00 ns, 0.0000 ns/op
OverheadActual  12: 30408704 op, 750.00 ns, 0.0000 ns/op
OverheadActual  13: 30408704 op, 800.00 ns, 0.0000 ns/op
OverheadActual  14: 30408704 op, 781.00 ns, 0.0000 ns/op
OverheadActual  15: 30408704 op, 784.00 ns, 0.0000 ns/op
OverheadActual  16: 30408704 op, 779.00 ns, 0.0000 ns/op
OverheadActual  17: 30408704 op, 783.00 ns, 0.0000 ns/op
OverheadActual  18: 30408704 op, 943.00 ns, 0.0000 ns/op
OverheadActual  19: 30408704 op, 805.00 ns, 0.0000 ns/op
OverheadActual  20: 30408704 op, 787.00 ns, 0.0000 ns/op

WorkloadWarmup   1: 30408704 op, 255388653.00 ns, 8.3985 ns/op
WorkloadWarmup   2: 30408704 op, 254770944.00 ns, 8.3782 ns/op
WorkloadWarmup   3: 30408704 op, 255739768.00 ns, 8.4101 ns/op
WorkloadWarmup   4: 30408704 op, 255388106.00 ns, 8.3985 ns/op
WorkloadWarmup   5: 30408704 op, 254991872.00 ns, 8.3855 ns/op
WorkloadWarmup   6: 30408704 op, 299039833.00 ns, 9.8340 ns/op
WorkloadWarmup   7: 30408704 op, 255996374.00 ns, 8.4185 ns/op
WorkloadWarmup   8: 30408704 op, 255275874.00 ns, 8.3948 ns/op
WorkloadWarmup   9: 30408704 op, 255068758.00 ns, 8.3880 ns/op
WorkloadWarmup  10: 30408704 op, 255361774.00 ns, 8.3977 ns/op
WorkloadWarmup  11: 30408704 op, 255523113.00 ns, 8.4030 ns/op
WorkloadWarmup  12: 30408704 op, 255323170.00 ns, 8.3964 ns/op
WorkloadWarmup  13: 30408704 op, 255913808.00 ns, 8.4158 ns/op
WorkloadWarmup  14: 30408704 op, 263509981.00 ns, 8.6656 ns/op
WorkloadWarmup  15: 30408704 op, 257627823.00 ns, 8.4722 ns/op
WorkloadWarmup  16: 30408704 op, 257735638.00 ns, 8.4757 ns/op

// BeforeActualRun
WorkloadActual   1: 30408704 op, 254108501.00 ns, 8.3564 ns/op
WorkloadActual   2: 30408704 op, 254684088.00 ns, 8.3754 ns/op
WorkloadActual   3: 30408704 op, 255205193.00 ns, 8.3925 ns/op
WorkloadActual   4: 30408704 op, 255139071.00 ns, 8.3903 ns/op
WorkloadActual   5: 30408704 op, 254296956.00 ns, 8.3626 ns/op
WorkloadActual   6: 30408704 op, 254700818.00 ns, 8.3759 ns/op
WorkloadActual   7: 30408704 op, 254994034.00 ns, 8.3856 ns/op
WorkloadActual   8: 30408704 op, 271792610.00 ns, 8.9380 ns/op
WorkloadActual   9: 30408704 op, 258314115.00 ns, 8.4947 ns/op
WorkloadActual  10: 30408704 op, 255387149.00 ns, 8.3985 ns/op
WorkloadActual  11: 30408704 op, 255011400.00 ns, 8.3861 ns/op
WorkloadActual  12: 30408704 op, 253973645.00 ns, 8.3520 ns/op

// AfterActualRun
WorkloadResult   1: 30408704 op, 254107717.50 ns, 8.3564 ns/op
WorkloadResult   2: 30408704 op, 254683304.50 ns, 8.3753 ns/op
WorkloadResult   3: 30408704 op, 255204409.50 ns, 8.3925 ns/op
WorkloadResult   4: 30408704 op, 255138287.50 ns, 8.3903 ns/op
WorkloadResult   5: 30408704 op, 254296172.50 ns, 8.3626 ns/op
WorkloadResult   6: 30408704 op, 254700034.50 ns, 8.3759 ns/op
WorkloadResult   7: 30408704 op, 254993250.50 ns, 8.3855 ns/op
WorkloadResult   8: 30408704 op, 255386365.50 ns, 8.3985 ns/op
WorkloadResult   9: 30408704 op, 255010616.50 ns, 8.3861 ns/op
WorkloadResult  10: 30408704 op, 253972861.50 ns, 8.3520 ns/op
// GC:  0 0 0 0 30408704
// Threading:  0 0 30408704

// AfterAll
// Benchmark Process 265 has exited with code 0.

Mean = 8.378 ns, StdErr = 0.005 ns (0.06%), N = 10, StdDev = 0.016 ns
Min = 8.352 ns, Q1 = 8.366 ns, Median = 8.381 ns, Q3 = 8.389 ns, Max = 8.398 ns
IQR = 0.023 ns, LowerFence = 8.331 ns, UpperFence = 8.424 ns
ConfidenceInterval = [8.353 ns; 8.402 ns] (CI 99.9%), Margin = 0.024 ns (0.29% of Mean)
Skewness = -0.33, Kurtosis = 1.47, MValue = 2

// ** Remained 45 (83.3 %) benchmark(s) to run. Estimated finish 2026-09-09 10:22 (0h 9m from now) **
// **************************
// Benchmark: ConsumerBenchmarks<SumConsumer>.InterpreterBatch8: JitCore4(IterationCount=12, IterationTime=250ms, WarmupCount=16) [Pattern=Random]
// *** Execute ***
// Launch: 1 / 1
// Execute: dotnet ConsumerFusion-JitCore4-1.dll --anonymousPipes 116 117 --benchmarkName "Tl.ConsumerFusion.ConsumerBenchmarks<SumConsumer>.InterpreterBatch8(Pattern: Random)" --job JitCore4 --benchmarkId 9 in /home/i/Work/tl-consumer-fusion/benchmarks/ConsumerFusion/bin/Release/net10.0/ConsumerFusion-JitCore4-1/bin/Release/net10.0
// Failed to set up high priority (Permission denied). In order to run benchmarks with high priority, make sure you have the right permissions.
// BeforeAnythingElse

// Benchmark Process Environment Information:
// BenchmarkDotNet v0.15.8
// Runtime=.NET 10.0.11 (10.0.11, 10.0.1126.37416), X64 RyuJIT x86-64-v3
// GC=Concurrent Workstation
// HardwareIntrinsics=AVX2+BMI1+BMI2+F16C+FMA+LZCNT+MOVBE,AVX,SSE3+SSSE3+SSE4.1+SSE4.2+POPCNT,X86Base+SSE+SSE2,AES+PCLMUL,AvxVnni,SERIALIZE VectorSize=256
// Job: JitCore4(IterationCount=12, IterationTime=250ms, WarmupCount=16)

Generated source SHA-256: 7bdbf05933e474d7a938b65943dea9904c38e119da36a57eeee6037572f9e30f
Consumer source SHA-256: b6d3bebc1792904814ea060ef98da24a1bb83a7902917f967347d44ba9cc4197
SumConsumer/Random: ConsumerReceipt { Playback = Playback { Tick = 116, Cycles = 61434, Flags = Started }, SumBits = 1229261697, TrackOffsets = 0, Enters = 0, Stays = 0, Exits = 0, Callbacks = 0, Audit = 0 }
Preparation receipt: 3960681187734
OverheadJitting  1: 65536 op, 100686.00 ns, 1.5363 ns/op
WorkloadJitting  1: 65536 op, 1295421.00 ns, 19.7666 ns/op

OverheadJitting  2: 1048576 op, 116518.00 ns, 0.1111 ns/op
WorkloadJitting  2: 1048576 op, 18612646.00 ns, 17.7504 ns/op

WorkloadPilot    1: 1048576 op, 18334935.00 ns, 17.4856 ns/op
WorkloadPilot    2: 14680064 op, 256259251.00 ns, 17.4563 ns/op

OverheadWarmup   1: 14680064 op, 681.00 ns, 0.0000 ns/op
OverheadWarmup   2: 14680064 op, 375.00 ns, 0.0000 ns/op
OverheadWarmup   3: 14680064 op, 367.00 ns, 0.0000 ns/op
OverheadWarmup   4: 14680064 op, 349.00 ns, 0.0000 ns/op
OverheadWarmup   5: 14680064 op, 426.00 ns, 0.0000 ns/op
OverheadWarmup   6: 14680064 op, 377.00 ns, 0.0000 ns/op
OverheadWarmup   7: 14680064 op, 383.00 ns, 0.0000 ns/op
OverheadWarmup   8: 14680064 op, 383.00 ns, 0.0000 ns/op

OverheadActual   1: 14680064 op, 591.00 ns, 0.0000 ns/op
OverheadActual   2: 14680064 op, 602.00 ns, 0.0000 ns/op
OverheadActual   3: 14680064 op, 598.00 ns, 0.0000 ns/op
OverheadActual   4: 14680064 op, 518.00 ns, 0.0000 ns/op
OverheadActual   5: 14680064 op, 589.00 ns, 0.0000 ns/op
OverheadActual   6: 14680064 op, 372.00 ns, 0.0000 ns/op
OverheadActual   7: 14680064 op, 356.00 ns, 0.0000 ns/op
OverheadActual   8: 14680064 op, 344.00 ns, 0.0000 ns/op
OverheadActual   9: 14680064 op, 358.00 ns, 0.0000 ns/op
OverheadActual  10: 14680064 op, 367.00 ns, 0.0000 ns/op
OverheadActual  11: 14680064 op, 394.00 ns, 0.0000 ns/op
OverheadActual  12: 14680064 op, 369.00 ns, 0.0000 ns/op
OverheadActual  13: 14680064 op, 387.00 ns, 0.0000 ns/op
OverheadActual  14: 14680064 op, 387.00 ns, 0.0000 ns/op
OverheadActual  15: 14680064 op, 402.00 ns, 0.0000 ns/op
OverheadActual  16: 14680064 op, 417.00 ns, 0.0000 ns/op
OverheadActual  17: 14680064 op, 407.00 ns, 0.0000 ns/op
OverheadActual  18: 14680064 op, 596.00 ns, 0.0000 ns/op
OverheadActual  19: 14680064 op, 417.00 ns, 0.0000 ns/op
OverheadActual  20: 14680064 op, 415.00 ns, 0.0000 ns/op

WorkloadWarmup   1: 14680064 op, 256659405.00 ns, 17.4835 ns/op
WorkloadWarmup   2: 14680064 op, 255789504.00 ns, 17.4243 ns/op
WorkloadWarmup   3: 14680064 op, 255599682.00 ns, 17.4113 ns/op
WorkloadWarmup   4: 14680064 op, 255452404.00 ns, 17.4013 ns/op
WorkloadWarmup   5: 14680064 op, 255736898.00 ns, 17.4207 ns/op
WorkloadWarmup   6: 14680064 op, 255744910.00 ns, 17.4212 ns/op
WorkloadWarmup   7: 14680064 op, 299236750.00 ns, 20.3839 ns/op
WorkloadWarmup   8: 14680064 op, 256324796.00 ns, 17.4607 ns/op
WorkloadWarmup   9: 14680064 op, 255926178.00 ns, 17.4336 ns/op
WorkloadWarmup  10: 14680064 op, 255543874.00 ns, 17.4075 ns/op
WorkloadWarmup  11: 14680064 op, 255444645.00 ns, 17.4008 ns/op
WorkloadWarmup  12: 14680064 op, 255801547.00 ns, 17.4251 ns/op
WorkloadWarmup  13: 14680064 op, 255649577.00 ns, 17.4147 ns/op
WorkloadWarmup  14: 14680064 op, 255169007.00 ns, 17.3820 ns/op
WorkloadWarmup  15: 14680064 op, 262398396.00 ns, 17.8745 ns/op
WorkloadWarmup  16: 14680064 op, 255907844.00 ns, 17.4323 ns/op

// BeforeActualRun
WorkloadActual   1: 14680064 op, 255945932.00 ns, 17.4349 ns/op
WorkloadActual   2: 14680064 op, 255309047.00 ns, 17.3915 ns/op
WorkloadActual   3: 14680064 op, 256246538.00 ns, 17.4554 ns/op
WorkloadActual   4: 14680064 op, 255631978.00 ns, 17.4135 ns/op
WorkloadActual   5: 14680064 op, 255713901.00 ns, 17.4191 ns/op
WorkloadActual   6: 14680064 op, 255484244.00 ns, 17.4035 ns/op
WorkloadActual   7: 14680064 op, 255784178.00 ns, 17.4239 ns/op
WorkloadActual   8: 14680064 op, 271663337.00 ns, 18.5056 ns/op
WorkloadActual   9: 14680064 op, 255343265.00 ns, 17.3939 ns/op
WorkloadActual  10: 14680064 op, 256062208.00 ns, 17.4429 ns/op
WorkloadActual  11: 14680064 op, 255513909.00 ns, 17.4055 ns/op
WorkloadActual  12: 14680064 op, 255616805.00 ns, 17.4125 ns/op

// AfterActualRun
WorkloadResult   1: 14680064 op, 255945527.50 ns, 17.4349 ns/op
WorkloadResult   2: 14680064 op, 255308642.50 ns, 17.3915 ns/op
WorkloadResult   3: 14680064 op, 256246133.50 ns, 17.4554 ns/op
WorkloadResult   4: 14680064 op, 255631573.50 ns, 17.4135 ns/op
WorkloadResult   5: 14680064 op, 255713496.50 ns, 17.4191 ns/op
WorkloadResult   6: 14680064 op, 255483839.50 ns, 17.4035 ns/op
WorkloadResult   7: 14680064 op, 255783773.50 ns, 17.4239 ns/op
WorkloadResult   8: 14680064 op, 255342860.50 ns, 17.3939 ns/op
WorkloadResult   9: 14680064 op, 256061803.50 ns, 17.4428 ns/op
WorkloadResult  10: 14680064 op, 255513504.50 ns, 17.4055 ns/op
WorkloadResult  11: 14680064 op, 255616400.50 ns, 17.4125 ns/op
// GC:  0 0 0 0 14680064
// Threading:  0 0 14680064

// AfterAll
// Benchmark Process 275 has exited with code 0.

Mean = 17.418 ns, StdErr = 0.006 ns (0.03%), N = 11, StdDev = 0.020 ns
Min = 17.392 ns, Q1 = 17.404 ns, Median = 17.414 ns, Q3 = 17.429 ns, Max = 17.455 ns
IQR = 0.025 ns, LowerFence = 17.367 ns, UpperFence = 17.467 ns
ConfidenceInterval = [17.390 ns; 17.446 ns] (CI 99.9%), Margin = 0.028 ns (0.16% of Mean)
Skewness = 0.41, Kurtosis = 1.86, MValue = 2

// ** Remained 44 (81.5 %) benchmark(s) to run. Estimated finish 2026-09-09 10:22 (0h 9m from now) **
// **************************
// Benchmark: ConsumerBenchmarks<SumConsumer>.CompiledBatch8: JitCore4(IterationCount=12, IterationTime=250ms, WarmupCount=16) [Pattern=Random]
// *** Execute ***
// Launch: 1 / 1
// Execute: dotnet ConsumerFusion-JitCore4-1.dll --anonymousPipes 116 117 --benchmarkName "Tl.ConsumerFusion.ConsumerBenchmarks<SumConsumer>.CompiledBatch8(Pattern: Random)" --job JitCore4 --benchmarkId 10 in /home/i/Work/tl-consumer-fusion/benchmarks/ConsumerFusion/bin/Release/net10.0/ConsumerFusion-JitCore4-1/bin/Release/net10.0
// Failed to set up high priority (Permission denied). In order to run benchmarks with high priority, make sure you have the right permissions.
// BeforeAnythingElse

// Benchmark Process Environment Information:
// BenchmarkDotNet v0.15.8
// Runtime=.NET 10.0.11 (10.0.11, 10.0.1126.37416), X64 RyuJIT x86-64-v3
// GC=Concurrent Workstation
// HardwareIntrinsics=AVX2+BMI1+BMI2+F16C+FMA+LZCNT+MOVBE,AVX,SSE3+SSSE3+SSE4.1+SSE4.2+POPCNT,X86Base+SSE+SSE2,AES+PCLMUL,AvxVnni,SERIALIZE VectorSize=256
// Job: JitCore4(IterationCount=12, IterationTime=250ms, WarmupCount=16)

Generated source SHA-256: 7bdbf05933e474d7a938b65943dea9904c38e119da36a57eeee6037572f9e30f
Consumer source SHA-256: b6d3bebc1792904814ea060ef98da24a1bb83a7902917f967347d44ba9cc4197
SumConsumer/Random: ConsumerReceipt { Playback = Playback { Tick = 116, Cycles = 61434, Flags = Started }, SumBits = 1229261697, TrackOffsets = 0, Enters = 0, Stays = 0, Exits = 0, Callbacks = 0, Audit = 0 }
Preparation receipt: 3945930047370
OverheadJitting  1: 65536 op, 99935.00 ns, 1.5249 ns/op
WorkloadJitting  1: 65536 op, 1203228.00 ns, 18.3598 ns/op

OverheadJitting  2: 1048576 op, 115444.00 ns, 0.1101 ns/op
WorkloadJitting  2: 1048576 op, 17026658.00 ns, 16.2379 ns/op

WorkloadPilot    1: 1048576 op, 16997574.00 ns, 16.2101 ns/op
WorkloadPilot    2: 15728640 op, 254067449.00 ns, 16.1532 ns/op

OverheadWarmup   1: 15728640 op, 744.00 ns, 0.0000 ns/op
OverheadWarmup   2: 15728640 op, 507.00 ns, 0.0000 ns/op
OverheadWarmup   3: 15728640 op, 478.00 ns, 0.0000 ns/op
OverheadWarmup   4: 15728640 op, 457.00 ns, 0.0000 ns/op
OverheadWarmup   5: 15728640 op, 510.00 ns, 0.0000 ns/op
OverheadWarmup   6: 15728640 op, 471.00 ns, 0.0000 ns/op
OverheadWarmup   7: 15728640 op, 489.00 ns, 0.0000 ns/op
OverheadWarmup   8: 15728640 op, 501.00 ns, 0.0000 ns/op
OverheadWarmup   9: 15728640 op, 471.00 ns, 0.0000 ns/op

OverheadActual   1: 15728640 op, 678.00 ns, 0.0000 ns/op
OverheadActual   2: 15728640 op, 628.00 ns, 0.0000 ns/op
OverheadActual   3: 15728640 op, 607.00 ns, 0.0000 ns/op
OverheadActual   4: 15728640 op, 469.00 ns, 0.0000 ns/op
OverheadActual   5: 15728640 op, 589.00 ns, 0.0000 ns/op
OverheadActual   6: 15728640 op, 451.00 ns, 0.0000 ns/op
OverheadActual   7: 15728640 op, 440.00 ns, 0.0000 ns/op
OverheadActual   8: 15728640 op, 448.00 ns, 0.0000 ns/op
OverheadActual   9: 15728640 op, 449.00 ns, 0.0000 ns/op
OverheadActual  10: 15728640 op, 449.00 ns, 0.0000 ns/op
OverheadActual  11: 15728640 op, 447.00 ns, 0.0000 ns/op
OverheadActual  12: 15728640 op, 484.00 ns, 0.0000 ns/op
OverheadActual  13: 15728640 op, 476.00 ns, 0.0000 ns/op
OverheadActual  14: 15728640 op, 482.00 ns, 0.0000 ns/op
OverheadActual  15: 15728640 op, 480.00 ns, 0.0000 ns/op
OverheadActual  16: 15728640 op, 480.00 ns, 0.0000 ns/op
OverheadActual  17: 15728640 op, 489.00 ns, 0.0000 ns/op

WorkloadWarmup   1: 15728640 op, 253491693.00 ns, 16.1166 ns/op
WorkloadWarmup   2: 15728640 op, 253201238.00 ns, 16.0981 ns/op
WorkloadWarmup   3: 15728640 op, 253985942.00 ns, 16.1480 ns/op
WorkloadWarmup   4: 15728640 op, 253953240.00 ns, 16.1459 ns/op
WorkloadWarmup   5: 15728640 op, 253332508.00 ns, 16.1064 ns/op
WorkloadWarmup   6: 15728640 op, 253173054.00 ns, 16.0963 ns/op
WorkloadWarmup   7: 15728640 op, 291365662.00 ns, 18.5245 ns/op
WorkloadWarmup   8: 15728640 op, 253820998.00 ns, 16.1375 ns/op
WorkloadWarmup   9: 15728640 op, 252922169.00 ns, 16.0804 ns/op
WorkloadWarmup  10: 15728640 op, 253590108.00 ns, 16.1228 ns/op
WorkloadWarmup  11: 15728640 op, 253527799.00 ns, 16.1189 ns/op
WorkloadWarmup  12: 15728640 op, 252771577.00 ns, 16.0708 ns/op
WorkloadWarmup  13: 15728640 op, 252916629.00 ns, 16.0800 ns/op
WorkloadWarmup  14: 15728640 op, 252890092.00 ns, 16.0783 ns/op
WorkloadWarmup  15: 15728640 op, 261896850.00 ns, 16.6510 ns/op
WorkloadWarmup  16: 15728640 op, 253387778.00 ns, 16.1100 ns/op

// BeforeActualRun
WorkloadActual   1: 15728640 op, 254041899.00 ns, 16.1515 ns/op
WorkloadActual   2: 15728640 op, 253329769.00 ns, 16.1063 ns/op
WorkloadActual   3: 15728640 op, 254750465.00 ns, 16.1966 ns/op
WorkloadActual   4: 15728640 op, 253494278.00 ns, 16.1167 ns/op
WorkloadActual   5: 15728640 op, 253414945.00 ns, 16.1117 ns/op
WorkloadActual   6: 15728640 op, 252910720.00 ns, 16.0796 ns/op
WorkloadActual   7: 15728640 op, 253524573.00 ns, 16.1187 ns/op
WorkloadActual   8: 15728640 op, 268776395.00 ns, 17.0883 ns/op
WorkloadActual   9: 15728640 op, 254249155.00 ns, 16.1647 ns/op
WorkloadActual  10: 15728640 op, 254227234.00 ns, 16.1633 ns/op
WorkloadActual  11: 15728640 op, 253579827.00 ns, 16.1222 ns/op
WorkloadActual  12: 15728640 op, 253753147.00 ns, 16.1332 ns/op

// AfterActualRun
WorkloadResult   1: 15728640 op, 254041419.00 ns, 16.1515 ns/op
WorkloadResult   2: 15728640 op, 253329289.00 ns, 16.1062 ns/op
WorkloadResult   3: 15728640 op, 254749985.00 ns, 16.1966 ns/op
WorkloadResult   4: 15728640 op, 253493798.00 ns, 16.1167 ns/op
WorkloadResult   5: 15728640 op, 253414465.00 ns, 16.1117 ns/op
WorkloadResult   6: 15728640 op, 252910240.00 ns, 16.0796 ns/op
WorkloadResult   7: 15728640 op, 253524093.00 ns, 16.1186 ns/op
WorkloadResult   8: 15728640 op, 254248675.00 ns, 16.1647 ns/op
WorkloadResult   9: 15728640 op, 254226754.00 ns, 16.1633 ns/op
WorkloadResult  10: 15728640 op, 253579347.00 ns, 16.1221 ns/op
WorkloadResult  11: 15728640 op, 253752667.00 ns, 16.1332 ns/op
// GC:  0 0 0 0 15728640
// Threading:  0 0 15728640

// AfterAll
// Benchmark Process 285 has exited with code 0.

Mean = 16.133 ns, StdErr = 0.010 ns (0.06%), N = 11, StdDev = 0.033 ns
Min = 16.080 ns, Q1 = 16.114 ns, Median = 16.122 ns, Q3 = 16.157 ns, Max = 16.197 ns
IQR = 0.043 ns, LowerFence = 16.049 ns, UpperFence = 16.222 ns
ConfidenceInterval = [16.087 ns; 16.179 ns] (CI 99.9%), Margin = 0.046 ns (0.28% of Mean)
Skewness = 0.33, Kurtosis = 2.08, MValue = 2

// ** Remained 43 (79.6 %) benchmark(s) to run. Estimated finish 2026-09-09 10:22 (0h 9m from now) **
// **************************
// Benchmark: ConsumerBenchmarks<SumConsumer>.FusedBatch8: JitCore4(IterationCount=12, IterationTime=250ms, WarmupCount=16) [Pattern=Random]
// *** Execute ***
// Launch: 1 / 1
// Execute: dotnet ConsumerFusion-JitCore4-1.dll --anonymousPipes 116 117 --benchmarkName "Tl.ConsumerFusion.ConsumerBenchmarks<SumConsumer>.FusedBatch8(Pattern: Random)" --job JitCore4 --benchmarkId 11 in /home/i/Work/tl-consumer-fusion/benchmarks/ConsumerFusion/bin/Release/net10.0/ConsumerFusion-JitCore4-1/bin/Release/net10.0
// Failed to set up high priority (Permission denied). In order to run benchmarks with high priority, make sure you have the right permissions.
// BeforeAnythingElse

// Benchmark Process Environment Information:
// BenchmarkDotNet v0.15.8
// Runtime=.NET 10.0.11 (10.0.11, 10.0.1126.37416), X64 RyuJIT x86-64-v3
// GC=Concurrent Workstation
// HardwareIntrinsics=AVX2+BMI1+BMI2+F16C+FMA+LZCNT+MOVBE,AVX,SSE3+SSSE3+SSE4.1+SSE4.2+POPCNT,X86Base+SSE+SSE2,AES+PCLMUL,AvxVnni,SERIALIZE VectorSize=256
// Job: JitCore4(IterationCount=12, IterationTime=250ms, WarmupCount=16)

Generated source SHA-256: 7bdbf05933e474d7a938b65943dea9904c38e119da36a57eeee6037572f9e30f
Consumer source SHA-256: b6d3bebc1792904814ea060ef98da24a1bb83a7902917f967347d44ba9cc4197
SumConsumer/Random: ConsumerReceipt { Playback = Playback { Tick = 116, Cycles = 61434, Flags = Started }, SumBits = 1229261697, TrackOffsets = 0, Enters = 0, Stays = 0, Exits = 0, Callbacks = 0, Audit = 0 }
Preparation receipt: 4019685749190
OverheadJitting  1: 65536 op, 101692.00 ns, 1.5517 ns/op
WorkloadJitting  1: 65536 op, 658967.00 ns, 10.0550 ns/op

OverheadJitting  2: 1048576 op, 116252.00 ns, 0.1109 ns/op
WorkloadJitting  2: 1048576 op, 8437349.00 ns, 8.0465 ns/op

WorkloadPilot    1: 1048576 op, 8526221.00 ns, 8.1312 ns/op
WorkloadPilot    2: 31457280 op, 247978599.00 ns, 7.8830 ns/op
WorkloadPilot    3: 32505856 op, 255093714.00 ns, 7.8476 ns/op

OverheadWarmup   1: 32505856 op, 1024.00 ns, 0.0000 ns/op
OverheadWarmup   2: 32505856 op, 714.00 ns, 0.0000 ns/op
OverheadWarmup   3: 32505856 op, 691.00 ns, 0.0000 ns/op
OverheadWarmup   4: 32505856 op, 661.00 ns, 0.0000 ns/op
OverheadWarmup   5: 32505856 op, 729.00 ns, 0.0000 ns/op
OverheadWarmup   6: 32505856 op, 709.00 ns, 0.0000 ns/op
OverheadWarmup   7: 32505856 op, 679.00 ns, 0.0000 ns/op
OverheadWarmup   8: 32505856 op, 701.00 ns, 0.0000 ns/op
OverheadWarmup   9: 32505856 op, 678.00 ns, 0.0000 ns/op

OverheadActual   1: 32505856 op, 930.00 ns, 0.0000 ns/op
OverheadActual   2: 32505856 op, 935.00 ns, 0.0000 ns/op
OverheadActual   3: 32505856 op, 901.00 ns, 0.0000 ns/op
OverheadActual   4: 32505856 op, 836.00 ns, 0.0000 ns/op
OverheadActual   5: 32505856 op, 903.00 ns, 0.0000 ns/op
OverheadActual   6: 32505856 op, 687.00 ns, 0.0000 ns/op
OverheadActual   7: 32505856 op, 694.00 ns, 0.0000 ns/op
OverheadActual   8: 32505856 op, 690.00 ns, 0.0000 ns/op
OverheadActual   9: 32505856 op, 678.00 ns, 0.0000 ns/op
OverheadActual  10: 32505856 op, 679.00 ns, 0.0000 ns/op
OverheadActual  11: 32505856 op, 695.00 ns, 0.0000 ns/op
OverheadActual  12: 32505856 op, 701.00 ns, 0.0000 ns/op
OverheadActual  13: 32505856 op, 686.00 ns, 0.0000 ns/op
OverheadActual  14: 32505856 op, 695.00 ns, 0.0000 ns/op
OverheadActual  15: 32505856 op, 699.00 ns, 0.0000 ns/op
OverheadActual  16: 32505856 op, 680.00 ns, 0.0000 ns/op
OverheadActual  17: 32505856 op, 706.00 ns, 0.0000 ns/op
OverheadActual  18: 32505856 op, 910.00 ns, 0.0000 ns/op
OverheadActual  19: 32505856 op, 768.00 ns, 0.0000 ns/op
OverheadActual  20: 32505856 op, 700.00 ns, 0.0000 ns/op

WorkloadWarmup   1: 32505856 op, 256018270.00 ns, 7.8761 ns/op
WorkloadWarmup   2: 32505856 op, 255190775.00 ns, 7.8506 ns/op
WorkloadWarmup   3: 32505856 op, 255623650.00 ns, 7.8639 ns/op
WorkloadWarmup   4: 32505856 op, 255453158.00 ns, 7.8587 ns/op
WorkloadWarmup   5: 32505856 op, 256024790.00 ns, 7.8763 ns/op
WorkloadWarmup   6: 32505856 op, 298201979.00 ns, 9.1738 ns/op
WorkloadWarmup   7: 32505856 op, 255255417.00 ns, 7.8526 ns/op
WorkloadWarmup   8: 32505856 op, 255596675.00 ns, 7.8631 ns/op
WorkloadWarmup   9: 32505856 op, 255147475.00 ns, 7.8493 ns/op
WorkloadWarmup  10: 32505856 op, 255489183.00 ns, 7.8598 ns/op
WorkloadWarmup  11: 32505856 op, 255357245.00 ns, 7.8557 ns/op
WorkloadWarmup  12: 32505856 op, 255319633.00 ns, 7.8546 ns/op
WorkloadWarmup  13: 32505856 op, 254746162.00 ns, 7.8369 ns/op
WorkloadWarmup  14: 32505856 op, 263283421.00 ns, 8.0996 ns/op
WorkloadWarmup  15: 32505856 op, 255592753.00 ns, 7.8630 ns/op
WorkloadWarmup  16: 32505856 op, 257461478.00 ns, 7.9205 ns/op

// BeforeActualRun
WorkloadActual   1: 32505856 op, 255126295.00 ns, 7.8486 ns/op
WorkloadActual   2: 32505856 op, 255591659.00 ns, 7.8629 ns/op
WorkloadActual   3: 32505856 op, 255030955.00 ns, 7.8457 ns/op
WorkloadActual   4: 32505856 op, 254731980.00 ns, 7.8365 ns/op
WorkloadActual   5: 32505856 op, 255293302.00 ns, 7.8538 ns/op
WorkloadActual   6: 32505856 op, 254998025.00 ns, 7.8447 ns/op
WorkloadActual   7: 32505856 op, 255995748.00 ns, 7.8754 ns/op
WorkloadActual   8: 32505856 op, 272102516.00 ns, 8.3709 ns/op
WorkloadActual   9: 32505856 op, 257903101.00 ns, 7.9341 ns/op
WorkloadActual  10: 32505856 op, 255450567.00 ns, 7.8586 ns/op
WorkloadActual  11: 32505856 op, 255740551.00 ns, 7.8675 ns/op
WorkloadActual  12: 32505856 op, 254950574.00 ns, 7.8432 ns/op

// AfterActualRun
WorkloadResult   1: 32505856 op, 255125595.50 ns, 7.8486 ns/op
WorkloadResult   2: 32505856 op, 255590959.50 ns, 7.8629 ns/op
WorkloadResult   3: 32505856 op, 255030255.50 ns, 7.8457 ns/op
WorkloadResult   4: 32505856 op, 254731280.50 ns, 7.8365 ns/op
WorkloadResult   5: 32505856 op, 255292602.50 ns, 7.8537 ns/op
WorkloadResult   6: 32505856 op, 254997325.50 ns, 7.8447 ns/op
WorkloadResult   7: 32505856 op, 255995048.50 ns, 7.8754 ns/op
WorkloadResult   8: 32505856 op, 255449867.50 ns, 7.8586 ns/op
WorkloadResult   9: 32505856 op, 255739851.50 ns, 7.8675 ns/op
WorkloadResult  10: 32505856 op, 254949874.50 ns, 7.8432 ns/op
// GC:  0 0 0 0 32505856
// Threading:  0 0 32505856

// AfterAll
// Benchmark Process 293 has exited with code 0.

Mean = 7.854 ns, StdErr = 0.004 ns (0.05%), N = 10, StdDev = 0.012 ns
Min = 7.836 ns, Q1 = 7.845 ns, Median = 7.851 ns, Q3 = 7.862 ns, Max = 7.875 ns
IQR = 0.017 ns, LowerFence = 7.820 ns, UpperFence = 7.887 ns
ConfidenceInterval = [7.835 ns; 7.872 ns] (CI 99.9%), Margin = 0.018 ns (0.24% of Mean)
Skewness = 0.34, Kurtosis = 1.68, MValue = 2

// ** Remained 42 (77.8 %) benchmark(s) to run. Estimated finish 2026-09-09 10:22 (0h 9m from now) **
// **************************
// Benchmark: ConsumerBenchmarks<SumConsumer>.InterpreterSingle: JitCore4(IterationCount=12, IterationTime=250ms, WarmupCount=16) [Pattern=Repeated]
// *** Execute ***
// Launch: 1 / 1
// Execute: dotnet ConsumerFusion-JitCore4-1.dll --anonymousPipes 116 117 --benchmarkName "Tl.ConsumerFusion.ConsumerBenchmarks<SumConsumer>.InterpreterSingle(Pattern: Repeated)" --job JitCore4 --benchmarkId 12 in /home/i/Work/tl-consumer-fusion/benchmarks/ConsumerFusion/bin/Release/net10.0/ConsumerFusion-JitCore4-1/bin/Release/net10.0
// Failed to set up high priority (Permission denied). In order to run benchmarks with high priority, make sure you have the right permissions.
// BeforeAnythingElse

// Benchmark Process Environment Information:
// BenchmarkDotNet v0.15.8
// Runtime=.NET 10.0.11 (10.0.11, 10.0.1126.37416), X64 RyuJIT x86-64-v3
// GC=Concurrent Workstation
// HardwareIntrinsics=AVX2+BMI1+BMI2+F16C+FMA+LZCNT+MOVBE,AVX,SSE3+SSSE3+SSE4.1+SSE4.2+POPCNT,X86Base+SSE+SSE2,AES+PCLMUL,AvxVnni,SERIALIZE VectorSize=256
// Job: JitCore4(IterationCount=12, IterationTime=250ms, WarmupCount=16)

Generated source SHA-256: 7bdbf05933e474d7a938b65943dea9904c38e119da36a57eeee6037572f9e30f
Consumer source SHA-256: b6d3bebc1792904814ea060ef98da24a1bb83a7902917f967347d44ba9cc4197
SumConsumer/Repeated: ConsumerReceipt { Playback = Playback { Tick = 321, Cycles = 0, Flags = Started }, SumBits = 1231028224, TrackOffsets = 0, Enters = 0, Stays = 0, Exits = 0, Callbacks = 0, Audit = 0 }
Preparation receipt: 6965157691392
OverheadJitting  1: 65536 op, 102472.00 ns, 1.5636 ns/op
WorkloadJitting  1: 65536 op, 1094406.00 ns, 16.6993 ns/op

OverheadJitting  2: 1048576 op, 120484.00 ns, 0.1149 ns/op
WorkloadJitting  2: 1048576 op, 15061040.00 ns, 14.3633 ns/op

WorkloadPilot    1: 1048576 op, 14911435.00 ns, 14.2207 ns/op
WorkloadPilot    2: 17825792 op, 253292124.00 ns, 14.2093 ns/op

OverheadWarmup   1: 17825792 op, 713.00 ns, 0.0000 ns/op
OverheadWarmup   2: 17825792 op, 372.00 ns, 0.0000 ns/op
OverheadWarmup   3: 17825792 op, 382.00 ns, 0.0000 ns/op
OverheadWarmup   4: 17825792 op, 377.00 ns, 0.0000 ns/op
OverheadWarmup   5: 17825792 op, 388.00 ns, 0.0000 ns/op
OverheadWarmup   6: 17825792 op, 395.00 ns, 0.0000 ns/op
OverheadWarmup   7: 17825792 op, 398.00 ns, 0.0000 ns/op
OverheadWarmup   8: 17825792 op, 387.00 ns, 0.0000 ns/op

OverheadActual   1: 17825792 op, 900.00 ns, 0.0001 ns/op
OverheadActual   2: 17825792 op, 627.00 ns, 0.0000 ns/op
OverheadActual   3: 17825792 op, 637.00 ns, 0.0000 ns/op
OverheadActual   4: 17825792 op, 432.00 ns, 0.0000 ns/op
OverheadActual   5: 17825792 op, 606.00 ns, 0.0000 ns/op
OverheadActual   6: 17825792 op, 399.00 ns, 0.0000 ns/op
OverheadActual   7: 17825792 op, 380.00 ns, 0.0000 ns/op
OverheadActual   8: 17825792 op, 367.00 ns, 0.0000 ns/op
OverheadActual   9: 17825792 op, 365.00 ns, 0.0000 ns/op
OverheadActual  10: 17825792 op, 368.00 ns, 0.0000 ns/op
OverheadActual  11: 17825792 op, 408.00 ns, 0.0000 ns/op
OverheadActual  12: 17825792 op, 386.00 ns, 0.0000 ns/op
OverheadActual  13: 17825792 op, 410.00 ns, 0.0000 ns/op
OverheadActual  14: 17825792 op, 397.00 ns, 0.0000 ns/op
OverheadActual  15: 17825792 op, 403.00 ns, 0.0000 ns/op
OverheadActual  16: 17825792 op, 377.00 ns, 0.0000 ns/op
OverheadActual  17: 17825792 op, 405.00 ns, 0.0000 ns/op
OverheadActual  18: 17825792 op, 731.00 ns, 0.0000 ns/op
OverheadActual  19: 17825792 op, 401.00 ns, 0.0000 ns/op
OverheadActual  20: 17825792 op, 407.00 ns, 0.0000 ns/op

WorkloadWarmup   1: 17825792 op, 253193490.00 ns, 14.2038 ns/op
WorkloadWarmup   2: 17825792 op, 253981803.00 ns, 14.2480 ns/op
WorkloadWarmup   3: 17825792 op, 253166477.00 ns, 14.2023 ns/op
WorkloadWarmup   4: 17825792 op, 253365480.00 ns, 14.2134 ns/op
WorkloadWarmup   5: 17825792 op, 253065774.00 ns, 14.1966 ns/op
WorkloadWarmup   6: 17825792 op, 253109124.00 ns, 14.1990 ns/op
WorkloadWarmup   7: 17825792 op, 293511131.00 ns, 16.4655 ns/op
WorkloadWarmup   8: 17825792 op, 253020699.00 ns, 14.1941 ns/op
WorkloadWarmup   9: 17825792 op, 253385506.00 ns, 14.2145 ns/op
WorkloadWarmup  10: 17825792 op, 252950866.00 ns, 14.1902 ns/op
WorkloadWarmup  11: 17825792 op, 253140845.00 ns, 14.2008 ns/op
WorkloadWarmup  12: 17825792 op, 253227646.00 ns, 14.2057 ns/op
WorkloadWarmup  13: 17825792 op, 253553406.00 ns, 14.2240 ns/op
WorkloadWarmup  14: 17825792 op, 253088362.00 ns, 14.1979 ns/op
WorkloadWarmup  15: 17825792 op, 259954308.00 ns, 14.5830 ns/op
WorkloadWarmup  16: 17825792 op, 253100339.00 ns, 14.1985 ns/op

// BeforeActualRun
WorkloadActual   1: 17825792 op, 253243768.00 ns, 14.2066 ns/op
WorkloadActual   2: 17825792 op, 252990206.00 ns, 14.1924 ns/op
WorkloadActual   3: 17825792 op, 253214002.00 ns, 14.2049 ns/op
WorkloadActual   4: 17825792 op, 252888674.00 ns, 14.1867 ns/op
WorkloadActual   5: 17825792 op, 253117440.00 ns, 14.1995 ns/op
WorkloadActual   6: 17825792 op, 253119963.00 ns, 14.1996 ns/op
WorkloadActual   7: 17825792 op, 253085964.00 ns, 14.1977 ns/op
WorkloadActual   8: 17825792 op, 267062260.00 ns, 14.9818 ns/op
WorkloadActual   9: 17825792 op, 254236166.00 ns, 14.2623 ns/op
WorkloadActual  10: 17825792 op, 253287746.00 ns, 14.2091 ns/op
WorkloadActual  11: 17825792 op, 253161031.00 ns, 14.2020 ns/op
WorkloadActual  12: 17825792 op, 252839661.00 ns, 14.1839 ns/op

// AfterActualRun
WorkloadResult   1: 17825792 op, 253243364.00 ns, 14.2066 ns/op
WorkloadResult   2: 17825792 op, 252989802.00 ns, 14.1923 ns/op
WorkloadResult   3: 17825792 op, 253213598.00 ns, 14.2049 ns/op
WorkloadResult   4: 17825792 op, 252888270.00 ns, 14.1866 ns/op
WorkloadResult   5: 17825792 op, 253117036.00 ns, 14.1995 ns/op
WorkloadResult   6: 17825792 op, 253119559.00 ns, 14.1996 ns/op
WorkloadResult   7: 17825792 op, 253085560.00 ns, 14.1977 ns/op
WorkloadResult   8: 17825792 op, 253287342.00 ns, 14.2090 ns/op
WorkloadResult   9: 17825792 op, 253160627.00 ns, 14.2019 ns/op
WorkloadResult  10: 17825792 op, 252839257.00 ns, 14.1839 ns/op
// GC:  0 0 0 0 17825792
// Threading:  0 0 17825792

// AfterAll
// Benchmark Process 301 has exited with code 0.

Mean = 14.198 ns, StdErr = 0.003 ns (0.02%), N = 10, StdDev = 0.008 ns
Min = 14.184 ns, Q1 = 14.194 ns, Median = 14.200 ns, Q3 = 14.204 ns, Max = 14.209 ns
IQR = 0.010 ns, LowerFence = 14.178 ns, UpperFence = 14.220 ns
ConfidenceInterval = [14.186 ns; 14.211 ns] (CI 99.9%), Margin = 0.013 ns (0.09% of Mean)
Skewness = -0.43, Kurtosis = 1.71, MValue = 2

// ** Remained 41 (75.9 %) benchmark(s) to run. Estimated finish 2026-09-09 10:22 (0h 8m from now) **
// **************************
// Benchmark: ConsumerBenchmarks<SumConsumer>.CompiledSingle: JitCore4(IterationCount=12, IterationTime=250ms, WarmupCount=16) [Pattern=Repeated]
// *** Execute ***
// Launch: 1 / 1
// Execute: dotnet ConsumerFusion-JitCore4-1.dll --anonymousPipes 116 117 --benchmarkName "Tl.ConsumerFusion.ConsumerBenchmarks<SumConsumer>.CompiledSingle(Pattern: Repeated)" --job JitCore4 --benchmarkId 13 in /home/i/Work/tl-consumer-fusion/benchmarks/ConsumerFusion/bin/Release/net10.0/ConsumerFusion-JitCore4-1/bin/Release/net10.0
// Failed to set up high priority (Permission denied). In order to run benchmarks with high priority, make sure you have the right permissions.
// BeforeAnythingElse

// Benchmark Process Environment Information:
// BenchmarkDotNet v0.15.8
// Runtime=.NET 10.0.11 (10.0.11, 10.0.1126.37416), X64 RyuJIT x86-64-v3
// GC=Concurrent Workstation
// HardwareIntrinsics=AVX2+BMI1+BMI2+F16C+FMA+LZCNT+MOVBE,AVX,SSE3+SSSE3+SSE4.1+SSE4.2+POPCNT,X86Base+SSE+SSE2,AES+PCLMUL,AvxVnni,SERIALIZE VectorSize=256
// Job: JitCore4(IterationCount=12, IterationTime=250ms, WarmupCount=16)

Generated source SHA-256: 7bdbf05933e474d7a938b65943dea9904c38e119da36a57eeee6037572f9e30f
Consumer source SHA-256: b6d3bebc1792904814ea060ef98da24a1bb83a7902917f967347d44ba9cc4197
SumConsumer/Repeated: ConsumerReceipt { Playback = Playback { Tick = 321, Cycles = 0, Flags = Started }, SumBits = 1231028224, TrackOffsets = 0, Enters = 0, Stays = 0, Exits = 0, Callbacks = 0, Audit = 0 }
Preparation receipt: 6942999183360
OverheadJitting  1: 65536 op, 98381.00 ns, 1.5012 ns/op
WorkloadJitting  1: 65536 op, 1073997.00 ns, 16.3879 ns/op

OverheadJitting  2: 1048576 op, 118016.00 ns, 0.1125 ns/op
WorkloadJitting  2: 1048576 op, 16409633.00 ns, 15.6494 ns/op

WorkloadPilot    1: 1048576 op, 16309248.00 ns, 15.5537 ns/op
WorkloadPilot    2: 16777216 op, 261089411.00 ns, 15.5621 ns/op

OverheadWarmup   1: 16777216 op, 709.00 ns, 0.0000 ns/op
OverheadWarmup   2: 16777216 op, 418.00 ns, 0.0000 ns/op
OverheadWarmup   3: 16777216 op, 406.00 ns, 0.0000 ns/op
OverheadWarmup   4: 16777216 op, 391.00 ns, 0.0000 ns/op
OverheadWarmup   5: 16777216 op, 438.00 ns, 0.0000 ns/op
OverheadWarmup   6: 16777216 op, 442.00 ns, 0.0000 ns/op
OverheadWarmup   7: 16777216 op, 425.00 ns, 0.0000 ns/op
OverheadWarmup   8: 16777216 op, 433.00 ns, 0.0000 ns/op
OverheadWarmup   9: 16777216 op, 457.00 ns, 0.0000 ns/op
OverheadWarmup  10: 16777216 op, 416.00 ns, 0.0000 ns/op

OverheadActual   1: 16777216 op, 666.00 ns, 0.0000 ns/op
OverheadActual   2: 16777216 op, 659.00 ns, 0.0000 ns/op
OverheadActual   3: 16777216 op, 659.00 ns, 0.0000 ns/op
OverheadActual   4: 16777216 op, 468.00 ns, 0.0000 ns/op
OverheadActual   5: 16777216 op, 638.00 ns, 0.0000 ns/op
OverheadActual   6: 16777216 op, 441.00 ns, 0.0000 ns/op
OverheadActual   7: 16777216 op, 421.00 ns, 0.0000 ns/op
OverheadActual   8: 16777216 op, 418.00 ns, 0.0000 ns/op
OverheadActual   9: 16777216 op, 409.00 ns, 0.0000 ns/op
OverheadActual  10: 16777216 op, 409.00 ns, 0.0000 ns/op
OverheadActual  11: 16777216 op, 404.00 ns, 0.0000 ns/op
OverheadActual  12: 16777216 op, 408.00 ns, 0.0000 ns/op
OverheadActual  13: 16777216 op, 451.00 ns, 0.0000 ns/op
OverheadActual  14: 16777216 op, 404.00 ns, 0.0000 ns/op
OverheadActual  15: 16777216 op, 452.00 ns, 0.0000 ns/op
OverheadActual  16: 16777216 op, 444.00 ns, 0.0000 ns/op
OverheadActual  17: 16777216 op, 421.00 ns, 0.0000 ns/op
OverheadActual  18: 16777216 op, 606.00 ns, 0.0000 ns/op
OverheadActual  19: 16777216 op, 460.00 ns, 0.0000 ns/op
OverheadActual  20: 16777216 op, 438.00 ns, 0.0000 ns/op

WorkloadWarmup   1: 16777216 op, 260749531.00 ns, 15.5419 ns/op
WorkloadWarmup   2: 16777216 op, 260835420.00 ns, 15.5470 ns/op
WorkloadWarmup   3: 16777216 op, 260875232.00 ns, 15.5494 ns/op
WorkloadWarmup   4: 16777216 op, 260891895.00 ns, 15.5504 ns/op
WorkloadWarmup   5: 16777216 op, 260834742.00 ns, 15.5470 ns/op
WorkloadWarmup   6: 16777216 op, 260708278.00 ns, 15.5394 ns/op
WorkloadWarmup   7: 16777216 op, 299510083.00 ns, 17.8522 ns/op
WorkloadWarmup   8: 16777216 op, 260815177.00 ns, 15.5458 ns/op
WorkloadWarmup   9: 16777216 op, 261278572.00 ns, 15.5734 ns/op
WorkloadWarmup  10: 16777216 op, 260998369.00 ns, 15.5567 ns/op
WorkloadWarmup  11: 16777216 op, 262339186.00 ns, 15.6366 ns/op
WorkloadWarmup  12: 16777216 op, 260578865.00 ns, 15.5317 ns/op
WorkloadWarmup  13: 16777216 op, 260828224.00 ns, 15.5466 ns/op
WorkloadWarmup  14: 16777216 op, 260825435.00 ns, 15.5464 ns/op
WorkloadWarmup  15: 16777216 op, 267450770.00 ns, 15.9413 ns/op
WorkloadWarmup  16: 16777216 op, 260708554.00 ns, 15.5394 ns/op

// BeforeActualRun
WorkloadActual   1: 16777216 op, 260870553.00 ns, 15.5491 ns/op
WorkloadActual   2: 16777216 op, 260604311.00 ns, 15.5332 ns/op
WorkloadActual   3: 16777216 op, 260920158.00 ns, 15.5521 ns/op
WorkloadActual   4: 16777216 op, 260782728.00 ns, 15.5439 ns/op
WorkloadActual   5: 16777216 op, 261001977.00 ns, 15.5569 ns/op
WorkloadActual   6: 16777216 op, 260810649.00 ns, 15.5455 ns/op
WorkloadActual   7: 16777216 op, 261046596.00 ns, 15.5596 ns/op
WorkloadActual   8: 16777216 op, 276213664.00 ns, 16.4636 ns/op
WorkloadActual   9: 16777216 op, 261146484.00 ns, 15.5655 ns/op
WorkloadActual  10: 16777216 op, 261194252.00 ns, 15.5684 ns/op
WorkloadActual  11: 16777216 op, 260681857.00 ns, 15.5378 ns/op
WorkloadActual  12: 16777216 op, 260828198.00 ns, 15.5466 ns/op

// AfterActualRun
WorkloadResult   1: 16777216 op, 260870110.50 ns, 15.5491 ns/op
WorkloadResult   2: 16777216 op, 260603868.50 ns, 15.5332 ns/op
WorkloadResult   3: 16777216 op, 260919715.50 ns, 15.5520 ns/op
WorkloadResult   4: 16777216 op, 260782285.50 ns, 15.5438 ns/op
WorkloadResult   5: 16777216 op, 261001534.50 ns, 15.5569 ns/op
WorkloadResult   6: 16777216 op, 260810206.50 ns, 15.5455 ns/op
WorkloadResult   7: 16777216 op, 261046153.50 ns, 15.5596 ns/op
WorkloadResult   8: 16777216 op, 261146041.50 ns, 15.5655 ns/op
WorkloadResult   9: 16777216 op, 261193809.50 ns, 15.5684 ns/op
WorkloadResult  10: 16777216 op, 260681414.50 ns, 15.5378 ns/op
WorkloadResult  11: 16777216 op, 260827755.50 ns, 15.5465 ns/op
// GC:  0 0 0 0 16777216
// Threading:  0 0 16777216

// AfterAll
// Benchmark Process 310 has exited with code 0.

Mean = 15.551 ns, StdErr = 0.003 ns (0.02%), N = 11, StdDev = 0.011 ns
Min = 15.533 ns, Q1 = 15.545 ns, Median = 15.549 ns, Q3 = 15.558 ns, Max = 15.568 ns
IQR = 0.014 ns, LowerFence = 15.524 ns, UpperFence = 15.579 ns
ConfidenceInterval = [15.536 ns; 15.566 ns] (CI 99.9%), Margin = 0.015 ns (0.10% of Mean)
Skewness = 0.1, Kurtosis = 1.7, MValue = 2

// ** Remained 40 (74.1 %) benchmark(s) to run. Estimated finish 2026-09-09 10:22 (0h 8m from now) **
// **************************
// Benchmark: ConsumerBenchmarks<SumConsumer>.FusedSingle: JitCore4(IterationCount=12, IterationTime=250ms, WarmupCount=16) [Pattern=Repeated]
// *** Execute ***
// Launch: 1 / 1
// Execute: dotnet ConsumerFusion-JitCore4-1.dll --anonymousPipes 116 117 --benchmarkName "Tl.ConsumerFusion.ConsumerBenchmarks<SumConsumer>.FusedSingle(Pattern: Repeated)" --job JitCore4 --benchmarkId 14 in /home/i/Work/tl-consumer-fusion/benchmarks/ConsumerFusion/bin/Release/net10.0/ConsumerFusion-JitCore4-1/bin/Release/net10.0
// Failed to set up high priority (Permission denied). In order to run benchmarks with high priority, make sure you have the right permissions.
// BeforeAnythingElse

// Benchmark Process Environment Information:
// BenchmarkDotNet v0.15.8
// Runtime=.NET 10.0.11 (10.0.11, 10.0.1126.37416), X64 RyuJIT x86-64-v3
// GC=Concurrent Workstation
// HardwareIntrinsics=AVX2+BMI1+BMI2+F16C+FMA+LZCNT+MOVBE,AVX,SSE3+SSSE3+SSE4.1+SSE4.2+POPCNT,X86Base+SSE+SSE2,AES+PCLMUL,AvxVnni,SERIALIZE VectorSize=256
// Job: JitCore4(IterationCount=12, IterationTime=250ms, WarmupCount=16)

Generated source SHA-256: 7bdbf05933e474d7a938b65943dea9904c38e119da36a57eeee6037572f9e30f
Consumer source SHA-256: b6d3bebc1792904814ea060ef98da24a1bb83a7902917f967347d44ba9cc4197
SumConsumer/Repeated: ConsumerReceipt { Playback = Playback { Tick = 321, Cycles = 0, Flags = Started }, SumBits = 1231028224, TrackOffsets = 0, Enters = 0, Stays = 0, Exits = 0, Callbacks = 0, Audit = 0 }
Preparation receipt: 6913454505984
OverheadJitting  1: 65536 op, 104220.00 ns, 1.5903 ns/op
WorkloadJitting  1: 65536 op, 265290.00 ns, 4.0480 ns/op

OverheadJitting  2: 1048576 op, 115775.00 ns, 0.1104 ns/op
WorkloadJitting  2: 1048576 op, 2630835.00 ns, 2.5090 ns/op

WorkloadPilot    1: 1048576 op, 2490498.00 ns, 2.3751 ns/op
WorkloadPilot    2: 105906176 op, 250725968.00 ns, 2.3674 ns/op

OverheadWarmup   1: 105906176 op, 2437.00 ns, 0.0000 ns/op
OverheadWarmup   2: 105906176 op, 2099.00 ns, 0.0000 ns/op
OverheadWarmup   3: 105906176 op, 2100.00 ns, 0.0000 ns/op
OverheadWarmup   4: 105906176 op, 2102.00 ns, 0.0000 ns/op
OverheadWarmup   5: 105906176 op, 2120.00 ns, 0.0000 ns/op
OverheadWarmup   6: 105906176 op, 2106.00 ns, 0.0000 ns/op
OverheadWarmup   7: 105906176 op, 2105.00 ns, 0.0000 ns/op
OverheadWarmup   8: 105906176 op, 2113.00 ns, 0.0000 ns/op
OverheadWarmup   9: 105906176 op, 2112.00 ns, 0.0000 ns/op

OverheadActual   1: 105906176 op, 2415.00 ns, 0.0000 ns/op
OverheadActual   2: 105906176 op, 2321.00 ns, 0.0000 ns/op
OverheadActual   3: 105906176 op, 2294.00 ns, 0.0000 ns/op
OverheadActual   4: 105906176 op, 2120.00 ns, 0.0000 ns/op
OverheadActual   5: 105906176 op, 2294.00 ns, 0.0000 ns/op
OverheadActual   6: 105906176 op, 2105.00 ns, 0.0000 ns/op
OverheadActual   7: 105906176 op, 2103.00 ns, 0.0000 ns/op
OverheadActual   8: 105906176 op, 2103.00 ns, 0.0000 ns/op
OverheadActual   9: 105906176 op, 2108.00 ns, 0.0000 ns/op
OverheadActual  10: 105906176 op, 2110.00 ns, 0.0000 ns/op
OverheadActual  11: 105906176 op, 2101.00 ns, 0.0000 ns/op
OverheadActual  12: 105906176 op, 2108.00 ns, 0.0000 ns/op
OverheadActual  13: 105906176 op, 2136.00 ns, 0.0000 ns/op
OverheadActual  14: 105906176 op, 2127.00 ns, 0.0000 ns/op
OverheadActual  15: 105906176 op, 2132.00 ns, 0.0000 ns/op

WorkloadWarmup   1: 105906176 op, 250687886.00 ns, 2.3671 ns/op
WorkloadWarmup   2: 105906176 op, 250477961.00 ns, 2.3651 ns/op
WorkloadWarmup   3: 105906176 op, 250513725.00 ns, 2.3654 ns/op
WorkloadWarmup   4: 105906176 op, 250497069.00 ns, 2.3653 ns/op
WorkloadWarmup   5: 105906176 op, 250490807.00 ns, 2.3652 ns/op
WorkloadWarmup   6: 105906176 op, 250486435.00 ns, 2.3652 ns/op
WorkloadWarmup   7: 105906176 op, 264966691.00 ns, 2.5019 ns/op
WorkloadWarmup   8: 105906176 op, 250545011.00 ns, 2.3657 ns/op
WorkloadWarmup   9: 105906176 op, 250769034.00 ns, 2.3678 ns/op
WorkloadWarmup  10: 105906176 op, 250493372.00 ns, 2.3652 ns/op
WorkloadWarmup  11: 105906176 op, 250495314.00 ns, 2.3653 ns/op
WorkloadWarmup  12: 105906176 op, 279731685.00 ns, 2.6413 ns/op
WorkloadWarmup  13: 105906176 op, 250479925.00 ns, 2.3651 ns/op
WorkloadWarmup  14: 105906176 op, 250388109.00 ns, 2.3642 ns/op
WorkloadWarmup  15: 105906176 op, 250382299.00 ns, 2.3642 ns/op
WorkloadWarmup  16: 105906176 op, 250370782.00 ns, 2.3641 ns/op

// BeforeActualRun
WorkloadActual   1: 105906176 op, 250386665.00 ns, 2.3642 ns/op
WorkloadActual   2: 105906176 op, 250394343.00 ns, 2.3643 ns/op
WorkloadActual   3: 105906176 op, 250391869.00 ns, 2.3643 ns/op
WorkloadActual   4: 105906176 op, 250397820.00 ns, 2.3643 ns/op
WorkloadActual   5: 105906176 op, 254043202.00 ns, 2.3988 ns/op
WorkloadActual   6: 105906176 op, 251566276.00 ns, 2.3754 ns/op
WorkloadActual   7: 105906176 op, 250443866.00 ns, 2.3648 ns/op
WorkloadActual   8: 105906176 op, 250400107.00 ns, 2.3644 ns/op
WorkloadActual   9: 105906176 op, 250743931.00 ns, 2.3676 ns/op
WorkloadActual  10: 105906176 op, 250816262.00 ns, 2.3683 ns/op
WorkloadActual  11: 105906176 op, 263065790.00 ns, 2.4840 ns/op
WorkloadActual  12: 105906176 op, 250513344.00 ns, 2.3654 ns/op

// AfterActualRun
WorkloadResult   1: 105906176 op, 250384545.00 ns, 2.3642 ns/op
WorkloadResult   2: 105906176 op, 250392223.00 ns, 2.3643 ns/op
WorkloadResult   3: 105906176 op, 250389749.00 ns, 2.3643 ns/op
WorkloadResult   4: 105906176 op, 250395700.00 ns, 2.3643 ns/op
WorkloadResult   5: 105906176 op, 251564156.00 ns, 2.3753 ns/op
WorkloadResult   6: 105906176 op, 250441746.00 ns, 2.3648 ns/op
WorkloadResult   7: 105906176 op, 250397987.00 ns, 2.3643 ns/op
WorkloadResult   8: 105906176 op, 250741811.00 ns, 2.3676 ns/op
WorkloadResult   9: 105906176 op, 250814142.00 ns, 2.3683 ns/op
WorkloadResult  10: 105906176 op, 250511224.00 ns, 2.3654 ns/op
// GC:  0 0 0 0 105906176
// Threading:  0 0 105906176

// AfterAll
// Benchmark Process 319 has exited with code 0.

Mean = 2.366 ns, StdErr = 0.001 ns (0.05%), N = 10, StdDev = 0.004 ns
Min = 2.364 ns, Q1 = 2.364 ns, Median = 2.365 ns, Q3 = 2.367 ns, Max = 2.375 ns
IQR = 0.003 ns, LowerFence = 2.360 ns, UpperFence = 2.371 ns
ConfidenceInterval = [2.361 ns; 2.372 ns] (CI 99.9%), Margin = 0.005 ns (0.22% of Mean)
Skewness = 1.65, Kurtosis = 4.52, MValue = 2

// ** Remained 39 (72.2 %) benchmark(s) to run. Estimated finish 2026-09-09 10:22 (0h 8m from now) **
// **************************
// Benchmark: ConsumerBenchmarks<SumConsumer>.InterpreterBatch8: JitCore4(IterationCount=12, IterationTime=250ms, WarmupCount=16) [Pattern=Repeated]
// *** Execute ***
// Launch: 1 / 1
// Execute: dotnet ConsumerFusion-JitCore4-1.dll --anonymousPipes 116 117 --benchmarkName "Tl.ConsumerFusion.ConsumerBenchmarks<SumConsumer>.InterpreterBatch8(Pattern: Repeated)" --job JitCore4 --benchmarkId 15 in /home/i/Work/tl-consumer-fusion/benchmarks/ConsumerFusion/bin/Release/net10.0/ConsumerFusion-JitCore4-1/bin/Release/net10.0
// Failed to set up high priority (Permission denied). In order to run benchmarks with high priority, make sure you have the right permissions.
// BeforeAnythingElse

// Benchmark Process Environment Information:
// BenchmarkDotNet v0.15.8
// Runtime=.NET 10.0.11 (10.0.11, 10.0.1126.37416), X64 RyuJIT x86-64-v3
// GC=Concurrent Workstation
// HardwareIntrinsics=AVX2+BMI1+BMI2+F16C+FMA+LZCNT+MOVBE,AVX,SSE3+SSSE3+SSE4.1+SSE4.2+POPCNT,X86Base+SSE+SSE2,AES+PCLMUL,AvxVnni,SERIALIZE VectorSize=256
// Job: JitCore4(IterationCount=12, IterationTime=250ms, WarmupCount=16)

Generated source SHA-256: 7bdbf05933e474d7a938b65943dea9904c38e119da36a57eeee6037572f9e30f
Consumer source SHA-256: b6d3bebc1792904814ea060ef98da24a1bb83a7902917f967347d44ba9cc4197
SumConsumer/Repeated: ConsumerReceipt { Playback = Playback { Tick = 321, Cycles = 0, Flags = Started }, SumBits = 1231028224, TrackOffsets = 0, Enters = 0, Stays = 0, Exits = 0, Callbacks = 0, Audit = 0 }
Preparation receipt: 6950385352704
OverheadJitting  1: 65536 op, 110423.00 ns, 1.6849 ns/op
WorkloadJitting  1: 65536 op, 745341.00 ns, 11.3730 ns/op

OverheadJitting  2: 1048576 op, 117792.00 ns, 0.1123 ns/op
WorkloadJitting  2: 1048576 op, 10087106.00 ns, 9.6198 ns/op

WorkloadPilot    1: 1048576 op, 9892413.00 ns, 9.4341 ns/op
WorkloadPilot    2: 27262976 op, 259836340.00 ns, 9.5307 ns/op
WorkloadPilot    3: 26214400 op, 249978548.00 ns, 9.5359 ns/op

OverheadWarmup   1: 26214400 op, 846.00 ns, 0.0000 ns/op
OverheadWarmup   2: 26214400 op, 631.00 ns, 0.0000 ns/op
OverheadWarmup   3: 26214400 op, 622.00 ns, 0.0000 ns/op
OverheadWarmup   4: 26214400 op, 631.00 ns, 0.0000 ns/op
OverheadWarmup   5: 26214400 op, 664.00 ns, 0.0000 ns/op
OverheadWarmup   6: 26214400 op, 641.00 ns, 0.0000 ns/op
OverheadWarmup   7: 26214400 op, 624.00 ns, 0.0000 ns/op
OverheadWarmup   8: 26214400 op, 637.00 ns, 0.0000 ns/op
OverheadWarmup   9: 26214400 op, 643.00 ns, 0.0000 ns/op
OverheadWarmup  10: 26214400 op, 629.00 ns, 0.0000 ns/op

OverheadActual   1: 26214400 op, 888.00 ns, 0.0000 ns/op
OverheadActual   2: 26214400 op, 838.00 ns, 0.0000 ns/op
OverheadActual   3: 26214400 op, 845.00 ns, 0.0000 ns/op
OverheadActual   4: 26214400 op, 658.00 ns, 0.0000 ns/op
OverheadActual   5: 26214400 op, 809.00 ns, 0.0000 ns/op
OverheadActual   6: 26214400 op, 635.00 ns, 0.0000 ns/op
OverheadActual   7: 26214400 op, 643.00 ns, 0.0000 ns/op
OverheadActual   8: 26214400 op, 645.00 ns, 0.0000 ns/op
OverheadActual   9: 26214400 op, 627.00 ns, 0.0000 ns/op
OverheadActual  10: 26214400 op, 630.00 ns, 0.0000 ns/op
OverheadActual  11: 26214400 op, 632.00 ns, 0.0000 ns/op
OverheadActual  12: 26214400 op, 623.00 ns, 0.0000 ns/op
OverheadActual  13: 26214400 op, 648.00 ns, 0.0000 ns/op
OverheadActual  14: 26214400 op, 627.00 ns, 0.0000 ns/op
OverheadActual  15: 26214400 op, 649.00 ns, 0.0000 ns/op
OverheadActual  16: 26214400 op, 633.00 ns, 0.0000 ns/op
OverheadActual  17: 26214400 op, 637.00 ns, 0.0000 ns/op

WorkloadWarmup   1: 26214400 op, 249250672.00 ns, 9.5082 ns/op
WorkloadWarmup   2: 26214400 op, 248571936.00 ns, 9.4823 ns/op
WorkloadWarmup   3: 26214400 op, 249599392.00 ns, 9.5215 ns/op
WorkloadWarmup   4: 26214400 op, 249520468.00 ns, 9.5185 ns/op
WorkloadWarmup   5: 26214400 op, 249311806.00 ns, 9.5105 ns/op
WorkloadWarmup   6: 26214400 op, 279393265.00 ns, 10.6580 ns/op
WorkloadWarmup   7: 26214400 op, 248983375.00 ns, 9.4980 ns/op
WorkloadWarmup   8: 26214400 op, 249298150.00 ns, 9.5100 ns/op
WorkloadWarmup   9: 26214400 op, 249931659.00 ns, 9.5341 ns/op
WorkloadWarmup  10: 26214400 op, 249056087.00 ns, 9.5007 ns/op
WorkloadWarmup  11: 26214400 op, 249669012.00 ns, 9.5241 ns/op
WorkloadWarmup  12: 26214400 op, 249027712.00 ns, 9.4997 ns/op
WorkloadWarmup  13: 26214400 op, 250368892.00 ns, 9.5508 ns/op
WorkloadWarmup  14: 26214400 op, 249701767.00 ns, 9.5254 ns/op
WorkloadWarmup  15: 26214400 op, 265853179.00 ns, 10.1415 ns/op
WorkloadWarmup  16: 26214400 op, 249172790.00 ns, 9.5052 ns/op

// BeforeActualRun
WorkloadActual   1: 26214400 op, 249078661.00 ns, 9.5016 ns/op
WorkloadActual   2: 26214400 op, 248879252.00 ns, 9.4940 ns/op
WorkloadActual   3: 26214400 op, 249239012.00 ns, 9.5077 ns/op
WorkloadActual   4: 26214400 op, 248537709.00 ns, 9.4810 ns/op
WorkloadActual   5: 26214400 op, 249280300.00 ns, 9.5093 ns/op
WorkloadActual   6: 26214400 op, 248722663.00 ns, 9.4880 ns/op
WorkloadActual   7: 26214400 op, 249666912.00 ns, 9.5240 ns/op
WorkloadActual   8: 26214400 op, 263967277.00 ns, 10.0696 ns/op
WorkloadActual   9: 26214400 op, 249176841.00 ns, 9.5053 ns/op
WorkloadActual  10: 26214400 op, 248415579.00 ns, 9.4763 ns/op
WorkloadActual  11: 26214400 op, 249647608.00 ns, 9.5233 ns/op
WorkloadActual  12: 26214400 op, 248129387.00 ns, 9.4654 ns/op

// AfterActualRun
WorkloadResult   1: 26214400 op, 249078018.00 ns, 9.5016 ns/op
WorkloadResult   2: 26214400 op, 248878609.00 ns, 9.4940 ns/op
WorkloadResult   3: 26214400 op, 249238369.00 ns, 9.5077 ns/op
WorkloadResult   4: 26214400 op, 248537066.00 ns, 9.4809 ns/op
WorkloadResult   5: 26214400 op, 249279657.00 ns, 9.5093 ns/op
WorkloadResult   6: 26214400 op, 248722020.00 ns, 9.4880 ns/op
WorkloadResult   7: 26214400 op, 249666269.00 ns, 9.5240 ns/op
WorkloadResult   8: 26214400 op, 249176198.00 ns, 9.5053 ns/op
WorkloadResult   9: 26214400 op, 248414936.00 ns, 9.4763 ns/op
WorkloadResult  10: 26214400 op, 249646965.00 ns, 9.5233 ns/op
WorkloadResult  11: 26214400 op, 248128744.00 ns, 9.4654 ns/op
// GC:  0 0 0 0 26214400
// Threading:  0 0 26214400

// AfterAll
// Benchmark Process 329 has exited with code 0.

Mean = 9.498 ns, StdErr = 0.006 ns (0.06%), N = 11, StdDev = 0.019 ns
Min = 9.465 ns, Q1 = 9.484 ns, Median = 9.502 ns, Q3 = 9.508 ns, Max = 9.524 ns
IQR = 0.024 ns, LowerFence = 9.448 ns, UpperFence = 9.544 ns
ConfidenceInterval = [9.472 ns; 9.524 ns] (CI 99.9%), Margin = 0.026 ns (0.27% of Mean)
Skewness = -0.17, Kurtosis = 1.69, MValue = 2

// ** Remained 38 (70.4 %) benchmark(s) to run. Estimated finish 2026-09-09 10:22 (0h 8m from now) **
// **************************
// Benchmark: ConsumerBenchmarks<SumConsumer>.CompiledBatch8: JitCore4(IterationCount=12, IterationTime=250ms, WarmupCount=16) [Pattern=Repeated]
// *** Execute ***
// Launch: 1 / 1
// Execute: dotnet ConsumerFusion-JitCore4-1.dll --anonymousPipes 118 119 --benchmarkName "Tl.ConsumerFusion.ConsumerBenchmarks<SumConsumer>.CompiledBatch8(Pattern: Repeated)" --job JitCore4 --benchmarkId 16 in /home/i/Work/tl-consumer-fusion/benchmarks/ConsumerFusion/bin/Release/net10.0/ConsumerFusion-JitCore4-1/bin/Release/net10.0
// Failed to set up high priority (Permission denied). In order to run benchmarks with high priority, make sure you have the right permissions.
// BeforeAnythingElse

// Benchmark Process Environment Information:
// BenchmarkDotNet v0.15.8
// Runtime=.NET 10.0.11 (10.0.11, 10.0.1126.37416), X64 RyuJIT x86-64-v3
// GC=Concurrent Workstation
// HardwareIntrinsics=AVX2+BMI1+BMI2+F16C+FMA+LZCNT+MOVBE,AVX,SSE3+SSSE3+SSE4.1+SSE4.2+POPCNT,X86Base+SSE+SSE2,AES+PCLMUL,AvxVnni,SERIALIZE VectorSize=256
// Job: JitCore4(IterationCount=12, IterationTime=250ms, WarmupCount=16)

Generated source SHA-256: 7bdbf05933e474d7a938b65943dea9904c38e119da36a57eeee6037572f9e30f
Consumer source SHA-256: b6d3bebc1792904814ea060ef98da24a1bb83a7902917f967347d44ba9cc4197
SumConsumer/Repeated: ConsumerReceipt { Playback = Playback { Tick = 321, Cycles = 0, Flags = Started }, SumBits = 1231028224, TrackOffsets = 0, Enters = 0, Stays = 0, Exits = 0, Callbacks = 0, Audit = 0 }
Preparation receipt: 6854365151232
OverheadJitting  1: 65536 op, 100978.00 ns, 1.5408 ns/op
WorkloadJitting  1: 65536 op, 642726.00 ns, 9.8072 ns/op

OverheadJitting  2: 1048576 op, 114500.00 ns, 0.1092 ns/op
WorkloadJitting  2: 1048576 op, 8540218.00 ns, 8.1446 ns/op

WorkloadPilot    1: 1048576 op, 8307302.00 ns, 7.9225 ns/op
WorkloadPilot    2: 32505856 op, 262813376.00 ns, 8.0851 ns/op
WorkloadPilot    3: 31457280 op, 254175621.00 ns, 8.0800 ns/op

OverheadWarmup   1: 31457280 op, 1013.00 ns, 0.0000 ns/op
OverheadWarmup   2: 31457280 op, 798.00 ns, 0.0000 ns/op
OverheadWarmup   3: 31457280 op, 735.00 ns, 0.0000 ns/op
OverheadWarmup   4: 31457280 op, 733.00 ns, 0.0000 ns/op
OverheadWarmup   5: 31457280 op, 748.00 ns, 0.0000 ns/op
OverheadWarmup   6: 31457280 op, 790.00 ns, 0.0000 ns/op
OverheadWarmup   7: 31457280 op, 773.00 ns, 0.0000 ns/op
OverheadWarmup   8: 31457280 op, 757.00 ns, 0.0000 ns/op
OverheadWarmup   9: 31457280 op, 755.00 ns, 0.0000 ns/op
OverheadWarmup  10: 31457280 op, 773.00 ns, 0.0000 ns/op

OverheadActual   1: 31457280 op, 1098.00 ns, 0.0000 ns/op
OverheadActual   2: 31457280 op, 965.00 ns, 0.0000 ns/op
OverheadActual   3: 31457280 op, 984.00 ns, 0.0000 ns/op
OverheadActual   4: 31457280 op, 825.00 ns, 0.0000 ns/op
OverheadActual   5: 31457280 op, 1008.00 ns, 0.0000 ns/op
OverheadActual   6: 31457280 op, 747.00 ns, 0.0000 ns/op
OverheadActual   7: 31457280 op, 746.00 ns, 0.0000 ns/op
OverheadActual   8: 31457280 op, 745.00 ns, 0.0000 ns/op
OverheadActual   9: 31457280 op, 723.00 ns, 0.0000 ns/op
OverheadActual  10: 31457280 op, 721.00 ns, 0.0000 ns/op
OverheadActual  11: 31457280 op, 739.00 ns, 0.0000 ns/op
OverheadActual  12: 31457280 op, 729.00 ns, 0.0000 ns/op
OverheadActual  13: 31457280 op, 761.00 ns, 0.0000 ns/op
OverheadActual  14: 31457280 op, 752.00 ns, 0.0000 ns/op
OverheadActual  15: 31457280 op, 758.00 ns, 0.0000 ns/op
OverheadActual  16: 31457280 op, 785.00 ns, 0.0000 ns/op
OverheadActual  17: 31457280 op, 788.00 ns, 0.0000 ns/op

WorkloadWarmup   1: 31457280 op, 254180310.00 ns, 8.0802 ns/op
WorkloadWarmup   2: 31457280 op, 255469692.00 ns, 8.1212 ns/op
WorkloadWarmup   3: 31457280 op, 253280214.00 ns, 8.0516 ns/op
WorkloadWarmup   4: 31457280 op, 256112172.00 ns, 8.1416 ns/op
WorkloadWarmup   5: 31457280 op, 253634092.00 ns, 8.0628 ns/op
WorkloadWarmup   6: 31457280 op, 291507943.00 ns, 9.2668 ns/op
WorkloadWarmup   7: 31457280 op, 254270897.00 ns, 8.0831 ns/op
WorkloadWarmup   8: 31457280 op, 255914084.00 ns, 8.1353 ns/op
WorkloadWarmup   9: 31457280 op, 253838670.00 ns, 8.0693 ns/op
WorkloadWarmup  10: 31457280 op, 253542862.00 ns, 8.0599 ns/op
WorkloadWarmup  11: 31457280 op, 255104400.00 ns, 8.1096 ns/op
WorkloadWarmup  12: 31457280 op, 255742070.00 ns, 8.1298 ns/op
WorkloadWarmup  13: 31457280 op, 252987974.00 ns, 8.0423 ns/op
WorkloadWarmup  14: 31457280 op, 266082618.00 ns, 8.4585 ns/op
WorkloadWarmup  15: 31457280 op, 254747564.00 ns, 8.0982 ns/op
WorkloadWarmup  16: 31457280 op, 259772111.00 ns, 8.2579 ns/op

// BeforeActualRun
WorkloadActual   1: 31457280 op, 257450481.00 ns, 8.1841 ns/op
WorkloadActual   2: 31457280 op, 256537390.00 ns, 8.1551 ns/op
WorkloadActual   3: 31457280 op, 256621061.00 ns, 8.1578 ns/op
WorkloadActual   4: 31457280 op, 254743907.00 ns, 8.0981 ns/op
WorkloadActual   5: 31457280 op, 259274932.00 ns, 8.2421 ns/op
WorkloadActual   6: 31457280 op, 257376122.00 ns, 8.1818 ns/op
WorkloadActual   7: 31457280 op, 257583589.00 ns, 8.1884 ns/op
WorkloadActual   8: 31457280 op, 269895465.00 ns, 8.5797 ns/op
WorkloadActual   9: 31457280 op, 256064588.00 ns, 8.1401 ns/op
WorkloadActual  10: 31457280 op, 257624854.00 ns, 8.1897 ns/op
WorkloadActual  11: 31457280 op, 256843978.00 ns, 8.1649 ns/op
WorkloadActual  12: 31457280 op, 257505300.00 ns, 8.1859 ns/op

// AfterActualRun
WorkloadResult   1: 31457280 op, 257449723.00 ns, 8.1841 ns/op
WorkloadResult   2: 31457280 op, 256536632.00 ns, 8.1551 ns/op
WorkloadResult   3: 31457280 op, 256620303.00 ns, 8.1577 ns/op
WorkloadResult   4: 31457280 op, 254743149.00 ns, 8.0981 ns/op
WorkloadResult   5: 31457280 op, 257375364.00 ns, 8.1817 ns/op
WorkloadResult   6: 31457280 op, 257582831.00 ns, 8.1883 ns/op
WorkloadResult   7: 31457280 op, 256063830.00 ns, 8.1400 ns/op
WorkloadResult   8: 31457280 op, 257624096.00 ns, 8.1896 ns/op
WorkloadResult   9: 31457280 op, 256843220.00 ns, 8.1648 ns/op
WorkloadResult  10: 31457280 op, 257504542.00 ns, 8.1858 ns/op
// GC:  0 0 0 0 31457280
// Threading:  0 0 31457280

// AfterAll
// Benchmark Process 338 has exited with code 0.

Mean = 8.165 ns, StdErr = 0.009 ns (0.11%), N = 10, StdDev = 0.029 ns
Min = 8.098 ns, Q1 = 8.156 ns, Median = 8.173 ns, Q3 = 8.185 ns, Max = 8.190 ns
IQR = 0.030 ns, LowerFence = 8.111 ns, UpperFence = 8.230 ns
ConfidenceInterval = [8.121 ns; 8.208 ns] (CI 99.9%), Margin = 0.044 ns (0.53% of Mean)
Skewness = -1.08, Kurtosis = 3.05, MValue = 2

// ** Remained 37 (68.5 %) benchmark(s) to run. Estimated finish 2026-09-09 10:22 (0h 7m from now) **
// **************************
// Benchmark: ConsumerBenchmarks<SumConsumer>.FusedBatch8: JitCore4(IterationCount=12, IterationTime=250ms, WarmupCount=16) [Pattern=Repeated]
// *** Execute ***
// Launch: 1 / 1
// Execute: dotnet ConsumerFusion-JitCore4-1.dll --anonymousPipes 116 117 --benchmarkName "Tl.ConsumerFusion.ConsumerBenchmarks<SumConsumer>.FusedBatch8(Pattern: Repeated)" --job JitCore4 --benchmarkId 17 in /home/i/Work/tl-consumer-fusion/benchmarks/ConsumerFusion/bin/Release/net10.0/ConsumerFusion-JitCore4-1/bin/Release/net10.0
// Failed to set up high priority (Permission denied). In order to run benchmarks with high priority, make sure you have the right permissions.
// BeforeAnythingElse

// Benchmark Process Environment Information:
// BenchmarkDotNet v0.15.8
// Runtime=.NET 10.0.11 (10.0.11, 10.0.1126.37416), X64 RyuJIT x86-64-v3
// GC=Concurrent Workstation
// HardwareIntrinsics=AVX2+BMI1+BMI2+F16C+FMA+LZCNT+MOVBE,AVX,SSE3+SSSE3+SSE4.1+SSE4.2+POPCNT,X86Base+SSE+SSE2,AES+PCLMUL,AvxVnni,SERIALIZE VectorSize=256
// Job: JitCore4(IterationCount=12, IterationTime=250ms, WarmupCount=16)

Generated source SHA-256: 7bdbf05933e474d7a938b65943dea9904c38e119da36a57eeee6037572f9e30f
Consumer source SHA-256: b6d3bebc1792904814ea060ef98da24a1bb83a7902917f967347d44ba9cc4197
SumConsumer/Repeated: ConsumerReceipt { Playback = Playback { Tick = 321, Cycles = 0, Flags = Started }, SumBits = 1231028224, TrackOffsets = 0, Enters = 0, Stays = 0, Exits = 0, Callbacks = 0, Audit = 0 }
Preparation receipt: 6714027933696
OverheadJitting  1: 65536 op, 98905.00 ns, 1.5092 ns/op
WorkloadJitting  1: 65536 op, 430917.00 ns, 6.5753 ns/op

OverheadJitting  2: 1048576 op, 119154.00 ns, 0.1136 ns/op
WorkloadJitting  2: 1048576 op, 4652723.00 ns, 4.4372 ns/op

WorkloadPilot    1: 1048576 op, 4517103.00 ns, 4.3078 ns/op
WorkloadPilot    2: 58720256 op, 252021618.00 ns, 4.2919 ns/op

OverheadWarmup   1: 58720256 op, 1466.00 ns, 0.0000 ns/op
OverheadWarmup   2: 58720256 op, 1195.00 ns, 0.0000 ns/op
OverheadWarmup   3: 58720256 op, 1192.00 ns, 0.0000 ns/op
OverheadWarmup   4: 58720256 op, 1180.00 ns, 0.0000 ns/op
OverheadWarmup   5: 58720256 op, 1211.00 ns, 0.0000 ns/op
OverheadWarmup   6: 58720256 op, 1208.00 ns, 0.0000 ns/op
OverheadWarmup   7: 58720256 op, 1222.00 ns, 0.0000 ns/op
OverheadWarmup   8: 58720256 op, 1204.00 ns, 0.0000 ns/op

OverheadActual   1: 58720256 op, 1416.00 ns, 0.0000 ns/op
OverheadActual   2: 58720256 op, 1416.00 ns, 0.0000 ns/op
OverheadActual   3: 58720256 op, 1415.00 ns, 0.0000 ns/op
OverheadActual   4: 58720256 op, 1300.00 ns, 0.0000 ns/op
OverheadActual   5: 58720256 op, 1414.00 ns, 0.0000 ns/op
OverheadActual   6: 58720256 op, 1195.00 ns, 0.0000 ns/op
OverheadActual   7: 58720256 op, 1187.00 ns, 0.0000 ns/op
OverheadActual   8: 58720256 op, 1179.00 ns, 0.0000 ns/op
OverheadActual   9: 58720256 op, 1179.00 ns, 0.0000 ns/op
OverheadActual  10: 58720256 op, 1180.00 ns, 0.0000 ns/op
OverheadActual  11: 58720256 op, 1197.00 ns, 0.0000 ns/op
OverheadActual  12: 58720256 op, 1212.00 ns, 0.0000 ns/op
OverheadActual  13: 58720256 op, 1206.00 ns, 0.0000 ns/op
OverheadActual  14: 58720256 op, 1218.00 ns, 0.0000 ns/op
OverheadActual  15: 58720256 op, 1207.00 ns, 0.0000 ns/op
OverheadActual  16: 58720256 op, 1205.00 ns, 0.0000 ns/op
OverheadActual  17: 58720256 op, 1223.00 ns, 0.0000 ns/op
OverheadActual  18: 58720256 op, 1375.00 ns, 0.0000 ns/op
OverheadActual  19: 58720256 op, 1227.00 ns, 0.0000 ns/op
OverheadActual  20: 58720256 op, 1200.00 ns, 0.0000 ns/op

WorkloadWarmup   1: 58720256 op, 251836823.00 ns, 4.2888 ns/op
WorkloadWarmup   2: 58720256 op, 251845854.00 ns, 4.2889 ns/op
WorkloadWarmup   3: 58720256 op, 251826917.00 ns, 4.2886 ns/op
WorkloadWarmup   4: 58720256 op, 252050550.00 ns, 4.2924 ns/op
WorkloadWarmup   5: 58720256 op, 251901605.00 ns, 4.2899 ns/op
WorkloadWarmup   6: 58720256 op, 251652945.00 ns, 4.2856 ns/op
WorkloadWarmup   7: 58720256 op, 281981081.00 ns, 4.8021 ns/op
WorkloadWarmup   8: 58720256 op, 251990355.00 ns, 4.2914 ns/op
WorkloadWarmup   9: 58720256 op, 251957296.00 ns, 4.2908 ns/op
WorkloadWarmup  10: 58720256 op, 251763506.00 ns, 4.2875 ns/op
WorkloadWarmup  11: 58720256 op, 251681537.00 ns, 4.2861 ns/op
WorkloadWarmup  12: 58720256 op, 252054515.00 ns, 4.2925 ns/op
WorkloadWarmup  13: 58720256 op, 251988452.00 ns, 4.2913 ns/op
WorkloadWarmup  14: 58720256 op, 251994550.00 ns, 4.2914 ns/op
WorkloadWarmup  15: 58720256 op, 262744780.00 ns, 4.4745 ns/op
WorkloadWarmup  16: 58720256 op, 253033874.00 ns, 4.3091 ns/op

// BeforeActualRun
WorkloadActual   1: 58720256 op, 252515428.00 ns, 4.3003 ns/op
WorkloadActual   2: 58720256 op, 251517388.00 ns, 4.2833 ns/op
WorkloadActual   3: 58720256 op, 251690209.00 ns, 4.2863 ns/op
WorkloadActual   4: 58720256 op, 252538429.00 ns, 4.3007 ns/op
WorkloadActual   5: 58720256 op, 252546563.00 ns, 4.3008 ns/op
WorkloadActual   6: 58720256 op, 251839314.00 ns, 4.2888 ns/op
WorkloadActual   7: 58720256 op, 262034794.00 ns, 4.4624 ns/op
WorkloadActual   8: 58720256 op, 258274245.00 ns, 4.3984 ns/op
WorkloadActual   9: 58720256 op, 252214973.00 ns, 4.2952 ns/op
WorkloadActual  10: 58720256 op, 252126555.00 ns, 4.2937 ns/op
WorkloadActual  11: 58720256 op, 251689231.00 ns, 4.2862 ns/op
WorkloadActual  12: 58720256 op, 252029528.00 ns, 4.2920 ns/op

// AfterActualRun
WorkloadResult   1: 58720256 op, 252514218.50 ns, 4.3003 ns/op
WorkloadResult   2: 58720256 op, 251516178.50 ns, 4.2833 ns/op
WorkloadResult   3: 58720256 op, 251688999.50 ns, 4.2862 ns/op
WorkloadResult   4: 58720256 op, 252537219.50 ns, 4.3007 ns/op
WorkloadResult   5: 58720256 op, 252545353.50 ns, 4.3008 ns/op
WorkloadResult   6: 58720256 op, 251838104.50 ns, 4.2888 ns/op
WorkloadResult   7: 58720256 op, 252213763.50 ns, 4.2952 ns/op
WorkloadResult   8: 58720256 op, 252125345.50 ns, 4.2937 ns/op
WorkloadResult   9: 58720256 op, 251688021.50 ns, 4.2862 ns/op
WorkloadResult  10: 58720256 op, 252028318.50 ns, 4.2920 ns/op
// GC:  0 0 0 0 58720256
// Threading:  0 0 58720256

// AfterAll
// Benchmark Process 346 has exited with code 0.

Mean = 4.293 ns, StdErr = 0.002 ns (0.05%), N = 10, StdDev = 0.007 ns
Min = 4.283 ns, Q1 = 4.287 ns, Median = 4.293 ns, Q3 = 4.299 ns, Max = 4.301 ns
IQR = 0.012 ns, LowerFence = 4.269 ns, UpperFence = 4.317 ns
ConfidenceInterval = [4.283 ns; 4.303 ns] (CI 99.9%), Margin = 0.010 ns (0.23% of Mean)
Skewness = 0.02, Kurtosis = 1.29, MValue = 2

// ** Remained 36 (66.7 %) benchmark(s) to run. Estimated finish 2026-09-09 10:22 (0h 7m from now) **
// ***** BenchmarkRunner: Finish  *****

// * Export *
  benchmarks/ConsumerFusion/results/measurement/results/Tl.ConsumerFusion.ConsumerBenchmarks_SumConsumer_-report.csv
  benchmarks/ConsumerFusion/results/measurement/results/Tl.ConsumerFusion.ConsumerBenchmarks_SumConsumer_-report-github.md
  benchmarks/ConsumerFusion/results/measurement/results/Tl.ConsumerFusion.ConsumerBenchmarks_SumConsumer_-report.html
  benchmarks/ConsumerFusion/results/measurement/results/Tl.ConsumerFusion.ConsumerBenchmarks_SumConsumer_-report-full.json

// * Detailed results *
ConsumerBenchmarks<SumConsumer>.InterpreterSingle: JitCore4(IterationCount=12, IterationTime=250ms, WarmupCount=16) [Pattern=Sequential]
Runtime = .NET 10.0.11 (10.0.11, 10.0.1126.37416), X64 RyuJIT x86-64-v3; GC = Concurrent Workstation
Mean = 12.617 ns, StdErr = 0.002 ns (0.02%), N = 10, StdDev = 0.008 ns
Min = 12.610 ns, Q1 = 12.611 ns, Median = 12.614 ns, Q3 = 12.624 ns, Max = 12.631 ns
IQR = 0.012 ns, LowerFence = 12.593 ns, UpperFence = 12.642 ns
ConfidenceInterval = [12.606 ns; 12.629 ns] (CI 99.9%), Margin = 0.012 ns (0.09% of Mean)
Skewness = 0.62, Kurtosis = 1.57, MValue = 2
-------------------- Histogram --------------------
[12.605 ns ; 12.636 ns) | @@@@@@@@@@
---------------------------------------------------

ConsumerBenchmarks<SumConsumer>.CompiledSingle: JitCore4(IterationCount=12, IterationTime=250ms, WarmupCount=16) [Pattern=Sequential]
Runtime = .NET 10.0.11 (10.0.11, 10.0.1126.37416), X64 RyuJIT x86-64-v3; GC = Concurrent Workstation
Mean = 14.266 ns, StdErr = 0.002 ns (0.02%), N = 10, StdDev = 0.007 ns
Min = 14.257 ns, Q1 = 14.259 ns, Median = 14.269 ns, Q3 = 14.272 ns, Max = 14.275 ns
IQR = 0.013 ns, LowerFence = 14.240 ns, UpperFence = 14.290 ns
ConfidenceInterval = [14.255 ns; 14.277 ns] (CI 99.9%), Margin = 0.011 ns (0.08% of Mean)
Skewness = -0.16, Kurtosis = 1.12, MValue = 2
-------------------- Histogram --------------------
[14.252 ns ; 14.280 ns) | @@@@@@@@@@
---------------------------------------------------

ConsumerBenchmarks<SumConsumer>.FusedSingle: JitCore4(IterationCount=12, IterationTime=250ms, WarmupCount=16) [Pattern=Sequential]
Runtime = .NET 10.0.11 (10.0.11, 10.0.1126.37416), X64 RyuJIT x86-64-v3; GC = Concurrent Workstation
Mean = 2.466 ns, StdErr = 0.000 ns (0.02%), N = 9, StdDev = 0.001 ns
Min = 2.464 ns, Q1 = 2.466 ns, Median = 2.466 ns, Q3 = 2.466 ns, Max = 2.470 ns
IQR = 0.000 ns, LowerFence = 2.466 ns, UpperFence = 2.467 ns
ConfidenceInterval = [2.464 ns; 2.469 ns] (CI 99.9%), Margin = 0.002 ns (0.10% of Mean)
Skewness = 0.61, Kurtosis = 2.88, MValue = 2
-------------------- Histogram --------------------
[2.463 ns ; 2.470 ns) | @@@@@@@@@
---------------------------------------------------

ConsumerBenchmarks<SumConsumer>.InterpreterBatch8: JitCore4(IterationCount=12, IterationTime=250ms, WarmupCount=16) [Pattern=Sequential]
Runtime = .NET 10.0.11 (10.0.11, 10.0.1126.37416), X64 RyuJIT x86-64-v3; GC = Concurrent Workstation
Mean = 8.551 ns, StdErr = 0.012 ns (0.14%), N = 10, StdDev = 0.039 ns
Min = 8.521 ns, Q1 = 8.535 ns, Median = 8.538 ns, Q3 = 8.557 ns, Max = 8.655 ns
IQR = 0.022 ns, LowerFence = 8.502 ns, UpperFence = 8.591 ns
ConfidenceInterval = [8.492 ns; 8.611 ns] (CI 99.9%), Margin = 0.059 ns (0.69% of Mean)
Skewness = 1.77, Kurtosis = 5.07, MValue = 2
-------------------- Histogram --------------------
[8.497 ns ; 8.679 ns) | @@@@@@@@@@
---------------------------------------------------

ConsumerBenchmarks<SumConsumer>.CompiledBatch8: JitCore4(IterationCount=12, IterationTime=250ms, WarmupCount=16) [Pattern=Sequential]
Runtime = .NET 10.0.11 (10.0.11, 10.0.1126.37416), X64 RyuJIT x86-64-v3; GC = Concurrent Workstation
Mean = 7.001 ns, StdErr = 0.017 ns (0.24%), N = 10, StdDev = 0.052 ns
Min = 6.944 ns, Q1 = 6.977 ns, Median = 6.992 ns, Q3 = 6.998 ns, Max = 7.137 ns
IQR = 0.022 ns, LowerFence = 6.944 ns, UpperFence = 7.030 ns
ConfidenceInterval = [6.922 ns; 7.080 ns] (CI 99.9%), Margin = 0.079 ns (1.13% of Mean)
Skewness = 1.56, Kurtosis = 4.69, MValue = 2
-------------------- Histogram --------------------
[6.912 ns ; 7.169 ns) | @@@@@@@@@@
---------------------------------------------------

ConsumerBenchmarks<SumConsumer>.FusedBatch8: JitCore4(IterationCount=12, IterationTime=250ms, WarmupCount=16) [Pattern=Sequential]
Runtime = .NET 10.0.11 (10.0.11, 10.0.1126.37416), X64 RyuJIT x86-64-v3; GC = Concurrent Workstation
Mean = 2.837 ns, StdErr = 0.001 ns (0.02%), N = 9, StdDev = 0.002 ns
Min = 2.835 ns, Q1 = 2.836 ns, Median = 2.836 ns, Q3 = 2.837 ns, Max = 2.842 ns
IQR = 0.001 ns, LowerFence = 2.834 ns, UpperFence = 2.838 ns
ConfidenceInterval = [2.833 ns; 2.840 ns] (CI 99.9%), Margin = 0.003 ns (0.12% of Mean)
Skewness = 1.61, Kurtosis = 4.45, MValue = 2
-------------------- Histogram --------------------
[2.834 ns ; 2.843 ns) | @@@@@@@@@
---------------------------------------------------

ConsumerBenchmarks<SumConsumer>.InterpreterSingle: JitCore4(IterationCount=12, IterationTime=250ms, WarmupCount=16) [Pattern=Random]
Runtime = .NET 10.0.11 (10.0.11, 10.0.1126.37416), X64 RyuJIT x86-64-v3; GC = Concurrent Workstation
Mean = 20.202 ns, StdErr = 0.009 ns (0.04%), N = 11, StdDev = 0.029 ns
Min = 20.162 ns, Q1 = 20.182 ns, Median = 20.197 ns, Q3 = 20.220 ns, Max = 20.255 ns
IQR = 0.037 ns, LowerFence = 20.126 ns, UpperFence = 20.276 ns
ConfidenceInterval = [20.162 ns; 20.243 ns] (CI 99.9%), Margin = 0.040 ns (0.20% of Mean)
Skewness = 0.2, Kurtosis = 1.74, MValue = 2
-------------------- Histogram --------------------
[20.145 ns ; 20.272 ns) | @@@@@@@@@@@
---------------------------------------------------

ConsumerBenchmarks<SumConsumer>.CompiledSingle: JitCore4(IterationCount=12, IterationTime=250ms, WarmupCount=16) [Pattern=Random]
Runtime = .NET 10.0.11 (10.0.11, 10.0.1126.37416), X64 RyuJIT x86-64-v3; GC = Concurrent Workstation
Mean = 23.533 ns, StdErr = 0.010 ns (0.04%), N = 11, StdDev = 0.032 ns
Min = 23.491 ns, Q1 = 23.512 ns, Median = 23.527 ns, Q3 = 23.547 ns, Max = 23.611 ns
IQR = 0.035 ns, LowerFence = 23.460 ns, UpperFence = 23.599 ns
ConfidenceInterval = [23.489 ns; 23.578 ns] (CI 99.9%), Margin = 0.044 ns (0.19% of Mean)
Skewness = 1.05, Kurtosis = 3.59, MValue = 2
-------------------- Histogram --------------------
[23.472 ns ; 23.630 ns) | @@@@@@@@@@@
---------------------------------------------------

ConsumerBenchmarks<SumConsumer>.FusedSingle: JitCore4(IterationCount=12, IterationTime=250ms, WarmupCount=16) [Pattern=Random]
Runtime = .NET 10.0.11 (10.0.11, 10.0.1126.37416), X64 RyuJIT x86-64-v3; GC = Concurrent Workstation
Mean = 8.378 ns, StdErr = 0.005 ns (0.06%), N = 10, StdDev = 0.016 ns
Min = 8.352 ns, Q1 = 8.366 ns, Median = 8.381 ns, Q3 = 8.389 ns, Max = 8.398 ns
IQR = 0.023 ns, LowerFence = 8.331 ns, UpperFence = 8.424 ns
ConfidenceInterval = [8.353 ns; 8.402 ns] (CI 99.9%), Margin = 0.024 ns (0.29% of Mean)
Skewness = -0.33, Kurtosis = 1.47, MValue = 2
-------------------- Histogram --------------------
[8.342 ns ; 8.408 ns) | @@@@@@@@@@
---------------------------------------------------

ConsumerBenchmarks<SumConsumer>.InterpreterBatch8: JitCore4(IterationCount=12, IterationTime=250ms, WarmupCount=16) [Pattern=Random]
Runtime = .NET 10.0.11 (10.0.11, 10.0.1126.37416), X64 RyuJIT x86-64-v3; GC = Concurrent Workstation
Mean = 17.418 ns, StdErr = 0.006 ns (0.03%), N = 11, StdDev = 0.020 ns
Min = 17.392 ns, Q1 = 17.404 ns, Median = 17.414 ns, Q3 = 17.429 ns, Max = 17.455 ns
IQR = 0.025 ns, LowerFence = 17.367 ns, UpperFence = 17.467 ns
ConfidenceInterval = [17.390 ns; 17.446 ns] (CI 99.9%), Margin = 0.028 ns (0.16% of Mean)
Skewness = 0.41, Kurtosis = 1.86, MValue = 2
-------------------- Histogram --------------------
[17.380 ns ; 17.467 ns) | @@@@@@@@@@@
---------------------------------------------------

ConsumerBenchmarks<SumConsumer>.CompiledBatch8: JitCore4(IterationCount=12, IterationTime=250ms, WarmupCount=16) [Pattern=Random]
Runtime = .NET 10.0.11 (10.0.11, 10.0.1126.37416), X64 RyuJIT x86-64-v3; GC = Concurrent Workstation
Mean = 16.133 ns, StdErr = 0.010 ns (0.06%), N = 11, StdDev = 0.033 ns
Min = 16.080 ns, Q1 = 16.114 ns, Median = 16.122 ns, Q3 = 16.157 ns, Max = 16.197 ns
IQR = 0.043 ns, LowerFence = 16.049 ns, UpperFence = 16.222 ns
ConfidenceInterval = [16.087 ns; 16.179 ns] (CI 99.9%), Margin = 0.046 ns (0.28% of Mean)
Skewness = 0.33, Kurtosis = 2.08, MValue = 2
-------------------- Histogram --------------------
[16.060 ns ; 16.216 ns) | @@@@@@@@@@@
---------------------------------------------------

ConsumerBenchmarks<SumConsumer>.FusedBatch8: JitCore4(IterationCount=12, IterationTime=250ms, WarmupCount=16) [Pattern=Random]
Runtime = .NET 10.0.11 (10.0.11, 10.0.1126.37416), X64 RyuJIT x86-64-v3; GC = Concurrent Workstation
Mean = 7.854 ns, StdErr = 0.004 ns (0.05%), N = 10, StdDev = 0.012 ns
Min = 7.836 ns, Q1 = 7.845 ns, Median = 7.851 ns, Q3 = 7.862 ns, Max = 7.875 ns
IQR = 0.017 ns, LowerFence = 7.820 ns, UpperFence = 7.887 ns
ConfidenceInterval = [7.835 ns; 7.872 ns] (CI 99.9%), Margin = 0.018 ns (0.24% of Mean)
Skewness = 0.34, Kurtosis = 1.68, MValue = 2
-------------------- Histogram --------------------
[7.829 ns ; 7.883 ns) | @@@@@@@@@@
---------------------------------------------------

ConsumerBenchmarks<SumConsumer>.InterpreterSingle: JitCore4(IterationCount=12, IterationTime=250ms, WarmupCount=16) [Pattern=Repeated]
Runtime = .NET 10.0.11 (10.0.11, 10.0.1126.37416), X64 RyuJIT x86-64-v3; GC = Concurrent Workstation
Mean = 14.198 ns, StdErr = 0.003 ns (0.02%), N = 10, StdDev = 0.008 ns
Min = 14.184 ns, Q1 = 14.194 ns, Median = 14.200 ns, Q3 = 14.204 ns, Max = 14.209 ns
IQR = 0.010 ns, LowerFence = 14.178 ns, UpperFence = 14.220 ns
ConfidenceInterval = [14.186 ns; 14.211 ns] (CI 99.9%), Margin = 0.013 ns (0.09% of Mean)
Skewness = -0.43, Kurtosis = 1.71, MValue = 2
-------------------- Histogram --------------------
[14.179 ns ; 14.214 ns) | @@@@@@@@@@
---------------------------------------------------

ConsumerBenchmarks<SumConsumer>.CompiledSingle: JitCore4(IterationCount=12, IterationTime=250ms, WarmupCount=16) [Pattern=Repeated]
Runtime = .NET 10.0.11 (10.0.11, 10.0.1126.37416), X64 RyuJIT x86-64-v3; GC = Concurrent Workstation
Mean = 15.551 ns, StdErr = 0.003 ns (0.02%), N = 11, StdDev = 0.011 ns
Min = 15.533 ns, Q1 = 15.545 ns, Median = 15.549 ns, Q3 = 15.558 ns, Max = 15.568 ns
IQR = 0.014 ns, LowerFence = 15.524 ns, UpperFence = 15.579 ns
ConfidenceInterval = [15.536 ns; 15.566 ns] (CI 99.9%), Margin = 0.015 ns (0.10% of Mean)
Skewness = 0.1, Kurtosis = 1.7, MValue = 2
-------------------- Histogram --------------------
[15.527 ns ; 15.575 ns) | @@@@@@@@@@@
---------------------------------------------------

ConsumerBenchmarks<SumConsumer>.FusedSingle: JitCore4(IterationCount=12, IterationTime=250ms, WarmupCount=16) [Pattern=Repeated]
Runtime = .NET 10.0.11 (10.0.11, 10.0.1126.37416), X64 RyuJIT x86-64-v3; GC = Concurrent Workstation
Mean = 2.366 ns, StdErr = 0.001 ns (0.05%), N = 10, StdDev = 0.004 ns
Min = 2.364 ns, Q1 = 2.364 ns, Median = 2.365 ns, Q3 = 2.367 ns, Max = 2.375 ns
IQR = 0.003 ns, LowerFence = 2.360 ns, UpperFence = 2.371 ns
ConfidenceInterval = [2.361 ns; 2.372 ns] (CI 99.9%), Margin = 0.005 ns (0.22% of Mean)
Skewness = 1.65, Kurtosis = 4.52, MValue = 2
-------------------- Histogram --------------------
[2.362 ns ; 2.377 ns) | @@@@@@@@@@
---------------------------------------------------

ConsumerBenchmarks<SumConsumer>.InterpreterBatch8: JitCore4(IterationCount=12, IterationTime=250ms, WarmupCount=16) [Pattern=Repeated]
Runtime = .NET 10.0.11 (10.0.11, 10.0.1126.37416), X64 RyuJIT x86-64-v3; GC = Concurrent Workstation
Mean = 9.498 ns, StdErr = 0.006 ns (0.06%), N = 11, StdDev = 0.019 ns
Min = 9.465 ns, Q1 = 9.484 ns, Median = 9.502 ns, Q3 = 9.508 ns, Max = 9.524 ns
IQR = 0.024 ns, LowerFence = 9.448 ns, UpperFence = 9.544 ns
ConfidenceInterval = [9.472 ns; 9.524 ns] (CI 99.9%), Margin = 0.026 ns (0.27% of Mean)
Skewness = -0.17, Kurtosis = 1.69, MValue = 2
-------------------- Histogram --------------------
[9.454 ns ; 9.535 ns) | @@@@@@@@@@@
---------------------------------------------------

ConsumerBenchmarks<SumConsumer>.CompiledBatch8: JitCore4(IterationCount=12, IterationTime=250ms, WarmupCount=16) [Pattern=Repeated]
Runtime = .NET 10.0.11 (10.0.11, 10.0.1126.37416), X64 RyuJIT x86-64-v3; GC = Concurrent Workstation
Mean = 8.165 ns, StdErr = 0.009 ns (0.11%), N = 10, StdDev = 0.029 ns
Min = 8.098 ns, Q1 = 8.156 ns, Median = 8.173 ns, Q3 = 8.185 ns, Max = 8.190 ns
IQR = 0.030 ns, LowerFence = 8.111 ns, UpperFence = 8.230 ns
ConfidenceInterval = [8.121 ns; 8.208 ns] (CI 99.9%), Margin = 0.044 ns (0.53% of Mean)
Skewness = -1.08, Kurtosis = 3.05, MValue = 2
-------------------- Histogram --------------------
[8.080 ns ; 8.207 ns) | @@@@@@@@@@
---------------------------------------------------

ConsumerBenchmarks<SumConsumer>.FusedBatch8: JitCore4(IterationCount=12, IterationTime=250ms, WarmupCount=16) [Pattern=Repeated]
Runtime = .NET 10.0.11 (10.0.11, 10.0.1126.37416), X64 RyuJIT x86-64-v3; GC = Concurrent Workstation
Mean = 4.293 ns, StdErr = 0.002 ns (0.05%), N = 10, StdDev = 0.007 ns
Min = 4.283 ns, Q1 = 4.287 ns, Median = 4.293 ns, Q3 = 4.299 ns, Max = 4.301 ns
IQR = 0.012 ns, LowerFence = 4.269 ns, UpperFence = 4.317 ns
ConfidenceInterval = [4.283 ns; 4.303 ns] (CI 99.9%), Margin = 0.010 ns (0.23% of Mean)
Skewness = 0.02, Kurtosis = 1.29, MValue = 2
-------------------- Histogram --------------------
[4.279 ns ; 4.305 ns) | @@@@@@@@@@
---------------------------------------------------

// * Summary *

BenchmarkDotNet v0.15.8, Linux Omarchy
Intel Core i9-14900K 0.80GHz, 1 CPU, 32 logical and 24 physical cores
.NET SDK 10.0.400
  [Host]   : .NET 10.0.11 (10.0.11, 10.0.1126.37416), X64 RyuJIT x86-64-v3
  JitCore4 : .NET 10.0.11 (10.0.11, 10.0.1126.37416), X64 RyuJIT x86-64-v3

Job=JitCore4  IterationCount=12  IterationTime=250ms  
WarmupCount=16  

| Method            | Pattern    | Mean      | Error     | StdDev    | Median    | Ratio | Allocated | Alloc Ratio |
|------------------ |----------- |----------:|----------:|----------:|----------:|------:|----------:|------------:|
| InterpreterSingle | Sequential | 12.617 ns | 0.0116 ns | 0.0077 ns | 12.614 ns |  1.00 |         - |          NA |
| CompiledSingle    | Sequential | 14.266 ns | 0.0110 ns | 0.0073 ns | 14.269 ns |  1.13 |         - |          NA |
| FusedSingle       | Sequential |  2.466 ns | 0.0024 ns | 0.0015 ns |  2.466 ns |  0.20 |         - |          NA |
| InterpreterBatch8 | Sequential |  8.551 ns | 0.0591 ns | 0.0391 ns |  8.538 ns |  0.68 |         - |          NA |
| CompiledBatch8    | Sequential |  7.001 ns | 0.0791 ns | 0.0523 ns |  6.992 ns |  0.55 |         - |          NA |
| FusedBatch8       | Sequential |  2.837 ns | 0.0035 ns | 0.0021 ns |  2.836 ns |  0.22 |         - |          NA |
|                   |            |           |           |           |           |       |           |             |
| InterpreterSingle | Random     | 20.202 ns | 0.0405 ns | 0.0293 ns | 20.197 ns |  1.00 |         - |          NA |
| CompiledSingle    | Random     | 23.533 ns | 0.0442 ns | 0.0320 ns | 23.527 ns |  1.16 |         - |          NA |
| FusedSingle       | Random     |  8.378 ns | 0.0241 ns | 0.0160 ns |  8.381 ns |  0.41 |         - |          NA |
| InterpreterBatch8 | Random     | 17.418 ns | 0.0278 ns | 0.0201 ns | 17.414 ns |  0.86 |         - |          NA |
| CompiledBatch8    | Random     | 16.133 ns | 0.0457 ns | 0.0330 ns | 16.122 ns |  0.80 |         - |          NA |
| FusedBatch8       | Random     |  7.854 ns | 0.0185 ns | 0.0122 ns |  7.851 ns |  0.39 |         - |          NA |
|                   |            |           |           |           |           |       |           |             |
| InterpreterSingle | Repeated   | 14.198 ns | 0.0126 ns | 0.0083 ns | 14.200 ns |  1.00 |         - |          NA |
| CompiledSingle    | Repeated   | 15.551 ns | 0.0153 ns | 0.0110 ns | 15.549 ns |  1.10 |         - |          NA |
| FusedSingle       | Repeated   |  2.366 ns | 0.0053 ns | 0.0035 ns |  2.365 ns |  0.17 |         - |          NA |
| InterpreterBatch8 | Repeated   |  9.498 ns | 0.0260 ns | 0.0188 ns |  9.502 ns |  0.67 |         - |          NA |
| CompiledBatch8    | Repeated   |  8.165 ns | 0.0436 ns | 0.0288 ns |  8.173 ns |  0.58 |         - |          NA |
| FusedBatch8       | Repeated   |  4.293 ns | 0.0099 ns | 0.0065 ns |  4.293 ns |  0.30 |         - |          NA |

// * Hints *
Outliers
  ConsumerBenchmarks<SumConsumer>.InterpreterSingle: JitCore4 -> 2 outliers were removed (12.92 ns, 13.05 ns)
  ConsumerBenchmarks<SumConsumer>.CompiledSingle: JitCore4    -> 2 outliers were removed (14.31 ns, 15.13 ns)
  ConsumerBenchmarks<SumConsumer>.FusedSingle: JitCore4       -> 3 outliers were removed (2.51 ns..2.54 ns)
  ConsumerBenchmarks<SumConsumer>.InterpreterBatch8: JitCore4 -> 2 outliers were removed (8.84 ns, 9.33 ns)
  ConsumerBenchmarks<SumConsumer>.CompiledBatch8: JitCore4    -> 2 outliers were removed (7.22 ns, 7.27 ns)
  ConsumerBenchmarks<SumConsumer>.FusedBatch8: JitCore4       -> 3 outliers were removed (2.87 ns..2.94 ns)
  ConsumerBenchmarks<SumConsumer>.InterpreterSingle: JitCore4 -> 1 outlier  was  removed (21.46 ns)
  ConsumerBenchmarks<SumConsumer>.CompiledSingle: JitCore4    -> 1 outlier  was  removed (24.82 ns)
  ConsumerBenchmarks<SumConsumer>.FusedSingle: JitCore4       -> 2 outliers were removed (8.49 ns, 8.94 ns)
  ConsumerBenchmarks<SumConsumer>.InterpreterBatch8: JitCore4 -> 1 outlier  was  removed (18.51 ns)
  ConsumerBenchmarks<SumConsumer>.CompiledBatch8: JitCore4    -> 1 outlier  was  removed (17.09 ns)
  ConsumerBenchmarks<SumConsumer>.FusedBatch8: JitCore4       -> 2 outliers were removed (7.93 ns, 8.37 ns)
  ConsumerBenchmarks<SumConsumer>.InterpreterSingle: JitCore4 -> 2 outliers were removed (14.26 ns, 14.98 ns)
  ConsumerBenchmarks<SumConsumer>.CompiledSingle: JitCore4    -> 1 outlier  was  removed (16.46 ns)
  ConsumerBenchmarks<SumConsumer>.FusedSingle: JitCore4       -> 2 outliers were removed (2.40 ns, 2.48 ns)
  ConsumerBenchmarks<SumConsumer>.InterpreterBatch8: JitCore4 -> 1 outlier  was  removed (10.07 ns)
  ConsumerBenchmarks<SumConsumer>.CompiledBatch8: JitCore4    -> 2 outliers were removed, 3 outliers were detected (8.10 ns, 8.24 ns, 8.58 ns)
  ConsumerBenchmarks<SumConsumer>.FusedBatch8: JitCore4       -> 2 outliers were removed (4.40 ns, 4.46 ns)

// * Legends *
  Pattern     : Value of the 'Pattern' parameter
  Mean        : Arithmetic mean of all measurements
  Error       : Half of 99.9% confidence interval
  StdDev      : Standard deviation of all measurements
  Median      : Value separating the higher half of all measurements (50th percentile)
  Ratio       : Mean of the ratio distribution ([Current]/[Baseline])
  Allocated   : Allocated memory per single operation (managed only, inclusive, 1KB = 1024B)
  Alloc Ratio : Allocated memory ratio distribution ([Current]/[Baseline])
  1 ns        : 1 Nanosecond (0.000000001 sec)

// * Diagnostic Output - MemoryDiagnoser *


// ***** BenchmarkRunner: End *****
Run time: 00:03:53 (233.11 sec), executed benchmarks: 18

// Found 18 benchmarks:
//   ConsumerBenchmarks<StateConsumer>.InterpreterSingle: JitCore4(IterationCount=12, IterationTime=250ms, WarmupCount=16) [Pattern=Sequential]
//   ConsumerBenchmarks<StateConsumer>.CompiledSingle: JitCore4(IterationCount=12, IterationTime=250ms, WarmupCount=16) [Pattern=Sequential]
//   ConsumerBenchmarks<StateConsumer>.FusedSingle: JitCore4(IterationCount=12, IterationTime=250ms, WarmupCount=16) [Pattern=Sequential]
//   ConsumerBenchmarks<StateConsumer>.InterpreterBatch8: JitCore4(IterationCount=12, IterationTime=250ms, WarmupCount=16) [Pattern=Sequential]
//   ConsumerBenchmarks<StateConsumer>.CompiledBatch8: JitCore4(IterationCount=12, IterationTime=250ms, WarmupCount=16) [Pattern=Sequential]
//   ConsumerBenchmarks<StateConsumer>.FusedBatch8: JitCore4(IterationCount=12, IterationTime=250ms, WarmupCount=16) [Pattern=Sequential]
//   ConsumerBenchmarks<StateConsumer>.InterpreterSingle: JitCore4(IterationCount=12, IterationTime=250ms, WarmupCount=16) [Pattern=Random]
//   ConsumerBenchmarks<StateConsumer>.CompiledSingle: JitCore4(IterationCount=12, IterationTime=250ms, WarmupCount=16) [Pattern=Random]
//   ConsumerBenchmarks<StateConsumer>.FusedSingle: JitCore4(IterationCount=12, IterationTime=250ms, WarmupCount=16) [Pattern=Random]
//   ConsumerBenchmarks<StateConsumer>.InterpreterBatch8: JitCore4(IterationCount=12, IterationTime=250ms, WarmupCount=16) [Pattern=Random]
//   ConsumerBenchmarks<StateConsumer>.CompiledBatch8: JitCore4(IterationCount=12, IterationTime=250ms, WarmupCount=16) [Pattern=Random]
//   ConsumerBenchmarks<StateConsumer>.FusedBatch8: JitCore4(IterationCount=12, IterationTime=250ms, WarmupCount=16) [Pattern=Random]
//   ConsumerBenchmarks<StateConsumer>.InterpreterSingle: JitCore4(IterationCount=12, IterationTime=250ms, WarmupCount=16) [Pattern=Repeated]
//   ConsumerBenchmarks<StateConsumer>.CompiledSingle: JitCore4(IterationCount=12, IterationTime=250ms, WarmupCount=16) [Pattern=Repeated]
//   ConsumerBenchmarks<StateConsumer>.FusedSingle: JitCore4(IterationCount=12, IterationTime=250ms, WarmupCount=16) [Pattern=Repeated]
//   ConsumerBenchmarks<StateConsumer>.InterpreterBatch8: JitCore4(IterationCount=12, IterationTime=250ms, WarmupCount=16) [Pattern=Repeated]
//   ConsumerBenchmarks<StateConsumer>.CompiledBatch8: JitCore4(IterationCount=12, IterationTime=250ms, WarmupCount=16) [Pattern=Repeated]
//   ConsumerBenchmarks<StateConsumer>.FusedBatch8: JitCore4(IterationCount=12, IterationTime=250ms, WarmupCount=16) [Pattern=Repeated]

// **************************
// Benchmark: ConsumerBenchmarks<StateConsumer>.InterpreterSingle: JitCore4(IterationCount=12, IterationTime=250ms, WarmupCount=16) [Pattern=Sequential]
// *** Execute ***
// Launch: 1 / 1
// Execute: dotnet ConsumerFusion-JitCore4-1.dll --anonymousPipes 122 123 --benchmarkName "Tl.ConsumerFusion.ConsumerBenchmarks<StateConsumer>.InterpreterSingle(Pattern: Sequential)" --job JitCore4 --benchmarkId 18 in /home/i/Work/tl-consumer-fusion/benchmarks/ConsumerFusion/bin/Release/net10.0/ConsumerFusion-JitCore4-1/bin/Release/net10.0
// Failed to set up high priority (Permission denied). In order to run benchmarks with high priority, make sure you have the right permissions.
// BeforeAnythingElse

// Benchmark Process Environment Information:
// BenchmarkDotNet v0.15.8
// Runtime=.NET 10.0.11 (10.0.11, 10.0.1126.37416), X64 RyuJIT x86-64-v3
// GC=Concurrent Workstation
// HardwareIntrinsics=AVX2+BMI1+BMI2+F16C+FMA+LZCNT+MOVBE,AVX,SSE3+SSSE3+SSE4.1+SSE4.2+POPCNT,X86Base+SSE+SSE2,AES+PCLMUL,AvxVnni,SERIALIZE VectorSize=256
// Job: JitCore4(IterationCount=12, IterationTime=250ms, WarmupCount=16)

Generated source SHA-256: 7bdbf05933e474d7a938b65943dea9904c38e119da36a57eeee6037572f9e30f
Consumer source SHA-256: b6d3bebc1792904814ea060ef98da24a1bb83a7902917f967347d44ba9cc4197
StateConsumer/Sequential: ConsumerReceipt { Playback = Playback { Tick = 65535, Cycles = 109, Flags = Started }, SumBits = 1226792028, TrackOffsets = 364309, Enters = 1754, Stays = 127629, Exits = 1754, Callbacks = 0, Audit = 0 }
Preparation receipt: 6322886112312
OverheadJitting  1: 65536 op, 102077.00 ns, 1.5576 ns/op
WorkloadJitting  1: 65536 op, 1054997.00 ns, 16.0980 ns/op

OverheadJitting  2: 1048576 op, 115178.00 ns, 0.1098 ns/op
WorkloadJitting  2: 1048576 op, 15332491.00 ns, 14.6222 ns/op

WorkloadPilot    1: 1048576 op, 15145096.00 ns, 14.4435 ns/op
WorkloadPilot    2: 17825792 op, 257328265.00 ns, 14.4357 ns/op

OverheadWarmup   1: 17825792 op, 708.00 ns, 0.0000 ns/op
OverheadWarmup   2: 17825792 op, 439.00 ns, 0.0000 ns/op
OverheadWarmup   3: 17825792 op, 425.00 ns, 0.0000 ns/op
OverheadWarmup   4: 17825792 op, 426.00 ns, 0.0000 ns/op
OverheadWarmup   5: 17825792 op, 560.00 ns, 0.0000 ns/op
OverheadWarmup   6: 17825792 op, 429.00 ns, 0.0000 ns/op
OverheadWarmup   7: 17825792 op, 438.00 ns, 0.0000 ns/op
OverheadWarmup   8: 17825792 op, 427.00 ns, 0.0000 ns/op

OverheadActual   1: 17825792 op, 792.00 ns, 0.0000 ns/op
OverheadActual   2: 17825792 op, 676.00 ns, 0.0000 ns/op
OverheadActual   3: 17825792 op, 686.00 ns, 0.0000 ns/op
OverheadActual   4: 17825792 op, 494.00 ns, 0.0000 ns/op
OverheadActual   5: 17825792 op, 663.00 ns, 0.0000 ns/op
OverheadActual   6: 17825792 op, 464.00 ns, 0.0000 ns/op
OverheadActual   7: 17825792 op, 417.00 ns, 0.0000 ns/op
OverheadActual   8: 17825792 op, 422.00 ns, 0.0000 ns/op
OverheadActual   9: 17825792 op, 420.00 ns, 0.0000 ns/op
OverheadActual  10: 17825792 op, 422.00 ns, 0.0000 ns/op
OverheadActual  11: 17825792 op, 445.00 ns, 0.0000 ns/op
OverheadActual  12: 17825792 op, 442.00 ns, 0.0000 ns/op
OverheadActual  13: 17825792 op, 437.00 ns, 0.0000 ns/op
OverheadActual  14: 17825792 op, 427.00 ns, 0.0000 ns/op
OverheadActual  15: 17825792 op, 442.00 ns, 0.0000 ns/op
OverheadActual  16: 17825792 op, 433.00 ns, 0.0000 ns/op
OverheadActual  17: 17825792 op, 449.00 ns, 0.0000 ns/op
OverheadActual  18: 17825792 op, 602.00 ns, 0.0000 ns/op
OverheadActual  19: 17825792 op, 508.00 ns, 0.0000 ns/op
OverheadActual  20: 17825792 op, 427.00 ns, 0.0000 ns/op

WorkloadWarmup   1: 17825792 op, 254628488.00 ns, 14.2843 ns/op
WorkloadWarmup   2: 17825792 op, 255487406.00 ns, 14.3325 ns/op
WorkloadWarmup   3: 17825792 op, 255904453.00 ns, 14.3559 ns/op
WorkloadWarmup   4: 17825792 op, 254945787.00 ns, 14.3021 ns/op
WorkloadWarmup   5: 17825792 op, 254479181.00 ns, 14.2759 ns/op
WorkloadWarmup   6: 17825792 op, 255572682.00 ns, 14.3372 ns/op
WorkloadWarmup   7: 17825792 op, 295415168.00 ns, 16.5723 ns/op
WorkloadWarmup   8: 17825792 op, 254709481.00 ns, 14.2888 ns/op
WorkloadWarmup   9: 17825792 op, 262030923.00 ns, 14.6995 ns/op
WorkloadWarmup  10: 17825792 op, 267870204.00 ns, 15.0271 ns/op
WorkloadWarmup  11: 17825792 op, 256800237.00 ns, 14.4061 ns/op
WorkloadWarmup  12: 17825792 op, 254855671.00 ns, 14.2970 ns/op
WorkloadWarmup  13: 17825792 op, 254940370.00 ns, 14.3018 ns/op
WorkloadWarmup  14: 17825792 op, 254814071.00 ns, 14.2947 ns/op
WorkloadWarmup  15: 17825792 op, 270982347.00 ns, 15.2017 ns/op
WorkloadWarmup  16: 17825792 op, 258291761.00 ns, 14.4898 ns/op

// BeforeActualRun
WorkloadActual   1: 17825792 op, 256619265.00 ns, 14.3960 ns/op
WorkloadActual   2: 17825792 op, 254889080.00 ns, 14.2989 ns/op
WorkloadActual   3: 17825792 op, 254182667.00 ns, 14.2593 ns/op
WorkloadActual   4: 17825792 op, 255474084.00 ns, 14.3317 ns/op
WorkloadActual   5: 17825792 op, 254881434.00 ns, 14.2985 ns/op
WorkloadActual   6: 17825792 op, 255773910.00 ns, 14.3485 ns/op
WorkloadActual   7: 17825792 op, 254665232.00 ns, 14.2863 ns/op
WorkloadActual   8: 17825792 op, 271835090.00 ns, 15.2495 ns/op
WorkloadActual   9: 17825792 op, 254606580.00 ns, 14.2830 ns/op
WorkloadActual  10: 17825792 op, 256526322.00 ns, 14.3907 ns/op
WorkloadActual  11: 17825792 op, 256320739.00 ns, 14.3792 ns/op
WorkloadActual  12: 17825792 op, 255300999.00 ns, 14.3220 ns/op

// AfterActualRun
WorkloadResult   1: 17825792 op, 256618821.50 ns, 14.3959 ns/op
WorkloadResult   2: 17825792 op, 254888636.50 ns, 14.2989 ns/op
WorkloadResult   3: 17825792 op, 254182223.50 ns, 14.2592 ns/op
WorkloadResult   4: 17825792 op, 255473640.50 ns, 14.3317 ns/op
WorkloadResult   5: 17825792 op, 254880990.50 ns, 14.2984 ns/op
WorkloadResult   6: 17825792 op, 255773466.50 ns, 14.3485 ns/op
WorkloadResult   7: 17825792 op, 254664788.50 ns, 14.2863 ns/op
WorkloadResult   8: 17825792 op, 254606136.50 ns, 14.2830 ns/op
WorkloadResult   9: 17825792 op, 256525878.50 ns, 14.3907 ns/op
WorkloadResult  10: 17825792 op, 256320295.50 ns, 14.3792 ns/op
WorkloadResult  11: 17825792 op, 255300555.50 ns, 14.3220 ns/op
// GC:  0 0 0 0 17825792
// Threading:  0 0 17825792

// AfterAll
// Benchmark Process 357 has exited with code 0.

Mean = 14.327 ns, StdErr = 0.014 ns (0.10%), N = 11, StdDev = 0.047 ns
Min = 14.259 ns, Q1 = 14.292 ns, Median = 14.322 ns, Q3 = 14.364 ns, Max = 14.396 ns
IQR = 0.071 ns, LowerFence = 14.185 ns, UpperFence = 14.471 ns
ConfidenceInterval = [14.262 ns; 14.391 ns] (CI 99.9%), Margin = 0.065 ns (0.45% of Mean)
Skewness = 0.22, Kurtosis = 1.45, MValue = 2

// ** Remained 35 (64.8 %) benchmark(s) to run. Estimated finish 2026-09-09 10:22 (0h 7m from now) **
// **************************
// Benchmark: ConsumerBenchmarks<StateConsumer>.CompiledSingle: JitCore4(IterationCount=12, IterationTime=250ms, WarmupCount=16) [Pattern=Sequential]
// *** Execute ***
// Launch: 1 / 1
// Execute: dotnet ConsumerFusion-JitCore4-1.dll --anonymousPipes 122 123 --benchmarkName "Tl.ConsumerFusion.ConsumerBenchmarks<StateConsumer>.CompiledSingle(Pattern: Sequential)" --job JitCore4 --benchmarkId 19 in /home/i/Work/tl-consumer-fusion/benchmarks/ConsumerFusion/bin/Release/net10.0/ConsumerFusion-JitCore4-1/bin/Release/net10.0
// Failed to set up high priority (Permission denied). In order to run benchmarks with high priority, make sure you have the right permissions.
// BeforeAnythingElse

// Benchmark Process Environment Information:
// BenchmarkDotNet v0.15.8
// Runtime=.NET 10.0.11 (10.0.11, 10.0.1126.37416), X64 RyuJIT x86-64-v3
// GC=Concurrent Workstation
// HardwareIntrinsics=AVX2+BMI1+BMI2+F16C+FMA+LZCNT+MOVBE,AVX,SSE3+SSSE3+SSE4.1+SSE4.2+POPCNT,X86Base+SSE+SSE2,AES+PCLMUL,AvxVnni,SERIALIZE VectorSize=256
// Job: JitCore4(IterationCount=12, IterationTime=250ms, WarmupCount=16)

Generated source SHA-256: 7bdbf05933e474d7a938b65943dea9904c38e119da36a57eeee6037572f9e30f
Consumer source SHA-256: b6d3bebc1792904814ea060ef98da24a1bb83a7902917f967347d44ba9cc4197
StateConsumer/Sequential: ConsumerReceipt { Playback = Playback { Tick = 65535, Cycles = 109, Flags = Started }, SumBits = 1226792028, TrackOffsets = 364309, Enters = 1754, Stays = 127629, Exits = 1754, Callbacks = 0, Audit = 0 }
Preparation receipt: 6676202216376
OverheadJitting  1: 65536 op, 98387.00 ns, 1.5013 ns/op
WorkloadJitting  1: 65536 op, 1167791.00 ns, 17.8191 ns/op

OverheadJitting  2: 1048576 op, 117229.00 ns, 0.1118 ns/op
WorkloadJitting  2: 1048576 op, 17336513.00 ns, 16.5334 ns/op

WorkloadPilot    1: 1048576 op, 17143111.00 ns, 16.3489 ns/op
WorkloadPilot    2: 15728640 op, 257176660.00 ns, 16.3509 ns/op

OverheadWarmup   1: 15728640 op, 722.00 ns, 0.0000 ns/op
OverheadWarmup   2: 15728640 op, 423.00 ns, 0.0000 ns/op
OverheadWarmup   3: 15728640 op, 458.00 ns, 0.0000 ns/op
OverheadWarmup   4: 15728640 op, 399.00 ns, 0.0000 ns/op
OverheadWarmup   5: 15728640 op, 451.00 ns, 0.0000 ns/op
OverheadWarmup   6: 15728640 op, 448.00 ns, 0.0000 ns/op

OverheadActual   1: 15728640 op, 591.00 ns, 0.0000 ns/op
OverheadActual   2: 15728640 op, 618.00 ns, 0.0000 ns/op
OverheadActual   3: 15728640 op, 634.00 ns, 0.0000 ns/op
OverheadActual   4: 15728640 op, 489.00 ns, 0.0000 ns/op
OverheadActual   5: 15728640 op, 607.00 ns, 0.0000 ns/op
OverheadActual   6: 15728640 op, 416.00 ns, 0.0000 ns/op
OverheadActual   7: 15728640 op, 420.00 ns, 0.0000 ns/op
OverheadActual   8: 15728640 op, 410.00 ns, 0.0000 ns/op
OverheadActual   9: 15728640 op, 417.00 ns, 0.0000 ns/op
OverheadActual  10: 15728640 op, 434.00 ns, 0.0000 ns/op
OverheadActual  11: 15728640 op, 415.00 ns, 0.0000 ns/op
OverheadActual  12: 15728640 op, 420.00 ns, 0.0000 ns/op
OverheadActual  13: 15728640 op, 419.00 ns, 0.0000 ns/op
OverheadActual  14: 15728640 op, 413.00 ns, 0.0000 ns/op
OverheadActual  15: 15728640 op, 435.00 ns, 0.0000 ns/op
OverheadActual  16: 15728640 op, 435.00 ns, 0.0000 ns/op
OverheadActual  17: 15728640 op, 434.00 ns, 0.0000 ns/op
OverheadActual  18: 15728640 op, 614.00 ns, 0.0000 ns/op
OverheadActual  19: 15728640 op, 449.00 ns, 0.0000 ns/op
OverheadActual  20: 15728640 op, 456.00 ns, 0.0000 ns/op

WorkloadWarmup   1: 15728640 op, 257057278.00 ns, 16.3433 ns/op
WorkloadWarmup   2: 15728640 op, 256974274.00 ns, 16.3380 ns/op
WorkloadWarmup   3: 15728640 op, 257006198.00 ns, 16.3400 ns/op
WorkloadWarmup   4: 15728640 op, 257155622.00 ns, 16.3495 ns/op
WorkloadWarmup   5: 15728640 op, 257183523.00 ns, 16.3513 ns/op
WorkloadWarmup   6: 15728640 op, 256895509.00 ns, 16.3330 ns/op
WorkloadWarmup   7: 15728640 op, 295378778.00 ns, 18.7797 ns/op
WorkloadWarmup   8: 15728640 op, 256763092.00 ns, 16.3246 ns/op
WorkloadWarmup   9: 15728640 op, 256764261.00 ns, 16.3246 ns/op
WorkloadWarmup  10: 15728640 op, 256798354.00 ns, 16.3268 ns/op
WorkloadWarmup  11: 15728640 op, 256772216.00 ns, 16.3251 ns/op
WorkloadWarmup  12: 15728640 op, 256673831.00 ns, 16.3189 ns/op
WorkloadWarmup  13: 15728640 op, 256854186.00 ns, 16.3303 ns/op
WorkloadWarmup  14: 15728640 op, 256799321.00 ns, 16.3269 ns/op
WorkloadWarmup  15: 15728640 op, 262968189.00 ns, 16.7191 ns/op
WorkloadWarmup  16: 15728640 op, 257170809.00 ns, 16.3505 ns/op

// BeforeActualRun
WorkloadActual   1: 15728640 op, 256521856.00 ns, 16.3092 ns/op
WorkloadActual   2: 15728640 op, 256697211.00 ns, 16.3204 ns/op
WorkloadActual   3: 15728640 op, 256878469.00 ns, 16.3319 ns/op
WorkloadActual   4: 15728640 op, 256699958.00 ns, 16.3205 ns/op
WorkloadActual   5: 15728640 op, 256710385.00 ns, 16.3212 ns/op
WorkloadActual   6: 15728640 op, 256736241.00 ns, 16.3229 ns/op
WorkloadActual   7: 15728640 op, 256752836.00 ns, 16.3239 ns/op
WorkloadActual   8: 15728640 op, 272174392.00 ns, 17.3044 ns/op
WorkloadActual   9: 15728640 op, 256823642.00 ns, 16.3284 ns/op
WorkloadActual  10: 15728640 op, 257192979.00 ns, 16.3519 ns/op
WorkloadActual  11: 15728640 op, 256598248.00 ns, 16.3141 ns/op
WorkloadActual  12: 15728640 op, 256914801.00 ns, 16.3342 ns/op

// AfterActualRun
WorkloadResult   1: 15728640 op, 256521421.50 ns, 16.3092 ns/op
WorkloadResult   2: 15728640 op, 256696776.50 ns, 16.3203 ns/op
WorkloadResult   3: 15728640 op, 256878034.50 ns, 16.3319 ns/op
WorkloadResult   4: 15728640 op, 256699523.50 ns, 16.3205 ns/op
WorkloadResult   5: 15728640 op, 256709950.50 ns, 16.3212 ns/op
WorkloadResult   6: 15728640 op, 256735806.50 ns, 16.3228 ns/op
WorkloadResult   7: 15728640 op, 256752401.50 ns, 16.3239 ns/op
WorkloadResult   8: 15728640 op, 256823207.50 ns, 16.3284 ns/op
WorkloadResult   9: 15728640 op, 256597813.50 ns, 16.3140 ns/op
WorkloadResult  10: 15728640 op, 256914366.50 ns, 16.3342 ns/op
// GC:  0 0 0 0 15728640
// Threading:  0 0 15728640

// AfterAll
// Benchmark Process 366 has exited with code 0.

Mean = 16.323 ns, StdErr = 0.002 ns (0.01%), N = 10, StdDev = 0.008 ns
Min = 16.309 ns, Q1 = 16.320 ns, Median = 16.322 ns, Q3 = 16.327 ns, Max = 16.334 ns
IQR = 0.007 ns, LowerFence = 16.310 ns, UpperFence = 16.338 ns
ConfidenceInterval = [16.311 ns; 16.334 ns] (CI 99.9%), Margin = 0.011 ns (0.07% of Mean)
Skewness = -0.13, Kurtosis = 1.93, MValue = 2

// ** Remained 34 (63.0 %) benchmark(s) to run. Estimated finish 2026-09-09 10:22 (0h 7m from now) **
// **************************
// Benchmark: ConsumerBenchmarks<StateConsumer>.FusedSingle: JitCore4(IterationCount=12, IterationTime=250ms, WarmupCount=16) [Pattern=Sequential]
// *** Execute ***
// Launch: 1 / 1
// Execute: dotnet ConsumerFusion-JitCore4-1.dll --anonymousPipes 122 123 --benchmarkName "Tl.ConsumerFusion.ConsumerBenchmarks<StateConsumer>.FusedSingle(Pattern: Sequential)" --job JitCore4 --benchmarkId 20 in /home/i/Work/tl-consumer-fusion/benchmarks/ConsumerFusion/bin/Release/net10.0/ConsumerFusion-JitCore4-1/bin/Release/net10.0
// Failed to set up high priority (Permission denied). In order to run benchmarks with high priority, make sure you have the right permissions.
// BeforeAnythingElse

// Benchmark Process Environment Information:
// BenchmarkDotNet v0.15.8
// Runtime=.NET 10.0.11 (10.0.11, 10.0.1126.37416), X64 RyuJIT x86-64-v3
// GC=Concurrent Workstation
// HardwareIntrinsics=AVX2+BMI1+BMI2+F16C+FMA+LZCNT+MOVBE,AVX,SSE3+SSSE3+SSE4.1+SSE4.2+POPCNT,X86Base+SSE+SSE2,AES+PCLMUL,AvxVnni,SERIALIZE VectorSize=256
// Job: JitCore4(IterationCount=12, IterationTime=250ms, WarmupCount=16)

Generated source SHA-256: 7bdbf05933e474d7a938b65943dea9904c38e119da36a57eeee6037572f9e30f
Consumer source SHA-256: b6d3bebc1792904814ea060ef98da24a1bb83a7902917f967347d44ba9cc4197
StateConsumer/Sequential: ConsumerReceipt { Playback = Playback { Tick = 65535, Cycles = 109, Flags = Started }, SumBits = 1226792028, TrackOffsets = 364309, Enters = 1754, Stays = 127629, Exits = 1754, Callbacks = 0, Audit = 0 }
Preparation receipt: 6698284472880
OverheadJitting  1: 65536 op, 100651.00 ns, 1.5358 ns/op
WorkloadJitting  1: 65536 op, 296567.00 ns, 4.5253 ns/op

OverheadJitting  2: 1048576 op, 115471.00 ns, 0.1101 ns/op
WorkloadJitting  2: 1048576 op, 3078814.00 ns, 2.9362 ns/op

WorkloadPilot    1: 1048576 op, 2903988.00 ns, 2.7695 ns/op
WorkloadPilot    2: 91226112 op, 253044174.00 ns, 2.7738 ns/op
WorkloadPilot    3: 90177536 op, 251733927.00 ns, 2.7915 ns/op

OverheadWarmup   1: 90177536 op, 2456.00 ns, 0.0000 ns/op
OverheadWarmup   2: 90177536 op, 2144.00 ns, 0.0000 ns/op
OverheadWarmup   3: 90177536 op, 2036.00 ns, 0.0000 ns/op
OverheadWarmup   4: 90177536 op, 2028.00 ns, 0.0000 ns/op
OverheadWarmup   5: 90177536 op, 2029.00 ns, 0.0000 ns/op
OverheadWarmup   6: 90177536 op, 2066.00 ns, 0.0000 ns/op
OverheadWarmup   7: 90177536 op, 2069.00 ns, 0.0000 ns/op
OverheadWarmup   8: 90177536 op, 2055.00 ns, 0.0000 ns/op
OverheadWarmup   9: 90177536 op, 2074.00 ns, 0.0000 ns/op
OverheadWarmup  10: 90177536 op, 2061.00 ns, 0.0000 ns/op

OverheadActual   1: 90177536 op, 2348.00 ns, 0.0000 ns/op
OverheadActual   2: 90177536 op, 2251.00 ns, 0.0000 ns/op
OverheadActual   3: 90177536 op, 2291.00 ns, 0.0000 ns/op
OverheadActual   4: 90177536 op, 2120.00 ns, 0.0000 ns/op
OverheadActual   5: 90177536 op, 2244.00 ns, 0.0000 ns/op
OverheadActual   6: 90177536 op, 2063.00 ns, 0.0000 ns/op
OverheadActual   7: 90177536 op, 2033.00 ns, 0.0000 ns/op
OverheadActual   8: 90177536 op, 2033.00 ns, 0.0000 ns/op
OverheadActual   9: 90177536 op, 2029.00 ns, 0.0000 ns/op
OverheadActual  10: 90177536 op, 2024.00 ns, 0.0000 ns/op
OverheadActual  11: 90177536 op, 2028.00 ns, 0.0000 ns/op
OverheadActual  12: 90177536 op, 2049.00 ns, 0.0000 ns/op
OverheadActual  13: 90177536 op, 2097.00 ns, 0.0000 ns/op
OverheadActual  14: 90177536 op, 2045.00 ns, 0.0000 ns/op
OverheadActual  15: 90177536 op, 2065.00 ns, 0.0000 ns/op
OverheadActual  16: 90177536 op, 2055.00 ns, 0.0000 ns/op
OverheadActual  17: 90177536 op, 2061.00 ns, 0.0000 ns/op

WorkloadWarmup   1: 90177536 op, 248427507.00 ns, 2.7549 ns/op
WorkloadWarmup   2: 90177536 op, 247922124.00 ns, 2.7493 ns/op
WorkloadWarmup   3: 90177536 op, 248487489.00 ns, 2.7555 ns/op
WorkloadWarmup   4: 90177536 op, 248940349.00 ns, 2.7606 ns/op
WorkloadWarmup   5: 90177536 op, 248328882.00 ns, 2.7538 ns/op
WorkloadWarmup   6: 90177536 op, 258030936.00 ns, 2.8614 ns/op
WorkloadWarmup   7: 90177536 op, 280839060.00 ns, 3.1143 ns/op
WorkloadWarmup   8: 90177536 op, 250393793.00 ns, 2.7767 ns/op
WorkloadWarmup   9: 90177536 op, 250133145.00 ns, 2.7738 ns/op
WorkloadWarmup  10: 90177536 op, 249273029.00 ns, 2.7642 ns/op
WorkloadWarmup  11: 90177536 op, 249279350.00 ns, 2.7643 ns/op
WorkloadWarmup  12: 90177536 op, 249301100.00 ns, 2.7646 ns/op
WorkloadWarmup  13: 90177536 op, 251194301.00 ns, 2.7856 ns/op
WorkloadWarmup  14: 90177536 op, 250323941.00 ns, 2.7759 ns/op
WorkloadWarmup  15: 90177536 op, 252943262.00 ns, 2.8049 ns/op
WorkloadWarmup  16: 90177536 op, 252775250.00 ns, 2.8031 ns/op

// BeforeActualRun
WorkloadActual   1: 90177536 op, 248709301.00 ns, 2.7580 ns/op
WorkloadActual   2: 90177536 op, 249198133.00 ns, 2.7634 ns/op
WorkloadActual   3: 90177536 op, 249223450.00 ns, 2.7637 ns/op
WorkloadActual   4: 90177536 op, 249358718.00 ns, 2.7652 ns/op
WorkloadActual   5: 90177536 op, 250900423.00 ns, 2.7823 ns/op
WorkloadActual   6: 90177536 op, 247968023.00 ns, 2.7498 ns/op
WorkloadActual   7: 90177536 op, 250522679.00 ns, 2.7781 ns/op
WorkloadActual   8: 90177536 op, 249087055.00 ns, 2.7622 ns/op
WorkloadActual   9: 90177536 op, 263457147.00 ns, 2.9215 ns/op
WorkloadActual  10: 90177536 op, 250673078.00 ns, 2.7798 ns/op
WorkloadActual  11: 90177536 op, 249941729.00 ns, 2.7717 ns/op
WorkloadActual  12: 90177536 op, 249975385.00 ns, 2.7720 ns/op

// AfterActualRun
WorkloadResult   1: 90177536 op, 248707240.00 ns, 2.7580 ns/op
WorkloadResult   2: 90177536 op, 249196072.00 ns, 2.7634 ns/op
WorkloadResult   3: 90177536 op, 249221389.00 ns, 2.7637 ns/op
WorkloadResult   4: 90177536 op, 249356657.00 ns, 2.7652 ns/op
WorkloadResult   5: 90177536 op, 250898362.00 ns, 2.7823 ns/op
WorkloadResult   6: 90177536 op, 247965962.00 ns, 2.7498 ns/op
WorkloadResult   7: 90177536 op, 250520618.00 ns, 2.7781 ns/op
WorkloadResult   8: 90177536 op, 249084994.00 ns, 2.7622 ns/op
WorkloadResult   9: 90177536 op, 250671017.00 ns, 2.7798 ns/op
WorkloadResult  10: 90177536 op, 249939668.00 ns, 2.7716 ns/op
WorkloadResult  11: 90177536 op, 249973324.00 ns, 2.7720 ns/op
// GC:  0 0 0 0 90177536
// Threading:  0 0 90177536

// AfterAll
// Benchmark Process 374 has exited with code 0.

Mean = 2.768 ns, StdErr = 0.003 ns (0.11%), N = 11, StdDev = 0.010 ns
Min = 2.750 ns, Q1 = 2.763 ns, Median = 2.765 ns, Q3 = 2.775 ns, Max = 2.782 ns
IQR = 0.012 ns, LowerFence = 2.744 ns, UpperFence = 2.793 ns
ConfidenceInterval = [2.754 ns; 2.782 ns] (CI 99.9%), Margin = 0.014 ns (0.50% of Mean)
Skewness = -0.12, Kurtosis = 1.8, MValue = 2

// ** Remained 33 (61.1 %) benchmark(s) to run. Estimated finish 2026-09-09 10:22 (0h 7m from now) **
// **************************
// Benchmark: ConsumerBenchmarks<StateConsumer>.InterpreterBatch8: JitCore4(IterationCount=12, IterationTime=250ms, WarmupCount=16) [Pattern=Sequential]
// *** Execute ***
// Launch: 1 / 1
// Execute: dotnet ConsumerFusion-JitCore4-1.dll --anonymousPipes 124 125 --benchmarkName "Tl.ConsumerFusion.ConsumerBenchmarks<StateConsumer>.InterpreterBatch8(Pattern: Sequential)" --job JitCore4 --benchmarkId 21 in /home/i/Work/tl-consumer-fusion/benchmarks/ConsumerFusion/bin/Release/net10.0/ConsumerFusion-JitCore4-1/bin/Release/net10.0
// Failed to set up high priority (Permission denied). In order to run benchmarks with high priority, make sure you have the right permissions.
// BeforeAnythingElse

// Benchmark Process Environment Information:
// BenchmarkDotNet v0.15.8
// Runtime=.NET 10.0.11 (10.0.11, 10.0.1126.37416), X64 RyuJIT x86-64-v3
// GC=Concurrent Workstation
// HardwareIntrinsics=AVX2+BMI1+BMI2+F16C+FMA+LZCNT+MOVBE,AVX,SSE3+SSSE3+SSE4.1+SSE4.2+POPCNT,X86Base+SSE+SSE2,AES+PCLMUL,AvxVnni,SERIALIZE VectorSize=256
// Job: JitCore4(IterationCount=12, IterationTime=250ms, WarmupCount=16)

Generated source SHA-256: 7bdbf05933e474d7a938b65943dea9904c38e119da36a57eeee6037572f9e30f
Consumer source SHA-256: b6d3bebc1792904814ea060ef98da24a1bb83a7902917f967347d44ba9cc4197
StateConsumer/Sequential: ConsumerReceipt { Playback = Playback { Tick = 65535, Cycles = 109, Flags = Started }, SumBits = 1226792028, TrackOffsets = 364309, Enters = 1754, Stays = 127629, Exits = 1754, Callbacks = 0, Audit = 0 }
Preparation receipt: 6786613498896
OverheadJitting  1: 65536 op, 102256.00 ns, 1.5603 ns/op
WorkloadJitting  1: 65536 op, 756956.00 ns, 11.5502 ns/op

OverheadJitting  2: 1048576 op, 115560.00 ns, 0.1102 ns/op
WorkloadJitting  2: 1048576 op, 10423173.00 ns, 9.9403 ns/op

WorkloadPilot    1: 1048576 op, 10298436.00 ns, 9.8214 ns/op
WorkloadPilot    2: 26214400 op, 256669188.00 ns, 9.7912 ns/op

OverheadWarmup   1: 26214400 op, 932.00 ns, 0.0000 ns/op
OverheadWarmup   2: 26214400 op, 636.00 ns, 0.0000 ns/op
OverheadWarmup   3: 26214400 op, 620.00 ns, 0.0000 ns/op
OverheadWarmup   4: 26214400 op, 612.00 ns, 0.0000 ns/op
OverheadWarmup   5: 26214400 op, 684.00 ns, 0.0000 ns/op
OverheadWarmup   6: 26214400 op, 684.00 ns, 0.0000 ns/op
OverheadWarmup   7: 26214400 op, 646.00 ns, 0.0000 ns/op
OverheadWarmup   8: 26214400 op, 651.00 ns, 0.0000 ns/op

OverheadActual   1: 26214400 op, 905.00 ns, 0.0000 ns/op
OverheadActual   2: 26214400 op, 858.00 ns, 0.0000 ns/op
OverheadActual   3: 26214400 op, 882.00 ns, 0.0000 ns/op
OverheadActual   4: 26214400 op, 711.00 ns, 0.0000 ns/op
OverheadActual   5: 26214400 op, 840.00 ns, 0.0000 ns/op
OverheadActual   6: 26214400 op, 621.00 ns, 0.0000 ns/op
OverheadActual   7: 26214400 op, 649.00 ns, 0.0000 ns/op
OverheadActual   8: 26214400 op, 632.00 ns, 0.0000 ns/op
OverheadActual   9: 26214400 op, 626.00 ns, 0.0000 ns/op
OverheadActual  10: 26214400 op, 635.00 ns, 0.0000 ns/op
OverheadActual  11: 26214400 op, 672.00 ns, 0.0000 ns/op
OverheadActual  12: 26214400 op, 666.00 ns, 0.0000 ns/op
OverheadActual  13: 26214400 op, 669.00 ns, 0.0000 ns/op
OverheadActual  14: 26214400 op, 680.00 ns, 0.0000 ns/op
OverheadActual  15: 26214400 op, 678.00 ns, 0.0000 ns/op
OverheadActual  16: 26214400 op, 681.00 ns, 0.0000 ns/op
OverheadActual  17: 26214400 op, 673.00 ns, 0.0000 ns/op

WorkloadWarmup   1: 26214400 op, 256181584.00 ns, 9.7726 ns/op
WorkloadWarmup   2: 26214400 op, 255879872.00 ns, 9.7610 ns/op
WorkloadWarmup   3: 26214400 op, 256403938.00 ns, 9.7810 ns/op
WorkloadWarmup   4: 26214400 op, 256112775.00 ns, 9.7699 ns/op
WorkloadWarmup   5: 26214400 op, 256412449.00 ns, 9.7814 ns/op
WorkloadWarmup   6: 26214400 op, 257096882.00 ns, 9.8075 ns/op
WorkloadWarmup   7: 26214400 op, 297011322.00 ns, 11.3301 ns/op
WorkloadWarmup   8: 26214400 op, 262244246.00 ns, 10.0038 ns/op
WorkloadWarmup   9: 26214400 op, 257047445.00 ns, 9.8056 ns/op
WorkloadWarmup  10: 26214400 op, 256247763.00 ns, 9.7751 ns/op
WorkloadWarmup  11: 26214400 op, 256681450.00 ns, 9.7916 ns/op
WorkloadWarmup  12: 26214400 op, 256040039.00 ns, 9.7672 ns/op
WorkloadWarmup  13: 26214400 op, 256271924.00 ns, 9.7760 ns/op
WorkloadWarmup  14: 26214400 op, 255976401.00 ns, 9.7647 ns/op
WorkloadWarmup  15: 26214400 op, 263812804.00 ns, 10.0637 ns/op
WorkloadWarmup  16: 26214400 op, 261647443.00 ns, 9.9811 ns/op

// BeforeActualRun
WorkloadActual   1: 26214400 op, 255752536.00 ns, 9.7562 ns/op
WorkloadActual   2: 26214400 op, 256154234.00 ns, 9.7715 ns/op
WorkloadActual   3: 26214400 op, 257396855.00 ns, 9.8189 ns/op
WorkloadActual   4: 26214400 op, 256582717.00 ns, 9.7879 ns/op
WorkloadActual   5: 26214400 op, 256529329.00 ns, 9.7858 ns/op
WorkloadActual   6: 26214400 op, 256369757.00 ns, 9.7797 ns/op
WorkloadActual   7: 26214400 op, 256520440.00 ns, 9.7855 ns/op
WorkloadActual   8: 26214400 op, 272156366.00 ns, 10.3819 ns/op
WorkloadActual   9: 26214400 op, 256687957.00 ns, 9.7919 ns/op
WorkloadActual  10: 26214400 op, 256957379.00 ns, 9.8021 ns/op
WorkloadActual  11: 26214400 op, 256490055.00 ns, 9.7843 ns/op
WorkloadActual  12: 26214400 op, 256169746.00 ns, 9.7721 ns/op

// AfterActualRun
WorkloadResult   1: 26214400 op, 255751863.00 ns, 9.7562 ns/op
WorkloadResult   2: 26214400 op, 256153561.00 ns, 9.7715 ns/op
WorkloadResult   3: 26214400 op, 257396182.00 ns, 9.8189 ns/op
WorkloadResult   4: 26214400 op, 256582044.00 ns, 9.7878 ns/op
WorkloadResult   5: 26214400 op, 256528656.00 ns, 9.7858 ns/op
WorkloadResult   6: 26214400 op, 256369084.00 ns, 9.7797 ns/op
WorkloadResult   7: 26214400 op, 256519767.00 ns, 9.7855 ns/op
WorkloadResult   8: 26214400 op, 256687284.00 ns, 9.7918 ns/op
WorkloadResult   9: 26214400 op, 256956706.00 ns, 9.8021 ns/op
WorkloadResult  10: 26214400 op, 256489382.00 ns, 9.7843 ns/op
WorkloadResult  11: 26214400 op, 256169073.00 ns, 9.7721 ns/op
// GC:  0 0 0 0 26214400
// Threading:  0 0 26214400

// AfterAll
// Benchmark Process 382 has exited with code 0.

Mean = 9.785 ns, StdErr = 0.005 ns (0.05%), N = 11, StdDev = 0.016 ns
Min = 9.756 ns, Q1 = 9.776 ns, Median = 9.785 ns, Q3 = 9.790 ns, Max = 9.819 ns
IQR = 0.014 ns, LowerFence = 9.755 ns, UpperFence = 9.811 ns
ConfidenceInterval = [9.762 ns; 9.808 ns] (CI 99.9%), Margin = 0.023 ns (0.23% of Mean)
Skewness = 0.31, Kurtosis = 2.68, MValue = 2

// ** Remained 32 (59.3 %) benchmark(s) to run. Estimated finish 2026-09-09 10:22 (0h 6m from now) **
// **************************
// Benchmark: ConsumerBenchmarks<StateConsumer>.CompiledBatch8: JitCore4(IterationCount=12, IterationTime=250ms, WarmupCount=16) [Pattern=Sequential]
// *** Execute ***
// Launch: 1 / 1
// Execute: dotnet ConsumerFusion-JitCore4-1.dll --anonymousPipes 122 123 --benchmarkName "Tl.ConsumerFusion.ConsumerBenchmarks<StateConsumer>.CompiledBatch8(Pattern: Sequential)" --job JitCore4 --benchmarkId 22 in /home/i/Work/tl-consumer-fusion/benchmarks/ConsumerFusion/bin/Release/net10.0/ConsumerFusion-JitCore4-1/bin/Release/net10.0
// Failed to set up high priority (Permission denied). In order to run benchmarks with high priority, make sure you have the right permissions.
// BeforeAnythingElse

// Benchmark Process Environment Information:
// BenchmarkDotNet v0.15.8
// Runtime=.NET 10.0.11 (10.0.11, 10.0.1126.37416), X64 RyuJIT x86-64-v3
// GC=Concurrent Workstation
// HardwareIntrinsics=AVX2+BMI1+BMI2+F16C+FMA+LZCNT+MOVBE,AVX,SSE3+SSSE3+SSE4.1+SSE4.2+POPCNT,X86Base+SSE+SSE2,AES+PCLMUL,AvxVnni,SERIALIZE VectorSize=256
// Job: JitCore4(IterationCount=12, IterationTime=250ms, WarmupCount=16)

Generated source SHA-256: 7bdbf05933e474d7a938b65943dea9904c38e119da36a57eeee6037572f9e30f
Consumer source SHA-256: b6d3bebc1792904814ea060ef98da24a1bb83a7902917f967347d44ba9cc4197
StateConsumer/Sequential: ConsumerReceipt { Playback = Playback { Tick = 65535, Cycles = 109, Flags = Started }, SumBits = 1226792028, TrackOffsets = 364309, Enters = 1754, Stays = 127629, Exits = 1754, Callbacks = 0, Audit = 0 }
Preparation receipt: 6793974251064
OverheadJitting  1: 65536 op, 100961.00 ns, 1.5405 ns/op
WorkloadJitting  1: 65536 op, 689911.00 ns, 10.5272 ns/op

OverheadJitting  2: 1048576 op, 116508.00 ns, 0.1111 ns/op
WorkloadJitting  2: 1048576 op, 9459723.00 ns, 9.0215 ns/op

WorkloadPilot    1: 1048576 op, 9319630.00 ns, 8.8879 ns/op
WorkloadPilot    2: 28311552 op, 252026333.00 ns, 8.9019 ns/op

OverheadWarmup   1: 28311552 op, 955.00 ns, 0.0000 ns/op
OverheadWarmup   2: 28311552 op, 722.00 ns, 0.0000 ns/op
OverheadWarmup   3: 28311552 op, 677.00 ns, 0.0000 ns/op
OverheadWarmup   4: 28311552 op, 654.00 ns, 0.0000 ns/op
OverheadWarmup   5: 28311552 op, 697.00 ns, 0.0000 ns/op
OverheadWarmup   6: 28311552 op, 701.00 ns, 0.0000 ns/op
OverheadWarmup   7: 28311552 op, 693.00 ns, 0.0000 ns/op
OverheadWarmup   8: 28311552 op, 716.00 ns, 0.0000 ns/op
OverheadWarmup   9: 28311552 op, 680.00 ns, 0.0000 ns/op

OverheadActual   1: 28311552 op, 956.00 ns, 0.0000 ns/op
OverheadActual   2: 28311552 op, 872.00 ns, 0.0000 ns/op
OverheadActual   3: 28311552 op, 902.00 ns, 0.0000 ns/op
OverheadActual   4: 28311552 op, 765.00 ns, 0.0000 ns/op
OverheadActual   5: 28311552 op, 870.00 ns, 0.0000 ns/op
OverheadActual   6: 28311552 op, 671.00 ns, 0.0000 ns/op
OverheadActual   7: 28311552 op, 667.00 ns, 0.0000 ns/op
OverheadActual   8: 28311552 op, 663.00 ns, 0.0000 ns/op
OverheadActual   9: 28311552 op, 672.00 ns, 0.0000 ns/op
OverheadActual  10: 28311552 op, 662.00 ns, 0.0000 ns/op
OverheadActual  11: 28311552 op, 673.00 ns, 0.0000 ns/op
OverheadActual  12: 28311552 op, 717.00 ns, 0.0000 ns/op
OverheadActual  13: 28311552 op, 732.00 ns, 0.0000 ns/op
OverheadActual  14: 28311552 op, 669.00 ns, 0.0000 ns/op
OverheadActual  15: 28311552 op, 684.00 ns, 0.0000 ns/op
OverheadActual  16: 28311552 op, 686.00 ns, 0.0000 ns/op
OverheadActual  17: 28311552 op, 686.00 ns, 0.0000 ns/op
OverheadActual  18: 28311552 op, 872.00 ns, 0.0000 ns/op
OverheadActual  19: 28311552 op, 722.00 ns, 0.0000 ns/op
OverheadActual  20: 28311552 op, 689.00 ns, 0.0000 ns/op

WorkloadWarmup   1: 28311552 op, 251523921.00 ns, 8.8841 ns/op
WorkloadWarmup   2: 28311552 op, 250917428.00 ns, 8.8627 ns/op
WorkloadWarmup   3: 28311552 op, 250762590.00 ns, 8.8573 ns/op
WorkloadWarmup   4: 28311552 op, 250692907.00 ns, 8.8548 ns/op
WorkloadWarmup   5: 28311552 op, 250857970.00 ns, 8.8606 ns/op
WorkloadWarmup   6: 28311552 op, 250751008.00 ns, 8.8568 ns/op
WorkloadWarmup   7: 28311552 op, 282455006.00 ns, 9.9767 ns/op
WorkloadWarmup   8: 28311552 op, 250638064.00 ns, 8.8529 ns/op
WorkloadWarmup   9: 28311552 op, 250771567.00 ns, 8.8576 ns/op
WorkloadWarmup  10: 28311552 op, 250756354.00 ns, 8.8570 ns/op
WorkloadWarmup  11: 28311552 op, 250812766.00 ns, 8.8590 ns/op
WorkloadWarmup  12: 28311552 op, 250769690.00 ns, 8.8575 ns/op
WorkloadWarmup  13: 28311552 op, 250865166.00 ns, 8.8609 ns/op
WorkloadWarmup  14: 28311552 op, 250848176.00 ns, 8.8603 ns/op
WorkloadWarmup  15: 28311552 op, 254774036.00 ns, 8.9989 ns/op
WorkloadWarmup  16: 28311552 op, 251548752.00 ns, 8.8850 ns/op

// BeforeActualRun
WorkloadActual   1: 28311552 op, 251001630.00 ns, 8.8657 ns/op
WorkloadActual   2: 28311552 op, 250742754.00 ns, 8.8566 ns/op
WorkloadActual   3: 28311552 op, 250943604.00 ns, 8.8636 ns/op
WorkloadActual   4: 28311552 op, 251027605.00 ns, 8.8666 ns/op
WorkloadActual   5: 28311552 op, 250962131.00 ns, 8.8643 ns/op
WorkloadActual   6: 28311552 op, 250736460.00 ns, 8.8563 ns/op
WorkloadActual   7: 28311552 op, 254440463.00 ns, 8.9872 ns/op
WorkloadActual   8: 28311552 op, 274390866.00 ns, 9.6918 ns/op
WorkloadActual   9: 28311552 op, 250684014.00 ns, 8.8545 ns/op
WorkloadActual  10: 28311552 op, 251208709.00 ns, 8.8730 ns/op
WorkloadActual  11: 28311552 op, 250857519.00 ns, 8.8606 ns/op
WorkloadActual  12: 28311552 op, 250605236.00 ns, 8.8517 ns/op

// AfterActualRun
WorkloadResult   1: 28311552 op, 251000942.50 ns, 8.8657 ns/op
WorkloadResult   2: 28311552 op, 250742066.50 ns, 8.8565 ns/op
WorkloadResult   3: 28311552 op, 250942916.50 ns, 8.8636 ns/op
WorkloadResult   4: 28311552 op, 251026917.50 ns, 8.8666 ns/op
WorkloadResult   5: 28311552 op, 250961443.50 ns, 8.8643 ns/op
WorkloadResult   6: 28311552 op, 250735772.50 ns, 8.8563 ns/op
WorkloadResult   7: 28311552 op, 250683326.50 ns, 8.8545 ns/op
WorkloadResult   8: 28311552 op, 251208021.50 ns, 8.8730 ns/op
WorkloadResult   9: 28311552 op, 250856831.50 ns, 8.8606 ns/op
WorkloadResult  10: 28311552 op, 250604548.50 ns, 8.8517 ns/op
// GC:  0 0 0 0 28311552
// Threading:  0 0 28311552

// AfterAll
// Benchmark Process 392 has exited with code 0.

Mean = 8.861 ns, StdErr = 0.002 ns (0.02%), N = 10, StdDev = 0.007 ns
Min = 8.852 ns, Q1 = 8.856 ns, Median = 8.862 ns, Q3 = 8.865 ns, Max = 8.873 ns
IQR = 0.009 ns, LowerFence = 8.843 ns, UpperFence = 8.879 ns
ConfidenceInterval = [8.851 ns; 8.871 ns] (CI 99.9%), Margin = 0.010 ns (0.11% of Mean)
Skewness = 0.16, Kurtosis = 1.74, MValue = 2

// ** Remained 31 (57.4 %) benchmark(s) to run. Estimated finish 2026-09-09 10:22 (0h 6m from now) **
// **************************
// Benchmark: ConsumerBenchmarks<StateConsumer>.FusedBatch8: JitCore4(IterationCount=12, IterationTime=250ms, WarmupCount=16) [Pattern=Sequential]
// *** Execute ***
// Launch: 1 / 1
// Execute: dotnet ConsumerFusion-JitCore4-1.dll --anonymousPipes 122 123 --benchmarkName "Tl.ConsumerFusion.ConsumerBenchmarks<StateConsumer>.FusedBatch8(Pattern: Sequential)" --job JitCore4 --benchmarkId 23 in /home/i/Work/tl-consumer-fusion/benchmarks/ConsumerFusion/bin/Release/net10.0/ConsumerFusion-JitCore4-1/bin/Release/net10.0
// Failed to set up high priority (Permission denied). In order to run benchmarks with high priority, make sure you have the right permissions.
// BeforeAnythingElse

// Benchmark Process Environment Information:
// BenchmarkDotNet v0.15.8
// Runtime=.NET 10.0.11 (10.0.11, 10.0.1126.37416), X64 RyuJIT x86-64-v3
// GC=Concurrent Workstation
// HardwareIntrinsics=AVX2+BMI1+BMI2+F16C+FMA+LZCNT+MOVBE,AVX,SSE3+SSSE3+SSE4.1+SSE4.2+POPCNT,X86Base+SSE+SSE2,AES+PCLMUL,AvxVnni,SERIALIZE VectorSize=256
// Job: JitCore4(IterationCount=12, IterationTime=250ms, WarmupCount=16)

Generated source SHA-256: 7bdbf05933e474d7a938b65943dea9904c38e119da36a57eeee6037572f9e30f
Consumer source SHA-256: b6d3bebc1792904814ea060ef98da24a1bb83a7902917f967347d44ba9cc4197
StateConsumer/Sequential: ConsumerReceipt { Playback = Playback { Tick = 65535, Cycles = 109, Flags = Started }, SumBits = 1226792028, TrackOffsets = 364309, Enters = 1754, Stays = 127629, Exits = 1754, Callbacks = 0, Audit = 0 }
Preparation receipt: 6816056507568
OverheadJitting  1: 65536 op, 102439.00 ns, 1.5631 ns/op
WorkloadJitting  1: 65536 op, 309983.00 ns, 4.7300 ns/op

OverheadJitting  2: 1048576 op, 115127.00 ns, 0.1098 ns/op
WorkloadJitting  2: 1048576 op, 3254015.00 ns, 3.1033 ns/op

WorkloadPilot    1: 1048576 op, 3118467.00 ns, 2.9740 ns/op
WorkloadPilot    2: 84934656 op, 251164930.00 ns, 2.9572 ns/op

OverheadWarmup   1: 84934656 op, 2208.00 ns, 0.0000 ns/op
OverheadWarmup   2: 84934656 op, 1958.00 ns, 0.0000 ns/op
OverheadWarmup   3: 84934656 op, 1907.00 ns, 0.0000 ns/op
OverheadWarmup   4: 84934656 op, 1900.00 ns, 0.0000 ns/op
OverheadWarmup   5: 84934656 op, 1950.00 ns, 0.0000 ns/op
OverheadWarmup   6: 84934656 op, 1971.00 ns, 0.0000 ns/op
OverheadWarmup   7: 84934656 op, 1939.00 ns, 0.0000 ns/op
OverheadWarmup   8: 84934656 op, 1938.00 ns, 0.0000 ns/op
OverheadWarmup   9: 84934656 op, 1934.00 ns, 0.0000 ns/op
OverheadWarmup  10: 84934656 op, 1975.00 ns, 0.0000 ns/op

OverheadActual   1: 84934656 op, 2148.00 ns, 0.0000 ns/op
OverheadActual   2: 84934656 op, 2139.00 ns, 0.0000 ns/op
OverheadActual   3: 84934656 op, 2167.00 ns, 0.0000 ns/op
OverheadActual   4: 84934656 op, 1978.00 ns, 0.0000 ns/op
OverheadActual   5: 84934656 op, 2134.00 ns, 0.0000 ns/op
OverheadActual   6: 84934656 op, 1920.00 ns, 0.0000 ns/op
OverheadActual   7: 84934656 op, 1904.00 ns, 0.0000 ns/op
OverheadActual   8: 84934656 op, 1916.00 ns, 0.0000 ns/op
OverheadActual   9: 84934656 op, 1908.00 ns, 0.0000 ns/op
OverheadActual  10: 84934656 op, 1911.00 ns, 0.0000 ns/op
OverheadActual  11: 84934656 op, 1914.00 ns, 0.0000 ns/op
OverheadActual  12: 84934656 op, 1918.00 ns, 0.0000 ns/op
OverheadActual  13: 84934656 op, 1949.00 ns, 0.0000 ns/op
OverheadActual  14: 84934656 op, 1911.00 ns, 0.0000 ns/op
OverheadActual  15: 84934656 op, 1949.00 ns, 0.0000 ns/op
OverheadActual  16: 84934656 op, 1945.00 ns, 0.0000 ns/op
OverheadActual  17: 84934656 op, 1940.00 ns, 0.0000 ns/op

WorkloadWarmup   1: 84934656 op, 250988391.00 ns, 2.9551 ns/op
WorkloadWarmup   2: 84934656 op, 250821602.00 ns, 2.9531 ns/op
WorkloadWarmup   3: 84934656 op, 250788544.00 ns, 2.9527 ns/op
WorkloadWarmup   4: 84934656 op, 250663904.00 ns, 2.9513 ns/op
WorkloadWarmup   5: 84934656 op, 250881702.00 ns, 2.9538 ns/op
WorkloadWarmup   6: 84934656 op, 250638242.00 ns, 2.9510 ns/op
WorkloadWarmup   7: 84934656 op, 274055690.00 ns, 3.2267 ns/op
WorkloadWarmup   8: 84934656 op, 250901885.00 ns, 2.9541 ns/op
WorkloadWarmup   9: 84934656 op, 250872250.00 ns, 2.9537 ns/op
WorkloadWarmup  10: 84934656 op, 250589618.00 ns, 2.9504 ns/op
WorkloadWarmup  11: 84934656 op, 253658607.00 ns, 2.9865 ns/op
WorkloadWarmup  12: 84934656 op, 265971913.00 ns, 3.1315 ns/op
WorkloadWarmup  13: 84934656 op, 250573949.00 ns, 2.9502 ns/op
WorkloadWarmup  14: 84934656 op, 250713168.00 ns, 2.9518 ns/op
WorkloadWarmup  15: 84934656 op, 250641128.00 ns, 2.9510 ns/op
WorkloadWarmup  16: 84934656 op, 250873839.00 ns, 2.9537 ns/op

// BeforeActualRun
WorkloadActual   1: 84934656 op, 251257786.00 ns, 2.9582 ns/op
WorkloadActual   2: 84934656 op, 251122171.00 ns, 2.9567 ns/op
WorkloadActual   3: 84934656 op, 251259682.00 ns, 2.9583 ns/op
WorkloadActual   4: 84934656 op, 250656108.00 ns, 2.9512 ns/op
WorkloadActual   5: 84934656 op, 250787795.00 ns, 2.9527 ns/op
WorkloadActual   6: 84934656 op, 250885185.00 ns, 2.9539 ns/op
WorkloadActual   7: 84934656 op, 250799762.00 ns, 2.9529 ns/op
WorkloadActual   8: 84934656 op, 259968965.00 ns, 3.0608 ns/op
WorkloadActual   9: 84934656 op, 258365615.00 ns, 3.0419 ns/op
WorkloadActual  10: 84934656 op, 251534337.00 ns, 2.9615 ns/op
WorkloadActual  11: 84934656 op, 255462333.00 ns, 3.0078 ns/op
WorkloadActual  12: 84934656 op, 251153987.00 ns, 2.9570 ns/op

// AfterActualRun
WorkloadResult   1: 84934656 op, 251255846.00 ns, 2.9582 ns/op
WorkloadResult   2: 84934656 op, 251120231.00 ns, 2.9566 ns/op
WorkloadResult   3: 84934656 op, 251257742.00 ns, 2.9582 ns/op
WorkloadResult   4: 84934656 op, 250654168.00 ns, 2.9511 ns/op
WorkloadResult   5: 84934656 op, 250785855.00 ns, 2.9527 ns/op
WorkloadResult   6: 84934656 op, 250883245.00 ns, 2.9538 ns/op
WorkloadResult   7: 84934656 op, 250797822.00 ns, 2.9528 ns/op
WorkloadResult   8: 84934656 op, 251532397.00 ns, 2.9615 ns/op
WorkloadResult   9: 84934656 op, 251152047.00 ns, 2.9570 ns/op
// GC:  0 0 0 0 84934656
// Threading:  0 0 84934656

// AfterAll
// Benchmark Process 400 has exited with code 0.

Mean = 2.956 ns, StdErr = 0.001 ns (0.04%), N = 9, StdDev = 0.003 ns
Min = 2.951 ns, Q1 = 2.953 ns, Median = 2.957 ns, Q3 = 2.958 ns, Max = 2.961 ns
IQR = 0.005 ns, LowerFence = 2.945 ns, UpperFence = 2.966 ns
ConfidenceInterval = [2.950 ns; 2.961 ns] (CI 99.9%), Margin = 0.006 ns (0.19% of Mean)
Skewness = 0.16, Kurtosis = 1.55, MValue = 2

// ** Remained 30 (55.6 %) benchmark(s) to run. Estimated finish 2026-09-09 10:22 (0h 6m from now) **
// **************************
// Benchmark: ConsumerBenchmarks<StateConsumer>.InterpreterSingle: JitCore4(IterationCount=12, IterationTime=250ms, WarmupCount=16) [Pattern=Random]
// *** Execute ***
// Launch: 1 / 1
// Execute: dotnet ConsumerFusion-JitCore4-1.dll --anonymousPipes 124 125 --benchmarkName "Tl.ConsumerFusion.ConsumerBenchmarks<StateConsumer>.InterpreterSingle(Pattern: Random)" --job JitCore4 --benchmarkId 24 in /home/i/Work/tl-consumer-fusion/benchmarks/ConsumerFusion/bin/Release/net10.0/ConsumerFusion-JitCore4-1/bin/Release/net10.0
// Failed to set up high priority (Permission denied). In order to run benchmarks with high priority, make sure you have the right permissions.
// BeforeAnythingElse

// Benchmark Process Environment Information:
// BenchmarkDotNet v0.15.8
// Runtime=.NET 10.0.11 (10.0.11, 10.0.1126.37416), X64 RyuJIT x86-64-v3
// GC=Concurrent Workstation
// HardwareIntrinsics=AVX2+BMI1+BMI2+F16C+FMA+LZCNT+MOVBE,AVX,SSE3+SSSE3+SSE4.1+SSE4.2+POPCNT,X86Base+SSE+SSE2,AES+PCLMUL,AvxVnni,SERIALIZE VectorSize=256
// Job: JitCore4(IterationCount=12, IterationTime=250ms, WarmupCount=16)

Generated source SHA-256: 7bdbf05933e474d7a938b65943dea9904c38e119da36a57eeee6037572f9e30f
Consumer source SHA-256: b6d3bebc1792904814ea060ef98da24a1bb83a7902917f967347d44ba9cc4197
StateConsumer/Random: ConsumerReceipt { Playback = Playback { Tick = 116, Cycles = 61434, Flags = Started }, SumBits = 1192729973, TrackOffsets = 364776, Enters = 119519, Stays = 10248, Exits = 1588, Callbacks = 0, Audit = 0 }
Preparation receipt: 3485156981106
OverheadJitting  1: 65536 op, 99603.00 ns, 1.5198 ns/op
WorkloadJitting  1: 65536 op, 1543924.00 ns, 23.5584 ns/op

OverheadJitting  2: 1048576 op, 114912.00 ns, 0.1096 ns/op
WorkloadJitting  2: 1048576 op, 23359326.00 ns, 22.2772 ns/op

WorkloadPilot    1: 1048576 op, 22971791.00 ns, 21.9076 ns/op
WorkloadPilot    2: 11534336 op, 248698889.00 ns, 21.5616 ns/op
WorkloadPilot    3: 12582912 op, 270789086.00 ns, 21.5204 ns/op

OverheadWarmup   1: 12582912 op, 641.00 ns, 0.0001 ns/op
OverheadWarmup   2: 12582912 op, 304.00 ns, 0.0000 ns/op
OverheadWarmup   3: 12582912 op, 276.00 ns, 0.0000 ns/op
OverheadWarmup   4: 12582912 op, 281.00 ns, 0.0000 ns/op
OverheadWarmup   5: 12582912 op, 277.00 ns, 0.0000 ns/op
OverheadWarmup   6: 12582912 op, 282.00 ns, 0.0000 ns/op
OverheadWarmup   7: 12582912 op, 283.00 ns, 0.0000 ns/op
OverheadWarmup   8: 12582912 op, 274.00 ns, 0.0000 ns/op

OverheadActual   1: 12582912 op, 492.00 ns, 0.0000 ns/op
OverheadActual   2: 12582912 op, 496.00 ns, 0.0000 ns/op
OverheadActual   3: 12582912 op, 515.00 ns, 0.0000 ns/op
OverheadActual   4: 12582912 op, 339.00 ns, 0.0000 ns/op
OverheadActual   5: 12582912 op, 432.00 ns, 0.0000 ns/op
OverheadActual   6: 12582912 op, 282.00 ns, 0.0000 ns/op
OverheadActual   7: 12582912 op, 268.00 ns, 0.0000 ns/op
OverheadActual   8: 12582912 op, 263.00 ns, 0.0000 ns/op
OverheadActual   9: 12582912 op, 265.00 ns, 0.0000 ns/op
OverheadActual  10: 12582912 op, 267.00 ns, 0.0000 ns/op
OverheadActual  11: 12582912 op, 260.00 ns, 0.0000 ns/op
OverheadActual  12: 12582912 op, 302.00 ns, 0.0000 ns/op
OverheadActual  13: 12582912 op, 277.00 ns, 0.0000 ns/op
OverheadActual  14: 12582912 op, 285.00 ns, 0.0000 ns/op
OverheadActual  15: 12582912 op, 299.00 ns, 0.0000 ns/op
OverheadActual  16: 12582912 op, 298.00 ns, 0.0000 ns/op
OverheadActual  17: 12582912 op, 308.00 ns, 0.0000 ns/op
OverheadActual  18: 12582912 op, 401.00 ns, 0.0000 ns/op
OverheadActual  19: 12582912 op, 321.00 ns, 0.0000 ns/op
OverheadActual  20: 12582912 op, 292.00 ns, 0.0000 ns/op

WorkloadWarmup   1: 12582912 op, 271262902.00 ns, 21.5580 ns/op
WorkloadWarmup   2: 12582912 op, 270716514.00 ns, 21.5146 ns/op
WorkloadWarmup   3: 12582912 op, 272175726.00 ns, 21.6306 ns/op
WorkloadWarmup   4: 12582912 op, 272325178.00 ns, 21.6425 ns/op
WorkloadWarmup   5: 12582912 op, 271122872.00 ns, 21.5469 ns/op
WorkloadWarmup   6: 12582912 op, 311301272.00 ns, 24.7400 ns/op
WorkloadWarmup   7: 12582912 op, 272575368.00 ns, 21.6623 ns/op
WorkloadWarmup   8: 12582912 op, 271777059.00 ns, 21.5989 ns/op
WorkloadWarmup   9: 12582912 op, 276229656.00 ns, 21.9528 ns/op
WorkloadWarmup  10: 12582912 op, 271970382.00 ns, 21.6143 ns/op
WorkloadWarmup  11: 12582912 op, 271157526.00 ns, 21.5497 ns/op
WorkloadWarmup  12: 12582912 op, 270474936.00 ns, 21.4954 ns/op
WorkloadWarmup  13: 12582912 op, 272418613.00 ns, 21.6499 ns/op
WorkloadWarmup  14: 12582912 op, 278245149.00 ns, 22.1129 ns/op
WorkloadWarmup  15: 12582912 op, 270483784.00 ns, 21.4961 ns/op
WorkloadWarmup  16: 12582912 op, 273056613.00 ns, 21.7006 ns/op

// BeforeActualRun
WorkloadActual   1: 12582912 op, 270732692.00 ns, 21.5159 ns/op
WorkloadActual   2: 12582912 op, 270856310.00 ns, 21.5257 ns/op
WorkloadActual   3: 12582912 op, 270697066.00 ns, 21.5131 ns/op
WorkloadActual   4: 12582912 op, 272686011.00 ns, 21.6711 ns/op
WorkloadActual   5: 12582912 op, 272881827.00 ns, 21.6867 ns/op
WorkloadActual   6: 12582912 op, 269914275.00 ns, 21.4509 ns/op
WorkloadActual   7: 12582912 op, 270281026.00 ns, 21.4800 ns/op
WorkloadActual   8: 12582912 op, 285543571.00 ns, 22.6930 ns/op
WorkloadActual   9: 12582912 op, 270574231.00 ns, 21.5033 ns/op
WorkloadActual  10: 12582912 op, 270418145.00 ns, 21.4909 ns/op
WorkloadActual  11: 12582912 op, 271073187.00 ns, 21.5430 ns/op
WorkloadActual  12: 12582912 op, 272113012.00 ns, 21.6256 ns/op

// AfterActualRun
WorkloadResult   1: 12582912 op, 270732393.50 ns, 21.5159 ns/op
WorkloadResult   2: 12582912 op, 270856011.50 ns, 21.5257 ns/op
WorkloadResult   3: 12582912 op, 270696767.50 ns, 21.5130 ns/op
WorkloadResult   4: 12582912 op, 272685712.50 ns, 21.6711 ns/op
WorkloadResult   5: 12582912 op, 272881528.50 ns, 21.6867 ns/op
WorkloadResult   6: 12582912 op, 269913976.50 ns, 21.4508 ns/op
WorkloadResult   7: 12582912 op, 270280727.50 ns, 21.4800 ns/op
WorkloadResult   8: 12582912 op, 270573932.50 ns, 21.5033 ns/op
WorkloadResult   9: 12582912 op, 270417846.50 ns, 21.4909 ns/op
WorkloadResult  10: 12582912 op, 271072888.50 ns, 21.5429 ns/op
WorkloadResult  11: 12582912 op, 272112713.50 ns, 21.6256 ns/op
// GC:  0 0 0 0 12582912
// Threading:  0 0 12582912

// AfterAll
// Benchmark Process 408 has exited with code 0.

Mean = 21.546 ns, StdErr = 0.024 ns (0.11%), N = 11, StdDev = 0.079 ns
Min = 21.451 ns, Q1 = 21.497 ns, Median = 21.516 ns, Q3 = 21.584 ns, Max = 21.687 ns
IQR = 0.087 ns, LowerFence = 21.366 ns, UpperFence = 21.715 ns
ConfidenceInterval = [21.437 ns; 21.655 ns] (CI 99.9%), Margin = 0.109 ns (0.51% of Mean)
Skewness = 0.7, Kurtosis = 1.85, MValue = 2

// ** Remained 29 (53.7 %) benchmark(s) to run. Estimated finish 2026-09-09 10:22 (0h 6m from now) **
// **************************
// Benchmark: ConsumerBenchmarks<StateConsumer>.CompiledSingle: JitCore4(IterationCount=12, IterationTime=250ms, WarmupCount=16) [Pattern=Random]
// *** Execute ***
// Launch: 1 / 1
// Execute: dotnet ConsumerFusion-JitCore4-1.dll --anonymousPipes 124 125 --benchmarkName "Tl.ConsumerFusion.ConsumerBenchmarks<StateConsumer>.CompiledSingle(Pattern: Random)" --job JitCore4 --benchmarkId 25 in /home/i/Work/tl-consumer-fusion/benchmarks/ConsumerFusion/bin/Release/net10.0/ConsumerFusion-JitCore4-1/bin/Release/net10.0
// Failed to set up high priority (Permission denied). In order to run benchmarks with high priority, make sure you have the right permissions.
// BeforeAnythingElse

// Benchmark Process Environment Information:
// BenchmarkDotNet v0.15.8
// Runtime=.NET 10.0.11 (10.0.11, 10.0.1126.37416), X64 RyuJIT x86-64-v3
// GC=Concurrent Workstation
// HardwareIntrinsics=AVX2+BMI1+BMI2+F16C+FMA+LZCNT+MOVBE,AVX,SSE3+SSSE3+SSE4.1+SSE4.2+POPCNT,X86Base+SSE+SSE2,AES+PCLMUL,AvxVnni,SERIALIZE VectorSize=256
// Job: JitCore4(IterationCount=12, IterationTime=250ms, WarmupCount=16)

Generated source SHA-256: 7bdbf05933e474d7a938b65943dea9904c38e119da36a57eeee6037572f9e30f
Consumer source SHA-256: b6d3bebc1792904814ea060ef98da24a1bb83a7902917f967347d44ba9cc4197
StateConsumer/Random: ConsumerReceipt { Playback = Playback { Tick = 116, Cycles = 61434, Flags = Started }, SumBits = 1192729973, TrackOffsets = 364776, Enters = 119519, Stays = 10248, Exits = 1588, Callbacks = 0, Audit = 0 }
Preparation receipt: 3463687841592
OverheadJitting  1: 65536 op, 99978.00 ns, 1.5255 ns/op
WorkloadJitting  1: 65536 op, 1812745.00 ns, 27.6603 ns/op

OverheadJitting  2: 1048576 op, 119471.00 ns, 0.1139 ns/op
WorkloadJitting  2: 1048576 op, 28127114.00 ns, 26.8241 ns/op

WorkloadPilot    1: 1048576 op, 31848044.00 ns, 30.3727 ns/op
WorkloadPilot    2: 8388608 op, 255636775.00 ns, 30.4743 ns/op

OverheadWarmup   1: 8388608 op, 535.00 ns, 0.0001 ns/op
OverheadWarmup   2: 8388608 op, 187.00 ns, 0.0000 ns/op
OverheadWarmup   3: 8388608 op, 181.00 ns, 0.0000 ns/op
OverheadWarmup   4: 8388608 op, 176.00 ns, 0.0000 ns/op
OverheadWarmup   5: 8388608 op, 207.00 ns, 0.0000 ns/op
OverheadWarmup   6: 8388608 op, 204.00 ns, 0.0000 ns/op
OverheadWarmup   7: 8388608 op, 197.00 ns, 0.0000 ns/op
OverheadWarmup   8: 8388608 op, 201.00 ns, 0.0000 ns/op
OverheadWarmup   9: 8388608 op, 212.00 ns, 0.0000 ns/op
OverheadWarmup  10: 8388608 op, 227.00 ns, 0.0000 ns/op

OverheadActual   1: 8388608 op, 593.00 ns, 0.0001 ns/op
OverheadActual   2: 8388608 op, 458.00 ns, 0.0001 ns/op
OverheadActual   3: 8388608 op, 431.00 ns, 0.0001 ns/op
OverheadActual   4: 8388608 op, 260.00 ns, 0.0000 ns/op
OverheadActual   5: 8388608 op, 354.00 ns, 0.0000 ns/op
OverheadActual   6: 8388608 op, 190.00 ns, 0.0000 ns/op
OverheadActual   7: 8388608 op, 179.00 ns, 0.0000 ns/op
OverheadActual   8: 8388608 op, 182.00 ns, 0.0000 ns/op
OverheadActual   9: 8388608 op, 179.00 ns, 0.0000 ns/op
OverheadActual  10: 8388608 op, 172.00 ns, 0.0000 ns/op
OverheadActual  11: 8388608 op, 174.00 ns, 0.0000 ns/op
OverheadActual  12: 8388608 op, 189.00 ns, 0.0000 ns/op
OverheadActual  13: 8388608 op, 221.00 ns, 0.0000 ns/op
OverheadActual  14: 8388608 op, 205.00 ns, 0.0000 ns/op
OverheadActual  15: 8388608 op, 193.00 ns, 0.0000 ns/op
OverheadActual  16: 8388608 op, 200.00 ns, 0.0000 ns/op
OverheadActual  17: 8388608 op, 210.00 ns, 0.0000 ns/op
OverheadActual  18: 8388608 op, 317.00 ns, 0.0000 ns/op
OverheadActual  19: 8388608 op, 224.00 ns, 0.0000 ns/op
OverheadActual  20: 8388608 op, 202.00 ns, 0.0000 ns/op

WorkloadWarmup   1: 8388608 op, 254774863.00 ns, 30.3715 ns/op
WorkloadWarmup   2: 8388608 op, 254795613.00 ns, 30.3740 ns/op
WorkloadWarmup   3: 8388608 op, 255133096.00 ns, 30.4142 ns/op
WorkloadWarmup   4: 8388608 op, 254844244.00 ns, 30.3798 ns/op
WorkloadWarmup   5: 8388608 op, 254770933.00 ns, 30.3711 ns/op
WorkloadWarmup   6: 8388608 op, 254625519.00 ns, 30.3537 ns/op
WorkloadWarmup   7: 8388608 op, 293890164.00 ns, 35.0344 ns/op
WorkloadWarmup   8: 8388608 op, 254503450.00 ns, 30.3392 ns/op
WorkloadWarmup   9: 8388608 op, 254859824.00 ns, 30.3817 ns/op
WorkloadWarmup  10: 8388608 op, 254523506.00 ns, 30.3416 ns/op
WorkloadWarmup  11: 8388608 op, 254324078.00 ns, 30.3178 ns/op
WorkloadWarmup  12: 8388608 op, 254620333.00 ns, 30.3531 ns/op
WorkloadWarmup  13: 8388608 op, 254573056.00 ns, 30.3475 ns/op
WorkloadWarmup  14: 8388608 op, 254308668.00 ns, 30.3160 ns/op
WorkloadWarmup  15: 8388608 op, 261203336.00 ns, 31.1379 ns/op
WorkloadWarmup  16: 8388608 op, 255335499.00 ns, 30.4384 ns/op

// BeforeActualRun
WorkloadActual   1: 8388608 op, 254719702.00 ns, 30.3650 ns/op
WorkloadActual   2: 8388608 op, 254791622.00 ns, 30.3735 ns/op
WorkloadActual   3: 8388608 op, 255041874.00 ns, 30.4034 ns/op
WorkloadActual   4: 8388608 op, 254707978.00 ns, 30.3636 ns/op
WorkloadActual   5: 8388608 op, 254607181.00 ns, 30.3515 ns/op
WorkloadActual   6: 8388608 op, 254501755.00 ns, 30.3390 ns/op
WorkloadActual   7: 8388608 op, 254727069.00 ns, 30.3658 ns/op
WorkloadActual   8: 8388608 op, 269722129.00 ns, 32.1534 ns/op
WorkloadActual   9: 8388608 op, 254656632.00 ns, 30.3574 ns/op
WorkloadActual  10: 8388608 op, 255232332.00 ns, 30.4261 ns/op
WorkloadActual  11: 8388608 op, 254924273.00 ns, 30.3893 ns/op
WorkloadActual  12: 8388608 op, 255197821.00 ns, 30.4220 ns/op

// AfterActualRun
WorkloadResult   1: 8388608 op, 254719498.50 ns, 30.3649 ns/op
WorkloadResult   2: 8388608 op, 254791418.50 ns, 30.3735 ns/op
WorkloadResult   3: 8388608 op, 255041670.50 ns, 30.4033 ns/op
WorkloadResult   4: 8388608 op, 254707774.50 ns, 30.3635 ns/op
WorkloadResult   5: 8388608 op, 254606977.50 ns, 30.3515 ns/op
WorkloadResult   6: 8388608 op, 254501551.50 ns, 30.3389 ns/op
WorkloadResult   7: 8388608 op, 254726865.50 ns, 30.3658 ns/op
WorkloadResult   8: 8388608 op, 254656428.50 ns, 30.3574 ns/op
WorkloadResult   9: 8388608 op, 255232128.50 ns, 30.4260 ns/op
WorkloadResult  10: 8388608 op, 254924069.50 ns, 30.3893 ns/op
WorkloadResult  11: 8388608 op, 255197617.50 ns, 30.4219 ns/op
// GC:  0 0 0 0 8388608
// Threading:  0 0 8388608

// AfterAll
// Benchmark Process 416 has exited with code 0.

Mean = 30.378 ns, StdErr = 0.009 ns (0.03%), N = 11, StdDev = 0.029 ns
Min = 30.339 ns, Q1 = 30.360 ns, Median = 30.366 ns, Q3 = 30.396 ns, Max = 30.426 ns
IQR = 0.036 ns, LowerFence = 30.307 ns, UpperFence = 30.450 ns
ConfidenceInterval = [30.338 ns; 30.417 ns] (CI 99.9%), Margin = 0.040 ns (0.13% of Mean)
Skewness = 0.48, Kurtosis = 1.71, MValue = 2

// ** Remained 28 (51.9 %) benchmark(s) to run. Estimated finish 2026-09-09 10:22 (0h 6m from now) **
// **************************
// Benchmark: ConsumerBenchmarks<StateConsumer>.FusedSingle: JitCore4(IterationCount=12, IterationTime=250ms, WarmupCount=16) [Pattern=Random]
// *** Execute ***
// Launch: 1 / 1
// Execute: dotnet ConsumerFusion-JitCore4-1.dll --anonymousPipes 124 125 --benchmarkName "Tl.ConsumerFusion.ConsumerBenchmarks<StateConsumer>.FusedSingle(Pattern: Random)" --job JitCore4 --benchmarkId 26 in /home/i/Work/tl-consumer-fusion/benchmarks/ConsumerFusion/bin/Release/net10.0/ConsumerFusion-JitCore4-1/bin/Release/net10.0
// Failed to set up high priority (Permission denied). In order to run benchmarks with high priority, make sure you have the right permissions.
// BeforeAnythingElse

// Benchmark Process Environment Information:
// BenchmarkDotNet v0.15.8
// Runtime=.NET 10.0.11 (10.0.11, 10.0.1126.37416), X64 RyuJIT x86-64-v3
// GC=Concurrent Workstation
// HardwareIntrinsics=AVX2+BMI1+BMI2+F16C+FMA+LZCNT+MOVBE,AVX,SSE3+SSSE3+SSE4.1+SSE4.2+POPCNT,X86Base+SSE+SSE2,AES+PCLMUL,AvxVnni,SERIALIZE VectorSize=256
// Job: JitCore4(IterationCount=12, IterationTime=250ms, WarmupCount=16)

Generated source SHA-256: 7bdbf05933e474d7a938b65943dea9904c38e119da36a57eeee6037572f9e30f
Consumer source SHA-256: b6d3bebc1792904814ea060ef98da24a1bb83a7902917f967347d44ba9cc4197
StateConsumer/Random: ConsumerReceipt { Playback = Playback { Tick = 116, Cycles = 61434, Flags = Started }, SumBits = 1192729973, TrackOffsets = 364776, Enters = 119519, Stays = 10248, Exits = 1588, Callbacks = 0, Audit = 0 }
Preparation receipt: 3470844221430
OverheadJitting  1: 65536 op, 112288.00 ns, 1.7134 ns/op
WorkloadJitting  1: 65536 op, 845985.00 ns, 12.9087 ns/op

OverheadJitting  2: 1048576 op, 137770.00 ns, 0.1314 ns/op
WorkloadJitting  2: 1048576 op, 10803943.00 ns, 10.3034 ns/op

WorkloadPilot    1: 1048576 op, 10820555.00 ns, 10.3193 ns/op
WorkloadPilot    2: 25165824 op, 252971072.00 ns, 10.0522 ns/op

OverheadWarmup   1: 25165824 op, 913.00 ns, 0.0000 ns/op
OverheadWarmup   2: 25165824 op, 609.00 ns, 0.0000 ns/op
OverheadWarmup   3: 25165824 op, 579.00 ns, 0.0000 ns/op
OverheadWarmup   4: 25165824 op, 574.00 ns, 0.0000 ns/op
OverheadWarmup   5: 25165824 op, 603.00 ns, 0.0000 ns/op
OverheadWarmup   6: 25165824 op, 595.00 ns, 0.0000 ns/op
OverheadWarmup   7: 25165824 op, 607.00 ns, 0.0000 ns/op
OverheadWarmup   8: 25165824 op, 612.00 ns, 0.0000 ns/op
OverheadWarmup   9: 25165824 op, 613.00 ns, 0.0000 ns/op
OverheadWarmup  10: 25165824 op, 608.00 ns, 0.0000 ns/op

OverheadActual   1: 25165824 op, 805.00 ns, 0.0000 ns/op
OverheadActual   2: 25165824 op, 808.00 ns, 0.0000 ns/op
OverheadActual   3: 25165824 op, 793.00 ns, 0.0000 ns/op
OverheadActual   4: 25165824 op, 700.00 ns, 0.0000 ns/op
OverheadActual   5: 25165824 op, 766.00 ns, 0.0000 ns/op
OverheadActual   6: 25165824 op, 594.00 ns, 0.0000 ns/op
OverheadActual   7: 25165824 op, 591.00 ns, 0.0000 ns/op
OverheadActual   8: 25165824 op, 579.00 ns, 0.0000 ns/op
OverheadActual   9: 25165824 op, 571.00 ns, 0.0000 ns/op
OverheadActual  10: 25165824 op, 578.00 ns, 0.0000 ns/op
OverheadActual  11: 25165824 op, 602.00 ns, 0.0000 ns/op
OverheadActual  12: 25165824 op, 586.00 ns, 0.0000 ns/op
OverheadActual  13: 25165824 op, 604.00 ns, 0.0000 ns/op
OverheadActual  14: 25165824 op, 619.00 ns, 0.0000 ns/op
OverheadActual  15: 25165824 op, 619.00 ns, 0.0000 ns/op
OverheadActual  16: 25165824 op, 595.00 ns, 0.0000 ns/op
OverheadActual  17: 25165824 op, 612.00 ns, 0.0000 ns/op
OverheadActual  18: 25165824 op, 749.00 ns, 0.0000 ns/op
OverheadActual  19: 25165824 op, 613.00 ns, 0.0000 ns/op
OverheadActual  20: 25165824 op, 609.00 ns, 0.0000 ns/op

WorkloadWarmup   1: 25165824 op, 251960787.00 ns, 10.0120 ns/op
WorkloadWarmup   2: 25165824 op, 251993046.00 ns, 10.0133 ns/op
WorkloadWarmup   3: 25165824 op, 252811076.00 ns, 10.0458 ns/op
WorkloadWarmup   4: 25165824 op, 251587950.00 ns, 9.9972 ns/op
WorkloadWarmup   5: 25165824 op, 252079632.00 ns, 10.0167 ns/op
WorkloadWarmup   6: 25165824 op, 252153996.00 ns, 10.0197 ns/op
WorkloadWarmup   7: 25165824 op, 293043643.00 ns, 11.6445 ns/op
WorkloadWarmup   8: 25165824 op, 253608945.00 ns, 10.0775 ns/op
WorkloadWarmup   9: 25165824 op, 252899005.00 ns, 10.0493 ns/op
WorkloadWarmup  10: 25165824 op, 251008727.00 ns, 9.9742 ns/op
WorkloadWarmup  11: 25165824 op, 251856931.00 ns, 10.0079 ns/op
WorkloadWarmup  12: 25165824 op, 252357872.00 ns, 10.0278 ns/op
WorkloadWarmup  13: 25165824 op, 251998545.00 ns, 10.0135 ns/op
WorkloadWarmup  14: 25165824 op, 251561364.00 ns, 9.9962 ns/op
WorkloadWarmup  15: 25165824 op, 262479494.00 ns, 10.4300 ns/op
WorkloadWarmup  16: 25165824 op, 251628460.00 ns, 9.9988 ns/op

// BeforeActualRun
WorkloadActual   1: 25165824 op, 252838981.00 ns, 10.0469 ns/op
WorkloadActual   2: 25165824 op, 252274343.00 ns, 10.0245 ns/op
WorkloadActual   3: 25165824 op, 251601456.00 ns, 9.9977 ns/op
WorkloadActual   4: 25165824 op, 253158006.00 ns, 10.0596 ns/op
WorkloadActual   5: 25165824 op, 253476259.00 ns, 10.0722 ns/op
WorkloadActual   6: 25165824 op, 253247115.00 ns, 10.0631 ns/op
WorkloadActual   7: 25165824 op, 251175637.00 ns, 9.9808 ns/op
WorkloadActual   8: 25165824 op, 262485753.00 ns, 10.4302 ns/op
WorkloadActual   9: 25165824 op, 254400190.00 ns, 10.1090 ns/op
WorkloadActual  10: 25165824 op, 252133267.00 ns, 10.0189 ns/op
WorkloadActual  11: 25165824 op, 251455958.00 ns, 9.9920 ns/op
WorkloadActual  12: 25165824 op, 251637848.00 ns, 9.9992 ns/op

// AfterActualRun
WorkloadResult   1: 25165824 op, 252838370.50 ns, 10.0469 ns/op
WorkloadResult   2: 25165824 op, 252273732.50 ns, 10.0245 ns/op
WorkloadResult   3: 25165824 op, 251600845.50 ns, 9.9977 ns/op
WorkloadResult   4: 25165824 op, 253157395.50 ns, 10.0596 ns/op
WorkloadResult   5: 25165824 op, 253475648.50 ns, 10.0722 ns/op
WorkloadResult   6: 25165824 op, 253246504.50 ns, 10.0631 ns/op
WorkloadResult   7: 25165824 op, 251175026.50 ns, 9.9808 ns/op
WorkloadResult   8: 25165824 op, 254399579.50 ns, 10.1089 ns/op
WorkloadResult   9: 25165824 op, 252132656.50 ns, 10.0189 ns/op
WorkloadResult  10: 25165824 op, 251455347.50 ns, 9.9919 ns/op
WorkloadResult  11: 25165824 op, 251637237.50 ns, 9.9992 ns/op
// GC:  0 0 0 0 25165824
// Threading:  0 0 25165824

// AfterAll
// Benchmark Process 426 has exited with code 0.

Mean = 10.033 ns, StdErr = 0.012 ns (0.12%), N = 11, StdDev = 0.040 ns
Min = 9.981 ns, Q1 = 9.998 ns, Median = 10.024 ns, Q3 = 10.061 ns, Max = 10.109 ns
IQR = 0.063 ns, LowerFence = 9.904 ns, UpperFence = 10.156 ns
ConfidenceInterval = [9.977 ns; 10.089 ns] (CI 99.9%), Margin = 0.056 ns (0.55% of Mean)
Skewness = 0.34, Kurtosis = 1.74, MValue = 2

// ** Remained 27 (50.0 %) benchmark(s) to run. Estimated finish 2026-09-09 10:22 (0h 5m from now) **
// **************************
// Benchmark: ConsumerBenchmarks<StateConsumer>.InterpreterBatch8: JitCore4(IterationCount=12, IterationTime=250ms, WarmupCount=16) [Pattern=Random]
// *** Execute ***
// Launch: 1 / 1
// Execute: dotnet ConsumerFusion-JitCore4-1.dll --anonymousPipes 122 123 --benchmarkName "Tl.ConsumerFusion.ConsumerBenchmarks<StateConsumer>.InterpreterBatch8(Pattern: Random)" --job JitCore4 --benchmarkId 27 in /home/i/Work/tl-consumer-fusion/benchmarks/ConsumerFusion/bin/Release/net10.0/ConsumerFusion-JitCore4-1/bin/Release/net10.0
// Failed to set up high priority (Permission denied). In order to run benchmarks with high priority, make sure you have the right permissions.
// BeforeAnythingElse

// Benchmark Process Environment Information:
// BenchmarkDotNet v0.15.8
// Runtime=.NET 10.0.11 (10.0.11, 10.0.1126.37416), X64 RyuJIT x86-64-v3
// GC=Concurrent Workstation
// HardwareIntrinsics=AVX2+BMI1+BMI2+F16C+FMA+LZCNT+MOVBE,AVX,SSE3+SSSE3+SSE4.1+SSE4.2+POPCNT,X86Base+SSE+SSE2,AES+PCLMUL,AvxVnni,SERIALIZE VectorSize=256
// Job: JitCore4(IterationCount=12, IterationTime=250ms, WarmupCount=16)

Generated source SHA-256: 7bdbf05933e474d7a938b65943dea9904c38e119da36a57eeee6037572f9e30f
Consumer source SHA-256: b6d3bebc1792904814ea060ef98da24a1bb83a7902917f967347d44ba9cc4197
StateConsumer/Random: ConsumerReceipt { Playback = Playback { Tick = 116, Cycles = 61434, Flags = Started }, SumBits = 1192729973, TrackOffsets = 364776, Enters = 119519, Stays = 10248, Exits = 1588, Callbacks = 0, Audit = 0 }
Preparation receipt: 3463687841592
OverheadJitting  1: 65536 op, 101794.00 ns, 1.5533 ns/op
WorkloadJitting  1: 65536 op, 1415285.00 ns, 21.5955 ns/op

OverheadJitting  2: 1048576 op, 120533.00 ns, 0.1149 ns/op
WorkloadJitting  2: 1048576 op, 20681558.00 ns, 19.7235 ns/op

WorkloadPilot    1: 1048576 op, 20441119.00 ns, 19.4942 ns/op
WorkloadPilot    2: 13631488 op, 263764970.00 ns, 19.3497 ns/op

OverheadWarmup   1: 13631488 op, 605.00 ns, 0.0000 ns/op
OverheadWarmup   2: 13631488 op, 384.00 ns, 0.0000 ns/op
OverheadWarmup   3: 13631488 op, 365.00 ns, 0.0000 ns/op
OverheadWarmup   4: 13631488 op, 374.00 ns, 0.0000 ns/op
OverheadWarmup   5: 13631488 op, 413.00 ns, 0.0000 ns/op
OverheadWarmup   6: 13631488 op, 393.00 ns, 0.0000 ns/op
OverheadWarmup   7: 13631488 op, 394.00 ns, 0.0000 ns/op
OverheadWarmup   8: 13631488 op, 383.00 ns, 0.0000 ns/op

OverheadActual   1: 13631488 op, 532.00 ns, 0.0000 ns/op
OverheadActual   2: 13631488 op, 530.00 ns, 0.0000 ns/op
OverheadActual   3: 13631488 op, 543.00 ns, 0.0000 ns/op
OverheadActual   4: 13631488 op, 431.00 ns, 0.0000 ns/op
OverheadActual   5: 13631488 op, 531.00 ns, 0.0000 ns/op
OverheadActual   6: 13631488 op, 408.00 ns, 0.0000 ns/op
OverheadActual   7: 13631488 op, 384.00 ns, 0.0000 ns/op
OverheadActual   8: 13631488 op, 374.00 ns, 0.0000 ns/op
OverheadActual   9: 13631488 op, 381.00 ns, 0.0000 ns/op
OverheadActual  10: 13631488 op, 353.00 ns, 0.0000 ns/op
OverheadActual  11: 13631488 op, 387.00 ns, 0.0000 ns/op
OverheadActual  12: 13631488 op, 399.00 ns, 0.0000 ns/op
OverheadActual  13: 13631488 op, 382.00 ns, 0.0000 ns/op
OverheadActual  14: 13631488 op, 376.00 ns, 0.0000 ns/op
OverheadActual  15: 13631488 op, 386.00 ns, 0.0000 ns/op
OverheadActual  16: 13631488 op, 400.00 ns, 0.0000 ns/op
OverheadActual  17: 13631488 op, 412.00 ns, 0.0000 ns/op
OverheadActual  18: 13631488 op, 525.00 ns, 0.0000 ns/op
OverheadActual  19: 13631488 op, 428.00 ns, 0.0000 ns/op
OverheadActual  20: 13631488 op, 411.00 ns, 0.0000 ns/op

WorkloadWarmup   1: 13631488 op, 264739973.00 ns, 19.4212 ns/op
WorkloadWarmup   2: 13631488 op, 265232126.00 ns, 19.4573 ns/op
WorkloadWarmup   3: 13631488 op, 265108248.00 ns, 19.4482 ns/op
WorkloadWarmup   4: 13631488 op, 263489126.00 ns, 19.3294 ns/op
WorkloadWarmup   5: 13631488 op, 262527210.00 ns, 19.2589 ns/op
WorkloadWarmup   6: 13631488 op, 263134725.00 ns, 19.3034 ns/op
WorkloadWarmup   7: 13631488 op, 302661627.00 ns, 22.2031 ns/op
WorkloadWarmup   8: 13631488 op, 262797695.00 ns, 19.2787 ns/op
WorkloadWarmup   9: 13631488 op, 263025331.00 ns, 19.2954 ns/op
WorkloadWarmup  10: 13631488 op, 262801739.00 ns, 19.2790 ns/op
WorkloadWarmup  11: 13631488 op, 262711337.00 ns, 19.2724 ns/op
WorkloadWarmup  12: 13631488 op, 263140316.00 ns, 19.3039 ns/op
WorkloadWarmup  13: 13631488 op, 263548831.00 ns, 19.3338 ns/op
WorkloadWarmup  14: 13631488 op, 262648722.00 ns, 19.2678 ns/op
WorkloadWarmup  15: 13631488 op, 270612403.00 ns, 19.8520 ns/op
WorkloadWarmup  16: 13631488 op, 263107152.00 ns, 19.3014 ns/op

// BeforeActualRun
WorkloadActual   1: 13631488 op, 263207444.00 ns, 19.3088 ns/op
WorkloadActual   2: 13631488 op, 262885783.00 ns, 19.2852 ns/op
WorkloadActual   3: 13631488 op, 265685900.00 ns, 19.4906 ns/op
WorkloadActual   4: 13631488 op, 263419572.00 ns, 19.3243 ns/op
WorkloadActual   5: 13631488 op, 264652933.00 ns, 19.4148 ns/op
WorkloadActual   6: 13631488 op, 264713874.00 ns, 19.4193 ns/op
WorkloadActual   7: 13631488 op, 265041674.00 ns, 19.4433 ns/op
WorkloadActual   8: 13631488 op, 279535240.00 ns, 20.5066 ns/op
WorkloadActual   9: 13631488 op, 263004976.00 ns, 19.2939 ns/op
WorkloadActual  10: 13631488 op, 263690586.00 ns, 19.3442 ns/op
WorkloadActual  11: 13631488 op, 262519697.00 ns, 19.2583 ns/op
WorkloadActual  12: 13631488 op, 263460982.00 ns, 19.3274 ns/op

// AfterActualRun
WorkloadResult   1: 13631488 op, 263207040.00 ns, 19.3088 ns/op
WorkloadResult   2: 13631488 op, 262885379.00 ns, 19.2852 ns/op
WorkloadResult   3: 13631488 op, 265685496.00 ns, 19.4906 ns/op
WorkloadResult   4: 13631488 op, 263419168.00 ns, 19.3243 ns/op
WorkloadResult   5: 13631488 op, 264652529.00 ns, 19.4148 ns/op
WorkloadResult   6: 13631488 op, 264713470.00 ns, 19.4193 ns/op
WorkloadResult   7: 13631488 op, 265041270.00 ns, 19.4433 ns/op
WorkloadResult   8: 13631488 op, 263004572.00 ns, 19.2939 ns/op
WorkloadResult   9: 13631488 op, 263690182.00 ns, 19.3442 ns/op
WorkloadResult  10: 13631488 op, 262519293.00 ns, 19.2583 ns/op
WorkloadResult  11: 13631488 op, 263460578.00 ns, 19.3274 ns/op
// GC:  0 0 0 0 13631488
// Threading:  0 0 13631488

// AfterAll
// Benchmark Process 434 has exited with code 0.

Mean = 19.355 ns, StdErr = 0.023 ns (0.12%), N = 11, StdDev = 0.075 ns
Min = 19.258 ns, Q1 = 19.301 ns, Median = 19.327 ns, Q3 = 19.417 ns, Max = 19.491 ns
IQR = 0.116 ns, LowerFence = 19.128 ns, UpperFence = 19.591 ns
ConfidenceInterval = [19.252 ns; 19.459 ns] (CI 99.9%), Margin = 0.103 ns (0.53% of Mean)
Skewness = 0.43, Kurtosis = 1.62, MValue = 2

// ** Remained 26 (48.1 %) benchmark(s) to run. Estimated finish 2026-09-09 10:22 (0h 5m from now) **
// **************************
// Benchmark: ConsumerBenchmarks<StateConsumer>.CompiledBatch8: JitCore4(IterationCount=12, IterationTime=250ms, WarmupCount=16) [Pattern=Random]
// *** Execute ***
// Launch: 1 / 1
// Execute: dotnet ConsumerFusion-JitCore4-1.dll --anonymousPipes 122 123 --benchmarkName "Tl.ConsumerFusion.ConsumerBenchmarks<StateConsumer>.CompiledBatch8(Pattern: Random)" --job JitCore4 --benchmarkId 28 in /home/i/Work/tl-consumer-fusion/benchmarks/ConsumerFusion/bin/Release/net10.0/ConsumerFusion-JitCore4-1/bin/Release/net10.0
// Failed to set up high priority (Permission denied). In order to run benchmarks with high priority, make sure you have the right permissions.
// BeforeAnythingElse

// Benchmark Process Environment Information:
// BenchmarkDotNet v0.15.8
// Runtime=.NET 10.0.11 (10.0.11, 10.0.1126.37416), X64 RyuJIT x86-64-v3
// GC=Concurrent Workstation
// HardwareIntrinsics=AVX2+BMI1+BMI2+F16C+FMA+LZCNT+MOVBE,AVX,SSE3+SSSE3+SSE4.1+SSE4.2+POPCNT,X86Base+SSE+SSE2,AES+PCLMUL,AvxVnni,SERIALIZE VectorSize=256
// Job: JitCore4(IterationCount=12, IterationTime=250ms, WarmupCount=16)

Generated source SHA-256: 7bdbf05933e474d7a938b65943dea9904c38e119da36a57eeee6037572f9e30f
Consumer source SHA-256: b6d3bebc1792904814ea060ef98da24a1bb83a7902917f967347d44ba9cc4197
StateConsumer/Random: ConsumerReceipt { Playback = Playback { Tick = 116, Cycles = 61434, Flags = Started }, SumBits = 1192729973, TrackOffsets = 364776, Enters = 119519, Stays = 10248, Exits = 1588, Callbacks = 0, Audit = 0 }
Preparation receipt: 3499469740782
OverheadJitting  1: 65536 op, 98718.00 ns, 1.5063 ns/op
WorkloadJitting  1: 65536 op, 1448250.00 ns, 22.0985 ns/op

OverheadJitting  2: 1048576 op, 113742.00 ns, 0.1085 ns/op
WorkloadJitting  2: 1048576 op, 21437602.00 ns, 20.4445 ns/op

WorkloadPilot    1: 1048576 op, 20640353.00 ns, 19.6842 ns/op
WorkloadPilot    2: 13631488 op, 267410183.00 ns, 19.6171 ns/op

OverheadWarmup   1: 13631488 op, 700.00 ns, 0.0001 ns/op
OverheadWarmup   2: 13631488 op, 333.00 ns, 0.0000 ns/op
OverheadWarmup   3: 13631488 op, 319.00 ns, 0.0000 ns/op
OverheadWarmup   4: 13631488 op, 321.00 ns, 0.0000 ns/op
OverheadWarmup   5: 13631488 op, 353.00 ns, 0.0000 ns/op
OverheadWarmup   6: 13631488 op, 337.00 ns, 0.0000 ns/op
OverheadWarmup   7: 13631488 op, 345.00 ns, 0.0000 ns/op
OverheadWarmup   8: 13631488 op, 319.00 ns, 0.0000 ns/op

OverheadActual   1: 13631488 op, 542.00 ns, 0.0000 ns/op
OverheadActual   2: 13631488 op, 573.00 ns, 0.0000 ns/op
OverheadActual   3: 13631488 op, 569.00 ns, 0.0000 ns/op
OverheadActual   4: 13631488 op, 412.00 ns, 0.0000 ns/op
OverheadActual   5: 13631488 op, 481.00 ns, 0.0000 ns/op
OverheadActual   6: 13631488 op, 329.00 ns, 0.0000 ns/op
OverheadActual   7: 13631488 op, 325.00 ns, 0.0000 ns/op
OverheadActual   8: 13631488 op, 330.00 ns, 0.0000 ns/op
OverheadActual   9: 13631488 op, 331.00 ns, 0.0000 ns/op
OverheadActual  10: 13631488 op, 320.00 ns, 0.0000 ns/op
OverheadActual  11: 13631488 op, 361.00 ns, 0.0000 ns/op
OverheadActual  12: 13631488 op, 352.00 ns, 0.0000 ns/op
OverheadActual  13: 13631488 op, 343.00 ns, 0.0000 ns/op
OverheadActual  14: 13631488 op, 332.00 ns, 0.0000 ns/op
OverheadActual  15: 13631488 op, 348.00 ns, 0.0000 ns/op
OverheadActual  16: 13631488 op, 370.00 ns, 0.0000 ns/op
OverheadActual  17: 13631488 op, 353.00 ns, 0.0000 ns/op
OverheadActual  18: 13631488 op, 468.00 ns, 0.0000 ns/op
OverheadActual  19: 13631488 op, 397.00 ns, 0.0000 ns/op
OverheadActual  20: 13631488 op, 364.00 ns, 0.0000 ns/op

WorkloadWarmup   1: 13631488 op, 266240429.00 ns, 19.5313 ns/op
WorkloadWarmup   2: 13631488 op, 268311862.00 ns, 19.6832 ns/op
WorkloadWarmup   3: 13631488 op, 267384257.00 ns, 19.6152 ns/op
WorkloadWarmup   4: 13631488 op, 266980994.00 ns, 19.5856 ns/op
WorkloadWarmup   5: 13631488 op, 267089708.00 ns, 19.5936 ns/op
WorkloadWarmup   6: 13631488 op, 267765984.00 ns, 19.6432 ns/op
WorkloadWarmup   7: 13631488 op, 307634651.00 ns, 22.5679 ns/op
WorkloadWarmup   8: 13631488 op, 266494293.00 ns, 19.5499 ns/op
WorkloadWarmup   9: 13631488 op, 267374081.00 ns, 19.6144 ns/op
WorkloadWarmup  10: 13631488 op, 266633157.00 ns, 19.5601 ns/op
WorkloadWarmup  11: 13631488 op, 267687815.00 ns, 19.6375 ns/op
WorkloadWarmup  12: 13631488 op, 266630337.00 ns, 19.5599 ns/op
WorkloadWarmup  13: 13631488 op, 267133896.00 ns, 19.5968 ns/op
WorkloadWarmup  14: 13631488 op, 266997586.00 ns, 19.5868 ns/op
WorkloadWarmup  15: 13631488 op, 273778423.00 ns, 20.0843 ns/op
WorkloadWarmup  16: 13631488 op, 267701919.00 ns, 19.6385 ns/op

// BeforeActualRun
WorkloadActual   1: 13631488 op, 267891225.00 ns, 19.6524 ns/op
WorkloadActual   2: 13631488 op, 267976241.00 ns, 19.6586 ns/op
WorkloadActual   3: 13631488 op, 267494034.00 ns, 19.6232 ns/op
WorkloadActual   4: 13631488 op, 267745991.00 ns, 19.6417 ns/op
WorkloadActual   5: 13631488 op, 267331187.00 ns, 19.6113 ns/op
WorkloadActual   6: 13631488 op, 267476463.00 ns, 19.6220 ns/op
WorkloadActual   7: 13631488 op, 267615120.00 ns, 19.6321 ns/op
WorkloadActual   8: 13631488 op, 283153115.00 ns, 20.7720 ns/op
WorkloadActual   9: 13631488 op, 266446766.00 ns, 19.5464 ns/op
WorkloadActual  10: 13631488 op, 266980442.00 ns, 19.5856 ns/op
WorkloadActual  11: 13631488 op, 267126309.00 ns, 19.5963 ns/op
WorkloadActual  12: 13631488 op, 267730018.00 ns, 19.6406 ns/op

// AfterActualRun
WorkloadResult   1: 13631488 op, 267890868.00 ns, 19.6524 ns/op
WorkloadResult   2: 13631488 op, 267975884.00 ns, 19.6586 ns/op
WorkloadResult   3: 13631488 op, 267493677.00 ns, 19.6232 ns/op
WorkloadResult   4: 13631488 op, 267745634.00 ns, 19.6417 ns/op
WorkloadResult   5: 13631488 op, 267330830.00 ns, 19.6113 ns/op
WorkloadResult   6: 13631488 op, 267476106.00 ns, 19.6219 ns/op
WorkloadResult   7: 13631488 op, 267614763.00 ns, 19.6321 ns/op
WorkloadResult   8: 13631488 op, 266446409.00 ns, 19.5464 ns/op
WorkloadResult   9: 13631488 op, 266980085.00 ns, 19.5855 ns/op
WorkloadResult  10: 13631488 op, 267125952.00 ns, 19.5962 ns/op
WorkloadResult  11: 13631488 op, 267729661.00 ns, 19.6405 ns/op
// GC:  0 0 0 0 13631488
// Threading:  0 0 13631488

// AfterAll
// Benchmark Process 442 has exited with code 0.

Mean = 19.619 ns, StdErr = 0.010 ns (0.05%), N = 11, StdDev = 0.033 ns
Min = 19.546 ns, Q1 = 19.604 ns, Median = 19.623 ns, Q3 = 19.641 ns, Max = 19.659 ns
IQR = 0.037 ns, LowerFence = 19.548 ns, UpperFence = 19.697 ns
ConfidenceInterval = [19.574 ns; 19.665 ns] (CI 99.9%), Margin = 0.046 ns (0.23% of Mean)
Skewness = -0.8, Kurtosis = 2.61, MValue = 2

// ** Remained 25 (46.3 %) benchmark(s) to run. Estimated finish 2026-09-09 10:22 (0h 5m from now) **
// **************************
// Benchmark: ConsumerBenchmarks<StateConsumer>.FusedBatch8: JitCore4(IterationCount=12, IterationTime=250ms, WarmupCount=16) [Pattern=Random]
// *** Execute ***
// Launch: 1 / 1
// Execute: dotnet ConsumerFusion-JitCore4-1.dll --anonymousPipes 122 123 --benchmarkName "Tl.ConsumerFusion.ConsumerBenchmarks<StateConsumer>.FusedBatch8(Pattern: Random)" --job JitCore4 --benchmarkId 29 in /home/i/Work/tl-consumer-fusion/benchmarks/ConsumerFusion/bin/Release/net10.0/ConsumerFusion-JitCore4-1/bin/Release/net10.0
// Failed to set up high priority (Permission denied). In order to run benchmarks with high priority, make sure you have the right permissions.
// BeforeAnythingElse

// Benchmark Process Environment Information:
// BenchmarkDotNet v0.15.8
// Runtime=.NET 10.0.11 (10.0.11, 10.0.1126.37416), X64 RyuJIT x86-64-v3
// GC=Concurrent Workstation
// HardwareIntrinsics=AVX2+BMI1+BMI2+F16C+FMA+LZCNT+MOVBE,AVX,SSE3+SSSE3+SSE4.1+SSE4.2+POPCNT,X86Base+SSE+SSE2,AES+PCLMUL,AvxVnni,SERIALIZE VectorSize=256
// Job: JitCore4(IterationCount=12, IterationTime=250ms, WarmupCount=16)

Generated source SHA-256: 7bdbf05933e474d7a938b65943dea9904c38e119da36a57eeee6037572f9e30f
Consumer source SHA-256: b6d3bebc1792904814ea060ef98da24a1bb83a7902917f967347d44ba9cc4197
StateConsumer/Random: ConsumerReceipt { Playback = Playback { Tick = 116, Cycles = 61434, Flags = Started }, SumBits = 1192729973, TrackOffsets = 364776, Enters = 119519, Stays = 10248, Exits = 1588, Callbacks = 0, Audit = 0 }
Preparation receipt: 3456531461754
OverheadJitting  1: 65536 op, 105060.00 ns, 1.6031 ns/op
WorkloadJitting  1: 65536 op, 822610.00 ns, 12.5520 ns/op

OverheadJitting  2: 1048576 op, 131211.00 ns, 0.1251 ns/op
WorkloadJitting  2: 1048576 op, 10256430.00 ns, 9.7813 ns/op

WorkloadPilot    1: 1048576 op, 10192163.00 ns, 9.7200 ns/op
WorkloadPilot    2: 26214400 op, 250747022.00 ns, 9.5652 ns/op

OverheadWarmup   1: 26214400 op, 976.00 ns, 0.0000 ns/op
OverheadWarmup   2: 26214400 op, 648.00 ns, 0.0000 ns/op
OverheadWarmup   3: 26214400 op, 614.00 ns, 0.0000 ns/op
OverheadWarmup   4: 26214400 op, 613.00 ns, 0.0000 ns/op
OverheadWarmup   5: 26214400 op, 700.00 ns, 0.0000 ns/op
OverheadWarmup   6: 26214400 op, 648.00 ns, 0.0000 ns/op
OverheadWarmup   7: 26214400 op, 685.00 ns, 0.0000 ns/op
OverheadWarmup   8: 26214400 op, 674.00 ns, 0.0000 ns/op

OverheadActual   1: 26214400 op, 861.00 ns, 0.0000 ns/op
OverheadActual   2: 26214400 op, 865.00 ns, 0.0000 ns/op
OverheadActual   3: 26214400 op, 870.00 ns, 0.0000 ns/op
OverheadActual   4: 26214400 op, 718.00 ns, 0.0000 ns/op
OverheadActual   5: 26214400 op, 832.00 ns, 0.0000 ns/op
OverheadActual   6: 26214400 op, 634.00 ns, 0.0000 ns/op
OverheadActual   7: 26214400 op, 628.00 ns, 0.0000 ns/op
OverheadActual   8: 26214400 op, 635.00 ns, 0.0000 ns/op
OverheadActual   9: 26214400 op, 631.00 ns, 0.0000 ns/op
OverheadActual  10: 26214400 op, 636.00 ns, 0.0000 ns/op
OverheadActual  11: 26214400 op, 695.00 ns, 0.0000 ns/op
OverheadActual  12: 26214400 op, 682.00 ns, 0.0000 ns/op
OverheadActual  13: 26214400 op, 690.00 ns, 0.0000 ns/op
OverheadActual  14: 26214400 op, 655.00 ns, 0.0000 ns/op
OverheadActual  15: 26214400 op, 680.00 ns, 0.0000 ns/op
OverheadActual  16: 26214400 op, 677.00 ns, 0.0000 ns/op
OverheadActual  17: 26214400 op, 684.00 ns, 0.0000 ns/op
OverheadActual  18: 26214400 op, 873.00 ns, 0.0000 ns/op
OverheadActual  19: 26214400 op, 647.00 ns, 0.0000 ns/op
OverheadActual  20: 26214400 op, 693.00 ns, 0.0000 ns/op

WorkloadWarmup   1: 26214400 op, 251859009.00 ns, 9.6077 ns/op
WorkloadWarmup   2: 26214400 op, 251061404.00 ns, 9.5772 ns/op
WorkloadWarmup   3: 26214400 op, 250183620.00 ns, 9.5437 ns/op
WorkloadWarmup   4: 26214400 op, 249256882.00 ns, 9.5084 ns/op
WorkloadWarmup   5: 26214400 op, 249847615.00 ns, 9.5309 ns/op
WorkloadWarmup   6: 26214400 op, 250859206.00 ns, 9.5695 ns/op
WorkloadWarmup   7: 26214400 op, 283929104.00 ns, 10.8310 ns/op
WorkloadWarmup   8: 26214400 op, 250116281.00 ns, 9.5412 ns/op
WorkloadWarmup   9: 26214400 op, 251335232.00 ns, 9.5877 ns/op
WorkloadWarmup  10: 26214400 op, 251089925.00 ns, 9.5783 ns/op
WorkloadWarmup  11: 26214400 op, 250923937.00 ns, 9.5720 ns/op
WorkloadWarmup  12: 26214400 op, 250502132.00 ns, 9.5559 ns/op
WorkloadWarmup  13: 26214400 op, 250434338.00 ns, 9.5533 ns/op
WorkloadWarmup  14: 26214400 op, 250926880.00 ns, 9.5721 ns/op
WorkloadWarmup  15: 26214400 op, 252598370.00 ns, 9.6359 ns/op
WorkloadWarmup  16: 26214400 op, 250972421.00 ns, 9.5738 ns/op

// BeforeActualRun
WorkloadActual   1: 26214400 op, 251237645.00 ns, 9.5840 ns/op
WorkloadActual   2: 26214400 op, 251303150.00 ns, 9.5865 ns/op
WorkloadActual   3: 26214400 op, 249662195.00 ns, 9.5239 ns/op
WorkloadActual   4: 26214400 op, 250810963.00 ns, 9.5677 ns/op
WorkloadActual   5: 26214400 op, 249902909.00 ns, 9.5330 ns/op
WorkloadActual   6: 26214400 op, 250033426.00 ns, 9.5380 ns/op
WorkloadActual   7: 26214400 op, 251307479.00 ns, 9.5866 ns/op
WorkloadActual   8: 26214400 op, 278227924.00 ns, 10.6136 ns/op
WorkloadActual   9: 26214400 op, 251119872.00 ns, 9.5795 ns/op
WorkloadActual  10: 26214400 op, 255048291.00 ns, 9.7293 ns/op
WorkloadActual  11: 26214400 op, 249256647.00 ns, 9.5084 ns/op
WorkloadActual  12: 26214400 op, 249809657.00 ns, 9.5295 ns/op

// AfterActualRun
WorkloadResult   1: 26214400 op, 251236962.00 ns, 9.5839 ns/op
WorkloadResult   2: 26214400 op, 251302467.00 ns, 9.5864 ns/op
WorkloadResult   3: 26214400 op, 249661512.00 ns, 9.5238 ns/op
WorkloadResult   4: 26214400 op, 250810280.00 ns, 9.5677 ns/op
WorkloadResult   5: 26214400 op, 249902226.00 ns, 9.5330 ns/op
WorkloadResult   6: 26214400 op, 250032743.00 ns, 9.5380 ns/op
WorkloadResult   7: 26214400 op, 251306796.00 ns, 9.5866 ns/op
WorkloadResult   8: 26214400 op, 251119189.00 ns, 9.5794 ns/op
WorkloadResult   9: 26214400 op, 249255964.00 ns, 9.5084 ns/op
WorkloadResult  10: 26214400 op, 249808974.00 ns, 9.5295 ns/op
// GC:  0 0 0 0 26214400
// Threading:  0 0 26214400

// AfterAll
// Benchmark Process 451 has exited with code 0.

Mean = 9.554 ns, StdErr = 0.010 ns (0.10%), N = 10, StdDev = 0.030 ns
Min = 9.508 ns, Q1 = 9.530 ns, Median = 9.553 ns, Q3 = 9.583 ns, Max = 9.587 ns
IQR = 0.052 ns, LowerFence = 9.452 ns, UpperFence = 9.661 ns
ConfidenceInterval = [9.508 ns; 9.599 ns] (CI 99.9%), Margin = 0.045 ns (0.48% of Mean)
Skewness = -0.1, Kurtosis = 1.13, MValue = 2

// ** Remained 24 (44.4 %) benchmark(s) to run. Estimated finish 2026-09-09 10:22 (0h 5m from now) **
// **************************
// Benchmark: ConsumerBenchmarks<StateConsumer>.InterpreterSingle: JitCore4(IterationCount=12, IterationTime=250ms, WarmupCount=16) [Pattern=Repeated]
// *** Execute ***
// Launch: 1 / 1
// Execute: dotnet ConsumerFusion-JitCore4-1.dll --anonymousPipes 122 123 --benchmarkName "Tl.ConsumerFusion.ConsumerBenchmarks<StateConsumer>.InterpreterSingle(Pattern: Repeated)" --job JitCore4 --benchmarkId 30 in /home/i/Work/tl-consumer-fusion/benchmarks/ConsumerFusion/bin/Release/net10.0/ConsumerFusion-JitCore4-1/bin/Release/net10.0
// Failed to set up high priority (Permission denied). In order to run benchmarks with high priority, make sure you have the right permissions.
// BeforeAnythingElse

// Benchmark Process Environment Information:
// BenchmarkDotNet v0.15.8
// Runtime=.NET 10.0.11 (10.0.11, 10.0.1126.37416), X64 RyuJIT x86-64-v3
// GC=Concurrent Workstation
// HardwareIntrinsics=AVX2+BMI1+BMI2+F16C+FMA+LZCNT+MOVBE,AVX,SSE3+SSSE3+SSE4.1+SSE4.2+POPCNT,X86Base+SSE+SSE2,AES+PCLMUL,AvxVnni,SERIALIZE VectorSize=256
// Job: JitCore4(IterationCount=12, IterationTime=250ms, WarmupCount=16)

Generated source SHA-256: 7bdbf05933e474d7a938b65943dea9904c38e119da36a57eeee6037572f9e30f
Consumer source SHA-256: b6d3bebc1792904814ea060ef98da24a1bb83a7902917f967347d44ba9cc4197
StateConsumer/Repeated: ConsumerReceipt { Playback = Playback { Tick = 321, Cycles = 0, Flags = Started }, SumBits = 1229029090, TrackOffsets = 524288, Enters = 3, Stays = 196605, Exits = 0, Callbacks = 0, Audit = 0 }
Preparation receipt: 5759230315740
OverheadJitting  1: 65536 op, 99310.00 ns, 1.5154 ns/op
WorkloadJitting  1: 65536 op, 1210708.00 ns, 18.4739 ns/op

OverheadJitting  2: 1048576 op, 120258.00 ns, 0.1147 ns/op
WorkloadJitting  2: 1048576 op, 17832024.00 ns, 17.0059 ns/op

WorkloadPilot    1: 1048576 op, 17807425.00 ns, 16.9825 ns/op
WorkloadPilot    2: 15728640 op, 264494591.00 ns, 16.8161 ns/op

OverheadWarmup   1: 15728640 op, 659.00 ns, 0.0000 ns/op
OverheadWarmup   2: 15728640 op, 439.00 ns, 0.0000 ns/op
OverheadWarmup   3: 15728640 op, 423.00 ns, 0.0000 ns/op
OverheadWarmup   4: 15728640 op, 429.00 ns, 0.0000 ns/op
OverheadWarmup   5: 15728640 op, 428.00 ns, 0.0000 ns/op
OverheadWarmup   6: 15728640 op, 438.00 ns, 0.0000 ns/op
OverheadWarmup   7: 15728640 op, 459.00 ns, 0.0000 ns/op
OverheadWarmup   8: 15728640 op, 432.00 ns, 0.0000 ns/op

OverheadActual   1: 15728640 op, 725.00 ns, 0.0000 ns/op
OverheadActual   2: 15728640 op, 624.00 ns, 0.0000 ns/op
OverheadActual   3: 15728640 op, 600.00 ns, 0.0000 ns/op
OverheadActual   4: 15728640 op, 477.00 ns, 0.0000 ns/op
OverheadActual   5: 15728640 op, 611.00 ns, 0.0000 ns/op
OverheadActual   6: 15728640 op, 440.00 ns, 0.0000 ns/op
OverheadActual   7: 15728640 op, 430.00 ns, 0.0000 ns/op
OverheadActual   8: 15728640 op, 434.00 ns, 0.0000 ns/op
OverheadActual   9: 15728640 op, 416.00 ns, 0.0000 ns/op
OverheadActual  10: 15728640 op, 421.00 ns, 0.0000 ns/op
OverheadActual  11: 15728640 op, 440.00 ns, 0.0000 ns/op
OverheadActual  12: 15728640 op, 435.00 ns, 0.0000 ns/op
OverheadActual  13: 15728640 op, 436.00 ns, 0.0000 ns/op
OverheadActual  14: 15728640 op, 423.00 ns, 0.0000 ns/op
OverheadActual  15: 15728640 op, 438.00 ns, 0.0000 ns/op
OverheadActual  16: 15728640 op, 433.00 ns, 0.0000 ns/op
OverheadActual  17: 15728640 op, 439.00 ns, 0.0000 ns/op

WorkloadWarmup   1: 15728640 op, 264751855.00 ns, 16.8325 ns/op
WorkloadWarmup   2: 15728640 op, 264237072.00 ns, 16.7997 ns/op
WorkloadWarmup   3: 15728640 op, 264519369.00 ns, 16.8177 ns/op
WorkloadWarmup   4: 15728640 op, 264543852.00 ns, 16.8192 ns/op
WorkloadWarmup   5: 15728640 op, 263972259.00 ns, 16.7829 ns/op
WorkloadWarmup   6: 15728640 op, 264316560.00 ns, 16.8048 ns/op
WorkloadWarmup   7: 15728640 op, 304438246.00 ns, 19.3557 ns/op
WorkloadWarmup   8: 15728640 op, 264242132.00 ns, 16.8001 ns/op
WorkloadWarmup   9: 15728640 op, 264254574.00 ns, 16.8009 ns/op
WorkloadWarmup  10: 15728640 op, 264151773.00 ns, 16.7943 ns/op
WorkloadWarmup  11: 15728640 op, 264189263.00 ns, 16.7967 ns/op
WorkloadWarmup  12: 15728640 op, 265168234.00 ns, 16.8589 ns/op
WorkloadWarmup  13: 15728640 op, 264855131.00 ns, 16.8390 ns/op
WorkloadWarmup  14: 15728640 op, 264605376.00 ns, 16.8232 ns/op
WorkloadWarmup  15: 15728640 op, 270709020.00 ns, 17.2112 ns/op
WorkloadWarmup  16: 15728640 op, 264527077.00 ns, 16.8182 ns/op

// BeforeActualRun
WorkloadActual   1: 15728640 op, 264171655.00 ns, 16.7956 ns/op
WorkloadActual   2: 15728640 op, 264037945.00 ns, 16.7871 ns/op
WorkloadActual   3: 15728640 op, 264270221.00 ns, 16.8018 ns/op
WorkloadActual   4: 15728640 op, 264546344.00 ns, 16.8194 ns/op
WorkloadActual   5: 15728640 op, 264196363.00 ns, 16.7972 ns/op
WorkloadActual   6: 15728640 op, 264721885.00 ns, 16.8306 ns/op
WorkloadActual   7: 15728640 op, 264427511.00 ns, 16.8118 ns/op
WorkloadActual   8: 15728640 op, 280669226.00 ns, 17.8445 ns/op
WorkloadActual   9: 15728640 op, 264310591.00 ns, 16.8044 ns/op
WorkloadActual  10: 15728640 op, 265005726.00 ns, 16.8486 ns/op
WorkloadActual  11: 15728640 op, 264330183.00 ns, 16.8057 ns/op
WorkloadActual  12: 15728640 op, 264435930.00 ns, 16.8124 ns/op

// AfterActualRun
WorkloadResult   1: 15728640 op, 264171217.00 ns, 16.7956 ns/op
WorkloadResult   2: 15728640 op, 264037507.00 ns, 16.7871 ns/op
WorkloadResult   3: 15728640 op, 264269783.00 ns, 16.8018 ns/op
WorkloadResult   4: 15728640 op, 264545906.00 ns, 16.8194 ns/op
WorkloadResult   5: 15728640 op, 264195925.00 ns, 16.7971 ns/op
WorkloadResult   6: 15728640 op, 264721447.00 ns, 16.8305 ns/op
WorkloadResult   7: 15728640 op, 264427073.00 ns, 16.8118 ns/op
WorkloadResult   8: 15728640 op, 264310153.00 ns, 16.8044 ns/op
WorkloadResult   9: 15728640 op, 265005288.00 ns, 16.8486 ns/op
WorkloadResult  10: 15728640 op, 264329745.00 ns, 16.8056 ns/op
WorkloadResult  11: 15728640 op, 264435492.00 ns, 16.8124 ns/op
// GC:  0 0 0 0 15728640
// Threading:  0 0 15728640

// AfterAll
// Benchmark Process 459 has exited with code 0.

Mean = 16.810 ns, StdErr = 0.005 ns (0.03%), N = 11, StdDev = 0.017 ns
Min = 16.787 ns, Q1 = 16.799 ns, Median = 16.806 ns, Q3 = 16.816 ns, Max = 16.849 ns
IQR = 0.016 ns, LowerFence = 16.775 ns, UpperFence = 16.840 ns
ConfidenceInterval = [16.786 ns; 16.834 ns] (CI 99.9%), Margin = 0.024 ns (0.14% of Mean)
Skewness = 0.78, Kurtosis = 2.67, MValue = 2

// ** Remained 23 (42.6 %) benchmark(s) to run. Estimated finish 2026-09-09 10:22 (0h 4m from now) **
// **************************
// Benchmark: ConsumerBenchmarks<StateConsumer>.CompiledSingle: JitCore4(IterationCount=12, IterationTime=250ms, WarmupCount=16) [Pattern=Repeated]
// *** Execute ***
// Launch: 1 / 1
// Execute: dotnet ConsumerFusion-JitCore4-1.dll --anonymousPipes 122 123 --benchmarkName "Tl.ConsumerFusion.ConsumerBenchmarks<StateConsumer>.CompiledSingle(Pattern: Repeated)" --job JitCore4 --benchmarkId 31 in /home/i/Work/tl-consumer-fusion/benchmarks/ConsumerFusion/bin/Release/net10.0/ConsumerFusion-JitCore4-1/bin/Release/net10.0
// Failed to set up high priority (Permission denied). In order to run benchmarks with high priority, make sure you have the right permissions.
// BeforeAnythingElse

// Benchmark Process Environment Information:
// BenchmarkDotNet v0.15.8
// Runtime=.NET 10.0.11 (10.0.11, 10.0.1126.37416), X64 RyuJIT x86-64-v3
// GC=Concurrent Workstation
// HardwareIntrinsics=AVX2+BMI1+BMI2+F16C+FMA+LZCNT+MOVBE,AVX,SSE3+SSSE3+SSE4.1+SSE4.2+POPCNT,X86Base+SSE+SSE2,AES+PCLMUL,AvxVnni,SERIALIZE VectorSize=256
// Job: JitCore4(IterationCount=12, IterationTime=250ms, WarmupCount=16)

Generated source SHA-256: 7bdbf05933e474d7a938b65943dea9904c38e119da36a57eeee6037572f9e30f
Consumer source SHA-256: b6d3bebc1792904814ea060ef98da24a1bb83a7902917f967347d44ba9cc4197
StateConsumer/Repeated: ConsumerReceipt { Playback = Playback { Tick = 321, Cycles = 0, Flags = Started }, SumBits = 1229029090, TrackOffsets = 524288, Enters = 3, Stays = 196605, Exits = 0, Callbacks = 0, Audit = 0 }
Preparation receipt: 5714985268500
OverheadJitting  1: 65536 op, 105254.00 ns, 1.6060 ns/op
WorkloadJitting  1: 65536 op, 1223216.00 ns, 18.6648 ns/op

OverheadJitting  2: 1048576 op, 119214.00 ns, 0.1137 ns/op
WorkloadJitting  2: 1048576 op, 17070477.00 ns, 16.2797 ns/op

WorkloadPilot    1: 1048576 op, 16904572.00 ns, 16.1215 ns/op
WorkloadPilot    2: 15728640 op, 253745625.00 ns, 16.1327 ns/op

OverheadWarmup   1: 15728640 op, 560.00 ns, 0.0000 ns/op
OverheadWarmup   2: 15728640 op, 414.00 ns, 0.0000 ns/op
OverheadWarmup   3: 15728640 op, 408.00 ns, 0.0000 ns/op
OverheadWarmup   4: 15728640 op, 408.00 ns, 0.0000 ns/op
OverheadWarmup   5: 15728640 op, 412.00 ns, 0.0000 ns/op
OverheadWarmup   6: 15728640 op, 414.00 ns, 0.0000 ns/op
OverheadWarmup   7: 15728640 op, 409.00 ns, 0.0000 ns/op
OverheadWarmup   8: 15728640 op, 416.00 ns, 0.0000 ns/op

OverheadActual   1: 15728640 op, 627.00 ns, 0.0000 ns/op
OverheadActual   2: 15728640 op, 554.00 ns, 0.0000 ns/op
OverheadActual   3: 15728640 op, 590.00 ns, 0.0000 ns/op
OverheadActual   4: 15728640 op, 456.00 ns, 0.0000 ns/op
OverheadActual   5: 15728640 op, 585.00 ns, 0.0000 ns/op
OverheadActual   6: 15728640 op, 427.00 ns, 0.0000 ns/op
OverheadActual   7: 15728640 op, 400.00 ns, 0.0000 ns/op
OverheadActual   8: 15728640 op, 395.00 ns, 0.0000 ns/op
OverheadActual   9: 15728640 op, 413.00 ns, 0.0000 ns/op
OverheadActual  10: 15728640 op, 394.00 ns, 0.0000 ns/op
OverheadActual  11: 15728640 op, 414.00 ns, 0.0000 ns/op
OverheadActual  12: 15728640 op, 415.00 ns, 0.0000 ns/op
OverheadActual  13: 15728640 op, 426.00 ns, 0.0000 ns/op
OverheadActual  14: 15728640 op, 410.00 ns, 0.0000 ns/op
OverheadActual  15: 15728640 op, 423.00 ns, 0.0000 ns/op
OverheadActual  16: 15728640 op, 420.00 ns, 0.0000 ns/op
OverheadActual  17: 15728640 op, 416.00 ns, 0.0000 ns/op

WorkloadWarmup   1: 15728640 op, 253936106.00 ns, 16.1448 ns/op
WorkloadWarmup   2: 15728640 op, 253775273.00 ns, 16.1346 ns/op
WorkloadWarmup   3: 15728640 op, 253701822.00 ns, 16.1299 ns/op
WorkloadWarmup   4: 15728640 op, 253583422.00 ns, 16.1224 ns/op
WorkloadWarmup   5: 15728640 op, 253560899.00 ns, 16.1210 ns/op
WorkloadWarmup   6: 15728640 op, 253680566.00 ns, 16.1286 ns/op
WorkloadWarmup   7: 15728640 op, 294764791.00 ns, 18.7406 ns/op
WorkloadWarmup   8: 15728640 op, 253649261.00 ns, 16.1266 ns/op
WorkloadWarmup   9: 15728640 op, 253661630.00 ns, 16.1274 ns/op
WorkloadWarmup  10: 15728640 op, 253804576.00 ns, 16.1365 ns/op
WorkloadWarmup  11: 15728640 op, 253581885.00 ns, 16.1223 ns/op
WorkloadWarmup  12: 15728640 op, 253629422.00 ns, 16.1253 ns/op
WorkloadWarmup  13: 15728640 op, 253806316.00 ns, 16.1366 ns/op
WorkloadWarmup  14: 15728640 op, 253799157.00 ns, 16.1361 ns/op
WorkloadWarmup  15: 15728640 op, 260615193.00 ns, 16.5695 ns/op
WorkloadWarmup  16: 15728640 op, 253721480.00 ns, 16.1312 ns/op

// BeforeActualRun
WorkloadActual   1: 15728640 op, 253578943.00 ns, 16.1221 ns/op
WorkloadActual   2: 15728640 op, 253621944.00 ns, 16.1248 ns/op
WorkloadActual   3: 15728640 op, 253701777.00 ns, 16.1299 ns/op
WorkloadActual   4: 15728640 op, 253651769.00 ns, 16.1267 ns/op
WorkloadActual   5: 15728640 op, 253657950.00 ns, 16.1271 ns/op
WorkloadActual   6: 15728640 op, 253524954.00 ns, 16.1187 ns/op
WorkloadActual   7: 15728640 op, 253533130.00 ns, 16.1192 ns/op
WorkloadActual   8: 15728640 op, 265474619.00 ns, 16.8784 ns/op
WorkloadActual   9: 15728640 op, 255073707.00 ns, 16.2171 ns/op
WorkloadActual  10: 15728640 op, 254081162.00 ns, 16.1540 ns/op
WorkloadActual  11: 15728640 op, 253534911.00 ns, 16.1193 ns/op
WorkloadActual  12: 15728640 op, 253560822.00 ns, 16.1210 ns/op

// AfterActualRun
WorkloadResult   1: 15728640 op, 253578523.00 ns, 16.1221 ns/op
WorkloadResult   2: 15728640 op, 253621524.00 ns, 16.1248 ns/op
WorkloadResult   3: 15728640 op, 253701357.00 ns, 16.1299 ns/op
WorkloadResult   4: 15728640 op, 253651349.00 ns, 16.1267 ns/op
WorkloadResult   5: 15728640 op, 253657530.00 ns, 16.1271 ns/op
WorkloadResult   6: 15728640 op, 253524534.00 ns, 16.1187 ns/op
WorkloadResult   7: 15728640 op, 253532710.00 ns, 16.1192 ns/op
WorkloadResult   8: 15728640 op, 254080742.00 ns, 16.1540 ns/op
WorkloadResult   9: 15728640 op, 253534491.00 ns, 16.1193 ns/op
WorkloadResult  10: 15728640 op, 253560402.00 ns, 16.1209 ns/op
// GC:  0 0 0 0 15728640
// Threading:  0 0 15728640

// AfterAll
// Benchmark Process 467 has exited with code 0.

Mean = 16.126 ns, StdErr = 0.003 ns (0.02%), N = 10, StdDev = 0.010 ns
Min = 16.119 ns, Q1 = 16.120 ns, Median = 16.123 ns, Q3 = 16.127 ns, Max = 16.154 ns
IQR = 0.007 ns, LowerFence = 16.109 ns, UpperFence = 16.138 ns
ConfidenceInterval = [16.110 ns; 16.142 ns] (CI 99.9%), Margin = 0.016 ns (0.10% of Mean)
Skewness = 1.74, Kurtosis = 4.99, MValue = 2

// ** Remained 22 (40.7 %) benchmark(s) to run. Estimated finish 2026-09-09 10:22 (0h 4m from now) **
// **************************
// Benchmark: ConsumerBenchmarks<StateConsumer>.FusedSingle: JitCore4(IterationCount=12, IterationTime=250ms, WarmupCount=16) [Pattern=Repeated]
// *** Execute ***
// Launch: 1 / 1
// Execute: dotnet ConsumerFusion-JitCore4-1.dll --anonymousPipes 124 125 --benchmarkName "Tl.ConsumerFusion.ConsumerBenchmarks<StateConsumer>.FusedSingle(Pattern: Repeated)" --job JitCore4 --benchmarkId 32 in /home/i/Work/tl-consumer-fusion/benchmarks/ConsumerFusion/bin/Release/net10.0/ConsumerFusion-JitCore4-1/bin/Release/net10.0
// Failed to set up high priority (Permission denied). In order to run benchmarks with high priority, make sure you have the right permissions.
// BeforeAnythingElse

// Benchmark Process Environment Information:
// BenchmarkDotNet v0.15.8
// Runtime=.NET 10.0.11 (10.0.11, 10.0.1126.37416), X64 RyuJIT x86-64-v3
// GC=Concurrent Workstation
// HardwareIntrinsics=AVX2+BMI1+BMI2+F16C+FMA+LZCNT+MOVBE,AVX,SSE3+SSSE3+SSE4.1+SSE4.2+POPCNT,X86Base+SSE+SSE2,AES+PCLMUL,AvxVnni,SERIALIZE VectorSize=256
// Job: JitCore4(IterationCount=12, IterationTime=250ms, WarmupCount=16)

Generated source SHA-256: 7bdbf05933e474d7a938b65943dea9904c38e119da36a57eeee6037572f9e30f
Consumer source SHA-256: b6d3bebc1792904814ea060ef98da24a1bb83a7902917f967347d44ba9cc4197
StateConsumer/Repeated: ConsumerReceipt { Playback = Playback { Tick = 321, Cycles = 0, Flags = Started }, SumBits = 1229029090, TrackOffsets = 524288, Enters = 3, Stays = 196605, Exits = 0, Callbacks = 0, Audit = 0 }
Preparation receipt: 5737107792120
OverheadJitting  1: 65536 op, 107207.00 ns, 1.6358 ns/op
WorkloadJitting  1: 65536 op, 295230.00 ns, 4.5049 ns/op

OverheadJitting  2: 1048576 op, 115137.00 ns, 0.1098 ns/op
WorkloadJitting  2: 1048576 op, 3040488.00 ns, 2.8996 ns/op

WorkloadPilot    1: 1048576 op, 2898649.00 ns, 2.7644 ns/op
WorkloadPilot    2: 91226112 op, 250451084.00 ns, 2.7454 ns/op

OverheadWarmup   1: 91226112 op, 2037.00 ns, 0.0000 ns/op
OverheadWarmup   2: 91226112 op, 1885.00 ns, 0.0000 ns/op
OverheadWarmup   3: 91226112 op, 1890.00 ns, 0.0000 ns/op
OverheadWarmup   4: 91226112 op, 1883.00 ns, 0.0000 ns/op
OverheadWarmup   5: 91226112 op, 1894.00 ns, 0.0000 ns/op
OverheadWarmup   6: 91226112 op, 1899.00 ns, 0.0000 ns/op
OverheadWarmup   7: 91226112 op, 1897.00 ns, 0.0000 ns/op

OverheadActual   1: 91226112 op, 2083.00 ns, 0.0000 ns/op
OverheadActual   2: 91226112 op, 2056.00 ns, 0.0000 ns/op
OverheadActual   3: 91226112 op, 2057.00 ns, 0.0000 ns/op
OverheadActual   4: 91226112 op, 1899.00 ns, 0.0000 ns/op
OverheadActual   5: 91226112 op, 2066.00 ns, 0.0000 ns/op
OverheadActual   6: 91226112 op, 1875.00 ns, 0.0000 ns/op
OverheadActual   7: 91226112 op, 1884.00 ns, 0.0000 ns/op
OverheadActual   8: 91226112 op, 1896.00 ns, 0.0000 ns/op
OverheadActual   9: 91226112 op, 1874.00 ns, 0.0000 ns/op
OverheadActual  10: 91226112 op, 1895.00 ns, 0.0000 ns/op
OverheadActual  11: 91226112 op, 1895.00 ns, 0.0000 ns/op
OverheadActual  12: 91226112 op, 1892.00 ns, 0.0000 ns/op
OverheadActual  13: 91226112 op, 1897.00 ns, 0.0000 ns/op
OverheadActual  14: 91226112 op, 1885.00 ns, 0.0000 ns/op
OverheadActual  15: 91226112 op, 1891.00 ns, 0.0000 ns/op

WorkloadWarmup   1: 91226112 op, 250268862.00 ns, 2.7434 ns/op
WorkloadWarmup   2: 91226112 op, 250401433.00 ns, 2.7448 ns/op
WorkloadWarmup   3: 91226112 op, 250375674.00 ns, 2.7446 ns/op
WorkloadWarmup   4: 91226112 op, 250395795.00 ns, 2.7448 ns/op
WorkloadWarmup   5: 91226112 op, 250314181.00 ns, 2.7439 ns/op
WorkloadWarmup   6: 91226112 op, 250189741.00 ns, 2.7425 ns/op
WorkloadWarmup   7: 91226112 op, 265762795.00 ns, 2.9132 ns/op
WorkloadWarmup   8: 91226112 op, 250503426.00 ns, 2.7460 ns/op
WorkloadWarmup   9: 91226112 op, 250179204.00 ns, 2.7424 ns/op
WorkloadWarmup  10: 91226112 op, 250181483.00 ns, 2.7424 ns/op
WorkloadWarmup  11: 91226112 op, 250197074.00 ns, 2.7426 ns/op
WorkloadWarmup  12: 91226112 op, 273743081.00 ns, 3.0007 ns/op
WorkloadWarmup  13: 91226112 op, 250178233.00 ns, 2.7424 ns/op
WorkloadWarmup  14: 91226112 op, 250170601.00 ns, 2.7423 ns/op
WorkloadWarmup  15: 91226112 op, 250250525.00 ns, 2.7432 ns/op
WorkloadWarmup  16: 91226112 op, 250147041.00 ns, 2.7421 ns/op

// BeforeActualRun
WorkloadActual   1: 91226112 op, 250201660.00 ns, 2.7427 ns/op
WorkloadActual   2: 91226112 op, 250186722.00 ns, 2.7425 ns/op
WorkloadActual   3: 91226112 op, 250195051.00 ns, 2.7426 ns/op
WorkloadActual   4: 91226112 op, 250178243.00 ns, 2.7424 ns/op
WorkloadActual   5: 91226112 op, 250153819.00 ns, 2.7421 ns/op
WorkloadActual   6: 91226112 op, 250161729.00 ns, 2.7422 ns/op
WorkloadActual   7: 91226112 op, 250163593.00 ns, 2.7422 ns/op
WorkloadActual   8: 91226112 op, 252467341.00 ns, 2.7675 ns/op
WorkloadActual   9: 91226112 op, 259349735.00 ns, 2.8429 ns/op
WorkloadActual  10: 91226112 op, 251042380.00 ns, 2.7519 ns/op
WorkloadActual  11: 91226112 op, 260190160.00 ns, 2.8521 ns/op
WorkloadActual  12: 91226112 op, 250142293.00 ns, 2.7420 ns/op

// AfterActualRun
WorkloadResult   1: 91226112 op, 250199765.00 ns, 2.7426 ns/op
WorkloadResult   2: 91226112 op, 250184827.00 ns, 2.7425 ns/op
WorkloadResult   3: 91226112 op, 250193156.00 ns, 2.7426 ns/op
WorkloadResult   4: 91226112 op, 250176348.00 ns, 2.7424 ns/op
WorkloadResult   5: 91226112 op, 250151924.00 ns, 2.7421 ns/op
WorkloadResult   6: 91226112 op, 250159834.00 ns, 2.7422 ns/op
WorkloadResult   7: 91226112 op, 250161698.00 ns, 2.7422 ns/op
WorkloadResult   8: 91226112 op, 252465446.00 ns, 2.7675 ns/op
WorkloadResult   9: 91226112 op, 251040485.00 ns, 2.7518 ns/op
WorkloadResult  10: 91226112 op, 250140398.00 ns, 2.7420 ns/op
// GC:  0 0 0 0 91226112
// Threading:  0 0 91226112

// AfterAll
// Benchmark Process 475 has exited with code 0.

Mean = 2.746 ns, StdErr = 0.003 ns (0.09%), N = 10, StdDev = 0.008 ns
Min = 2.742 ns, Q1 = 2.742 ns, Median = 2.742 ns, Q3 = 2.743 ns, Max = 2.767 ns
IQR = 0.000 ns, LowerFence = 2.742 ns, UpperFence = 2.743 ns
ConfidenceInterval = [2.733 ns; 2.758 ns] (CI 99.9%), Margin = 0.012 ns (0.45% of Mean)
Skewness = 1.84, Kurtosis = 4.97, MValue = 2

// ** Remained 21 (38.9 %) benchmark(s) to run. Estimated finish 2026-09-09 10:22 (0h 4m from now) **
// **************************
// Benchmark: ConsumerBenchmarks<StateConsumer>.InterpreterBatch8: JitCore4(IterationCount=12, IterationTime=250ms, WarmupCount=16) [Pattern=Repeated]
// *** Execute ***
// Launch: 1 / 1
// Execute: dotnet ConsumerFusion-JitCore4-1.dll --anonymousPipes 122 123 --benchmarkName "Tl.ConsumerFusion.ConsumerBenchmarks<StateConsumer>.InterpreterBatch8(Pattern: Repeated)" --job JitCore4 --benchmarkId 33 in /home/i/Work/tl-consumer-fusion/benchmarks/ConsumerFusion/bin/Release/net10.0/ConsumerFusion-JitCore4-1/bin/Release/net10.0
// Failed to set up high priority (Permission denied). In order to run benchmarks with high priority, make sure you have the right permissions.
// BeforeAnythingElse

// Benchmark Process Environment Information:
// BenchmarkDotNet v0.15.8
// Runtime=.NET 10.0.11 (10.0.11, 10.0.1126.37416), X64 RyuJIT x86-64-v3
// GC=Concurrent Workstation
// HardwareIntrinsics=AVX2+BMI1+BMI2+F16C+FMA+LZCNT+MOVBE,AVX,SSE3+SSSE3+SSE4.1+SSE4.2+POPCNT,X86Base+SSE+SSE2,AES+PCLMUL,AvxVnni,SERIALIZE VectorSize=256
// Job: JitCore4(IterationCount=12, IterationTime=250ms, WarmupCount=16)

Generated source SHA-256: 7bdbf05933e474d7a938b65943dea9904c38e119da36a57eeee6037572f9e30f
Consumer source SHA-256: b6d3bebc1792904814ea060ef98da24a1bb83a7902917f967347d44ba9cc4197
StateConsumer/Repeated: ConsumerReceipt { Playback = Playback { Tick = 321, Cycles = 0, Flags = Started }, SumBits = 1229029090, TrackOffsets = 524288, Enters = 3, Stays = 196605, Exits = 0, Callbacks = 0, Audit = 0 }
Preparation receipt: 5810849537520
OverheadJitting  1: 65536 op, 105314.00 ns, 1.6070 ns/op
WorkloadJitting  1: 65536 op, 928597.00 ns, 14.1693 ns/op

OverheadJitting  2: 1048576 op, 113973.00 ns, 0.1087 ns/op
WorkloadJitting  2: 1048576 op, 13181699.00 ns, 12.5710 ns/op

WorkloadPilot    1: 1048576 op, 13006064.00 ns, 12.4035 ns/op
WorkloadPilot    2: 20971520 op, 259828297.00 ns, 12.3896 ns/op

OverheadWarmup   1: 20971520 op, 666.00 ns, 0.0000 ns/op
OverheadWarmup   2: 20971520 op, 525.00 ns, 0.0000 ns/op
OverheadWarmup   3: 20971520 op, 500.00 ns, 0.0000 ns/op
OverheadWarmup   4: 20971520 op, 511.00 ns, 0.0000 ns/op
OverheadWarmup   5: 20971520 op, 499.00 ns, 0.0000 ns/op
OverheadWarmup   6: 20971520 op, 543.00 ns, 0.0000 ns/op
OverheadWarmup   7: 20971520 op, 514.00 ns, 0.0000 ns/op

OverheadActual   1: 20971520 op, 836.00 ns, 0.0000 ns/op
OverheadActual   2: 20971520 op, 682.00 ns, 0.0000 ns/op
OverheadActual   3: 20971520 op, 668.00 ns, 0.0000 ns/op
OverheadActual   4: 20971520 op, 504.00 ns, 0.0000 ns/op
OverheadActual   5: 20971520 op, 683.00 ns, 0.0000 ns/op
OverheadActual   6: 20971520 op, 524.00 ns, 0.0000 ns/op
OverheadActual   7: 20971520 op, 501.00 ns, 0.0000 ns/op
OverheadActual   8: 20971520 op, 510.00 ns, 0.0000 ns/op
OverheadActual   9: 20971520 op, 494.00 ns, 0.0000 ns/op
OverheadActual  10: 20971520 op, 531.00 ns, 0.0000 ns/op
OverheadActual  11: 20971520 op, 524.00 ns, 0.0000 ns/op
OverheadActual  12: 20971520 op, 528.00 ns, 0.0000 ns/op
OverheadActual  13: 20971520 op, 538.00 ns, 0.0000 ns/op
OverheadActual  14: 20971520 op, 512.00 ns, 0.0000 ns/op
OverheadActual  15: 20971520 op, 537.00 ns, 0.0000 ns/op
OverheadActual  16: 20971520 op, 525.00 ns, 0.0000 ns/op
OverheadActual  17: 20971520 op, 529.00 ns, 0.0000 ns/op

WorkloadWarmup   1: 20971520 op, 258739562.00 ns, 12.3377 ns/op
WorkloadWarmup   2: 20971520 op, 258795709.00 ns, 12.3403 ns/op
WorkloadWarmup   3: 20971520 op, 258187013.00 ns, 12.3113 ns/op
WorkloadWarmup   4: 20971520 op, 260678013.00 ns, 12.4301 ns/op
WorkloadWarmup   5: 20971520 op, 259404504.00 ns, 12.3694 ns/op
WorkloadWarmup   6: 20971520 op, 258703116.00 ns, 12.3359 ns/op
WorkloadWarmup   7: 20971520 op, 297066429.00 ns, 14.1652 ns/op
WorkloadWarmup   8: 20971520 op, 260544081.00 ns, 12.4237 ns/op
WorkloadWarmup   9: 20971520 op, 260178809.00 ns, 12.4063 ns/op
WorkloadWarmup  10: 20971520 op, 261636097.00 ns, 12.4758 ns/op
WorkloadWarmup  11: 20971520 op, 259202877.00 ns, 12.3598 ns/op
WorkloadWarmup  12: 20971520 op, 258728990.00 ns, 12.3372 ns/op
WorkloadWarmup  13: 20971520 op, 258751916.00 ns, 12.3383 ns/op
WorkloadWarmup  14: 20971520 op, 257565925.00 ns, 12.2817 ns/op
WorkloadWarmup  15: 20971520 op, 267001920.00 ns, 12.7316 ns/op
WorkloadWarmup  16: 20971520 op, 258418222.00 ns, 12.3223 ns/op

// BeforeActualRun
WorkloadActual   1: 20971520 op, 257829030.00 ns, 12.2942 ns/op
WorkloadActual   2: 20971520 op, 258555260.00 ns, 12.3289 ns/op
WorkloadActual   3: 20971520 op, 259120513.00 ns, 12.3558 ns/op
WorkloadActual   4: 20971520 op, 256115125.00 ns, 12.2125 ns/op
WorkloadActual   5: 20971520 op, 259183257.00 ns, 12.3588 ns/op
WorkloadActual   6: 20971520 op, 260272724.00 ns, 12.4108 ns/op
WorkloadActual   7: 20971520 op, 259570928.00 ns, 12.3773 ns/op
WorkloadActual   8: 20971520 op, 274305234.00 ns, 13.0799 ns/op
WorkloadActual   9: 20971520 op, 257496323.00 ns, 12.2784 ns/op
WorkloadActual  10: 20971520 op, 259844117.00 ns, 12.3903 ns/op
WorkloadActual  11: 20971520 op, 259587782.00 ns, 12.3781 ns/op
WorkloadActual  12: 20971520 op, 258738315.00 ns, 12.3376 ns/op

// AfterActualRun
WorkloadResult   1: 20971520 op, 257828502.00 ns, 12.2942 ns/op
WorkloadResult   2: 20971520 op, 258554732.00 ns, 12.3289 ns/op
WorkloadResult   3: 20971520 op, 259119985.00 ns, 12.3558 ns/op
WorkloadResult   4: 20971520 op, 256114597.00 ns, 12.2125 ns/op
WorkloadResult   5: 20971520 op, 259182729.00 ns, 12.3588 ns/op
WorkloadResult   6: 20971520 op, 260272196.00 ns, 12.4107 ns/op
WorkloadResult   7: 20971520 op, 259570400.00 ns, 12.3773 ns/op
WorkloadResult   8: 20971520 op, 257495795.00 ns, 12.2784 ns/op
WorkloadResult   9: 20971520 op, 259843589.00 ns, 12.3903 ns/op
WorkloadResult  10: 20971520 op, 259587254.00 ns, 12.3781 ns/op
WorkloadResult  11: 20971520 op, 258737787.00 ns, 12.3376 ns/op
// GC:  0 0 0 0 20971520
// Threading:  0 0 20971520

// AfterAll
// Benchmark Process 483 has exited with code 0.

Mean = 12.338 ns, StdErr = 0.017 ns (0.14%), N = 11, StdDev = 0.058 ns
Min = 12.212 ns, Q1 = 12.312 ns, Median = 12.356 ns, Q3 = 12.378 ns, Max = 12.411 ns
IQR = 0.066 ns, LowerFence = 12.212 ns, UpperFence = 12.477 ns
ConfidenceInterval = [12.259 ns; 12.418 ns] (CI 99.9%), Margin = 0.080 ns (0.65% of Mean)
Skewness = -0.78, Kurtosis = 2.53, MValue = 2

// ** Remained 20 (37.0 %) benchmark(s) to run. Estimated finish 2026-09-09 10:22 (0h 4m from now) **
// **************************
// Benchmark: ConsumerBenchmarks<StateConsumer>.CompiledBatch8: JitCore4(IterationCount=12, IterationTime=250ms, WarmupCount=16) [Pattern=Repeated]
// *** Execute ***
// Launch: 1 / 1
// Execute: dotnet ConsumerFusion-JitCore4-1.dll --anonymousPipes 124 125 --benchmarkName "Tl.ConsumerFusion.ConsumerBenchmarks<StateConsumer>.CompiledBatch8(Pattern: Repeated)" --job JitCore4 --benchmarkId 34 in /home/i/Work/tl-consumer-fusion/benchmarks/ConsumerFusion/bin/Release/net10.0/ConsumerFusion-JitCore4-1/bin/Release/net10.0
// Failed to set up high priority (Permission denied). In order to run benchmarks with high priority, make sure you have the right permissions.
// BeforeAnythingElse

// Benchmark Process Environment Information:
// BenchmarkDotNet v0.15.8
// Runtime=.NET 10.0.11 (10.0.11, 10.0.1126.37416), X64 RyuJIT x86-64-v3
// GC=Concurrent Workstation
// HardwareIntrinsics=AVX2+BMI1+BMI2+F16C+FMA+LZCNT+MOVBE,AVX,SSE3+SSSE3+SSE4.1+SSE4.2+POPCNT,X86Base+SSE+SSE2,AES+PCLMUL,AvxVnni,SERIALIZE VectorSize=256
// Job: JitCore4(IterationCount=12, IterationTime=250ms, WarmupCount=16)

Generated source SHA-256: 7bdbf05933e474d7a938b65943dea9904c38e119da36a57eeee6037572f9e30f
Consumer source SHA-256: b6d3bebc1792904814ea060ef98da24a1bb83a7902917f967347d44ba9cc4197
StateConsumer/Repeated: ConsumerReceipt { Playback = Playback { Tick = 321, Cycles = 0, Flags = Started }, SumBits = 1229029090, TrackOffsets = 524288, Enters = 3, Stays = 196605, Exits = 0, Callbacks = 0, Audit = 0 }
Preparation receipt: 5751856141200
OverheadJitting  1: 65536 op, 101429.00 ns, 1.5477 ns/op
WorkloadJitting  1: 65536 op, 807675.00 ns, 12.3241 ns/op

OverheadJitting  2: 1048576 op, 119922.00 ns, 0.1144 ns/op
WorkloadJitting  2: 1048576 op, 11321593.00 ns, 10.7971 ns/op

WorkloadPilot    1: 1048576 op, 11593306.00 ns, 11.0562 ns/op
WorkloadPilot    2: 23068672 op, 254695125.00 ns, 11.0407 ns/op

OverheadWarmup   1: 23068672 op, 818.00 ns, 0.0000 ns/op
OverheadWarmup   2: 23068672 op, 592.00 ns, 0.0000 ns/op
OverheadWarmup   3: 23068672 op, 558.00 ns, 0.0000 ns/op
OverheadWarmup   4: 23068672 op, 556.00 ns, 0.0000 ns/op
OverheadWarmup   5: 23068672 op, 558.00 ns, 0.0000 ns/op
OverheadWarmup   6: 23068672 op, 571.00 ns, 0.0000 ns/op
OverheadWarmup   7: 23068672 op, 575.00 ns, 0.0000 ns/op
OverheadWarmup   8: 23068672 op, 578.00 ns, 0.0000 ns/op
OverheadWarmup   9: 23068672 op, 572.00 ns, 0.0000 ns/op
OverheadWarmup  10: 23068672 op, 571.00 ns, 0.0000 ns/op

OverheadActual   1: 23068672 op, 893.00 ns, 0.0000 ns/op
OverheadActual   2: 23068672 op, 792.00 ns, 0.0000 ns/op
OverheadActual   3: 23068672 op, 765.00 ns, 0.0000 ns/op
OverheadActual   4: 23068672 op, 638.00 ns, 0.0000 ns/op
OverheadActual   5: 23068672 op, 740.00 ns, 0.0000 ns/op
OverheadActual   6: 23068672 op, 566.00 ns, 0.0000 ns/op
OverheadActual   7: 23068672 op, 561.00 ns, 0.0000 ns/op
OverheadActual   8: 23068672 op, 557.00 ns, 0.0000 ns/op
OverheadActual   9: 23068672 op, 558.00 ns, 0.0000 ns/op
OverheadActual  10: 23068672 op, 567.00 ns, 0.0000 ns/op
OverheadActual  11: 23068672 op, 560.00 ns, 0.0000 ns/op
OverheadActual  12: 23068672 op, 566.00 ns, 0.0000 ns/op
OverheadActual  13: 23068672 op, 575.00 ns, 0.0000 ns/op
OverheadActual  14: 23068672 op, 579.00 ns, 0.0000 ns/op
OverheadActual  15: 23068672 op, 597.00 ns, 0.0000 ns/op
OverheadActual  16: 23068672 op, 597.00 ns, 0.0000 ns/op
OverheadActual  17: 23068672 op, 575.00 ns, 0.0000 ns/op
OverheadActual  18: 23068672 op, 772.00 ns, 0.0000 ns/op
OverheadActual  19: 23068672 op, 627.00 ns, 0.0000 ns/op
OverheadActual  20: 23068672 op, 600.00 ns, 0.0000 ns/op

WorkloadWarmup   1: 23068672 op, 254666436.00 ns, 11.0395 ns/op
WorkloadWarmup   2: 23068672 op, 254791333.00 ns, 11.0449 ns/op
WorkloadWarmup   3: 23068672 op, 254235790.00 ns, 11.0208 ns/op
WorkloadWarmup   4: 23068672 op, 255314685.00 ns, 11.0676 ns/op
WorkloadWarmup   5: 23068672 op, 254612324.00 ns, 11.0371 ns/op
WorkloadWarmup   6: 23068672 op, 254272617.00 ns, 11.0224 ns/op
WorkloadWarmup   7: 23068672 op, 293727505.00 ns, 12.7327 ns/op
WorkloadWarmup   8: 23068672 op, 254936206.00 ns, 11.0512 ns/op
WorkloadWarmup   9: 23068672 op, 255164929.00 ns, 11.0611 ns/op
WorkloadWarmup  10: 23068672 op, 255024340.00 ns, 11.0550 ns/op
WorkloadWarmup  11: 23068672 op, 254482787.00 ns, 11.0315 ns/op
WorkloadWarmup  12: 23068672 op, 255356009.00 ns, 11.0694 ns/op
WorkloadWarmup  13: 23068672 op, 254784340.00 ns, 11.0446 ns/op
WorkloadWarmup  14: 23068672 op, 254820018.00 ns, 11.0462 ns/op
WorkloadWarmup  15: 23068672 op, 262418532.00 ns, 11.3755 ns/op
WorkloadWarmup  16: 23068672 op, 254498058.00 ns, 11.0322 ns/op

// BeforeActualRun
WorkloadActual   1: 23068672 op, 254500060.00 ns, 11.0323 ns/op
WorkloadActual   2: 23068672 op, 254802502.00 ns, 11.0454 ns/op
WorkloadActual   3: 23068672 op, 254509740.00 ns, 11.0327 ns/op
WorkloadActual   4: 23068672 op, 254359493.00 ns, 11.0262 ns/op
WorkloadActual   5: 23068672 op, 254585519.00 ns, 11.0360 ns/op
WorkloadActual   6: 23068672 op, 254939004.00 ns, 11.0513 ns/op
WorkloadActual   7: 23068672 op, 254169307.00 ns, 11.0179 ns/op
WorkloadActual   8: 23068672 op, 270725137.00 ns, 11.7356 ns/op
WorkloadActual   9: 23068672 op, 254904870.00 ns, 11.0498 ns/op
WorkloadActual  10: 23068672 op, 255502078.00 ns, 11.0757 ns/op
WorkloadActual  11: 23068672 op, 254839181.00 ns, 11.0470 ns/op
WorkloadActual  12: 23068672 op, 254467582.00 ns, 11.0309 ns/op

// AfterActualRun
WorkloadResult   1: 23068672 op, 254499472.00 ns, 11.0323 ns/op
WorkloadResult   2: 23068672 op, 254801914.00 ns, 11.0454 ns/op
WorkloadResult   3: 23068672 op, 254509152.00 ns, 11.0327 ns/op
WorkloadResult   4: 23068672 op, 254358905.00 ns, 11.0262 ns/op
WorkloadResult   5: 23068672 op, 254584931.00 ns, 11.0360 ns/op
WorkloadResult   6: 23068672 op, 254938416.00 ns, 11.0513 ns/op
WorkloadResult   7: 23068672 op, 254168719.00 ns, 11.0179 ns/op
WorkloadResult   8: 23068672 op, 254904282.00 ns, 11.0498 ns/op
WorkloadResult   9: 23068672 op, 255501490.00 ns, 11.0757 ns/op
WorkloadResult  10: 23068672 op, 254838593.00 ns, 11.0470 ns/op
WorkloadResult  11: 23068672 op, 254466994.00 ns, 11.0308 ns/op
// GC:  0 0 0 0 23068672
// Threading:  0 0 23068672

// AfterAll
// Benchmark Process 492 has exited with code 0.

Mean = 11.040 ns, StdErr = 0.005 ns (0.04%), N = 11, StdDev = 0.016 ns
Min = 11.018 ns, Q1 = 11.032 ns, Median = 11.036 ns, Q3 = 11.048 ns, Max = 11.076 ns
IQR = 0.017 ns, LowerFence = 11.006 ns, UpperFence = 11.074 ns
ConfidenceInterval = [11.019 ns; 11.062 ns] (CI 99.9%), Margin = 0.022 ns (0.20% of Mean)
Skewness = 0.7, Kurtosis = 2.82, MValue = 2

// ** Remained 19 (35.2 %) benchmark(s) to run. Estimated finish 2026-09-09 10:22 (0h 4m from now) **
// **************************
// Benchmark: ConsumerBenchmarks<StateConsumer>.FusedBatch8: JitCore4(IterationCount=12, IterationTime=250ms, WarmupCount=16) [Pattern=Repeated]
// *** Execute ***
// Launch: 1 / 1
// Execute: dotnet ConsumerFusion-JitCore4-1.dll --anonymousPipes 122 123 --benchmarkName "Tl.ConsumerFusion.ConsumerBenchmarks<StateConsumer>.FusedBatch8(Pattern: Repeated)" --job JitCore4 --benchmarkId 35 in /home/i/Work/tl-consumer-fusion/benchmarks/ConsumerFusion/bin/Release/net10.0/ConsumerFusion-JitCore4-1/bin/Release/net10.0
// Failed to set up high priority (Permission denied). In order to run benchmarks with high priority, make sure you have the right permissions.
// BeforeAnythingElse

// Benchmark Process Environment Information:
// BenchmarkDotNet v0.15.8
// Runtime=.NET 10.0.11 (10.0.11, 10.0.1126.37416), X64 RyuJIT x86-64-v3
// GC=Concurrent Workstation
// HardwareIntrinsics=AVX2+BMI1+BMI2+F16C+FMA+LZCNT+MOVBE,AVX,SSE3+SSSE3+SSE4.1+SSE4.2+POPCNT,X86Base+SSE+SSE2,AES+PCLMUL,AvxVnni,SERIALIZE VectorSize=256
// Job: JitCore4(IterationCount=12, IterationTime=250ms, WarmupCount=16)

Generated source SHA-256: 7bdbf05933e474d7a938b65943dea9904c38e119da36a57eeee6037572f9e30f
Consumer source SHA-256: b6d3bebc1792904814ea060ef98da24a1bb83a7902917f967347d44ba9cc4197
StateConsumer/Repeated: ConsumerReceipt { Playback = Playback { Tick = 321, Cycles = 0, Flags = Started }, SumBits = 1229029090, TrackOffsets = 524288, Enters = 3, Stays = 196605, Exits = 0, Callbacks = 0, Audit = 0 }
Preparation receipt: 5751856141200
OverheadJitting  1: 65536 op, 99877.00 ns, 1.5240 ns/op
WorkloadJitting  1: 65536 op, 405743.00 ns, 6.1911 ns/op

OverheadJitting  2: 1048576 op, 116206.00 ns, 0.1108 ns/op
WorkloadJitting  2: 1048576 op, 4598381.00 ns, 4.3854 ns/op

WorkloadPilot    1: 1048576 op, 4476110.00 ns, 4.2688 ns/op
WorkloadPilot    2: 58720256 op, 249993300.00 ns, 4.2574 ns/op

OverheadWarmup   1: 58720256 op, 1603.00 ns, 0.0000 ns/op
OverheadWarmup   2: 58720256 op, 1342.00 ns, 0.0000 ns/op
OverheadWarmup   3: 58720256 op, 1334.00 ns, 0.0000 ns/op
OverheadWarmup   4: 58720256 op, 1348.00 ns, 0.0000 ns/op
OverheadWarmup   5: 58720256 op, 1373.00 ns, 0.0000 ns/op
OverheadWarmup   6: 58720256 op, 1354.00 ns, 0.0000 ns/op
OverheadWarmup   7: 58720256 op, 1341.00 ns, 0.0000 ns/op
OverheadWarmup   8: 58720256 op, 1356.00 ns, 0.0000 ns/op
OverheadWarmup   9: 58720256 op, 1351.00 ns, 0.0000 ns/op

OverheadActual   1: 58720256 op, 1551.00 ns, 0.0000 ns/op
OverheadActual   2: 58720256 op, 1616.00 ns, 0.0000 ns/op
OverheadActual   3: 58720256 op, 1576.00 ns, 0.0000 ns/op
OverheadActual   4: 58720256 op, 1478.00 ns, 0.0000 ns/op
OverheadActual   5: 58720256 op, 1606.00 ns, 0.0000 ns/op
OverheadActual   6: 58720256 op, 1345.00 ns, 0.0000 ns/op
OverheadActual   7: 58720256 op, 1344.00 ns, 0.0000 ns/op
OverheadActual   8: 58720256 op, 1352.00 ns, 0.0000 ns/op
OverheadActual   9: 58720256 op, 1333.00 ns, 0.0000 ns/op
OverheadActual  10: 58720256 op, 1340.00 ns, 0.0000 ns/op
OverheadActual  11: 58720256 op, 1323.00 ns, 0.0000 ns/op
OverheadActual  12: 58720256 op, 1373.00 ns, 0.0000 ns/op
OverheadActual  13: 58720256 op, 1341.00 ns, 0.0000 ns/op
OverheadActual  14: 58720256 op, 1341.00 ns, 0.0000 ns/op
OverheadActual  15: 58720256 op, 1362.00 ns, 0.0000 ns/op
OverheadActual  16: 58720256 op, 1369.00 ns, 0.0000 ns/op
OverheadActual  17: 58720256 op, 1350.00 ns, 0.0000 ns/op
OverheadActual  18: 58720256 op, 1567.00 ns, 0.0000 ns/op
OverheadActual  19: 58720256 op, 1419.00 ns, 0.0000 ns/op
OverheadActual  20: 58720256 op, 1371.00 ns, 0.0000 ns/op

WorkloadWarmup   1: 58720256 op, 250197065.00 ns, 4.2608 ns/op
WorkloadWarmup   2: 58720256 op, 249744162.00 ns, 4.2531 ns/op
WorkloadWarmup   3: 58720256 op, 249698686.00 ns, 4.2523 ns/op
WorkloadWarmup   4: 58720256 op, 249695834.00 ns, 4.2523 ns/op
WorkloadWarmup   5: 58720256 op, 249772153.00 ns, 4.2536 ns/op
WorkloadWarmup   6: 58720256 op, 249740072.00 ns, 4.2530 ns/op
WorkloadWarmup   7: 58720256 op, 268392475.00 ns, 4.5707 ns/op
WorkloadWarmup   8: 58720256 op, 249890678.00 ns, 4.2556 ns/op
WorkloadWarmup   9: 58720256 op, 249825577.00 ns, 4.2545 ns/op
WorkloadWarmup  10: 58720256 op, 249842299.00 ns, 4.2548 ns/op
WorkloadWarmup  11: 58720256 op, 249781306.00 ns, 4.2538 ns/op
WorkloadWarmup  12: 58720256 op, 272053883.00 ns, 4.6331 ns/op
WorkloadWarmup  13: 58720256 op, 249766393.00 ns, 4.2535 ns/op
WorkloadWarmup  14: 58720256 op, 249714111.00 ns, 4.2526 ns/op
WorkloadWarmup  15: 58720256 op, 249699167.00 ns, 4.2524 ns/op
WorkloadWarmup  16: 58720256 op, 249662349.00 ns, 4.2517 ns/op

// BeforeActualRun
WorkloadActual   1: 58720256 op, 249794744.00 ns, 4.2540 ns/op
WorkloadActual   2: 58720256 op, 249810476.00 ns, 4.2542 ns/op
WorkloadActual   3: 58720256 op, 249671569.00 ns, 4.2519 ns/op
WorkloadActual   4: 58720256 op, 249690381.00 ns, 4.2522 ns/op
WorkloadActual   5: 58720256 op, 249868382.00 ns, 4.2552 ns/op
WorkloadActual   6: 58720256 op, 249860832.00 ns, 4.2551 ns/op
WorkloadActual   7: 58720256 op, 249855402.00 ns, 4.2550 ns/op
WorkloadActual   8: 58720256 op, 251237822.00 ns, 4.2786 ns/op
WorkloadActual   9: 58720256 op, 259477726.00 ns, 4.4189 ns/op
WorkloadActual  10: 58720256 op, 250120769.00 ns, 4.2595 ns/op
WorkloadActual  11: 58720256 op, 254300246.00 ns, 4.3307 ns/op
WorkloadActual  12: 58720256 op, 249935418.00 ns, 4.2564 ns/op

// AfterActualRun
WorkloadResult   1: 58720256 op, 249793378.50 ns, 4.2540 ns/op
WorkloadResult   2: 58720256 op, 249809110.50 ns, 4.2542 ns/op
WorkloadResult   3: 58720256 op, 249670203.50 ns, 4.2519 ns/op
WorkloadResult   4: 58720256 op, 249689015.50 ns, 4.2522 ns/op
WorkloadResult   5: 58720256 op, 249867016.50 ns, 4.2552 ns/op
WorkloadResult   6: 58720256 op, 249859466.50 ns, 4.2551 ns/op
WorkloadResult   7: 58720256 op, 249854036.50 ns, 4.2550 ns/op
WorkloadResult   8: 58720256 op, 251236456.50 ns, 4.2785 ns/op
WorkloadResult   9: 58720256 op, 250119403.50 ns, 4.2595 ns/op
WorkloadResult  10: 58720256 op, 249934052.50 ns, 4.2564 ns/op
// GC:  0 0 0 0 58720256
// Threading:  0 0 58720256

// AfterAll
// Benchmark Process 500 has exited with code 0.

Mean = 4.257 ns, StdErr = 0.002 ns (0.06%), N = 10, StdDev = 0.008 ns
Min = 4.252 ns, Q1 = 4.254 ns, Median = 4.255 ns, Q3 = 4.256 ns, Max = 4.279 ns
IQR = 0.002 ns, LowerFence = 4.251 ns, UpperFence = 4.259 ns
ConfidenceInterval = [4.245 ns; 4.269 ns] (CI 99.9%), Margin = 0.012 ns (0.28% of Mean)
Skewness = 1.97, Kurtosis = 5.65, MValue = 2

// ** Remained 18 (33.3 %) benchmark(s) to run. Estimated finish 2026-09-09 10:22 (0h 3m from now) **
// ***** BenchmarkRunner: Finish  *****

// * Export *
  benchmarks/ConsumerFusion/results/measurement/results/Tl.ConsumerFusion.ConsumerBenchmarks_StateConsumer_-report.csv
  benchmarks/ConsumerFusion/results/measurement/results/Tl.ConsumerFusion.ConsumerBenchmarks_StateConsumer_-report-github.md
  benchmarks/ConsumerFusion/results/measurement/results/Tl.ConsumerFusion.ConsumerBenchmarks_StateConsumer_-report.html
  benchmarks/ConsumerFusion/results/measurement/results/Tl.ConsumerFusion.ConsumerBenchmarks_StateConsumer_-report-full.json

// * Detailed results *
ConsumerBenchmarks<StateConsumer>.InterpreterSingle: JitCore4(IterationCount=12, IterationTime=250ms, WarmupCount=16) [Pattern=Sequential]
Runtime = .NET 10.0.11 (10.0.11, 10.0.1126.37416), X64 RyuJIT x86-64-v3; GC = Concurrent Workstation
Mean = 14.327 ns, StdErr = 0.014 ns (0.10%), N = 11, StdDev = 0.047 ns
Min = 14.259 ns, Q1 = 14.292 ns, Median = 14.322 ns, Q3 = 14.364 ns, Max = 14.396 ns
IQR = 0.071 ns, LowerFence = 14.185 ns, UpperFence = 14.471 ns
ConfidenceInterval = [14.262 ns; 14.391 ns] (CI 99.9%), Margin = 0.065 ns (0.45% of Mean)
Skewness = 0.22, Kurtosis = 1.45, MValue = 2
-------------------- Histogram --------------------
[14.232 ns ; 14.424 ns) | @@@@@@@@@@@
---------------------------------------------------

ConsumerBenchmarks<StateConsumer>.CompiledSingle: JitCore4(IterationCount=12, IterationTime=250ms, WarmupCount=16) [Pattern=Sequential]
Runtime = .NET 10.0.11 (10.0.11, 10.0.1126.37416), X64 RyuJIT x86-64-v3; GC = Concurrent Workstation
Mean = 16.323 ns, StdErr = 0.002 ns (0.01%), N = 10, StdDev = 0.008 ns
Min = 16.309 ns, Q1 = 16.320 ns, Median = 16.322 ns, Q3 = 16.327 ns, Max = 16.334 ns
IQR = 0.007 ns, LowerFence = 16.310 ns, UpperFence = 16.338 ns
ConfidenceInterval = [16.311 ns; 16.334 ns] (CI 99.9%), Margin = 0.011 ns (0.07% of Mean)
Skewness = -0.13, Kurtosis = 1.93, MValue = 2
-------------------- Histogram --------------------
[16.305 ns ; 16.339 ns) | @@@@@@@@@@
---------------------------------------------------

ConsumerBenchmarks<StateConsumer>.FusedSingle: JitCore4(IterationCount=12, IterationTime=250ms, WarmupCount=16) [Pattern=Sequential]
Runtime = .NET 10.0.11 (10.0.11, 10.0.1126.37416), X64 RyuJIT x86-64-v3; GC = Concurrent Workstation
Mean = 2.768 ns, StdErr = 0.003 ns (0.11%), N = 11, StdDev = 0.010 ns
Min = 2.750 ns, Q1 = 2.763 ns, Median = 2.765 ns, Q3 = 2.775 ns, Max = 2.782 ns
IQR = 0.012 ns, LowerFence = 2.744 ns, UpperFence = 2.793 ns
ConfidenceInterval = [2.754 ns; 2.782 ns] (CI 99.9%), Margin = 0.014 ns (0.50% of Mean)
Skewness = -0.12, Kurtosis = 1.8, MValue = 2
-------------------- Histogram --------------------
[2.744 ns ; 2.788 ns) | @@@@@@@@@@@
---------------------------------------------------

ConsumerBenchmarks<StateConsumer>.InterpreterBatch8: JitCore4(IterationCount=12, IterationTime=250ms, WarmupCount=16) [Pattern=Sequential]
Runtime = .NET 10.0.11 (10.0.11, 10.0.1126.37416), X64 RyuJIT x86-64-v3; GC = Concurrent Workstation
Mean = 9.785 ns, StdErr = 0.005 ns (0.05%), N = 11, StdDev = 0.016 ns
Min = 9.756 ns, Q1 = 9.776 ns, Median = 9.785 ns, Q3 = 9.790 ns, Max = 9.819 ns
IQR = 0.014 ns, LowerFence = 9.755 ns, UpperFence = 9.811 ns
ConfidenceInterval = [9.762 ns; 9.808 ns] (CI 99.9%), Margin = 0.023 ns (0.23% of Mean)
Skewness = 0.31, Kurtosis = 2.68, MValue = 2
-------------------- Histogram --------------------
[9.746 ns ; 9.829 ns) | @@@@@@@@@@@
---------------------------------------------------

ConsumerBenchmarks<StateConsumer>.CompiledBatch8: JitCore4(IterationCount=12, IterationTime=250ms, WarmupCount=16) [Pattern=Sequential]
Runtime = .NET 10.0.11 (10.0.11, 10.0.1126.37416), X64 RyuJIT x86-64-v3; GC = Concurrent Workstation
Mean = 8.861 ns, StdErr = 0.002 ns (0.02%), N = 10, StdDev = 0.007 ns
Min = 8.852 ns, Q1 = 8.856 ns, Median = 8.862 ns, Q3 = 8.865 ns, Max = 8.873 ns
IQR = 0.009 ns, LowerFence = 8.843 ns, UpperFence = 8.879 ns
ConfidenceInterval = [8.851 ns; 8.871 ns] (CI 99.9%), Margin = 0.010 ns (0.11% of Mean)
Skewness = 0.16, Kurtosis = 1.74, MValue = 2
-------------------- Histogram --------------------
[8.848 ns ; 8.877 ns) | @@@@@@@@@@
---------------------------------------------------

ConsumerBenchmarks<StateConsumer>.FusedBatch8: JitCore4(IterationCount=12, IterationTime=250ms, WarmupCount=16) [Pattern=Sequential]
Runtime = .NET 10.0.11 (10.0.11, 10.0.1126.37416), X64 RyuJIT x86-64-v3; GC = Concurrent Workstation
Mean = 2.956 ns, StdErr = 0.001 ns (0.04%), N = 9, StdDev = 0.003 ns
Min = 2.951 ns, Q1 = 2.953 ns, Median = 2.957 ns, Q3 = 2.958 ns, Max = 2.961 ns
IQR = 0.005 ns, LowerFence = 2.945 ns, UpperFence = 2.966 ns
ConfidenceInterval = [2.950 ns; 2.961 ns] (CI 99.9%), Margin = 0.006 ns (0.19% of Mean)
Skewness = 0.16, Kurtosis = 1.55, MValue = 2
-------------------- Histogram --------------------
[2.949 ns ; 2.964 ns) | @@@@@@@@@
---------------------------------------------------

ConsumerBenchmarks<StateConsumer>.InterpreterSingle: JitCore4(IterationCount=12, IterationTime=250ms, WarmupCount=16) [Pattern=Random]
Runtime = .NET 10.0.11 (10.0.11, 10.0.1126.37416), X64 RyuJIT x86-64-v3; GC = Concurrent Workstation
Mean = 21.546 ns, StdErr = 0.024 ns (0.11%), N = 11, StdDev = 0.079 ns
Min = 21.451 ns, Q1 = 21.497 ns, Median = 21.516 ns, Q3 = 21.584 ns, Max = 21.687 ns
IQR = 0.087 ns, LowerFence = 21.366 ns, UpperFence = 21.715 ns
ConfidenceInterval = [21.437 ns; 21.655 ns] (CI 99.9%), Margin = 0.109 ns (0.51% of Mean)
Skewness = 0.7, Kurtosis = 1.85, MValue = 2
-------------------- Histogram --------------------
[21.404 ns ; 21.733 ns) | @@@@@@@@@@@
---------------------------------------------------

ConsumerBenchmarks<StateConsumer>.CompiledSingle: JitCore4(IterationCount=12, IterationTime=250ms, WarmupCount=16) [Pattern=Random]
Runtime = .NET 10.0.11 (10.0.11, 10.0.1126.37416), X64 RyuJIT x86-64-v3; GC = Concurrent Workstation
Mean = 30.378 ns, StdErr = 0.009 ns (0.03%), N = 11, StdDev = 0.029 ns
Min = 30.339 ns, Q1 = 30.360 ns, Median = 30.366 ns, Q3 = 30.396 ns, Max = 30.426 ns
IQR = 0.036 ns, LowerFence = 30.307 ns, UpperFence = 30.450 ns
ConfidenceInterval = [30.338 ns; 30.417 ns] (CI 99.9%), Margin = 0.040 ns (0.13% of Mean)
Skewness = 0.48, Kurtosis = 1.71, MValue = 2
-------------------- Histogram --------------------
[30.322 ns ; 30.443 ns) | @@@@@@@@@@@
---------------------------------------------------

ConsumerBenchmarks<StateConsumer>.FusedSingle: JitCore4(IterationCount=12, IterationTime=250ms, WarmupCount=16) [Pattern=Random]
Runtime = .NET 10.0.11 (10.0.11, 10.0.1126.37416), X64 RyuJIT x86-64-v3; GC = Concurrent Workstation
Mean = 10.033 ns, StdErr = 0.012 ns (0.12%), N = 11, StdDev = 0.040 ns
Min = 9.981 ns, Q1 = 9.998 ns, Median = 10.024 ns, Q3 = 10.061 ns, Max = 10.109 ns
IQR = 0.063 ns, LowerFence = 9.904 ns, UpperFence = 10.156 ns
ConfidenceInterval = [9.977 ns; 10.089 ns] (CI 99.9%), Margin = 0.056 ns (0.55% of Mean)
Skewness = 0.34, Kurtosis = 1.74, MValue = 2
-------------------- Histogram --------------------
[9.957 ns ; 10.133 ns) | @@@@@@@@@@@
---------------------------------------------------

ConsumerBenchmarks<StateConsumer>.InterpreterBatch8: JitCore4(IterationCount=12, IterationTime=250ms, WarmupCount=16) [Pattern=Random]
Runtime = .NET 10.0.11 (10.0.11, 10.0.1126.37416), X64 RyuJIT x86-64-v3; GC = Concurrent Workstation
Mean = 19.355 ns, StdErr = 0.023 ns (0.12%), N = 11, StdDev = 0.075 ns
Min = 19.258 ns, Q1 = 19.301 ns, Median = 19.327 ns, Q3 = 19.417 ns, Max = 19.491 ns
IQR = 0.116 ns, LowerFence = 19.128 ns, UpperFence = 19.591 ns
ConfidenceInterval = [19.252 ns; 19.459 ns] (CI 99.9%), Margin = 0.103 ns (0.53% of Mean)
Skewness = 0.43, Kurtosis = 1.62, MValue = 2
-------------------- Histogram --------------------
[19.214 ns ; 19.535 ns) | @@@@@@@@@@@
---------------------------------------------------

ConsumerBenchmarks<StateConsumer>.CompiledBatch8: JitCore4(IterationCount=12, IterationTime=250ms, WarmupCount=16) [Pattern=Random]
Runtime = .NET 10.0.11 (10.0.11, 10.0.1126.37416), X64 RyuJIT x86-64-v3; GC = Concurrent Workstation
Mean = 19.619 ns, StdErr = 0.010 ns (0.05%), N = 11, StdDev = 0.033 ns
Min = 19.546 ns, Q1 = 19.604 ns, Median = 19.623 ns, Q3 = 19.641 ns, Max = 19.659 ns
IQR = 0.037 ns, LowerFence = 19.548 ns, UpperFence = 19.697 ns
ConfidenceInterval = [19.574 ns; 19.665 ns] (CI 99.9%), Margin = 0.046 ns (0.23% of Mean)
Skewness = -0.8, Kurtosis = 2.61, MValue = 2
-------------------- Histogram --------------------
[19.527 ns ; 19.678 ns) | @@@@@@@@@@@
---------------------------------------------------

ConsumerBenchmarks<StateConsumer>.FusedBatch8: JitCore4(IterationCount=12, IterationTime=250ms, WarmupCount=16) [Pattern=Random]
Runtime = .NET 10.0.11 (10.0.11, 10.0.1126.37416), X64 RyuJIT x86-64-v3; GC = Concurrent Workstation
Mean = 9.554 ns, StdErr = 0.010 ns (0.10%), N = 10, StdDev = 0.030 ns
Min = 9.508 ns, Q1 = 9.530 ns, Median = 9.553 ns, Q3 = 9.583 ns, Max = 9.587 ns
IQR = 0.052 ns, LowerFence = 9.452 ns, UpperFence = 9.661 ns
ConfidenceInterval = [9.508 ns; 9.599 ns] (CI 99.9%), Margin = 0.045 ns (0.48% of Mean)
Skewness = -0.1, Kurtosis = 1.13, MValue = 2
-------------------- Histogram --------------------
[9.490 ns ; 9.605 ns) | @@@@@@@@@@
---------------------------------------------------

ConsumerBenchmarks<StateConsumer>.InterpreterSingle: JitCore4(IterationCount=12, IterationTime=250ms, WarmupCount=16) [Pattern=Repeated]
Runtime = .NET 10.0.11 (10.0.11, 10.0.1126.37416), X64 RyuJIT x86-64-v3; GC = Concurrent Workstation
Mean = 16.810 ns, StdErr = 0.005 ns (0.03%), N = 11, StdDev = 0.017 ns
Min = 16.787 ns, Q1 = 16.799 ns, Median = 16.806 ns, Q3 = 16.816 ns, Max = 16.849 ns
IQR = 0.016 ns, LowerFence = 16.775 ns, UpperFence = 16.840 ns
ConfidenceInterval = [16.786 ns; 16.834 ns] (CI 99.9%), Margin = 0.024 ns (0.14% of Mean)
Skewness = 0.78, Kurtosis = 2.67, MValue = 2
-------------------- Histogram --------------------
[16.777 ns ; 16.859 ns) | @@@@@@@@@@@
---------------------------------------------------

ConsumerBenchmarks<StateConsumer>.CompiledSingle: JitCore4(IterationCount=12, IterationTime=250ms, WarmupCount=16) [Pattern=Repeated]
Runtime = .NET 10.0.11 (10.0.11, 10.0.1126.37416), X64 RyuJIT x86-64-v3; GC = Concurrent Workstation
Mean = 16.126 ns, StdErr = 0.003 ns (0.02%), N = 10, StdDev = 0.010 ns
Min = 16.119 ns, Q1 = 16.120 ns, Median = 16.123 ns, Q3 = 16.127 ns, Max = 16.154 ns
IQR = 0.007 ns, LowerFence = 16.109 ns, UpperFence = 16.138 ns
ConfidenceInterval = [16.110 ns; 16.142 ns] (CI 99.9%), Margin = 0.016 ns (0.10% of Mean)
Skewness = 1.74, Kurtosis = 4.99, MValue = 2
-------------------- Histogram --------------------
[16.112 ns ; 16.161 ns) | @@@@@@@@@@
---------------------------------------------------

ConsumerBenchmarks<StateConsumer>.FusedSingle: JitCore4(IterationCount=12, IterationTime=250ms, WarmupCount=16) [Pattern=Repeated]
Runtime = .NET 10.0.11 (10.0.11, 10.0.1126.37416), X64 RyuJIT x86-64-v3; GC = Concurrent Workstation
Mean = 2.746 ns, StdErr = 0.003 ns (0.09%), N = 10, StdDev = 0.008 ns
Min = 2.742 ns, Q1 = 2.742 ns, Median = 2.742 ns, Q3 = 2.743 ns, Max = 2.767 ns
IQR = 0.000 ns, LowerFence = 2.742 ns, UpperFence = 2.743 ns
ConfidenceInterval = [2.733 ns; 2.758 ns] (CI 99.9%), Margin = 0.012 ns (0.45% of Mean)
Skewness = 1.84, Kurtosis = 4.97, MValue = 2
-------------------- Histogram --------------------
[2.737 ns ; 2.772 ns) | @@@@@@@@@@
---------------------------------------------------

ConsumerBenchmarks<StateConsumer>.InterpreterBatch8: JitCore4(IterationCount=12, IterationTime=250ms, WarmupCount=16) [Pattern=Repeated]
Runtime = .NET 10.0.11 (10.0.11, 10.0.1126.37416), X64 RyuJIT x86-64-v3; GC = Concurrent Workstation
Mean = 12.338 ns, StdErr = 0.017 ns (0.14%), N = 11, StdDev = 0.058 ns
Min = 12.212 ns, Q1 = 12.312 ns, Median = 12.356 ns, Q3 = 12.378 ns, Max = 12.411 ns
IQR = 0.066 ns, LowerFence = 12.212 ns, UpperFence = 12.477 ns
ConfidenceInterval = [12.259 ns; 12.418 ns] (CI 99.9%), Margin = 0.080 ns (0.65% of Mean)
Skewness = -0.78, Kurtosis = 2.53, MValue = 2
-------------------- Histogram --------------------
[12.178 ns ; 12.445 ns) | @@@@@@@@@@@
---------------------------------------------------

ConsumerBenchmarks<StateConsumer>.CompiledBatch8: JitCore4(IterationCount=12, IterationTime=250ms, WarmupCount=16) [Pattern=Repeated]
Runtime = .NET 10.0.11 (10.0.11, 10.0.1126.37416), X64 RyuJIT x86-64-v3; GC = Concurrent Workstation
Mean = 11.040 ns, StdErr = 0.005 ns (0.04%), N = 11, StdDev = 0.016 ns
Min = 11.018 ns, Q1 = 11.032 ns, Median = 11.036 ns, Q3 = 11.048 ns, Max = 11.076 ns
IQR = 0.017 ns, LowerFence = 11.006 ns, UpperFence = 11.074 ns
ConfidenceInterval = [11.019 ns; 11.062 ns] (CI 99.9%), Margin = 0.022 ns (0.20% of Mean)
Skewness = 0.7, Kurtosis = 2.82, MValue = 2
-------------------- Histogram --------------------
[11.009 ns ; 11.085 ns) | @@@@@@@@@@@
---------------------------------------------------

ConsumerBenchmarks<StateConsumer>.FusedBatch8: JitCore4(IterationCount=12, IterationTime=250ms, WarmupCount=16) [Pattern=Repeated]
Runtime = .NET 10.0.11 (10.0.11, 10.0.1126.37416), X64 RyuJIT x86-64-v3; GC = Concurrent Workstation
Mean = 4.257 ns, StdErr = 0.002 ns (0.06%), N = 10, StdDev = 0.008 ns
Min = 4.252 ns, Q1 = 4.254 ns, Median = 4.255 ns, Q3 = 4.256 ns, Max = 4.279 ns
IQR = 0.002 ns, LowerFence = 4.251 ns, UpperFence = 4.259 ns
ConfidenceInterval = [4.245 ns; 4.269 ns] (CI 99.9%), Margin = 0.012 ns (0.28% of Mean)
Skewness = 1.97, Kurtosis = 5.65, MValue = 2
-------------------- Histogram --------------------
[4.247 ns ; 4.283 ns) | @@@@@@@@@@
---------------------------------------------------

// * Summary *

BenchmarkDotNet v0.15.8, Linux Omarchy
Intel Core i9-14900K 0.80GHz, 1 CPU, 32 logical and 24 physical cores
.NET SDK 10.0.400
  [Host]   : .NET 10.0.11 (10.0.11, 10.0.1126.37416), X64 RyuJIT x86-64-v3
  JitCore4 : .NET 10.0.11 (10.0.11, 10.0.1126.37416), X64 RyuJIT x86-64-v3

Job=JitCore4  IterationCount=12  IterationTime=250ms  
WarmupCount=16  

| Method            | Pattern    | Mean      | Error     | StdDev    | Median    | Ratio | Allocated | Alloc Ratio |
|------------------ |----------- |----------:|----------:|----------:|----------:|------:|----------:|------------:|
| InterpreterSingle | Sequential | 14.327 ns | 0.0646 ns | 0.0467 ns | 14.322 ns |  1.00 |         - |          NA |
| CompiledSingle    | Sequential | 16.323 ns | 0.0115 ns | 0.0076 ns | 16.322 ns |  1.14 |         - |          NA |
| FusedSingle       | Sequential |  2.768 ns | 0.0137 ns | 0.0099 ns |  2.765 ns |  0.19 |         - |          NA |
| InterpreterBatch8 | Sequential |  9.785 ns | 0.0228 ns | 0.0165 ns |  9.785 ns |  0.68 |         - |          NA |
| CompiledBatch8    | Sequential |  8.861 ns | 0.0099 ns | 0.0065 ns |  8.862 ns |  0.62 |         - |          NA |
| FusedBatch8       | Sequential |  2.956 ns | 0.0056 ns | 0.0034 ns |  2.957 ns |  0.21 |         - |          NA |
|                   |            |           |           |           |           |       |           |             |
| InterpreterSingle | Random     | 21.546 ns | 0.1093 ns | 0.0790 ns | 21.516 ns |  1.00 |         - |          NA |
| CompiledSingle    | Random     | 30.378 ns | 0.0396 ns | 0.0286 ns | 30.366 ns |  1.41 |         - |          NA |
| FusedSingle       | Random     | 10.033 ns | 0.0556 ns | 0.0402 ns | 10.024 ns |  0.47 |         - |          NA |
| InterpreterBatch8 | Random     | 19.355 ns | 0.1033 ns | 0.0747 ns | 19.327 ns |  0.90 |         - |          NA |
| CompiledBatch8    | Random     | 19.619 ns | 0.0455 ns | 0.0329 ns | 19.623 ns |  0.91 |         - |          NA |
| FusedBatch8       | Random     |  9.554 ns | 0.0455 ns | 0.0301 ns |  9.553 ns |  0.44 |         - |          NA |
|                   |            |           |           |           |           |       |           |             |
| InterpreterSingle | Repeated   | 16.810 ns | 0.0240 ns | 0.0174 ns | 16.806 ns |  1.00 |         - |          NA |
| CompiledSingle    | Repeated   | 16.126 ns | 0.0158 ns | 0.0105 ns | 16.123 ns |  0.96 |         - |          NA |
| FusedSingle       | Repeated   |  2.746 ns | 0.0124 ns | 0.0082 ns |  2.742 ns |  0.16 |         - |          NA |
| InterpreterBatch8 | Repeated   | 12.338 ns | 0.0797 ns | 0.0576 ns | 12.356 ns |  0.73 |         - |          NA |
| CompiledBatch8    | Repeated   | 11.040 ns | 0.0217 ns | 0.0157 ns | 11.036 ns |  0.66 |         - |          NA |
| FusedBatch8       | Repeated   |  4.257 ns | 0.0118 ns | 0.0078 ns |  4.255 ns |  0.25 |         - |          NA |

// * Hints *
Outliers
  ConsumerBenchmarks<StateConsumer>.InterpreterSingle: JitCore4 -> 1 outlier  was  removed (15.25 ns)
  ConsumerBenchmarks<StateConsumer>.CompiledSingle: JitCore4    -> 2 outliers were removed (16.35 ns, 17.30 ns)
  ConsumerBenchmarks<StateConsumer>.FusedSingle: JitCore4       -> 1 outlier  was  removed (2.92 ns)
  ConsumerBenchmarks<StateConsumer>.InterpreterBatch8: JitCore4 -> 1 outlier  was  removed (10.38 ns)
  ConsumerBenchmarks<StateConsumer>.CompiledBatch8: JitCore4    -> 2 outliers were removed (8.99 ns, 9.69 ns)
  ConsumerBenchmarks<StateConsumer>.FusedBatch8: JitCore4       -> 3 outliers were removed (3.01 ns..3.06 ns)
  ConsumerBenchmarks<StateConsumer>.InterpreterSingle: JitCore4 -> 1 outlier  was  removed (22.69 ns)
  ConsumerBenchmarks<StateConsumer>.CompiledSingle: JitCore4    -> 1 outlier  was  removed (32.15 ns)
  ConsumerBenchmarks<StateConsumer>.FusedSingle: JitCore4       -> 1 outlier  was  removed (10.43 ns)
  ConsumerBenchmarks<StateConsumer>.InterpreterBatch8: JitCore4 -> 1 outlier  was  removed (20.51 ns)
  ConsumerBenchmarks<StateConsumer>.CompiledBatch8: JitCore4    -> 1 outlier  was  removed, 2 outliers were detected (19.55 ns, 20.77 ns)
  ConsumerBenchmarks<StateConsumer>.FusedBatch8: JitCore4       -> 2 outliers were removed (9.73 ns, 10.61 ns)
  ConsumerBenchmarks<StateConsumer>.InterpreterSingle: JitCore4 -> 1 outlier  was  removed (17.84 ns)
  ConsumerBenchmarks<StateConsumer>.CompiledSingle: JitCore4    -> 2 outliers were removed (16.22 ns, 16.88 ns)
  ConsumerBenchmarks<StateConsumer>.FusedSingle: JitCore4       -> 2 outliers were removed (2.84 ns, 2.85 ns)
  ConsumerBenchmarks<StateConsumer>.InterpreterBatch8: JitCore4 -> 1 outlier  was  removed, 2 outliers were detected (12.21 ns, 13.08 ns)
  ConsumerBenchmarks<StateConsumer>.CompiledBatch8: JitCore4    -> 1 outlier  was  removed (11.74 ns)
  ConsumerBenchmarks<StateConsumer>.FusedBatch8: JitCore4       -> 2 outliers were removed (4.33 ns, 4.42 ns)

// * Legends *
  Pattern     : Value of the 'Pattern' parameter
  Mean        : Arithmetic mean of all measurements
  Error       : Half of 99.9% confidence interval
  StdDev      : Standard deviation of all measurements
  Median      : Value separating the higher half of all measurements (50th percentile)
  Ratio       : Mean of the ratio distribution ([Current]/[Baseline])
  Allocated   : Allocated memory per single operation (managed only, inclusive, 1KB = 1024B)
  Alloc Ratio : Allocated memory ratio distribution ([Current]/[Baseline])
  1 ns        : 1 Nanosecond (0.000000001 sec)

// * Diagnostic Output - MemoryDiagnoser *


// ***** BenchmarkRunner: End *****
Run time: 00:03:53 (233.14 sec), executed benchmarks: 18

// Found 18 benchmarks:
//   ConsumerBenchmarks<EffectConsumer>.InterpreterSingle: JitCore4(IterationCount=12, IterationTime=250ms, WarmupCount=16) [Pattern=Sequential]
//   ConsumerBenchmarks<EffectConsumer>.CompiledSingle: JitCore4(IterationCount=12, IterationTime=250ms, WarmupCount=16) [Pattern=Sequential]
//   ConsumerBenchmarks<EffectConsumer>.FusedSingle: JitCore4(IterationCount=12, IterationTime=250ms, WarmupCount=16) [Pattern=Sequential]
//   ConsumerBenchmarks<EffectConsumer>.InterpreterBatch8: JitCore4(IterationCount=12, IterationTime=250ms, WarmupCount=16) [Pattern=Sequential]
//   ConsumerBenchmarks<EffectConsumer>.CompiledBatch8: JitCore4(IterationCount=12, IterationTime=250ms, WarmupCount=16) [Pattern=Sequential]
//   ConsumerBenchmarks<EffectConsumer>.FusedBatch8: JitCore4(IterationCount=12, IterationTime=250ms, WarmupCount=16) [Pattern=Sequential]
//   ConsumerBenchmarks<EffectConsumer>.InterpreterSingle: JitCore4(IterationCount=12, IterationTime=250ms, WarmupCount=16) [Pattern=Random]
//   ConsumerBenchmarks<EffectConsumer>.CompiledSingle: JitCore4(IterationCount=12, IterationTime=250ms, WarmupCount=16) [Pattern=Random]
//   ConsumerBenchmarks<EffectConsumer>.FusedSingle: JitCore4(IterationCount=12, IterationTime=250ms, WarmupCount=16) [Pattern=Random]
//   ConsumerBenchmarks<EffectConsumer>.InterpreterBatch8: JitCore4(IterationCount=12, IterationTime=250ms, WarmupCount=16) [Pattern=Random]
//   ConsumerBenchmarks<EffectConsumer>.CompiledBatch8: JitCore4(IterationCount=12, IterationTime=250ms, WarmupCount=16) [Pattern=Random]
//   ConsumerBenchmarks<EffectConsumer>.FusedBatch8: JitCore4(IterationCount=12, IterationTime=250ms, WarmupCount=16) [Pattern=Random]
//   ConsumerBenchmarks<EffectConsumer>.InterpreterSingle: JitCore4(IterationCount=12, IterationTime=250ms, WarmupCount=16) [Pattern=Repeated]
//   ConsumerBenchmarks<EffectConsumer>.CompiledSingle: JitCore4(IterationCount=12, IterationTime=250ms, WarmupCount=16) [Pattern=Repeated]
//   ConsumerBenchmarks<EffectConsumer>.FusedSingle: JitCore4(IterationCount=12, IterationTime=250ms, WarmupCount=16) [Pattern=Repeated]
//   ConsumerBenchmarks<EffectConsumer>.InterpreterBatch8: JitCore4(IterationCount=12, IterationTime=250ms, WarmupCount=16) [Pattern=Repeated]
//   ConsumerBenchmarks<EffectConsumer>.CompiledBatch8: JitCore4(IterationCount=12, IterationTime=250ms, WarmupCount=16) [Pattern=Repeated]
//   ConsumerBenchmarks<EffectConsumer>.FusedBatch8: JitCore4(IterationCount=12, IterationTime=250ms, WarmupCount=16) [Pattern=Repeated]

// **************************
// Benchmark: ConsumerBenchmarks<EffectConsumer>.InterpreterSingle: JitCore4(IterationCount=12, IterationTime=250ms, WarmupCount=16) [Pattern=Sequential]
// *** Execute ***
// Launch: 1 / 1
// Execute: dotnet ConsumerFusion-JitCore4-1.dll --anonymousPipes 120 121 --benchmarkName "Tl.ConsumerFusion.ConsumerBenchmarks<EffectConsumer>.InterpreterSingle(Pattern: Sequential)" --job JitCore4 --benchmarkId 36 in /home/i/Work/tl-consumer-fusion/benchmarks/ConsumerFusion/bin/Release/net10.0/ConsumerFusion-JitCore4-1/bin/Release/net10.0
// Failed to set up high priority (Permission denied). In order to run benchmarks with high priority, make sure you have the right permissions.
// BeforeAnythingElse

// Benchmark Process Environment Information:
// BenchmarkDotNet v0.15.8
// Runtime=.NET 10.0.11 (10.0.11, 10.0.1126.37416), X64 RyuJIT x86-64-v3
// GC=Concurrent Workstation
// HardwareIntrinsics=AVX2+BMI1+BMI2+F16C+FMA+LZCNT+MOVBE,AVX,SSE3+SSSE3+SSE4.1+SSE4.2+POPCNT,X86Base+SSE+SSE2,AES+PCLMUL,AvxVnni,SERIALIZE VectorSize=256
// Job: JitCore4(IterationCount=12, IterationTime=250ms, WarmupCount=16)

Generated source SHA-256: 7bdbf05933e474d7a938b65943dea9904c38e119da36a57eeee6037572f9e30f
Consumer source SHA-256: b6d3bebc1792904814ea060ef98da24a1bb83a7902917f967347d44ba9cc4197
EffectConsumer/Sequential: ConsumerReceipt { Playback = Playback { Tick = 65535, Cycles = 109, Flags = Started }, SumBits = 1226792028, TrackOffsets = 364309, Enters = 1754, Stays = 127629, Exits = 1754, Callbacks = 131137, Audit = 7852118346027279191 }
Preparation receipt: 5012672226408
OverheadJitting  1: 65536 op, 101162.00 ns, 1.5436 ns/op
WorkloadJitting  1: 65536 op, 1288705.00 ns, 19.6641 ns/op

OverheadJitting  2: 1048576 op, 153974.00 ns, 0.1468 ns/op
WorkloadJitting  2: 1048576 op, 18475456.00 ns, 17.6196 ns/op

WorkloadPilot    1: 1048576 op, 18383670.00 ns, 17.5320 ns/op
WorkloadPilot    2: 14680064 op, 257053214.00 ns, 17.5104 ns/op

OverheadWarmup   1: 14680064 op, 552.00 ns, 0.0000 ns/op
OverheadWarmup   2: 14680064 op, 392.00 ns, 0.0000 ns/op
OverheadWarmup   3: 14680064 op, 345.00 ns, 0.0000 ns/op
OverheadWarmup   4: 14680064 op, 370.00 ns, 0.0000 ns/op
OverheadWarmup   5: 14680064 op, 394.00 ns, 0.0000 ns/op
OverheadWarmup   6: 14680064 op, 363.00 ns, 0.0000 ns/op
OverheadWarmup   7: 14680064 op, 372.00 ns, 0.0000 ns/op
OverheadWarmup   8: 14680064 op, 378.00 ns, 0.0000 ns/op
OverheadWarmup   9: 14680064 op, 456.00 ns, 0.0000 ns/op
OverheadWarmup  10: 14680064 op, 362.00 ns, 0.0000 ns/op

OverheadActual   1: 14680064 op, 522.00 ns, 0.0000 ns/op
OverheadActual   2: 14680064 op, 618.00 ns, 0.0000 ns/op
OverheadActual   3: 14680064 op, 548.00 ns, 0.0000 ns/op
OverheadActual   4: 14680064 op, 472.00 ns, 0.0000 ns/op
OverheadActual   5: 14680064 op, 554.00 ns, 0.0000 ns/op
OverheadActual   6: 14680064 op, 353.00 ns, 0.0000 ns/op
OverheadActual   7: 14680064 op, 349.00 ns, 0.0000 ns/op
OverheadActual   8: 14680064 op, 348.00 ns, 0.0000 ns/op
OverheadActual   9: 14680064 op, 359.00 ns, 0.0000 ns/op
OverheadActual  10: 14680064 op, 352.00 ns, 0.0000 ns/op
OverheadActual  11: 14680064 op, 339.00 ns, 0.0000 ns/op
OverheadActual  12: 14680064 op, 352.00 ns, 0.0000 ns/op
OverheadActual  13: 14680064 op, 377.00 ns, 0.0000 ns/op
OverheadActual  14: 14680064 op, 397.00 ns, 0.0000 ns/op
OverheadActual  15: 14680064 op, 392.00 ns, 0.0000 ns/op
OverheadActual  16: 14680064 op, 386.00 ns, 0.0000 ns/op
OverheadActual  17: 14680064 op, 374.00 ns, 0.0000 ns/op
OverheadActual  18: 14680064 op, 522.00 ns, 0.0000 ns/op
OverheadActual  19: 14680064 op, 415.00 ns, 0.0000 ns/op
OverheadActual  20: 14680064 op, 400.00 ns, 0.0000 ns/op

WorkloadWarmup   1: 14680064 op, 256960002.00 ns, 17.5040 ns/op
WorkloadWarmup   2: 14680064 op, 256693879.00 ns, 17.4859 ns/op
WorkloadWarmup   3: 14680064 op, 256557269.00 ns, 17.4766 ns/op
WorkloadWarmup   4: 14680064 op, 256608992.00 ns, 17.4801 ns/op
WorkloadWarmup   5: 14680064 op, 256879422.00 ns, 17.4985 ns/op
WorkloadWarmup   6: 14680064 op, 256747716.00 ns, 17.4896 ns/op
WorkloadWarmup   7: 14680064 op, 297468023.00 ns, 20.2634 ns/op
WorkloadWarmup   8: 14680064 op, 256664056.00 ns, 17.4839 ns/op
WorkloadWarmup   9: 14680064 op, 256586174.00 ns, 17.4785 ns/op
WorkloadWarmup  10: 14680064 op, 257139118.00 ns, 17.5162 ns/op
WorkloadWarmup  11: 14680064 op, 256675237.00 ns, 17.4846 ns/op
WorkloadWarmup  12: 14680064 op, 256508264.00 ns, 17.4732 ns/op
WorkloadWarmup  13: 14680064 op, 256489762.00 ns, 17.4720 ns/op
WorkloadWarmup  14: 14680064 op, 256534550.00 ns, 17.4750 ns/op
WorkloadWarmup  15: 14680064 op, 263444220.00 ns, 17.9457 ns/op
WorkloadWarmup  16: 14680064 op, 256490116.00 ns, 17.4720 ns/op

// BeforeActualRun
WorkloadActual   1: 14680064 op, 256963837.00 ns, 17.5043 ns/op
WorkloadActual   2: 14680064 op, 256539552.00 ns, 17.4754 ns/op
WorkloadActual   3: 14680064 op, 256284020.00 ns, 17.4580 ns/op
WorkloadActual   4: 14680064 op, 256393696.00 ns, 17.4654 ns/op
WorkloadActual   5: 14680064 op, 256811675.00 ns, 17.4939 ns/op
WorkloadActual   6: 14680064 op, 256611630.00 ns, 17.4803 ns/op
WorkloadActual   7: 14680064 op, 256557428.00 ns, 17.4766 ns/op
WorkloadActual   8: 14680064 op, 273067388.00 ns, 18.6012 ns/op
WorkloadActual   9: 14680064 op, 256552543.00 ns, 17.4763 ns/op
WorkloadActual  10: 14680064 op, 256646931.00 ns, 17.4827 ns/op
WorkloadActual  11: 14680064 op, 256602897.00 ns, 17.4797 ns/op
WorkloadActual  12: 14680064 op, 256305759.00 ns, 17.4594 ns/op

// AfterActualRun
WorkloadResult   1: 14680064 op, 256963448.00 ns, 17.5042 ns/op
WorkloadResult   2: 14680064 op, 256539163.00 ns, 17.4753 ns/op
WorkloadResult   3: 14680064 op, 256283631.00 ns, 17.4579 ns/op
WorkloadResult   4: 14680064 op, 256393307.00 ns, 17.4654 ns/op
WorkloadResult   5: 14680064 op, 256811286.00 ns, 17.4939 ns/op
WorkloadResult   6: 14680064 op, 256611241.00 ns, 17.4803 ns/op
WorkloadResult   7: 14680064 op, 256557039.00 ns, 17.4766 ns/op
WorkloadResult   8: 14680064 op, 256552154.00 ns, 17.4762 ns/op
WorkloadResult   9: 14680064 op, 256646542.00 ns, 17.4827 ns/op
WorkloadResult  10: 14680064 op, 256602508.00 ns, 17.4797 ns/op
WorkloadResult  11: 14680064 op, 256305370.00 ns, 17.4594 ns/op
// GC:  0 0 0 0 14680064
// Threading:  0 0 14680064

// AfterAll
// Benchmark Process 508 has exited with code 0.

Mean = 17.477 ns, StdErr = 0.004 ns (0.02%), N = 11, StdDev = 0.014 ns
Min = 17.458 ns, Q1 = 17.470 ns, Median = 17.477 ns, Q3 = 17.481 ns, Max = 17.504 ns
IQR = 0.011 ns, LowerFence = 17.454 ns, UpperFence = 17.498 ns
ConfidenceInterval = [17.458 ns; 17.496 ns] (CI 99.9%), Margin = 0.019 ns (0.11% of Mean)
Skewness = 0.32, Kurtosis = 2.2, MValue = 2

// ** Remained 17 (31.5 %) benchmark(s) to run. Estimated finish 2026-09-09 10:22 (0h 3m from now) **
// **************************
// Benchmark: ConsumerBenchmarks<EffectConsumer>.CompiledSingle: JitCore4(IterationCount=12, IterationTime=250ms, WarmupCount=16) [Pattern=Sequential]
// *** Execute ***
// Launch: 1 / 1
// Execute: dotnet ConsumerFusion-JitCore4-1.dll --anonymousPipes 120 121 --benchmarkName "Tl.ConsumerFusion.ConsumerBenchmarks<EffectConsumer>.CompiledSingle(Pattern: Sequential)" --job JitCore4 --benchmarkId 37 in /home/i/Work/tl-consumer-fusion/benchmarks/ConsumerFusion/bin/Release/net10.0/ConsumerFusion-JitCore4-1/bin/Release/net10.0
// Failed to set up high priority (Permission denied). In order to run benchmarks with high priority, make sure you have the right permissions.
// BeforeAnythingElse

// Benchmark Process Environment Information:
// BenchmarkDotNet v0.15.8
// Runtime=.NET 10.0.11 (10.0.11, 10.0.1126.37416), X64 RyuJIT x86-64-v3
// GC=Concurrent Workstation
// HardwareIntrinsics=AVX2+BMI1+BMI2+F16C+FMA+LZCNT+MOVBE,AVX,SSE3+SSSE3+SSE4.1+SSE4.2+POPCNT,X86Base+SSE+SSE2,AES+PCLMUL,AvxVnni,SERIALIZE VectorSize=256
// Job: JitCore4(IterationCount=12, IterationTime=250ms, WarmupCount=16)

Generated source SHA-256: 7bdbf05933e474d7a938b65943dea9904c38e119da36a57eeee6037572f9e30f
Consumer source SHA-256: b6d3bebc1792904814ea060ef98da24a1bb83a7902917f967347d44ba9cc4197
EffectConsumer/Sequential: ConsumerReceipt { Playback = Playback { Tick = 65535, Cycles = 109, Flags = Started }, SumBits = 1226792028, TrackOffsets = 364309, Enters = 1754, Stays = 127629, Exits = 1754, Callbacks = 131137, Audit = 7852118346027279191 }
Preparation receipt: 5314463065296
OverheadJitting  1: 65536 op, 100497.00 ns, 1.5335 ns/op
WorkloadJitting  1: 65536 op, 1250803.00 ns, 19.0857 ns/op

OverheadJitting  2: 1048576 op, 127866.00 ns, 0.1219 ns/op
WorkloadJitting  2: 1048576 op, 18960481.00 ns, 18.0821 ns/op

WorkloadPilot    1: 1048576 op, 18789438.00 ns, 17.9190 ns/op
WorkloadPilot    2: 14680064 op, 262990527.00 ns, 17.9148 ns/op

OverheadWarmup   1: 14680064 op, 692.00 ns, 0.0000 ns/op
OverheadWarmup   2: 14680064 op, 509.00 ns, 0.0000 ns/op
OverheadWarmup   3: 14680064 op, 373.00 ns, 0.0000 ns/op
OverheadWarmup   4: 14680064 op, 373.00 ns, 0.0000 ns/op
OverheadWarmup   5: 14680064 op, 390.00 ns, 0.0000 ns/op
OverheadWarmup   6: 14680064 op, 408.00 ns, 0.0000 ns/op
OverheadWarmup   7: 14680064 op, 388.00 ns, 0.0000 ns/op
OverheadWarmup   8: 14680064 op, 390.00 ns, 0.0000 ns/op

OverheadActual   1: 14680064 op, 755.00 ns, 0.0001 ns/op
OverheadActual   2: 14680064 op, 607.00 ns, 0.0000 ns/op
OverheadActual   3: 14680064 op, 628.00 ns, 0.0000 ns/op
OverheadActual   4: 14680064 op, 496.00 ns, 0.0000 ns/op
OverheadActual   5: 14680064 op, 556.00 ns, 0.0000 ns/op
OverheadActual   6: 14680064 op, 385.00 ns, 0.0000 ns/op
OverheadActual   7: 14680064 op, 389.00 ns, 0.0000 ns/op
OverheadActual   8: 14680064 op, 392.00 ns, 0.0000 ns/op
OverheadActual   9: 14680064 op, 382.00 ns, 0.0000 ns/op
OverheadActual  10: 14680064 op, 371.00 ns, 0.0000 ns/op
OverheadActual  11: 14680064 op, 408.00 ns, 0.0000 ns/op
OverheadActual  12: 14680064 op, 416.00 ns, 0.0000 ns/op
OverheadActual  13: 14680064 op, 414.00 ns, 0.0000 ns/op
OverheadActual  14: 14680064 op, 384.00 ns, 0.0000 ns/op
OverheadActual  15: 14680064 op, 403.00 ns, 0.0000 ns/op
OverheadActual  16: 14680064 op, 393.00 ns, 0.0000 ns/op
OverheadActual  17: 14680064 op, 395.00 ns, 0.0000 ns/op
OverheadActual  18: 14680064 op, 541.00 ns, 0.0000 ns/op
OverheadActual  19: 14680064 op, 432.00 ns, 0.0000 ns/op
OverheadActual  20: 14680064 op, 388.00 ns, 0.0000 ns/op

WorkloadWarmup   1: 14680064 op, 262951135.00 ns, 17.9121 ns/op
WorkloadWarmup   2: 14680064 op, 262718353.00 ns, 17.8963 ns/op
WorkloadWarmup   3: 14680064 op, 262861906.00 ns, 17.9060 ns/op
WorkloadWarmup   4: 14680064 op, 262516788.00 ns, 17.8825 ns/op
WorkloadWarmup   5: 14680064 op, 262922044.00 ns, 17.9101 ns/op
WorkloadWarmup   6: 14680064 op, 262731182.00 ns, 17.8971 ns/op
WorkloadWarmup   7: 14680064 op, 302876759.00 ns, 20.6318 ns/op
WorkloadWarmup   8: 14680064 op, 262646671.00 ns, 17.8914 ns/op
WorkloadWarmup   9: 14680064 op, 262825444.00 ns, 17.9036 ns/op
WorkloadWarmup  10: 14680064 op, 262692988.00 ns, 17.8945 ns/op
WorkloadWarmup  11: 14680064 op, 262740174.00 ns, 17.8978 ns/op
WorkloadWarmup  12: 14680064 op, 262752034.00 ns, 17.8986 ns/op
WorkloadWarmup  13: 14680064 op, 262887379.00 ns, 17.9078 ns/op
WorkloadWarmup  14: 14680064 op, 262403597.00 ns, 17.8748 ns/op
WorkloadWarmup  15: 14680064 op, 269533722.00 ns, 18.3605 ns/op
WorkloadWarmup  16: 14680064 op, 262936144.00 ns, 17.9111 ns/op

// BeforeActualRun
WorkloadActual   1: 14680064 op, 263128790.00 ns, 17.9242 ns/op
WorkloadActual   2: 14680064 op, 262900342.00 ns, 17.9087 ns/op
WorkloadActual   3: 14680064 op, 262653604.00 ns, 17.8919 ns/op
WorkloadActual   4: 14680064 op, 262366481.00 ns, 17.8723 ns/op
WorkloadActual   5: 14680064 op, 262474137.00 ns, 17.8796 ns/op
WorkloadActual   6: 14680064 op, 262753955.00 ns, 17.8987 ns/op
WorkloadActual   7: 14680064 op, 262740989.00 ns, 17.8978 ns/op
WorkloadActual   8: 14680064 op, 278810846.00 ns, 18.9925 ns/op
WorkloadActual   9: 14680064 op, 262443877.00 ns, 17.8776 ns/op
WorkloadActual  10: 14680064 op, 262963415.00 ns, 17.9130 ns/op
WorkloadActual  11: 14680064 op, 262723633.00 ns, 17.8966 ns/op
WorkloadActual  12: 14680064 op, 262835932.00 ns, 17.9043 ns/op

// AfterActualRun
WorkloadResult   1: 14680064 op, 263128384.50 ns, 17.9242 ns/op
WorkloadResult   2: 14680064 op, 262899936.50 ns, 17.9086 ns/op
WorkloadResult   3: 14680064 op, 262653198.50 ns, 17.8918 ns/op
WorkloadResult   4: 14680064 op, 262366075.50 ns, 17.8723 ns/op
WorkloadResult   5: 14680064 op, 262473731.50 ns, 17.8796 ns/op
WorkloadResult   6: 14680064 op, 262753549.50 ns, 17.8987 ns/op
WorkloadResult   7: 14680064 op, 262740583.50 ns, 17.8978 ns/op
WorkloadResult   8: 14680064 op, 262443471.50 ns, 17.8775 ns/op
WorkloadResult   9: 14680064 op, 262963009.50 ns, 17.9129 ns/op
WorkloadResult  10: 14680064 op, 262723227.50 ns, 17.8966 ns/op
WorkloadResult  11: 14680064 op, 262835526.50 ns, 17.9042 ns/op
// GC:  0 0 0 0 14680064
// Threading:  0 0 14680064

// AfterAll
// Benchmark Process 517 has exited with code 0.

Mean = 17.897 ns, StdErr = 0.005 ns (0.03%), N = 11, StdDev = 0.016 ns
Min = 17.872 ns, Q1 = 17.886 ns, Median = 17.898 ns, Q3 = 17.906 ns, Max = 17.924 ns
IQR = 0.021 ns, LowerFence = 17.855 ns, UpperFence = 17.938 ns
ConfidenceInterval = [17.875 ns; 17.919 ns] (CI 99.9%), Margin = 0.022 ns (0.12% of Mean)
Skewness = 0, Kurtosis = 1.8, MValue = 2

// ** Remained 16 (29.6 %) benchmark(s) to run. Estimated finish 2026-09-09 10:22 (0h 3m from now) **
// **************************
// Benchmark: ConsumerBenchmarks<EffectConsumer>.FusedSingle: JitCore4(IterationCount=12, IterationTime=250ms, WarmupCount=16) [Pattern=Sequential]
// *** Execute ***
// Launch: 1 / 1
// Execute: dotnet ConsumerFusion-JitCore4-1.dll --anonymousPipes 120 121 --benchmarkName "Tl.ConsumerFusion.ConsumerBenchmarks<EffectConsumer>.FusedSingle(Pattern: Sequential)" --job JitCore4 --benchmarkId 38 in /home/i/Work/tl-consumer-fusion/benchmarks/ConsumerFusion/bin/Release/net10.0/ConsumerFusion-JitCore4-1/bin/Release/net10.0
// Failed to set up high priority (Permission denied). In order to run benchmarks with high priority, make sure you have the right permissions.
// BeforeAnythingElse

// Benchmark Process Environment Information:
// BenchmarkDotNet v0.15.8
// Runtime=.NET 10.0.11 (10.0.11, 10.0.1126.37416), X64 RyuJIT x86-64-v3
// GC=Concurrent Workstation
// HardwareIntrinsics=AVX2+BMI1+BMI2+F16C+FMA+LZCNT+MOVBE,AVX,SSE3+SSSE3+SSE4.1+SSE4.2+POPCNT,X86Base+SSE+SSE2,AES+PCLMUL,AvxVnni,SERIALIZE VectorSize=256
// Job: JitCore4(IterationCount=12, IterationTime=250ms, WarmupCount=16)

Generated source SHA-256: 7bdbf05933e474d7a938b65943dea9904c38e119da36a57eeee6037572f9e30f
Consumer source SHA-256: b6d3bebc1792904814ea060ef98da24a1bb83a7902917f967347d44ba9cc4197
EffectConsumer/Sequential: ConsumerReceipt { Playback = Playback { Tick = 65535, Cycles = 109, Flags = Started }, SumBits = 1226792028, TrackOffsets = 364309, Enters = 1754, Stays = 127629, Exits = 1754, Callbacks = 131137, Audit = 7852118346027279191 }
Preparation receipt: 5336545321800
OverheadJitting  1: 65536 op, 105469.00 ns, 1.6093 ns/op
WorkloadJitting  1: 65536 op, 455672.00 ns, 6.9530 ns/op

OverheadJitting  2: 1048576 op, 133354.00 ns, 0.1272 ns/op
WorkloadJitting  2: 1048576 op, 5546869.00 ns, 5.2899 ns/op

WorkloadPilot    1: 1048576 op, 5423308.00 ns, 5.1721 ns/op
WorkloadPilot    2: 49283072 op, 254620703.00 ns, 5.1665 ns/op

OverheadWarmup   1: 49283072 op, 1423.00 ns, 0.0000 ns/op
OverheadWarmup   2: 49283072 op, 1183.00 ns, 0.0000 ns/op
OverheadWarmup   3: 49283072 op, 1137.00 ns, 0.0000 ns/op
OverheadWarmup   4: 49283072 op, 1151.00 ns, 0.0000 ns/op
OverheadWarmup   5: 49283072 op, 1158.00 ns, 0.0000 ns/op
OverheadWarmup   6: 49283072 op, 1172.00 ns, 0.0000 ns/op
OverheadWarmup   7: 49283072 op, 1170.00 ns, 0.0000 ns/op
OverheadWarmup   8: 49283072 op, 1174.00 ns, 0.0000 ns/op
OverheadWarmup   9: 49283072 op, 1173.00 ns, 0.0000 ns/op

OverheadActual   1: 49283072 op, 1413.00 ns, 0.0000 ns/op
OverheadActual   2: 49283072 op, 1383.00 ns, 0.0000 ns/op
OverheadActual   3: 49283072 op, 1366.00 ns, 0.0000 ns/op
OverheadActual   4: 49283072 op, 1194.00 ns, 0.0000 ns/op
OverheadActual   5: 49283072 op, 1323.00 ns, 0.0000 ns/op
OverheadActual   6: 49283072 op, 1186.00 ns, 0.0000 ns/op
OverheadActual   7: 49283072 op, 1152.00 ns, 0.0000 ns/op
OverheadActual   8: 49283072 op, 1148.00 ns, 0.0000 ns/op
OverheadActual   9: 49283072 op, 1141.00 ns, 0.0000 ns/op
OverheadActual  10: 49283072 op, 1151.00 ns, 0.0000 ns/op
OverheadActual  11: 49283072 op, 1166.00 ns, 0.0000 ns/op
OverheadActual  12: 49283072 op, 1181.00 ns, 0.0000 ns/op
OverheadActual  13: 49283072 op, 1160.00 ns, 0.0000 ns/op
OverheadActual  14: 49283072 op, 1158.00 ns, 0.0000 ns/op
OverheadActual  15: 49283072 op, 1171.00 ns, 0.0000 ns/op
OverheadActual  16: 49283072 op, 1183.00 ns, 0.0000 ns/op
OverheadActual  17: 49283072 op, 1169.00 ns, 0.0000 ns/op

WorkloadWarmup   1: 49283072 op, 254803215.00 ns, 5.1702 ns/op
WorkloadWarmup   2: 49283072 op, 254485950.00 ns, 5.1638 ns/op
WorkloadWarmup   3: 49283072 op, 254434716.00 ns, 5.1627 ns/op
WorkloadWarmup   4: 49283072 op, 254674268.00 ns, 5.1676 ns/op
WorkloadWarmup   5: 49283072 op, 254469398.00 ns, 5.1634 ns/op
WorkloadWarmup   6: 49283072 op, 255624995.00 ns, 5.1869 ns/op
WorkloadWarmup   7: 49283072 op, 295207112.00 ns, 5.9900 ns/op
WorkloadWarmup   8: 49283072 op, 256075301.00 ns, 5.1960 ns/op
WorkloadWarmup   9: 49283072 op, 255552342.00 ns, 5.1854 ns/op
WorkloadWarmup  10: 49283072 op, 255473896.00 ns, 5.1838 ns/op
WorkloadWarmup  11: 49283072 op, 255483972.00 ns, 5.1840 ns/op
WorkloadWarmup  12: 49283072 op, 254677657.00 ns, 5.1676 ns/op
WorkloadWarmup  13: 49283072 op, 254936656.00 ns, 5.1729 ns/op
WorkloadWarmup  14: 49283072 op, 254549451.00 ns, 5.1650 ns/op
WorkloadWarmup  15: 49283072 op, 261795980.00 ns, 5.3121 ns/op
WorkloadWarmup  16: 49283072 op, 254609525.00 ns, 5.1663 ns/op

// BeforeActualRun
WorkloadActual   1: 49283072 op, 254440733.00 ns, 5.1628 ns/op
WorkloadActual   2: 49283072 op, 254148421.00 ns, 5.1569 ns/op
WorkloadActual   3: 49283072 op, 254263389.00 ns, 5.1592 ns/op
WorkloadActual   4: 49283072 op, 254278193.00 ns, 5.1595 ns/op
WorkloadActual   5: 49283072 op, 254111083.00 ns, 5.1562 ns/op
WorkloadActual   6: 49283072 op, 254121793.00 ns, 5.1564 ns/op
WorkloadActual   7: 49283072 op, 254219490.00 ns, 5.1584 ns/op
WorkloadActual   8: 49283072 op, 270208198.00 ns, 5.4828 ns/op
WorkloadActual   9: 49283072 op, 254847732.00 ns, 5.1711 ns/op
WorkloadActual  10: 49283072 op, 255099709.00 ns, 5.1762 ns/op
WorkloadActual  11: 49283072 op, 254479738.00 ns, 5.1636 ns/op
WorkloadActual  12: 49283072 op, 254496916.00 ns, 5.1640 ns/op

// AfterActualRun
WorkloadResult   1: 49283072 op, 254439562.00 ns, 5.1628 ns/op
WorkloadResult   2: 49283072 op, 254147250.00 ns, 5.1569 ns/op
WorkloadResult   3: 49283072 op, 254262218.00 ns, 5.1592 ns/op
WorkloadResult   4: 49283072 op, 254277022.00 ns, 5.1595 ns/op
WorkloadResult   5: 49283072 op, 254109912.00 ns, 5.1561 ns/op
WorkloadResult   6: 49283072 op, 254120622.00 ns, 5.1563 ns/op
WorkloadResult   7: 49283072 op, 254218319.00 ns, 5.1583 ns/op
WorkloadResult   8: 49283072 op, 254846561.00 ns, 5.1711 ns/op
WorkloadResult   9: 49283072 op, 255098538.00 ns, 5.1762 ns/op
WorkloadResult  10: 49283072 op, 254478567.00 ns, 5.1636 ns/op
WorkloadResult  11: 49283072 op, 254495745.00 ns, 5.1640 ns/op
// GC:  0 0 0 0 49283072
// Threading:  0 0 49283072

// AfterAll
// Benchmark Process 526 has exited with code 0.

Mean = 5.162 ns, StdErr = 0.002 ns (0.04%), N = 11, StdDev = 0.006 ns
Min = 5.156 ns, Q1 = 5.158 ns, Median = 5.160 ns, Q3 = 5.164 ns, Max = 5.176 ns
IQR = 0.006 ns, LowerFence = 5.148 ns, UpperFence = 5.173 ns
ConfidenceInterval = [5.153 ns; 5.171 ns] (CI 99.9%), Margin = 0.009 ns (0.17% of Mean)
Skewness = 0.96, Kurtosis = 2.61, MValue = 2

// ** Remained 15 (27.8 %) benchmark(s) to run. Estimated finish 2026-09-09 10:22 (0h 3m from now) **
// **************************
// Benchmark: ConsumerBenchmarks<EffectConsumer>.InterpreterBatch8: JitCore4(IterationCount=12, IterationTime=250ms, WarmupCount=16) [Pattern=Sequential]
// *** Execute ***
// Launch: 1 / 1
// Execute: dotnet ConsumerFusion-JitCore4-1.dll --anonymousPipes 120 121 --benchmarkName "Tl.ConsumerFusion.ConsumerBenchmarks<EffectConsumer>.InterpreterBatch8(Pattern: Sequential)" --job JitCore4 --benchmarkId 39 in /home/i/Work/tl-consumer-fusion/benchmarks/ConsumerFusion/bin/Release/net10.0/ConsumerFusion-JitCore4-1/bin/Release/net10.0
// Failed to set up high priority (Permission denied). In order to run benchmarks with high priority, make sure you have the right permissions.
// BeforeAnythingElse

// Benchmark Process Environment Information:
// BenchmarkDotNet v0.15.8
// Runtime=.NET 10.0.11 (10.0.11, 10.0.1126.37416), X64 RyuJIT x86-64-v3
// GC=Concurrent Workstation
// HardwareIntrinsics=AVX2+BMI1+BMI2+F16C+FMA+LZCNT+MOVBE,AVX,SSE3+SSSE3+SSE4.1+SSE4.2+POPCNT,X86Base+SSE+SSE2,AES+PCLMUL,AvxVnni,SERIALIZE VectorSize=256
// Job: JitCore4(IterationCount=12, IterationTime=250ms, WarmupCount=16)

Generated source SHA-256: 7bdbf05933e474d7a938b65943dea9904c38e119da36a57eeee6037572f9e30f
Consumer source SHA-256: b6d3bebc1792904814ea060ef98da24a1bb83a7902917f967347d44ba9cc4197
EffectConsumer/Sequential: ConsumerReceipt { Playback = Playback { Tick = 65535, Cycles = 109, Flags = Started }, SumBits = 1226792028, TrackOffsets = 364309, Enters = 1754, Stays = 127629, Exits = 1754, Callbacks = 131137, Audit = 7852118346027279191 }
Preparation receipt: 5167248021936
OverheadJitting  1: 65536 op, 99010.00 ns, 1.5108 ns/op
WorkloadJitting  1: 65536 op, 1023285.00 ns, 15.6141 ns/op

OverheadJitting  2: 1048576 op, 117049.00 ns, 0.1116 ns/op
WorkloadJitting  2: 1048576 op, 14040135.00 ns, 13.3897 ns/op

WorkloadPilot    1: 1048576 op, 13946468.00 ns, 13.3004 ns/op
WorkloadPilot    2: 18874368 op, 251354967.00 ns, 13.3173 ns/op

OverheadWarmup   1: 18874368 op, 627.00 ns, 0.0000 ns/op
OverheadWarmup   2: 18874368 op, 434.00 ns, 0.0000 ns/op
OverheadWarmup   3: 18874368 op, 453.00 ns, 0.0000 ns/op
OverheadWarmup   4: 18874368 op, 426.00 ns, 0.0000 ns/op
OverheadWarmup   5: 18874368 op, 547.00 ns, 0.0000 ns/op
OverheadWarmup   6: 18874368 op, 491.00 ns, 0.0000 ns/op

OverheadActual   1: 18874368 op, 665.00 ns, 0.0000 ns/op
OverheadActual   2: 18874368 op, 701.00 ns, 0.0000 ns/op
OverheadActual   3: 18874368 op, 652.00 ns, 0.0000 ns/op
OverheadActual   4: 18874368 op, 573.00 ns, 0.0000 ns/op
OverheadActual   5: 18874368 op, 643.00 ns, 0.0000 ns/op
OverheadActual   6: 18874368 op, 438.00 ns, 0.0000 ns/op
OverheadActual   7: 18874368 op, 444.00 ns, 0.0000 ns/op
OverheadActual   8: 18874368 op, 425.00 ns, 0.0000 ns/op
OverheadActual   9: 18874368 op, 433.00 ns, 0.0000 ns/op
OverheadActual  10: 18874368 op, 463.00 ns, 0.0000 ns/op
OverheadActual  11: 18874368 op, 454.00 ns, 0.0000 ns/op
OverheadActual  12: 18874368 op, 465.00 ns, 0.0000 ns/op
OverheadActual  13: 18874368 op, 465.00 ns, 0.0000 ns/op
OverheadActual  14: 18874368 op, 449.00 ns, 0.0000 ns/op
OverheadActual  15: 18874368 op, 470.00 ns, 0.0000 ns/op
OverheadActual  16: 18874368 op, 465.00 ns, 0.0000 ns/op
OverheadActual  17: 18874368 op, 460.00 ns, 0.0000 ns/op
OverheadActual  18: 18874368 op, 634.00 ns, 0.0000 ns/op
OverheadActual  19: 18874368 op, 502.00 ns, 0.0000 ns/op
OverheadActual  20: 18874368 op, 472.00 ns, 0.0000 ns/op

WorkloadWarmup   1: 18874368 op, 252273495.00 ns, 13.3659 ns/op
WorkloadWarmup   2: 18874368 op, 251291254.00 ns, 13.3139 ns/op
WorkloadWarmup   3: 18874368 op, 250467194.00 ns, 13.2702 ns/op
WorkloadWarmup   4: 18874368 op, 249813485.00 ns, 13.2356 ns/op
WorkloadWarmup   5: 18874368 op, 250259589.00 ns, 13.2592 ns/op
WorkloadWarmup   6: 18874368 op, 250505293.00 ns, 13.2722 ns/op
WorkloadWarmup   7: 18874368 op, 287255989.00 ns, 15.2194 ns/op
WorkloadWarmup   8: 18874368 op, 250468538.00 ns, 13.2703 ns/op
WorkloadWarmup   9: 18874368 op, 250027642.00 ns, 13.2469 ns/op
WorkloadWarmup  10: 18874368 op, 251111319.00 ns, 13.3044 ns/op
WorkloadWarmup  11: 18874368 op, 250651647.00 ns, 13.2800 ns/op
WorkloadWarmup  12: 18874368 op, 250703031.00 ns, 13.2827 ns/op
WorkloadWarmup  13: 18874368 op, 250053654.00 ns, 13.2483 ns/op
WorkloadWarmup  14: 18874368 op, 251678573.00 ns, 13.3344 ns/op
WorkloadWarmup  15: 18874368 op, 252796742.00 ns, 13.3937 ns/op
WorkloadWarmup  16: 18874368 op, 258730660.00 ns, 13.7080 ns/op

// BeforeActualRun
WorkloadActual   1: 18874368 op, 250910401.00 ns, 13.2937 ns/op
WorkloadActual   2: 18874368 op, 251230499.00 ns, 13.3107 ns/op
WorkloadActual   3: 18874368 op, 251022339.00 ns, 13.2996 ns/op
WorkloadActual   4: 18874368 op, 250604573.00 ns, 13.2775 ns/op
WorkloadActual   5: 18874368 op, 249710122.00 ns, 13.2301 ns/op
WorkloadActual   6: 18874368 op, 250812993.00 ns, 13.2886 ns/op
WorkloadActual   7: 18874368 op, 250827547.00 ns, 13.2893 ns/op
WorkloadActual   8: 18874368 op, 251309637.00 ns, 13.3149 ns/op
WorkloadActual   9: 18874368 op, 263681740.00 ns, 13.9704 ns/op
WorkloadActual  10: 18874368 op, 250870328.00 ns, 13.2916 ns/op
WorkloadActual  11: 18874368 op, 250161127.00 ns, 13.2540 ns/op
WorkloadActual  12: 18874368 op, 251572118.00 ns, 13.3288 ns/op

// AfterActualRun
WorkloadResult   1: 18874368 op, 250909936.00 ns, 13.2937 ns/op
WorkloadResult   2: 18874368 op, 251230034.00 ns, 13.3106 ns/op
WorkloadResult   3: 18874368 op, 251021874.00 ns, 13.2996 ns/op
WorkloadResult   4: 18874368 op, 250604108.00 ns, 13.2775 ns/op
WorkloadResult   5: 18874368 op, 249709657.00 ns, 13.2301 ns/op
WorkloadResult   6: 18874368 op, 250812528.00 ns, 13.2885 ns/op
WorkloadResult   7: 18874368 op, 250827082.00 ns, 13.2893 ns/op
WorkloadResult   8: 18874368 op, 251309172.00 ns, 13.3148 ns/op
WorkloadResult   9: 18874368 op, 250869863.00 ns, 13.2916 ns/op
WorkloadResult  10: 18874368 op, 250160662.00 ns, 13.2540 ns/op
WorkloadResult  11: 18874368 op, 251571653.00 ns, 13.3287 ns/op
// GC:  0 0 0 0 18874368
// Threading:  0 0 18874368

// AfterAll
// Benchmark Process 535 has exited with code 0.

Mean = 13.289 ns, StdErr = 0.008 ns (0.06%), N = 11, StdDev = 0.028 ns
Min = 13.230 ns, Q1 = 13.283 ns, Median = 13.292 ns, Q3 = 13.305 ns, Max = 13.329 ns
IQR = 0.022 ns, LowerFence = 13.250 ns, UpperFence = 13.338 ns
ConfidenceInterval = [13.251 ns; 13.327 ns] (CI 99.9%), Margin = 0.038 ns (0.29% of Mean)
Skewness = -0.67, Kurtosis = 2.57, MValue = 2

// ** Remained 14 (25.9 %) benchmark(s) to run. Estimated finish 2026-09-09 10:22 (0h 3m from now) **
// **************************
// Benchmark: ConsumerBenchmarks<EffectConsumer>.CompiledBatch8: JitCore4(IterationCount=12, IterationTime=250ms, WarmupCount=16) [Pattern=Sequential]
// *** Execute ***
// Launch: 1 / 1
// Execute: dotnet ConsumerFusion-JitCore4-1.dll --anonymousPipes 120 121 --benchmarkName "Tl.ConsumerFusion.ConsumerBenchmarks<EffectConsumer>.CompiledBatch8(Pattern: Sequential)" --job JitCore4 --benchmarkId 40 in /home/i/Work/tl-consumer-fusion/benchmarks/ConsumerFusion/bin/Release/net10.0/ConsumerFusion-JitCore4-1/bin/Release/net10.0
// Failed to set up high priority (Permission denied). In order to run benchmarks with high priority, make sure you have the right permissions.
// BeforeAnythingElse

// Benchmark Process Environment Information:
// BenchmarkDotNet v0.15.8
// Runtime=.NET 10.0.11 (10.0.11, 10.0.1126.37416), X64 RyuJIT x86-64-v3
// GC=Concurrent Workstation
// HardwareIntrinsics=AVX2+BMI1+BMI2+F16C+FMA+LZCNT+MOVBE,AVX,SSE3+SSSE3+SSE4.1+SSE4.2+POPCNT,X86Base+SSE+SSE2,AES+PCLMUL,AvxVnni,SERIALIZE VectorSize=256
// Job: JitCore4(IterationCount=12, IterationTime=250ms, WarmupCount=16)

Generated source SHA-256: 7bdbf05933e474d7a938b65943dea9904c38e119da36a57eeee6037572f9e30f
Consumer source SHA-256: b6d3bebc1792904814ea060ef98da24a1bb83a7902917f967347d44ba9cc4197
EffectConsumer/Sequential: ConsumerReceipt { Playback = Playback { Tick = 65535, Cycles = 109, Flags = Started }, SumBits = 1226792028, TrackOffsets = 364309, Enters = 1754, Stays = 127629, Exits = 1754, Callbacks = 131137, Audit = 7852118346027279191 }
Preparation receipt: 5248216295784
OverheadJitting  1: 65536 op, 108895.00 ns, 1.6616 ns/op
WorkloadJitting  1: 65536 op, 923861.00 ns, 14.0970 ns/op

OverheadJitting  2: 1048576 op, 133660.00 ns, 0.1275 ns/op
WorkloadJitting  2: 1048576 op, 12805140.00 ns, 12.2119 ns/op

WorkloadPilot    1: 1048576 op, 12604357.00 ns, 12.0205 ns/op
WorkloadPilot    2: 20971520 op, 252223724.00 ns, 12.0270 ns/op

OverheadWarmup   1: 20971520 op, 793.00 ns, 0.0000 ns/op
OverheadWarmup   2: 20971520 op, 558.00 ns, 0.0000 ns/op
OverheadWarmup   3: 20971520 op, 531.00 ns, 0.0000 ns/op
OverheadWarmup   4: 20971520 op, 522.00 ns, 0.0000 ns/op
OverheadWarmup   5: 20971520 op, 555.00 ns, 0.0000 ns/op
OverheadWarmup   6: 20971520 op, 537.00 ns, 0.0000 ns/op
OverheadWarmup   7: 20971520 op, 552.00 ns, 0.0000 ns/op
OverheadWarmup   8: 20971520 op, 541.00 ns, 0.0000 ns/op

OverheadActual   1: 20971520 op, 766.00 ns, 0.0000 ns/op
OverheadActual   2: 20971520 op, 735.00 ns, 0.0000 ns/op
OverheadActual   3: 20971520 op, 729.00 ns, 0.0000 ns/op
OverheadActual   4: 20971520 op, 536.00 ns, 0.0000 ns/op
OverheadActual   5: 20971520 op, 711.00 ns, 0.0000 ns/op
OverheadActual   6: 20971520 op, 514.00 ns, 0.0000 ns/op
OverheadActual   7: 20971520 op, 518.00 ns, 0.0000 ns/op
OverheadActual   8: 20971520 op, 519.00 ns, 0.0000 ns/op
OverheadActual   9: 20971520 op, 519.00 ns, 0.0000 ns/op
OverheadActual  10: 20971520 op, 535.00 ns, 0.0000 ns/op
OverheadActual  11: 20971520 op, 540.00 ns, 0.0000 ns/op
OverheadActual  12: 20971520 op, 545.00 ns, 0.0000 ns/op
OverheadActual  13: 20971520 op, 545.00 ns, 0.0000 ns/op
OverheadActual  14: 20971520 op, 517.00 ns, 0.0000 ns/op
OverheadActual  15: 20971520 op, 542.00 ns, 0.0000 ns/op
OverheadActual  16: 20971520 op, 535.00 ns, 0.0000 ns/op
OverheadActual  17: 20971520 op, 533.00 ns, 0.0000 ns/op

WorkloadWarmup   1: 20971520 op, 252359877.00 ns, 12.0335 ns/op
WorkloadWarmup   2: 20971520 op, 252094570.00 ns, 12.0208 ns/op
WorkloadWarmup   3: 20971520 op, 252801447.00 ns, 12.0545 ns/op
WorkloadWarmup   4: 20971520 op, 252178358.00 ns, 12.0248 ns/op
WorkloadWarmup   5: 20971520 op, 251860419.00 ns, 12.0096 ns/op
WorkloadWarmup   6: 20971520 op, 252246518.00 ns, 12.0281 ns/op
WorkloadWarmup   7: 20971520 op, 287381221.00 ns, 13.7034 ns/op
WorkloadWarmup   8: 20971520 op, 252984314.00 ns, 12.0632 ns/op
WorkloadWarmup   9: 20971520 op, 252287928.00 ns, 12.0300 ns/op
WorkloadWarmup  10: 20971520 op, 252198648.00 ns, 12.0258 ns/op
WorkloadWarmup  11: 20971520 op, 252300291.00 ns, 12.0306 ns/op
WorkloadWarmup  12: 20971520 op, 252135835.00 ns, 12.0228 ns/op
WorkloadWarmup  13: 20971520 op, 252229416.00 ns, 12.0272 ns/op
WorkloadWarmup  14: 20971520 op, 252274316.00 ns, 12.0294 ns/op
WorkloadWarmup  15: 20971520 op, 264135268.00 ns, 12.5950 ns/op
WorkloadWarmup  16: 20971520 op, 251991047.00 ns, 12.0159 ns/op

// BeforeActualRun
WorkloadActual   1: 20971520 op, 252595976.00 ns, 12.0447 ns/op
WorkloadActual   2: 20971520 op, 252068174.00 ns, 12.0195 ns/op
WorkloadActual   3: 20971520 op, 253090387.00 ns, 12.0683 ns/op
WorkloadActual   4: 20971520 op, 252926509.00 ns, 12.0605 ns/op
WorkloadActual   5: 20971520 op, 255289506.00 ns, 12.1732 ns/op
WorkloadActual   6: 20971520 op, 252021297.00 ns, 12.0173 ns/op
WorkloadActual   7: 20971520 op, 252195725.00 ns, 12.0256 ns/op
WorkloadActual   8: 20971520 op, 265907927.00 ns, 12.6795 ns/op
WorkloadActual   9: 20971520 op, 253429773.00 ns, 12.0845 ns/op
WorkloadActual  10: 20971520 op, 252422585.00 ns, 12.0364 ns/op
WorkloadActual  11: 20971520 op, 252011875.00 ns, 12.0169 ns/op
WorkloadActual  12: 20971520 op, 251852141.00 ns, 12.0092 ns/op

// AfterActualRun
WorkloadResult   1: 20971520 op, 252595440.00 ns, 12.0447 ns/op
WorkloadResult   2: 20971520 op, 252067638.00 ns, 12.0195 ns/op
WorkloadResult   3: 20971520 op, 253089851.00 ns, 12.0683 ns/op
WorkloadResult   4: 20971520 op, 252925973.00 ns, 12.0605 ns/op
WorkloadResult   5: 20971520 op, 252020761.00 ns, 12.0173 ns/op
WorkloadResult   6: 20971520 op, 252195189.00 ns, 12.0256 ns/op
WorkloadResult   7: 20971520 op, 253429237.00 ns, 12.0844 ns/op
WorkloadResult   8: 20971520 op, 252422049.00 ns, 12.0364 ns/op
WorkloadResult   9: 20971520 op, 252011339.00 ns, 12.0168 ns/op
WorkloadResult  10: 20971520 op, 251851605.00 ns, 12.0092 ns/op
// GC:  0 0 0 0 20971520
// Threading:  0 0 20971520

// AfterAll
// Benchmark Process 543 has exited with code 0.

Mean = 12.038 ns, StdErr = 0.008 ns (0.07%), N = 10, StdDev = 0.025 ns
Min = 12.009 ns, Q1 = 12.018 ns, Median = 12.031 ns, Q3 = 12.057 ns, Max = 12.084 ns
IQR = 0.039 ns, LowerFence = 11.960 ns, UpperFence = 12.115 ns
ConfidenceInterval = [12.000 ns; 12.077 ns] (CI 99.9%), Margin = 0.038 ns (0.32% of Mean)
Skewness = 0.51, Kurtosis = 1.64, MValue = 2

// ** Remained 13 (24.1 %) benchmark(s) to run. Estimated finish 2026-09-09 10:22 (0h 2m from now) **
// **************************
// Benchmark: ConsumerBenchmarks<EffectConsumer>.FusedBatch8: JitCore4(IterationCount=12, IterationTime=250ms, WarmupCount=16) [Pattern=Sequential]
// *** Execute ***
// Launch: 1 / 1
// Execute: dotnet ConsumerFusion-JitCore4-1.dll --anonymousPipes 120 121 --benchmarkName "Tl.ConsumerFusion.ConsumerBenchmarks<EffectConsumer>.FusedBatch8(Pattern: Sequential)" --job JitCore4 --benchmarkId 41 in /home/i/Work/tl-consumer-fusion/benchmarks/ConsumerFusion/bin/Release/net10.0/ConsumerFusion-JitCore4-1/bin/Release/net10.0
// Failed to set up high priority (Permission denied). In order to run benchmarks with high priority, make sure you have the right permissions.
// BeforeAnythingElse

// Benchmark Process Environment Information:
// BenchmarkDotNet v0.15.8
// Runtime=.NET 10.0.11 (10.0.11, 10.0.1126.37416), X64 RyuJIT x86-64-v3
// GC=Concurrent Workstation
// HardwareIntrinsics=AVX2+BMI1+BMI2+F16C+FMA+LZCNT+MOVBE,AVX,SSE3+SSSE3+SSE4.1+SSE4.2+POPCNT,X86Base+SSE+SSE2,AES+PCLMUL,AvxVnni,SERIALIZE VectorSize=256
// Job: JitCore4(IterationCount=12, IterationTime=250ms, WarmupCount=16)

Generated source SHA-256: 7bdbf05933e474d7a938b65943dea9904c38e119da36a57eeee6037572f9e30f
Consumer source SHA-256: b6d3bebc1792904814ea060ef98da24a1bb83a7902917f967347d44ba9cc4197
EffectConsumer/Sequential: ConsumerReceipt { Playback = Playback { Tick = 65535, Cycles = 109, Flags = Started }, SumBits = 1226792028, TrackOffsets = 364309, Enters = 1754, Stays = 127629, Exits = 1754, Callbacks = 131137, Audit = 7852118346027279191 }
Preparation receipt: 5351266826136
OverheadJitting  1: 65536 op, 105879.00 ns, 1.6156 ns/op
WorkloadJitting  1: 65536 op, 418213.00 ns, 6.3814 ns/op

OverheadJitting  2: 1048576 op, 127005.00 ns, 0.1211 ns/op
WorkloadJitting  2: 1048576 op, 5008737.00 ns, 4.7767 ns/op

WorkloadPilot    1: 1048576 op, 4876662.00 ns, 4.6507 ns/op
WorkloadPilot    2: 54525952 op, 252862792.00 ns, 4.6375 ns/op

OverheadWarmup   1: 54525952 op, 1342.00 ns, 0.0000 ns/op
OverheadWarmup   2: 54525952 op, 1122.00 ns, 0.0000 ns/op
OverheadWarmup   3: 54525952 op, 1111.00 ns, 0.0000 ns/op
OverheadWarmup   4: 54525952 op, 1111.00 ns, 0.0000 ns/op
OverheadWarmup   5: 54525952 op, 1173.00 ns, 0.0000 ns/op
OverheadWarmup   6: 54525952 op, 1155.00 ns, 0.0000 ns/op
OverheadWarmup   7: 54525952 op, 1164.00 ns, 0.0000 ns/op

OverheadActual   1: 54525952 op, 1469.00 ns, 0.0000 ns/op
OverheadActual   2: 54525952 op, 1355.00 ns, 0.0000 ns/op
OverheadActual   3: 54525952 op, 1351.00 ns, 0.0000 ns/op
OverheadActual   4: 54525952 op, 1182.00 ns, 0.0000 ns/op
OverheadActual   5: 54525952 op, 1313.00 ns, 0.0000 ns/op
OverheadActual   6: 54525952 op, 1137.00 ns, 0.0000 ns/op
OverheadActual   7: 54525952 op, 1119.00 ns, 0.0000 ns/op
OverheadActual   8: 54525952 op, 1117.00 ns, 0.0000 ns/op
OverheadActual   9: 54525952 op, 1114.00 ns, 0.0000 ns/op
OverheadActual  10: 54525952 op, 1156.00 ns, 0.0000 ns/op
OverheadActual  11: 54525952 op, 1142.00 ns, 0.0000 ns/op
OverheadActual  12: 54525952 op, 1156.00 ns, 0.0000 ns/op
OverheadActual  13: 54525952 op, 1160.00 ns, 0.0000 ns/op
OverheadActual  14: 54525952 op, 1144.00 ns, 0.0000 ns/op
OverheadActual  15: 54525952 op, 1155.00 ns, 0.0000 ns/op
OverheadActual  16: 54525952 op, 1158.00 ns, 0.0000 ns/op
OverheadActual  17: 54525952 op, 1130.00 ns, 0.0000 ns/op

WorkloadWarmup   1: 54525952 op, 252732832.00 ns, 4.6351 ns/op
WorkloadWarmup   2: 54525952 op, 252623361.00 ns, 4.6331 ns/op
WorkloadWarmup   3: 54525952 op, 252799220.00 ns, 4.6363 ns/op
WorkloadWarmup   4: 54525952 op, 252561642.00 ns, 4.6320 ns/op
WorkloadWarmup   5: 54525952 op, 252572265.00 ns, 4.6321 ns/op
WorkloadWarmup   6: 54525952 op, 252676157.00 ns, 4.6341 ns/op
WorkloadWarmup   7: 54525952 op, 282931008.00 ns, 5.1889 ns/op
WorkloadWarmup   8: 54525952 op, 251958603.00 ns, 4.6209 ns/op
WorkloadWarmup   9: 54525952 op, 252143251.00 ns, 4.6243 ns/op
WorkloadWarmup  10: 54525952 op, 252115672.00 ns, 4.6238 ns/op
WorkloadWarmup  11: 54525952 op, 251927788.00 ns, 4.6203 ns/op
WorkloadWarmup  12: 54525952 op, 253816556.00 ns, 4.6550 ns/op
WorkloadWarmup  13: 54525952 op, 252198725.00 ns, 4.6253 ns/op
WorkloadWarmup  14: 54525952 op, 252085008.00 ns, 4.6232 ns/op
WorkloadWarmup  15: 54525952 op, 261834668.00 ns, 4.8020 ns/op
WorkloadWarmup  16: 54525952 op, 252494083.00 ns, 4.6307 ns/op

// BeforeActualRun
WorkloadActual   1: 54525952 op, 252754171.00 ns, 4.6355 ns/op
WorkloadActual   2: 54525952 op, 254473793.00 ns, 4.6670 ns/op
WorkloadActual   3: 54525952 op, 255877496.00 ns, 4.6928 ns/op
WorkloadActual   4: 54525952 op, 256769280.00 ns, 4.7091 ns/op
WorkloadActual   5: 54525952 op, 256294387.00 ns, 4.7004 ns/op
WorkloadActual   6: 54525952 op, 256624560.00 ns, 4.7065 ns/op
WorkloadActual   7: 54525952 op, 275878166.00 ns, 5.0596 ns/op
WorkloadActual   8: 54525952 op, 252795221.00 ns, 4.6362 ns/op
WorkloadActual   9: 54525952 op, 253718659.00 ns, 4.6532 ns/op
WorkloadActual  10: 54525952 op, 252823691.00 ns, 4.6368 ns/op
WorkloadActual  11: 54525952 op, 253171368.00 ns, 4.6431 ns/op
WorkloadActual  12: 54525952 op, 252314823.00 ns, 4.6274 ns/op

// AfterActualRun
WorkloadResult   1: 54525952 op, 252753015.00 ns, 4.6355 ns/op
WorkloadResult   2: 54525952 op, 254472637.00 ns, 4.6670 ns/op
WorkloadResult   3: 54525952 op, 255876340.00 ns, 4.6927 ns/op
WorkloadResult   4: 54525952 op, 256768124.00 ns, 4.7091 ns/op
WorkloadResult   5: 54525952 op, 256293231.00 ns, 4.7004 ns/op
WorkloadResult   6: 54525952 op, 256623404.00 ns, 4.7064 ns/op
WorkloadResult   7: 54525952 op, 252794065.00 ns, 4.6362 ns/op
WorkloadResult   8: 54525952 op, 253717503.00 ns, 4.6532 ns/op
WorkloadResult   9: 54525952 op, 252822535.00 ns, 4.6367 ns/op
WorkloadResult  10: 54525952 op, 253170212.00 ns, 4.6431 ns/op
WorkloadResult  11: 54525952 op, 252313667.00 ns, 4.6274 ns/op
// GC:  0 0 0 0 54525952
// Threading:  0 0 54525952

// AfterAll
// Benchmark Process 550 has exited with code 0.

Mean = 4.664 ns, StdErr = 0.010 ns (0.21%), N = 11, StdDev = 0.032 ns
Min = 4.627 ns, Q1 = 4.636 ns, Median = 4.653 ns, Q3 = 4.697 ns, Max = 4.709 ns
IQR = 0.060 ns, LowerFence = 4.546 ns, UpperFence = 4.787 ns
ConfidenceInterval = [4.620 ns; 4.709 ns] (CI 99.9%), Margin = 0.044 ns (0.95% of Mean)
Skewness = 0.29, Kurtosis = 1.17, MValue = 2

// ** Remained 12 (22.2 %) benchmark(s) to run. Estimated finish 2026-09-09 10:22 (0h 2m from now) **
// **************************
// Benchmark: ConsumerBenchmarks<EffectConsumer>.InterpreterSingle: JitCore4(IterationCount=12, IterationTime=250ms, WarmupCount=16) [Pattern=Random]
// *** Execute ***
// Launch: 1 / 1
// Execute: dotnet ConsumerFusion-JitCore4-1.dll --anonymousPipes 122 123 --benchmarkName "Tl.ConsumerFusion.ConsumerBenchmarks<EffectConsumer>.InterpreterSingle(Pattern: Random)" --job JitCore4 --benchmarkId 42 in /home/i/Work/tl-consumer-fusion/benchmarks/ConsumerFusion/bin/Release/net10.0/ConsumerFusion-JitCore4-1/bin/Release/net10.0
// Failed to set up high priority (Permission denied). In order to run benchmarks with high priority, make sure you have the right permissions.
// BeforeAnythingElse

// Benchmark Process Environment Information:
// BenchmarkDotNet v0.15.8
// Runtime=.NET 10.0.11 (10.0.11, 10.0.1126.37416), X64 RyuJIT x86-64-v3
// GC=Concurrent Workstation
// HardwareIntrinsics=AVX2+BMI1+BMI2+F16C+FMA+LZCNT+MOVBE,AVX,SSE3+SSSE3+SSE4.1+SSE4.2+POPCNT,X86Base+SSE+SSE2,AES+PCLMUL,AvxVnni,SERIALIZE VectorSize=256
// Job: JitCore4(IterationCount=12, IterationTime=250ms, WarmupCount=16)

Generated source SHA-256: 7bdbf05933e474d7a938b65943dea9904c38e119da36a57eeee6037572f9e30f
Consumer source SHA-256: b6d3bebc1792904814ea060ef98da24a1bb83a7902917f967347d44ba9cc4197
EffectConsumer/Random: ConsumerReceipt { Playback = Playback { Tick = 116, Cycles = 61434, Flags = Started }, SumBits = 1192729973, TrackOffsets = 364776, Enters = 119519, Stays = 10248, Exits = 1588, Callbacks = 131355, Audit = 12332555947448341917 }
Preparation receipt: 3027148671474
OverheadJitting  1: 65536 op, 101465.00 ns, 1.5482 ns/op
WorkloadJitting  1: 65536 op, 1773252.00 ns, 27.0577 ns/op

OverheadJitting  2: 1048576 op, 117800.00 ns, 0.1123 ns/op
WorkloadJitting  2: 1048576 op, 26292004.00 ns, 25.0740 ns/op

WorkloadPilot    1: 1048576 op, 26353839.00 ns, 25.1330 ns/op
WorkloadPilot    2: 10485760 op, 260829231.00 ns, 24.8746 ns/op

OverheadWarmup   1: 10485760 op, 465.00 ns, 0.0000 ns/op
OverheadWarmup   2: 10485760 op, 281.00 ns, 0.0000 ns/op
OverheadWarmup   3: 10485760 op, 241.00 ns, 0.0000 ns/op
OverheadWarmup   4: 10485760 op, 256.00 ns, 0.0000 ns/op
OverheadWarmup   5: 10485760 op, 312.00 ns, 0.0000 ns/op
OverheadWarmup   6: 10485760 op, 274.00 ns, 0.0000 ns/op
OverheadWarmup   7: 10485760 op, 274.00 ns, 0.0000 ns/op
OverheadWarmup   8: 10485760 op, 274.00 ns, 0.0000 ns/op

OverheadActual   1: 10485760 op, 501.00 ns, 0.0000 ns/op
OverheadActual   2: 10485760 op, 484.00 ns, 0.0000 ns/op
OverheadActual   3: 10485760 op, 493.00 ns, 0.0000 ns/op
OverheadActual   4: 10485760 op, 289.00 ns, 0.0000 ns/op
OverheadActual   5: 10485760 op, 480.00 ns, 0.0000 ns/op
OverheadActual   6: 10485760 op, 249.00 ns, 0.0000 ns/op
OverheadActual   7: 10485760 op, 252.00 ns, 0.0000 ns/op
OverheadActual   8: 10485760 op, 265.00 ns, 0.0000 ns/op
OverheadActual   9: 10485760 op, 250.00 ns, 0.0000 ns/op
OverheadActual  10: 10485760 op, 272.00 ns, 0.0000 ns/op
OverheadActual  11: 10485760 op, 280.00 ns, 0.0000 ns/op
OverheadActual  12: 10485760 op, 271.00 ns, 0.0000 ns/op
OverheadActual  13: 10485760 op, 271.00 ns, 0.0000 ns/op
OverheadActual  14: 10485760 op, 274.00 ns, 0.0000 ns/op
OverheadActual  15: 10485760 op, 276.00 ns, 0.0000 ns/op
OverheadActual  16: 10485760 op, 269.00 ns, 0.0000 ns/op
OverheadActual  17: 10485760 op, 275.00 ns, 0.0000 ns/op
OverheadActual  18: 10485760 op, 433.00 ns, 0.0000 ns/op
OverheadActual  19: 10485760 op, 288.00 ns, 0.0000 ns/op
OverheadActual  20: 10485760 op, 280.00 ns, 0.0000 ns/op

WorkloadWarmup   1: 10485760 op, 261499077.00 ns, 24.9385 ns/op
WorkloadWarmup   2: 10485760 op, 261934215.00 ns, 24.9800 ns/op
WorkloadWarmup   3: 10485760 op, 260313778.00 ns, 24.8255 ns/op
WorkloadWarmup   4: 10485760 op, 261310732.00 ns, 24.9205 ns/op
WorkloadWarmup   5: 10485760 op, 260686458.00 ns, 24.8610 ns/op
WorkloadWarmup   6: 10485760 op, 260452938.00 ns, 24.8387 ns/op
WorkloadWarmup   7: 10485760 op, 301515316.00 ns, 28.7547 ns/op
WorkloadWarmup   8: 10485760 op, 261068448.00 ns, 24.8974 ns/op
WorkloadWarmup   9: 10485760 op, 261235793.00 ns, 24.9134 ns/op
WorkloadWarmup  10: 10485760 op, 260488578.00 ns, 24.8421 ns/op
WorkloadWarmup  11: 10485760 op, 260483339.00 ns, 24.8416 ns/op
WorkloadWarmup  12: 10485760 op, 261921718.00 ns, 24.9788 ns/op
WorkloadWarmup  13: 10485760 op, 261163877.00 ns, 24.9065 ns/op
WorkloadWarmup  14: 10485760 op, 261451971.00 ns, 24.9340 ns/op
WorkloadWarmup  15: 10485760 op, 268830190.00 ns, 25.6376 ns/op
WorkloadWarmup  16: 10485760 op, 260334561.00 ns, 24.8274 ns/op

// BeforeActualRun
WorkloadActual   1: 10485760 op, 261451567.00 ns, 24.9340 ns/op
WorkloadActual   2: 10485760 op, 261391528.00 ns, 24.9282 ns/op
WorkloadActual   3: 10485760 op, 260628118.00 ns, 24.8554 ns/op
WorkloadActual   4: 10485760 op, 261074425.00 ns, 24.8980 ns/op
WorkloadActual   5: 10485760 op, 260602182.00 ns, 24.8530 ns/op
WorkloadActual   6: 10485760 op, 260184731.00 ns, 24.8131 ns/op
WorkloadActual   7: 10485760 op, 260295686.00 ns, 24.8237 ns/op
WorkloadActual   8: 10485760 op, 276986389.00 ns, 26.4155 ns/op
WorkloadActual   9: 10485760 op, 263521821.00 ns, 25.1314 ns/op
WorkloadActual  10: 10485760 op, 262012389.00 ns, 24.9874 ns/op
WorkloadActual  11: 10485760 op, 261173421.00 ns, 24.9074 ns/op
WorkloadActual  12: 10485760 op, 261385936.00 ns, 24.9277 ns/op

// AfterActualRun
WorkloadResult   1: 10485760 op, 261451291.50 ns, 24.9339 ns/op
WorkloadResult   2: 10485760 op, 261391252.50 ns, 24.9282 ns/op
WorkloadResult   3: 10485760 op, 260627842.50 ns, 24.8554 ns/op
WorkloadResult   4: 10485760 op, 261074149.50 ns, 24.8980 ns/op
WorkloadResult   5: 10485760 op, 260601906.50 ns, 24.8529 ns/op
WorkloadResult   6: 10485760 op, 260184455.50 ns, 24.8131 ns/op
WorkloadResult   7: 10485760 op, 260295410.50 ns, 24.8237 ns/op
WorkloadResult   8: 10485760 op, 262012113.50 ns, 24.9874 ns/op
WorkloadResult   9: 10485760 op, 261173145.50 ns, 24.9074 ns/op
WorkloadResult  10: 10485760 op, 261385660.50 ns, 24.9277 ns/op
// GC:  0 0 0 0 10485760
// Threading:  0 0 10485760

// AfterAll
// Benchmark Process 558 has exited with code 0.

Mean = 24.893 ns, StdErr = 0.017 ns (0.07%), N = 10, StdDev = 0.055 ns
Min = 24.813 ns, Q1 = 24.854 ns, Median = 24.903 ns, Q3 = 24.928 ns, Max = 24.987 ns
IQR = 0.075 ns, LowerFence = 24.742 ns, UpperFence = 25.040 ns
ConfidenceInterval = [24.809 ns; 24.976 ns] (CI 99.9%), Margin = 0.084 ns (0.34% of Mean)
Skewness = 0.03, Kurtosis = 1.65, MValue = 2

// ** Remained 11 (20.4 %) benchmark(s) to run. Estimated finish 2026-09-09 10:22 (0h 2m from now) **
// **************************
// Benchmark: ConsumerBenchmarks<EffectConsumer>.CompiledSingle: JitCore4(IterationCount=12, IterationTime=250ms, WarmupCount=16) [Pattern=Random]
// *** Execute ***
// Launch: 1 / 1
// Execute: dotnet ConsumerFusion-JitCore4-1.dll --anonymousPipes 122 123 --benchmarkName "Tl.ConsumerFusion.ConsumerBenchmarks<EffectConsumer>.CompiledSingle(Pattern: Random)" --job JitCore4 --benchmarkId 43 in /home/i/Work/tl-consumer-fusion/benchmarks/ConsumerFusion/bin/Release/net10.0/ConsumerFusion-JitCore4-1/bin/Release/net10.0
// Failed to set up high priority (Permission denied). In order to run benchmarks with high priority, make sure you have the right permissions.
// BeforeAnythingElse

// Benchmark Process Environment Information:
// BenchmarkDotNet v0.15.8
// Runtime=.NET 10.0.11 (10.0.11, 10.0.1126.37416), X64 RyuJIT x86-64-v3
// GC=Concurrent Workstation
// HardwareIntrinsics=AVX2+BMI1+BMI2+F16C+FMA+LZCNT+MOVBE,AVX,SSE3+SSSE3+SSE4.1+SSE4.2+POPCNT,X86Base+SSE+SSE2,AES+PCLMUL,AvxVnni,SERIALIZE VectorSize=256
// Job: JitCore4(IterationCount=12, IterationTime=250ms, WarmupCount=16)

Generated source SHA-256: 7bdbf05933e474d7a938b65943dea9904c38e119da36a57eeee6037572f9e30f
Consumer source SHA-256: b6d3bebc1792904814ea060ef98da24a1bb83a7902917f967347d44ba9cc4197
EffectConsumer/Random: ConsumerReceipt { Playback = Playback { Tick = 116, Cycles = 61434, Flags = Started }, SumBits = 1192729973, TrackOffsets = 364776, Enters = 119519, Stays = 10248, Exits = 1588, Callbacks = 131355, Audit = 12332555947448341917 }
Preparation receipt: 3019992291636
OverheadJitting  1: 65536 op, 101582.00 ns, 1.5500 ns/op
WorkloadJitting  1: 65536 op, 2065235.00 ns, 31.5130 ns/op

OverheadJitting  2: 1048576 op, 133770.00 ns, 0.1276 ns/op
WorkloadJitting  2: 1048576 op, 29684902.00 ns, 28.3097 ns/op

WorkloadPilot    1: 1048576 op, 29645847.00 ns, 28.2725 ns/op
WorkloadPilot    2: 9437184 op, 266225555.00 ns, 28.2103 ns/op

OverheadWarmup   1: 9437184 op, 470.00 ns, 0.0000 ns/op
OverheadWarmup   2: 9437184 op, 232.00 ns, 0.0000 ns/op
OverheadWarmup   3: 9437184 op, 270.00 ns, 0.0000 ns/op
OverheadWarmup   4: 9437184 op, 225.00 ns, 0.0000 ns/op
OverheadWarmup   5: 9437184 op, 265.00 ns, 0.0000 ns/op
OverheadWarmup   6: 9437184 op, 245.00 ns, 0.0000 ns/op

OverheadActual   1: 9437184 op, 458.00 ns, 0.0000 ns/op
OverheadActual   2: 9437184 op, 471.00 ns, 0.0000 ns/op
OverheadActual   3: 9437184 op, 474.00 ns, 0.0001 ns/op
OverheadActual   4: 9437184 op, 308.00 ns, 0.0000 ns/op
OverheadActual   5: 9437184 op, 456.00 ns, 0.0000 ns/op
OverheadActual   6: 9437184 op, 251.00 ns, 0.0000 ns/op
OverheadActual   7: 9437184 op, 232.00 ns, 0.0000 ns/op
OverheadActual   8: 9437184 op, 243.00 ns, 0.0000 ns/op
OverheadActual   9: 9437184 op, 286.00 ns, 0.0000 ns/op
OverheadActual  10: 9437184 op, 276.00 ns, 0.0000 ns/op
OverheadActual  11: 9437184 op, 264.00 ns, 0.0000 ns/op
OverheadActual  12: 9437184 op, 260.00 ns, 0.0000 ns/op
OverheadActual  13: 9437184 op, 254.00 ns, 0.0000 ns/op
OverheadActual  14: 9437184 op, 241.00 ns, 0.0000 ns/op
OverheadActual  15: 9437184 op, 285.00 ns, 0.0000 ns/op
OverheadActual  16: 9437184 op, 276.00 ns, 0.0000 ns/op
OverheadActual  17: 9437184 op, 292.00 ns, 0.0000 ns/op
OverheadActual  18: 9437184 op, 426.00 ns, 0.0000 ns/op
OverheadActual  19: 9437184 op, 320.00 ns, 0.0000 ns/op
OverheadActual  20: 9437184 op, 285.00 ns, 0.0000 ns/op

WorkloadWarmup   1: 9437184 op, 266226671.00 ns, 28.2104 ns/op
WorkloadWarmup   2: 9437184 op, 265802124.00 ns, 28.1654 ns/op
WorkloadWarmup   3: 9437184 op, 265868755.00 ns, 28.1725 ns/op
WorkloadWarmup   4: 9437184 op, 265580711.00 ns, 28.1419 ns/op
WorkloadWarmup   5: 9437184 op, 266124646.00 ns, 28.1996 ns/op
WorkloadWarmup   6: 9437184 op, 266099259.00 ns, 28.1969 ns/op
WorkloadWarmup   7: 9437184 op, 305493743.00 ns, 32.3713 ns/op
WorkloadWarmup   8: 9437184 op, 266484937.00 ns, 28.2378 ns/op
WorkloadWarmup   9: 9437184 op, 266288175.00 ns, 28.2169 ns/op
WorkloadWarmup  10: 9437184 op, 266578972.00 ns, 28.2477 ns/op
WorkloadWarmup  11: 9437184 op, 266774497.00 ns, 28.2684 ns/op
WorkloadWarmup  12: 9437184 op, 266929918.00 ns, 28.2849 ns/op
WorkloadWarmup  13: 9437184 op, 265976780.00 ns, 28.1839 ns/op
WorkloadWarmup  14: 9437184 op, 266320949.00 ns, 28.2204 ns/op
WorkloadWarmup  15: 9437184 op, 272611720.00 ns, 28.8870 ns/op
WorkloadWarmup  16: 9437184 op, 266297278.00 ns, 28.2179 ns/op

// BeforeActualRun
WorkloadActual   1: 9437184 op, 265979122.00 ns, 28.1842 ns/op
WorkloadActual   2: 9437184 op, 266126228.00 ns, 28.1997 ns/op
WorkloadActual   3: 9437184 op, 266336238.00 ns, 28.2220 ns/op
WorkloadActual   4: 9437184 op, 266119662.00 ns, 28.1991 ns/op
WorkloadActual   5: 9437184 op, 266332965.00 ns, 28.2217 ns/op
WorkloadActual   6: 9437184 op, 266098842.00 ns, 28.1968 ns/op
WorkloadActual   7: 9437184 op, 266053628.00 ns, 28.1921 ns/op
WorkloadActual   8: 9437184 op, 281926569.00 ns, 29.8740 ns/op
WorkloadActual   9: 9437184 op, 266518360.00 ns, 28.2413 ns/op
WorkloadActual  10: 9437184 op, 266610958.00 ns, 28.2511 ns/op
WorkloadActual  11: 9437184 op, 266255770.00 ns, 28.2135 ns/op
WorkloadActual  12: 9437184 op, 266309651.00 ns, 28.2192 ns/op

// AfterActualRun
WorkloadResult   1: 9437184 op, 265978837.00 ns, 28.1841 ns/op
WorkloadResult   2: 9437184 op, 266125943.00 ns, 28.1997 ns/op
WorkloadResult   3: 9437184 op, 266335953.00 ns, 28.2220 ns/op
WorkloadResult   4: 9437184 op, 266119377.00 ns, 28.1990 ns/op
WorkloadResult   5: 9437184 op, 266332680.00 ns, 28.2216 ns/op
WorkloadResult   6: 9437184 op, 266098557.00 ns, 28.1968 ns/op
WorkloadResult   7: 9437184 op, 266053343.00 ns, 28.1920 ns/op
WorkloadResult   8: 9437184 op, 266518075.00 ns, 28.2413 ns/op
WorkloadResult   9: 9437184 op, 266610673.00 ns, 28.2511 ns/op
WorkloadResult  10: 9437184 op, 266255485.00 ns, 28.2134 ns/op
WorkloadResult  11: 9437184 op, 266309366.00 ns, 28.2192 ns/op
// GC:  0 0 0 0 9437184
// Threading:  0 0 9437184

// AfterAll
// Benchmark Process 567 has exited with code 0.

Mean = 28.213 ns, StdErr = 0.006 ns (0.02%), N = 11, StdDev = 0.021 ns
Min = 28.184 ns, Q1 = 28.198 ns, Median = 28.213 ns, Q3 = 28.222 ns, Max = 28.251 ns
IQR = 0.024 ns, LowerFence = 28.162 ns, UpperFence = 28.258 ns
ConfidenceInterval = [28.184 ns; 28.242 ns] (CI 99.9%), Margin = 0.029 ns (0.10% of Mean)
Skewness = 0.4, Kurtosis = 1.84, MValue = 2

// ** Remained 10 (18.5 %) benchmark(s) to run. Estimated finish 2026-09-09 10:22 (0h 2m from now) **
// **************************
// Benchmark: ConsumerBenchmarks<EffectConsumer>.FusedSingle: JitCore4(IterationCount=12, IterationTime=250ms, WarmupCount=16) [Pattern=Random]
// *** Execute ***
// Launch: 1 / 1
// Execute: dotnet ConsumerFusion-JitCore4-1.dll --anonymousPipes 120 121 --benchmarkName "Tl.ConsumerFusion.ConsumerBenchmarks<EffectConsumer>.FusedSingle(Pattern: Random)" --job JitCore4 --benchmarkId 44 in /home/i/Work/tl-consumer-fusion/benchmarks/ConsumerFusion/bin/Release/net10.0/ConsumerFusion-JitCore4-1/bin/Release/net10.0
// Failed to set up high priority (Permission denied). In order to run benchmarks with high priority, make sure you have the right permissions.
// BeforeAnythingElse

// Benchmark Process Environment Information:
// BenchmarkDotNet v0.15.8
// Runtime=.NET 10.0.11 (10.0.11, 10.0.1126.37416), X64 RyuJIT x86-64-v3
// GC=Concurrent Workstation
// HardwareIntrinsics=AVX2+BMI1+BMI2+F16C+FMA+LZCNT+MOVBE,AVX,SSE3+SSSE3+SSE4.1+SSE4.2+POPCNT,X86Base+SSE+SSE2,AES+PCLMUL,AvxVnni,SERIALIZE VectorSize=256
// Job: JitCore4(IterationCount=12, IterationTime=250ms, WarmupCount=16)

Generated source SHA-256: 7bdbf05933e474d7a938b65943dea9904c38e119da36a57eeee6037572f9e30f
Consumer source SHA-256: b6d3bebc1792904814ea060ef98da24a1bb83a7902917f967347d44ba9cc4197
EffectConsumer/Random: ConsumerReceipt { Playback = Playback { Tick = 116, Cycles = 61434, Flags = Started }, SumBits = 1192729973, TrackOffsets = 364776, Enters = 119519, Stays = 10248, Exits = 1588, Callbacks = 131355, Audit = 12332555947448341917 }
Preparation receipt: 3019992291636
OverheadJitting  1: 65536 op, 99946.00 ns, 1.5251 ns/op
WorkloadJitting  1: 65536 op, 1001769.00 ns, 15.2858 ns/op

OverheadJitting  2: 1048576 op, 127702.00 ns, 0.1218 ns/op
WorkloadJitting  2: 1048576 op, 13775495.00 ns, 13.1373 ns/op

WorkloadPilot    1: 1048576 op, 13691835.00 ns, 13.0576 ns/op
WorkloadPilot    2: 19922944 op, 258691728.00 ns, 12.9846 ns/op

OverheadWarmup   1: 19922944 op, 948.00 ns, 0.0000 ns/op
OverheadWarmup   2: 19922944 op, 509.00 ns, 0.0000 ns/op
OverheadWarmup   3: 19922944 op, 500.00 ns, 0.0000 ns/op
OverheadWarmup   4: 19922944 op, 507.00 ns, 0.0000 ns/op
OverheadWarmup   5: 19922944 op, 524.00 ns, 0.0000 ns/op
OverheadWarmup   6: 19922944 op, 525.00 ns, 0.0000 ns/op
OverheadWarmup   7: 19922944 op, 515.00 ns, 0.0000 ns/op
OverheadWarmup   8: 19922944 op, 517.00 ns, 0.0000 ns/op
OverheadWarmup   9: 19922944 op, 529.00 ns, 0.0000 ns/op
OverheadWarmup  10: 19922944 op, 514.00 ns, 0.0000 ns/op

OverheadActual   1: 19922944 op, 703.00 ns, 0.0000 ns/op
OverheadActual   2: 19922944 op, 697.00 ns, 0.0000 ns/op
OverheadActual   3: 19922944 op, 694.00 ns, 0.0000 ns/op
OverheadActual   4: 19922944 op, 574.00 ns, 0.0000 ns/op
OverheadActual   5: 19922944 op, 688.00 ns, 0.0000 ns/op
OverheadActual   6: 19922944 op, 511.00 ns, 0.0000 ns/op
OverheadActual   7: 19922944 op, 498.00 ns, 0.0000 ns/op
OverheadActual   8: 19922944 op, 504.00 ns, 0.0000 ns/op
OverheadActual   9: 19922944 op, 488.00 ns, 0.0000 ns/op
OverheadActual  10: 19922944 op, 505.00 ns, 0.0000 ns/op
OverheadActual  11: 19922944 op, 495.00 ns, 0.0000 ns/op
OverheadActual  12: 19922944 op, 489.00 ns, 0.0000 ns/op
OverheadActual  13: 19922944 op, 534.00 ns, 0.0000 ns/op
OverheadActual  14: 19922944 op, 506.00 ns, 0.0000 ns/op
OverheadActual  15: 19922944 op, 526.00 ns, 0.0000 ns/op
OverheadActual  16: 19922944 op, 520.00 ns, 0.0000 ns/op
OverheadActual  17: 19922944 op, 514.00 ns, 0.0000 ns/op
OverheadActual  18: 19922944 op, 680.00 ns, 0.0000 ns/op
OverheadActual  19: 19922944 op, 524.00 ns, 0.0000 ns/op
OverheadActual  20: 19922944 op, 524.00 ns, 0.0000 ns/op

WorkloadWarmup   1: 19922944 op, 255334001.00 ns, 12.8161 ns/op
WorkloadWarmup   2: 19922944 op, 255671608.00 ns, 12.8330 ns/op
WorkloadWarmup   3: 19922944 op, 254928230.00 ns, 12.7957 ns/op
WorkloadWarmup   4: 19922944 op, 255534294.00 ns, 12.8261 ns/op
WorkloadWarmup   5: 19922944 op, 254197033.00 ns, 12.7590 ns/op
WorkloadWarmup   6: 19922944 op, 253952991.00 ns, 12.7468 ns/op
WorkloadWarmup   7: 19922944 op, 297597107.00 ns, 14.9374 ns/op
WorkloadWarmup   8: 19922944 op, 255651222.00 ns, 12.8320 ns/op
WorkloadWarmup   9: 19922944 op, 254596292.00 ns, 12.7790 ns/op
WorkloadWarmup  10: 19922944 op, 255573652.00 ns, 12.8281 ns/op
WorkloadWarmup  11: 19922944 op, 257018160.00 ns, 12.9006 ns/op
WorkloadWarmup  12: 19922944 op, 254965555.00 ns, 12.7976 ns/op
WorkloadWarmup  13: 19922944 op, 256664709.00 ns, 12.8829 ns/op
WorkloadWarmup  14: 19922944 op, 255711059.00 ns, 12.8350 ns/op
WorkloadWarmup  15: 19922944 op, 263050098.00 ns, 13.2034 ns/op
WorkloadWarmup  16: 19922944 op, 255462084.00 ns, 12.8225 ns/op

// BeforeActualRun
WorkloadActual   1: 19922944 op, 254694429.00 ns, 12.7840 ns/op
WorkloadActual   2: 19922944 op, 255669257.00 ns, 12.8329 ns/op
WorkloadActual   3: 19922944 op, 254370311.00 ns, 12.7677 ns/op
WorkloadActual   4: 19922944 op, 254401287.00 ns, 12.7693 ns/op
WorkloadActual   5: 19922944 op, 255652147.00 ns, 12.8320 ns/op
WorkloadActual   6: 19922944 op, 253946999.00 ns, 12.7465 ns/op
WorkloadActual   7: 19922944 op, 253242123.00 ns, 12.7111 ns/op
WorkloadActual   8: 19922944 op, 271551022.00 ns, 13.6301 ns/op
WorkloadActual   9: 19922944 op, 255649593.00 ns, 12.8319 ns/op
WorkloadActual  10: 19922944 op, 256858080.00 ns, 12.8926 ns/op
WorkloadActual  11: 19922944 op, 254721884.00 ns, 12.7854 ns/op
WorkloadActual  12: 19922944 op, 254678516.00 ns, 12.7832 ns/op

// AfterActualRun
WorkloadResult   1: 19922944 op, 254693907.00 ns, 12.7839 ns/op
WorkloadResult   2: 19922944 op, 255668735.00 ns, 12.8329 ns/op
WorkloadResult   3: 19922944 op, 254369789.00 ns, 12.7677 ns/op
WorkloadResult   4: 19922944 op, 254400765.00 ns, 12.7692 ns/op
WorkloadResult   5: 19922944 op, 255651625.00 ns, 12.8320 ns/op
WorkloadResult   6: 19922944 op, 253946477.00 ns, 12.7464 ns/op
WorkloadResult   7: 19922944 op, 253241601.00 ns, 12.7111 ns/op
WorkloadResult   8: 19922944 op, 255649071.00 ns, 12.8319 ns/op
WorkloadResult   9: 19922944 op, 256857558.00 ns, 12.8926 ns/op
WorkloadResult  10: 19922944 op, 254721362.00 ns, 12.7853 ns/op
WorkloadResult  11: 19922944 op, 254677994.00 ns, 12.7832 ns/op
// GC:  0 0 0 0 19922944
// Threading:  0 0 19922944

// AfterAll
// Benchmark Process 575 has exited with code 0.

Mean = 12.794 ns, StdErr = 0.015 ns (0.12%), N = 11, StdDev = 0.050 ns
Min = 12.711 ns, Q1 = 12.768 ns, Median = 12.784 ns, Q3 = 12.832 ns, Max = 12.893 ns
IQR = 0.063 ns, LowerFence = 12.673 ns, UpperFence = 12.927 ns
ConfidenceInterval = [12.725 ns; 12.863 ns] (CI 99.9%), Margin = 0.069 ns (0.54% of Mean)
Skewness = 0.29, Kurtosis = 2.26, MValue = 2

// ** Remained 9 (16.7 %) benchmark(s) to run. Estimated finish 2026-09-09 10:22 (0h 1m from now) **
// **************************
// Benchmark: ConsumerBenchmarks<EffectConsumer>.InterpreterBatch8: JitCore4(IterationCount=12, IterationTime=250ms, WarmupCount=16) [Pattern=Random]
// *** Execute ***
// Launch: 1 / 1
// Execute: dotnet ConsumerFusion-JitCore4-1.dll --anonymousPipes 122 123 --benchmarkName "Tl.ConsumerFusion.ConsumerBenchmarks<EffectConsumer>.InterpreterBatch8(Pattern: Random)" --job JitCore4 --benchmarkId 45 in /home/i/Work/tl-consumer-fusion/benchmarks/ConsumerFusion/bin/Release/net10.0/ConsumerFusion-JitCore4-1/bin/Release/net10.0
// Failed to set up high priority (Permission denied). In order to run benchmarks with high priority, make sure you have the right permissions.
// BeforeAnythingElse

// Benchmark Process Environment Information:
// BenchmarkDotNet v0.15.8
// Runtime=.NET 10.0.11 (10.0.11, 10.0.1126.37416), X64 RyuJIT x86-64-v3
// GC=Concurrent Workstation
// HardwareIntrinsics=AVX2+BMI1+BMI2+F16C+FMA+LZCNT+MOVBE,AVX,SSE3+SSSE3+SSE4.1+SSE4.2+POPCNT,X86Base+SSE+SSE2,AES+PCLMUL,AvxVnni,SERIALIZE VectorSize=256
// Job: JitCore4(IterationCount=12, IterationTime=250ms, WarmupCount=16)

Generated source SHA-256: 7bdbf05933e474d7a938b65943dea9904c38e119da36a57eeee6037572f9e30f
Consumer source SHA-256: b6d3bebc1792904814ea060ef98da24a1bb83a7902917f967347d44ba9cc4197
EffectConsumer/Random: ConsumerReceipt { Playback = Playback { Tick = 116, Cycles = 61434, Flags = Started }, SumBits = 1192729973, TrackOffsets = 364776, Enters = 119519, Stays = 10248, Exits = 1588, Callbacks = 131355, Audit = 12332555947448341917 }
Preparation receipt: 3027148671474
OverheadJitting  1: 65536 op, 100126.00 ns, 1.5278 ns/op
WorkloadJitting  1: 65536 op, 1606570.00 ns, 24.5143 ns/op

OverheadJitting  2: 1048576 op, 127948.00 ns, 0.1220 ns/op
WorkloadJitting  2: 1048576 op, 22684093.00 ns, 21.6332 ns/op

WorkloadPilot    1: 1048576 op, 22536570.00 ns, 21.4925 ns/op
WorkloadPilot    2: 12582912 op, 268931450.00 ns, 21.3728 ns/op

OverheadWarmup   1: 12582912 op, 566.00 ns, 0.0000 ns/op
OverheadWarmup   2: 12582912 op, 293.00 ns, 0.0000 ns/op
OverheadWarmup   3: 12582912 op, 280.00 ns, 0.0000 ns/op
OverheadWarmup   4: 12582912 op, 284.00 ns, 0.0000 ns/op
OverheadWarmup   5: 12582912 op, 334.00 ns, 0.0000 ns/op
OverheadWarmup   6: 12582912 op, 332.00 ns, 0.0000 ns/op
OverheadWarmup   7: 12582912 op, 351.00 ns, 0.0000 ns/op
OverheadWarmup   8: 12582912 op, 335.00 ns, 0.0000 ns/op

OverheadActual   1: 12582912 op, 498.00 ns, 0.0000 ns/op
OverheadActual   2: 12582912 op, 493.00 ns, 0.0000 ns/op
OverheadActual   3: 12582912 op, 515.00 ns, 0.0000 ns/op
OverheadActual   4: 12582912 op, 388.00 ns, 0.0000 ns/op
OverheadActual   5: 12582912 op, 504.00 ns, 0.0000 ns/op
OverheadActual   6: 12582912 op, 264.00 ns, 0.0000 ns/op
OverheadActual   7: 12582912 op, 297.00 ns, 0.0000 ns/op
OverheadActual   8: 12582912 op, 256.00 ns, 0.0000 ns/op
OverheadActual   9: 12582912 op, 261.00 ns, 0.0000 ns/op
OverheadActual  10: 12582912 op, 294.00 ns, 0.0000 ns/op
OverheadActual  11: 12582912 op, 299.00 ns, 0.0000 ns/op
OverheadActual  12: 12582912 op, 301.00 ns, 0.0000 ns/op
OverheadActual  13: 12582912 op, 315.00 ns, 0.0000 ns/op
OverheadActual  14: 12582912 op, 267.00 ns, 0.0000 ns/op
OverheadActual  15: 12582912 op, 288.00 ns, 0.0000 ns/op
OverheadActual  16: 12582912 op, 305.00 ns, 0.0000 ns/op
OverheadActual  17: 12582912 op, 305.00 ns, 0.0000 ns/op
OverheadActual  18: 12582912 op, 479.00 ns, 0.0000 ns/op
OverheadActual  19: 12582912 op, 401.00 ns, 0.0000 ns/op
OverheadActual  20: 12582912 op, 330.00 ns, 0.0000 ns/op

WorkloadWarmup   1: 12582912 op, 269713373.00 ns, 21.4349 ns/op
WorkloadWarmup   2: 12582912 op, 269675538.00 ns, 21.4319 ns/op
WorkloadWarmup   3: 12582912 op, 269014533.00 ns, 21.3794 ns/op
WorkloadWarmup   4: 12582912 op, 269511683.00 ns, 21.4189 ns/op
WorkloadWarmup   5: 12582912 op, 269221744.00 ns, 21.3958 ns/op
WorkloadWarmup   6: 12582912 op, 268949451.00 ns, 21.3742 ns/op
WorkloadWarmup   7: 12582912 op, 311016981.00 ns, 24.7174 ns/op
WorkloadWarmup   8: 12582912 op, 268725503.00 ns, 21.3564 ns/op
WorkloadWarmup   9: 12582912 op, 269634335.00 ns, 21.4286 ns/op
WorkloadWarmup  10: 12582912 op, 269801096.00 ns, 21.4419 ns/op
WorkloadWarmup  11: 12582912 op, 269527412.00 ns, 21.4201 ns/op
WorkloadWarmup  12: 12582912 op, 268766383.00 ns, 21.3596 ns/op
WorkloadWarmup  13: 12582912 op, 269386556.00 ns, 21.4089 ns/op
WorkloadWarmup  14: 12582912 op, 269711414.00 ns, 21.4347 ns/op
WorkloadWarmup  15: 12582912 op, 276995529.00 ns, 22.0136 ns/op
WorkloadWarmup  16: 12582912 op, 268804252.00 ns, 21.3626 ns/op

// BeforeActualRun
WorkloadActual   1: 12582912 op, 268946113.00 ns, 21.3739 ns/op
WorkloadActual   2: 12582912 op, 270268646.00 ns, 21.4790 ns/op
WorkloadActual   3: 12582912 op, 269059793.00 ns, 21.3830 ns/op
WorkloadActual   4: 12582912 op, 269650669.00 ns, 21.4299 ns/op
WorkloadActual   5: 12582912 op, 270638716.00 ns, 21.5084 ns/op
WorkloadActual   6: 12582912 op, 270777889.00 ns, 21.5195 ns/op
WorkloadActual   7: 12582912 op, 269488355.00 ns, 21.4170 ns/op
WorkloadActual   8: 12582912 op, 285401910.00 ns, 22.6817 ns/op
WorkloadActual   9: 12582912 op, 269429234.00 ns, 21.4123 ns/op
WorkloadActual  10: 12582912 op, 270528163.00 ns, 21.4996 ns/op
WorkloadActual  11: 12582912 op, 269249254.00 ns, 21.3980 ns/op
WorkloadActual  12: 12582912 op, 269003929.00 ns, 21.3785 ns/op

// AfterActualRun
WorkloadResult   1: 12582912 op, 268945808.00 ns, 21.3739 ns/op
WorkloadResult   2: 12582912 op, 270268341.00 ns, 21.4790 ns/op
WorkloadResult   3: 12582912 op, 269059488.00 ns, 21.3829 ns/op
WorkloadResult   4: 12582912 op, 269650364.00 ns, 21.4299 ns/op
WorkloadResult   5: 12582912 op, 270638411.00 ns, 21.5084 ns/op
WorkloadResult   6: 12582912 op, 270777584.00 ns, 21.5195 ns/op
WorkloadResult   7: 12582912 op, 269488050.00 ns, 21.4170 ns/op
WorkloadResult   8: 12582912 op, 269428929.00 ns, 21.4123 ns/op
WorkloadResult   9: 12582912 op, 270527858.00 ns, 21.4996 ns/op
WorkloadResult  10: 12582912 op, 269248949.00 ns, 21.3980 ns/op
WorkloadResult  11: 12582912 op, 269003624.00 ns, 21.3785 ns/op
// GC:  0 0 0 0 12582912
// Threading:  0 0 12582912

// AfterAll
// Benchmark Process 583 has exited with code 0.

Mean = 21.436 ns, StdErr = 0.017 ns (0.08%), N = 11, StdDev = 0.055 ns
Min = 21.374 ns, Q1 = 21.390 ns, Median = 21.417 ns, Q3 = 21.489 ns, Max = 21.519 ns
IQR = 0.099 ns, LowerFence = 21.242 ns, UpperFence = 21.638 ns
ConfidenceInterval = [21.360 ns; 21.513 ns] (CI 99.9%), Margin = 0.076 ns (0.36% of Mean)
Skewness = 0.33, Kurtosis = 1.29, MValue = 2

// ** Remained 8 (14.8 %) benchmark(s) to run. Estimated finish 2026-09-09 10:22 (0h 1m from now) **
// **************************
// Benchmark: ConsumerBenchmarks<EffectConsumer>.CompiledBatch8: JitCore4(IterationCount=12, IterationTime=250ms, WarmupCount=16) [Pattern=Random]
// *** Execute ***
// Launch: 1 / 1
// Execute: dotnet ConsumerFusion-JitCore4-1.dll --anonymousPipes 122 123 --benchmarkName "Tl.ConsumerFusion.ConsumerBenchmarks<EffectConsumer>.CompiledBatch8(Pattern: Random)" --job JitCore4 --benchmarkId 46 in /home/i/Work/tl-consumer-fusion/benchmarks/ConsumerFusion/bin/Release/net10.0/ConsumerFusion-JitCore4-1/bin/Release/net10.0
// Failed to set up high priority (Permission denied). In order to run benchmarks with high priority, make sure you have the right permissions.
// BeforeAnythingElse

// Benchmark Process Environment Information:
// BenchmarkDotNet v0.15.8
// Runtime=.NET 10.0.11 (10.0.11, 10.0.1126.37416), X64 RyuJIT x86-64-v3
// GC=Concurrent Workstation
// HardwareIntrinsics=AVX2+BMI1+BMI2+F16C+FMA+LZCNT+MOVBE,AVX,SSE3+SSSE3+SSE4.1+SSE4.2+POPCNT,X86Base+SSE+SSE2,AES+PCLMUL,AvxVnni,SERIALIZE VectorSize=256
// Job: JitCore4(IterationCount=12, IterationTime=250ms, WarmupCount=16)

Generated source SHA-256: 7bdbf05933e474d7a938b65943dea9904c38e119da36a57eeee6037572f9e30f
Consumer source SHA-256: b6d3bebc1792904814ea060ef98da24a1bb83a7902917f967347d44ba9cc4197
EffectConsumer/Random: ConsumerReceipt { Playback = Playback { Tick = 116, Cycles = 61434, Flags = Started }, SumBits = 1192729973, TrackOffsets = 364776, Enters = 119519, Stays = 10248, Exits = 1588, Callbacks = 131355, Audit = 12332555947448341917 }
Preparation receipt: 3005679531960
OverheadJitting  1: 65536 op, 103430.00 ns, 1.5782 ns/op
WorkloadJitting  1: 65536 op, 1599463.00 ns, 24.4059 ns/op

OverheadJitting  2: 1048576 op, 121177.00 ns, 0.1156 ns/op
WorkloadJitting  2: 1048576 op, 23516982.00 ns, 22.4275 ns/op

WorkloadPilot    1: 1048576 op, 23402956.00 ns, 22.3188 ns/op
WorkloadPilot    2: 11534336 op, 256453976.00 ns, 22.2340 ns/op

OverheadWarmup   1: 11534336 op, 566.00 ns, 0.0000 ns/op
OverheadWarmup   2: 11534336 op, 288.00 ns, 0.0000 ns/op
OverheadWarmup   3: 11534336 op, 277.00 ns, 0.0000 ns/op
OverheadWarmup   4: 11534336 op, 245.00 ns, 0.0000 ns/op
OverheadWarmup   5: 11534336 op, 307.00 ns, 0.0000 ns/op
OverheadWarmup   6: 11534336 op, 279.00 ns, 0.0000 ns/op
OverheadWarmup   7: 11534336 op, 283.00 ns, 0.0000 ns/op
OverheadWarmup   8: 11534336 op, 279.00 ns, 0.0000 ns/op

OverheadActual   1: 11534336 op, 496.00 ns, 0.0000 ns/op
OverheadActual   2: 11534336 op, 502.00 ns, 0.0000 ns/op
OverheadActual   3: 11534336 op, 495.00 ns, 0.0000 ns/op
OverheadActual   4: 11534336 op, 448.00 ns, 0.0000 ns/op
OverheadActual   5: 11534336 op, 523.00 ns, 0.0000 ns/op
OverheadActual   6: 11534336 op, 265.00 ns, 0.0000 ns/op
OverheadActual   7: 11534336 op, 251.00 ns, 0.0000 ns/op
OverheadActual   8: 11534336 op, 269.00 ns, 0.0000 ns/op
OverheadActual   9: 11534336 op, 246.00 ns, 0.0000 ns/op
OverheadActual  10: 11534336 op, 255.00 ns, 0.0000 ns/op
OverheadActual  11: 11534336 op, 290.00 ns, 0.0000 ns/op
OverheadActual  12: 11534336 op, 278.00 ns, 0.0000 ns/op
OverheadActual  13: 11534336 op, 283.00 ns, 0.0000 ns/op
OverheadActual  14: 11534336 op, 287.00 ns, 0.0000 ns/op
OverheadActual  15: 11534336 op, 309.00 ns, 0.0000 ns/op
OverheadActual  16: 11534336 op, 306.00 ns, 0.0000 ns/op
OverheadActual  17: 11534336 op, 338.00 ns, 0.0000 ns/op
OverheadActual  18: 11534336 op, 464.00 ns, 0.0000 ns/op
OverheadActual  19: 11534336 op, 317.00 ns, 0.0000 ns/op
OverheadActual  20: 11534336 op, 299.00 ns, 0.0000 ns/op

WorkloadWarmup   1: 11534336 op, 256739030.00 ns, 22.2587 ns/op
WorkloadWarmup   2: 11534336 op, 256150521.00 ns, 22.2077 ns/op
WorkloadWarmup   3: 11534336 op, 255023077.00 ns, 22.1099 ns/op
WorkloadWarmup   4: 11534336 op, 255184805.00 ns, 22.1239 ns/op
WorkloadWarmup   5: 11534336 op, 256028264.00 ns, 22.1971 ns/op
WorkloadWarmup   6: 11534336 op, 256620275.00 ns, 22.2484 ns/op
WorkloadWarmup   7: 11534336 op, 296102299.00 ns, 25.6714 ns/op
WorkloadWarmup   8: 11534336 op, 258721633.00 ns, 22.4306 ns/op
WorkloadWarmup   9: 11534336 op, 255351230.00 ns, 22.1384 ns/op
WorkloadWarmup  10: 11534336 op, 255473802.00 ns, 22.1490 ns/op
WorkloadWarmup  11: 11534336 op, 256457781.00 ns, 22.2343 ns/op
WorkloadWarmup  12: 11534336 op, 255457300.00 ns, 22.1476 ns/op
WorkloadWarmup  13: 11534336 op, 255370611.00 ns, 22.1400 ns/op
WorkloadWarmup  14: 11534336 op, 255466997.00 ns, 22.1484 ns/op
WorkloadWarmup  15: 11534336 op, 262884247.00 ns, 22.7915 ns/op
WorkloadWarmup  16: 11534336 op, 256760549.00 ns, 22.2605 ns/op

// BeforeActualRun
WorkloadActual   1: 11534336 op, 255983476.00 ns, 22.1932 ns/op
WorkloadActual   2: 11534336 op, 255920202.00 ns, 22.1877 ns/op
WorkloadActual   3: 11534336 op, 256926076.00 ns, 22.2749 ns/op
WorkloadActual   4: 11534336 op, 257018696.00 ns, 22.2829 ns/op
WorkloadActual   5: 11534336 op, 255380768.00 ns, 22.1409 ns/op
WorkloadActual   6: 11534336 op, 255507096.00 ns, 22.1519 ns/op
WorkloadActual   7: 11534336 op, 256184941.00 ns, 22.2106 ns/op
WorkloadActual   8: 11534336 op, 270866292.00 ns, 23.4835 ns/op
WorkloadActual   9: 11534336 op, 255466737.00 ns, 22.1484 ns/op
WorkloadActual  10: 11534336 op, 256071651.00 ns, 22.2008 ns/op
WorkloadActual  11: 11534336 op, 255407390.00 ns, 22.1432 ns/op
WorkloadActual  12: 11534336 op, 254936770.00 ns, 22.1024 ns/op

// AfterActualRun
WorkloadResult   1: 11534336 op, 255983173.50 ns, 22.1931 ns/op
WorkloadResult   2: 11534336 op, 255919899.50 ns, 22.1877 ns/op
WorkloadResult   3: 11534336 op, 256925773.50 ns, 22.2749 ns/op
WorkloadResult   4: 11534336 op, 257018393.50 ns, 22.2829 ns/op
WorkloadResult   5: 11534336 op, 255380465.50 ns, 22.1409 ns/op
WorkloadResult   6: 11534336 op, 255506793.50 ns, 22.1518 ns/op
WorkloadResult   7: 11534336 op, 256184638.50 ns, 22.2106 ns/op
WorkloadResult   8: 11534336 op, 255466434.50 ns, 22.1483 ns/op
WorkloadResult   9: 11534336 op, 256071348.50 ns, 22.2008 ns/op
WorkloadResult  10: 11534336 op, 255407087.50 ns, 22.1432 ns/op
WorkloadResult  11: 11534336 op, 254936467.50 ns, 22.1024 ns/op
// GC:  0 0 0 0 11534336
// Threading:  0 0 11534336

// AfterAll
// Benchmark Process 591 has exited with code 0.

Mean = 22.185 ns, StdErr = 0.017 ns (0.08%), N = 11, StdDev = 0.056 ns
Min = 22.102 ns, Q1 = 22.146 ns, Median = 22.188 ns, Q3 = 22.206 ns, Max = 22.283 ns
IQR = 0.060 ns, LowerFence = 22.056 ns, UpperFence = 22.296 ns
ConfidenceInterval = [22.107 ns; 22.263 ns] (CI 99.9%), Margin = 0.078 ns (0.35% of Mean)
Skewness = 0.44, Kurtosis = 1.94, MValue = 2

// ** Remained 7 (13.0 %) benchmark(s) to run. Estimated finish 2026-09-09 10:22 (0h 1m from now) **
// **************************
// Benchmark: ConsumerBenchmarks<EffectConsumer>.FusedBatch8: JitCore4(IterationCount=12, IterationTime=250ms, WarmupCount=16) [Pattern=Random]
// *** Execute ***
// Launch: 1 / 1
// Execute: dotnet ConsumerFusion-JitCore4-1.dll --anonymousPipes 120 121 --benchmarkName "Tl.ConsumerFusion.ConsumerBenchmarks<EffectConsumer>.FusedBatch8(Pattern: Random)" --job JitCore4 --benchmarkId 47 in /home/i/Work/tl-consumer-fusion/benchmarks/ConsumerFusion/bin/Release/net10.0/ConsumerFusion-JitCore4-1/bin/Release/net10.0
// Failed to set up high priority (Permission denied). In order to run benchmarks with high priority, make sure you have the right permissions.
// BeforeAnythingElse

// Benchmark Process Environment Information:
// BenchmarkDotNet v0.15.8
// Runtime=.NET 10.0.11 (10.0.11, 10.0.1126.37416), X64 RyuJIT x86-64-v3
// GC=Concurrent Workstation
// HardwareIntrinsics=AVX2+BMI1+BMI2+F16C+FMA+LZCNT+MOVBE,AVX,SSE3+SSSE3+SSE4.1+SSE4.2+POPCNT,X86Base+SSE+SSE2,AES+PCLMUL,AvxVnni,SERIALIZE VectorSize=256
// Job: JitCore4(IterationCount=12, IterationTime=250ms, WarmupCount=16)

Generated source SHA-256: 7bdbf05933e474d7a938b65943dea9904c38e119da36a57eeee6037572f9e30f
Consumer source SHA-256: b6d3bebc1792904814ea060ef98da24a1bb83a7902917f967347d44ba9cc4197
EffectConsumer/Random: ConsumerReceipt { Playback = Playback { Tick = 116, Cycles = 61434, Flags = Started }, SumBits = 1192729973, TrackOffsets = 364776, Enters = 119519, Stays = 10248, Exits = 1588, Callbacks = 131355, Audit = 12332555947448341917 }
Preparation receipt: 3027148671474
OverheadJitting  1: 65536 op, 102128.00 ns, 1.5583 ns/op
WorkloadJitting  1: 65536 op, 979297.00 ns, 14.9429 ns/op

OverheadJitting  2: 1048576 op, 117919.00 ns, 0.1125 ns/op
WorkloadJitting  2: 1048576 op, 13435711.00 ns, 12.8133 ns/op

WorkloadPilot    1: 1048576 op, 13301208.00 ns, 12.6850 ns/op
WorkloadPilot    2: 19922944 op, 249913961.00 ns, 12.5440 ns/op

OverheadWarmup   1: 19922944 op, 674.00 ns, 0.0000 ns/op
OverheadWarmup   2: 19922944 op, 492.00 ns, 0.0000 ns/op
OverheadWarmup   3: 19922944 op, 468.00 ns, 0.0000 ns/op
OverheadWarmup   4: 19922944 op, 482.00 ns, 0.0000 ns/op
OverheadWarmup   5: 19922944 op, 536.00 ns, 0.0000 ns/op
OverheadWarmup   6: 19922944 op, 521.00 ns, 0.0000 ns/op
OverheadWarmup   7: 19922944 op, 515.00 ns, 0.0000 ns/op
OverheadWarmup   8: 19922944 op, 491.00 ns, 0.0000 ns/op
OverheadWarmup   9: 19922944 op, 528.00 ns, 0.0000 ns/op
OverheadWarmup  10: 19922944 op, 527.00 ns, 0.0000 ns/op

OverheadActual   1: 19922944 op, 696.00 ns, 0.0000 ns/op
OverheadActual   2: 19922944 op, 700.00 ns, 0.0000 ns/op
OverheadActual   3: 19922944 op, 727.00 ns, 0.0000 ns/op
OverheadActual   4: 19922944 op, 576.00 ns, 0.0000 ns/op
OverheadActual   5: 19922944 op, 702.00 ns, 0.0000 ns/op
OverheadActual   6: 19922944 op, 472.00 ns, 0.0000 ns/op
OverheadActual   7: 19922944 op, 522.00 ns, 0.0000 ns/op
OverheadActual   8: 19922944 op, 491.00 ns, 0.0000 ns/op
OverheadActual   9: 19922944 op, 490.00 ns, 0.0000 ns/op
OverheadActual  10: 19922944 op, 473.00 ns, 0.0000 ns/op
OverheadActual  11: 19922944 op, 452.00 ns, 0.0000 ns/op
OverheadActual  12: 19922944 op, 483.00 ns, 0.0000 ns/op
OverheadActual  13: 19922944 op, 515.00 ns, 0.0000 ns/op
OverheadActual  14: 19922944 op, 514.00 ns, 0.0000 ns/op
OverheadActual  15: 19922944 op, 522.00 ns, 0.0000 ns/op
OverheadActual  16: 19922944 op, 524.00 ns, 0.0000 ns/op
OverheadActual  17: 19922944 op, 521.00 ns, 0.0000 ns/op
OverheadActual  18: 19922944 op, 700.00 ns, 0.0000 ns/op
OverheadActual  19: 19922944 op, 544.00 ns, 0.0000 ns/op
OverheadActual  20: 19922944 op, 531.00 ns, 0.0000 ns/op

WorkloadWarmup   1: 19922944 op, 249166584.00 ns, 12.5065 ns/op
WorkloadWarmup   2: 19922944 op, 249344646.00 ns, 12.5155 ns/op
WorkloadWarmup   3: 19922944 op, 249235955.00 ns, 12.5100 ns/op
WorkloadWarmup   4: 19922944 op, 249109618.00 ns, 12.5037 ns/op
WorkloadWarmup   5: 19922944 op, 249834394.00 ns, 12.5400 ns/op
WorkloadWarmup   6: 19922944 op, 249743635.00 ns, 12.5355 ns/op
WorkloadWarmup   7: 19922944 op, 281052264.00 ns, 14.1070 ns/op
WorkloadWarmup   8: 19922944 op, 249615305.00 ns, 12.5290 ns/op
WorkloadWarmup   9: 19922944 op, 249628125.00 ns, 12.5297 ns/op
WorkloadWarmup  10: 19922944 op, 249775597.00 ns, 12.5371 ns/op
WorkloadWarmup  11: 19922944 op, 248426933.00 ns, 12.4694 ns/op
WorkloadWarmup  12: 19922944 op, 249420816.00 ns, 12.5193 ns/op
WorkloadWarmup  13: 19922944 op, 249339938.00 ns, 12.5152 ns/op
WorkloadWarmup  14: 19922944 op, 249451673.00 ns, 12.5208 ns/op
WorkloadWarmup  15: 19922944 op, 248964925.00 ns, 12.4964 ns/op
WorkloadWarmup  16: 19922944 op, 266945275.00 ns, 13.3989 ns/op

// BeforeActualRun
WorkloadActual   1: 19922944 op, 249045168.00 ns, 12.5004 ns/op
WorkloadActual   2: 19922944 op, 249877631.00 ns, 12.5422 ns/op
WorkloadActual   3: 19922944 op, 249608492.00 ns, 12.5287 ns/op
WorkloadActual   4: 19922944 op, 250716321.00 ns, 12.5843 ns/op
WorkloadActual   5: 19922944 op, 249562767.00 ns, 12.5264 ns/op
WorkloadActual   6: 19922944 op, 249402223.00 ns, 12.5183 ns/op
WorkloadActual   7: 19922944 op, 249278845.00 ns, 12.5121 ns/op
WorkloadActual   8: 19922944 op, 249689987.00 ns, 12.5328 ns/op
WorkloadActual   9: 19922944 op, 264908394.00 ns, 13.2966 ns/op
WorkloadActual  10: 19922944 op, 250419211.00 ns, 12.5694 ns/op
WorkloadActual  11: 19922944 op, 249497475.00 ns, 12.5231 ns/op
WorkloadActual  12: 19922944 op, 251778815.00 ns, 12.6376 ns/op

// AfterActualRun
WorkloadResult   1: 19922944 op, 249044646.00 ns, 12.5004 ns/op
WorkloadResult   2: 19922944 op, 249877109.00 ns, 12.5422 ns/op
WorkloadResult   3: 19922944 op, 249607970.00 ns, 12.5287 ns/op
WorkloadResult   4: 19922944 op, 250715799.00 ns, 12.5843 ns/op
WorkloadResult   5: 19922944 op, 249562245.00 ns, 12.5264 ns/op
WorkloadResult   6: 19922944 op, 249401701.00 ns, 12.5183 ns/op
WorkloadResult   7: 19922944 op, 249278323.00 ns, 12.5121 ns/op
WorkloadResult   8: 19922944 op, 249689465.00 ns, 12.5328 ns/op
WorkloadResult   9: 19922944 op, 250418689.00 ns, 12.5694 ns/op
WorkloadResult  10: 19922944 op, 249496953.00 ns, 12.5231 ns/op
WorkloadResult  11: 19922944 op, 251778293.00 ns, 12.6376 ns/op
// GC:  0 0 0 0 19922944
// Threading:  0 0 19922944

// AfterAll
// Benchmark Process 598 has exited with code 0.

Mean = 12.543 ns, StdErr = 0.012 ns (0.10%), N = 11, StdDev = 0.040 ns
Min = 12.500 ns, Q1 = 12.521 ns, Median = 12.529 ns, Q3 = 12.556 ns, Max = 12.638 ns
IQR = 0.035 ns, LowerFence = 12.468 ns, UpperFence = 12.608 ns
ConfidenceInterval = [12.488 ns; 12.598 ns] (CI 99.9%), Margin = 0.055 ns (0.44% of Mean)
Skewness = 1.15, Kurtosis = 3.23, MValue = 2

// ** Remained 6 (11.1 %) benchmark(s) to run. Estimated finish 2026-09-09 10:22 (0h 1m from now) **
// **************************
// Benchmark: ConsumerBenchmarks<EffectConsumer>.InterpreterSingle: JitCore4(IterationCount=12, IterationTime=250ms, WarmupCount=16) [Pattern=Repeated]
// *** Execute ***
// Launch: 1 / 1
// Execute: dotnet ConsumerFusion-JitCore4-1.dll --anonymousPipes 122 123 --benchmarkName "Tl.ConsumerFusion.ConsumerBenchmarks<EffectConsumer>.InterpreterSingle(Pattern: Repeated)" --job JitCore4 --benchmarkId 48 in /home/i/Work/tl-consumer-fusion/benchmarks/ConsumerFusion/bin/Release/net10.0/ConsumerFusion-JitCore4-1/bin/Release/net10.0
// Failed to set up high priority (Permission denied). In order to run benchmarks with high priority, make sure you have the right permissions.
// BeforeAnythingElse

// Benchmark Process Environment Information:
// BenchmarkDotNet v0.15.8
// Runtime=.NET 10.0.11 (10.0.11, 10.0.1126.37416), X64 RyuJIT x86-64-v3
// GC=Concurrent Workstation
// HardwareIntrinsics=AVX2+BMI1+BMI2+F16C+FMA+LZCNT+MOVBE,AVX,SSE3+SSSE3+SSE4.1+SSE4.2+POPCNT,X86Base+SSE+SSE2,AES+PCLMUL,AvxVnni,SERIALIZE VectorSize=256
// Job: JitCore4(IterationCount=12, IterationTime=250ms, WarmupCount=16)

Generated source SHA-256: 7bdbf05933e474d7a938b65943dea9904c38e119da36a57eeee6037572f9e30f
Consumer source SHA-256: b6d3bebc1792904814ea060ef98da24a1bb83a7902917f967347d44ba9cc4197
EffectConsumer/Repeated: ConsumerReceipt { Playback = Playback { Tick = 321, Cycles = 0, Flags = Started }, SumBits = 1229029090, TrackOffsets = 524288, Enters = 3, Stays = 196605, Exits = 0, Callbacks = 196608, Audit = 1738624575507583903 }
Preparation receipt: 4505620643940
OverheadJitting  1: 65536 op, 108265.00 ns, 1.6520 ns/op
WorkloadJitting  1: 65536 op, 1454809.00 ns, 22.1986 ns/op

OverheadJitting  2: 1048576 op, 118184.00 ns, 0.1127 ns/op
WorkloadJitting  2: 1048576 op, 21747420.00 ns, 20.7400 ns/op

WorkloadPilot    1: 1048576 op, 21509272.00 ns, 20.5128 ns/op
WorkloadPilot    2: 12582912 op, 258320573.00 ns, 20.5295 ns/op

OverheadWarmup   1: 12582912 op, 575.00 ns, 0.0000 ns/op
OverheadWarmup   2: 12582912 op, 334.00 ns, 0.0000 ns/op
OverheadWarmup   3: 12582912 op, 329.00 ns, 0.0000 ns/op
OverheadWarmup   4: 12582912 op, 331.00 ns, 0.0000 ns/op
OverheadWarmup   5: 12582912 op, 367.00 ns, 0.0000 ns/op
OverheadWarmup   6: 12582912 op, 356.00 ns, 0.0000 ns/op
OverheadWarmup   7: 12582912 op, 374.00 ns, 0.0000 ns/op
OverheadWarmup   8: 12582912 op, 358.00 ns, 0.0000 ns/op

OverheadActual   1: 12582912 op, 522.00 ns, 0.0000 ns/op
OverheadActual   2: 12582912 op, 563.00 ns, 0.0000 ns/op
OverheadActual   3: 12582912 op, 534.00 ns, 0.0000 ns/op
OverheadActual   4: 12582912 op, 436.00 ns, 0.0000 ns/op
OverheadActual   5: 12582912 op, 522.00 ns, 0.0000 ns/op
OverheadActual   6: 12582912 op, 358.00 ns, 0.0000 ns/op
OverheadActual   7: 12582912 op, 350.00 ns, 0.0000 ns/op
OverheadActual   8: 12582912 op, 358.00 ns, 0.0000 ns/op
OverheadActual   9: 12582912 op, 364.00 ns, 0.0000 ns/op
OverheadActual  10: 12582912 op, 337.00 ns, 0.0000 ns/op
OverheadActual  11: 12582912 op, 376.00 ns, 0.0000 ns/op
OverheadActual  12: 12582912 op, 360.00 ns, 0.0000 ns/op
OverheadActual  13: 12582912 op, 346.00 ns, 0.0000 ns/op
OverheadActual  14: 12582912 op, 374.00 ns, 0.0000 ns/op
OverheadActual  15: 12582912 op, 338.00 ns, 0.0000 ns/op
OverheadActual  16: 12582912 op, 340.00 ns, 0.0000 ns/op
OverheadActual  17: 12582912 op, 380.00 ns, 0.0000 ns/op
OverheadActual  18: 12582912 op, 517.00 ns, 0.0000 ns/op
OverheadActual  19: 12582912 op, 413.00 ns, 0.0000 ns/op
OverheadActual  20: 12582912 op, 373.00 ns, 0.0000 ns/op

WorkloadWarmup   1: 12582912 op, 258984894.00 ns, 20.5823 ns/op
WorkloadWarmup   2: 12582912 op, 258513406.00 ns, 20.5448 ns/op
WorkloadWarmup   3: 12582912 op, 258797842.00 ns, 20.5674 ns/op
WorkloadWarmup   4: 12582912 op, 259240390.00 ns, 20.6026 ns/op
WorkloadWarmup   5: 12582912 op, 258105676.00 ns, 20.5124 ns/op
WorkloadWarmup   6: 12582912 op, 258437376.00 ns, 20.5388 ns/op
WorkloadWarmup   7: 12582912 op, 300025612.00 ns, 23.8439 ns/op
WorkloadWarmup   8: 12582912 op, 258737245.00 ns, 20.5626 ns/op
WorkloadWarmup   9: 12582912 op, 257824579.00 ns, 20.4901 ns/op
WorkloadWarmup  10: 12582912 op, 258234813.00 ns, 20.5227 ns/op
WorkloadWarmup  11: 12582912 op, 259027478.00 ns, 20.5857 ns/op
WorkloadWarmup  12: 12582912 op, 258549358.00 ns, 20.5477 ns/op
WorkloadWarmup  13: 12582912 op, 259240379.00 ns, 20.6026 ns/op
WorkloadWarmup  14: 12582912 op, 259827834.00 ns, 20.6493 ns/op
WorkloadWarmup  15: 12582912 op, 266169890.00 ns, 21.1533 ns/op
WorkloadWarmup  16: 12582912 op, 258942852.00 ns, 20.5789 ns/op

// BeforeActualRun
WorkloadActual   1: 12582912 op, 259764341.00 ns, 20.6442 ns/op
WorkloadActual   2: 12582912 op, 258846735.00 ns, 20.5713 ns/op
WorkloadActual   3: 12582912 op, 258774964.00 ns, 20.5656 ns/op
WorkloadActual   4: 12582912 op, 258254451.00 ns, 20.5242 ns/op
WorkloadActual   5: 12582912 op, 258231794.00 ns, 20.5224 ns/op
WorkloadActual   6: 12582912 op, 258207492.00 ns, 20.5205 ns/op
WorkloadActual   7: 12582912 op, 259197162.00 ns, 20.5991 ns/op
WorkloadActual   8: 12582912 op, 274603002.00 ns, 21.8235 ns/op
WorkloadActual   9: 12582912 op, 258325187.00 ns, 20.5298 ns/op
WorkloadActual  10: 12582912 op, 259310171.00 ns, 20.6081 ns/op
WorkloadActual  11: 12582912 op, 259209449.00 ns, 20.6001 ns/op
WorkloadActual  12: 12582912 op, 259560224.00 ns, 20.6280 ns/op

// AfterActualRun
WorkloadResult   1: 12582912 op, 259763967.50 ns, 20.6442 ns/op
WorkloadResult   2: 12582912 op, 258846361.50 ns, 20.5713 ns/op
WorkloadResult   3: 12582912 op, 258774590.50 ns, 20.5656 ns/op
WorkloadResult   4: 12582912 op, 258254077.50 ns, 20.5242 ns/op
WorkloadResult   5: 12582912 op, 258231420.50 ns, 20.5224 ns/op
WorkloadResult   6: 12582912 op, 258207118.50 ns, 20.5205 ns/op
WorkloadResult   7: 12582912 op, 259196788.50 ns, 20.5991 ns/op
WorkloadResult   8: 12582912 op, 258324813.50 ns, 20.5298 ns/op
WorkloadResult   9: 12582912 op, 259309797.50 ns, 20.6081 ns/op
WorkloadResult  10: 12582912 op, 259209075.50 ns, 20.6001 ns/op
WorkloadResult  11: 12582912 op, 259559850.50 ns, 20.6280 ns/op
// GC:  0 0 0 0 12582912
// Threading:  0 0 12582912

// AfterAll
// Benchmark Process 606 has exited with code 0.

Mean = 20.574 ns, StdErr = 0.014 ns (0.07%), N = 11, StdDev = 0.045 ns
Min = 20.520 ns, Q1 = 20.527 ns, Median = 20.571 ns, Q3 = 20.604 ns, Max = 20.644 ns
IQR = 0.077 ns, LowerFence = 20.411 ns, UpperFence = 20.720 ns
ConfidenceInterval = [20.512 ns; 20.636 ns] (CI 99.9%), Margin = 0.062 ns (0.30% of Mean)
Skewness = 0.08, Kurtosis = 1.32, MValue = 2

// ** Remained 5 (9.3 %) benchmark(s) to run. Estimated finish 2026-09-09 10:22 (0h 1m from now) **
// **************************
// Benchmark: ConsumerBenchmarks<EffectConsumer>.CompiledSingle: JitCore4(IterationCount=12, IterationTime=250ms, WarmupCount=16) [Pattern=Repeated]
// *** Execute ***
// Launch: 1 / 1
// Execute: dotnet ConsumerFusion-JitCore4-1.dll --anonymousPipes 120 121 --benchmarkName "Tl.ConsumerFusion.ConsumerBenchmarks<EffectConsumer>.CompiledSingle(Pattern: Repeated)" --job JitCore4 --benchmarkId 49 in /home/i/Work/tl-consumer-fusion/benchmarks/ConsumerFusion/bin/Release/net10.0/ConsumerFusion-JitCore4-1/bin/Release/net10.0
// Failed to set up high priority (Permission denied). In order to run benchmarks with high priority, make sure you have the right permissions.
// BeforeAnythingElse

// Benchmark Process Environment Information:
// BenchmarkDotNet v0.15.8
// Runtime=.NET 10.0.11 (10.0.11, 10.0.1126.37416), X64 RyuJIT x86-64-v3
// GC=Concurrent Workstation
// HardwareIntrinsics=AVX2+BMI1+BMI2+F16C+FMA+LZCNT+MOVBE,AVX,SSE3+SSSE3+SSE4.1+SSE4.2+POPCNT,X86Base+SSE+SSE2,AES+PCLMUL,AvxVnni,SERIALIZE VectorSize=256
// Job: JitCore4(IterationCount=12, IterationTime=250ms, WarmupCount=16)

Generated source SHA-256: 7bdbf05933e474d7a938b65943dea9904c38e119da36a57eeee6037572f9e30f
Consumer source SHA-256: b6d3bebc1792904814ea060ef98da24a1bb83a7902917f967347d44ba9cc4197
EffectConsumer/Repeated: ConsumerReceipt { Playback = Playback { Tick = 321, Cycles = 0, Flags = Started }, SumBits = 1229029090, TrackOffsets = 524288, Enters = 3, Stays = 196605, Exits = 0, Callbacks = 196608, Audit = 1738624575507583903 }
Preparation receipt: 4490872294860
OverheadJitting  1: 65536 op, 114722.00 ns, 1.7505 ns/op
WorkloadJitting  1: 65536 op, 1471153.00 ns, 22.4480 ns/op

OverheadJitting  2: 1048576 op, 137333.00 ns, 0.1310 ns/op
WorkloadJitting  2: 1048576 op, 20654132.00 ns, 19.6973 ns/op

WorkloadPilot    1: 1048576 op, 20535103.00 ns, 19.5838 ns/op
WorkloadPilot    2: 13631488 op, 266040659.00 ns, 19.5166 ns/op

OverheadWarmup   1: 13631488 op, 630.00 ns, 0.0000 ns/op
OverheadWarmup   2: 13631488 op, 399.00 ns, 0.0000 ns/op
OverheadWarmup   3: 13631488 op, 380.00 ns, 0.0000 ns/op
OverheadWarmup   4: 13631488 op, 359.00 ns, 0.0000 ns/op
OverheadWarmup   5: 13631488 op, 412.00 ns, 0.0000 ns/op
OverheadWarmup   6: 13631488 op, 391.00 ns, 0.0000 ns/op
OverheadWarmup   7: 13631488 op, 383.00 ns, 0.0000 ns/op
OverheadWarmup   8: 13631488 op, 380.00 ns, 0.0000 ns/op
OverheadWarmup   9: 13631488 op, 372.00 ns, 0.0000 ns/op
OverheadWarmup  10: 13631488 op, 382.00 ns, 0.0000 ns/op

OverheadActual   1: 13631488 op, 687.00 ns, 0.0001 ns/op
OverheadActual   2: 13631488 op, 567.00 ns, 0.0000 ns/op
OverheadActual   3: 13631488 op, 581.00 ns, 0.0000 ns/op
OverheadActual   4: 13631488 op, 409.00 ns, 0.0000 ns/op
OverheadActual   5: 13631488 op, 561.00 ns, 0.0000 ns/op
OverheadActual   6: 13631488 op, 383.00 ns, 0.0000 ns/op
OverheadActual   7: 13631488 op, 358.00 ns, 0.0000 ns/op
OverheadActual   8: 13631488 op, 372.00 ns, 0.0000 ns/op
OverheadActual   9: 13631488 op, 370.00 ns, 0.0000 ns/op
OverheadActual  10: 13631488 op, 372.00 ns, 0.0000 ns/op
OverheadActual  11: 13631488 op, 366.00 ns, 0.0000 ns/op
OverheadActual  12: 13631488 op, 379.00 ns, 0.0000 ns/op
OverheadActual  13: 13631488 op, 390.00 ns, 0.0000 ns/op
OverheadActual  14: 13631488 op, 386.00 ns, 0.0000 ns/op
OverheadActual  15: 13631488 op, 388.00 ns, 0.0000 ns/op
OverheadActual  16: 13631488 op, 392.00 ns, 0.0000 ns/op
OverheadActual  17: 13631488 op, 387.00 ns, 0.0000 ns/op

WorkloadWarmup   1: 13631488 op, 265955018.00 ns, 19.5103 ns/op
WorkloadWarmup   2: 13631488 op, 265762642.00 ns, 19.4962 ns/op
WorkloadWarmup   3: 13631488 op, 265735986.00 ns, 19.4943 ns/op
WorkloadWarmup   4: 13631488 op, 265741860.00 ns, 19.4947 ns/op
WorkloadWarmup   5: 13631488 op, 266018544.00 ns, 19.5150 ns/op
WorkloadWarmup   6: 13631488 op, 265793740.00 ns, 19.4985 ns/op
WorkloadWarmup   7: 13631488 op, 306383116.00 ns, 22.4761 ns/op
WorkloadWarmup   8: 13631488 op, 266017809.00 ns, 19.5150 ns/op
WorkloadWarmup   9: 13631488 op, 265923368.00 ns, 19.5080 ns/op
WorkloadWarmup  10: 13631488 op, 265841587.00 ns, 19.5020 ns/op
WorkloadWarmup  11: 13631488 op, 265857193.00 ns, 19.5032 ns/op
WorkloadWarmup  12: 13631488 op, 265696221.00 ns, 19.4914 ns/op
WorkloadWarmup  13: 13631488 op, 265741818.00 ns, 19.4947 ns/op
WorkloadWarmup  14: 13631488 op, 265912227.00 ns, 19.5072 ns/op
WorkloadWarmup  15: 13631488 op, 273166620.00 ns, 20.0394 ns/op
WorkloadWarmup  16: 13631488 op, 265826396.00 ns, 19.5009 ns/op

// BeforeActualRun
WorkloadActual   1: 13631488 op, 265876794.00 ns, 19.5046 ns/op
WorkloadActual   2: 13631488 op, 265700176.00 ns, 19.4916 ns/op
WorkloadActual   3: 13631488 op, 265769301.00 ns, 19.4967 ns/op
WorkloadActual   4: 13631488 op, 265722314.00 ns, 19.4933 ns/op
WorkloadActual   5: 13631488 op, 265630882.00 ns, 19.4866 ns/op
WorkloadActual   6: 13631488 op, 265764296.00 ns, 19.4964 ns/op
WorkloadActual   7: 13631488 op, 265888829.00 ns, 19.5055 ns/op
WorkloadActual   8: 13631488 op, 281362818.00 ns, 20.6407 ns/op
WorkloadActual   9: 13631488 op, 265824201.00 ns, 19.5007 ns/op
WorkloadActual  10: 13631488 op, 266374974.00 ns, 19.5412 ns/op
WorkloadActual  11: 13631488 op, 266019418.00 ns, 19.5151 ns/op
WorkloadActual  12: 13631488 op, 265685493.00 ns, 19.4906 ns/op

// AfterActualRun
WorkloadResult   1: 13631488 op, 265876407.00 ns, 19.5046 ns/op
WorkloadResult   2: 13631488 op, 265699789.00 ns, 19.4916 ns/op
WorkloadResult   3: 13631488 op, 265768914.00 ns, 19.4967 ns/op
WorkloadResult   4: 13631488 op, 265721927.00 ns, 19.4932 ns/op
WorkloadResult   5: 13631488 op, 265630495.00 ns, 19.4865 ns/op
WorkloadResult   6: 13631488 op, 265763909.00 ns, 19.4963 ns/op
WorkloadResult   7: 13631488 op, 265888442.00 ns, 19.5055 ns/op
WorkloadResult   8: 13631488 op, 265823814.00 ns, 19.5007 ns/op
WorkloadResult   9: 13631488 op, 266019031.00 ns, 19.5150 ns/op
WorkloadResult  10: 13631488 op, 265685106.00 ns, 19.4905 ns/op
// GC:  0 0 0 0 13631488
// Threading:  0 0 13631488

// AfterAll
// Benchmark Process 614 has exited with code 0.

Mean = 19.498 ns, StdErr = 0.003 ns (0.01%), N = 10, StdDev = 0.009 ns
Min = 19.487 ns, Q1 = 19.492 ns, Median = 19.497 ns, Q3 = 19.504 ns, Max = 19.515 ns
IQR = 0.012 ns, LowerFence = 19.475 ns, UpperFence = 19.521 ns
ConfidenceInterval = [19.485 ns; 19.511 ns] (CI 99.9%), Margin = 0.013 ns (0.07% of Mean)
Skewness = 0.52, Kurtosis = 2.12, MValue = 2

// ** Remained 4 (7.4 %) benchmark(s) to run. Estimated finish 2026-09-09 10:22 (0h 0m from now) **
// **************************
// Benchmark: ConsumerBenchmarks<EffectConsumer>.FusedSingle: JitCore4(IterationCount=12, IterationTime=250ms, WarmupCount=16) [Pattern=Repeated]
// *** Execute ***
// Launch: 1 / 1
// Execute: dotnet ConsumerFusion-JitCore4-1.dll --anonymousPipes 120 121 --benchmarkName "Tl.ConsumerFusion.ConsumerBenchmarks<EffectConsumer>.FusedSingle(Pattern: Repeated)" --job JitCore4 --benchmarkId 50 in /home/i/Work/tl-consumer-fusion/benchmarks/ConsumerFusion/bin/Release/net10.0/ConsumerFusion-JitCore4-1/bin/Release/net10.0
// Failed to set up high priority (Permission denied). In order to run benchmarks with high priority, make sure you have the right permissions.
// BeforeAnythingElse

// Benchmark Process Environment Information:
// BenchmarkDotNet v0.15.8
// Runtime=.NET 10.0.11 (10.0.11, 10.0.1126.37416), X64 RyuJIT x86-64-v3
// GC=Concurrent Workstation
// HardwareIntrinsics=AVX2+BMI1+BMI2+F16C+FMA+LZCNT+MOVBE,AVX,SSE3+SSSE3+SSE4.1+SSE4.2+POPCNT,X86Base+SSE+SSE2,AES+PCLMUL,AvxVnni,SERIALIZE VectorSize=256
// Job: JitCore4(IterationCount=12, IterationTime=250ms, WarmupCount=16)

Generated source SHA-256: 7bdbf05933e474d7a938b65943dea9904c38e119da36a57eeee6037572f9e30f
Consumer source SHA-256: b6d3bebc1792904814ea060ef98da24a1bb83a7902917f967347d44ba9cc4197
EffectConsumer/Repeated: ConsumerReceipt { Playback = Playback { Tick = 321, Cycles = 0, Flags = Started }, SumBits = 1229029090, TrackOffsets = 524288, Enters = 3, Stays = 196605, Exits = 0, Callbacks = 196608, Audit = 1738624575507583903 }
Preparation receipt: 4498246469400
OverheadJitting  1: 65536 op, 105513.00 ns, 1.6100 ns/op
WorkloadJitting  1: 65536 op, 613908.00 ns, 9.3675 ns/op

OverheadJitting  2: 1048576 op, 124763.00 ns, 0.1190 ns/op
WorkloadJitting  2: 1048576 op, 6838115.00 ns, 6.5213 ns/op

WorkloadPilot    1: 1048576 op, 6755257.00 ns, 6.4423 ns/op
WorkloadPilot    2: 38797312 op, 255116306.00 ns, 6.5756 ns/op

OverheadWarmup   1: 38797312 op, 1131.00 ns, 0.0000 ns/op
OverheadWarmup   2: 38797312 op, 885.00 ns, 0.0000 ns/op
OverheadWarmup   3: 38797312 op, 816.00 ns, 0.0000 ns/op
OverheadWarmup   4: 38797312 op, 818.00 ns, 0.0000 ns/op
OverheadWarmup   5: 38797312 op, 891.00 ns, 0.0000 ns/op
OverheadWarmup   6: 38797312 op, 842.00 ns, 0.0000 ns/op
OverheadWarmup   7: 38797312 op, 831.00 ns, 0.0000 ns/op
OverheadWarmup   8: 38797312 op, 822.00 ns, 0.0000 ns/op
OverheadWarmup   9: 38797312 op, 834.00 ns, 0.0000 ns/op
OverheadWarmup  10: 38797312 op, 833.00 ns, 0.0000 ns/op

OverheadActual   1: 38797312 op, 1113.00 ns, 0.0000 ns/op
OverheadActual   2: 38797312 op, 1012.00 ns, 0.0000 ns/op
OverheadActual   3: 38797312 op, 1022.00 ns, 0.0000 ns/op
OverheadActual   4: 38797312 op, 909.00 ns, 0.0000 ns/op
OverheadActual   5: 38797312 op, 1004.00 ns, 0.0000 ns/op
OverheadActual   6: 38797312 op, 869.00 ns, 0.0000 ns/op
OverheadActual   7: 38797312 op, 820.00 ns, 0.0000 ns/op
OverheadActual   8: 38797312 op, 831.00 ns, 0.0000 ns/op
OverheadActual   9: 38797312 op, 832.00 ns, 0.0000 ns/op
OverheadActual  10: 38797312 op, 804.00 ns, 0.0000 ns/op
OverheadActual  11: 38797312 op, 810.00 ns, 0.0000 ns/op
OverheadActual  12: 38797312 op, 818.00 ns, 0.0000 ns/op
OverheadActual  13: 38797312 op, 836.00 ns, 0.0000 ns/op
OverheadActual  14: 38797312 op, 850.00 ns, 0.0000 ns/op
OverheadActual  15: 38797312 op, 856.00 ns, 0.0000 ns/op
OverheadActual  16: 38797312 op, 838.00 ns, 0.0000 ns/op
OverheadActual  17: 38797312 op, 854.00 ns, 0.0000 ns/op
OverheadActual  18: 38797312 op, 992.00 ns, 0.0000 ns/op
OverheadActual  19: 38797312 op, 886.00 ns, 0.0000 ns/op
OverheadActual  20: 38797312 op, 892.00 ns, 0.0000 ns/op

WorkloadWarmup   1: 38797312 op, 255240064.00 ns, 6.5788 ns/op
WorkloadWarmup   2: 38797312 op, 255532130.00 ns, 6.5863 ns/op
WorkloadWarmup   3: 38797312 op, 256749624.00 ns, 6.6177 ns/op
WorkloadWarmup   4: 38797312 op, 253554187.00 ns, 6.5354 ns/op
WorkloadWarmup   5: 38797312 op, 251426274.00 ns, 6.4805 ns/op
WorkloadWarmup   6: 38797312 op, 253968318.00 ns, 6.5460 ns/op
WorkloadWarmup   7: 38797312 op, 295490927.00 ns, 7.6163 ns/op
WorkloadWarmup   8: 38797312 op, 254115602.00 ns, 6.5498 ns/op
WorkloadWarmup   9: 38797312 op, 251839609.00 ns, 6.4912 ns/op
WorkloadWarmup  10: 38797312 op, 252048125.00 ns, 6.4965 ns/op
WorkloadWarmup  11: 38797312 op, 253553045.00 ns, 6.5353 ns/op
WorkloadWarmup  12: 38797312 op, 251428546.00 ns, 6.4806 ns/op
WorkloadWarmup  13: 38797312 op, 251341672.00 ns, 6.4783 ns/op
WorkloadWarmup  14: 38797312 op, 251551763.00 ns, 6.4837 ns/op
WorkloadWarmup  15: 38797312 op, 259751464.00 ns, 6.6951 ns/op
WorkloadWarmup  16: 38797312 op, 253027899.00 ns, 6.5218 ns/op

// BeforeActualRun
WorkloadActual   1: 38797312 op, 252088527.00 ns, 6.4976 ns/op
WorkloadActual   2: 38797312 op, 253933743.00 ns, 6.5451 ns/op
WorkloadActual   3: 38797312 op, 254018563.00 ns, 6.5473 ns/op
WorkloadActual   4: 38797312 op, 251342753.00 ns, 6.4784 ns/op
WorkloadActual   5: 38797312 op, 251774635.00 ns, 6.4895 ns/op
WorkloadActual   6: 38797312 op, 252570950.00 ns, 6.5100 ns/op
WorkloadActual   7: 38797312 op, 253219418.00 ns, 6.5267 ns/op
WorkloadActual   8: 38797312 op, 261047545.00 ns, 6.7285 ns/op
WorkloadActual   9: 38797312 op, 257444510.00 ns, 6.6356 ns/op
WorkloadActual  10: 38797312 op, 253531332.00 ns, 6.5348 ns/op
WorkloadActual  11: 38797312 op, 258245587.00 ns, 6.6563 ns/op
WorkloadActual  12: 38797312 op, 255637270.00 ns, 6.5890 ns/op

// AfterActualRun
WorkloadResult   1: 38797312 op, 252087672.00 ns, 6.4976 ns/op
WorkloadResult   2: 38797312 op, 253932888.00 ns, 6.5451 ns/op
WorkloadResult   3: 38797312 op, 254017708.00 ns, 6.5473 ns/op
WorkloadResult   4: 38797312 op, 251341898.00 ns, 6.4783 ns/op
WorkloadResult   5: 38797312 op, 251773780.00 ns, 6.4895 ns/op
WorkloadResult   6: 38797312 op, 252570095.00 ns, 6.5100 ns/op
WorkloadResult   7: 38797312 op, 253218563.00 ns, 6.5267 ns/op
WorkloadResult   8: 38797312 op, 261046690.00 ns, 6.7285 ns/op
WorkloadResult   9: 38797312 op, 257443655.00 ns, 6.6356 ns/op
WorkloadResult  10: 38797312 op, 253530477.00 ns, 6.5347 ns/op
WorkloadResult  11: 38797312 op, 258244732.00 ns, 6.6563 ns/op
WorkloadResult  12: 38797312 op, 255636415.00 ns, 6.5890 ns/op
// GC:  0 0 0 0 38797312
// Threading:  0 0 38797312

// AfterAll
// Benchmark Process 621 has exited with code 0.

Mean = 6.562 ns, StdErr = 0.022 ns (0.34%), N = 12, StdDev = 0.076 ns
Min = 6.478 ns, Q1 = 6.507 ns, Median = 6.540 ns, Q3 = 6.601 ns, Max = 6.728 ns
IQR = 0.094 ns, LowerFence = 6.366 ns, UpperFence = 6.741 ns
ConfidenceInterval = [6.464 ns; 6.660 ns] (CI 99.9%), Margin = 0.098 ns (1.49% of Mean)
Skewness = 0.84, Kurtosis = 2.41, MValue = 2

// ** Remained 3 (5.6 %) benchmark(s) to run. Estimated finish 2026-09-09 10:22 (0h 0m from now) **
// **************************
// Benchmark: ConsumerBenchmarks<EffectConsumer>.InterpreterBatch8: JitCore4(IterationCount=12, IterationTime=250ms, WarmupCount=16) [Pattern=Repeated]
// *** Execute ***
// Launch: 1 / 1
// Execute: dotnet ConsumerFusion-JitCore4-1.dll --anonymousPipes 122 123 --benchmarkName "Tl.ConsumerFusion.ConsumerBenchmarks<EffectConsumer>.InterpreterBatch8(Pattern: Repeated)" --job JitCore4 --benchmarkId 51 in /home/i/Work/tl-consumer-fusion/benchmarks/ConsumerFusion/bin/Release/net10.0/ConsumerFusion-JitCore4-1/bin/Release/net10.0
// Failed to set up high priority (Permission denied). In order to run benchmarks with high priority, make sure you have the right permissions.
// BeforeAnythingElse

// Benchmark Process Environment Information:
// BenchmarkDotNet v0.15.8
// Runtime=.NET 10.0.11 (10.0.11, 10.0.1126.37416), X64 RyuJIT x86-64-v3
// GC=Concurrent Workstation
// HardwareIntrinsics=AVX2+BMI1+BMI2+F16C+FMA+LZCNT+MOVBE,AVX,SSE3+SSSE3+SSE4.1+SSE4.2+POPCNT,X86Base+SSE+SSE2,AES+PCLMUL,AvxVnni,SERIALIZE VectorSize=256
// Job: JitCore4(IterationCount=12, IterationTime=250ms, WarmupCount=16)

Generated source SHA-256: 7bdbf05933e474d7a938b65943dea9904c38e119da36a57eeee6037572f9e30f
Consumer source SHA-256: b6d3bebc1792904814ea060ef98da24a1bb83a7902917f967347d44ba9cc4197
EffectConsumer/Repeated: ConsumerReceipt { Playback = Playback { Tick = 321, Cycles = 0, Flags = Started }, SumBits = 1229029090, TrackOffsets = 524288, Enters = 3, Stays = 196605, Exits = 0, Callbacks = 196608, Audit = 1738624575507583903 }
Preparation receipt: 4498246469400
OverheadJitting  1: 65536 op, 100855.00 ns, 1.5389 ns/op
WorkloadJitting  1: 65536 op, 1174852.00 ns, 17.9268 ns/op

OverheadJitting  2: 1048576 op, 116738.00 ns, 0.1113 ns/op
WorkloadJitting  2: 1048576 op, 16892075.00 ns, 16.1095 ns/op

WorkloadPilot    1: 1048576 op, 16703767.00 ns, 15.9300 ns/op
WorkloadPilot    2: 15728640 op, 249873683.00 ns, 15.8865 ns/op

OverheadWarmup   1: 15728640 op, 568.00 ns, 0.0000 ns/op
OverheadWarmup   2: 15728640 op, 395.00 ns, 0.0000 ns/op
OverheadWarmup   3: 15728640 op, 343.00 ns, 0.0000 ns/op
OverheadWarmup   4: 15728640 op, 342.00 ns, 0.0000 ns/op
OverheadWarmup   5: 15728640 op, 374.00 ns, 0.0000 ns/op
OverheadWarmup   6: 15728640 op, 363.00 ns, 0.0000 ns/op
OverheadWarmup   7: 15728640 op, 362.00 ns, 0.0000 ns/op
OverheadWarmup   8: 15728640 op, 381.00 ns, 0.0000 ns/op
OverheadWarmup   9: 15728640 op, 357.00 ns, 0.0000 ns/op

OverheadActual   1: 15728640 op, 689.00 ns, 0.0000 ns/op
OverheadActual   2: 15728640 op, 585.00 ns, 0.0000 ns/op
OverheadActual   3: 15728640 op, 565.00 ns, 0.0000 ns/op
OverheadActual   4: 15728640 op, 401.00 ns, 0.0000 ns/op
OverheadActual   5: 15728640 op, 561.00 ns, 0.0000 ns/op
OverheadActual   6: 15728640 op, 397.00 ns, 0.0000 ns/op
OverheadActual   7: 15728640 op, 355.00 ns, 0.0000 ns/op
OverheadActual   8: 15728640 op, 355.00 ns, 0.0000 ns/op
OverheadActual   9: 15728640 op, 355.00 ns, 0.0000 ns/op
OverheadActual  10: 15728640 op, 352.00 ns, 0.0000 ns/op
OverheadActual  11: 15728640 op, 355.00 ns, 0.0000 ns/op
OverheadActual  12: 15728640 op, 373.00 ns, 0.0000 ns/op
OverheadActual  13: 15728640 op, 367.00 ns, 0.0000 ns/op
OverheadActual  14: 15728640 op, 374.00 ns, 0.0000 ns/op
OverheadActual  15: 15728640 op, 358.00 ns, 0.0000 ns/op
OverheadActual  16: 15728640 op, 380.00 ns, 0.0000 ns/op
OverheadActual  17: 15728640 op, 391.00 ns, 0.0000 ns/op
OverheadActual  18: 15728640 op, 550.00 ns, 0.0000 ns/op
OverheadActual  19: 15728640 op, 435.00 ns, 0.0000 ns/op
OverheadActual  20: 15728640 op, 386.00 ns, 0.0000 ns/op

WorkloadWarmup   1: 15728640 op, 250962786.00 ns, 15.9558 ns/op
WorkloadWarmup   2: 15728640 op, 251003606.00 ns, 15.9584 ns/op
WorkloadWarmup   3: 15728640 op, 250351377.00 ns, 15.9169 ns/op
WorkloadWarmup   4: 15728640 op, 251344025.00 ns, 15.9800 ns/op
WorkloadWarmup   5: 15728640 op, 251521547.00 ns, 15.9913 ns/op
WorkloadWarmup   6: 15728640 op, 249845335.00 ns, 15.8847 ns/op
WorkloadWarmup   7: 15728640 op, 283344250.00 ns, 18.0145 ns/op
WorkloadWarmup   8: 15728640 op, 250371366.00 ns, 15.9182 ns/op
WorkloadWarmup   9: 15728640 op, 252487185.00 ns, 16.0527 ns/op
WorkloadWarmup  10: 15728640 op, 250776002.00 ns, 15.9439 ns/op
WorkloadWarmup  11: 15728640 op, 250019714.00 ns, 15.8958 ns/op
WorkloadWarmup  12: 15728640 op, 250161614.00 ns, 15.9048 ns/op
WorkloadWarmup  13: 15728640 op, 251124937.00 ns, 15.9661 ns/op
WorkloadWarmup  14: 15728640 op, 250981580.00 ns, 15.9570 ns/op
WorkloadWarmup  15: 15728640 op, 255117660.00 ns, 16.2199 ns/op
WorkloadWarmup  16: 15728640 op, 261816568.00 ns, 16.6458 ns/op

// BeforeActualRun
WorkloadActual   1: 15728640 op, 250924690.00 ns, 15.9534 ns/op
WorkloadActual   2: 15728640 op, 251057302.00 ns, 15.9618 ns/op
WorkloadActual   3: 15728640 op, 251592130.00 ns, 15.9958 ns/op
WorkloadActual   4: 15728640 op, 249386920.00 ns, 15.8556 ns/op
WorkloadActual   5: 15728640 op, 251040879.00 ns, 15.9607 ns/op
WorkloadActual   6: 15728640 op, 250531402.00 ns, 15.9284 ns/op
WorkloadActual   7: 15728640 op, 250132969.00 ns, 15.9030 ns/op
WorkloadActual   8: 15728640 op, 254380533.00 ns, 16.1731 ns/op
WorkloadActual   9: 15728640 op, 262038934.00 ns, 16.6600 ns/op
WorkloadActual  10: 15728640 op, 249973657.00 ns, 15.8929 ns/op
WorkloadActual  11: 15728640 op, 250369013.00 ns, 15.9180 ns/op
WorkloadActual  12: 15728640 op, 250236610.00 ns, 15.9096 ns/op

// AfterActualRun
WorkloadResult   1: 15728640 op, 250924307.00 ns, 15.9533 ns/op
WorkloadResult   2: 15728640 op, 251056919.00 ns, 15.9618 ns/op
WorkloadResult   3: 15728640 op, 251591747.00 ns, 15.9958 ns/op
WorkloadResult   4: 15728640 op, 249386537.00 ns, 15.8556 ns/op
WorkloadResult   5: 15728640 op, 251040496.00 ns, 15.9607 ns/op
WorkloadResult   6: 15728640 op, 250531019.00 ns, 15.9283 ns/op
WorkloadResult   7: 15728640 op, 250132586.00 ns, 15.9030 ns/op
WorkloadResult   8: 15728640 op, 249973274.00 ns, 15.8929 ns/op
WorkloadResult   9: 15728640 op, 250368630.00 ns, 15.9180 ns/op
WorkloadResult  10: 15728640 op, 250236227.00 ns, 15.9096 ns/op
// GC:  0 0 0 0 15728640
// Threading:  0 0 15728640

// AfterAll
// Benchmark Process 629 has exited with code 0.

Mean = 15.928 ns, StdErr = 0.013 ns (0.08%), N = 10, StdDev = 0.041 ns
Min = 15.856 ns, Q1 = 15.905 ns, Median = 15.923 ns, Q3 = 15.959 ns, Max = 15.996 ns
IQR = 0.054 ns, LowerFence = 15.823 ns, UpperFence = 16.040 ns
ConfidenceInterval = [15.866 ns; 15.990 ns] (CI 99.9%), Margin = 0.062 ns (0.39% of Mean)
Skewness = -0.06, Kurtosis = 1.93, MValue = 2

// ** Remained 2 (3.7 %) benchmark(s) to run. Estimated finish 2026-09-09 10:22 (0h 0m from now) **
// **************************
// Benchmark: ConsumerBenchmarks<EffectConsumer>.CompiledBatch8: JitCore4(IterationCount=12, IterationTime=250ms, WarmupCount=16) [Pattern=Repeated]
// *** Execute ***
// Launch: 1 / 1
// Execute: dotnet ConsumerFusion-JitCore4-1.dll --anonymousPipes 120 121 --benchmarkName "Tl.ConsumerFusion.ConsumerBenchmarks<EffectConsumer>.CompiledBatch8(Pattern: Repeated)" --job JitCore4 --benchmarkId 52 in /home/i/Work/tl-consumer-fusion/benchmarks/ConsumerFusion/bin/Release/net10.0/ConsumerFusion-JitCore4-1/bin/Release/net10.0
// Failed to set up high priority (Permission denied). In order to run benchmarks with high priority, make sure you have the right permissions.
// BeforeAnythingElse

// Benchmark Process Environment Information:
// BenchmarkDotNet v0.15.8
// Runtime=.NET 10.0.11 (10.0.11, 10.0.1126.37416), X64 RyuJIT x86-64-v3
// GC=Concurrent Workstation
// HardwareIntrinsics=AVX2+BMI1+BMI2+F16C+FMA+LZCNT+MOVBE,AVX,SSE3+SSSE3+SSE4.1+SSE4.2+POPCNT,X86Base+SSE+SSE2,AES+PCLMUL,AvxVnni,SERIALIZE VectorSize=256
// Job: JitCore4(IterationCount=12, IterationTime=250ms, WarmupCount=16)

Generated source SHA-256: 7bdbf05933e474d7a938b65943dea9904c38e119da36a57eeee6037572f9e30f
Consumer source SHA-256: b6d3bebc1792904814ea060ef98da24a1bb83a7902917f967347d44ba9cc4197
EffectConsumer/Repeated: ConsumerReceipt { Playback = Playback { Tick = 321, Cycles = 0, Flags = Started }, SumBits = 1229029090, TrackOffsets = 524288, Enters = 3, Stays = 196605, Exits = 0, Callbacks = 196608, Audit = 1738624575507583903 }
Preparation receipt: 4461375596700
OverheadJitting  1: 65536 op, 103792.00 ns, 1.5837 ns/op
WorkloadJitting  1: 65536 op, 1080552.00 ns, 16.4879 ns/op

OverheadJitting  2: 1048576 op, 117394.00 ns, 0.1120 ns/op
WorkloadJitting  2: 1048576 op, 15173425.00 ns, 14.4705 ns/op

WorkloadPilot    1: 1048576 op, 14980114.00 ns, 14.2861 ns/op
WorkloadPilot    2: 17825792 op, 253880778.00 ns, 14.2423 ns/op

OverheadWarmup   1: 17825792 op, 681.00 ns, 0.0000 ns/op
OverheadWarmup   2: 17825792 op, 439.00 ns, 0.0000 ns/op
OverheadWarmup   3: 17825792 op, 395.00 ns, 0.0000 ns/op
OverheadWarmup   4: 17825792 op, 378.00 ns, 0.0000 ns/op
OverheadWarmup   5: 17825792 op, 422.00 ns, 0.0000 ns/op
OverheadWarmup   6: 17825792 op, 425.00 ns, 0.0000 ns/op
OverheadWarmup   7: 17825792 op, 429.00 ns, 0.0000 ns/op
OverheadWarmup   8: 17825792 op, 415.00 ns, 0.0000 ns/op
OverheadWarmup   9: 17825792 op, 393.00 ns, 0.0000 ns/op
OverheadWarmup  10: 17825792 op, 402.00 ns, 0.0000 ns/op

OverheadActual   1: 17825792 op, 714.00 ns, 0.0000 ns/op
OverheadActual   2: 17825792 op, 599.00 ns, 0.0000 ns/op
OverheadActual   3: 17825792 op, 601.00 ns, 0.0000 ns/op
OverheadActual   4: 17825792 op, 441.00 ns, 0.0000 ns/op
OverheadActual   5: 17825792 op, 611.00 ns, 0.0000 ns/op
OverheadActual   6: 17825792 op, 416.00 ns, 0.0000 ns/op
OverheadActual   7: 17825792 op, 396.00 ns, 0.0000 ns/op
OverheadActual   8: 17825792 op, 400.00 ns, 0.0000 ns/op
OverheadActual   9: 17825792 op, 394.00 ns, 0.0000 ns/op
OverheadActual  10: 17825792 op, 383.00 ns, 0.0000 ns/op
OverheadActual  11: 17825792 op, 387.00 ns, 0.0000 ns/op
OverheadActual  12: 17825792 op, 406.00 ns, 0.0000 ns/op
OverheadActual  13: 17825792 op, 398.00 ns, 0.0000 ns/op
OverheadActual  14: 17825792 op, 410.00 ns, 0.0000 ns/op
OverheadActual  15: 17825792 op, 420.00 ns, 0.0000 ns/op
OverheadActual  16: 17825792 op, 430.00 ns, 0.0000 ns/op
OverheadActual  17: 17825792 op, 428.00 ns, 0.0000 ns/op
OverheadActual  18: 17825792 op, 621.00 ns, 0.0000 ns/op
OverheadActual  19: 17825792 op, 456.00 ns, 0.0000 ns/op
OverheadActual  20: 17825792 op, 415.00 ns, 0.0000 ns/op

WorkloadWarmup   1: 17825792 op, 254249055.00 ns, 14.2630 ns/op
WorkloadWarmup   2: 17825792 op, 253751936.00 ns, 14.2351 ns/op
WorkloadWarmup   3: 17825792 op, 253788897.00 ns, 14.2372 ns/op
WorkloadWarmup   4: 17825792 op, 254028780.00 ns, 14.2506 ns/op
WorkloadWarmup   5: 17825792 op, 253965981.00 ns, 14.2471 ns/op
WorkloadWarmup   6: 17825792 op, 253511192.00 ns, 14.2216 ns/op
WorkloadWarmup   7: 17825792 op, 291085253.00 ns, 16.3294 ns/op
WorkloadWarmup   8: 17825792 op, 253765223.00 ns, 14.2358 ns/op
WorkloadWarmup   9: 17825792 op, 253487326.00 ns, 14.2203 ns/op
WorkloadWarmup  10: 17825792 op, 254254254.00 ns, 14.2633 ns/op
WorkloadWarmup  11: 17825792 op, 253566764.00 ns, 14.2247 ns/op
WorkloadWarmup  12: 17825792 op, 253588355.00 ns, 14.2259 ns/op
WorkloadWarmup  13: 17825792 op, 254137345.00 ns, 14.2567 ns/op
WorkloadWarmup  14: 17825792 op, 253974408.00 ns, 14.2476 ns/op
WorkloadWarmup  15: 17825792 op, 265445966.00 ns, 14.8911 ns/op
WorkloadWarmup  16: 17825792 op, 254570748.00 ns, 14.2810 ns/op

// BeforeActualRun
WorkloadActual   1: 17825792 op, 253609878.00 ns, 14.2271 ns/op
WorkloadActual   2: 17825792 op, 253664147.00 ns, 14.2302 ns/op
WorkloadActual   3: 17825792 op, 253635853.00 ns, 14.2286 ns/op
WorkloadActual   4: 17825792 op, 256450433.00 ns, 14.3865 ns/op
WorkloadActual   5: 17825792 op, 256596768.00 ns, 14.3947 ns/op
WorkloadActual   6: 17825792 op, 256533439.00 ns, 14.3911 ns/op
WorkloadActual   7: 17825792 op, 254966242.00 ns, 14.3032 ns/op
WorkloadActual   8: 17825792 op, 270362566.00 ns, 15.1669 ns/op
WorkloadActual   9: 17825792 op, 253876731.00 ns, 14.2421 ns/op
WorkloadActual  10: 17825792 op, 254574745.00 ns, 14.2813 ns/op
WorkloadActual  11: 17825792 op, 253869838.00 ns, 14.2417 ns/op
WorkloadActual  12: 17825792 op, 253582068.00 ns, 14.2256 ns/op

// AfterActualRun
WorkloadResult   1: 17825792 op, 253609460.00 ns, 14.2271 ns/op
WorkloadResult   2: 17825792 op, 253663729.00 ns, 14.2302 ns/op
WorkloadResult   3: 17825792 op, 253635435.00 ns, 14.2286 ns/op
WorkloadResult   4: 17825792 op, 256450015.00 ns, 14.3865 ns/op
WorkloadResult   5: 17825792 op, 256596350.00 ns, 14.3947 ns/op
WorkloadResult   6: 17825792 op, 256533021.00 ns, 14.3911 ns/op
WorkloadResult   7: 17825792 op, 254965824.00 ns, 14.3032 ns/op
WorkloadResult   8: 17825792 op, 253876313.00 ns, 14.2421 ns/op
WorkloadResult   9: 17825792 op, 254574327.00 ns, 14.2812 ns/op
WorkloadResult  10: 17825792 op, 253869420.00 ns, 14.2417 ns/op
WorkloadResult  11: 17825792 op, 253581650.00 ns, 14.2255 ns/op
// GC:  0 0 0 0 17825792
// Threading:  0 0 17825792

// AfterAll
// Benchmark Process 636 has exited with code 0.

Mean = 14.287 ns, StdErr = 0.021 ns (0.15%), N = 11, StdDev = 0.071 ns
Min = 14.226 ns, Q1 = 14.229 ns, Median = 14.242 ns, Q3 = 14.345 ns, Max = 14.395 ns
IQR = 0.115 ns, LowerFence = 14.056 ns, UpperFence = 14.518 ns
ConfidenceInterval = [14.188 ns; 14.385 ns] (CI 99.9%), Margin = 0.098 ns (0.69% of Mean)
Skewness = 0.61, Kurtosis = 1.46, MValue = 2

// ** Remained 1 (1.9 %) benchmark(s) to run. Estimated finish 2026-09-09 10:22 (0h 0m from now) **
// **************************
// Benchmark: ConsumerBenchmarks<EffectConsumer>.FusedBatch8: JitCore4(IterationCount=12, IterationTime=250ms, WarmupCount=16) [Pattern=Repeated]
// *** Execute ***
// Launch: 1 / 1
// Execute: dotnet ConsumerFusion-JitCore4-1.dll --anonymousPipes 122 123 --benchmarkName "Tl.ConsumerFusion.ConsumerBenchmarks<EffectConsumer>.FusedBatch8(Pattern: Repeated)" --job JitCore4 --benchmarkId 53 in /home/i/Work/tl-consumer-fusion/benchmarks/ConsumerFusion/bin/Release/net10.0/ConsumerFusion-JitCore4-1/bin/Release/net10.0
// Failed to set up high priority (Permission denied). In order to run benchmarks with high priority, make sure you have the right permissions.
// BeforeAnythingElse

// Benchmark Process Environment Information:
// BenchmarkDotNet v0.15.8
// Runtime=.NET 10.0.11 (10.0.11, 10.0.1126.37416), X64 RyuJIT x86-64-v3
// GC=Concurrent Workstation
// HardwareIntrinsics=AVX2+BMI1+BMI2+F16C+FMA+LZCNT+MOVBE,AVX,SSE3+SSSE3+SSE4.1+SSE4.2+POPCNT,X86Base+SSE+SSE2,AES+PCLMUL,AvxVnni,SERIALIZE VectorSize=256
// Job: JitCore4(IterationCount=12, IterationTime=250ms, WarmupCount=16)

Generated source SHA-256: 7bdbf05933e474d7a938b65943dea9904c38e119da36a57eeee6037572f9e30f
Consumer source SHA-256: b6d3bebc1792904814ea060ef98da24a1bb83a7902917f967347d44ba9cc4197
EffectConsumer/Repeated: ConsumerReceipt { Playback = Playback { Tick = 321, Cycles = 0, Flags = Started }, SumBits = 1229029090, TrackOffsets = 524288, Enters = 3, Stays = 196605, Exits = 0, Callbacks = 196608, Audit = 1738624575507583903 }
Preparation receipt: 4505620643940
OverheadJitting  1: 65536 op, 112566.00 ns, 1.7176 ns/op
WorkloadJitting  1: 65536 op, 540207.00 ns, 8.2429 ns/op

OverheadJitting  2: 1048576 op, 118584.00 ns, 0.1131 ns/op
WorkloadJitting  2: 1048576 op, 6672573.00 ns, 6.3635 ns/op

WorkloadPilot    1: 1048576 op, 6161061.00 ns, 5.8756 ns/op
WorkloadPilot    2: 42991616 op, 258479957.00 ns, 6.0123 ns/op
WorkloadPilot    3: 41943040 op, 254395435.00 ns, 6.0653 ns/op

OverheadWarmup   1: 41943040 op, 1588.00 ns, 0.0000 ns/op
OverheadWarmup   2: 41943040 op, 1180.00 ns, 0.0000 ns/op
OverheadWarmup   3: 41943040 op, 1071.00 ns, 0.0000 ns/op
OverheadWarmup   4: 41943040 op, 1043.00 ns, 0.0000 ns/op
OverheadWarmup   5: 41943040 op, 1078.00 ns, 0.0000 ns/op
OverheadWarmup   6: 41943040 op, 1115.00 ns, 0.0000 ns/op
OverheadWarmup   7: 41943040 op, 1062.00 ns, 0.0000 ns/op
OverheadWarmup   8: 41943040 op, 1049.00 ns, 0.0000 ns/op
OverheadWarmup   9: 41943040 op, 1044.00 ns, 0.0000 ns/op
OverheadWarmup  10: 41943040 op, 1055.00 ns, 0.0000 ns/op

OverheadActual   1: 41943040 op, 1296.00 ns, 0.0000 ns/op
OverheadActual   2: 41943040 op, 1316.00 ns, 0.0000 ns/op
OverheadActual   3: 41943040 op, 1234.00 ns, 0.0000 ns/op
OverheadActual   4: 41943040 op, 1133.00 ns, 0.0000 ns/op
OverheadActual   5: 41943040 op, 1238.00 ns, 0.0000 ns/op
OverheadActual   6: 41943040 op, 1016.00 ns, 0.0000 ns/op
OverheadActual   7: 41943040 op, 1018.00 ns, 0.0000 ns/op
OverheadActual   8: 41943040 op, 1028.00 ns, 0.0000 ns/op
OverheadActual   9: 41943040 op, 1003.00 ns, 0.0000 ns/op
OverheadActual  10: 41943040 op, 1008.00 ns, 0.0000 ns/op
OverheadActual  11: 41943040 op, 1019.00 ns, 0.0000 ns/op
OverheadActual  12: 41943040 op, 1012.00 ns, 0.0000 ns/op
OverheadActual  13: 41943040 op, 1039.00 ns, 0.0000 ns/op
OverheadActual  14: 41943040 op, 1029.00 ns, 0.0000 ns/op
OverheadActual  15: 41943040 op, 1038.00 ns, 0.0000 ns/op
OverheadActual  16: 41943040 op, 1022.00 ns, 0.0000 ns/op
OverheadActual  17: 41943040 op, 1045.00 ns, 0.0000 ns/op
OverheadActual  18: 41943040 op, 1226.00 ns, 0.0000 ns/op
OverheadActual  19: 41943040 op, 1089.00 ns, 0.0000 ns/op
OverheadActual  20: 41943040 op, 1062.00 ns, 0.0000 ns/op

WorkloadWarmup   1: 41943040 op, 257142448.00 ns, 6.1308 ns/op
WorkloadWarmup   2: 41943040 op, 255907858.00 ns, 6.1013 ns/op
WorkloadWarmup   3: 41943040 op, 254446684.00 ns, 6.0665 ns/op
WorkloadWarmup   4: 41943040 op, 254667754.00 ns, 6.0718 ns/op
WorkloadWarmup   5: 41943040 op, 250913800.00 ns, 5.9823 ns/op
WorkloadWarmup   6: 41943040 op, 290767326.00 ns, 6.9324 ns/op
WorkloadWarmup   7: 41943040 op, 253623516.00 ns, 6.0469 ns/op
WorkloadWarmup   8: 41943040 op, 252181951.00 ns, 6.0125 ns/op
WorkloadWarmup   9: 41943040 op, 251169524.00 ns, 5.9883 ns/op
WorkloadWarmup  10: 41943040 op, 251418473.00 ns, 5.9943 ns/op
WorkloadWarmup  11: 41943040 op, 253550395.00 ns, 6.0451 ns/op
WorkloadWarmup  12: 41943040 op, 251986901.00 ns, 6.0078 ns/op
WorkloadWarmup  13: 41943040 op, 252012298.00 ns, 6.0084 ns/op
WorkloadWarmup  14: 41943040 op, 261098879.00 ns, 6.2251 ns/op
WorkloadWarmup  15: 41943040 op, 252538322.00 ns, 6.0210 ns/op
WorkloadWarmup  16: 41943040 op, 251884948.00 ns, 6.0054 ns/op

// BeforeActualRun
WorkloadActual   1: 41943040 op, 253179759.00 ns, 6.0363 ns/op
WorkloadActual   2: 41943040 op, 251750485.00 ns, 6.0022 ns/op
WorkloadActual   3: 41943040 op, 251531803.00 ns, 5.9970 ns/op
WorkloadActual   4: 41943040 op, 253462984.00 ns, 6.0430 ns/op
WorkloadActual   5: 41943040 op, 252447979.00 ns, 6.0188 ns/op
WorkloadActual   6: 41943040 op, 253210699.00 ns, 6.0370 ns/op
WorkloadActual   7: 41943040 op, 251762633.00 ns, 6.0025 ns/op
WorkloadActual   8: 41943040 op, 266386122.00 ns, 6.3511 ns/op
WorkloadActual   9: 41943040 op, 253505228.00 ns, 6.0440 ns/op
WorkloadActual  10: 41943040 op, 251705551.00 ns, 6.0011 ns/op
WorkloadActual  11: 41943040 op, 252740689.00 ns, 6.0258 ns/op
WorkloadActual  12: 41943040 op, 252835018.00 ns, 6.0281 ns/op

// AfterActualRun
WorkloadResult   1: 41943040 op, 253178720.50 ns, 6.0363 ns/op
WorkloadResult   2: 41943040 op, 251749446.50 ns, 6.0022 ns/op
WorkloadResult   3: 41943040 op, 251530764.50 ns, 5.9970 ns/op
WorkloadResult   4: 41943040 op, 253461945.50 ns, 6.0430 ns/op
WorkloadResult   5: 41943040 op, 252446940.50 ns, 6.0188 ns/op
WorkloadResult   6: 41943040 op, 253209660.50 ns, 6.0370 ns/op
WorkloadResult   7: 41943040 op, 251761594.50 ns, 6.0025 ns/op
WorkloadResult   8: 41943040 op, 253504189.50 ns, 6.0440 ns/op
WorkloadResult   9: 41943040 op, 251704512.50 ns, 6.0011 ns/op
WorkloadResult  10: 41943040 op, 252739650.50 ns, 6.0258 ns/op
WorkloadResult  11: 41943040 op, 252833979.50 ns, 6.0280 ns/op
// GC:  0 0 0 0 41943040
// Threading:  0 0 41943040

// AfterAll
// Benchmark Process 644 has exited with code 0.

Mean = 6.021 ns, StdErr = 0.005 ns (0.09%), N = 11, StdDev = 0.018 ns
Min = 5.997 ns, Q1 = 6.002 ns, Median = 6.026 ns, Q3 = 6.037 ns, Max = 6.044 ns
IQR = 0.034 ns, LowerFence = 5.951 ns, UpperFence = 6.088 ns
ConfidenceInterval = [5.996 ns; 6.046 ns] (CI 99.9%), Margin = 0.025 ns (0.41% of Mean)
Skewness = -0.12, Kurtosis = 1.19, MValue = 2

// ** Remained 0 (0.0 %) benchmark(s) to run. Estimated finish 2026-09-09 10:22 (0h 0m from now) **
// ***** BenchmarkRunner: Finish  *****

// * Export *
  benchmarks/ConsumerFusion/results/measurement/results/Tl.ConsumerFusion.ConsumerBenchmarks_EffectConsumer_-report.csv
  benchmarks/ConsumerFusion/results/measurement/results/Tl.ConsumerFusion.ConsumerBenchmarks_EffectConsumer_-report-github.md
  benchmarks/ConsumerFusion/results/measurement/results/Tl.ConsumerFusion.ConsumerBenchmarks_EffectConsumer_-report.html
  benchmarks/ConsumerFusion/results/measurement/results/Tl.ConsumerFusion.ConsumerBenchmarks_EffectConsumer_-report-full.json

// * Detailed results *
ConsumerBenchmarks<EffectConsumer>.InterpreterSingle: JitCore4(IterationCount=12, IterationTime=250ms, WarmupCount=16) [Pattern=Sequential]
Runtime = .NET 10.0.11 (10.0.11, 10.0.1126.37416), X64 RyuJIT x86-64-v3; GC = Concurrent Workstation
Mean = 17.477 ns, StdErr = 0.004 ns (0.02%), N = 11, StdDev = 0.014 ns
Min = 17.458 ns, Q1 = 17.470 ns, Median = 17.477 ns, Q3 = 17.481 ns, Max = 17.504 ns
IQR = 0.011 ns, LowerFence = 17.454 ns, UpperFence = 17.498 ns
ConfidenceInterval = [17.458 ns; 17.496 ns] (CI 99.9%), Margin = 0.019 ns (0.11% of Mean)
Skewness = 0.32, Kurtosis = 2.2, MValue = 2
-------------------- Histogram --------------------
[17.450 ns ; 17.512 ns) | @@@@@@@@@@@
---------------------------------------------------

ConsumerBenchmarks<EffectConsumer>.CompiledSingle: JitCore4(IterationCount=12, IterationTime=250ms, WarmupCount=16) [Pattern=Sequential]
Runtime = .NET 10.0.11 (10.0.11, 10.0.1126.37416), X64 RyuJIT x86-64-v3; GC = Concurrent Workstation
Mean = 17.897 ns, StdErr = 0.005 ns (0.03%), N = 11, StdDev = 0.016 ns
Min = 17.872 ns, Q1 = 17.886 ns, Median = 17.898 ns, Q3 = 17.906 ns, Max = 17.924 ns
IQR = 0.021 ns, LowerFence = 17.855 ns, UpperFence = 17.938 ns
ConfidenceInterval = [17.875 ns; 17.919 ns] (CI 99.9%), Margin = 0.022 ns (0.12% of Mean)
Skewness = 0, Kurtosis = 1.8, MValue = 2
-------------------- Histogram --------------------
[17.863 ns ; 17.934 ns) | @@@@@@@@@@@
---------------------------------------------------

ConsumerBenchmarks<EffectConsumer>.FusedSingle: JitCore4(IterationCount=12, IterationTime=250ms, WarmupCount=16) [Pattern=Sequential]
Runtime = .NET 10.0.11 (10.0.11, 10.0.1126.37416), X64 RyuJIT x86-64-v3; GC = Concurrent Workstation
Mean = 5.162 ns, StdErr = 0.002 ns (0.04%), N = 11, StdDev = 0.006 ns
Min = 5.156 ns, Q1 = 5.158 ns, Median = 5.160 ns, Q3 = 5.164 ns, Max = 5.176 ns
IQR = 0.006 ns, LowerFence = 5.148 ns, UpperFence = 5.173 ns
ConfidenceInterval = [5.153 ns; 5.171 ns] (CI 99.9%), Margin = 0.009 ns (0.17% of Mean)
Skewness = 0.96, Kurtosis = 2.61, MValue = 2
-------------------- Histogram --------------------
[5.152 ns ; 5.180 ns) | @@@@@@@@@@@
---------------------------------------------------

ConsumerBenchmarks<EffectConsumer>.InterpreterBatch8: JitCore4(IterationCount=12, IterationTime=250ms, WarmupCount=16) [Pattern=Sequential]
Runtime = .NET 10.0.11 (10.0.11, 10.0.1126.37416), X64 RyuJIT x86-64-v3; GC = Concurrent Workstation
Mean = 13.289 ns, StdErr = 0.008 ns (0.06%), N = 11, StdDev = 0.028 ns
Min = 13.230 ns, Q1 = 13.283 ns, Median = 13.292 ns, Q3 = 13.305 ns, Max = 13.329 ns
IQR = 0.022 ns, LowerFence = 13.250 ns, UpperFence = 13.338 ns
ConfidenceInterval = [13.251 ns; 13.327 ns] (CI 99.9%), Margin = 0.038 ns (0.29% of Mean)
Skewness = -0.67, Kurtosis = 2.57, MValue = 2
-------------------- Histogram --------------------
[13.214 ns ; 13.345 ns) | @@@@@@@@@@@
---------------------------------------------------

ConsumerBenchmarks<EffectConsumer>.CompiledBatch8: JitCore4(IterationCount=12, IterationTime=250ms, WarmupCount=16) [Pattern=Sequential]
Runtime = .NET 10.0.11 (10.0.11, 10.0.1126.37416), X64 RyuJIT x86-64-v3; GC = Concurrent Workstation
Mean = 12.038 ns, StdErr = 0.008 ns (0.07%), N = 10, StdDev = 0.025 ns
Min = 12.009 ns, Q1 = 12.018 ns, Median = 12.031 ns, Q3 = 12.057 ns, Max = 12.084 ns
IQR = 0.039 ns, LowerFence = 11.960 ns, UpperFence = 12.115 ns
ConfidenceInterval = [12.000 ns; 12.077 ns] (CI 99.9%), Margin = 0.038 ns (0.32% of Mean)
Skewness = 0.51, Kurtosis = 1.64, MValue = 2
-------------------- Histogram --------------------
[11.994 ns ; 12.100 ns) | @@@@@@@@@@
---------------------------------------------------

ConsumerBenchmarks<EffectConsumer>.FusedBatch8: JitCore4(IterationCount=12, IterationTime=250ms, WarmupCount=16) [Pattern=Sequential]
Runtime = .NET 10.0.11 (10.0.11, 10.0.1126.37416), X64 RyuJIT x86-64-v3; GC = Concurrent Workstation
Mean = 4.664 ns, StdErr = 0.010 ns (0.21%), N = 11, StdDev = 0.032 ns
Min = 4.627 ns, Q1 = 4.636 ns, Median = 4.653 ns, Q3 = 4.697 ns, Max = 4.709 ns
IQR = 0.060 ns, LowerFence = 4.546 ns, UpperFence = 4.787 ns
ConfidenceInterval = [4.620 ns; 4.709 ns] (CI 99.9%), Margin = 0.044 ns (0.95% of Mean)
Skewness = 0.29, Kurtosis = 1.17, MValue = 2
-------------------- Histogram --------------------
[4.609 ns ; 4.728 ns) | @@@@@@@@@@@
---------------------------------------------------

ConsumerBenchmarks<EffectConsumer>.InterpreterSingle: JitCore4(IterationCount=12, IterationTime=250ms, WarmupCount=16) [Pattern=Random]
Runtime = .NET 10.0.11 (10.0.11, 10.0.1126.37416), X64 RyuJIT x86-64-v3; GC = Concurrent Workstation
Mean = 24.893 ns, StdErr = 0.017 ns (0.07%), N = 10, StdDev = 0.055 ns
Min = 24.813 ns, Q1 = 24.854 ns, Median = 24.903 ns, Q3 = 24.928 ns, Max = 24.987 ns
IQR = 0.075 ns, LowerFence = 24.742 ns, UpperFence = 25.040 ns
ConfidenceInterval = [24.809 ns; 24.976 ns] (CI 99.9%), Margin = 0.084 ns (0.34% of Mean)
Skewness = 0.03, Kurtosis = 1.65, MValue = 2
-------------------- Histogram --------------------
[24.779 ns ; 25.021 ns) | @@@@@@@@@@
---------------------------------------------------

ConsumerBenchmarks<EffectConsumer>.CompiledSingle: JitCore4(IterationCount=12, IterationTime=250ms, WarmupCount=16) [Pattern=Random]
Runtime = .NET 10.0.11 (10.0.11, 10.0.1126.37416), X64 RyuJIT x86-64-v3; GC = Concurrent Workstation
Mean = 28.213 ns, StdErr = 0.006 ns (0.02%), N = 11, StdDev = 0.021 ns
Min = 28.184 ns, Q1 = 28.198 ns, Median = 28.213 ns, Q3 = 28.222 ns, Max = 28.251 ns
IQR = 0.024 ns, LowerFence = 28.162 ns, UpperFence = 28.258 ns
ConfidenceInterval = [28.184 ns; 28.242 ns] (CI 99.9%), Margin = 0.029 ns (0.10% of Mean)
Skewness = 0.4, Kurtosis = 1.84, MValue = 2
-------------------- Histogram --------------------
[28.172 ns ; 28.264 ns) | @@@@@@@@@@@
---------------------------------------------------

ConsumerBenchmarks<EffectConsumer>.FusedSingle: JitCore4(IterationCount=12, IterationTime=250ms, WarmupCount=16) [Pattern=Random]
Runtime = .NET 10.0.11 (10.0.11, 10.0.1126.37416), X64 RyuJIT x86-64-v3; GC = Concurrent Workstation
Mean = 12.794 ns, StdErr = 0.015 ns (0.12%), N = 11, StdDev = 0.050 ns
Min = 12.711 ns, Q1 = 12.768 ns, Median = 12.784 ns, Q3 = 12.832 ns, Max = 12.893 ns
IQR = 0.063 ns, LowerFence = 12.673 ns, UpperFence = 12.927 ns
ConfidenceInterval = [12.725 ns; 12.863 ns] (CI 99.9%), Margin = 0.069 ns (0.54% of Mean)
Skewness = 0.29, Kurtosis = 2.26, MValue = 2
-------------------- Histogram --------------------
[12.682 ns ; 12.922 ns) | @@@@@@@@@@@
---------------------------------------------------

ConsumerBenchmarks<EffectConsumer>.InterpreterBatch8: JitCore4(IterationCount=12, IterationTime=250ms, WarmupCount=16) [Pattern=Random]
Runtime = .NET 10.0.11 (10.0.11, 10.0.1126.37416), X64 RyuJIT x86-64-v3; GC = Concurrent Workstation
Mean = 21.436 ns, StdErr = 0.017 ns (0.08%), N = 11, StdDev = 0.055 ns
Min = 21.374 ns, Q1 = 21.390 ns, Median = 21.417 ns, Q3 = 21.489 ns, Max = 21.519 ns
IQR = 0.099 ns, LowerFence = 21.242 ns, UpperFence = 21.638 ns
ConfidenceInterval = [21.360 ns; 21.513 ns] (CI 99.9%), Margin = 0.076 ns (0.36% of Mean)
Skewness = 0.33, Kurtosis = 1.29, MValue = 2
-------------------- Histogram --------------------
[21.341 ns ; 21.552 ns) | @@@@@@@@@@@
---------------------------------------------------

ConsumerBenchmarks<EffectConsumer>.CompiledBatch8: JitCore4(IterationCount=12, IterationTime=250ms, WarmupCount=16) [Pattern=Random]
Runtime = .NET 10.0.11 (10.0.11, 10.0.1126.37416), X64 RyuJIT x86-64-v3; GC = Concurrent Workstation
Mean = 22.185 ns, StdErr = 0.017 ns (0.08%), N = 11, StdDev = 0.056 ns
Min = 22.102 ns, Q1 = 22.146 ns, Median = 22.188 ns, Q3 = 22.206 ns, Max = 22.283 ns
IQR = 0.060 ns, LowerFence = 22.056 ns, UpperFence = 22.296 ns
ConfidenceInterval = [22.107 ns; 22.263 ns] (CI 99.9%), Margin = 0.078 ns (0.35% of Mean)
Skewness = 0.44, Kurtosis = 1.94, MValue = 2
-------------------- Histogram --------------------
[22.069 ns ; 22.316 ns) | @@@@@@@@@@@
---------------------------------------------------

ConsumerBenchmarks<EffectConsumer>.FusedBatch8: JitCore4(IterationCount=12, IterationTime=250ms, WarmupCount=16) [Pattern=Random]
Runtime = .NET 10.0.11 (10.0.11, 10.0.1126.37416), X64 RyuJIT x86-64-v3; GC = Concurrent Workstation
Mean = 12.543 ns, StdErr = 0.012 ns (0.10%), N = 11, StdDev = 0.040 ns
Min = 12.500 ns, Q1 = 12.521 ns, Median = 12.529 ns, Q3 = 12.556 ns, Max = 12.638 ns
IQR = 0.035 ns, LowerFence = 12.468 ns, UpperFence = 12.608 ns
ConfidenceInterval = [12.488 ns; 12.598 ns] (CI 99.9%), Margin = 0.055 ns (0.44% of Mean)
Skewness = 1.15, Kurtosis = 3.23, MValue = 2
-------------------- Histogram --------------------
[12.477 ns ; 12.661 ns) | @@@@@@@@@@@
---------------------------------------------------

ConsumerBenchmarks<EffectConsumer>.InterpreterSingle: JitCore4(IterationCount=12, IterationTime=250ms, WarmupCount=16) [Pattern=Repeated]
Runtime = .NET 10.0.11 (10.0.11, 10.0.1126.37416), X64 RyuJIT x86-64-v3; GC = Concurrent Workstation
Mean = 20.574 ns, StdErr = 0.014 ns (0.07%), N = 11, StdDev = 0.045 ns
Min = 20.520 ns, Q1 = 20.527 ns, Median = 20.571 ns, Q3 = 20.604 ns, Max = 20.644 ns
IQR = 0.077 ns, LowerFence = 20.411 ns, UpperFence = 20.720 ns
ConfidenceInterval = [20.512 ns; 20.636 ns] (CI 99.9%), Margin = 0.062 ns (0.30% of Mean)
Skewness = 0.08, Kurtosis = 1.32, MValue = 2
-------------------- Histogram --------------------
[20.494 ns ; 20.671 ns) | @@@@@@@@@@@
---------------------------------------------------

ConsumerBenchmarks<EffectConsumer>.CompiledSingle: JitCore4(IterationCount=12, IterationTime=250ms, WarmupCount=16) [Pattern=Repeated]
Runtime = .NET 10.0.11 (10.0.11, 10.0.1126.37416), X64 RyuJIT x86-64-v3; GC = Concurrent Workstation
Mean = 19.498 ns, StdErr = 0.003 ns (0.01%), N = 10, StdDev = 0.009 ns
Min = 19.487 ns, Q1 = 19.492 ns, Median = 19.497 ns, Q3 = 19.504 ns, Max = 19.515 ns
IQR = 0.012 ns, LowerFence = 19.475 ns, UpperFence = 19.521 ns
ConfidenceInterval = [19.485 ns; 19.511 ns] (CI 99.9%), Margin = 0.013 ns (0.07% of Mean)
Skewness = 0.52, Kurtosis = 2.12, MValue = 2
-------------------- Histogram --------------------
[19.481 ns ; 19.520 ns) | @@@@@@@@@@
---------------------------------------------------

ConsumerBenchmarks<EffectConsumer>.FusedSingle: JitCore4(IterationCount=12, IterationTime=250ms, WarmupCount=16) [Pattern=Repeated]
Runtime = .NET 10.0.11 (10.0.11, 10.0.1126.37416), X64 RyuJIT x86-64-v3; GC = Concurrent Workstation
Mean = 6.562 ns, StdErr = 0.022 ns (0.34%), N = 12, StdDev = 0.076 ns
Min = 6.478 ns, Q1 = 6.507 ns, Median = 6.540 ns, Q3 = 6.601 ns, Max = 6.728 ns
IQR = 0.094 ns, LowerFence = 6.366 ns, UpperFence = 6.741 ns
ConfidenceInterval = [6.464 ns; 6.660 ns] (CI 99.9%), Margin = 0.098 ns (1.49% of Mean)
Skewness = 0.84, Kurtosis = 2.41, MValue = 2
-------------------- Histogram --------------------
[6.448 ns ; 6.772 ns) | @@@@@@@@@@@@
---------------------------------------------------

ConsumerBenchmarks<EffectConsumer>.InterpreterBatch8: JitCore4(IterationCount=12, IterationTime=250ms, WarmupCount=16) [Pattern=Repeated]
Runtime = .NET 10.0.11 (10.0.11, 10.0.1126.37416), X64 RyuJIT x86-64-v3; GC = Concurrent Workstation
Mean = 15.928 ns, StdErr = 0.013 ns (0.08%), N = 10, StdDev = 0.041 ns
Min = 15.856 ns, Q1 = 15.905 ns, Median = 15.923 ns, Q3 = 15.959 ns, Max = 15.996 ns
IQR = 0.054 ns, LowerFence = 15.823 ns, UpperFence = 16.040 ns
ConfidenceInterval = [15.866 ns; 15.990 ns] (CI 99.9%), Margin = 0.062 ns (0.39% of Mean)
Skewness = -0.06, Kurtosis = 1.93, MValue = 2
-------------------- Histogram --------------------
[15.831 ns ; 16.021 ns) | @@@@@@@@@@
---------------------------------------------------

ConsumerBenchmarks<EffectConsumer>.CompiledBatch8: JitCore4(IterationCount=12, IterationTime=250ms, WarmupCount=16) [Pattern=Repeated]
Runtime = .NET 10.0.11 (10.0.11, 10.0.1126.37416), X64 RyuJIT x86-64-v3; GC = Concurrent Workstation
Mean = 14.287 ns, StdErr = 0.021 ns (0.15%), N = 11, StdDev = 0.071 ns
Min = 14.226 ns, Q1 = 14.229 ns, Median = 14.242 ns, Q3 = 14.345 ns, Max = 14.395 ns
IQR = 0.115 ns, LowerFence = 14.056 ns, UpperFence = 14.518 ns
ConfidenceInterval = [14.188 ns; 14.385 ns] (CI 99.9%), Margin = 0.098 ns (0.69% of Mean)
Skewness = 0.61, Kurtosis = 1.46, MValue = 2
-------------------- Histogram --------------------
[14.183 ns ; 14.437 ns) | @@@@@@@@@@@
---------------------------------------------------

ConsumerBenchmarks<EffectConsumer>.FusedBatch8: JitCore4(IterationCount=12, IterationTime=250ms, WarmupCount=16) [Pattern=Repeated]
Runtime = .NET 10.0.11 (10.0.11, 10.0.1126.37416), X64 RyuJIT x86-64-v3; GC = Concurrent Workstation
Mean = 6.021 ns, StdErr = 0.005 ns (0.09%), N = 11, StdDev = 0.018 ns
Min = 5.997 ns, Q1 = 6.002 ns, Median = 6.026 ns, Q3 = 6.037 ns, Max = 6.044 ns
IQR = 0.034 ns, LowerFence = 5.951 ns, UpperFence = 6.088 ns
ConfidenceInterval = [5.996 ns; 6.046 ns] (CI 99.9%), Margin = 0.025 ns (0.41% of Mean)
Skewness = -0.12, Kurtosis = 1.19, MValue = 2
-------------------- Histogram --------------------
[5.986 ns ; 6.055 ns) | @@@@@@@@@@@
---------------------------------------------------

// * Summary *

BenchmarkDotNet v0.15.8, Linux Omarchy
Intel Core i9-14900K 0.80GHz, 1 CPU, 32 logical and 24 physical cores
.NET SDK 10.0.400
  [Host]   : .NET 10.0.11 (10.0.11, 10.0.1126.37416), X64 RyuJIT x86-64-v3
  JitCore4 : .NET 10.0.11 (10.0.11, 10.0.1126.37416), X64 RyuJIT x86-64-v3

Job=JitCore4  IterationCount=12  IterationTime=250ms  
WarmupCount=16  

| Method            | Pattern    | Mean      | Error     | StdDev    | Median    | Ratio | Allocated | Alloc Ratio |
|------------------ |----------- |----------:|----------:|----------:|----------:|------:|----------:|------------:|
| InterpreterSingle | Sequential | 17.477 ns | 0.0190 ns | 0.0137 ns | 17.477 ns |  1.00 |         - |          NA |
| CompiledSingle    | Sequential | 17.897 ns | 0.0219 ns | 0.0158 ns | 17.898 ns |  1.02 |         - |          NA |
| FusedSingle       | Sequential |  5.162 ns | 0.0089 ns | 0.0064 ns |  5.160 ns |  0.30 |         - |          NA |
| InterpreterBatch8 | Sequential | 13.289 ns | 0.0383 ns | 0.0277 ns | 13.292 ns |  0.76 |         - |          NA |
| CompiledBatch8    | Sequential | 12.038 ns | 0.0385 ns | 0.0254 ns | 12.031 ns |  0.69 |         - |          NA |
| FusedBatch8       | Sequential |  4.664 ns | 0.0442 ns | 0.0320 ns |  4.653 ns |  0.27 |         - |          NA |
|                   |            |           |           |           |           |       |           |             |
| InterpreterSingle | Random     | 24.893 ns | 0.0835 ns | 0.0552 ns | 24.903 ns |  1.00 |         - |          NA |
| CompiledSingle    | Random     | 28.213 ns | 0.0288 ns | 0.0209 ns | 28.213 ns |  1.13 |         - |          NA |
| FusedSingle       | Random     | 12.794 ns | 0.0689 ns | 0.0498 ns | 12.784 ns |  0.51 |         - |          NA |
| InterpreterBatch8 | Random     | 21.436 ns | 0.0764 ns | 0.0552 ns | 21.417 ns |  0.86 |         - |          NA |
| CompiledBatch8    | Random     | 22.185 ns | 0.0777 ns | 0.0562 ns | 22.188 ns |  0.89 |         - |          NA |
| FusedBatch8       | Random     | 12.543 ns | 0.0548 ns | 0.0396 ns | 12.529 ns |  0.50 |         - |          NA |
|                   |            |           |           |           |           |       |           |             |
| InterpreterSingle | Repeated   | 20.574 ns | 0.0624 ns | 0.0451 ns | 20.571 ns |  1.00 |         - |          NA |
| CompiledSingle    | Repeated   | 19.498 ns | 0.0129 ns | 0.0085 ns | 19.497 ns |  0.95 |         - |          NA |
| FusedSingle       | Repeated   |  6.562 ns | 0.0980 ns | 0.0765 ns |  6.540 ns |  0.32 |         - |          NA |
| InterpreterBatch8 | Repeated   | 15.928 ns | 0.0617 ns | 0.0408 ns | 15.923 ns |  0.77 |         - |          NA |
| CompiledBatch8    | Repeated   | 14.287 ns | 0.0985 ns | 0.0712 ns | 14.242 ns |  0.69 |         - |          NA |
| FusedBatch8       | Repeated   |  6.021 ns | 0.0249 ns | 0.0180 ns |  6.026 ns |  0.29 |         - |          NA |

// * Hints *
Outliers
  ConsumerBenchmarks<EffectConsumer>.InterpreterSingle: JitCore4 -> 1 outlier  was  removed (18.60 ns)
  ConsumerBenchmarks<EffectConsumer>.CompiledSingle: JitCore4    -> 1 outlier  was  removed (18.99 ns)
  ConsumerBenchmarks<EffectConsumer>.FusedSingle: JitCore4       -> 1 outlier  was  removed (5.48 ns)
  ConsumerBenchmarks<EffectConsumer>.InterpreterBatch8: JitCore4 -> 1 outlier  was  removed, 2 outliers were detected (13.23 ns, 13.97 ns)
  ConsumerBenchmarks<EffectConsumer>.CompiledBatch8: JitCore4    -> 2 outliers were removed (12.17 ns, 12.68 ns)
  ConsumerBenchmarks<EffectConsumer>.FusedBatch8: JitCore4       -> 1 outlier  was  removed (5.06 ns)
  ConsumerBenchmarks<EffectConsumer>.InterpreterSingle: JitCore4 -> 2 outliers were removed (25.13 ns, 26.42 ns)
  ConsumerBenchmarks<EffectConsumer>.CompiledSingle: JitCore4    -> 1 outlier  was  removed (29.87 ns)
  ConsumerBenchmarks<EffectConsumer>.FusedSingle: JitCore4       -> 1 outlier  was  removed (13.63 ns)
  ConsumerBenchmarks<EffectConsumer>.InterpreterBatch8: JitCore4 -> 1 outlier  was  removed (22.68 ns)
  ConsumerBenchmarks<EffectConsumer>.CompiledBatch8: JitCore4    -> 1 outlier  was  removed (23.48 ns)
  ConsumerBenchmarks<EffectConsumer>.FusedBatch8: JitCore4       -> 1 outlier  was  removed (13.30 ns)
  ConsumerBenchmarks<EffectConsumer>.InterpreterSingle: JitCore4 -> 1 outlier  was  removed (21.82 ns)
  ConsumerBenchmarks<EffectConsumer>.CompiledSingle: JitCore4    -> 2 outliers were removed (19.54 ns, 20.64 ns)
  ConsumerBenchmarks<EffectConsumer>.InterpreterBatch8: JitCore4 -> 2 outliers were removed (16.17 ns, 16.66 ns)
  ConsumerBenchmarks<EffectConsumer>.CompiledBatch8: JitCore4    -> 1 outlier  was  removed (15.17 ns)
  ConsumerBenchmarks<EffectConsumer>.FusedBatch8: JitCore4       -> 1 outlier  was  removed (6.35 ns)

// * Legends *
  Pattern     : Value of the 'Pattern' parameter
  Mean        : Arithmetic mean of all measurements
  Error       : Half of 99.9% confidence interval
  StdDev      : Standard deviation of all measurements
  Median      : Value separating the higher half of all measurements (50th percentile)
  Ratio       : Mean of the ratio distribution ([Current]/[Baseline])
  Allocated   : Allocated memory per single operation (managed only, inclusive, 1KB = 1024B)
  Alloc Ratio : Allocated memory ratio distribution ([Current]/[Baseline])
  1 ns        : 1 Nanosecond (0.000000001 sec)

// * Diagnostic Output - MemoryDiagnoser *


// ***** BenchmarkRunner: End *****
Run time: 00:03:53 (233.41 sec), executed benchmarks: 18

Global total time: 00:11:46 (706.6 sec), executed benchmarks: 54
// * Artifacts cleanup *
Artifacts cleanup is finished
