// Validating benchmarks:
// ***** BenchmarkRunner: Start   *****
// ***** Found 30 benchmark(s) in total *****
// ***** Building 1 exe(s) in Parallel: Start   *****
// start dotnet  restore --nodeReuse:false /p:UseSharedCompilation=false /p:Deterministic=true /p:Optimize=true /p:ArtifactsPath="/home/i/GitHub/tl-56-feat-data-authored-api/benchmarks/Alpha/bin/Release/net10.0/Alpha-Jit-1/" /p:OutDir="/home/i/GitHub/tl-56-feat-data-authored-api/benchmarks/Alpha/bin/Release/net10.0/Alpha-Jit-1/bin/Release/net10.0/" /p:OutputPath="/home/i/GitHub/tl-56-feat-data-authored-api/benchmarks/Alpha/bin/Release/net10.0/Alpha-Jit-1/bin/Release/net10.0/" /p:PublishDir="/home/i/GitHub/tl-56-feat-data-authored-api/benchmarks/Alpha/bin/Release/net10.0/Alpha-Jit-1/publish/" in /home/i/GitHub/tl-56-feat-data-authored-api/benchmarks/Alpha/bin/Release/net10.0/Alpha-Jit-1
// command took 0.84 sec and exited with 0
// start dotnet  build -c Release --no-restore --nodeReuse:false /p:UseSharedCompilation=false /p:Deterministic=true /p:Optimize=true /p:ArtifactsPath="/home/i/GitHub/tl-56-feat-data-authored-api/benchmarks/Alpha/bin/Release/net10.0/Alpha-Jit-1/" /p:OutDir="/home/i/GitHub/tl-56-feat-data-authored-api/benchmarks/Alpha/bin/Release/net10.0/Alpha-Jit-1/bin/Release/net10.0/" /p:OutputPath="/home/i/GitHub/tl-56-feat-data-authored-api/benchmarks/Alpha/bin/Release/net10.0/Alpha-Jit-1/bin/Release/net10.0/" /p:PublishDir="/home/i/GitHub/tl-56-feat-data-authored-api/benchmarks/Alpha/bin/Release/net10.0/Alpha-Jit-1/publish/" --output "/home/i/GitHub/tl-56-feat-data-authored-api/benchmarks/Alpha/bin/Release/net10.0/Alpha-Jit-1/bin/Release/net10.0/" in /home/i/GitHub/tl-56-feat-data-authored-api/benchmarks/Alpha/bin/Release/net10.0/Alpha-Jit-1
// command took 6.85 sec and exited with 0
// ***** Done, took 00:00:07 (7.72 sec)   *****
// Found 30 benchmarks:
//   DataAuthoredQueryBenchmarks.DirectShape: Jit(IterationCount=12, IterationTime=250ms, WarmupCount=16) [Shape=OneTrack, Pattern=Forward]
//   DataAuthoredQueryBenchmarks.GeneratedShape: Jit(IterationCount=12, IterationTime=250ms, WarmupCount=16) [Shape=OneTrack, Pattern=Forward]
//   DataAuthoredQueryBenchmarks.DataAuthoredFacade: Jit(IterationCount=12, IterationTime=250ms, WarmupCount=16) [Shape=OneTrack, Pattern=Forward]
//   DataAuthoredQueryBenchmarks.DirectShape: Jit(IterationCount=12, IterationTime=250ms, WarmupCount=16) [Shape=OneTrack, Pattern=Alternating]
//   DataAuthoredQueryBenchmarks.GeneratedShape: Jit(IterationCount=12, IterationTime=250ms, WarmupCount=16) [Shape=OneTrack, Pattern=Alternating]
//   DataAuthoredQueryBenchmarks.DataAuthoredFacade: Jit(IterationCount=12, IterationTime=250ms, WarmupCount=16) [Shape=OneTrack, Pattern=Alternating]
//   DataAuthoredQueryBenchmarks.DirectShape: Jit(IterationCount=12, IterationTime=250ms, WarmupCount=16) [Shape=ThreeTracks, Pattern=Forward]
//   DataAuthoredQueryBenchmarks.GeneratedShape: Jit(IterationCount=12, IterationTime=250ms, WarmupCount=16) [Shape=ThreeTracks, Pattern=Forward]
//   DataAuthoredQueryBenchmarks.DataAuthoredFacade: Jit(IterationCount=12, IterationTime=250ms, WarmupCount=16) [Shape=ThreeTracks, Pattern=Forward]
//   DataAuthoredQueryBenchmarks.DirectShape: Jit(IterationCount=12, IterationTime=250ms, WarmupCount=16) [Shape=ThreeTracks, Pattern=Alternating]
//   DataAuthoredQueryBenchmarks.GeneratedShape: Jit(IterationCount=12, IterationTime=250ms, WarmupCount=16) [Shape=ThreeTracks, Pattern=Alternating]
//   DataAuthoredQueryBenchmarks.DataAuthoredFacade: Jit(IterationCount=12, IterationTime=250ms, WarmupCount=16) [Shape=ThreeTracks, Pattern=Alternating]
//   DataAuthoredQueryBenchmarks.DirectShape: Jit(IterationCount=12, IterationTime=250ms, WarmupCount=16) [Shape=SixteenTracks, Pattern=Forward]
//   DataAuthoredQueryBenchmarks.GeneratedShape: Jit(IterationCount=12, IterationTime=250ms, WarmupCount=16) [Shape=SixteenTracks, Pattern=Forward]
//   DataAuthoredQueryBenchmarks.DataAuthoredFacade: Jit(IterationCount=12, IterationTime=250ms, WarmupCount=16) [Shape=SixteenTracks, Pattern=Forward]
//   DataAuthoredQueryBenchmarks.DirectShape: Jit(IterationCount=12, IterationTime=250ms, WarmupCount=16) [Shape=SixteenTracks, Pattern=Alternating]
//   DataAuthoredQueryBenchmarks.GeneratedShape: Jit(IterationCount=12, IterationTime=250ms, WarmupCount=16) [Shape=SixteenTracks, Pattern=Alternating]
//   DataAuthoredQueryBenchmarks.DataAuthoredFacade: Jit(IterationCount=12, IterationTime=250ms, WarmupCount=16) [Shape=SixteenTracks, Pattern=Alternating]
//   DataAuthoredQueryBenchmarks.DirectShape: Jit(IterationCount=12, IterationTime=250ms, WarmupCount=16) [Shape=TwoHundredFiftySixTracks, Pattern=Forward]
//   DataAuthoredQueryBenchmarks.GeneratedShape: Jit(IterationCount=12, IterationTime=250ms, WarmupCount=16) [Shape=TwoHundredFiftySixTracks, Pattern=Forward]
//   DataAuthoredQueryBenchmarks.DataAuthoredFacade: Jit(IterationCount=12, IterationTime=250ms, WarmupCount=16) [Shape=TwoHundredFiftySixTracks, Pattern=Forward]
//   DataAuthoredQueryBenchmarks.DirectShape: Jit(IterationCount=12, IterationTime=250ms, WarmupCount=16) [Shape=TwoHundredFiftySixTracks, Pattern=Alternating]
//   DataAuthoredQueryBenchmarks.GeneratedShape: Jit(IterationCount=12, IterationTime=250ms, WarmupCount=16) [Shape=TwoHundredFiftySixTracks, Pattern=Alternating]
//   DataAuthoredQueryBenchmarks.DataAuthoredFacade: Jit(IterationCount=12, IterationTime=250ms, WarmupCount=16) [Shape=TwoHundredFiftySixTracks, Pattern=Alternating]
//   DataAuthoredQueryBenchmarks.DirectShape: Jit(IterationCount=12, IterationTime=250ms, WarmupCount=16) [Shape=Blend, Pattern=Forward]
//   DataAuthoredQueryBenchmarks.GeneratedShape: Jit(IterationCount=12, IterationTime=250ms, WarmupCount=16) [Shape=Blend, Pattern=Forward]
//   DataAuthoredQueryBenchmarks.DataAuthoredFacade: Jit(IterationCount=12, IterationTime=250ms, WarmupCount=16) [Shape=Blend, Pattern=Forward]
//   DataAuthoredQueryBenchmarks.DirectShape: Jit(IterationCount=12, IterationTime=250ms, WarmupCount=16) [Shape=Blend, Pattern=Alternating]
//   DataAuthoredQueryBenchmarks.GeneratedShape: Jit(IterationCount=12, IterationTime=250ms, WarmupCount=16) [Shape=Blend, Pattern=Alternating]
//   DataAuthoredQueryBenchmarks.DataAuthoredFacade: Jit(IterationCount=12, IterationTime=250ms, WarmupCount=16) [Shape=Blend, Pattern=Alternating]

// **************************
// Benchmark: DataAuthoredQueryBenchmarks.DirectShape: Jit(IterationCount=12, IterationTime=250ms, WarmupCount=16) [Shape=OneTrack, Pattern=Forward]
// *** Execute ***
// Launch: 1 / 1
// Execute: dotnet Alpha-Jit-1.dll --anonymousPipes 159 160 --benchmarkName "DataAuthoredQueryBenchmarks.DirectShape(Shape: OneTrack, Pattern: Forward)" --job Jit --benchmarkId 0 in /home/i/GitHub/tl-56-feat-data-authored-api/benchmarks/Alpha/bin/Release/net10.0/Alpha-Jit-1/bin/Release/net10.0
// Failed to set up high priority (Permission denied). In order to run benchmarks with high priority, make sure you have the right permissions.
// BeforeAnythingElse

// Benchmark Process Environment Information:
// BenchmarkDotNet v0.15.8
// Runtime=.NET 10.0.12 (10.0.12, 10.0.1226.42308), X64 RyuJIT x86-64-v3
// GC=Concurrent Workstation
// HardwareIntrinsics=AVX2+BMI1+BMI2+F16C+FMA+LZCNT+MOVBE,AVX,SSE3+SSSE3+SSE4.1+SSE4.2+POPCNT,X86Base+SSE+SSE2,AES+PCLMUL,AvxVnni,SERIALIZE VectorSize=256
// Job: Jit(IterationCount=12, IterationTime=250ms, WarmupCount=16)

OverheadJitting  1: 4096 op, 105378.00 ns, 25.7271 ns/op
WorkloadJitting  1: 4096 op, 1295444.00 ns, 316.2705 ns/op

OverheadJitting  2: 65536 op, 118830.00 ns, 1.8132 ns/op
WorkloadJitting  2: 65536 op, 349043.00 ns, 5.3260 ns/op

WorkloadPilot    1: 65536 op, 183654.00 ns, 2.8023 ns/op
WorkloadPilot    2: 89260032 op, 224060210.00 ns, 2.5102 ns/op
WorkloadPilot    3: 99614720 op, 244017652.00 ns, 2.4496 ns/op
WorkloadPilot    4: 102105088 op, 252501871.00 ns, 2.4730 ns/op
WorkloadPilot    5: 101122048 op, 250657353.00 ns, 2.4788 ns/op
WorkloadPilot    6: 100859904 op, 252954106.00 ns, 2.5080 ns/op

OverheadWarmup   1: 100859904 op, 33873.00 ns, 0.0003 ns/op
OverheadWarmup   2: 100859904 op, 33446.00 ns, 0.0003 ns/op
OverheadWarmup   3: 100859904 op, 37769.00 ns, 0.0004 ns/op
OverheadWarmup   4: 100859904 op, 33410.00 ns, 0.0003 ns/op
OverheadWarmup   5: 100859904 op, 33396.00 ns, 0.0003 ns/op
OverheadWarmup   6: 100859904 op, 33379.00 ns, 0.0003 ns/op
OverheadWarmup   7: 100859904 op, 33407.00 ns, 0.0003 ns/op
OverheadWarmup   8: 100859904 op, 33383.00 ns, 0.0003 ns/op

OverheadActual   1: 100859904 op, 33456.00 ns, 0.0003 ns/op
OverheadActual   2: 100859904 op, 33013.00 ns, 0.0003 ns/op
OverheadActual   3: 100859904 op, 33036.00 ns, 0.0003 ns/op
OverheadActual   4: 100859904 op, 32835.00 ns, 0.0003 ns/op
OverheadActual   5: 100859904 op, 32969.00 ns, 0.0003 ns/op
OverheadActual   6: 100859904 op, 32787.00 ns, 0.0003 ns/op
OverheadActual   7: 100859904 op, 32794.00 ns, 0.0003 ns/op
OverheadActual   8: 100859904 op, 32764.00 ns, 0.0003 ns/op
OverheadActual   9: 100859904 op, 32771.00 ns, 0.0003 ns/op
OverheadActual  10: 100859904 op, 32774.00 ns, 0.0003 ns/op
OverheadActual  11: 100859904 op, 32804.00 ns, 0.0003 ns/op
OverheadActual  12: 100859904 op, 32814.00 ns, 0.0003 ns/op
OverheadActual  13: 100859904 op, 32815.00 ns, 0.0003 ns/op
OverheadActual  14: 100859904 op, 32833.00 ns, 0.0003 ns/op
OverheadActual  15: 100859904 op, 32798.00 ns, 0.0003 ns/op

WorkloadWarmup   1: 100859904 op, 252913557.00 ns, 2.5076 ns/op
WorkloadWarmup   2: 100859904 op, 256359096.00 ns, 2.5417 ns/op
WorkloadWarmup   3: 100859904 op, 294282613.00 ns, 2.9177 ns/op
WorkloadWarmup   4: 100859904 op, 289605264.00 ns, 2.8714 ns/op
WorkloadWarmup   5: 100859904 op, 255345488.00 ns, 2.5317 ns/op
WorkloadWarmup   6: 100859904 op, 252989863.00 ns, 2.5083 ns/op
WorkloadWarmup   7: 100859904 op, 190097227.00 ns, 1.8848 ns/op
WorkloadWarmup   8: 100859904 op, 137667349.00 ns, 1.3649 ns/op
WorkloadWarmup   9: 100859904 op, 139090970.00 ns, 1.3791 ns/op
WorkloadWarmup  10: 100859904 op, 140585302.00 ns, 1.3939 ns/op
WorkloadWarmup  11: 100859904 op, 141563488.00 ns, 1.4036 ns/op
WorkloadWarmup  12: 100859904 op, 138364769.00 ns, 1.3719 ns/op
WorkloadWarmup  13: 100859904 op, 140708805.00 ns, 1.3951 ns/op
WorkloadWarmup  14: 100859904 op, 139903842.00 ns, 1.3871 ns/op
WorkloadWarmup  15: 100859904 op, 145699838.00 ns, 1.4446 ns/op
WorkloadWarmup  16: 100859904 op, 208380442.00 ns, 2.0660 ns/op

// BeforeActualRun
WorkloadActual   1: 100859904 op, 162841304.00 ns, 1.6145 ns/op
WorkloadActual   2: 100859904 op, 138106955.00 ns, 1.3693 ns/op
WorkloadActual   3: 100859904 op, 132007292.00 ns, 1.3088 ns/op
WorkloadActual   4: 100859904 op, 137297418.00 ns, 1.3613 ns/op
WorkloadActual   5: 100859904 op, 133051203.00 ns, 1.3192 ns/op
WorkloadActual   6: 100859904 op, 139440698.00 ns, 1.3825 ns/op
WorkloadActual   7: 100859904 op, 136632990.00 ns, 1.3547 ns/op
WorkloadActual   8: 100859904 op, 137271378.00 ns, 1.3610 ns/op
WorkloadActual   9: 100859904 op, 138040402.00 ns, 1.3686 ns/op
WorkloadActual  10: 100859904 op, 139790417.00 ns, 1.3860 ns/op
WorkloadActual  11: 100859904 op, 139924162.00 ns, 1.3873 ns/op
WorkloadActual  12: 100859904 op, 156355434.00 ns, 1.5502 ns/op

// AfterActualRun
WorkloadResult   1: 100859904 op, 138074141.00 ns, 1.3690 ns/op
WorkloadResult   2: 100859904 op, 131974478.00 ns, 1.3085 ns/op
WorkloadResult   3: 100859904 op, 137264604.00 ns, 1.3609 ns/op
WorkloadResult   4: 100859904 op, 133018389.00 ns, 1.3188 ns/op
WorkloadResult   5: 100859904 op, 139407884.00 ns, 1.3822 ns/op
WorkloadResult   6: 100859904 op, 136600176.00 ns, 1.3544 ns/op
WorkloadResult   7: 100859904 op, 137238564.00 ns, 1.3607 ns/op
WorkloadResult   8: 100859904 op, 138007588.00 ns, 1.3683 ns/op
WorkloadResult   9: 100859904 op, 139757603.00 ns, 1.3857 ns/op
WorkloadResult  10: 100859904 op, 139891348.00 ns, 1.3870 ns/op
// GC:  0 0 0 0 100859904
// Threading:  0 0 100859904

// AfterAll
// Benchmark Process 2717760 has exited with code 0.

Mean = 1.360 ns, StdErr = 0.008 ns (0.62%), N = 10, StdDev = 0.027 ns
Min = 1.308 ns, Q1 = 1.356 ns, Median = 1.365 ns, Q3 = 1.379 ns, Max = 1.387 ns
IQR = 0.023 ns, LowerFence = 1.322 ns, UpperFence = 1.413 ns
ConfidenceInterval = [1.319 ns; 1.400 ns] (CI 99.9%), Margin = 0.040 ns (2.97% of Mean)
Skewness = -0.78, Kurtosis = 2.14, MValue = 2

// ** Remained 29 (96.7%) benchmark(s) to run. Estimated finish 2026-09-12 4:27 (0h 3m from now) **
// **************************
// Benchmark: DataAuthoredQueryBenchmarks.GeneratedShape: Jit(IterationCount=12, IterationTime=250ms, WarmupCount=16) [Shape=OneTrack, Pattern=Forward]
// *** Execute ***
// Launch: 1 / 1
// Execute: dotnet Alpha-Jit-1.dll --anonymousPipes 159 160 --benchmarkName "DataAuthoredQueryBenchmarks.GeneratedShape(Shape: OneTrack, Pattern: Forward)" --job Jit --benchmarkId 1 in /home/i/GitHub/tl-56-feat-data-authored-api/benchmarks/Alpha/bin/Release/net10.0/Alpha-Jit-1/bin/Release/net10.0
// Failed to set up high priority (Permission denied). In order to run benchmarks with high priority, make sure you have the right permissions.
// BeforeAnythingElse

// Benchmark Process Environment Information:
// BenchmarkDotNet v0.15.8
// Runtime=.NET 10.0.12 (10.0.12, 10.0.1226.42308), X64 RyuJIT x86-64-v3
// GC=Concurrent Workstation
// HardwareIntrinsics=AVX2+BMI1+BMI2+F16C+FMA+LZCNT+MOVBE,AVX,SSE3+SSSE3+SSE4.1+SSE4.2+POPCNT,X86Base+SSE+SSE2,AES+PCLMUL,AvxVnni,SERIALIZE VectorSize=256
// Job: Jit(IterationCount=12, IterationTime=250ms, WarmupCount=16)

OverheadJitting  1: 4096 op, 112127.00 ns, 27.3748 ns/op
WorkloadJitting  1: 4096 op, 245265.00 ns, 59.8792 ns/op

OverheadJitting  2: 65536 op, 120347.00 ns, 1.8363 ns/op
WorkloadJitting  2: 65536 op, 1325578.00 ns, 20.2267 ns/op

WorkloadPilot    1: 65536 op, 538939.00 ns, 8.2236 ns/op
WorkloadPilot    2: 30408704 op, 243217898.00 ns, 7.9983 ns/op
WorkloadPilot    3: 31260672 op, 252661693.00 ns, 8.0824 ns/op
WorkloadPilot    4: 30932992 op, 248683705.00 ns, 8.0394 ns/op
WorkloadPilot    5: 31129600 op, 249932633.00 ns, 8.0288 ns/op
WorkloadPilot    6: 31195136 op, 251977850.00 ns, 8.0775 ns/op
WorkloadPilot    7: 30998528 op, 248835965.00 ns, 8.0273 ns/op
WorkloadPilot    8: 31195136 op, 249316074.00 ns, 7.9921 ns/op
WorkloadPilot    9: 31326208 op, 235382140.00 ns, 7.5139 ns/op
WorkloadPilot   10: 33292288 op, 71182025.00 ns, 2.1381 ns/op
WorkloadPilot   11: 116981760 op, 214300362.00 ns, 1.8319 ns/op
WorkloadPilot   12: 136511488 op, 252028284.00 ns, 1.8462 ns/op

OverheadWarmup   1: 136511488 op, 58562.00 ns, 0.0004 ns/op
OverheadWarmup   2: 136511488 op, 59254.00 ns, 0.0004 ns/op
OverheadWarmup   3: 136511488 op, 63190.00 ns, 0.0005 ns/op
OverheadWarmup   4: 136511488 op, 57717.00 ns, 0.0004 ns/op
OverheadWarmup   5: 136511488 op, 57782.00 ns, 0.0004 ns/op
OverheadWarmup   6: 136511488 op, 59040.00 ns, 0.0004 ns/op
OverheadWarmup   7: 136511488 op, 60301.00 ns, 0.0004 ns/op
OverheadWarmup   8: 136511488 op, 57681.00 ns, 0.0004 ns/op

OverheadActual   1: 136511488 op, 57790.00 ns, 0.0004 ns/op
OverheadActual   2: 136511488 op, 57201.00 ns, 0.0004 ns/op
OverheadActual   3: 136511488 op, 57780.00 ns, 0.0004 ns/op
OverheadActual   4: 136511488 op, 57893.00 ns, 0.0004 ns/op
OverheadActual   5: 136511488 op, 60948.00 ns, 0.0004 ns/op
OverheadActual   6: 136511488 op, 56953.00 ns, 0.0004 ns/op
OverheadActual   7: 136511488 op, 56729.00 ns, 0.0004 ns/op
OverheadActual   8: 136511488 op, 56663.00 ns, 0.0004 ns/op
OverheadActual   9: 136511488 op, 56485.00 ns, 0.0004 ns/op
OverheadActual  10: 136511488 op, 56595.00 ns, 0.0004 ns/op
OverheadActual  11: 136511488 op, 56468.00 ns, 0.0004 ns/op
OverheadActual  12: 136511488 op, 56678.00 ns, 0.0004 ns/op
OverheadActual  13: 136511488 op, 57501.00 ns, 0.0004 ns/op
OverheadActual  14: 136511488 op, 57623.00 ns, 0.0004 ns/op
OverheadActual  15: 136511488 op, 57692.00 ns, 0.0004 ns/op

WorkloadWarmup   1: 136511488 op, 250209547.00 ns, 1.8329 ns/op
WorkloadWarmup   2: 136511488 op, 248033411.00 ns, 1.8169 ns/op
WorkloadWarmup   3: 136511488 op, 249086819.00 ns, 1.8247 ns/op
WorkloadWarmup   4: 136511488 op, 249256984.00 ns, 1.8259 ns/op
WorkloadWarmup   5: 136511488 op, 249717912.00 ns, 1.8293 ns/op
WorkloadWarmup   6: 136511488 op, 248558056.00 ns, 1.8208 ns/op
WorkloadWarmup   7: 136511488 op, 249578418.00 ns, 1.8283 ns/op
WorkloadWarmup   8: 136511488 op, 250962975.00 ns, 1.8384 ns/op
WorkloadWarmup   9: 136511488 op, 283898464.00 ns, 2.0797 ns/op
WorkloadWarmup  10: 136511488 op, 249299713.00 ns, 1.8262 ns/op
WorkloadWarmup  11: 136511488 op, 247387998.00 ns, 1.8122 ns/op
WorkloadWarmup  12: 136511488 op, 248106956.00 ns, 1.8175 ns/op
WorkloadWarmup  13: 136511488 op, 248085894.00 ns, 1.8173 ns/op
WorkloadWarmup  14: 136511488 op, 248202260.00 ns, 1.8182 ns/op
WorkloadWarmup  15: 136511488 op, 248835325.00 ns, 1.8228 ns/op
WorkloadWarmup  16: 136511488 op, 249664256.00 ns, 1.8289 ns/op

// BeforeActualRun
WorkloadActual   1: 136511488 op, 247937823.00 ns, 1.8162 ns/op
WorkloadActual   2: 136511488 op, 245128392.00 ns, 1.7957 ns/op
WorkloadActual   3: 136511488 op, 248592866.00 ns, 1.8210 ns/op
WorkloadActual   4: 136511488 op, 250052849.00 ns, 1.8317 ns/op
WorkloadActual   5: 136511488 op, 247561953.00 ns, 1.8135 ns/op
WorkloadActual   6: 136511488 op, 253849331.00 ns, 1.8595 ns/op
WorkloadActual   7: 136511488 op, 247574103.00 ns, 1.8136 ns/op
WorkloadActual   8: 136511488 op, 261120231.00 ns, 1.9128 ns/op
WorkloadActual   9: 136511488 op, 246620186.00 ns, 1.8066 ns/op
WorkloadActual  10: 136511488 op, 246052056.00 ns, 1.8024 ns/op
WorkloadActual  11: 136511488 op, 247350010.00 ns, 1.8119 ns/op
WorkloadActual  12: 136511488 op, 248949621.00 ns, 1.8237 ns/op

// AfterActualRun
WorkloadResult   1: 136511488 op, 247880622.00 ns, 1.8158 ns/op
WorkloadResult   2: 136511488 op, 245071191.00 ns, 1.7952 ns/op
WorkloadResult   3: 136511488 op, 248535665.00 ns, 1.8206 ns/op
WorkloadResult   4: 136511488 op, 249995648.00 ns, 1.8313 ns/op
WorkloadResult   5: 136511488 op, 247504752.00 ns, 1.8131 ns/op
WorkloadResult   6: 136511488 op, 247516902.00 ns, 1.8132 ns/op
WorkloadResult   7: 136511488 op, 246562985.00 ns, 1.8062 ns/op
WorkloadResult   8: 136511488 op, 245994855.00 ns, 1.8020 ns/op
WorkloadResult   9: 136511488 op, 247292809.00 ns, 1.8115 ns/op
WorkloadResult  10: 136511488 op, 248892420.00 ns, 1.8232 ns/op
// GC:  0 0 0 0 136511488
// Threading:  0 0 136511488

// AfterAll
// Benchmark Process 2724122 has exited with code 0.

Mean = 1.813 ns, StdErr = 0.003 ns (0.18%), N = 10, StdDev = 0.010 ns
Min = 1.795 ns, Q1 = 1.808 ns, Median = 1.813 ns, Q3 = 1.819 ns, Max = 1.831 ns
IQR = 0.012 ns, LowerFence = 1.790 ns, UpperFence = 1.837 ns
ConfidenceInterval = [1.797 ns; 1.829 ns] (CI 99.9%), Margin = 0.016 ns (0.87% of Mean)
Skewness = -0.02, Kurtosis = 2.01, MValue = 2

// ** Remained 28 (93.3%) benchmark(s) to run. Estimated finish 2026-09-12 4:28 (0h 3m from now) **
// **************************
// Benchmark: DataAuthoredQueryBenchmarks.DataAuthoredFacade: Jit(IterationCount=12, IterationTime=250ms, WarmupCount=16) [Shape=OneTrack, Pattern=Forward]
// *** Execute ***
// Launch: 1 / 1
// Execute: dotnet Alpha-Jit-1.dll --anonymousPipes 161 162 --benchmarkName "DataAuthoredQueryBenchmarks.DataAuthoredFacade(Shape: OneTrack, Pattern: Forward)" --job Jit --benchmarkId 2 in /home/i/GitHub/tl-56-feat-data-authored-api/benchmarks/Alpha/bin/Release/net10.0/Alpha-Jit-1/bin/Release/net10.0
// Failed to set up high priority (Permission denied). In order to run benchmarks with high priority, make sure you have the right permissions.
// BeforeAnythingElse

// Benchmark Process Environment Information:
// BenchmarkDotNet v0.15.8
// Runtime=.NET 10.0.12 (10.0.12, 10.0.1226.42308), X64 RyuJIT x86-64-v3
// GC=Concurrent Workstation
// HardwareIntrinsics=AVX2+BMI1+BMI2+F16C+FMA+LZCNT+MOVBE,AVX,SSE3+SSSE3+SSE4.1+SSE4.2+POPCNT,X86Base+SSE+SSE2,AES+PCLMUL,AvxVnni,SERIALIZE VectorSize=256
// Job: Jit(IterationCount=12, IterationTime=250ms, WarmupCount=16)

OverheadJitting  1: 4096 op, 107940.00 ns, 26.3525 ns/op
WorkloadJitting  1: 4096 op, 341733.00 ns, 83.4309 ns/op

OverheadJitting  2: 65536 op, 118900.00 ns, 1.8143 ns/op
WorkloadJitting  2: 65536 op, 4463992.00 ns, 68.1151 ns/op

WorkloadPilot    1: 65536 op, 3394593.00 ns, 51.7974 ns/op
WorkloadPilot    2: 4849664 op, 250080213.00 ns, 51.5665 ns/op

OverheadWarmup   1: 4849664 op, 2238.00 ns, 0.0005 ns/op
OverheadWarmup   2: 4849664 op, 1708.00 ns, 0.0004 ns/op
OverheadWarmup   3: 4849664 op, 1648.00 ns, 0.0003 ns/op
OverheadWarmup   4: 4849664 op, 1673.00 ns, 0.0003 ns/op
OverheadWarmup   5: 4849664 op, 1715.00 ns, 0.0004 ns/op
OverheadWarmup   6: 4849664 op, 1658.00 ns, 0.0003 ns/op
OverheadWarmup   7: 4849664 op, 1650.00 ns, 0.0003 ns/op
OverheadWarmup   8: 4849664 op, 1646.00 ns, 0.0003 ns/op
OverheadWarmup   9: 4849664 op, 1640.00 ns, 0.0003 ns/op
OverheadWarmup  10: 4849664 op, 1636.00 ns, 0.0003 ns/op

OverheadActual   1: 4849664 op, 1881.00 ns, 0.0004 ns/op
OverheadActual   2: 4849664 op, 1802.00 ns, 0.0004 ns/op
OverheadActual   3: 4849664 op, 1829.00 ns, 0.0004 ns/op
OverheadActual   4: 4849664 op, 1706.00 ns, 0.0004 ns/op
OverheadActual   5: 4849664 op, 1827.00 ns, 0.0004 ns/op
OverheadActual   6: 4849664 op, 1655.00 ns, 0.0003 ns/op
OverheadActual   7: 4849664 op, 1626.00 ns, 0.0003 ns/op
OverheadActual   8: 4849664 op, 1627.00 ns, 0.0003 ns/op
OverheadActual   9: 4849664 op, 1620.00 ns, 0.0003 ns/op
OverheadActual  10: 4849664 op, 1619.00 ns, 0.0003 ns/op
OverheadActual  11: 4849664 op, 1621.00 ns, 0.0003 ns/op
OverheadActual  12: 4849664 op, 1612.00 ns, 0.0003 ns/op
OverheadActual  13: 4849664 op, 1646.00 ns, 0.0003 ns/op
OverheadActual  14: 4849664 op, 1619.00 ns, 0.0003 ns/op
OverheadActual  15: 4849664 op, 1612.00 ns, 0.0003 ns/op
OverheadActual  16: 4849664 op, 1623.00 ns, 0.0003 ns/op
OverheadActual  17: 4849664 op, 1623.00 ns, 0.0003 ns/op

WorkloadWarmup   1: 4849664 op, 250566856.00 ns, 51.6668 ns/op
WorkloadWarmup   2: 4849664 op, 256980841.00 ns, 52.9894 ns/op
WorkloadWarmup   3: 4849664 op, 249252167.00 ns, 51.3958 ns/op
WorkloadWarmup   4: 4849664 op, 248510844.00 ns, 51.2429 ns/op
WorkloadWarmup   5: 4849664 op, 250000333.00 ns, 51.5500 ns/op
WorkloadWarmup   6: 4849664 op, 250583250.00 ns, 51.6702 ns/op
WorkloadWarmup   7: 4849664 op, 213388486.00 ns, 44.0007 ns/op
WorkloadWarmup   8: 4849664 op, 77423043.00 ns, 15.9646 ns/op
WorkloadWarmup   9: 4849664 op, 61221940.00 ns, 12.6240 ns/op
WorkloadWarmup  10: 4849664 op, 61181425.00 ns, 12.6156 ns/op
WorkloadWarmup  11: 4849664 op, 61259388.00 ns, 12.6317 ns/op
WorkloadWarmup  12: 4849664 op, 61423083.00 ns, 12.6654 ns/op
WorkloadWarmup  13: 4849664 op, 61312171.00 ns, 12.6426 ns/op
WorkloadWarmup  14: 4849664 op, 61582509.00 ns, 12.6983 ns/op
WorkloadWarmup  15: 4849664 op, 61559512.00 ns, 12.6936 ns/op
WorkloadWarmup  16: 4849664 op, 61611243.00 ns, 12.7042 ns/op

// BeforeActualRun
WorkloadActual   1: 4849664 op, 61921802.00 ns, 12.7683 ns/op
WorkloadActual   2: 4849664 op, 61571125.00 ns, 12.6960 ns/op
WorkloadActual   3: 4849664 op, 61627142.00 ns, 12.7075 ns/op
WorkloadActual   4: 4849664 op, 60860871.00 ns, 12.5495 ns/op
WorkloadActual   5: 4849664 op, 61229773.00 ns, 12.6256 ns/op
WorkloadActual   6: 4849664 op, 60880889.00 ns, 12.5536 ns/op
WorkloadActual   7: 4849664 op, 60967694.00 ns, 12.5715 ns/op
WorkloadActual   8: 4849664 op, 61019038.00 ns, 12.5821 ns/op
WorkloadActual   9: 4849664 op, 61336121.00 ns, 12.6475 ns/op
WorkloadActual  10: 4849664 op, 61897018.00 ns, 12.7632 ns/op
WorkloadActual  11: 4849664 op, 61569214.00 ns, 12.6956 ns/op
WorkloadActual  12: 4849664 op, 60970524.00 ns, 12.5721 ns/op

// AfterActualRun
WorkloadResult   1: 4849664 op, 61920176.00 ns, 12.7679 ns/op
WorkloadResult   2: 4849664 op, 61569499.00 ns, 12.6956 ns/op
WorkloadResult   3: 4849664 op, 61625516.00 ns, 12.7072 ns/op
WorkloadResult   4: 4849664 op, 60859245.00 ns, 12.5492 ns/op
WorkloadResult   5: 4849664 op, 61228147.00 ns, 12.6252 ns/op
WorkloadResult   6: 4849664 op, 60879263.00 ns, 12.5533 ns/op
WorkloadResult   7: 4849664 op, 60966068.00 ns, 12.5712 ns/op
WorkloadResult   8: 4849664 op, 61017412.00 ns, 12.5818 ns/op
WorkloadResult   9: 4849664 op, 61334495.00 ns, 12.6472 ns/op
WorkloadResult  10: 4849664 op, 61895392.00 ns, 12.7628 ns/op
WorkloadResult  11: 4849664 op, 61567588.00 ns, 12.6952 ns/op
WorkloadResult  12: 4849664 op, 60968898.00 ns, 12.5718 ns/op
// GC:  0 0 0 0 4849664
// Threading:  0 0 4849664

// AfterAll
// Benchmark Process 2735045 has exited with code 0.

Mean = 12.644 ns, StdErr = 0.023 ns (0.18%), N = 12, StdDev = 0.080 ns
Min = 12.549 ns, Q1 = 12.572 ns, Median = 12.636 ns, Q3 = 12.699 ns, Max = 12.768 ns
IQR = 0.127 ns, LowerFence = 12.381 ns, UpperFence = 12.889 ns
ConfidenceInterval = [12.541 ns; 12.747 ns] (CI 99.9%), Margin = 0.103 ns (0.81% of Mean)
Skewness = 0.24, Kurtosis = 1.38, MValue = 2

// ** Remained 27 (90.0%) benchmark(s) to run. Estimated finish 2026-09-12 4:27 (0h 2m from now) **
// **************************
// Benchmark: DataAuthoredQueryBenchmarks.DirectShape: Jit(IterationCount=12, IterationTime=250ms, WarmupCount=16) [Shape=OneTrack, Pattern=Alternating]
// *** Execute ***
// Launch: 1 / 1
// Execute: dotnet Alpha-Jit-1.dll --anonymousPipes 159 160 --benchmarkName "DataAuthoredQueryBenchmarks.DirectShape(Shape: OneTrack, Pattern: Alternating)" --job Jit --benchmarkId 3 in /home/i/GitHub/tl-56-feat-data-authored-api/benchmarks/Alpha/bin/Release/net10.0/Alpha-Jit-1/bin/Release/net10.0
// Failed to set up high priority (Permission denied). In order to run benchmarks with high priority, make sure you have the right permissions.
// BeforeAnythingElse

// Benchmark Process Environment Information:
// BenchmarkDotNet v0.15.8
// Runtime=.NET 10.0.12 (10.0.12, 10.0.1226.42308), X64 RyuJIT x86-64-v3
// GC=Concurrent Workstation
// HardwareIntrinsics=AVX2+BMI1+BMI2+F16C+FMA+LZCNT+MOVBE,AVX,SSE3+SSSE3+SSE4.1+SSE4.2+POPCNT,X86Base+SSE+SSE2,AES+PCLMUL,AvxVnni,SERIALIZE VectorSize=256
// Job: Jit(IterationCount=12, IterationTime=250ms, WarmupCount=16)

OverheadJitting  1: 4096 op, 100118.00 ns, 24.4429 ns/op
WorkloadJitting  1: 4096 op, 1027198.00 ns, 250.7808 ns/op

OverheadJitting  2: 65536 op, 118148.00 ns, 1.8028 ns/op
WorkloadJitting  2: 65536 op, 376797.00 ns, 5.7495 ns/op

WorkloadPilot    1: 65536 op, 211823.00 ns, 3.2322 ns/op
WorkloadPilot    2: 77398016 op, 215787998.00 ns, 2.7880 ns/op
WorkloadPilot    3: 89718784 op, 245265927.00 ns, 2.7337 ns/op
WorkloadPilot    4: 91488256 op, 251255136.00 ns, 2.7463 ns/op
WorkloadPilot    5: 91029504 op, 274136999.00 ns, 3.0115 ns/op
WorkloadPilot    6: 83034112 op, 246256377.00 ns, 2.9657 ns/op
WorkloadPilot    7: 84344832 op, 234037763.00 ns, 2.7748 ns/op
WorkloadPilot    8: 90112000 op, 248730861.00 ns, 2.7602 ns/op
WorkloadPilot    9: 90570752 op, 241310695.00 ns, 2.6643 ns/op
WorkloadPilot   10: 93847552 op, 124679432.00 ns, 1.3285 ns/op
WorkloadPilot   11: 188219392 op, 247824406.00 ns, 1.3167 ns/op
WorkloadPilot   12: 189923328 op, 252299628.00 ns, 1.3284 ns/op

OverheadWarmup   1: 189923328 op, 89902.00 ns, 0.0005 ns/op
OverheadWarmup   2: 189923328 op, 89042.00 ns, 0.0005 ns/op
OverheadWarmup   3: 189923328 op, 88760.00 ns, 0.0005 ns/op
OverheadWarmup   4: 189923328 op, 88852.00 ns, 0.0005 ns/op
OverheadWarmup   5: 189923328 op, 88790.00 ns, 0.0005 ns/op
OverheadWarmup   6: 189923328 op, 88872.00 ns, 0.0005 ns/op
OverheadWarmup   7: 189923328 op, 88564.00 ns, 0.0005 ns/op

OverheadActual   1: 189923328 op, 89284.00 ns, 0.0005 ns/op
OverheadActual   2: 189923328 op, 87699.00 ns, 0.0005 ns/op
OverheadActual   3: 189923328 op, 90228.00 ns, 0.0005 ns/op
OverheadActual   4: 189923328 op, 87017.00 ns, 0.0005 ns/op
OverheadActual   5: 189923328 op, 87477.00 ns, 0.0005 ns/op
OverheadActual   6: 189923328 op, 87381.00 ns, 0.0005 ns/op
OverheadActual   7: 189923328 op, 86946.00 ns, 0.0005 ns/op
OverheadActual   8: 189923328 op, 87116.00 ns, 0.0005 ns/op
OverheadActual   9: 189923328 op, 89705.00 ns, 0.0005 ns/op
OverheadActual  10: 189923328 op, 87095.00 ns, 0.0005 ns/op
OverheadActual  11: 189923328 op, 87017.00 ns, 0.0005 ns/op
OverheadActual  12: 189923328 op, 87085.00 ns, 0.0005 ns/op
OverheadActual  13: 189923328 op, 87047.00 ns, 0.0005 ns/op
OverheadActual  14: 189923328 op, 86931.00 ns, 0.0005 ns/op
OverheadActual  15: 189923328 op, 87386.00 ns, 0.0005 ns/op

WorkloadWarmup   1: 189923328 op, 246998303.00 ns, 1.3005 ns/op
WorkloadWarmup   2: 189923328 op, 248680688.00 ns, 1.3094 ns/op
WorkloadWarmup   3: 189923328 op, 249458491.00 ns, 1.3135 ns/op
WorkloadWarmup   4: 189923328 op, 252389905.00 ns, 1.3289 ns/op
WorkloadWarmup   5: 189923328 op, 247849627.00 ns, 1.3050 ns/op
WorkloadWarmup   6: 189923328 op, 252722696.00 ns, 1.3307 ns/op
WorkloadWarmup   7: 189923328 op, 249027154.00 ns, 1.3112 ns/op
WorkloadWarmup   8: 189923328 op, 251064345.00 ns, 1.3219 ns/op
WorkloadWarmup   9: 189923328 op, 280297831.00 ns, 1.4758 ns/op
WorkloadWarmup  10: 189923328 op, 249411635.00 ns, 1.3132 ns/op
WorkloadWarmup  11: 189923328 op, 249488832.00 ns, 1.3136 ns/op
WorkloadWarmup  12: 189923328 op, 252020804.00 ns, 1.3270 ns/op
WorkloadWarmup  13: 189923328 op, 249406528.00 ns, 1.3132 ns/op
WorkloadWarmup  14: 189923328 op, 249599705.00 ns, 1.3142 ns/op
WorkloadWarmup  15: 189923328 op, 251656848.00 ns, 1.3250 ns/op
WorkloadWarmup  16: 189923328 op, 248238805.00 ns, 1.3070 ns/op

// BeforeActualRun
WorkloadActual   1: 189923328 op, 250760945.00 ns, 1.3203 ns/op
WorkloadActual   2: 189923328 op, 249364723.00 ns, 1.3130 ns/op
WorkloadActual   3: 189923328 op, 248343673.00 ns, 1.3076 ns/op
WorkloadActual   4: 189923328 op, 250128194.00 ns, 1.3170 ns/op
WorkloadActual   5: 189923328 op, 250852674.00 ns, 1.3208 ns/op
WorkloadActual   6: 189923328 op, 256413104.00 ns, 1.3501 ns/op
WorkloadActual   7: 189923328 op, 252134333.00 ns, 1.3276 ns/op
WorkloadActual   8: 189923328 op, 263163174.00 ns, 1.3856 ns/op
WorkloadActual   9: 189923328 op, 248016056.00 ns, 1.3059 ns/op
WorkloadActual  10: 189923328 op, 251104811.00 ns, 1.3221 ns/op
WorkloadActual  11: 189923328 op, 251890034.00 ns, 1.3263 ns/op
WorkloadActual  12: 189923328 op, 249788373.00 ns, 1.3152 ns/op

// AfterActualRun
WorkloadResult   1: 189923328 op, 250673829.00 ns, 1.3199 ns/op
WorkloadResult   2: 189923328 op, 249277607.00 ns, 1.3125 ns/op
WorkloadResult   3: 189923328 op, 248256557.00 ns, 1.3071 ns/op
WorkloadResult   4: 189923328 op, 250041078.00 ns, 1.3165 ns/op
WorkloadResult   5: 189923328 op, 250765558.00 ns, 1.3204 ns/op
WorkloadResult   6: 189923328 op, 252047217.00 ns, 1.3271 ns/op
WorkloadResult   7: 189923328 op, 247928940.00 ns, 1.3054 ns/op
WorkloadResult   8: 189923328 op, 251017695.00 ns, 1.3217 ns/op
WorkloadResult   9: 189923328 op, 251802918.00 ns, 1.3258 ns/op
WorkloadResult  10: 189923328 op, 249701257.00 ns, 1.3147 ns/op
// GC:  0 0 0 0 189923328
// Threading:  0 0 189923328

// AfterAll
// Benchmark Process 2738832 has exited with code 0.

Mean = 1.317 ns, StdErr = 0.002 ns (0.17%), N = 10, StdDev = 0.007 ns
Min = 1.305 ns, Q1 = 1.313 ns, Median = 1.318 ns, Q3 = 1.321 ns, Max = 1.327 ns
IQR = 0.008 ns, LowerFence = 1.301 ns, UpperFence = 1.334 ns
ConfidenceInterval = [1.306 ns; 1.328 ns] (CI 99.9%), Margin = 0.011 ns (0.84% of Mean)
Skewness = -0.23, Kurtosis = 1.61, MValue = 2

// ** Remained 26 (86.7%) benchmark(s) to run. Estimated finish 2026-09-12 4:27 (0h 3m from now) **
// **************************
// Benchmark: DataAuthoredQueryBenchmarks.GeneratedShape: Jit(IterationCount=12, IterationTime=250ms, WarmupCount=16) [Shape=OneTrack, Pattern=Alternating]
// *** Execute ***
// Launch: 1 / 1
// Execute: dotnet Alpha-Jit-1.dll --anonymousPipes 159 160 --benchmarkName "DataAuthoredQueryBenchmarks.GeneratedShape(Shape: OneTrack, Pattern: Alternating)" --job Jit --benchmarkId 4 in /home/i/GitHub/tl-56-feat-data-authored-api/benchmarks/Alpha/bin/Release/net10.0/Alpha-Jit-1/bin/Release/net10.0
// Failed to set up high priority (Permission denied). In order to run benchmarks with high priority, make sure you have the right permissions.
// BeforeAnythingElse

// Benchmark Process Environment Information:
// BenchmarkDotNet v0.15.8
// Runtime=.NET 10.0.12 (10.0.12, 10.0.1226.42308), X64 RyuJIT x86-64-v3
// GC=Concurrent Workstation
// HardwareIntrinsics=AVX2+BMI1+BMI2+F16C+FMA+LZCNT+MOVBE,AVX,SSE3+SSSE3+SSE4.1+SSE4.2+POPCNT,X86Base+SSE+SSE2,AES+PCLMUL,AvxVnni,SERIALIZE VectorSize=256
// Job: Jit(IterationCount=12, IterationTime=250ms, WarmupCount=16)

OverheadJitting  1: 4096 op, 106023.00 ns, 25.8845 ns/op
WorkloadJitting  1: 4096 op, 248681.00 ns, 60.7131 ns/op

OverheadJitting  2: 65536 op, 134282.00 ns, 2.0490 ns/op
WorkloadJitting  2: 65536 op, 1669959.00 ns, 25.4816 ns/op

WorkloadPilot    1: 65536 op, 611478.00 ns, 9.3304 ns/op
WorkloadPilot    2: 26804224 op, 227450369.00 ns, 8.4856 ns/op
WorkloadPilot    3: 29491200 op, 250309445.00 ns, 8.4876 ns/op

OverheadWarmup   1: 29491200 op, 11342.00 ns, 0.0004 ns/op
OverheadWarmup   2: 29491200 op, 11022.00 ns, 0.0004 ns/op
OverheadWarmup   3: 29491200 op, 10740.00 ns, 0.0004 ns/op
OverheadWarmup   4: 29491200 op, 10716.00 ns, 0.0004 ns/op
OverheadWarmup   5: 29491200 op, 10755.00 ns, 0.0004 ns/op
OverheadWarmup   6: 29491200 op, 10772.00 ns, 0.0004 ns/op
OverheadWarmup   7: 29491200 op, 10710.00 ns, 0.0004 ns/op
OverheadWarmup   8: 29491200 op, 10771.00 ns, 0.0004 ns/op
OverheadWarmup   9: 29491200 op, 10719.00 ns, 0.0004 ns/op

OverheadActual   1: 29491200 op, 10939.00 ns, 0.0004 ns/op
OverheadActual   2: 29491200 op, 10755.00 ns, 0.0004 ns/op
OverheadActual   3: 29491200 op, 10946.00 ns, 0.0004 ns/op
OverheadActual   4: 29491200 op, 10819.00 ns, 0.0004 ns/op
OverheadActual   5: 29491200 op, 10922.00 ns, 0.0004 ns/op
OverheadActual   6: 29491200 op, 10783.00 ns, 0.0004 ns/op
OverheadActual   7: 29491200 op, 10907.00 ns, 0.0004 ns/op
OverheadActual   8: 29491200 op, 10914.00 ns, 0.0004 ns/op
OverheadActual   9: 29491200 op, 10928.00 ns, 0.0004 ns/op
OverheadActual  10: 29491200 op, 11139.00 ns, 0.0004 ns/op
OverheadActual  11: 29491200 op, 11130.00 ns, 0.0004 ns/op
OverheadActual  12: 29491200 op, 10942.00 ns, 0.0004 ns/op
OverheadActual  13: 29491200 op, 10955.00 ns, 0.0004 ns/op
OverheadActual  14: 29491200 op, 10915.00 ns, 0.0004 ns/op
OverheadActual  15: 29491200 op, 11159.00 ns, 0.0004 ns/op

WorkloadWarmup   1: 29491200 op, 252025960.00 ns, 8.5458 ns/op
WorkloadWarmup   2: 29491200 op, 249586649.00 ns, 8.4631 ns/op
WorkloadWarmup   3: 29491200 op, 251314514.00 ns, 8.5217 ns/op
WorkloadWarmup   4: 29491200 op, 249659535.00 ns, 8.4656 ns/op
WorkloadWarmup   5: 29491200 op, 248906927.00 ns, 8.4400 ns/op
WorkloadWarmup   6: 29491200 op, 222114503.00 ns, 7.5316 ns/op
WorkloadWarmup   7: 29491200 op, 59624262.00 ns, 2.0218 ns/op
WorkloadWarmup   8: 29491200 op, 61958425.00 ns, 2.1009 ns/op
WorkloadWarmup   9: 29491200 op, 60357524.00 ns, 2.0466 ns/op
WorkloadWarmup  10: 29491200 op, 65921833.00 ns, 2.2353 ns/op
WorkloadWarmup  11: 29491200 op, 60760038.00 ns, 2.0603 ns/op
WorkloadWarmup  12: 29491200 op, 60638066.00 ns, 2.0561 ns/op
WorkloadWarmup  13: 29491200 op, 60214246.00 ns, 2.0418 ns/op
WorkloadWarmup  14: 29491200 op, 63942527.00 ns, 2.1682 ns/op
WorkloadWarmup  15: 29491200 op, 60206484.00 ns, 2.0415 ns/op
WorkloadWarmup  16: 29491200 op, 59640672.00 ns, 2.0223 ns/op

// BeforeActualRun
WorkloadActual   1: 29491200 op, 60232841.00 ns, 2.0424 ns/op
WorkloadActual   2: 29491200 op, 59691277.00 ns, 2.0240 ns/op
WorkloadActual   3: 29491200 op, 59525527.00 ns, 2.0184 ns/op
WorkloadActual   4: 29491200 op, 59616120.00 ns, 2.0215 ns/op
WorkloadActual   5: 29491200 op, 59582670.00 ns, 2.0204 ns/op
WorkloadActual   6: 29491200 op, 59802386.00 ns, 2.0278 ns/op
WorkloadActual   7: 29491200 op, 59646581.00 ns, 2.0225 ns/op
WorkloadActual   8: 29491200 op, 59644342.00 ns, 2.0224 ns/op
WorkloadActual   9: 29491200 op, 59932376.00 ns, 2.0322 ns/op
WorkloadActual  10: 29491200 op, 59630428.00 ns, 2.0220 ns/op
WorkloadActual  11: 29491200 op, 59566244.00 ns, 2.0198 ns/op
WorkloadActual  12: 29491200 op, 59472745.00 ns, 2.0166 ns/op

// AfterActualRun
WorkloadResult   1: 29491200 op, 59680349.00 ns, 2.0237 ns/op
WorkloadResult   2: 29491200 op, 59514599.00 ns, 2.0180 ns/op
WorkloadResult   3: 29491200 op, 59605192.00 ns, 2.0211 ns/op
WorkloadResult   4: 29491200 op, 59571742.00 ns, 2.0200 ns/op
WorkloadResult   5: 29491200 op, 59791458.00 ns, 2.0274 ns/op
WorkloadResult   6: 29491200 op, 59635653.00 ns, 2.0222 ns/op
WorkloadResult   7: 29491200 op, 59633414.00 ns, 2.0221 ns/op
WorkloadResult   8: 29491200 op, 59619500.00 ns, 2.0216 ns/op
WorkloadResult   9: 29491200 op, 59555316.00 ns, 2.0194 ns/op
WorkloadResult  10: 29491200 op, 59461817.00 ns, 2.0163 ns/op
// GC:  0 0 0 0 29491200
// Threading:  0 0 29491200

// AfterAll
// Benchmark Process 2749824 has exited with code 0.

Mean = 2.021 ns, StdErr = 0.001 ns (0.05%), N = 10, StdDev = 0.003 ns
Min = 2.016 ns, Q1 = 2.020 ns, Median = 2.021 ns, Q3 = 2.022 ns, Max = 2.027 ns
IQR = 0.003 ns, LowerFence = 2.016 ns, UpperFence = 2.026 ns
ConfidenceInterval = [2.017 ns; 2.026 ns] (CI 99.9%), Margin = 0.005 ns (0.23% of Mean)
Skewness = 0.36, Kurtosis = 2.49, MValue = 2

// ** Remained 25 (83.3%) benchmark(s) to run. Estimated finish 2026-09-12 4:27 (0h 2m from now) **
// **************************
// Benchmark: DataAuthoredQueryBenchmarks.DataAuthoredFacade: Jit(IterationCount=12, IterationTime=250ms, WarmupCount=16) [Shape=OneTrack, Pattern=Alternating]
// *** Execute ***
// Launch: 1 / 1
// Execute: dotnet Alpha-Jit-1.dll --anonymousPipes 159 160 --benchmarkName "DataAuthoredQueryBenchmarks.DataAuthoredFacade(Shape: OneTrack, Pattern: Alternating)" --job Jit --benchmarkId 5 in /home/i/GitHub/tl-56-feat-data-authored-api/benchmarks/Alpha/bin/Release/net10.0/Alpha-Jit-1/bin/Release/net10.0
// Failed to set up high priority (Permission denied). In order to run benchmarks with high priority, make sure you have the right permissions.
// BeforeAnythingElse

// Benchmark Process Environment Information:
// BenchmarkDotNet v0.15.8
// Runtime=.NET 10.0.12 (10.0.12, 10.0.1226.42308), X64 RyuJIT x86-64-v3
// GC=Concurrent Workstation
// HardwareIntrinsics=AVX2+BMI1+BMI2+F16C+FMA+LZCNT+MOVBE,AVX,SSE3+SSSE3+SSE4.1+SSE4.2+POPCNT,X86Base+SSE+SSE2,AES+PCLMUL,AvxVnni,SERIALIZE VectorSize=256
// Job: Jit(IterationCount=12, IterationTime=250ms, WarmupCount=16)

OverheadJitting  1: 4096 op, 99412.00 ns, 24.2705 ns/op
WorkloadJitting  1: 4096 op, 339941.00 ns, 82.9934 ns/op

OverheadJitting  2: 65536 op, 128849.00 ns, 1.9661 ns/op
WorkloadJitting  2: 65536 op, 4439466.00 ns, 67.7409 ns/op

WorkloadPilot    1: 65536 op, 3365174.00 ns, 51.3485 ns/op
WorkloadPilot    2: 4915200 op, 256171062.00 ns, 52.1181 ns/op
WorkloadPilot    3: 4849664 op, 252643047.00 ns, 52.0950 ns/op

OverheadWarmup   1: 4849664 op, 2187.00 ns, 0.0005 ns/op
OverheadWarmup   2: 4849664 op, 1953.00 ns, 0.0004 ns/op
OverheadWarmup   3: 4849664 op, 1793.00 ns, 0.0004 ns/op
OverheadWarmup   4: 4849664 op, 1773.00 ns, 0.0004 ns/op
OverheadWarmup   5: 4849664 op, 1788.00 ns, 0.0004 ns/op
OverheadWarmup   6: 4849664 op, 1881.00 ns, 0.0004 ns/op
OverheadWarmup   7: 4849664 op, 1799.00 ns, 0.0004 ns/op
OverheadWarmup   8: 4849664 op, 1823.00 ns, 0.0004 ns/op
OverheadWarmup   9: 4849664 op, 1811.00 ns, 0.0004 ns/op

OverheadActual   1: 4849664 op, 1999.00 ns, 0.0004 ns/op
OverheadActual   2: 4849664 op, 2005.00 ns, 0.0004 ns/op
OverheadActual   3: 4849664 op, 2062.00 ns, 0.0004 ns/op
OverheadActual   4: 4849664 op, 1913.00 ns, 0.0004 ns/op
OverheadActual   5: 4849664 op, 1996.00 ns, 0.0004 ns/op
OverheadActual   6: 4849664 op, 1819.00 ns, 0.0004 ns/op
OverheadActual   7: 4849664 op, 1801.00 ns, 0.0004 ns/op
OverheadActual   8: 4849664 op, 1797.00 ns, 0.0004 ns/op
OverheadActual   9: 4849664 op, 1795.00 ns, 0.0004 ns/op
OverheadActual  10: 4849664 op, 1759.00 ns, 0.0004 ns/op
OverheadActual  11: 4849664 op, 1786.00 ns, 0.0004 ns/op
OverheadActual  12: 4849664 op, 1775.00 ns, 0.0004 ns/op
OverheadActual  13: 4849664 op, 1787.00 ns, 0.0004 ns/op
OverheadActual  14: 4849664 op, 1769.00 ns, 0.0004 ns/op
OverheadActual  15: 4849664 op, 1798.00 ns, 0.0004 ns/op
OverheadActual  16: 4849664 op, 1759.00 ns, 0.0004 ns/op
OverheadActual  17: 4849664 op, 1766.00 ns, 0.0004 ns/op
OverheadActual  18: 4849664 op, 2053.00 ns, 0.0004 ns/op
OverheadActual  19: 4849664 op, 1838.00 ns, 0.0004 ns/op
OverheadActual  20: 4849664 op, 1813.00 ns, 0.0004 ns/op

WorkloadWarmup   1: 4849664 op, 254043573.00 ns, 52.3837 ns/op
WorkloadWarmup   2: 4849664 op, 278638588.00 ns, 57.4552 ns/op
WorkloadWarmup   3: 4849664 op, 255649685.00 ns, 52.7149 ns/op
WorkloadWarmup   4: 4849664 op, 255435525.00 ns, 52.6708 ns/op
WorkloadWarmup   5: 4849664 op, 254251420.00 ns, 52.4266 ns/op
WorkloadWarmup   6: 4849664 op, 157405238.00 ns, 32.4569 ns/op
WorkloadWarmup   7: 4849664 op, 63622270.00 ns, 13.1189 ns/op
WorkloadWarmup   8: 4849664 op, 63471646.00 ns, 13.0878 ns/op
WorkloadWarmup   9: 4849664 op, 63978765.00 ns, 13.1924 ns/op
WorkloadWarmup  10: 4849664 op, 63627110.00 ns, 13.1199 ns/op
WorkloadWarmup  11: 4849664 op, 63376210.00 ns, 13.0682 ns/op
WorkloadWarmup  12: 4849664 op, 62916920.00 ns, 12.9735 ns/op
WorkloadWarmup  13: 4849664 op, 63102513.00 ns, 13.0117 ns/op
WorkloadWarmup  14: 4849664 op, 64121836.00 ns, 13.2219 ns/op
WorkloadWarmup  15: 4849664 op, 63597462.00 ns, 13.1138 ns/op
WorkloadWarmup  16: 4849664 op, 63517470.00 ns, 13.0973 ns/op

// BeforeActualRun
WorkloadActual   1: 4849664 op, 64024321.00 ns, 13.2018 ns/op
WorkloadActual   2: 4849664 op, 64232998.00 ns, 13.2448 ns/op
WorkloadActual   3: 4849664 op, 63627126.00 ns, 13.1199 ns/op
WorkloadActual   4: 4849664 op, 63787991.00 ns, 13.1531 ns/op
WorkloadActual   5: 4849664 op, 63359120.00 ns, 13.0646 ns/op
WorkloadActual   6: 4849664 op, 63965689.00 ns, 13.1897 ns/op
WorkloadActual   7: 4849664 op, 63864617.00 ns, 13.1689 ns/op
WorkloadActual   8: 4849664 op, 62894442.00 ns, 12.9688 ns/op
WorkloadActual   9: 4849664 op, 63217703.00 ns, 13.0355 ns/op
WorkloadActual  10: 4849664 op, 63006429.00 ns, 12.9919 ns/op
WorkloadActual  11: 4849664 op, 63262007.00 ns, 13.0446 ns/op
WorkloadActual  12: 4849664 op, 63715323.00 ns, 13.1381 ns/op

// AfterActualRun
WorkloadResult   1: 4849664 op, 64022521.50 ns, 13.2014 ns/op
WorkloadResult   2: 4849664 op, 64231198.50 ns, 13.2445 ns/op
WorkloadResult   3: 4849664 op, 63625326.50 ns, 13.1195 ns/op
WorkloadResult   4: 4849664 op, 63786191.50 ns, 13.1527 ns/op
WorkloadResult   5: 4849664 op, 63357320.50 ns, 13.0643 ns/op
WorkloadResult   6: 4849664 op, 63963889.50 ns, 13.1893 ns/op
WorkloadResult   7: 4849664 op, 63862817.50 ns, 13.1685 ns/op
WorkloadResult   8: 4849664 op, 62892642.50 ns, 12.9685 ns/op
WorkloadResult   9: 4849664 op, 63215903.50 ns, 13.0351 ns/op
WorkloadResult  10: 4849664 op, 63004629.50 ns, 12.9915 ns/op
WorkloadResult  11: 4849664 op, 63260207.50 ns, 13.0442 ns/op
WorkloadResult  12: 4849664 op, 63713523.50 ns, 13.1377 ns/op
// GC:  0 0 0 0 4849664
// Threading:  0 0 4849664

// AfterAll
// Benchmark Process 2753660 has exited with code 0.

Mean = 13.110 ns, StdErr = 0.025 ns (0.19%), N = 12, StdDev = 0.088 ns
Min = 12.968 ns, Q1 = 13.042 ns, Median = 13.129 ns, Q3 = 13.174 ns, Max = 13.244 ns
IQR = 0.132 ns, LowerFence = 12.844 ns, UpperFence = 13.371 ns
ConfidenceInterval = [12.997 ns; 13.222 ns] (CI 99.9%), Margin = 0.113 ns (0.86% of Mean)
Skewness = -0.15, Kurtosis = 1.54, MValue = 2

// ** Remained 24 (80.0%) benchmark(s) to run. Estimated finish 2026-09-12 4:27 (0h 2m from now) **
// **************************
// Benchmark: DataAuthoredQueryBenchmarks.DirectShape: Jit(IterationCount=12, IterationTime=250ms, WarmupCount=16) [Shape=ThreeTracks, Pattern=Forward]
// *** Execute ***
// Launch: 1 / 1
// Execute: dotnet Alpha-Jit-1.dll --anonymousPipes 159 160 --benchmarkName "DataAuthoredQueryBenchmarks.DirectShape(Shape: ThreeTracks, Pattern: Forward)" --job Jit --benchmarkId 6 in /home/i/GitHub/tl-56-feat-data-authored-api/benchmarks/Alpha/bin/Release/net10.0/Alpha-Jit-1/bin/Release/net10.0
// Failed to set up high priority (Permission denied). In order to run benchmarks with high priority, make sure you have the right permissions.
// BeforeAnythingElse

// Benchmark Process Environment Information:
// BenchmarkDotNet v0.15.8
// Runtime=.NET 10.0.12 (10.0.12, 10.0.1226.42308), X64 RyuJIT x86-64-v3
// GC=Concurrent Workstation
// HardwareIntrinsics=AVX2+BMI1+BMI2+F16C+FMA+LZCNT+MOVBE,AVX,SSE3+SSSE3+SSE4.1+SSE4.2+POPCNT,X86Base+SSE+SSE2,AES+PCLMUL,AvxVnni,SERIALIZE VectorSize=256
// Job: Jit(IterationCount=12, IterationTime=250ms, WarmupCount=16)

OverheadJitting  1: 4096 op, 100755.00 ns, 24.5984 ns/op
WorkloadJitting  1: 4096 op, 1313170.00 ns, 320.5981 ns/op

OverheadJitting  2: 65536 op, 116856.00 ns, 1.7831 ns/op
WorkloadJitting  2: 65536 op, 444019.00 ns, 6.7752 ns/op

WorkloadPilot    1: 65536 op, 315574.00 ns, 4.8153 ns/op
WorkloadPilot    2: 51970048 op, 199817978.00 ns, 3.8449 ns/op
WorkloadPilot    3: 65077248 op, 250807957.00 ns, 3.8540 ns/op
WorkloadPilot    4: 64880640 op, 248147439.00 ns, 3.8247 ns/op
WorkloadPilot    5: 65404928 op, 251047752.00 ns, 3.8384 ns/op
WorkloadPilot    6: 65142784 op, 248301363.00 ns, 3.8116 ns/op
WorkloadPilot    7: 65601536 op, 250515410.00 ns, 3.8187 ns/op

OverheadWarmup   1: 65601536 op, 28927.00 ns, 0.0004 ns/op
OverheadWarmup   2: 65601536 op, 28477.00 ns, 0.0004 ns/op
OverheadWarmup   3: 65601536 op, 24224.00 ns, 0.0004 ns/op
OverheadWarmup   4: 65601536 op, 24238.00 ns, 0.0004 ns/op
OverheadWarmup   5: 65601536 op, 24267.00 ns, 0.0004 ns/op
OverheadWarmup   6: 65601536 op, 24243.00 ns, 0.0004 ns/op
OverheadWarmup   7: 65601536 op, 24235.00 ns, 0.0004 ns/op
OverheadWarmup   8: 65601536 op, 24265.00 ns, 0.0004 ns/op
OverheadWarmup   9: 65601536 op, 24243.00 ns, 0.0004 ns/op

OverheadActual   1: 65601536 op, 24809.00 ns, 0.0004 ns/op
OverheadActual   2: 65601536 op, 24013.00 ns, 0.0004 ns/op
OverheadActual   3: 65601536 op, 24054.00 ns, 0.0004 ns/op
OverheadActual   4: 65601536 op, 23887.00 ns, 0.0004 ns/op
OverheadActual   5: 65601536 op, 24491.00 ns, 0.0004 ns/op
OverheadActual   6: 65601536 op, 24296.00 ns, 0.0004 ns/op
OverheadActual   7: 65601536 op, 24242.00 ns, 0.0004 ns/op
OverheadActual   8: 65601536 op, 24243.00 ns, 0.0004 ns/op
OverheadActual   9: 65601536 op, 23822.00 ns, 0.0004 ns/op
OverheadActual  10: 65601536 op, 23821.00 ns, 0.0004 ns/op
OverheadActual  11: 65601536 op, 23804.00 ns, 0.0004 ns/op
OverheadActual  12: 65601536 op, 23813.00 ns, 0.0004 ns/op
OverheadActual  13: 65601536 op, 24230.00 ns, 0.0004 ns/op
OverheadActual  14: 65601536 op, 24252.00 ns, 0.0004 ns/op
OverheadActual  15: 65601536 op, 24259.00 ns, 0.0004 ns/op

WorkloadWarmup   1: 65601536 op, 250368015.00 ns, 3.8165 ns/op
WorkloadWarmup   2: 65601536 op, 249682725.00 ns, 3.8060 ns/op
WorkloadWarmup   3: 65601536 op, 249031908.00 ns, 3.7961 ns/op
WorkloadWarmup   4: 65601536 op, 249142713.00 ns, 3.7978 ns/op
WorkloadWarmup   5: 65601536 op, 250652496.00 ns, 3.8208 ns/op
WorkloadWarmup   6: 65601536 op, 247711964.00 ns, 3.7760 ns/op
WorkloadWarmup   7: 65601536 op, 148943868.00 ns, 2.2704 ns/op
WorkloadWarmup   8: 65601536 op, 149225544.00 ns, 2.2747 ns/op
WorkloadWarmup   9: 65601536 op, 152476422.00 ns, 2.3243 ns/op
WorkloadWarmup  10: 65601536 op, 154133241.00 ns, 2.3495 ns/op
WorkloadWarmup  11: 65601536 op, 150354734.00 ns, 2.2919 ns/op
WorkloadWarmup  12: 65601536 op, 149662485.00 ns, 2.2814 ns/op
WorkloadWarmup  13: 65601536 op, 151782981.00 ns, 2.3137 ns/op
WorkloadWarmup  14: 65601536 op, 154756346.00 ns, 2.3590 ns/op
WorkloadWarmup  15: 65601536 op, 150288376.00 ns, 2.2909 ns/op
WorkloadWarmup  16: 65601536 op, 148834798.00 ns, 2.2688 ns/op

// BeforeActualRun
WorkloadActual   1: 65601536 op, 149630612.00 ns, 2.2809 ns/op
WorkloadActual   2: 65601536 op, 152704180.00 ns, 2.3278 ns/op
WorkloadActual   3: 65601536 op, 145172319.00 ns, 2.2129 ns/op
WorkloadActual   4: 65601536 op, 147016873.00 ns, 2.2411 ns/op
WorkloadActual   5: 65601536 op, 146787735.00 ns, 2.2376 ns/op
WorkloadActual   6: 65601536 op, 144818397.00 ns, 2.2075 ns/op
WorkloadActual   7: 65601536 op, 148791384.00 ns, 2.2681 ns/op
WorkloadActual   8: 65601536 op, 146193892.00 ns, 2.2285 ns/op
WorkloadActual   9: 65601536 op, 150731911.00 ns, 2.2977 ns/op
WorkloadActual  10: 65601536 op, 147178774.00 ns, 2.2435 ns/op
WorkloadActual  11: 65601536 op, 144541924.00 ns, 2.2033 ns/op
WorkloadActual  12: 65601536 op, 167615347.00 ns, 2.5551 ns/op

// AfterActualRun
WorkloadResult   1: 65601536 op, 149606382.00 ns, 2.2805 ns/op
WorkloadResult   2: 65601536 op, 152679950.00 ns, 2.3274 ns/op
WorkloadResult   3: 65601536 op, 145148089.00 ns, 2.2126 ns/op
WorkloadResult   4: 65601536 op, 146992643.00 ns, 2.2407 ns/op
WorkloadResult   5: 65601536 op, 146763505.00 ns, 2.2372 ns/op
WorkloadResult   6: 65601536 op, 144794167.00 ns, 2.2072 ns/op
WorkloadResult   7: 65601536 op, 148767154.00 ns, 2.2677 ns/op
WorkloadResult   8: 65601536 op, 146169662.00 ns, 2.2281 ns/op
WorkloadResult   9: 65601536 op, 150707681.00 ns, 2.2973 ns/op
WorkloadResult  10: 65601536 op, 147154544.00 ns, 2.2432 ns/op
WorkloadResult  11: 65601536 op, 144517694.00 ns, 2.2030 ns/op
// GC:  0 0 0 0 65601536
// Threading:  0 0 65601536

// AfterAll
// Benchmark Process 2757497 has exited with code 0.

Mean = 2.250 ns, StdErr = 0.012 ns (0.53%), N = 11, StdDev = 0.040 ns
Min = 2.203 ns, Q1 = 2.220 ns, Median = 2.241 ns, Q3 = 2.274 ns, Max = 2.327 ns
IQR = 0.054 ns, LowerFence = 2.140 ns, UpperFence = 2.355 ns
ConfidenceInterval = [2.195 ns; 2.304 ns] (CI 99.9%), Margin = 0.055 ns (2.44% of Mean)
Skewness = 0.55, Kurtosis = 1.96, MValue = 2

// ** Remained 23 (76.7%) benchmark(s) to run. Estimated finish 2026-09-12 4:27 (0h 2m from now) **
// **************************
// Benchmark: DataAuthoredQueryBenchmarks.GeneratedShape: Jit(IterationCount=12, IterationTime=250ms, WarmupCount=16) [Shape=ThreeTracks, Pattern=Forward]
// *** Execute ***
// Launch: 1 / 1
// Execute: dotnet Alpha-Jit-1.dll --anonymousPipes 159 160 --benchmarkName "DataAuthoredQueryBenchmarks.GeneratedShape(Shape: ThreeTracks, Pattern: Forward)" --job Jit --benchmarkId 7 in /home/i/GitHub/tl-56-feat-data-authored-api/benchmarks/Alpha/bin/Release/net10.0/Alpha-Jit-1/bin/Release/net10.0
// Failed to set up high priority (Permission denied). In order to run benchmarks with high priority, make sure you have the right permissions.
// BeforeAnythingElse

// Benchmark Process Environment Information:
// BenchmarkDotNet v0.15.8
// Runtime=.NET 10.0.12 (10.0.12, 10.0.1226.42308), X64 RyuJIT x86-64-v3
// GC=Concurrent Workstation
// HardwareIntrinsics=AVX2+BMI1+BMI2+F16C+FMA+LZCNT+MOVBE,AVX,SSE3+SSSE3+SSE4.1+SSE4.2+POPCNT,X86Base+SSE+SSE2,AES+PCLMUL,AvxVnni,SERIALIZE VectorSize=256
// Job: Jit(IterationCount=12, IterationTime=250ms, WarmupCount=16)

OverheadJitting  1: 4096 op, 101698.00 ns, 24.8286 ns/op
WorkloadJitting  1: 4096 op, 336191.00 ns, 82.0779 ns/op

OverheadJitting  2: 65536 op, 117532.00 ns, 1.7934 ns/op
WorkloadJitting  2: 65536 op, 1959272.00 ns, 29.8961 ns/op

WorkloadPilot    1: 65536 op, 1069652.00 ns, 16.3216 ns/op
WorkloadPilot    2: 15335424 op, 243651025.00 ns, 15.8881 ns/op
WorkloadPilot    3: 15794176 op, 249516595.00 ns, 15.7980 ns/op
WorkloadPilot    4: 15859712 op, 249836636.00 ns, 15.7529 ns/op
WorkloadPilot    5: 15925248 op, 250605332.00 ns, 15.7364 ns/op

OverheadWarmup   1: 15925248 op, 6419.00 ns, 0.0004 ns/op
OverheadWarmup   2: 15925248 op, 5973.00 ns, 0.0004 ns/op
OverheadWarmup   3: 15925248 op, 6011.00 ns, 0.0004 ns/op
OverheadWarmup   4: 15925248 op, 5932.00 ns, 0.0004 ns/op
OverheadWarmup   5: 15925248 op, 5977.00 ns, 0.0004 ns/op
OverheadWarmup   6: 15925248 op, 5900.00 ns, 0.0004 ns/op

OverheadActual   1: 15925248 op, 6165.00 ns, 0.0004 ns/op
OverheadActual   2: 15925248 op, 6138.00 ns, 0.0004 ns/op
OverheadActual   3: 15925248 op, 6113.00 ns, 0.0004 ns/op
OverheadActual   4: 15925248 op, 6011.00 ns, 0.0004 ns/op
OverheadActual   5: 15925248 op, 6127.00 ns, 0.0004 ns/op
OverheadActual   6: 15925248 op, 5902.00 ns, 0.0004 ns/op
OverheadActual   7: 15925248 op, 5907.00 ns, 0.0004 ns/op
OverheadActual   8: 15925248 op, 5900.00 ns, 0.0004 ns/op
OverheadActual   9: 15925248 op, 5889.00 ns, 0.0004 ns/op
OverheadActual  10: 15925248 op, 5929.00 ns, 0.0004 ns/op
OverheadActual  11: 15925248 op, 5919.00 ns, 0.0004 ns/op
OverheadActual  12: 15925248 op, 5899.00 ns, 0.0004 ns/op
OverheadActual  13: 15925248 op, 5887.00 ns, 0.0004 ns/op
OverheadActual  14: 15925248 op, 5897.00 ns, 0.0004 ns/op
OverheadActual  15: 15925248 op, 5905.00 ns, 0.0004 ns/op

WorkloadWarmup   1: 15925248 op, 253227104.00 ns, 15.9010 ns/op
WorkloadWarmup   2: 15925248 op, 253185728.00 ns, 15.8984 ns/op
WorkloadWarmup   3: 15925248 op, 239972471.00 ns, 15.0687 ns/op
WorkloadWarmup   4: 15925248 op, 267515770.00 ns, 16.7982 ns/op
WorkloadWarmup   5: 15925248 op, 242805491.00 ns, 15.2466 ns/op
WorkloadWarmup   6: 15925248 op, 251082122.00 ns, 15.7663 ns/op
WorkloadWarmup   7: 15925248 op, 249149338.00 ns, 15.6449 ns/op
WorkloadWarmup   8: 15925248 op, 206919247.00 ns, 12.9932 ns/op
WorkloadWarmup   9: 15925248 op, 60478275.00 ns, 3.7976 ns/op
WorkloadWarmup  10: 15925248 op, 60842329.00 ns, 3.8205 ns/op
WorkloadWarmup  11: 15925248 op, 60074994.00 ns, 3.7723 ns/op
WorkloadWarmup  12: 15925248 op, 61707606.00 ns, 3.8748 ns/op
WorkloadWarmup  13: 15925248 op, 60719900.00 ns, 3.8128 ns/op
WorkloadWarmup  14: 15925248 op, 60053208.00 ns, 3.7709 ns/op
WorkloadWarmup  15: 15925248 op, 60345205.00 ns, 3.7893 ns/op
WorkloadWarmup  16: 15925248 op, 60406030.00 ns, 3.7931 ns/op

// BeforeActualRun
WorkloadActual   1: 15925248 op, 59515441.00 ns, 3.7372 ns/op
WorkloadActual   2: 15925248 op, 59449112.00 ns, 3.7330 ns/op
WorkloadActual   3: 15925248 op, 59958723.00 ns, 3.7650 ns/op
WorkloadActual   4: 15925248 op, 59615913.00 ns, 3.7435 ns/op
WorkloadActual   5: 15925248 op, 60352467.00 ns, 3.7897 ns/op
WorkloadActual   6: 15925248 op, 60122716.00 ns, 3.7753 ns/op
WorkloadActual   7: 15925248 op, 60307335.00 ns, 3.7869 ns/op
WorkloadActual   8: 15925248 op, 59252017.00 ns, 3.7206 ns/op
WorkloadActual   9: 15925248 op, 59281934.00 ns, 3.7225 ns/op
WorkloadActual  10: 15925248 op, 59098352.00 ns, 3.7110 ns/op
WorkloadActual  11: 15925248 op, 60309447.00 ns, 3.7870 ns/op
WorkloadActual  12: 15925248 op, 59536232.00 ns, 3.7385 ns/op

// AfterActualRun
WorkloadResult   1: 15925248 op, 59509534.00 ns, 3.7368 ns/op
WorkloadResult   2: 15925248 op, 59443205.00 ns, 3.7326 ns/op
WorkloadResult   3: 15925248 op, 59952816.00 ns, 3.7646 ns/op
WorkloadResult   4: 15925248 op, 59610006.00 ns, 3.7431 ns/op
WorkloadResult   5: 15925248 op, 60346560.00 ns, 3.7894 ns/op
WorkloadResult   6: 15925248 op, 60116809.00 ns, 3.7749 ns/op
WorkloadResult   7: 15925248 op, 60301428.00 ns, 3.7865 ns/op
WorkloadResult   8: 15925248 op, 59246110.00 ns, 3.7203 ns/op
WorkloadResult   9: 15925248 op, 59276027.00 ns, 3.7221 ns/op
WorkloadResult  10: 15925248 op, 59092445.00 ns, 3.7106 ns/op
WorkloadResult  11: 15925248 op, 60303540.00 ns, 3.7867 ns/op
WorkloadResult  12: 15925248 op, 59530325.00 ns, 3.7381 ns/op
// GC:  0 0 0 0 15925248
// Threading:  0 0 15925248

// AfterAll
// Benchmark Process 2764341 has exited with code 0.

Mean = 3.750 ns, StdErr = 0.008 ns (0.22%), N = 12, StdDev = 0.029 ns
Min = 3.711 ns, Q1 = 3.730 ns, Median = 3.741 ns, Q3 = 3.778 ns, Max = 3.789 ns
IQR = 0.048 ns, LowerFence = 3.658 ns, UpperFence = 3.850 ns
ConfidenceInterval = [3.714 ns; 3.787 ns] (CI 99.9%), Margin = 0.037 ns (0.97% of Mean)
Skewness = 0.17, Kurtosis = 1.29, MValue = 2

// ** Remained 22 (73.3%) benchmark(s) to run. Estimated finish 2026-09-12 4:27 (0h 2m from now) **
// **************************
// Benchmark: DataAuthoredQueryBenchmarks.DataAuthoredFacade: Jit(IterationCount=12, IterationTime=250ms, WarmupCount=16) [Shape=ThreeTracks, Pattern=Forward]
// *** Execute ***
// Launch: 1 / 1
// Execute: dotnet Alpha-Jit-1.dll --anonymousPipes 159 160 --benchmarkName "DataAuthoredQueryBenchmarks.DataAuthoredFacade(Shape: ThreeTracks, Pattern: Forward)" --job Jit --benchmarkId 8 in /home/i/GitHub/tl-56-feat-data-authored-api/benchmarks/Alpha/bin/Release/net10.0/Alpha-Jit-1/bin/Release/net10.0
// Failed to set up high priority (Permission denied). In order to run benchmarks with high priority, make sure you have the right permissions.
// BeforeAnythingElse

// Benchmark Process Environment Information:
// BenchmarkDotNet v0.15.8
// Runtime=.NET 10.0.12 (10.0.12, 10.0.1226.42308), X64 RyuJIT x86-64-v3
// GC=Concurrent Workstation
// HardwareIntrinsics=AVX2+BMI1+BMI2+F16C+FMA+LZCNT+MOVBE,AVX,SSE3+SSSE3+SSE4.1+SSE4.2+POPCNT,X86Base+SSE+SSE2,AES+PCLMUL,AvxVnni,SERIALIZE VectorSize=256
// Job: Jit(IterationCount=12, IterationTime=250ms, WarmupCount=16)

OverheadJitting  1: 4096 op, 104733.00 ns, 25.5696 ns/op
WorkloadJitting  1: 4096 op, 734393.00 ns, 179.2952 ns/op

OverheadJitting  2: 65536 op, 123094.00 ns, 1.8783 ns/op
WorkloadJitting  2: 65536 op, 9989787.00 ns, 152.4321 ns/op

WorkloadPilot    1: 65536 op, 8830654.00 ns, 134.7451 ns/op
WorkloadPilot    2: 1900544 op, 257184436.00 ns, 135.3215 ns/op

OverheadWarmup   1: 1900544 op, 1212.00 ns, 0.0006 ns/op
OverheadWarmup   2: 1900544 op, 779.00 ns, 0.0004 ns/op
OverheadWarmup   3: 1900544 op, 748.00 ns, 0.0004 ns/op
OverheadWarmup   4: 1900544 op, 745.00 ns, 0.0004 ns/op
OverheadWarmup   5: 1900544 op, 822.00 ns, 0.0004 ns/op
OverheadWarmup   6: 1900544 op, 753.00 ns, 0.0004 ns/op
OverheadWarmup   7: 1900544 op, 750.00 ns, 0.0004 ns/op
OverheadWarmup   8: 1900544 op, 718.00 ns, 0.0004 ns/op
OverheadWarmup   9: 1900544 op, 726.00 ns, 0.0004 ns/op
OverheadWarmup  10: 1900544 op, 719.00 ns, 0.0004 ns/op

OverheadActual   1: 1900544 op, 986.00 ns, 0.0005 ns/op
OverheadActual   2: 1900544 op, 985.00 ns, 0.0005 ns/op
OverheadActual   3: 1900544 op, 975.00 ns, 0.0005 ns/op
OverheadActual   4: 1900544 op, 854.00 ns, 0.0004 ns/op
OverheadActual   5: 1900544 op, 961.00 ns, 0.0005 ns/op
OverheadActual   6: 1900544 op, 733.00 ns, 0.0004 ns/op
OverheadActual   7: 1900544 op, 736.00 ns, 0.0004 ns/op
OverheadActual   8: 1900544 op, 731.00 ns, 0.0004 ns/op
OverheadActual   9: 1900544 op, 738.00 ns, 0.0004 ns/op
OverheadActual  10: 1900544 op, 738.00 ns, 0.0004 ns/op
OverheadActual  11: 1900544 op, 739.00 ns, 0.0004 ns/op
OverheadActual  12: 1900544 op, 714.00 ns, 0.0004 ns/op
OverheadActual  13: 1900544 op, 740.00 ns, 0.0004 ns/op
OverheadActual  14: 1900544 op, 722.00 ns, 0.0004 ns/op
OverheadActual  15: 1900544 op, 728.00 ns, 0.0004 ns/op
OverheadActual  16: 1900544 op, 740.00 ns, 0.0004 ns/op
OverheadActual  17: 1900544 op, 725.00 ns, 0.0004 ns/op
OverheadActual  18: 1900544 op, 860.00 ns, 0.0005 ns/op
OverheadActual  19: 1900544 op, 732.00 ns, 0.0004 ns/op
OverheadActual  20: 1900544 op, 714.00 ns, 0.0004 ns/op

WorkloadWarmup   1: 1900544 op, 251017718.00 ns, 132.0768 ns/op
WorkloadWarmup   2: 1900544 op, 256745371.00 ns, 135.0905 ns/op
WorkloadWarmup   3: 1900544 op, 260756894.00 ns, 137.2012 ns/op
WorkloadWarmup   4: 1900544 op, 253410222.00 ns, 133.3356 ns/op
WorkloadWarmup   5: 1900544 op, 254863242.00 ns, 134.1002 ns/op
WorkloadWarmup   6: 1900544 op, 254269334.00 ns, 133.7877 ns/op
WorkloadWarmup   7: 1900544 op, 151221816.00 ns, 79.5676 ns/op
WorkloadWarmup   8: 1900544 op, 41135906.00 ns, 21.6443 ns/op
WorkloadWarmup   9: 1900544 op, 41151886.00 ns, 21.6527 ns/op
WorkloadWarmup  10: 1900544 op, 41247961.00 ns, 21.7032 ns/op
WorkloadWarmup  11: 1900544 op, 41174109.00 ns, 21.6644 ns/op
WorkloadWarmup  12: 1900544 op, 41385336.00 ns, 21.7755 ns/op
WorkloadWarmup  13: 1900544 op, 41584803.00 ns, 21.8805 ns/op
WorkloadWarmup  14: 1900544 op, 41371021.00 ns, 21.7680 ns/op
WorkloadWarmup  15: 1900544 op, 41456757.00 ns, 21.8131 ns/op
WorkloadWarmup  16: 1900544 op, 41423099.00 ns, 21.7954 ns/op

// BeforeActualRun
WorkloadActual   1: 1900544 op, 40850727.00 ns, 21.4942 ns/op
WorkloadActual   2: 1900544 op, 41555223.00 ns, 21.8649 ns/op
WorkloadActual   3: 1900544 op, 41461179.00 ns, 21.8154 ns/op
WorkloadActual   4: 1900544 op, 40954238.00 ns, 21.5487 ns/op
WorkloadActual   5: 1900544 op, 41075082.00 ns, 21.6123 ns/op
WorkloadActual   6: 1900544 op, 41293523.00 ns, 21.7272 ns/op
WorkloadActual   7: 1900544 op, 41086510.00 ns, 21.6183 ns/op
WorkloadActual   8: 1900544 op, 41119357.00 ns, 21.6356 ns/op
WorkloadActual   9: 1900544 op, 40992326.00 ns, 21.5687 ns/op
WorkloadActual  10: 1900544 op, 40956060.00 ns, 21.5497 ns/op
WorkloadActual  11: 1900544 op, 41425463.00 ns, 21.7966 ns/op
WorkloadActual  12: 1900544 op, 41550244.00 ns, 21.8623 ns/op

// AfterActualRun
WorkloadResult   1: 1900544 op, 40849989.00 ns, 21.4938 ns/op
WorkloadResult   2: 1900544 op, 41554485.00 ns, 21.8645 ns/op
WorkloadResult   3: 1900544 op, 41460441.00 ns, 21.8150 ns/op
WorkloadResult   4: 1900544 op, 40953500.00 ns, 21.5483 ns/op
WorkloadResult   5: 1900544 op, 41074344.00 ns, 21.6119 ns/op
WorkloadResult   6: 1900544 op, 41292785.00 ns, 21.7268 ns/op
WorkloadResult   7: 1900544 op, 41085772.00 ns, 21.6179 ns/op
WorkloadResult   8: 1900544 op, 41118619.00 ns, 21.6352 ns/op
WorkloadResult   9: 1900544 op, 40991588.00 ns, 21.5683 ns/op
WorkloadResult  10: 1900544 op, 40955322.00 ns, 21.5493 ns/op
WorkloadResult  11: 1900544 op, 41424725.00 ns, 21.7962 ns/op
WorkloadResult  12: 1900544 op, 41549506.00 ns, 21.8619 ns/op
// GC:  0 0 0 0 1900544
// Threading:  0 0 1900544

// AfterAll
// Benchmark Process 2768772 has exited with code 0.

Mean = 21.674 ns, StdErr = 0.038 ns (0.18%), N = 12, StdDev = 0.132 ns
Min = 21.494 ns, Q1 = 21.564 ns, Median = 21.627 ns, Q3 = 21.801 ns, Max = 21.865 ns
IQR = 0.237 ns, LowerFence = 21.208 ns, UpperFence = 22.157 ns
ConfidenceInterval = [21.505 ns; 21.844 ns] (CI 99.9%), Margin = 0.170 ns (0.78% of Mean)
Skewness = 0.25, Kurtosis = 1.33, MValue = 2

// ** Remained 21 (70.0%) benchmark(s) to run. Estimated finish 2026-09-12 4:26 (0h 1m from now) **
// **************************
// Benchmark: DataAuthoredQueryBenchmarks.DirectShape: Jit(IterationCount=12, IterationTime=250ms, WarmupCount=16) [Shape=ThreeTracks, Pattern=Alternating]
// *** Execute ***
// Launch: 1 / 1
// Execute: dotnet Alpha-Jit-1.dll --anonymousPipes 159 160 --benchmarkName "DataAuthoredQueryBenchmarks.DirectShape(Shape: ThreeTracks, Pattern: Alternating)" --job Jit --benchmarkId 9 in /home/i/GitHub/tl-56-feat-data-authored-api/benchmarks/Alpha/bin/Release/net10.0/Alpha-Jit-1/bin/Release/net10.0
// Failed to set up high priority (Permission denied). In order to run benchmarks with high priority, make sure you have the right permissions.
// BeforeAnythingElse

// Benchmark Process Environment Information:
// BenchmarkDotNet v0.15.8
// Runtime=.NET 10.0.12 (10.0.12, 10.0.1226.42308), X64 RyuJIT x86-64-v3
// GC=Concurrent Workstation
// HardwareIntrinsics=AVX2+BMI1+BMI2+F16C+FMA+LZCNT+MOVBE,AVX,SSE3+SSSE3+SSE4.1+SSE4.2+POPCNT,X86Base+SSE+SSE2,AES+PCLMUL,AvxVnni,SERIALIZE VectorSize=256
// Job: Jit(IterationCount=12, IterationTime=250ms, WarmupCount=16)

OverheadJitting  1: 4096 op, 98175.00 ns, 23.9685 ns/op
WorkloadJitting  1: 4096 op, 1191414.00 ns, 290.8726 ns/op

OverheadJitting  2: 65536 op, 117875.00 ns, 1.7986 ns/op
WorkloadJitting  2: 65536 op, 457137.00 ns, 6.9754 ns/op

WorkloadPilot    1: 65536 op, 329767.00 ns, 5.0318 ns/op
WorkloadPilot    2: 49741824 op, 199017856.00 ns, 4.0010 ns/op
WorkloadPilot    3: 62521344 op, 249492289.00 ns, 3.9905 ns/op
WorkloadPilot    4: 62652416 op, 251630106.00 ns, 4.0163 ns/op
WorkloadPilot    5: 62259200 op, 251239622.00 ns, 4.0354 ns/op
WorkloadPilot    6: 61997056 op, 249832453.00 ns, 4.0297 ns/op
WorkloadPilot    7: 62062592 op, 250410418.00 ns, 4.0348 ns/op

OverheadWarmup   1: 62062592 op, 24103.00 ns, 0.0004 ns/op
OverheadWarmup   2: 62062592 op, 23509.00 ns, 0.0004 ns/op
OverheadWarmup   3: 62062592 op, 23420.00 ns, 0.0004 ns/op
OverheadWarmup   4: 62062592 op, 23385.00 ns, 0.0004 ns/op
OverheadWarmup   5: 62062592 op, 23376.00 ns, 0.0004 ns/op
OverheadWarmup   6: 62062592 op, 23371.00 ns, 0.0004 ns/op
OverheadWarmup   7: 62062592 op, 23380.00 ns, 0.0004 ns/op
OverheadWarmup   8: 62062592 op, 25639.00 ns, 0.0004 ns/op
OverheadWarmup   9: 62062592 op, 23377.00 ns, 0.0004 ns/op
OverheadWarmup  10: 62062592 op, 22980.00 ns, 0.0004 ns/op

OverheadActual   1: 62062592 op, 23240.00 ns, 0.0004 ns/op
OverheadActual   2: 62062592 op, 23580.00 ns, 0.0004 ns/op
OverheadActual   3: 62062592 op, 23171.00 ns, 0.0004 ns/op
OverheadActual   4: 62062592 op, 23128.00 ns, 0.0004 ns/op
OverheadActual   5: 62062592 op, 23863.00 ns, 0.0004 ns/op
OverheadActual   6: 62062592 op, 22969.00 ns, 0.0004 ns/op
OverheadActual   7: 62062592 op, 22961.00 ns, 0.0004 ns/op
OverheadActual   8: 62062592 op, 22960.00 ns, 0.0004 ns/op
OverheadActual   9: 62062592 op, 22965.00 ns, 0.0004 ns/op
OverheadActual  10: 62062592 op, 22964.00 ns, 0.0004 ns/op
OverheadActual  11: 62062592 op, 22976.00 ns, 0.0004 ns/op
OverheadActual  12: 62062592 op, 22977.00 ns, 0.0004 ns/op
OverheadActual  13: 62062592 op, 23026.00 ns, 0.0004 ns/op
OverheadActual  14: 62062592 op, 23005.00 ns, 0.0004 ns/op
OverheadActual  15: 62062592 op, 22993.00 ns, 0.0004 ns/op

WorkloadWarmup   1: 62062592 op, 248979202.00 ns, 4.0117 ns/op
WorkloadWarmup   2: 62062592 op, 249700821.00 ns, 4.0234 ns/op
WorkloadWarmup   3: 62062592 op, 252153093.00 ns, 4.0629 ns/op
WorkloadWarmup   4: 62062592 op, 251354183.00 ns, 4.0500 ns/op
WorkloadWarmup   5: 62062592 op, 249584848.00 ns, 4.0215 ns/op
WorkloadWarmup   6: 62062592 op, 255763954.00 ns, 4.1211 ns/op
WorkloadWarmup   7: 62062592 op, 255884681.00 ns, 4.1230 ns/op
WorkloadWarmup   8: 62062592 op, 255893829.00 ns, 4.1232 ns/op
WorkloadWarmup   9: 62062592 op, 256558368.00 ns, 4.1339 ns/op
WorkloadWarmup  10: 62062592 op, 255571464.00 ns, 4.1180 ns/op
WorkloadWarmup  11: 62062592 op, 256019524.00 ns, 4.1252 ns/op
WorkloadWarmup  12: 62062592 op, 256929698.00 ns, 4.1398 ns/op
WorkloadWarmup  13: 62062592 op, 255978989.00 ns, 4.1245 ns/op
WorkloadWarmup  14: 62062592 op, 257147260.00 ns, 4.1434 ns/op
WorkloadWarmup  15: 62062592 op, 255673040.00 ns, 4.1196 ns/op
WorkloadWarmup  16: 62062592 op, 257649720.00 ns, 4.1514 ns/op

// BeforeActualRun
WorkloadActual   1: 62062592 op, 254654247.00 ns, 4.1032 ns/op
WorkloadActual   2: 62062592 op, 253537698.00 ns, 4.0852 ns/op
WorkloadActual   3: 62062592 op, 254791652.00 ns, 4.1054 ns/op
WorkloadActual   4: 62062592 op, 253218864.00 ns, 4.0801 ns/op
WorkloadActual   5: 62062592 op, 275787429.00 ns, 4.4437 ns/op
WorkloadActual   6: 62062592 op, 255728876.00 ns, 4.1205 ns/op
WorkloadActual   7: 62062592 op, 257157839.00 ns, 4.1435 ns/op
WorkloadActual   8: 62062592 op, 255704537.00 ns, 4.1201 ns/op
WorkloadActual   9: 62062592 op, 256547287.00 ns, 4.1337 ns/op
WorkloadActual  10: 62062592 op, 255440633.00 ns, 4.1159 ns/op
WorkloadActual  11: 62062592 op, 255716642.00 ns, 4.1203 ns/op
WorkloadActual  12: 62062592 op, 255133545.00 ns, 4.1109 ns/op

// AfterActualRun
WorkloadResult   1: 62062592 op, 254631254.00 ns, 4.1028 ns/op
WorkloadResult   2: 62062592 op, 253514705.00 ns, 4.0848 ns/op
WorkloadResult   3: 62062592 op, 254768659.00 ns, 4.1050 ns/op
WorkloadResult   4: 62062592 op, 253195871.00 ns, 4.0797 ns/op
WorkloadResult   5: 62062592 op, 255705883.00 ns, 4.1201 ns/op
WorkloadResult   6: 62062592 op, 257134846.00 ns, 4.1432 ns/op
WorkloadResult   7: 62062592 op, 255681544.00 ns, 4.1197 ns/op
WorkloadResult   8: 62062592 op, 256524294.00 ns, 4.1333 ns/op
WorkloadResult   9: 62062592 op, 255417640.00 ns, 4.1155 ns/op
WorkloadResult  10: 62062592 op, 255693649.00 ns, 4.1199 ns/op
WorkloadResult  11: 62062592 op, 255110552.00 ns, 4.1105 ns/op
// GC:  0 0 0 0 62062592
// Threading:  0 0 62062592

// AfterAll
// Benchmark Process 2771750 has exited with code 0.

Mean = 4.112 ns, StdErr = 0.006 ns (0.14%), N = 11, StdDev = 0.019 ns
Min = 4.080 ns, Q1 = 4.104 ns, Median = 4.115 ns, Q3 = 4.120 ns, Max = 4.143 ns
IQR = 0.016 ns, LowerFence = 4.080 ns, UpperFence = 4.144 ns
ConfidenceInterval = [4.086 ns; 4.138 ns] (CI 99.9%), Margin = 0.026 ns (0.63% of Mean)
Skewness = -0.22, Kurtosis = 2.04, MValue = 2

// ** Remained 20 (66.7%) benchmark(s) to run. Estimated finish 2026-09-12 4:27 (0h 1m from now) **
// **************************
// Benchmark: DataAuthoredQueryBenchmarks.GeneratedShape: Jit(IterationCount=12, IterationTime=250ms, WarmupCount=16) [Shape=ThreeTracks, Pattern=Alternating]
// *** Execute ***
// Launch: 1 / 1
// Execute: dotnet Alpha-Jit-1.dll --anonymousPipes 159 160 --benchmarkName "DataAuthoredQueryBenchmarks.GeneratedShape(Shape: ThreeTracks, Pattern: Alternating)" --job Jit --benchmarkId 10 in /home/i/GitHub/tl-56-feat-data-authored-api/benchmarks/Alpha/bin/Release/net10.0/Alpha-Jit-1/bin/Release/net10.0
// Failed to set up high priority (Permission denied). In order to run benchmarks with high priority, make sure you have the right permissions.
// BeforeAnythingElse

// Benchmark Process Environment Information:
// BenchmarkDotNet v0.15.8
// Runtime=.NET 10.0.12 (10.0.12, 10.0.1226.42308), X64 RyuJIT x86-64-v3
// GC=Concurrent Workstation
// HardwareIntrinsics=AVX2+BMI1+BMI2+F16C+FMA+LZCNT+MOVBE,AVX,SSE3+SSSE3+SSE4.1+SSE4.2+POPCNT,X86Base+SSE+SSE2,AES+PCLMUL,AvxVnni,SERIALIZE VectorSize=256
// Job: Jit(IterationCount=12, IterationTime=250ms, WarmupCount=16)

OverheadJitting  1: 4096 op, 98002.00 ns, 23.9263 ns/op
WorkloadJitting  1: 4096 op, 332670.00 ns, 81.2183 ns/op

OverheadJitting  2: 65536 op, 115459.00 ns, 1.7618 ns/op
WorkloadJitting  2: 65536 op, 2452725.00 ns, 37.4256 ns/op

WorkloadPilot    1: 65536 op, 1066078.00 ns, 16.2671 ns/op
WorkloadPilot    2: 15400960 op, 241740589.00 ns, 15.6965 ns/op
WorkloadPilot    3: 15925248 op, 250054203.00 ns, 15.7017 ns/op

OverheadWarmup   1: 15925248 op, 6425.00 ns, 0.0004 ns/op
OverheadWarmup   2: 15925248 op, 6213.00 ns, 0.0004 ns/op
OverheadWarmup   3: 15925248 op, 7189.00 ns, 0.0005 ns/op
OverheadWarmup   4: 15925248 op, 5920.00 ns, 0.0004 ns/op
OverheadWarmup   5: 15925248 op, 5995.00 ns, 0.0004 ns/op
OverheadWarmup   6: 15925248 op, 5974.00 ns, 0.0004 ns/op

OverheadActual   1: 15925248 op, 6211.00 ns, 0.0004 ns/op
OverheadActual   2: 15925248 op, 6202.00 ns, 0.0004 ns/op
OverheadActual   3: 15925248 op, 6126.00 ns, 0.0004 ns/op
OverheadActual   4: 15925248 op, 6012.00 ns, 0.0004 ns/op
OverheadActual   5: 15925248 op, 6130.00 ns, 0.0004 ns/op
OverheadActual   6: 15925248 op, 5953.00 ns, 0.0004 ns/op
OverheadActual   7: 15925248 op, 5925.00 ns, 0.0004 ns/op
OverheadActual   8: 15925248 op, 5934.00 ns, 0.0004 ns/op
OverheadActual   9: 15925248 op, 6000.00 ns, 0.0004 ns/op
OverheadActual  10: 15925248 op, 5967.00 ns, 0.0004 ns/op
OverheadActual  11: 15925248 op, 5970.00 ns, 0.0004 ns/op
OverheadActual  12: 15925248 op, 5976.00 ns, 0.0004 ns/op
OverheadActual  13: 15925248 op, 5945.00 ns, 0.0004 ns/op
OverheadActual  14: 15925248 op, 5976.00 ns, 0.0004 ns/op
OverheadActual  15: 15925248 op, 5964.00 ns, 0.0004 ns/op

WorkloadWarmup   1: 15925248 op, 252868827.00 ns, 15.8785 ns/op
WorkloadWarmup   2: 15925248 op, 250667820.00 ns, 15.7403 ns/op
WorkloadWarmup   3: 15925248 op, 251664797.00 ns, 15.8029 ns/op
WorkloadWarmup   4: 15925248 op, 250470650.00 ns, 15.7279 ns/op
WorkloadWarmup   5: 15925248 op, 250750709.00 ns, 15.7455 ns/op
WorkloadWarmup   6: 15925248 op, 227571664.00 ns, 14.2900 ns/op
WorkloadWarmup   7: 15925248 op, 67737006.00 ns, 4.2534 ns/op
WorkloadWarmup   8: 15925248 op, 60676020.00 ns, 3.8101 ns/op
WorkloadWarmup   9: 15925248 op, 61872341.00 ns, 3.8852 ns/op
WorkloadWarmup  10: 15925248 op, 61458415.00 ns, 3.8592 ns/op
WorkloadWarmup  11: 15925248 op, 62737769.00 ns, 3.9395 ns/op
WorkloadWarmup  12: 15925248 op, 61806117.00 ns, 3.8810 ns/op
WorkloadWarmup  13: 15925248 op, 60611902.00 ns, 3.8060 ns/op
WorkloadWarmup  14: 15925248 op, 60591298.00 ns, 3.8047 ns/op
WorkloadWarmup  15: 15925248 op, 64605715.00 ns, 4.0568 ns/op
WorkloadWarmup  16: 15925248 op, 59968050.00 ns, 3.7656 ns/op

// BeforeActualRun
WorkloadActual   1: 15925248 op, 60573532.00 ns, 3.8036 ns/op
WorkloadActual   2: 15925248 op, 60085194.00 ns, 3.7730 ns/op
WorkloadActual   3: 15925248 op, 60387171.00 ns, 3.7919 ns/op
WorkloadActual   4: 15925248 op, 61188102.00 ns, 3.8422 ns/op
WorkloadActual   5: 15925248 op, 60746546.00 ns, 3.8145 ns/op
WorkloadActual   6: 15925248 op, 61161046.00 ns, 3.8405 ns/op
WorkloadActual   7: 15925248 op, 60993309.00 ns, 3.8300 ns/op
WorkloadActual   8: 15925248 op, 60911667.00 ns, 3.8248 ns/op
WorkloadActual   9: 15925248 op, 61094833.00 ns, 3.8364 ns/op
WorkloadActual  10: 15925248 op, 61354348.00 ns, 3.8526 ns/op
WorkloadActual  11: 15925248 op, 60445721.00 ns, 3.7956 ns/op
WorkloadActual  12: 15925248 op, 60359222.00 ns, 3.7902 ns/op

// AfterActualRun
WorkloadResult   1: 15925248 op, 60567556.00 ns, 3.8032 ns/op
WorkloadResult   2: 15925248 op, 60079218.00 ns, 3.7726 ns/op
WorkloadResult   3: 15925248 op, 60381195.00 ns, 3.7915 ns/op
WorkloadResult   4: 15925248 op, 61182126.00 ns, 3.8418 ns/op
WorkloadResult   5: 15925248 op, 60740570.00 ns, 3.8141 ns/op
WorkloadResult   6: 15925248 op, 61155070.00 ns, 3.8401 ns/op
WorkloadResult   7: 15925248 op, 60987333.00 ns, 3.8296 ns/op
WorkloadResult   8: 15925248 op, 60905691.00 ns, 3.8245 ns/op
WorkloadResult   9: 15925248 op, 61088857.00 ns, 3.8360 ns/op
WorkloadResult  10: 15925248 op, 61348372.00 ns, 3.8523 ns/op
WorkloadResult  11: 15925248 op, 60439745.00 ns, 3.7952 ns/op
WorkloadResult  12: 15925248 op, 60353246.00 ns, 3.7898 ns/op
// GC:  0 0 0 0 15925248
// Threading:  0 0 15925248

// AfterAll
// Benchmark Process 2782032 has exited with code 0.

Mean = 3.816 ns, StdErr = 0.007 ns (0.19%), N = 12, StdDev = 0.025 ns
Min = 3.773 ns, Q1 = 3.794 ns, Median = 3.819 ns, Q3 = 3.837 ns, Max = 3.852 ns
IQR = 0.043 ns, LowerFence = 3.730 ns, UpperFence = 3.901 ns
ConfidenceInterval = [3.784 ns; 3.848 ns] (CI 99.9%), Margin = 0.032 ns (0.85% of Mean)
Skewness = -0.17, Kurtosis = 1.51, MValue = 2

// ** Remained 19 (63.3%) benchmark(s) to run. Estimated finish 2026-09-12 4:27 (0h 1m from now) **
// **************************
// Benchmark: DataAuthoredQueryBenchmarks.DataAuthoredFacade: Jit(IterationCount=12, IterationTime=250ms, WarmupCount=16) [Shape=ThreeTracks, Pattern=Alternating]
// *** Execute ***
// Launch: 1 / 1
// Execute: dotnet Alpha-Jit-1.dll --anonymousPipes 159 160 --benchmarkName "DataAuthoredQueryBenchmarks.DataAuthoredFacade(Shape: ThreeTracks, Pattern: Alternating)" --job Jit --benchmarkId 11 in /home/i/GitHub/tl-56-feat-data-authored-api/benchmarks/Alpha/bin/Release/net10.0/Alpha-Jit-1/bin/Release/net10.0
// Failed to set up high priority (Permission denied). In order to run benchmarks with high priority, make sure you have the right permissions.
// BeforeAnythingElse

// Benchmark Process Environment Information:
// BenchmarkDotNet v0.15.8
// Runtime=.NET 10.0.12 (10.0.12, 10.0.1226.42308), X64 RyuJIT x86-64-v3
// GC=Concurrent Workstation
// HardwareIntrinsics=AVX2+BMI1+BMI2+F16C+FMA+LZCNT+MOVBE,AVX,SSE3+SSSE3+SSE4.1+SSE4.2+POPCNT,X86Base+SSE+SSE2,AES+PCLMUL,AvxVnni,SERIALIZE VectorSize=256
// Job: Jit(IterationCount=12, IterationTime=250ms, WarmupCount=16)

OverheadJitting  1: 4096 op, 102202.00 ns, 24.9517 ns/op
WorkloadJitting  1: 4096 op, 714406.00 ns, 174.4155 ns/op

OverheadJitting  2: 65536 op, 117911.00 ns, 1.7992 ns/op
WorkloadJitting  2: 65536 op, 9866415.00 ns, 150.5495 ns/op

WorkloadPilot    1: 65536 op, 8724489.00 ns, 133.1251 ns/op
WorkloadPilot    2: 1900544 op, 254885920.00 ns, 134.1121 ns/op

OverheadWarmup   1: 1900544 op, 1166.00 ns, 0.0006 ns/op
OverheadWarmup   2: 1900544 op, 878.00 ns, 0.0005 ns/op
OverheadWarmup   3: 1900544 op, 775.00 ns, 0.0004 ns/op
OverheadWarmup   4: 1900544 op, 760.00 ns, 0.0004 ns/op
OverheadWarmup   5: 1900544 op, 873.00 ns, 0.0005 ns/op
OverheadWarmup   6: 1900544 op, 809.00 ns, 0.0004 ns/op
OverheadWarmup   7: 1900544 op, 777.00 ns, 0.0004 ns/op
OverheadWarmup   8: 1900544 op, 790.00 ns, 0.0004 ns/op
OverheadWarmup   9: 1900544 op, 769.00 ns, 0.0004 ns/op

OverheadActual   1: 1900544 op, 1008.00 ns, 0.0005 ns/op
OverheadActual   2: 1900544 op, 971.00 ns, 0.0005 ns/op
OverheadActual   3: 1900544 op, 965.00 ns, 0.0005 ns/op
OverheadActual   4: 1900544 op, 843.00 ns, 0.0004 ns/op
OverheadActual   5: 1900544 op, 915.00 ns, 0.0005 ns/op
OverheadActual   6: 1900544 op, 793.00 ns, 0.0004 ns/op
OverheadActual   7: 1900544 op, 745.00 ns, 0.0004 ns/op
OverheadActual   8: 1900544 op, 751.00 ns, 0.0004 ns/op
OverheadActual   9: 1900544 op, 747.00 ns, 0.0004 ns/op
OverheadActual  10: 1900544 op, 774.00 ns, 0.0004 ns/op
OverheadActual  11: 1900544 op, 738.00 ns, 0.0004 ns/op
OverheadActual  12: 1900544 op, 759.00 ns, 0.0004 ns/op
OverheadActual  13: 1900544 op, 773.00 ns, 0.0004 ns/op
OverheadActual  14: 1900544 op, 758.00 ns, 0.0004 ns/op
OverheadActual  15: 1900544 op, 765.00 ns, 0.0004 ns/op
OverheadActual  16: 1900544 op, 793.00 ns, 0.0004 ns/op
OverheadActual  17: 1900544 op, 760.00 ns, 0.0004 ns/op
OverheadActual  18: 1900544 op, 896.00 ns, 0.0005 ns/op
OverheadActual  19: 1900544 op, 813.00 ns, 0.0004 ns/op
OverheadActual  20: 1900544 op, 802.00 ns, 0.0004 ns/op

WorkloadWarmup   1: 1900544 op, 254331107.00 ns, 133.8202 ns/op
WorkloadWarmup   2: 1900544 op, 255648963.00 ns, 134.5136 ns/op
WorkloadWarmup   3: 1900544 op, 255292599.00 ns, 134.3261 ns/op
WorkloadWarmup   4: 1900544 op, 254446558.00 ns, 133.8809 ns/op
WorkloadWarmup   5: 1900544 op, 254272727.00 ns, 133.7894 ns/op
WorkloadWarmup   6: 1900544 op, 255878584.00 ns, 134.6344 ns/op
WorkloadWarmup   7: 1900544 op, 149155375.00 ns, 78.4804 ns/op
WorkloadWarmup   8: 1900544 op, 42151530.00 ns, 22.1787 ns/op
WorkloadWarmup   9: 1900544 op, 41733678.00 ns, 21.9588 ns/op
WorkloadWarmup  10: 1900544 op, 42107056.00 ns, 22.1553 ns/op
WorkloadWarmup  11: 1900544 op, 42213078.00 ns, 22.2111 ns/op
WorkloadWarmup  12: 1900544 op, 42217776.00 ns, 22.2135 ns/op
WorkloadWarmup  13: 1900544 op, 41886737.00 ns, 22.0393 ns/op
WorkloadWarmup  14: 1900544 op, 42154273.00 ns, 22.1801 ns/op
WorkloadWarmup  15: 1900544 op, 42267417.00 ns, 22.2396 ns/op
WorkloadWarmup  16: 1900544 op, 41831490.00 ns, 22.0103 ns/op

// BeforeActualRun
WorkloadActual   1: 1900544 op, 42052192.00 ns, 22.1264 ns/op
WorkloadActual   2: 1900544 op, 42147832.00 ns, 22.1767 ns/op
WorkloadActual   3: 1900544 op, 42386394.00 ns, 22.3022 ns/op
WorkloadActual   4: 1900544 op, 42462582.00 ns, 22.3423 ns/op
WorkloadActual   5: 1900544 op, 42058343.00 ns, 22.1296 ns/op
WorkloadActual   6: 1900544 op, 42322872.00 ns, 22.2688 ns/op
WorkloadActual   7: 1900544 op, 42091399.00 ns, 22.1470 ns/op
WorkloadActual   8: 1900544 op, 41797291.00 ns, 21.9923 ns/op
WorkloadActual   9: 1900544 op, 42256748.00 ns, 22.2340 ns/op
WorkloadActual  10: 1900544 op, 42255314.00 ns, 22.2333 ns/op
WorkloadActual  11: 1900544 op, 42096467.00 ns, 22.1497 ns/op
WorkloadActual  12: 1900544 op, 41931153.00 ns, 22.0627 ns/op

// AfterActualRun
WorkloadResult   1: 1900544 op, 42051408.50 ns, 22.1260 ns/op
WorkloadResult   2: 1900544 op, 42147048.50 ns, 22.1763 ns/op
WorkloadResult   3: 1900544 op, 42385610.50 ns, 22.3018 ns/op
WorkloadResult   4: 1900544 op, 42461798.50 ns, 22.3419 ns/op
WorkloadResult   5: 1900544 op, 42057559.50 ns, 22.1292 ns/op
WorkloadResult   6: 1900544 op, 42322088.50 ns, 22.2684 ns/op
WorkloadResult   7: 1900544 op, 42090615.50 ns, 22.1466 ns/op
WorkloadResult   8: 1900544 op, 41796507.50 ns, 21.9919 ns/op
WorkloadResult   9: 1900544 op, 42255964.50 ns, 22.2336 ns/op
WorkloadResult  10: 1900544 op, 42254530.50 ns, 22.2329 ns/op
WorkloadResult  11: 1900544 op, 42095683.50 ns, 22.1493 ns/op
WorkloadResult  12: 1900544 op, 41930369.50 ns, 22.0623 ns/op
// GC:  0 0 0 0 1900544
// Threading:  0 0 1900544

// AfterAll
// Benchmark Process 2785967 has exited with code 0.

Mean = 22.180 ns, StdErr = 0.029 ns (0.13%), N = 12, StdDev = 0.101 ns
Min = 21.992 ns, Q1 = 22.128 ns, Median = 22.163 ns, Q3 = 22.242 ns, Max = 22.342 ns
IQR = 0.114 ns, LowerFence = 21.958 ns, UpperFence = 22.413 ns
ConfidenceInterval = [22.051 ns; 22.309 ns] (CI 99.9%), Margin = 0.129 ns (0.58% of Mean)
Skewness = -0.13, Kurtosis = 1.99, MValue = 2

// ** Remained 18 (60.0%) benchmark(s) to run. Estimated finish 2026-09-12 4:26 (0h 1m from now) **
// **************************
// Benchmark: DataAuthoredQueryBenchmarks.DirectShape: Jit(IterationCount=12, IterationTime=250ms, WarmupCount=16) [Shape=SixteenTracks, Pattern=Forward]
// *** Execute ***
// Launch: 1 / 1
// Execute: dotnet Alpha-Jit-1.dll --anonymousPipes 159 160 --benchmarkName "DataAuthoredQueryBenchmarks.DirectShape(Shape: SixteenTracks, Pattern: Forward)" --job Jit --benchmarkId 12 in /home/i/GitHub/tl-56-feat-data-authored-api/benchmarks/Alpha/bin/Release/net10.0/Alpha-Jit-1/bin/Release/net10.0
// Failed to set up high priority (Permission denied). In order to run benchmarks with high priority, make sure you have the right permissions.
// BeforeAnythingElse

// Benchmark Process Environment Information:
// BenchmarkDotNet v0.15.8
// Runtime=.NET 10.0.12 (10.0.12, 10.0.1226.42308), X64 RyuJIT x86-64-v3
// GC=Concurrent Workstation
// HardwareIntrinsics=AVX2+BMI1+BMI2+F16C+FMA+LZCNT+MOVBE,AVX,SSE3+SSSE3+SSE4.1+SSE4.2+POPCNT,X86Base+SSE+SSE2,AES+PCLMUL,AvxVnni,SERIALIZE VectorSize=256
// Job: Jit(IterationCount=12, IterationTime=250ms, WarmupCount=16)

OverheadJitting  1: 4096 op, 101725.00 ns, 24.8352 ns/op
WorkloadJitting  1: 4096 op, 1550654.00 ns, 378.5776 ns/op

OverheadJitting  2: 65536 op, 119748.00 ns, 1.8272 ns/op
WorkloadJitting  2: 65536 op, 1245298.00 ns, 19.0017 ns/op

WorkloadPilot    1: 65536 op, 1095119.00 ns, 16.7102 ns/op
WorkloadPilot    2: 15007744 op, 247326546.00 ns, 16.4799 ns/op
WorkloadPilot    3: 15204352 op, 249840343.00 ns, 16.4322 ns/op
WorkloadPilot    4: 15269888 op, 255494498.00 ns, 16.7319 ns/op
WorkloadPilot    5: 14942208 op, 249553892.00 ns, 16.7013 ns/op
WorkloadPilot    6: 15007744 op, 245787565.00 ns, 16.3774 ns/op
WorkloadPilot    7: 15269888 op, 255607324.00 ns, 16.7393 ns/op
WorkloadPilot    8: 14942208 op, 246673516.00 ns, 16.5085 ns/op
WorkloadPilot    9: 15204352 op, 238874406.00 ns, 15.7109 ns/op
WorkloadPilot   10: 15925248 op, 189467337.00 ns, 11.8973 ns/op
WorkloadPilot   11: 21037056 op, 249804851.00 ns, 11.8745 ns/op
WorkloadPilot   12: 21102592 op, 250947199.00 ns, 11.8918 ns/op

OverheadWarmup   1: 21102592 op, 10856.00 ns, 0.0005 ns/op
OverheadWarmup   2: 21102592 op, 9829.00 ns, 0.0005 ns/op
OverheadWarmup   3: 21102592 op, 9712.00 ns, 0.0005 ns/op
OverheadWarmup   4: 21102592 op, 9717.00 ns, 0.0005 ns/op
OverheadWarmup   5: 21102592 op, 9757.00 ns, 0.0005 ns/op
OverheadWarmup   6: 21102592 op, 9710.00 ns, 0.0005 ns/op
OverheadWarmup   7: 21102592 op, 9679.00 ns, 0.0005 ns/op
OverheadWarmup   8: 21102592 op, 9695.00 ns, 0.0005 ns/op
OverheadWarmup   9: 21102592 op, 12843.00 ns, 0.0006 ns/op
OverheadWarmup  10: 21102592 op, 9689.00 ns, 0.0005 ns/op

OverheadActual   1: 21102592 op, 9957.00 ns, 0.0005 ns/op
OverheadActual   2: 21102592 op, 9990.00 ns, 0.0005 ns/op
OverheadActual   3: 21102592 op, 10578.00 ns, 0.0005 ns/op
OverheadActual   4: 21102592 op, 9825.00 ns, 0.0005 ns/op
OverheadActual   5: 21102592 op, 9958.00 ns, 0.0005 ns/op
OverheadActual   6: 21102592 op, 9736.00 ns, 0.0005 ns/op
OverheadActual   7: 21102592 op, 9683.00 ns, 0.0005 ns/op
OverheadActual   8: 21102592 op, 9697.00 ns, 0.0005 ns/op
OverheadActual   9: 21102592 op, 9718.00 ns, 0.0005 ns/op
OverheadActual  10: 21102592 op, 9708.00 ns, 0.0005 ns/op
OverheadActual  11: 21102592 op, 9686.00 ns, 0.0005 ns/op
OverheadActual  12: 21102592 op, 9730.00 ns, 0.0005 ns/op
OverheadActual  13: 21102592 op, 9705.00 ns, 0.0005 ns/op
OverheadActual  14: 21102592 op, 9702.00 ns, 0.0005 ns/op
OverheadActual  15: 21102592 op, 9689.00 ns, 0.0005 ns/op

WorkloadWarmup   1: 21102592 op, 257254645.00 ns, 12.1907 ns/op
WorkloadWarmup   2: 21102592 op, 251458839.00 ns, 11.9160 ns/op
WorkloadWarmup   3: 21102592 op, 250827726.00 ns, 11.8861 ns/op
WorkloadWarmup   4: 21102592 op, 249273307.00 ns, 11.8124 ns/op
WorkloadWarmup   5: 21102592 op, 250006251.00 ns, 11.8472 ns/op
WorkloadWarmup   6: 21102592 op, 250327734.00 ns, 11.8624 ns/op
WorkloadWarmup   7: 21102592 op, 250039408.00 ns, 11.8488 ns/op
WorkloadWarmup   8: 21102592 op, 256538919.00 ns, 12.1567 ns/op
WorkloadWarmup   9: 21102592 op, 249418610.00 ns, 11.8193 ns/op
WorkloadWarmup  10: 21102592 op, 248697438.00 ns, 11.7852 ns/op
WorkloadWarmup  11: 21102592 op, 250628202.00 ns, 11.8767 ns/op
WorkloadWarmup  12: 21102592 op, 251423167.00 ns, 11.9143 ns/op
WorkloadWarmup  13: 21102592 op, 284777319.00 ns, 13.4949 ns/op
WorkloadWarmup  14: 21102592 op, 248964808.00 ns, 11.7978 ns/op
WorkloadWarmup  15: 21102592 op, 250034780.00 ns, 11.8485 ns/op
WorkloadWarmup  16: 21102592 op, 251631480.00 ns, 11.9242 ns/op

// BeforeActualRun
WorkloadActual   1: 21102592 op, 251208924.00 ns, 11.9042 ns/op
WorkloadActual   2: 21102592 op, 250559812.00 ns, 11.8734 ns/op
WorkloadActual   3: 21102592 op, 250322925.00 ns, 11.8622 ns/op
WorkloadActual   4: 21102592 op, 249990123.00 ns, 11.8464 ns/op
WorkloadActual   5: 21102592 op, 252552752.00 ns, 11.9679 ns/op
WorkloadActual   6: 21102592 op, 250628150.00 ns, 11.8767 ns/op
WorkloadActual   7: 21102592 op, 250188571.00 ns, 11.8558 ns/op
WorkloadActual   8: 21102592 op, 250902194.00 ns, 11.8896 ns/op
WorkloadActual   9: 21102592 op, 250563970.00 ns, 11.8736 ns/op
WorkloadActual  10: 21102592 op, 249683057.00 ns, 11.8319 ns/op
WorkloadActual  11: 21102592 op, 249971208.00 ns, 11.8455 ns/op
WorkloadActual  12: 21102592 op, 265923341.00 ns, 12.6015 ns/op

// AfterActualRun
WorkloadResult   1: 21102592 op, 251199206.00 ns, 11.9037 ns/op
WorkloadResult   2: 21102592 op, 250550094.00 ns, 11.8730 ns/op
WorkloadResult   3: 21102592 op, 250313207.00 ns, 11.8617 ns/op
WorkloadResult   4: 21102592 op, 249980405.00 ns, 11.8460 ns/op
WorkloadResult   5: 21102592 op, 250618432.00 ns, 11.8762 ns/op
WorkloadResult   6: 21102592 op, 250178853.00 ns, 11.8554 ns/op
WorkloadResult   7: 21102592 op, 250892476.00 ns, 11.8892 ns/op
WorkloadResult   8: 21102592 op, 250554252.00 ns, 11.8732 ns/op
WorkloadResult   9: 21102592 op, 249673339.00 ns, 11.8314 ns/op
WorkloadResult  10: 21102592 op, 249961490.00 ns, 11.8451 ns/op
// GC:  0 0 0 0 21102592
// Threading:  0 0 21102592

// AfterAll
// Benchmark Process 2789341 has exited with code 0.

Mean = 11.865 ns, StdErr = 0.007 ns (0.06%), N = 10, StdDev = 0.022 ns
Min = 11.831 ns, Q1 = 11.848 ns, Median = 11.867 ns, Q3 = 11.875 ns, Max = 11.904 ns
IQR = 0.027 ns, LowerFence = 11.808 ns, UpperFence = 11.916 ns
ConfidenceInterval = [11.832 ns; 11.899 ns] (CI 99.9%), Margin = 0.033 ns (0.28% of Mean)
Skewness = 0.14, Kurtosis = 1.79, MValue = 2

// ** Remained 17 (56.7%) benchmark(s) to run. Estimated finish 2026-09-12 4:27 (0h 1m from now) **
// **************************
// Benchmark: DataAuthoredQueryBenchmarks.GeneratedShape: Jit(IterationCount=12, IterationTime=250ms, WarmupCount=16) [Shape=SixteenTracks, Pattern=Forward]
// *** Execute ***
// Launch: 1 / 1
// Execute: dotnet Alpha-Jit-1.dll --anonymousPipes 161 162 --benchmarkName "DataAuthoredQueryBenchmarks.GeneratedShape(Shape: SixteenTracks, Pattern: Forward)" --job Jit --benchmarkId 13 in /home/i/GitHub/tl-56-feat-data-authored-api/benchmarks/Alpha/bin/Release/net10.0/Alpha-Jit-1/bin/Release/net10.0
// Failed to set up high priority (Permission denied). In order to run benchmarks with high priority, make sure you have the right permissions.
// BeforeAnythingElse

// Benchmark Process Environment Information:
// BenchmarkDotNet v0.15.8
// Runtime=.NET 10.0.12 (10.0.12, 10.0.1226.42308), X64 RyuJIT x86-64-v3
// GC=Concurrent Workstation
// HardwareIntrinsics=AVX2+BMI1+BMI2+F16C+FMA+LZCNT+MOVBE,AVX,SSE3+SSSE3+SSE4.1+SSE4.2+POPCNT,X86Base+SSE+SSE2,AES+PCLMUL,AvxVnni,SERIALIZE VectorSize=256
// Job: Jit(IterationCount=12, IterationTime=250ms, WarmupCount=16)

OverheadJitting  1: 4096 op, 104715.00 ns, 25.5652 ns/op
WorkloadJitting  1: 4096 op, 985171.00 ns, 240.5203 ns/op

OverheadJitting  2: 65536 op, 119176.00 ns, 1.8185 ns/op
WorkloadJitting  2: 65536 op, 6910890.00 ns, 105.4518 ns/op

WorkloadPilot    1: 65536 op, 5021768.00 ns, 76.6261 ns/op
WorkloadPilot    2: 3276800 op, 250058428.00 ns, 76.3118 ns/op

OverheadWarmup   1: 3276800 op, 1606.00 ns, 0.0005 ns/op
OverheadWarmup   2: 3276800 op, 1319.00 ns, 0.0004 ns/op
OverheadWarmup   3: 3276800 op, 1232.00 ns, 0.0004 ns/op
OverheadWarmup   4: 3276800 op, 1235.00 ns, 0.0004 ns/op
OverheadWarmup   5: 3276800 op, 1305.00 ns, 0.0004 ns/op
OverheadWarmup   6: 3276800 op, 1233.00 ns, 0.0004 ns/op
OverheadWarmup   7: 3276800 op, 1244.00 ns, 0.0004 ns/op
OverheadWarmup   8: 3276800 op, 1250.00 ns, 0.0004 ns/op
OverheadWarmup   9: 3276800 op, 1259.00 ns, 0.0004 ns/op
OverheadWarmup  10: 3276800 op, 1243.00 ns, 0.0004 ns/op

OverheadActual   1: 3276800 op, 1470.00 ns, 0.0004 ns/op
OverheadActual   2: 3276800 op, 1456.00 ns, 0.0004 ns/op
OverheadActual   3: 3276800 op, 1461.00 ns, 0.0004 ns/op
OverheadActual   4: 3276800 op, 1355.00 ns, 0.0004 ns/op
OverheadActual   5: 3276800 op, 1418.00 ns, 0.0004 ns/op
OverheadActual   6: 3276800 op, 1283.00 ns, 0.0004 ns/op
OverheadActual   7: 3276800 op, 1252.00 ns, 0.0004 ns/op
OverheadActual   8: 3276800 op, 1232.00 ns, 0.0004 ns/op
OverheadActual   9: 3276800 op, 1247.00 ns, 0.0004 ns/op
OverheadActual  10: 3276800 op, 1237.00 ns, 0.0004 ns/op
OverheadActual  11: 3276800 op, 1239.00 ns, 0.0004 ns/op
OverheadActual  12: 3276800 op, 1243.00 ns, 0.0004 ns/op
OverheadActual  13: 3276800 op, 1254.00 ns, 0.0004 ns/op
OverheadActual  14: 3276800 op, 1238.00 ns, 0.0004 ns/op
OverheadActual  15: 3276800 op, 1232.00 ns, 0.0004 ns/op
OverheadActual  16: 3276800 op, 1243.00 ns, 0.0004 ns/op
OverheadActual  17: 3276800 op, 1243.00 ns, 0.0004 ns/op
OverheadActual  18: 3276800 op, 1407.00 ns, 0.0004 ns/op
OverheadActual  19: 3276800 op, 1279.00 ns, 0.0004 ns/op
OverheadActual  20: 3276800 op, 1277.00 ns, 0.0004 ns/op

WorkloadWarmup   1: 3276800 op, 248776818.00 ns, 75.9207 ns/op
WorkloadWarmup   2: 3276800 op, 249539848.00 ns, 76.1535 ns/op
WorkloadWarmup   3: 3276800 op, 251759198.00 ns, 76.8308 ns/op
WorkloadWarmup   4: 3276800 op, 250602966.00 ns, 76.4780 ns/op
WorkloadWarmup   5: 3276800 op, 251001054.00 ns, 76.5994 ns/op
WorkloadWarmup   6: 3276800 op, 249557477.00 ns, 76.1589 ns/op
WorkloadWarmup   7: 3276800 op, 201767262.00 ns, 61.5745 ns/op
WorkloadWarmup   8: 3276800 op, 72034308.00 ns, 21.9831 ns/op
WorkloadWarmup   9: 3276800 op, 72678011.00 ns, 22.1796 ns/op
WorkloadWarmup  10: 3276800 op, 73571460.00 ns, 22.4522 ns/op
WorkloadWarmup  11: 3276800 op, 71937878.00 ns, 21.9537 ns/op
WorkloadWarmup  12: 3276800 op, 73751502.00 ns, 22.5072 ns/op
WorkloadWarmup  13: 3276800 op, 72926328.00 ns, 22.2553 ns/op
WorkloadWarmup  14: 3276800 op, 72286431.00 ns, 22.0601 ns/op
WorkloadWarmup  15: 3276800 op, 74642527.00 ns, 22.7791 ns/op
WorkloadWarmup  16: 3276800 op, 72233810.00 ns, 22.0440 ns/op

// BeforeActualRun
WorkloadActual   1: 3276800 op, 72378554.00 ns, 22.0882 ns/op
WorkloadActual   2: 3276800 op, 71819792.00 ns, 21.9177 ns/op
WorkloadActual   3: 3276800 op, 71677118.00 ns, 21.8741 ns/op
WorkloadActual   4: 3276800 op, 71402655.00 ns, 21.7904 ns/op
WorkloadActual   5: 3276800 op, 71458806.00 ns, 21.8075 ns/op
WorkloadActual   6: 3276800 op, 72222229.00 ns, 22.0405 ns/op
WorkloadActual   7: 3276800 op, 71358047.00 ns, 21.7767 ns/op
WorkloadActual   8: 3276800 op, 71196470.00 ns, 21.7274 ns/op
WorkloadActual   9: 3276800 op, 71943238.00 ns, 21.9553 ns/op
WorkloadActual  10: 3276800 op, 71866925.00 ns, 21.9320 ns/op
WorkloadActual  11: 3276800 op, 72151418.00 ns, 22.0189 ns/op
WorkloadActual  12: 3276800 op, 72688834.00 ns, 22.1829 ns/op

// AfterActualRun
WorkloadResult   1: 3276800 op, 72377301.00 ns, 22.0878 ns/op
WorkloadResult   2: 3276800 op, 71818539.00 ns, 21.9173 ns/op
WorkloadResult   3: 3276800 op, 71675865.00 ns, 21.8737 ns/op
WorkloadResult   4: 3276800 op, 71401402.00 ns, 21.7900 ns/op
WorkloadResult   5: 3276800 op, 71457553.00 ns, 21.8071 ns/op
WorkloadResult   6: 3276800 op, 72220976.00 ns, 22.0401 ns/op
WorkloadResult   7: 3276800 op, 71356794.00 ns, 21.7764 ns/op
WorkloadResult   8: 3276800 op, 71195217.00 ns, 21.7271 ns/op
WorkloadResult   9: 3276800 op, 71941985.00 ns, 21.9550 ns/op
WorkloadResult  10: 3276800 op, 71865672.00 ns, 21.9317 ns/op
WorkloadResult  11: 3276800 op, 72150165.00 ns, 22.0185 ns/op
WorkloadResult  12: 3276800 op, 72687581.00 ns, 22.1825 ns/op
// GC:  0 0 0 0 3276800
// Threading:  0 0 3276800

// AfterAll
// Benchmark Process 2800760 has exited with code 0.

Mean = 21.926 ns, StdErr = 0.040 ns (0.18%), N = 12, StdDev = 0.139 ns
Min = 21.727 ns, Q1 = 21.803 ns, Median = 21.924 ns, Q3 = 22.024 ns, Max = 22.182 ns
IQR = 0.221 ns, LowerFence = 21.471 ns, UpperFence = 22.355 ns
ConfidenceInterval = [21.748 ns; 22.103 ns] (CI 99.9%), Margin = 0.178 ns (0.81% of Mean)
Skewness = 0.25, Kurtosis = 1.77, MValue = 2

// ** Remained 16 (53.3%) benchmark(s) to run. Estimated finish 2026-09-12 4:26 (0h 1m from now) **
// **************************
// Benchmark: DataAuthoredQueryBenchmarks.DataAuthoredFacade: Jit(IterationCount=12, IterationTime=250ms, WarmupCount=16) [Shape=SixteenTracks, Pattern=Forward]
// *** Execute ***
// Launch: 1 / 1
// Execute: dotnet Alpha-Jit-1.dll --anonymousPipes 159 160 --benchmarkName "DataAuthoredQueryBenchmarks.DataAuthoredFacade(Shape: SixteenTracks, Pattern: Forward)" --job Jit --benchmarkId 14 in /home/i/GitHub/tl-56-feat-data-authored-api/benchmarks/Alpha/bin/Release/net10.0/Alpha-Jit-1/bin/Release/net10.0
// Failed to set up high priority (Permission denied). In order to run benchmarks with high priority, make sure you have the right permissions.
// BeforeAnythingElse

// Benchmark Process Environment Information:
// BenchmarkDotNet v0.15.8
// Runtime=.NET 10.0.12 (10.0.12, 10.0.1226.42308), X64 RyuJIT x86-64-v3
// GC=Concurrent Workstation
// HardwareIntrinsics=AVX2+BMI1+BMI2+F16C+FMA+LZCNT+MOVBE,AVX,SSE3+SSSE3+SSE4.1+SSE4.2+POPCNT,X86Base+SSE+SSE2,AES+PCLMUL,AvxVnni,SERIALIZE VectorSize=256
// Job: Jit(IterationCount=12, IterationTime=250ms, WarmupCount=16)

OverheadJitting  1: 4096 op, 105196.00 ns, 25.6826 ns/op
WorkloadJitting  1: 4096 op, 2897956.00 ns, 707.5088 ns/op

OverheadJitting  2: 65536 op, 120526.00 ns, 1.8391 ns/op
WorkloadJitting  2: 65536 op, 45585391.00 ns, 695.5779 ns/op

WorkloadPilot    1: 65536 op, 44884890.00 ns, 684.8891 ns/op
WorkloadPilot    2: 393216 op, 263553987.00 ns, 670.2524 ns/op

OverheadWarmup   1: 393216 op, 800.00 ns, 0.0020 ns/op
OverheadWarmup   2: 393216 op, 249.00 ns, 0.0006 ns/op
OverheadWarmup   3: 393216 op, 165.00 ns, 0.0004 ns/op
OverheadWarmup   4: 393216 op, 161.00 ns, 0.0004 ns/op
OverheadWarmup   5: 393216 op, 238.00 ns, 0.0006 ns/op
OverheadWarmup   6: 393216 op, 177.00 ns, 0.0005 ns/op
OverheadWarmup   7: 393216 op, 159.00 ns, 0.0004 ns/op
OverheadWarmup   8: 393216 op, 164.00 ns, 0.0004 ns/op
OverheadWarmup   9: 393216 op, 171.00 ns, 0.0004 ns/op
OverheadWarmup  10: 393216 op, 160.00 ns, 0.0004 ns/op

OverheadActual   1: 393216 op, 508.00 ns, 0.0013 ns/op
OverheadActual   2: 393216 op, 722.00 ns, 0.0018 ns/op
OverheadActual   3: 393216 op, 404.00 ns, 0.0010 ns/op
OverheadActual   4: 393216 op, 337.00 ns, 0.0009 ns/op
OverheadActual   5: 393216 op, 326.00 ns, 0.0008 ns/op
OverheadActual   6: 393216 op, 209.00 ns, 0.0005 ns/op
OverheadActual   7: 393216 op, 162.00 ns, 0.0004 ns/op
OverheadActual   8: 393216 op, 161.00 ns, 0.0004 ns/op
OverheadActual   9: 393216 op, 167.00 ns, 0.0004 ns/op
OverheadActual  10: 393216 op, 154.00 ns, 0.0004 ns/op
OverheadActual  11: 393216 op, 157.00 ns, 0.0004 ns/op
OverheadActual  12: 393216 op, 160.00 ns, 0.0004 ns/op
OverheadActual  13: 393216 op, 166.00 ns, 0.0004 ns/op
OverheadActual  14: 393216 op, 163.00 ns, 0.0004 ns/op
OverheadActual  15: 393216 op, 166.00 ns, 0.0004 ns/op
OverheadActual  16: 393216 op, 166.00 ns, 0.0004 ns/op
OverheadActual  17: 393216 op, 163.00 ns, 0.0004 ns/op
OverheadActual  18: 393216 op, 350.00 ns, 0.0009 ns/op
OverheadActual  19: 393216 op, 215.00 ns, 0.0005 ns/op
OverheadActual  20: 393216 op, 168.00 ns, 0.0004 ns/op

WorkloadWarmup   1: 393216 op, 265028581.00 ns, 674.0025 ns/op
WorkloadWarmup   2: 393216 op, 264583221.00 ns, 672.8699 ns/op
WorkloadWarmup   3: 393216 op, 264628960.00 ns, 672.9862 ns/op
WorkloadWarmup   4: 393216 op, 265308181.00 ns, 674.7136 ns/op
WorkloadWarmup   5: 393216 op, 265457674.00 ns, 675.0938 ns/op
WorkloadWarmup   6: 393216 op, 242255137.00 ns, 616.0867 ns/op
WorkloadWarmup   7: 393216 op, 38822016.00 ns, 98.7295 ns/op
WorkloadWarmup   8: 393216 op, 32468620.00 ns, 82.5720 ns/op
WorkloadWarmup   9: 393216 op, 32261334.00 ns, 82.0448 ns/op
WorkloadWarmup  10: 393216 op, 32299428.00 ns, 82.1417 ns/op
WorkloadWarmup  11: 393216 op, 32428415.00 ns, 82.4697 ns/op
WorkloadWarmup  12: 393216 op, 32588827.00 ns, 82.8777 ns/op
WorkloadWarmup  13: 393216 op, 32531089.00 ns, 82.7308 ns/op
WorkloadWarmup  14: 393216 op, 32019205.00 ns, 81.4290 ns/op
WorkloadWarmup  15: 393216 op, 32386116.00 ns, 82.3622 ns/op
WorkloadWarmup  16: 393216 op, 32479444.00 ns, 82.5995 ns/op

// BeforeActualRun
WorkloadActual   1: 393216 op, 32252106.00 ns, 82.0213 ns/op
WorkloadActual   2: 393216 op, 32446810.00 ns, 82.5165 ns/op
WorkloadActual   3: 393216 op, 32513198.00 ns, 82.6853 ns/op
WorkloadActual   4: 393216 op, 32638477.00 ns, 83.0039 ns/op
WorkloadActual   5: 393216 op, 32466959.00 ns, 82.5677 ns/op
WorkloadActual   6: 393216 op, 32600491.00 ns, 82.9073 ns/op
WorkloadActual   7: 393216 op, 32436512.00 ns, 82.4903 ns/op
WorkloadActual   8: 393216 op, 32871914.00 ns, 83.5976 ns/op
WorkloadActual   9: 393216 op, 32642396.00 ns, 83.0139 ns/op
WorkloadActual  10: 393216 op, 32814102.00 ns, 83.4506 ns/op
WorkloadActual  11: 393216 op, 32704514.00 ns, 83.1719 ns/op
WorkloadActual  12: 393216 op, 32266021.00 ns, 82.0567 ns/op

// AfterActualRun
WorkloadResult   1: 393216 op, 32251939.50 ns, 82.0209 ns/op
WorkloadResult   2: 393216 op, 32446643.50 ns, 82.5161 ns/op
WorkloadResult   3: 393216 op, 32513031.50 ns, 82.6849 ns/op
WorkloadResult   4: 393216 op, 32638310.50 ns, 83.0035 ns/op
WorkloadResult   5: 393216 op, 32466792.50 ns, 82.5673 ns/op
WorkloadResult   6: 393216 op, 32600324.50 ns, 82.9069 ns/op
WorkloadResult   7: 393216 op, 32436345.50 ns, 82.4899 ns/op
WorkloadResult   8: 393216 op, 32871747.50 ns, 83.5972 ns/op
WorkloadResult   9: 393216 op, 32642229.50 ns, 83.0135 ns/op
WorkloadResult  10: 393216 op, 32813935.50 ns, 83.4502 ns/op
WorkloadResult  11: 393216 op, 32704347.50 ns, 83.1715 ns/op
WorkloadResult  12: 393216 op, 32265854.50 ns, 82.0563 ns/op
// GC:  0 0 0 0 393216
// Threading:  0 0 393216

// AfterAll
// Benchmark Process 2804942 has exited with code 0.

Mean = 82.790 ns, StdErr = 0.143 ns (0.17%), N = 12, StdDev = 0.495 ns
Min = 82.021 ns, Q1 = 82.510 ns, Median = 82.796 ns, Q3 = 83.053 ns, Max = 83.597 ns
IQR = 0.543 ns, LowerFence = 81.694 ns, UpperFence = 83.868 ns
ConfidenceInterval = [82.156 ns; 83.424 ns] (CI 99.9%), Margin = 0.634 ns (0.77% of Mean)
Skewness = -0.01, Kurtosis = 1.8, MValue = 2

// ** Remained 15 (50.0%) benchmark(s) to run. Estimated finish 2026-09-12 4:26 (0h 1m from now) **
// **************************
// Benchmark: DataAuthoredQueryBenchmarks.DirectShape: Jit(IterationCount=12, IterationTime=250ms, WarmupCount=16) [Shape=SixteenTracks, Pattern=Alternating]
// *** Execute ***
// Launch: 1 / 1
// Execute: dotnet Alpha-Jit-1.dll --anonymousPipes 159 160 --benchmarkName "DataAuthoredQueryBenchmarks.DirectShape(Shape: SixteenTracks, Pattern: Alternating)" --job Jit --benchmarkId 15 in /home/i/GitHub/tl-56-feat-data-authored-api/benchmarks/Alpha/bin/Release/net10.0/Alpha-Jit-1/bin/Release/net10.0
// Failed to set up high priority (Permission denied). In order to run benchmarks with high priority, make sure you have the right permissions.
// BeforeAnythingElse

// Benchmark Process Environment Information:
// BenchmarkDotNet v0.15.8
// Runtime=.NET 10.0.12 (10.0.12, 10.0.1226.42308), X64 RyuJIT x86-64-v3
// GC=Concurrent Workstation
// HardwareIntrinsics=AVX2+BMI1+BMI2+F16C+FMA+LZCNT+MOVBE,AVX,SSE3+SSSE3+SSE4.1+SSE4.2+POPCNT,X86Base+SSE+SSE2,AES+PCLMUL,AvxVnni,SERIALIZE VectorSize=256
// Job: Jit(IterationCount=12, IterationTime=250ms, WarmupCount=16)

OverheadJitting  1: 4096 op, 100809.00 ns, 24.6116 ns/op
WorkloadJitting  1: 4096 op, 1623953.00 ns, 396.4729 ns/op

OverheadJitting  2: 65536 op, 114458.00 ns, 1.7465 ns/op
WorkloadJitting  2: 65536 op, 1260931.00 ns, 19.2403 ns/op

WorkloadPilot    1: 65536 op, 1136039.00 ns, 17.3346 ns/op
WorkloadPilot    2: 14483456 op, 246012180.00 ns, 16.9857 ns/op
WorkloadPilot    3: 14745600 op, 252190260.00 ns, 17.1027 ns/op
WorkloadPilot    4: 14680064 op, 251227379.00 ns, 17.1135 ns/op
WorkloadPilot    5: 14614528 op, 249858086.00 ns, 17.0966 ns/op
WorkloadPilot    6: 14680064 op, 255844419.00 ns, 17.4280 ns/op

OverheadWarmup   1: 14680064 op, 5868.00 ns, 0.0004 ns/op
OverheadWarmup   2: 14680064 op, 5540.00 ns, 0.0004 ns/op
OverheadWarmup   3: 14680064 op, 5442.00 ns, 0.0004 ns/op
OverheadWarmup   4: 14680064 op, 5454.00 ns, 0.0004 ns/op
OverheadWarmup   5: 14680064 op, 5488.00 ns, 0.0004 ns/op
OverheadWarmup   6: 14680064 op, 5496.00 ns, 0.0004 ns/op
OverheadWarmup   7: 14680064 op, 5465.00 ns, 0.0004 ns/op
OverheadWarmup   8: 14680064 op, 5462.00 ns, 0.0004 ns/op
OverheadWarmup   9: 14680064 op, 5448.00 ns, 0.0004 ns/op
OverheadWarmup  10: 14680064 op, 5460.00 ns, 0.0004 ns/op

OverheadActual   1: 14680064 op, 5727.00 ns, 0.0004 ns/op
OverheadActual   2: 14680064 op, 5757.00 ns, 0.0004 ns/op
OverheadActual   3: 14680064 op, 5788.00 ns, 0.0004 ns/op
OverheadActual   4: 14680064 op, 5552.00 ns, 0.0004 ns/op
OverheadActual   5: 14680064 op, 5694.00 ns, 0.0004 ns/op
OverheadActual   6: 14680064 op, 5493.00 ns, 0.0004 ns/op
OverheadActual   7: 14680064 op, 5463.00 ns, 0.0004 ns/op
OverheadActual   8: 14680064 op, 5490.00 ns, 0.0004 ns/op
OverheadActual   9: 14680064 op, 5463.00 ns, 0.0004 ns/op
OverheadActual  10: 14680064 op, 5466.00 ns, 0.0004 ns/op
OverheadActual  11: 14680064 op, 5458.00 ns, 0.0004 ns/op
OverheadActual  12: 14680064 op, 5455.00 ns, 0.0004 ns/op
OverheadActual  13: 14680064 op, 5440.00 ns, 0.0004 ns/op
OverheadActual  14: 14680064 op, 5460.00 ns, 0.0004 ns/op
OverheadActual  15: 14680064 op, 5479.00 ns, 0.0004 ns/op

WorkloadWarmup   1: 14680064 op, 252230422.00 ns, 17.1818 ns/op
WorkloadWarmup   2: 14680064 op, 253670319.00 ns, 17.2799 ns/op
WorkloadWarmup   3: 14680064 op, 292856396.00 ns, 19.9493 ns/op
WorkloadWarmup   4: 14680064 op, 250302039.00 ns, 17.0505 ns/op
WorkloadWarmup   5: 14680064 op, 248804504.00 ns, 16.9485 ns/op
WorkloadWarmup   6: 14680064 op, 253087223.00 ns, 17.2402 ns/op
WorkloadWarmup   7: 14680064 op, 264351016.00 ns, 18.0075 ns/op
WorkloadWarmup   8: 14680064 op, 274276383.00 ns, 18.6836 ns/op
WorkloadWarmup   9: 14680064 op, 270995670.00 ns, 18.4601 ns/op
WorkloadWarmup  10: 14680064 op, 268688171.00 ns, 18.3029 ns/op
WorkloadWarmup  11: 14680064 op, 270175333.00 ns, 18.4042 ns/op
WorkloadWarmup  12: 14680064 op, 268135427.00 ns, 18.2653 ns/op
WorkloadWarmup  13: 14680064 op, 267766648.00 ns, 18.2402 ns/op
WorkloadWarmup  14: 14680064 op, 268902805.00 ns, 18.3175 ns/op
WorkloadWarmup  15: 14680064 op, 271631545.00 ns, 18.5034 ns/op
WorkloadWarmup  16: 14680064 op, 268294952.00 ns, 18.2761 ns/op

// BeforeActualRun
WorkloadActual   1: 14680064 op, 269355762.00 ns, 18.3484 ns/op
WorkloadActual   2: 14680064 op, 270759837.00 ns, 18.4441 ns/op
WorkloadActual   3: 14680064 op, 269795664.00 ns, 18.3784 ns/op
WorkloadActual   4: 14680064 op, 268770493.00 ns, 18.3085 ns/op
WorkloadActual   5: 14680064 op, 269514772.00 ns, 18.3592 ns/op
WorkloadActual   6: 14680064 op, 269098448.00 ns, 18.3309 ns/op
WorkloadActual   7: 14680064 op, 287904266.00 ns, 19.6119 ns/op
WorkloadActual   8: 14680064 op, 266174912.00 ns, 18.1317 ns/op
WorkloadActual   9: 14680064 op, 268929486.00 ns, 18.3194 ns/op
WorkloadActual  10: 14680064 op, 270286996.00 ns, 18.4118 ns/op
WorkloadActual  11: 14680064 op, 269876034.00 ns, 18.3838 ns/op
WorkloadActual  12: 14680064 op, 268988985.00 ns, 18.3234 ns/op

// AfterActualRun
WorkloadResult   1: 14680064 op, 269350283.00 ns, 18.3480 ns/op
WorkloadResult   2: 14680064 op, 270754358.00 ns, 18.4437 ns/op
WorkloadResult   3: 14680064 op, 269790185.00 ns, 18.3780 ns/op
WorkloadResult   4: 14680064 op, 268765014.00 ns, 18.3082 ns/op
WorkloadResult   5: 14680064 op, 269509293.00 ns, 18.3589 ns/op
WorkloadResult   6: 14680064 op, 269092969.00 ns, 18.3305 ns/op
WorkloadResult   7: 14680064 op, 266169433.00 ns, 18.1314 ns/op
WorkloadResult   8: 14680064 op, 268924007.00 ns, 18.3190 ns/op
WorkloadResult   9: 14680064 op, 270281517.00 ns, 18.4115 ns/op
WorkloadResult  10: 14680064 op, 269870555.00 ns, 18.3835 ns/op
WorkloadResult  11: 14680064 op, 268983506.00 ns, 18.3230 ns/op
// GC:  0 0 0 0 14680064
// Threading:  0 0 14680064

// AfterAll
// Benchmark Process 2808101 has exited with code 0.

Mean = 18.340 ns, StdErr = 0.024 ns (0.13%), N = 11, StdDev = 0.081 ns
Min = 18.131 ns, Q1 = 18.321 ns, Median = 18.348 ns, Q3 = 18.381 ns, Max = 18.444 ns
IQR = 0.060 ns, LowerFence = 18.231 ns, UpperFence = 18.470 ns
ConfidenceInterval = [18.228 ns; 18.451 ns] (CI 99.9%), Margin = 0.111 ns (0.61% of Mean)
Skewness = -1.29, Kurtosis = 4.38, MValue = 2

// ** Remained 14 (46.7%) benchmark(s) to run. Estimated finish 2026-09-12 4:27 (0h 1m from now) **
// **************************
// Benchmark: DataAuthoredQueryBenchmarks.GeneratedShape: Jit(IterationCount=12, IterationTime=250ms, WarmupCount=16) [Shape=SixteenTracks, Pattern=Alternating]
// *** Execute ***
// Launch: 1 / 1
// Execute: dotnet Alpha-Jit-1.dll --anonymousPipes 161 162 --benchmarkName "DataAuthoredQueryBenchmarks.GeneratedShape(Shape: SixteenTracks, Pattern: Alternating)" --job Jit --benchmarkId 16 in /home/i/GitHub/tl-56-feat-data-authored-api/benchmarks/Alpha/bin/Release/net10.0/Alpha-Jit-1/bin/Release/net10.0
// Failed to set up high priority (Permission denied). In order to run benchmarks with high priority, make sure you have the right permissions.
// BeforeAnythingElse

// Benchmark Process Environment Information:
// BenchmarkDotNet v0.15.8
// Runtime=.NET 10.0.12 (10.0.12, 10.0.1226.42308), X64 RyuJIT x86-64-v3
// GC=Concurrent Workstation
// HardwareIntrinsics=AVX2+BMI1+BMI2+F16C+FMA+LZCNT+MOVBE,AVX,SSE3+SSSE3+SSE4.1+SSE4.2+POPCNT,X86Base+SSE+SSE2,AES+PCLMUL,AvxVnni,SERIALIZE VectorSize=256
// Job: Jit(IterationCount=12, IterationTime=250ms, WarmupCount=16)

OverheadJitting  1: 4096 op, 117585.00 ns, 28.7073 ns/op
WorkloadJitting  1: 4096 op, 1046719.00 ns, 255.5466 ns/op

OverheadJitting  2: 65536 op, 121738.00 ns, 1.8576 ns/op
WorkloadJitting  2: 65536 op, 11493856.00 ns, 175.3823 ns/op

WorkloadPilot    1: 65536 op, 9453589.00 ns, 144.2503 ns/op
WorkloadPilot    2: 1769472 op, 253508299.00 ns, 143.2678 ns/op

OverheadWarmup   1: 1769472 op, 1437.00 ns, 0.0008 ns/op
OverheadWarmup   2: 1769472 op, 843.00 ns, 0.0005 ns/op
OverheadWarmup   3: 1769472 op, 709.00 ns, 0.0004 ns/op
OverheadWarmup   4: 1769472 op, 718.00 ns, 0.0004 ns/op
OverheadWarmup   5: 1769472 op, 776.00 ns, 0.0004 ns/op
OverheadWarmup   6: 1769472 op, 726.00 ns, 0.0004 ns/op
OverheadWarmup   7: 1769472 op, 723.00 ns, 0.0004 ns/op
OverheadWarmup   8: 1769472 op, 724.00 ns, 0.0004 ns/op
OverheadWarmup   9: 1769472 op, 730.00 ns, 0.0004 ns/op
OverheadWarmup  10: 1769472 op, 756.00 ns, 0.0004 ns/op

OverheadActual   1: 1769472 op, 960.00 ns, 0.0005 ns/op
OverheadActual   2: 1769472 op, 918.00 ns, 0.0005 ns/op
OverheadActual   3: 1769472 op, 932.00 ns, 0.0005 ns/op
OverheadActual   4: 1769472 op, 832.00 ns, 0.0005 ns/op
OverheadActual   5: 1769472 op, 892.00 ns, 0.0005 ns/op
OverheadActual   6: 1769472 op, 706.00 ns, 0.0004 ns/op
OverheadActual   7: 1769472 op, 707.00 ns, 0.0004 ns/op
OverheadActual   8: 1769472 op, 715.00 ns, 0.0004 ns/op
OverheadActual   9: 1769472 op, 695.00 ns, 0.0004 ns/op
OverheadActual  10: 1769472 op, 711.00 ns, 0.0004 ns/op
OverheadActual  11: 1769472 op, 712.00 ns, 0.0004 ns/op
OverheadActual  12: 1769472 op, 724.00 ns, 0.0004 ns/op
OverheadActual  13: 1769472 op, 720.00 ns, 0.0004 ns/op
OverheadActual  14: 1769472 op, 724.00 ns, 0.0004 ns/op
OverheadActual  15: 1769472 op, 714.00 ns, 0.0004 ns/op
OverheadActual  16: 1769472 op, 732.00 ns, 0.0004 ns/op
OverheadActual  17: 1769472 op, 715.00 ns, 0.0004 ns/op
OverheadActual  18: 1769472 op, 957.00 ns, 0.0005 ns/op
OverheadActual  19: 1769472 op, 782.00 ns, 0.0004 ns/op
OverheadActual  20: 1769472 op, 783.00 ns, 0.0004 ns/op

WorkloadWarmup   1: 1769472 op, 249858053.00 ns, 141.2049 ns/op
WorkloadWarmup   2: 1769472 op, 251674622.00 ns, 142.2315 ns/op
WorkloadWarmup   3: 1769472 op, 252799526.00 ns, 142.8672 ns/op
WorkloadWarmup   4: 1769472 op, 251364804.00 ns, 142.0564 ns/op
WorkloadWarmup   5: 1769472 op, 249632927.00 ns, 141.0776 ns/op
WorkloadWarmup   6: 1769472 op, 249676113.00 ns, 141.1020 ns/op
WorkloadWarmup   7: 1769472 op, 186773480.00 ns, 105.5532 ns/op
WorkloadWarmup   8: 1769472 op, 38630221.00 ns, 21.8315 ns/op
WorkloadWarmup   9: 1769472 op, 36641929.00 ns, 20.7078 ns/op
WorkloadWarmup  10: 1769472 op, 35877623.00 ns, 20.2759 ns/op
WorkloadWarmup  11: 1769472 op, 37800096.00 ns, 21.3624 ns/op
WorkloadWarmup  12: 1769472 op, 36640736.00 ns, 20.7072 ns/op
WorkloadWarmup  13: 1769472 op, 35740870.00 ns, 20.1986 ns/op
WorkloadWarmup  14: 1769472 op, 36055705.00 ns, 20.3765 ns/op
WorkloadWarmup  15: 1769472 op, 38485763.00 ns, 21.7499 ns/op
WorkloadWarmup  16: 1769472 op, 34862977.00 ns, 19.7025 ns/op

// BeforeActualRun
WorkloadActual   1: 1769472 op, 34925386.00 ns, 19.7377 ns/op
WorkloadActual   2: 1769472 op, 35083699.00 ns, 19.8272 ns/op
WorkloadActual   3: 1769472 op, 35668391.00 ns, 20.1576 ns/op
WorkloadActual   4: 1769472 op, 35841653.00 ns, 20.2556 ns/op
WorkloadActual   5: 1769472 op, 35376021.00 ns, 19.9924 ns/op
WorkloadActual   6: 1769472 op, 35301259.00 ns, 19.9502 ns/op
WorkloadActual   7: 1769472 op, 35346156.00 ns, 19.9755 ns/op
WorkloadActual   8: 1769472 op, 35560327.00 ns, 20.0966 ns/op
WorkloadActual   9: 1769472 op, 35535685.00 ns, 20.0826 ns/op
WorkloadActual  10: 1769472 op, 35280812.00 ns, 19.9386 ns/op
WorkloadActual  11: 1769472 op, 35318242.00 ns, 19.9598 ns/op
WorkloadActual  12: 1769472 op, 35222145.00 ns, 19.9055 ns/op

// AfterActualRun
WorkloadResult   1: 1769472 op, 34924662.00 ns, 19.7373 ns/op
WorkloadResult   2: 1769472 op, 35082975.00 ns, 19.8268 ns/op
WorkloadResult   3: 1769472 op, 35667667.00 ns, 20.1572 ns/op
WorkloadResult   4: 1769472 op, 35840929.00 ns, 20.2552 ns/op
WorkloadResult   5: 1769472 op, 35375297.00 ns, 19.9920 ns/op
WorkloadResult   6: 1769472 op, 35300535.00 ns, 19.9498 ns/op
WorkloadResult   7: 1769472 op, 35345432.00 ns, 19.9751 ns/op
WorkloadResult   8: 1769472 op, 35559603.00 ns, 20.0962 ns/op
WorkloadResult   9: 1769472 op, 35534961.00 ns, 20.0822 ns/op
WorkloadResult  10: 1769472 op, 35280088.00 ns, 19.9382 ns/op
WorkloadResult  11: 1769472 op, 35317518.00 ns, 19.9594 ns/op
WorkloadResult  12: 1769472 op, 35221421.00 ns, 19.9050 ns/op
// GC:  0 0 0 0 1769472
// Threading:  0 0 1769472

// AfterAll
// Benchmark Process 2818341 has exited with code 0.

Mean = 19.990 ns, StdErr = 0.041 ns (0.20%), N = 12, StdDev = 0.142 ns
Min = 19.737 ns, Q1 = 19.930 ns, Median = 19.967 ns, Q3 = 20.086 ns, Max = 20.255 ns
IQR = 0.156 ns, LowerFence = 19.696 ns, UpperFence = 20.319 ns
ConfidenceInterval = [19.808 ns; 20.171 ns] (CI 99.9%), Margin = 0.182 ns (0.91% of Mean)
Skewness = 0.13, Kurtosis = 2.22, MValue = 2

// ** Remained 13 (43.3%) benchmark(s) to run. Estimated finish 2026-09-12 4:26 (0h 1m from now) **
// **************************
// Benchmark: DataAuthoredQueryBenchmarks.DataAuthoredFacade: Jit(IterationCount=12, IterationTime=250ms, WarmupCount=16) [Shape=SixteenTracks, Pattern=Alternating]
// *** Execute ***
// Launch: 1 / 1
// Execute: dotnet Alpha-Jit-1.dll --anonymousPipes 159 160 --benchmarkName "DataAuthoredQueryBenchmarks.DataAuthoredFacade(Shape: SixteenTracks, Pattern: Alternating)" --job Jit --benchmarkId 17 in /home/i/GitHub/tl-56-feat-data-authored-api/benchmarks/Alpha/bin/Release/net10.0/Alpha-Jit-1/bin/Release/net10.0
// Failed to set up high priority (Permission denied). In order to run benchmarks with high priority, make sure you have the right permissions.
// BeforeAnythingElse

// Benchmark Process Environment Information:
// BenchmarkDotNet v0.15.8
// Runtime=.NET 10.0.12 (10.0.12, 10.0.1226.42308), X64 RyuJIT x86-64-v3
// GC=Concurrent Workstation
// HardwareIntrinsics=AVX2+BMI1+BMI2+F16C+FMA+LZCNT+MOVBE,AVX,SSE3+SSSE3+SSE4.1+SSE4.2+POPCNT,X86Base+SSE+SSE2,AES+PCLMUL,AvxVnni,SERIALIZE VectorSize=256
// Job: Jit(IterationCount=12, IterationTime=250ms, WarmupCount=16)

OverheadJitting  1: 4096 op, 102513.00 ns, 25.0276 ns/op
WorkloadJitting  1: 4096 op, 2887830.00 ns, 705.0366 ns/op

OverheadJitting  2: 65536 op, 120669.00 ns, 1.8413 ns/op
WorkloadJitting  2: 65536 op, 46090476.00 ns, 703.2849 ns/op

WorkloadPilot    1: 65536 op, 44854921.00 ns, 684.4318 ns/op
WorkloadPilot    2: 393216 op, 265794922.00 ns, 675.9514 ns/op

OverheadWarmup   1: 393216 op, 728.00 ns, 0.0019 ns/op
OverheadWarmup   2: 393216 op, 326.00 ns, 0.0008 ns/op
OverheadWarmup   3: 393216 op, 203.00 ns, 0.0005 ns/op
OverheadWarmup   4: 393216 op, 197.00 ns, 0.0005 ns/op
OverheadWarmup   5: 393216 op, 244.00 ns, 0.0006 ns/op
OverheadWarmup   6: 393216 op, 216.00 ns, 0.0005 ns/op
OverheadWarmup   7: 393216 op, 219.00 ns, 0.0006 ns/op
OverheadWarmup   8: 393216 op, 212.00 ns, 0.0005 ns/op

OverheadActual   1: 393216 op, 410.00 ns, 0.0010 ns/op
OverheadActual   2: 393216 op, 428.00 ns, 0.0011 ns/op
OverheadActual   3: 393216 op, 412.00 ns, 0.0010 ns/op
OverheadActual   4: 393216 op, 341.00 ns, 0.0009 ns/op
OverheadActual   5: 393216 op, 407.00 ns, 0.0010 ns/op
OverheadActual   6: 393216 op, 193.00 ns, 0.0005 ns/op
OverheadActual   7: 393216 op, 187.00 ns, 0.0005 ns/op
OverheadActual   8: 393216 op, 188.00 ns, 0.0005 ns/op
OverheadActual   9: 393216 op, 203.00 ns, 0.0005 ns/op
OverheadActual  10: 393216 op, 193.00 ns, 0.0005 ns/op
OverheadActual  11: 393216 op, 221.00 ns, 0.0006 ns/op
OverheadActual  12: 393216 op, 209.00 ns, 0.0005 ns/op
OverheadActual  13: 393216 op, 215.00 ns, 0.0005 ns/op
OverheadActual  14: 393216 op, 191.00 ns, 0.0005 ns/op
OverheadActual  15: 393216 op, 241.00 ns, 0.0006 ns/op
OverheadActual  16: 393216 op, 219.00 ns, 0.0006 ns/op
OverheadActual  17: 393216 op, 209.00 ns, 0.0005 ns/op
OverheadActual  18: 393216 op, 360.00 ns, 0.0009 ns/op
OverheadActual  19: 393216 op, 294.00 ns, 0.0007 ns/op
OverheadActual  20: 393216 op, 221.00 ns, 0.0006 ns/op

WorkloadWarmup   1: 393216 op, 266614873.00 ns, 678.0367 ns/op
WorkloadWarmup   2: 393216 op, 265518533.00 ns, 675.2485 ns/op
WorkloadWarmup   3: 393216 op, 266691054.00 ns, 678.2304 ns/op
WorkloadWarmup   4: 393216 op, 267058896.00 ns, 679.1659 ns/op
WorkloadWarmup   5: 393216 op, 267367064.00 ns, 679.9496 ns/op
WorkloadWarmup   6: 393216 op, 251314118.00 ns, 639.1249 ns/op
WorkloadWarmup   7: 393216 op, 38226646.00 ns, 97.2154 ns/op
WorkloadWarmup   8: 393216 op, 33008986.00 ns, 83.9462 ns/op
WorkloadWarmup   9: 393216 op, 32245697.00 ns, 82.0050 ns/op
WorkloadWarmup  10: 393216 op, 32731484.00 ns, 83.2405 ns/op
WorkloadWarmup  11: 393216 op, 32997122.00 ns, 83.9160 ns/op
WorkloadWarmup  12: 393216 op, 32902575.00 ns, 83.6756 ns/op
WorkloadWarmup  13: 393216 op, 32974846.00 ns, 83.8594 ns/op
WorkloadWarmup  14: 393216 op, 32937854.00 ns, 83.7653 ns/op
WorkloadWarmup  15: 393216 op, 32999579.00 ns, 83.9223 ns/op
WorkloadWarmup  16: 393216 op, 32827711.00 ns, 83.4852 ns/op

// BeforeActualRun
WorkloadActual   1: 393216 op, 32879268.00 ns, 83.6163 ns/op
WorkloadActual   2: 393216 op, 33037217.00 ns, 84.0180 ns/op
WorkloadActual   3: 393216 op, 32684367.00 ns, 83.1206 ns/op
WorkloadActual   4: 393216 op, 32919321.00 ns, 83.7182 ns/op
WorkloadActual   5: 393216 op, 32852563.00 ns, 83.5484 ns/op
WorkloadActual   6: 393216 op, 32622750.00 ns, 82.9639 ns/op
WorkloadActual   7: 393216 op, 32442162.00 ns, 82.5047 ns/op
WorkloadActual   8: 393216 op, 32665242.00 ns, 83.0720 ns/op
WorkloadActual   9: 393216 op, 33158145.00 ns, 84.3255 ns/op
WorkloadActual  10: 393216 op, 32885894.00 ns, 83.6332 ns/op
WorkloadActual  11: 393216 op, 32060847.00 ns, 81.5350 ns/op
WorkloadActual  12: 393216 op, 32431208.00 ns, 82.4768 ns/op

// AfterActualRun
WorkloadResult   1: 393216 op, 32879048.00 ns, 83.6157 ns/op
WorkloadResult   2: 393216 op, 33036997.00 ns, 84.0174 ns/op
WorkloadResult   3: 393216 op, 32684147.00 ns, 83.1201 ns/op
WorkloadResult   4: 393216 op, 32919101.00 ns, 83.7176 ns/op
WorkloadResult   5: 393216 op, 32852343.00 ns, 83.5478 ns/op
WorkloadResult   6: 393216 op, 32622530.00 ns, 82.9634 ns/op
WorkloadResult   7: 393216 op, 32441942.00 ns, 82.5041 ns/op
WorkloadResult   8: 393216 op, 32665022.00 ns, 83.0714 ns/op
WorkloadResult   9: 393216 op, 33157925.00 ns, 84.3250 ns/op
WorkloadResult  10: 393216 op, 32885674.00 ns, 83.6326 ns/op
WorkloadResult  11: 393216 op, 32060627.00 ns, 81.5344 ns/op
WorkloadResult  12: 393216 op, 32430988.00 ns, 82.4763 ns/op
// GC:  0 0 0 0 393216
// Threading:  0 0 393216

// AfterAll
// Benchmark Process 2821443 has exited with code 0.

Mean = 83.210 ns, StdErr = 0.223 ns (0.27%), N = 12, StdDev = 0.771 ns
Min = 81.534 ns, Q1 = 82.849 ns, Median = 83.334 ns, Q3 = 83.654 ns, Max = 84.325 ns
IQR = 0.805 ns, LowerFence = 81.641 ns, UpperFence = 84.862 ns
ConfidenceInterval = [82.223 ns; 84.198 ns] (CI 99.9%), Margin = 0.988 ns (1.19% of Mean)
Skewness = -0.59, Kurtosis = 2.48, MValue = 2

// ** Remained 12 (40.0%) benchmark(s) to run. Estimated finish 2026-09-12 4:26 (0h 1m from now) **
// **************************
// Benchmark: DataAuthoredQueryBenchmarks.DirectShape: Jit(IterationCount=12, IterationTime=250ms, WarmupCount=16) [Shape=TwoHundredFiftySixTracks, Pattern=Forward]
// *** Execute ***
// Launch: 1 / 1
// Execute: dotnet Alpha-Jit-1.dll --anonymousPipes 118 119 --benchmarkName "DataAuthoredQueryBenchmarks.DirectShape(Shape: TwoHundredFiftySixTracks, Pattern: Forward)" --job Jit --benchmarkId 18 in /home/i/GitHub/tl-56-feat-data-authored-api/benchmarks/Alpha/bin/Release/net10.0/Alpha-Jit-1/bin/Release/net10.0
// Failed to set up high priority (Permission denied). In order to run benchmarks with high priority, make sure you have the right permissions.
// BeforeAnythingElse

// Benchmark Process Environment Information:
// BenchmarkDotNet v0.15.8
// Runtime=.NET 10.0.12 (10.0.12, 10.0.1226.42308), X64 RyuJIT x86-64-v3
// GC=Concurrent Workstation
// HardwareIntrinsics=AVX2+BMI1+BMI2+F16C+FMA+LZCNT+MOVBE,AVX,SSE3+SSSE3+SSE4.1+SSE4.2+POPCNT,X86Base+SSE+SSE2,AES+PCLMUL,AvxVnni,SERIALIZE VectorSize=256
// Job: Jit(IterationCount=12, IterationTime=250ms, WarmupCount=16)

OverheadJitting  1: 4096 op, 106291.00 ns, 25.9500 ns/op
WorkloadJitting  1: 4096 op, 3003820.00 ns, 733.3545 ns/op

OverheadJitting  2: 65536 op, 120070.00 ns, 1.8321 ns/op
WorkloadJitting  2: 65536 op, 29754287.00 ns, 454.0144 ns/op

WorkloadPilot    1: 65536 op, 29610630.00 ns, 451.8224 ns/op
WorkloadPilot    2: 589824 op, 267279152.00 ns, 453.1507 ns/op

OverheadWarmup   1: 589824 op, 587.00 ns, 0.0010 ns/op
OverheadWarmup   2: 589824 op, 353.00 ns, 0.0006 ns/op
OverheadWarmup   3: 589824 op, 241.00 ns, 0.0004 ns/op
OverheadWarmup   4: 589824 op, 222.00 ns, 0.0004 ns/op
OverheadWarmup   5: 589824 op, 278.00 ns, 0.0005 ns/op
OverheadWarmup   6: 589824 op, 232.00 ns, 0.0004 ns/op
OverheadWarmup   7: 589824 op, 247.00 ns, 0.0004 ns/op
OverheadWarmup   8: 589824 op, 237.00 ns, 0.0004 ns/op

OverheadActual   1: 589824 op, 447.00 ns, 0.0008 ns/op
OverheadActual   2: 589824 op, 446.00 ns, 0.0008 ns/op
OverheadActual   3: 589824 op, 450.00 ns, 0.0008 ns/op
OverheadActual   4: 589824 op, 364.00 ns, 0.0006 ns/op
OverheadActual   5: 589824 op, 449.00 ns, 0.0008 ns/op
OverheadActual   6: 589824 op, 240.00 ns, 0.0004 ns/op
OverheadActual   7: 589824 op, 239.00 ns, 0.0004 ns/op
OverheadActual   8: 589824 op, 218.00 ns, 0.0004 ns/op
OverheadActual   9: 589824 op, 220.00 ns, 0.0004 ns/op
OverheadActual  10: 589824 op, 218.00 ns, 0.0004 ns/op
OverheadActual  11: 589824 op, 240.00 ns, 0.0004 ns/op
OverheadActual  12: 589824 op, 230.00 ns, 0.0004 ns/op
OverheadActual  13: 589824 op, 247.00 ns, 0.0004 ns/op
OverheadActual  14: 589824 op, 221.00 ns, 0.0004 ns/op
OverheadActual  15: 589824 op, 230.00 ns, 0.0004 ns/op
OverheadActual  16: 589824 op, 253.00 ns, 0.0004 ns/op
OverheadActual  17: 589824 op, 253.00 ns, 0.0004 ns/op
OverheadActual  18: 589824 op, 444.00 ns, 0.0008 ns/op
OverheadActual  19: 589824 op, 291.00 ns, 0.0005 ns/op
OverheadActual  20: 589824 op, 256.00 ns, 0.0004 ns/op

WorkloadWarmup   1: 589824 op, 267931383.00 ns, 454.2565 ns/op
WorkloadWarmup   2: 589824 op, 266442552.00 ns, 451.7323 ns/op
WorkloadWarmup   3: 589824 op, 268699936.00 ns, 455.5595 ns/op
WorkloadWarmup   4: 589824 op, 267148022.00 ns, 452.9284 ns/op
WorkloadWarmup   5: 589824 op, 266379533.00 ns, 451.6255 ns/op
WorkloadWarmup   6: 589824 op, 219316512.00 ns, 371.8338 ns/op
WorkloadWarmup   7: 589824 op, 197864087.00 ns, 335.4629 ns/op
WorkloadWarmup   8: 589824 op, 196480065.00 ns, 333.1164 ns/op
WorkloadWarmup   9: 589824 op, 197796635.00 ns, 335.3486 ns/op
WorkloadWarmup  10: 589824 op, 199918389.00 ns, 338.9458 ns/op
WorkloadWarmup  11: 589824 op, 199281139.00 ns, 337.8654 ns/op
WorkloadWarmup  12: 589824 op, 197732166.00 ns, 335.2393 ns/op
WorkloadWarmup  13: 589824 op, 196090295.00 ns, 332.4556 ns/op
WorkloadWarmup  14: 589824 op, 201253411.00 ns, 341.2093 ns/op
WorkloadWarmup  15: 589824 op, 196281910.00 ns, 332.7805 ns/op
WorkloadWarmup  16: 589824 op, 196714117.00 ns, 333.5132 ns/op

// BeforeActualRun
WorkloadActual   1: 589824 op, 196404987.00 ns, 332.9891 ns/op
WorkloadActual   2: 589824 op, 200135515.00 ns, 339.3140 ns/op
WorkloadActual   3: 589824 op, 196952457.00 ns, 333.9173 ns/op
WorkloadActual   4: 589824 op, 197554791.00 ns, 334.9385 ns/op
WorkloadActual   5: 589824 op, 197858748.00 ns, 335.4539 ns/op
WorkloadActual   6: 589824 op, 197860283.00 ns, 335.4565 ns/op
WorkloadActual   7: 589824 op, 194610441.00 ns, 329.9466 ns/op
WorkloadActual   8: 589824 op, 196235337.00 ns, 332.7015 ns/op
WorkloadActual   9: 589824 op, 215695125.00 ns, 365.6940 ns/op
WorkloadActual  10: 589824 op, 197718229.00 ns, 335.2156 ns/op
WorkloadActual  11: 589824 op, 197006800.00 ns, 334.0095 ns/op
WorkloadActual  12: 589824 op, 197439538.00 ns, 334.7431 ns/op

// AfterActualRun
WorkloadResult   1: 589824 op, 196404737.00 ns, 332.9887 ns/op
WorkloadResult   2: 589824 op, 196952207.00 ns, 333.9169 ns/op
WorkloadResult   3: 589824 op, 197554541.00 ns, 334.9381 ns/op
WorkloadResult   4: 589824 op, 197858498.00 ns, 335.4535 ns/op
WorkloadResult   5: 589824 op, 197860033.00 ns, 335.4561 ns/op
WorkloadResult   6: 589824 op, 194610191.00 ns, 329.9462 ns/op
WorkloadResult   7: 589824 op, 196235087.00 ns, 332.7011 ns/op
WorkloadResult   8: 589824 op, 197717979.00 ns, 335.2152 ns/op
WorkloadResult   9: 589824 op, 197006550.00 ns, 334.0090 ns/op
WorkloadResult  10: 589824 op, 197439288.00 ns, 334.7427 ns/op
// GC:  0 0 0 0 589824
// Threading:  0 0 589824

// AfterAll
// Benchmark Process 2824404 has exited with code 0.

Mean = 333.937 ns, StdErr = 0.540 ns (0.16%), N = 10, StdDev = 1.708 ns
Min = 329.946 ns, Q1 = 333.221 ns, Median = 334.376 ns, Q3 = 335.146 ns, Max = 335.456 ns
IQR = 1.925 ns, LowerFence = 330.333 ns, UpperFence = 338.034 ns
ConfidenceInterval = [331.355 ns; 336.519 ns] (CI 99.9%), Margin = 2.582 ns (0.77% of Mean)
Skewness = -1.12, Kurtosis = 3.19, MValue = 2

// ** Remained 11 (36.7%) benchmark(s) to run. Estimated finish 2026-09-12 4:26 (0h 1m from now) **
// **************************
// Benchmark: DataAuthoredQueryBenchmarks.GeneratedShape: Jit(IterationCount=12, IterationTime=250ms, WarmupCount=16) [Shape=TwoHundredFiftySixTracks, Pattern=Forward]
// *** Execute ***
// Launch: 1 / 1
// Execute: dotnet Alpha-Jit-1.dll --anonymousPipes 118 119 --benchmarkName "DataAuthoredQueryBenchmarks.GeneratedShape(Shape: TwoHundredFiftySixTracks, Pattern: Forward)" --job Jit --benchmarkId 19 in /home/i/GitHub/tl-56-feat-data-authored-api/benchmarks/Alpha/bin/Release/net10.0/Alpha-Jit-1/bin/Release/net10.0
// Failed to set up high priority (Permission denied). In order to run benchmarks with high priority, make sure you have the right permissions.
// BeforeAnythingElse

// Benchmark Process Environment Information:
// BenchmarkDotNet v0.15.8
// Runtime=.NET 10.0.12 (10.0.12, 10.0.1226.42308), X64 RyuJIT x86-64-v3
// GC=Concurrent Workstation
// HardwareIntrinsics=AVX2+BMI1+BMI2+F16C+FMA+LZCNT+MOVBE,AVX,SSE3+SSSE3+SSE4.1+SSE4.2+POPCNT,X86Base+SSE+SSE2,AES+PCLMUL,AvxVnni,SERIALIZE VectorSize=256
// Job: Jit(IterationCount=12, IterationTime=250ms, WarmupCount=16)

OverheadJitting  1: 4096 op, 107767.00 ns, 26.3103 ns/op
WorkloadJitting  1: 4096 op, 166971653.00 ns, 40.7646 us/op

OverheadJitting  2: 4096 op, 253.00 ns, 0.0618 ns/op
WorkloadJitting  2: 4096 op, 168355811.00 ns, 41.1025 us/op

WorkloadWarmup   1: 4096 op, 166473465.00 ns, 40.6429 us/op
WorkloadWarmup   2: 4096 op, 168766780.00 ns, 41.2028 us/op
WorkloadWarmup   3: 4096 op, 168112338.00 ns, 41.0431 us/op
WorkloadWarmup   4: 4096 op, 165898080.00 ns, 40.5025 us/op
WorkloadWarmup   5: 4096 op, 165246889.00 ns, 40.3435 us/op
WorkloadWarmup   6: 4096 op, 168399337.00 ns, 41.1131 us/op
WorkloadWarmup   7: 4096 op, 166255704.00 ns, 40.5898 us/op
WorkloadWarmup   8: 4096 op, 167470824.00 ns, 40.8864 us/op
WorkloadWarmup   9: 4096 op, 156216620.00 ns, 38.1388 us/op
WorkloadWarmup  10: 4096 op, 136288003.00 ns, 33.2734 us/op
WorkloadWarmup  11: 4096 op, 137137987.00 ns, 33.4810 us/op
WorkloadWarmup  12: 4096 op, 136010478.00 ns, 33.2057 us/op
WorkloadWarmup  13: 4096 op, 136211785.00 ns, 33.2548 us/op
WorkloadWarmup  14: 4096 op, 134740938.00 ns, 32.8957 us/op
WorkloadWarmup  15: 4096 op, 137067834.00 ns, 33.4638 us/op
WorkloadWarmup  16: 4096 op, 134800371.00 ns, 32.9102 us/op

// BeforeActualRun
WorkloadActual   1: 4096 op, 132911152.00 ns, 32.4490 us/op
WorkloadActual   2: 4096 op, 134902414.00 ns, 32.9352 us/op
WorkloadActual   3: 4096 op, 135649411.00 ns, 33.1175 us/op
WorkloadActual   4: 4096 op, 134309652.00 ns, 32.7904 us/op
WorkloadActual   5: 4096 op, 134317786.00 ns, 32.7924 us/op
WorkloadActual   6: 4096 op, 135927810.00 ns, 33.1855 us/op
WorkloadActual   7: 4096 op, 135846866.00 ns, 33.1657 us/op
WorkloadActual   8: 4096 op, 135430830.00 ns, 33.0642 us/op
WorkloadActual   9: 4096 op, 134223063.00 ns, 32.7693 us/op
WorkloadActual  10: 4096 op, 135119607.00 ns, 32.9882 us/op
WorkloadActual  11: 4096 op, 135756470.00 ns, 33.1437 us/op
WorkloadActual  12: 4096 op, 135823476.00 ns, 33.1600 us/op

// AfterActualRun
WorkloadResult   1: 4096 op, 132911152.00 ns, 32.4490 us/op
WorkloadResult   2: 4096 op, 134902414.00 ns, 32.9352 us/op
WorkloadResult   3: 4096 op, 135649411.00 ns, 33.1175 us/op
WorkloadResult   4: 4096 op, 134309652.00 ns, 32.7904 us/op
WorkloadResult   5: 4096 op, 134317786.00 ns, 32.7924 us/op
WorkloadResult   6: 4096 op, 135927810.00 ns, 33.1855 us/op
WorkloadResult   7: 4096 op, 135846866.00 ns, 33.1657 us/op
WorkloadResult   8: 4096 op, 135430830.00 ns, 33.0642 us/op
WorkloadResult   9: 4096 op, 134223063.00 ns, 32.7693 us/op
WorkloadResult  10: 4096 op, 135119607.00 ns, 32.9882 us/op
WorkloadResult  11: 4096 op, 135756470.00 ns, 33.1437 us/op
WorkloadResult  12: 4096 op, 135823476.00 ns, 33.1600 us/op
// GC:  0 0 0 0 4096
// Threading:  0 0 4096

// AfterAll
// Benchmark Process 2831732 has exited with code 0.

Mean = 32.963 us, StdErr = 0.065 us (0.20%), N = 12, StdDev = 0.225 us
Min = 32.449 us, Q1 = 32.792 us, Median = 33.026 us, Q3 = 33.148 us, Max = 33.186 us
IQR = 0.356 us, LowerFence = 32.258 us, UpperFence = 33.682 us
ConfidenceInterval = [32.675 us; 33.252 us] (CI 99.9%), Margin = 0.289 us (0.88% of Mean)
Skewness = -0.85, Kurtosis = 2.61, MValue = 2

// ** Remained 10 (33.3%) benchmark(s) to run. Estimated finish 2026-09-12 4:26 (0h 0m from now) **
// **************************
// Benchmark: DataAuthoredQueryBenchmarks.DataAuthoredFacade: Jit(IterationCount=12, IterationTime=250ms, WarmupCount=16) [Shape=TwoHundredFiftySixTracks, Pattern=Forward]
// *** Execute ***
// Launch: 1 / 1
// Execute: dotnet Alpha-Jit-1.dll --anonymousPipes 118 119 --benchmarkName "DataAuthoredQueryBenchmarks.DataAuthoredFacade(Shape: TwoHundredFiftySixTracks, Pattern: Forward)" --job Jit --benchmarkId 20 in /home/i/GitHub/tl-56-feat-data-authored-api/benchmarks/Alpha/bin/Release/net10.0/Alpha-Jit-1/bin/Release/net10.0
// Failed to set up high priority (Permission denied). In order to run benchmarks with high priority, make sure you have the right permissions.
// BeforeAnythingElse

// Benchmark Process Environment Information:
// BenchmarkDotNet v0.15.8
// Runtime=.NET 10.0.12 (10.0.12, 10.0.1226.42308), X64 RyuJIT x86-64-v3
// GC=Concurrent Workstation
// HardwareIntrinsics=AVX2+BMI1+BMI2+F16C+FMA+LZCNT+MOVBE,AVX,SSE3+SSSE3+SSE4.1+SSE4.2+POPCNT,X86Base+SSE+SSE2,AES+PCLMUL,AvxVnni,SERIALIZE VectorSize=256
// Job: Jit(IterationCount=12, IterationTime=250ms, WarmupCount=16)

OverheadJitting  1: 4096 op, 111072.00 ns, 27.1172 ns/op
WorkloadJitting  1: 4096 op, 42817272.00 ns, 10.4534 us/op

WorkloadPilot    1: 16384 op, 207134856.00 ns, 12.6425 us/op

WorkloadWarmup   1: 16384 op, 212959846.00 ns, 12.9980 us/op
WorkloadWarmup   2: 16384 op, 212462467.00 ns, 12.9677 us/op
WorkloadWarmup   3: 16384 op, 210638193.00 ns, 12.8563 us/op
WorkloadWarmup   4: 16384 op, 211756852.00 ns, 12.9246 us/op
WorkloadWarmup   5: 16384 op, 210245582.00 ns, 12.8324 us/op
WorkloadWarmup   6: 16384 op, 210721188.00 ns, 12.8614 us/op
WorkloadWarmup   7: 16384 op, 191863335.00 ns, 11.7104 us/op
WorkloadWarmup   8: 16384 op, 19435695.00 ns, 1.1863 us/op
WorkloadWarmup   9: 16384 op, 20550252.00 ns, 1.2543 us/op
WorkloadWarmup  10: 16384 op, 20205697.00 ns, 1.2333 us/op
WorkloadWarmup  11: 16384 op, 22016803.00 ns, 1.3438 us/op
WorkloadWarmup  12: 16384 op, 20797098.00 ns, 1.2694 us/op
WorkloadWarmup  13: 16384 op, 19897360.00 ns, 1.2144 us/op
WorkloadWarmup  14: 16384 op, 19828584.00 ns, 1.2102 us/op
WorkloadWarmup  15: 16384 op, 19566484.00 ns, 1.1942 us/op
WorkloadWarmup  16: 16384 op, 19601461.00 ns, 1.1964 us/op

// BeforeActualRun
WorkloadActual   1: 16384 op, 19922648.00 ns, 1.2160 us/op
WorkloadActual   2: 16384 op, 19951492.00 ns, 1.2177 us/op
WorkloadActual   3: 16384 op, 19826569.00 ns, 1.2101 us/op
WorkloadActual   4: 16384 op, 19612396.00 ns, 1.1970 us/op
WorkloadActual   5: 16384 op, 19685134.00 ns, 1.2015 us/op
WorkloadActual   6: 16384 op, 19953471.00 ns, 1.2179 us/op
WorkloadActual   7: 16384 op, 20156871.00 ns, 1.2303 us/op
WorkloadActual   8: 16384 op, 19576175.00 ns, 1.1948 us/op
WorkloadActual   9: 16384 op, 19697134.00 ns, 1.2022 us/op
WorkloadActual  10: 16384 op, 19789393.00 ns, 1.2078 us/op
WorkloadActual  11: 16384 op, 19679631.00 ns, 1.2011 us/op
WorkloadActual  12: 16384 op, 19819527.00 ns, 1.2097 us/op

// AfterActualRun
WorkloadResult   1: 16384 op, 19922648.00 ns, 1.2160 us/op
WorkloadResult   2: 16384 op, 19951492.00 ns, 1.2177 us/op
WorkloadResult   3: 16384 op, 19826569.00 ns, 1.2101 us/op
WorkloadResult   4: 16384 op, 19612396.00 ns, 1.1970 us/op
WorkloadResult   5: 16384 op, 19685134.00 ns, 1.2015 us/op
WorkloadResult   6: 16384 op, 19953471.00 ns, 1.2179 us/op
WorkloadResult   7: 16384 op, 20156871.00 ns, 1.2303 us/op
WorkloadResult   8: 16384 op, 19576175.00 ns, 1.1948 us/op
WorkloadResult   9: 16384 op, 19697134.00 ns, 1.2022 us/op
WorkloadResult  10: 16384 op, 19789393.00 ns, 1.2078 us/op
WorkloadResult  11: 16384 op, 19679631.00 ns, 1.2011 us/op
WorkloadResult  12: 16384 op, 19819527.00 ns, 1.2097 us/op
// GC:  0 0 0 0 16384
// Threading:  0 0 16384

// AfterAll
// Benchmark Process 2836988 has exited with code 0.

Mean = 1.209 us, StdErr = 0.003 us (0.25%), N = 12, StdDev = 0.010 us
Min = 1.195 us, Q1 = 1.201 us, Median = 1.209 us, Q3 = 1.216 us, Max = 1.230 us
IQR = 0.015 us, LowerFence = 1.179 us, UpperFence = 1.239 us
ConfidenceInterval = [1.196 us; 1.222 us] (CI 99.9%), Margin = 0.013 us (1.09% of Mean)
Skewness = 0.46, Kurtosis = 2.17, MValue = 2

// ** Remained 9 (30.0%) benchmark(s) to run. Estimated finish 2026-09-12 4:26 (0h 0m from now) **
// **************************
// Benchmark: DataAuthoredQueryBenchmarks.DirectShape: Jit(IterationCount=12, IterationTime=250ms, WarmupCount=16) [Shape=TwoHundredFiftySixTracks, Pattern=Alternating]
// *** Execute ***
// Launch: 1 / 1
// Execute: dotnet Alpha-Jit-1.dll --anonymousPipes 118 119 --benchmarkName "DataAuthoredQueryBenchmarks.DirectShape(Shape: TwoHundredFiftySixTracks, Pattern: Alternating)" --job Jit --benchmarkId 21 in /home/i/GitHub/tl-56-feat-data-authored-api/benchmarks/Alpha/bin/Release/net10.0/Alpha-Jit-1/bin/Release/net10.0
// Failed to set up high priority (Permission denied). In order to run benchmarks with high priority, make sure you have the right permissions.
// BeforeAnythingElse

// Benchmark Process Environment Information:
// BenchmarkDotNet v0.15.8
// Runtime=.NET 10.0.12 (10.0.12, 10.0.1226.42308), X64 RyuJIT x86-64-v3
// GC=Concurrent Workstation
// HardwareIntrinsics=AVX2+BMI1+BMI2+F16C+FMA+LZCNT+MOVBE,AVX,SSE3+SSSE3+SSE4.1+SSE4.2+POPCNT,X86Base+SSE+SSE2,AES+PCLMUL,AvxVnni,SERIALIZE VectorSize=256
// Job: Jit(IterationCount=12, IterationTime=250ms, WarmupCount=16)

OverheadJitting  1: 4096 op, 110421.00 ns, 26.9583 ns/op
WorkloadJitting  1: 4096 op, 2741247.00 ns, 669.2498 ns/op

OverheadJitting  2: 65536 op, 136989.00 ns, 2.0903 ns/op
WorkloadJitting  2: 65536 op, 29578961.00 ns, 451.3391 ns/op

WorkloadPilot    1: 65536 op, 29370199.00 ns, 448.1537 ns/op
WorkloadPilot    2: 589824 op, 267026678.00 ns, 452.7226 ns/op

OverheadWarmup   1: 589824 op, 759.00 ns, 0.0013 ns/op
OverheadWarmup   2: 589824 op, 406.00 ns, 0.0007 ns/op
OverheadWarmup   3: 589824 op, 286.00 ns, 0.0005 ns/op
OverheadWarmup   4: 589824 op, 252.00 ns, 0.0004 ns/op
OverheadWarmup   5: 589824 op, 331.00 ns, 0.0006 ns/op
OverheadWarmup   6: 589824 op, 300.00 ns, 0.0005 ns/op
OverheadWarmup   7: 589824 op, 295.00 ns, 0.0005 ns/op
OverheadWarmup   8: 589824 op, 294.00 ns, 0.0005 ns/op
OverheadWarmup   9: 589824 op, 273.00 ns, 0.0005 ns/op
OverheadWarmup  10: 589824 op, 283.00 ns, 0.0005 ns/op

OverheadActual   1: 589824 op, 504.00 ns, 0.0009 ns/op
OverheadActual   2: 589824 op, 486.00 ns, 0.0008 ns/op
OverheadActual   3: 589824 op, 494.00 ns, 0.0008 ns/op
OverheadActual   4: 589824 op, 353.00 ns, 0.0006 ns/op
OverheadActual   5: 589824 op, 481.00 ns, 0.0008 ns/op
OverheadActual   6: 589824 op, 271.00 ns, 0.0005 ns/op
OverheadActual   7: 589824 op, 254.00 ns, 0.0004 ns/op
OverheadActual   8: 589824 op, 240.00 ns, 0.0004 ns/op
OverheadActual   9: 589824 op, 270.00 ns, 0.0005 ns/op
OverheadActual  10: 589824 op, 229.00 ns, 0.0004 ns/op
OverheadActual  11: 589824 op, 237.00 ns, 0.0004 ns/op
OverheadActual  12: 589824 op, 256.00 ns, 0.0004 ns/op
OverheadActual  13: 589824 op, 277.00 ns, 0.0005 ns/op
OverheadActual  14: 589824 op, 256.00 ns, 0.0004 ns/op
OverheadActual  15: 589824 op, 258.00 ns, 0.0004 ns/op
OverheadActual  16: 589824 op, 244.00 ns, 0.0004 ns/op
OverheadActual  17: 589824 op, 263.00 ns, 0.0004 ns/op
OverheadActual  18: 589824 op, 469.00 ns, 0.0008 ns/op
OverheadActual  19: 589824 op, 315.00 ns, 0.0005 ns/op
OverheadActual  20: 589824 op, 265.00 ns, 0.0004 ns/op

WorkloadWarmup   1: 589824 op, 269829264.00 ns, 457.4742 ns/op
WorkloadWarmup   2: 589824 op, 268464208.00 ns, 455.1599 ns/op
WorkloadWarmup   3: 589824 op, 269994028.00 ns, 457.7535 ns/op
WorkloadWarmup   4: 589824 op, 267767857.00 ns, 453.9792 ns/op
WorkloadWarmup   5: 589824 op, 270405954.00 ns, 458.4519 ns/op
WorkloadWarmup   6: 589824 op, 220745870.00 ns, 374.2572 ns/op
WorkloadWarmup   7: 589824 op, 199172152.00 ns, 337.6807 ns/op
WorkloadWarmup   8: 589824 op, 199541293.00 ns, 338.3065 ns/op
WorkloadWarmup   9: 589824 op, 200225520.00 ns, 339.4666 ns/op
WorkloadWarmup  10: 589824 op, 202234907.00 ns, 342.8733 ns/op
WorkloadWarmup  11: 589824 op, 200913553.00 ns, 340.6331 ns/op
WorkloadWarmup  12: 589824 op, 199200918.00 ns, 337.7294 ns/op
WorkloadWarmup  13: 589824 op, 199119492.00 ns, 337.5914 ns/op
WorkloadWarmup  14: 589824 op, 201774068.00 ns, 342.0920 ns/op
WorkloadWarmup  15: 589824 op, 197254219.00 ns, 334.4289 ns/op
WorkloadWarmup  16: 589824 op, 199106832.00 ns, 337.5699 ns/op

// BeforeActualRun
WorkloadActual   1: 589824 op, 203848076.00 ns, 345.6083 ns/op
WorkloadActual   2: 589824 op, 200349495.00 ns, 339.6767 ns/op
WorkloadActual   3: 589824 op, 197341134.00 ns, 334.5763 ns/op
WorkloadActual   4: 589824 op, 196275696.00 ns, 332.7699 ns/op
WorkloadActual   5: 589824 op, 200315739.00 ns, 339.6195 ns/op
WorkloadActual   6: 589824 op, 199966006.00 ns, 339.0266 ns/op
WorkloadActual   7: 589824 op, 199884032.00 ns, 338.8876 ns/op
WorkloadActual   8: 589824 op, 199811765.00 ns, 338.7651 ns/op
WorkloadActual   9: 589824 op, 219573358.00 ns, 372.2693 ns/op
WorkloadActual  10: 589824 op, 198201724.00 ns, 336.0354 ns/op
WorkloadActual  11: 589824 op, 198926729.00 ns, 337.2646 ns/op
WorkloadActual  12: 589824 op, 199297623.00 ns, 337.8934 ns/op

// AfterActualRun
WorkloadResult   1: 589824 op, 200349227.50 ns, 339.6763 ns/op
WorkloadResult   2: 589824 op, 197340866.50 ns, 334.5759 ns/op
WorkloadResult   3: 589824 op, 196275428.50 ns, 332.7695 ns/op
WorkloadResult   4: 589824 op, 200315471.50 ns, 339.6191 ns/op
WorkloadResult   5: 589824 op, 199965738.50 ns, 339.0261 ns/op
WorkloadResult   6: 589824 op, 199883764.50 ns, 338.8871 ns/op
WorkloadResult   7: 589824 op, 199811497.50 ns, 338.7646 ns/op
WorkloadResult   8: 589824 op, 198201456.50 ns, 336.0349 ns/op
WorkloadResult   9: 589824 op, 198926461.50 ns, 337.2641 ns/op
WorkloadResult  10: 589824 op, 199297355.50 ns, 337.8929 ns/op
// GC:  0 0 0 0 589824
// Threading:  0 0 589824

// AfterAll
// Benchmark Process 2839739 has exited with code 0.

Mean = 337.451 ns, StdErr = 0.733 ns (0.22%), N = 10, StdDev = 2.318 ns
Min = 332.769 ns, Q1 = 336.342 ns, Median = 338.329 ns, Q3 = 338.991 ns, Max = 339.676 ns
IQR = 2.649 ns, LowerFence = 332.368 ns, UpperFence = 342.965 ns
ConfidenceInterval = [333.947 ns; 340.955 ns] (CI 99.9%), Margin = 3.504 ns (1.04% of Mean)
Skewness = -0.79, Kurtosis = 2.12, MValue = 2

// ** Remained 8 (26.7%) benchmark(s) to run. Estimated finish 2026-09-12 4:26 (0h 0m from now) **
// **************************
// Benchmark: DataAuthoredQueryBenchmarks.GeneratedShape: Jit(IterationCount=12, IterationTime=250ms, WarmupCount=16) [Shape=TwoHundredFiftySixTracks, Pattern=Alternating]
// *** Execute ***
// Launch: 1 / 1
// Execute: dotnet Alpha-Jit-1.dll --anonymousPipes 120 121 --benchmarkName "DataAuthoredQueryBenchmarks.GeneratedShape(Shape: TwoHundredFiftySixTracks, Pattern: Alternating)" --job Jit --benchmarkId 22 in /home/i/GitHub/tl-56-feat-data-authored-api/benchmarks/Alpha/bin/Release/net10.0/Alpha-Jit-1/bin/Release/net10.0
// Failed to set up high priority (Permission denied). In order to run benchmarks with high priority, make sure you have the right permissions.
// BeforeAnythingElse

// Benchmark Process Environment Information:
// BenchmarkDotNet v0.15.8
// Runtime=.NET 10.0.12 (10.0.12, 10.0.1226.42308), X64 RyuJIT x86-64-v3
// GC=Concurrent Workstation
// HardwareIntrinsics=AVX2+BMI1+BMI2+F16C+FMA+LZCNT+MOVBE,AVX,SSE3+SSSE3+SSE4.1+SSE4.2+POPCNT,X86Base+SSE+SSE2,AES+PCLMUL,AvxVnni,SERIALIZE VectorSize=256
// Job: Jit(IterationCount=12, IterationTime=250ms, WarmupCount=16)

OverheadJitting  1: 4096 op, 105632.00 ns, 25.7891 ns/op
WorkloadJitting  1: 4096 op, 166792950.00 ns, 40.7209 us/op

OverheadJitting  2: 4096 op, 110.00 ns, 0.0269 ns/op
WorkloadJitting  2: 4096 op, 169334624.00 ns, 41.3415 us/op

WorkloadWarmup   1: 4096 op, 168555583.00 ns, 41.1513 us/op
WorkloadWarmup   2: 4096 op, 170042417.00 ns, 41.5143 us/op
WorkloadWarmup   3: 4096 op, 169338581.00 ns, 41.3424 us/op
WorkloadWarmup   4: 4096 op, 168937829.00 ns, 41.2446 us/op
WorkloadWarmup   5: 4096 op, 167649077.00 ns, 40.9300 us/op
WorkloadWarmup   6: 4096 op, 168259760.00 ns, 41.0790 us/op
WorkloadWarmup   7: 4096 op, 169635540.00 ns, 41.4149 us/op
WorkloadWarmup   8: 4096 op, 169857360.00 ns, 41.4691 us/op
WorkloadWarmup   9: 4096 op, 171913219.00 ns, 41.9710 us/op
WorkloadWarmup  10: 4096 op, 139883785.00 ns, 34.1513 us/op
WorkloadWarmup  11: 4096 op, 139636645.00 ns, 34.0910 us/op
WorkloadWarmup  12: 4096 op, 139952238.00 ns, 34.1680 us/op
WorkloadWarmup  13: 4096 op, 140780464.00 ns, 34.3702 us/op
WorkloadWarmup  14: 4096 op, 140124948.00 ns, 34.2102 us/op
WorkloadWarmup  15: 4096 op, 140716133.00 ns, 34.3545 us/op
WorkloadWarmup  16: 4096 op, 140630855.00 ns, 34.3337 us/op

// BeforeActualRun
WorkloadActual   1: 4096 op, 139678161.00 ns, 34.1011 us/op
WorkloadActual   2: 4096 op, 139152065.00 ns, 33.9727 us/op
WorkloadActual   3: 4096 op, 139279246.00 ns, 34.0037 us/op
WorkloadActual   4: 4096 op, 139626031.00 ns, 34.0884 us/op
WorkloadActual   5: 4096 op, 138838234.00 ns, 33.8961 us/op
WorkloadActual   6: 4096 op, 140262585.00 ns, 34.2438 us/op
WorkloadActual   7: 4096 op, 140342273.00 ns, 34.2633 us/op
WorkloadActual   8: 4096 op, 139146602.00 ns, 33.9713 us/op
WorkloadActual   9: 4096 op, 139075602.00 ns, 33.9540 us/op
WorkloadActual  10: 4096 op, 138673864.00 ns, 33.8559 us/op
WorkloadActual  11: 4096 op, 139796620.00 ns, 34.1300 us/op
WorkloadActual  12: 4096 op, 139487427.00 ns, 34.0545 us/op

// AfterActualRun
WorkloadResult   1: 4096 op, 139678161.00 ns, 34.1011 us/op
WorkloadResult   2: 4096 op, 139152065.00 ns, 33.9727 us/op
WorkloadResult   3: 4096 op, 139279246.00 ns, 34.0037 us/op
WorkloadResult   4: 4096 op, 139626031.00 ns, 34.0884 us/op
WorkloadResult   5: 4096 op, 138838234.00 ns, 33.8961 us/op
WorkloadResult   6: 4096 op, 140262585.00 ns, 34.2438 us/op
WorkloadResult   7: 4096 op, 140342273.00 ns, 34.2633 us/op
WorkloadResult   8: 4096 op, 139146602.00 ns, 33.9713 us/op
WorkloadResult   9: 4096 op, 139075602.00 ns, 33.9540 us/op
WorkloadResult  10: 4096 op, 138673864.00 ns, 33.8559 us/op
WorkloadResult  11: 4096 op, 139796620.00 ns, 34.1300 us/op
WorkloadResult  12: 4096 op, 139487427.00 ns, 34.0545 us/op
// GC:  0 0 0 0 4096
// Threading:  0 0 4096

// AfterAll
// Benchmark Process 2847197 has exited with code 0.

Mean = 34.045 us, StdErr = 0.037 us (0.11%), N = 12, StdDev = 0.127 us
Min = 33.856 us, Q1 = 33.967 us, Median = 34.029 us, Q3 = 34.108 us, Max = 34.263 us
IQR = 0.141 us, LowerFence = 33.755 us, UpperFence = 34.320 us
ConfidenceInterval = [33.882 us; 34.208 us] (CI 99.9%), Margin = 0.163 us (0.48% of Mean)
Skewness = 0.31, Kurtosis = 1.85, MValue = 2

// ** Remained 7 (23.3%) benchmark(s) to run. Estimated finish 2026-09-12 4:26 (0h 0m from now) **
// **************************
// Benchmark: DataAuthoredQueryBenchmarks.DataAuthoredFacade: Jit(IterationCount=12, IterationTime=250ms, WarmupCount=16) [Shape=TwoHundredFiftySixTracks, Pattern=Alternating]
// *** Execute ***
// Launch: 1 / 1
// Execute: dotnet Alpha-Jit-1.dll --anonymousPipes 118 119 --benchmarkName "DataAuthoredQueryBenchmarks.DataAuthoredFacade(Shape: TwoHundredFiftySixTracks, Pattern: Alternating)" --job Jit --benchmarkId 23 in /home/i/GitHub/tl-56-feat-data-authored-api/benchmarks/Alpha/bin/Release/net10.0/Alpha-Jit-1/bin/Release/net10.0
// Failed to set up high priority (Permission denied). In order to run benchmarks with high priority, make sure you have the right permissions.
// BeforeAnythingElse

// Benchmark Process Environment Information:
// BenchmarkDotNet v0.15.8
// Runtime=.NET 10.0.12 (10.0.12, 10.0.1226.42308), X64 RyuJIT x86-64-v3
// GC=Concurrent Workstation
// HardwareIntrinsics=AVX2+BMI1+BMI2+F16C+FMA+LZCNT+MOVBE,AVX,SSE3+SSSE3+SSE4.1+SSE4.2+POPCNT,X86Base+SSE+SSE2,AES+PCLMUL,AvxVnni,SERIALIZE VectorSize=256
// Job: Jit(IterationCount=12, IterationTime=250ms, WarmupCount=16)

OverheadJitting  1: 4096 op, 110846.00 ns, 27.0620 ns/op
WorkloadJitting  1: 4096 op, 43240988.00 ns, 10.5569 us/op

WorkloadPilot    1: 16384 op, 173602374.00 ns, 10.5958 us/op
WorkloadPilot    2: 24576 op, 258749834.00 ns, 10.5286 us/op

WorkloadWarmup   1: 24576 op, 260332237.00 ns, 10.5929 us/op
WorkloadWarmup   2: 24576 op, 260446055.00 ns, 10.5976 us/op
WorkloadWarmup   3: 24576 op, 257289241.00 ns, 10.4691 us/op
WorkloadWarmup   4: 24576 op, 258771745.00 ns, 10.5294 us/op
WorkloadWarmup   5: 24576 op, 208345695.00 ns, 8.4776 us/op
WorkloadWarmup   6: 24576 op, 30083832.00 ns, 1.2241 us/op
WorkloadWarmup   7: 24576 op, 31038384.00 ns, 1.2630 us/op
WorkloadWarmup   8: 24576 op, 30304953.00 ns, 1.2331 us/op
WorkloadWarmup   9: 24576 op, 32232461.00 ns, 1.3115 us/op
WorkloadWarmup  10: 24576 op, 32179777.00 ns, 1.3094 us/op
WorkloadWarmup  11: 24576 op, 31626734.00 ns, 1.2869 us/op
WorkloadWarmup  12: 24576 op, 30266607.00 ns, 1.2316 us/op
WorkloadWarmup  13: 24576 op, 32952764.00 ns, 1.3409 us/op
WorkloadWarmup  14: 24576 op, 30072613.00 ns, 1.2237 us/op
WorkloadWarmup  15: 24576 op, 30031158.00 ns, 1.2220 us/op
WorkloadWarmup  16: 24576 op, 30084540.00 ns, 1.2241 us/op

// BeforeActualRun
WorkloadActual   1: 24576 op, 30032747.00 ns, 1.2220 us/op
WorkloadActual   2: 24576 op, 30042286.00 ns, 1.2224 us/op
WorkloadActual   3: 24576 op, 29775288.00 ns, 1.2116 us/op
WorkloadActual   4: 24576 op, 29969260.00 ns, 1.2195 us/op
WorkloadActual   5: 24576 op, 30156242.00 ns, 1.2271 us/op
WorkloadActual   6: 24576 op, 30275662.00 ns, 1.2319 us/op
WorkloadActual   7: 24576 op, 30165653.00 ns, 1.2274 us/op
WorkloadActual   8: 24576 op, 29869481.00 ns, 1.2154 us/op
WorkloadActual   9: 24576 op, 30112893.00 ns, 1.2253 us/op
WorkloadActual  10: 24576 op, 30212154.00 ns, 1.2293 us/op
WorkloadActual  11: 24576 op, 30341765.00 ns, 1.2346 us/op
WorkloadActual  12: 24576 op, 30291436.00 ns, 1.2326 us/op

// AfterActualRun
WorkloadResult   1: 24576 op, 30032747.00 ns, 1.2220 us/op
WorkloadResult   2: 24576 op, 30042286.00 ns, 1.2224 us/op
WorkloadResult   3: 24576 op, 29775288.00 ns, 1.2116 us/op
WorkloadResult   4: 24576 op, 29969260.00 ns, 1.2195 us/op
WorkloadResult   5: 24576 op, 30156242.00 ns, 1.2271 us/op
WorkloadResult   6: 24576 op, 30275662.00 ns, 1.2319 us/op
WorkloadResult   7: 24576 op, 30165653.00 ns, 1.2274 us/op
WorkloadResult   8: 24576 op, 29869481.00 ns, 1.2154 us/op
WorkloadResult   9: 24576 op, 30112893.00 ns, 1.2253 us/op
WorkloadResult  10: 24576 op, 30212154.00 ns, 1.2293 us/op
WorkloadResult  11: 24576 op, 30341765.00 ns, 1.2346 us/op
WorkloadResult  12: 24576 op, 30291436.00 ns, 1.2326 us/op
// GC:  0 0 0 0 24576
// Threading:  0 0 24576

// AfterAll
// Benchmark Process 2852506 has exited with code 0.

Mean = 1.225 us, StdErr = 0.002 us (0.17%), N = 12, StdDev = 0.007 us
Min = 1.212 us, Q1 = 1.221 us, Median = 1.226 us, Q3 = 1.230 us, Max = 1.235 us
IQR = 0.009 us, LowerFence = 1.209 us, UpperFence = 1.243 us
ConfidenceInterval = [1.216 us; 1.234 us] (CI 99.9%), Margin = 0.009 us (0.74% of Mean)
Skewness = -0.39, Kurtosis = 1.9, MValue = 2

// ** Remained 6 (20.0%) benchmark(s) to run. Estimated finish 2026-09-12 4:26 (0h 0m from now) **
// **************************
// Benchmark: DataAuthoredQueryBenchmarks.DirectShape: Jit(IterationCount=12, IterationTime=250ms, WarmupCount=16) [Shape=Blend, Pattern=Forward]
// *** Execute ***
// Launch: 1 / 1
// Execute: dotnet Alpha-Jit-1.dll --anonymousPipes 118 119 --benchmarkName "DataAuthoredQueryBenchmarks.DirectShape(Shape: Blend, Pattern: Forward)" --job Jit --benchmarkId 24 in /home/i/GitHub/tl-56-feat-data-authored-api/benchmarks/Alpha/bin/Release/net10.0/Alpha-Jit-1/bin/Release/net10.0
// Failed to set up high priority (Permission denied). In order to run benchmarks with high priority, make sure you have the right permissions.
// BeforeAnythingElse

// Benchmark Process Environment Information:
// BenchmarkDotNet v0.15.8
// Runtime=.NET 10.0.12 (10.0.12, 10.0.1226.42308), X64 RyuJIT x86-64-v3
// GC=Concurrent Workstation
// HardwareIntrinsics=AVX2+BMI1+BMI2+F16C+FMA+LZCNT+MOVBE,AVX,SSE3+SSSE3+SSE4.1+SSE4.2+POPCNT,X86Base+SSE+SSE2,AES+PCLMUL,AvxVnni,SERIALIZE VectorSize=256
// Job: Jit(IterationCount=12, IterationTime=250ms, WarmupCount=16)

OverheadJitting  1: 4096 op, 102772.00 ns, 25.0908 ns/op
WorkloadJitting  1: 4096 op, 1410847.00 ns, 344.4451 ns/op

OverheadJitting  2: 65536 op, 122076.00 ns, 1.8627 ns/op
WorkloadJitting  2: 65536 op, 398829.00 ns, 6.0856 ns/op

WorkloadPilot    1: 65536 op, 256571.00 ns, 3.9150 ns/op
WorkloadPilot    2: 63897600 op, 194526911.00 ns, 3.0444 ns/op
WorkloadPilot    3: 82182144 op, 250335280.00 ns, 3.0461 ns/op
WorkloadPilot    4: 82116608 op, 248626603.00 ns, 3.0277 ns/op
WorkloadPilot    5: 82575360 op, 250521524.00 ns, 3.0339 ns/op
WorkloadPilot    6: 82444288 op, 249470674.00 ns, 3.0259 ns/op
WorkloadPilot    7: 82640896 op, 250626892.00 ns, 3.0327 ns/op

OverheadWarmup   1: 82640896 op, 27792.00 ns, 0.0003 ns/op
OverheadWarmup   2: 82640896 op, 28032.00 ns, 0.0003 ns/op
OverheadWarmup   3: 82640896 op, 27886.00 ns, 0.0003 ns/op
OverheadWarmup   4: 82640896 op, 27910.00 ns, 0.0003 ns/op
OverheadWarmup   5: 82640896 op, 27869.00 ns, 0.0003 ns/op

OverheadActual   1: 82640896 op, 28244.00 ns, 0.0003 ns/op
OverheadActual   2: 82640896 op, 27097.00 ns, 0.0003 ns/op
OverheadActual   3: 82640896 op, 27085.00 ns, 0.0003 ns/op
OverheadActual   4: 82640896 op, 26912.00 ns, 0.0003 ns/op
OverheadActual   5: 82640896 op, 27016.00 ns, 0.0003 ns/op
OverheadActual   6: 82640896 op, 26924.00 ns, 0.0003 ns/op
OverheadActual   7: 82640896 op, 26838.00 ns, 0.0003 ns/op
OverheadActual   8: 82640896 op, 26825.00 ns, 0.0003 ns/op
OverheadActual   9: 82640896 op, 26856.00 ns, 0.0003 ns/op
OverheadActual  10: 82640896 op, 26849.00 ns, 0.0003 ns/op
OverheadActual  11: 82640896 op, 26845.00 ns, 0.0003 ns/op
OverheadActual  12: 82640896 op, 26878.00 ns, 0.0003 ns/op
OverheadActual  13: 82640896 op, 26862.00 ns, 0.0003 ns/op
OverheadActual  14: 82640896 op, 26871.00 ns, 0.0003 ns/op
OverheadActual  15: 82640896 op, 26869.00 ns, 0.0003 ns/op

WorkloadWarmup   1: 82640896 op, 250652127.00 ns, 3.0330 ns/op
WorkloadWarmup   2: 82640896 op, 250957928.00 ns, 3.0367 ns/op
WorkloadWarmup   3: 82640896 op, 249408476.00 ns, 3.0180 ns/op
WorkloadWarmup   4: 82640896 op, 250376067.00 ns, 3.0297 ns/op
WorkloadWarmup   5: 82640896 op, 249090868.00 ns, 3.0141 ns/op
WorkloadWarmup   6: 82640896 op, 246047815.00 ns, 2.9773 ns/op
WorkloadWarmup   7: 82640896 op, 139093084.00 ns, 1.6831 ns/op
WorkloadWarmup   8: 82640896 op, 139794750.00 ns, 1.6916 ns/op
WorkloadWarmup   9: 82640896 op, 137774160.00 ns, 1.6671 ns/op
WorkloadWarmup  10: 82640896 op, 139661426.00 ns, 1.6900 ns/op
WorkloadWarmup  11: 82640896 op, 139124775.00 ns, 1.6835 ns/op
WorkloadWarmup  12: 82640896 op, 138694179.00 ns, 1.6783 ns/op
WorkloadWarmup  13: 82640896 op, 137608716.00 ns, 1.6651 ns/op
WorkloadWarmup  14: 82640896 op, 137239523.00 ns, 1.6607 ns/op
WorkloadWarmup  15: 82640896 op, 138475529.00 ns, 1.6756 ns/op
WorkloadWarmup  16: 82640896 op, 138031609.00 ns, 1.6703 ns/op

// BeforeActualRun
WorkloadActual   1: 82640896 op, 138189509.00 ns, 1.6722 ns/op
WorkloadActual   2: 82640896 op, 137681351.00 ns, 1.6660 ns/op
WorkloadActual   3: 82640896 op, 138334088.00 ns, 1.6739 ns/op
WorkloadActual   4: 82640896 op, 137689638.00 ns, 1.6661 ns/op
WorkloadActual   5: 82640896 op, 138306074.00 ns, 1.6736 ns/op
WorkloadActual   6: 82640896 op, 137677439.00 ns, 1.6660 ns/op
WorkloadActual   7: 82640896 op, 137639841.00 ns, 1.6655 ns/op
WorkloadActual   8: 82640896 op, 138622124.00 ns, 1.6774 ns/op
WorkloadActual   9: 82640896 op, 138767742.00 ns, 1.6792 ns/op
WorkloadActual  10: 82640896 op, 138532946.00 ns, 1.6763 ns/op
WorkloadActual  11: 82640896 op, 137583872.00 ns, 1.6648 ns/op
WorkloadActual  12: 82640896 op, 159688828.00 ns, 1.9323 ns/op

// AfterActualRun
WorkloadResult   1: 82640896 op, 138162638.00 ns, 1.6718 ns/op
WorkloadResult   2: 82640896 op, 137654480.00 ns, 1.6657 ns/op
WorkloadResult   3: 82640896 op, 138307217.00 ns, 1.6736 ns/op
WorkloadResult   4: 82640896 op, 137662767.00 ns, 1.6658 ns/op
WorkloadResult   5: 82640896 op, 138279203.00 ns, 1.6733 ns/op
WorkloadResult   6: 82640896 op, 137650568.00 ns, 1.6656 ns/op
WorkloadResult   7: 82640896 op, 137612970.00 ns, 1.6652 ns/op
WorkloadResult   8: 82640896 op, 138595253.00 ns, 1.6771 ns/op
WorkloadResult   9: 82640896 op, 138740871.00 ns, 1.6788 ns/op
WorkloadResult  10: 82640896 op, 138506075.00 ns, 1.6760 ns/op
WorkloadResult  11: 82640896 op, 137557001.00 ns, 1.6645 ns/op
// GC:  0 0 0 0 82640896
// Threading:  0 0 82640896

// AfterAll
// Benchmark Process 2855500 has exited with code 0.

Mean = 1.671 ns, StdErr = 0.002 ns (0.10%), N = 11, StdDev = 0.005 ns
Min = 1.665 ns, Q1 = 1.666 ns, Median = 1.672 ns, Q3 = 1.675 ns, Max = 1.679 ns
IQR = 0.009 ns, LowerFence = 1.652 ns, UpperFence = 1.688 ns
ConfidenceInterval = [1.663 ns; 1.678 ns] (CI 99.9%), Margin = 0.008 ns (0.45% of Mean)
Skewness = 0.13, Kurtosis = 1.18, MValue = 2

// ** Remained 5 (16.7%) benchmark(s) to run. Estimated finish 2026-09-12 4:26 (0h 0m from now) **
// **************************
// Benchmark: DataAuthoredQueryBenchmarks.GeneratedShape: Jit(IterationCount=12, IterationTime=250ms, WarmupCount=16) [Shape=Blend, Pattern=Forward]
// *** Execute ***
// Launch: 1 / 1
// Execute: dotnet Alpha-Jit-1.dll --anonymousPipes 118 119 --benchmarkName "DataAuthoredQueryBenchmarks.GeneratedShape(Shape: Blend, Pattern: Forward)" --job Jit --benchmarkId 25 in /home/i/GitHub/tl-56-feat-data-authored-api/benchmarks/Alpha/bin/Release/net10.0/Alpha-Jit-1/bin/Release/net10.0
// Failed to set up high priority (Permission denied). In order to run benchmarks with high priority, make sure you have the right permissions.
// BeforeAnythingElse

// Benchmark Process Environment Information:
// BenchmarkDotNet v0.15.8
// Runtime=.NET 10.0.12 (10.0.12, 10.0.1226.42308), X64 RyuJIT x86-64-v3
// GC=Concurrent Workstation
// HardwareIntrinsics=AVX2+BMI1+BMI2+F16C+FMA+LZCNT+MOVBE,AVX,SSE3+SSSE3+SSE4.1+SSE4.2+POPCNT,X86Base+SSE+SSE2,AES+PCLMUL,AvxVnni,SERIALIZE VectorSize=256
// Job: Jit(IterationCount=12, IterationTime=250ms, WarmupCount=16)

OverheadJitting  1: 4096 op, 107398.00 ns, 26.2202 ns/op
WorkloadJitting  1: 4096 op, 286711.00 ns, 69.9978 ns/op

OverheadJitting  2: 65536 op, 130756.00 ns, 1.9952 ns/op
WorkloadJitting  2: 65536 op, 1427845.00 ns, 21.7872 ns/op

WorkloadPilot    1: 65536 op, 650774.00 ns, 9.9300 ns/op
WorkloadPilot    2: 25231360 op, 243127360.00 ns, 9.6359 ns/op
WorkloadPilot    3: 25952256 op, 250581875.00 ns, 9.6555 ns/op

OverheadWarmup   1: 25952256 op, 8957.00 ns, 0.0003 ns/op
OverheadWarmup   2: 25952256 op, 8590.00 ns, 0.0003 ns/op
OverheadWarmup   3: 25952256 op, 8469.00 ns, 0.0003 ns/op
OverheadWarmup   4: 25952256 op, 8464.00 ns, 0.0003 ns/op
OverheadWarmup   5: 25952256 op, 8491.00 ns, 0.0003 ns/op
OverheadWarmup   6: 25952256 op, 8457.00 ns, 0.0003 ns/op
OverheadWarmup   7: 25952256 op, 8451.00 ns, 0.0003 ns/op
OverheadWarmup   8: 25952256 op, 8474.00 ns, 0.0003 ns/op
OverheadWarmup   9: 25952256 op, 8462.00 ns, 0.0003 ns/op

OverheadActual   1: 25952256 op, 8734.00 ns, 0.0003 ns/op
OverheadActual   2: 25952256 op, 8681.00 ns, 0.0003 ns/op
OverheadActual   3: 25952256 op, 8556.00 ns, 0.0003 ns/op
OverheadActual   4: 25952256 op, 8481.00 ns, 0.0003 ns/op
OverheadActual   5: 25952256 op, 8481.00 ns, 0.0003 ns/op
OverheadActual   6: 25952256 op, 8365.00 ns, 0.0003 ns/op
OverheadActual   7: 25952256 op, 8329.00 ns, 0.0003 ns/op
OverheadActual   8: 25952256 op, 8309.00 ns, 0.0003 ns/op
OverheadActual   9: 25952256 op, 8317.00 ns, 0.0003 ns/op
OverheadActual  10: 25952256 op, 8310.00 ns, 0.0003 ns/op
OverheadActual  11: 25952256 op, 8314.00 ns, 0.0003 ns/op
OverheadActual  12: 25952256 op, 8321.00 ns, 0.0003 ns/op
OverheadActual  13: 25952256 op, 8294.00 ns, 0.0003 ns/op
OverheadActual  14: 25952256 op, 8301.00 ns, 0.0003 ns/op
OverheadActual  15: 25952256 op, 8315.00 ns, 0.0003 ns/op

WorkloadWarmup   1: 25952256 op, 249775446.00 ns, 9.6244 ns/op
WorkloadWarmup   2: 25952256 op, 249443994.00 ns, 9.6116 ns/op
WorkloadWarmup   3: 25952256 op, 248950253.00 ns, 9.5926 ns/op
WorkloadWarmup   4: 25952256 op, 249642524.00 ns, 9.6193 ns/op
WorkloadWarmup   5: 25952256 op, 249378418.00 ns, 9.6091 ns/op
WorkloadWarmup   6: 25952256 op, 213423477.00 ns, 8.2237 ns/op
WorkloadWarmup   7: 25952256 op, 64865809.00 ns, 2.4994 ns/op
WorkloadWarmup   8: 25952256 op, 65396658.00 ns, 2.5199 ns/op
WorkloadWarmup   9: 25952256 op, 66225812.00 ns, 2.5518 ns/op
WorkloadWarmup  10: 25952256 op, 66688601.00 ns, 2.5697 ns/op
WorkloadWarmup  11: 25952256 op, 65560038.00 ns, 2.5262 ns/op
WorkloadWarmup  12: 25952256 op, 65420205.00 ns, 2.5208 ns/op
WorkloadWarmup  13: 25952256 op, 65169983.00 ns, 2.5111 ns/op
WorkloadWarmup  14: 25952256 op, 68583129.00 ns, 2.6427 ns/op
WorkloadWarmup  15: 25952256 op, 64396799.00 ns, 2.4814 ns/op
WorkloadWarmup  16: 25952256 op, 64489918.00 ns, 2.4849 ns/op

// BeforeActualRun
WorkloadActual   1: 25952256 op, 65130722.00 ns, 2.5096 ns/op
WorkloadActual   2: 25952256 op, 65159045.00 ns, 2.5107 ns/op
WorkloadActual   3: 25952256 op, 64543703.00 ns, 2.4870 ns/op
WorkloadActual   4: 25952256 op, 65221270.00 ns, 2.5131 ns/op
WorkloadActual   5: 25952256 op, 64638821.00 ns, 2.4907 ns/op
WorkloadActual   6: 25952256 op, 65032660.00 ns, 2.5059 ns/op
WorkloadActual   7: 25952256 op, 64704553.00 ns, 2.4932 ns/op
WorkloadActual   8: 25952256 op, 64243511.00 ns, 2.4754 ns/op
WorkloadActual   9: 25952256 op, 64447808.00 ns, 2.4833 ns/op
WorkloadActual  10: 25952256 op, 64503195.00 ns, 2.4855 ns/op
WorkloadActual  11: 25952256 op, 65494602.00 ns, 2.5237 ns/op
WorkloadActual  12: 25952256 op, 64924614.00 ns, 2.5017 ns/op

// AfterActualRun
WorkloadResult   1: 25952256 op, 65122401.00 ns, 2.5093 ns/op
WorkloadResult   2: 25952256 op, 65150724.00 ns, 2.5104 ns/op
WorkloadResult   3: 25952256 op, 64535382.00 ns, 2.4867 ns/op
WorkloadResult   4: 25952256 op, 65212949.00 ns, 2.5128 ns/op
WorkloadResult   5: 25952256 op, 64630500.00 ns, 2.4904 ns/op
WorkloadResult   6: 25952256 op, 65024339.00 ns, 2.5055 ns/op
WorkloadResult   7: 25952256 op, 64696232.00 ns, 2.4929 ns/op
WorkloadResult   8: 25952256 op, 64235190.00 ns, 2.4751 ns/op
WorkloadResult   9: 25952256 op, 64439487.00 ns, 2.4830 ns/op
WorkloadResult  10: 25952256 op, 64494874.00 ns, 2.4851 ns/op
WorkloadResult  11: 25952256 op, 65486281.00 ns, 2.5233 ns/op
WorkloadResult  12: 25952256 op, 64916293.00 ns, 2.5014 ns/op
// GC:  0 0 0 0 25952256
// Threading:  0 0 25952256

// AfterAll
// Benchmark Process 2862460 has exited with code 0.

Mean = 2.498 ns, StdErr = 0.004 ns (0.17%), N = 12, StdDev = 0.015 ns
Min = 2.475 ns, Q1 = 2.486 ns, Median = 2.497 ns, Q3 = 2.510 ns, Max = 2.523 ns
IQR = 0.023 ns, LowerFence = 2.451 ns, UpperFence = 2.545 ns
ConfidenceInterval = [2.479 ns; 2.517 ns] (CI 99.9%), Margin = 0.019 ns (0.75% of Mean)
Skewness = 0.1, Kurtosis = 1.62, MValue = 2

// ** Remained 4 (13.3%) benchmark(s) to run. Estimated finish 2026-09-12 4:26 (0h 0m from now) **
// **************************
// Benchmark: DataAuthoredQueryBenchmarks.DataAuthoredFacade: Jit(IterationCount=12, IterationTime=250ms, WarmupCount=16) [Shape=Blend, Pattern=Forward]
// *** Execute ***
// Launch: 1 / 1
// Execute: dotnet Alpha-Jit-1.dll --anonymousPipes 118 119 --benchmarkName "DataAuthoredQueryBenchmarks.DataAuthoredFacade(Shape: Blend, Pattern: Forward)" --job Jit --benchmarkId 26 in /home/i/GitHub/tl-56-feat-data-authored-api/benchmarks/Alpha/bin/Release/net10.0/Alpha-Jit-1/bin/Release/net10.0
// Failed to set up high priority (Permission denied). In order to run benchmarks with high priority, make sure you have the right permissions.
// BeforeAnythingElse

// Benchmark Process Environment Information:
// BenchmarkDotNet v0.15.8
// Runtime=.NET 10.0.12 (10.0.12, 10.0.1226.42308), X64 RyuJIT x86-64-v3
// GC=Concurrent Workstation
// HardwareIntrinsics=AVX2+BMI1+BMI2+F16C+FMA+LZCNT+MOVBE,AVX,SSE3+SSSE3+SSE4.1+SSE4.2+POPCNT,X86Base+SSE+SSE2,AES+PCLMUL,AvxVnni,SERIALIZE VectorSize=256
// Job: Jit(IterationCount=12, IterationTime=250ms, WarmupCount=16)

OverheadJitting  1: 4096 op, 101049.00 ns, 24.6702 ns/op
WorkloadJitting  1: 4096 op, 383896.00 ns, 93.7246 ns/op

OverheadJitting  2: 65536 op, 132138.00 ns, 2.0163 ns/op
WorkloadJitting  2: 65536 op, 5093997.00 ns, 77.7282 ns/op

WorkloadPilot    1: 65536 op, 3895708.00 ns, 59.4438 ns/op
WorkloadPilot    2: 4259840 op, 254193453.00 ns, 59.6721 ns/op
WorkloadPilot    3: 4194304 op, 244464895.00 ns, 58.2850 ns/op
WorkloadPilot    4: 4325376 op, 244537637.00 ns, 56.5356 ns/op
WorkloadPilot    5: 4456448 op, 256922612.00 ns, 57.6519 ns/op
WorkloadPilot    6: 4390912 op, 260031232.00 ns, 59.2203 ns/op

OverheadWarmup   1: 4390912 op, 1814.00 ns, 0.0004 ns/op
OverheadWarmup   2: 4390912 op, 1472.00 ns, 0.0003 ns/op
OverheadWarmup   3: 4390912 op, 1364.00 ns, 0.0003 ns/op
OverheadWarmup   4: 4390912 op, 1362.00 ns, 0.0003 ns/op
OverheadWarmup   5: 4390912 op, 1378.00 ns, 0.0003 ns/op
OverheadWarmup   6: 4390912 op, 1375.00 ns, 0.0003 ns/op
OverheadWarmup   7: 4390912 op, 1368.00 ns, 0.0003 ns/op
OverheadWarmup   8: 4390912 op, 1368.00 ns, 0.0003 ns/op
OverheadWarmup   9: 4390912 op, 1376.00 ns, 0.0003 ns/op

OverheadActual   1: 4390912 op, 1569.00 ns, 0.0004 ns/op
OverheadActual   2: 4390912 op, 1592.00 ns, 0.0004 ns/op
OverheadActual   3: 4390912 op, 1578.00 ns, 0.0004 ns/op
OverheadActual   4: 4390912 op, 1552.00 ns, 0.0004 ns/op
OverheadActual   5: 4390912 op, 1569.00 ns, 0.0004 ns/op
OverheadActual   6: 4390912 op, 1400.00 ns, 0.0003 ns/op
OverheadActual   7: 4390912 op, 1365.00 ns, 0.0003 ns/op
OverheadActual   8: 4390912 op, 1394.00 ns, 0.0003 ns/op
OverheadActual   9: 4390912 op, 1363.00 ns, 0.0003 ns/op
OverheadActual  10: 4390912 op, 1374.00 ns, 0.0003 ns/op
OverheadActual  11: 4390912 op, 1375.00 ns, 0.0003 ns/op
OverheadActual  12: 4390912 op, 1377.00 ns, 0.0003 ns/op
OverheadActual  13: 4390912 op, 1374.00 ns, 0.0003 ns/op
OverheadActual  14: 4390912 op, 1375.00 ns, 0.0003 ns/op
OverheadActual  15: 4390912 op, 1380.00 ns, 0.0003 ns/op
OverheadActual  16: 4390912 op, 1372.00 ns, 0.0003 ns/op
OverheadActual  17: 4390912 op, 1371.00 ns, 0.0003 ns/op
OverheadActual  18: 4390912 op, 1518.00 ns, 0.0003 ns/op
OverheadActual  19: 4390912 op, 1387.00 ns, 0.0003 ns/op
OverheadActual  20: 4390912 op, 1386.00 ns, 0.0003 ns/op

WorkloadWarmup   1: 4390912 op, 259470173.00 ns, 59.0925 ns/op
WorkloadWarmup   2: 4390912 op, 261847537.00 ns, 59.6340 ns/op
WorkloadWarmup   3: 4390912 op, 257800379.00 ns, 58.7123 ns/op
WorkloadWarmup   4: 4390912 op, 261808895.00 ns, 59.6252 ns/op
WorkloadWarmup   5: 4390912 op, 263090452.00 ns, 59.9170 ns/op
WorkloadWarmup   6: 4390912 op, 262755888.00 ns, 59.8408 ns/op
WorkloadWarmup   7: 4390912 op, 143944161.00 ns, 32.7823 ns/op
WorkloadWarmup   8: 4390912 op, 56920107.00 ns, 12.9632 ns/op
WorkloadWarmup   9: 4390912 op, 55596216.00 ns, 12.6617 ns/op
WorkloadWarmup  10: 4390912 op, 58055779.00 ns, 13.2218 ns/op
WorkloadWarmup  11: 4390912 op, 59459628.00 ns, 13.5415 ns/op
WorkloadWarmup  12: 4390912 op, 58886062.00 ns, 13.4109 ns/op
WorkloadWarmup  13: 4390912 op, 59342369.00 ns, 13.5148 ns/op
WorkloadWarmup  14: 4390912 op, 59907707.00 ns, 13.6436 ns/op
WorkloadWarmup  15: 4390912 op, 58801742.00 ns, 13.3917 ns/op
WorkloadWarmup  16: 4390912 op, 55899666.00 ns, 12.7308 ns/op

// BeforeActualRun
WorkloadActual   1: 4390912 op, 57613777.00 ns, 13.1211 ns/op
WorkloadActual   2: 4390912 op, 59320754.00 ns, 13.5099 ns/op
WorkloadActual   3: 4390912 op, 59630983.00 ns, 13.5805 ns/op
WorkloadActual   4: 4390912 op, 59149401.00 ns, 13.4709 ns/op
WorkloadActual   5: 4390912 op, 59726876.00 ns, 13.6024 ns/op
WorkloadActual   6: 4390912 op, 59547335.00 ns, 13.5615 ns/op
WorkloadActual   7: 4390912 op, 59573804.00 ns, 13.5675 ns/op
WorkloadActual   8: 4390912 op, 60170577.00 ns, 13.7034 ns/op
WorkloadActual   9: 4390912 op, 59715411.00 ns, 13.5998 ns/op
WorkloadActual  10: 4390912 op, 59493949.00 ns, 13.5493 ns/op
WorkloadActual  11: 4390912 op, 59130389.00 ns, 13.4665 ns/op
WorkloadActual  12: 4390912 op, 60108235.00 ns, 13.6892 ns/op

// AfterActualRun
WorkloadResult   1: 4390912 op, 57612394.00 ns, 13.1208 ns/op
WorkloadResult   2: 4390912 op, 59319371.00 ns, 13.5096 ns/op
WorkloadResult   3: 4390912 op, 59629600.00 ns, 13.5802 ns/op
WorkloadResult   4: 4390912 op, 59148018.00 ns, 13.4706 ns/op
WorkloadResult   5: 4390912 op, 59725493.00 ns, 13.6021 ns/op
WorkloadResult   6: 4390912 op, 59545952.00 ns, 13.5612 ns/op
WorkloadResult   7: 4390912 op, 59572421.00 ns, 13.5672 ns/op
WorkloadResult   8: 4390912 op, 60169194.00 ns, 13.7031 ns/op
WorkloadResult   9: 4390912 op, 59714028.00 ns, 13.5995 ns/op
WorkloadResult  10: 4390912 op, 59492566.00 ns, 13.5490 ns/op
WorkloadResult  11: 4390912 op, 59129006.00 ns, 13.4662 ns/op
WorkloadResult  12: 4390912 op, 60106852.00 ns, 13.6889 ns/op
// GC:  0 0 0 0 4390912
// Threading:  0 0 4390912

// AfterAll
// Benchmark Process 2866407 has exited with code 0.

Mean = 13.535 ns, StdErr = 0.043 ns (0.32%), N = 12, StdDev = 0.149 ns
Min = 13.121 ns, Q1 = 13.500 ns, Median = 13.564 ns, Q3 = 13.600 ns, Max = 13.703 ns
IQR = 0.100 ns, LowerFence = 13.349 ns, UpperFence = 13.751 ns
ConfidenceInterval = [13.343 ns; 13.726 ns] (CI 99.9%), Margin = 0.191 ns (1.41% of Mean)
Skewness = -1.56, Kurtosis = 5.15, MValue = 2

// ** Remained 3 (10.0%) benchmark(s) to run. Estimated finish 2026-09-12 4:26 (0h 0m from now) **
// **************************
// Benchmark: DataAuthoredQueryBenchmarks.DirectShape: Jit(IterationCount=12, IterationTime=250ms, WarmupCount=16) [Shape=Blend, Pattern=Alternating]
// *** Execute ***
// Launch: 1 / 1
// Execute: dotnet Alpha-Jit-1.dll --anonymousPipes 120 121 --benchmarkName "DataAuthoredQueryBenchmarks.DirectShape(Shape: Blend, Pattern: Alternating)" --job Jit --benchmarkId 27 in /home/i/GitHub/tl-56-feat-data-authored-api/benchmarks/Alpha/bin/Release/net10.0/Alpha-Jit-1/bin/Release/net10.0
// Failed to set up high priority (Permission denied). In order to run benchmarks with high priority, make sure you have the right permissions.
// BeforeAnythingElse

// Benchmark Process Environment Information:
// BenchmarkDotNet v0.15.8
// Runtime=.NET 10.0.12 (10.0.12, 10.0.1226.42308), X64 RyuJIT x86-64-v3
// GC=Concurrent Workstation
// HardwareIntrinsics=AVX2+BMI1+BMI2+F16C+FMA+LZCNT+MOVBE,AVX,SSE3+SSSE3+SSE4.1+SSE4.2+POPCNT,X86Base+SSE+SSE2,AES+PCLMUL,AvxVnni,SERIALIZE VectorSize=256
// Job: Jit(IterationCount=12, IterationTime=250ms, WarmupCount=16)

OverheadJitting  1: 4096 op, 109398.00 ns, 26.7085 ns/op
WorkloadJitting  1: 4096 op, 1044394.00 ns, 254.9790 ns/op

OverheadJitting  2: 65536 op, 119700.00 ns, 1.8265 ns/op
WorkloadJitting  2: 65536 op, 435790.00 ns, 6.6496 ns/op

WorkloadPilot    1: 65536 op, 276451.00 ns, 4.2183 ns/op
WorkloadPilot    2: 59310080 op, 205585464.00 ns, 3.4663 ns/op
WorkloadPilot    3: 72155136 op, 253165942.00 ns, 3.5086 ns/op
WorkloadPilot    4: 71303168 op, 248606630.00 ns, 3.4866 ns/op
WorkloadPilot    5: 71761920 op, 250617887.00 ns, 3.4924 ns/op
WorkloadPilot    6: 71630848 op, 249878392.00 ns, 3.4884 ns/op
WorkloadPilot    7: 71696384 op, 251472153.00 ns, 3.5075 ns/op

OverheadWarmup   1: 71696384 op, 27747.00 ns, 0.0004 ns/op
OverheadWarmup   2: 71696384 op, 27107.00 ns, 0.0004 ns/op
OverheadWarmup   3: 71696384 op, 27010.00 ns, 0.0004 ns/op
OverheadWarmup   4: 71696384 op, 27002.00 ns, 0.0004 ns/op
OverheadWarmup   5: 71696384 op, 27014.00 ns, 0.0004 ns/op
OverheadWarmup   6: 71696384 op, 26976.00 ns, 0.0004 ns/op
OverheadWarmup   7: 71696384 op, 26486.00 ns, 0.0004 ns/op
OverheadWarmup   8: 71696384 op, 26495.00 ns, 0.0004 ns/op
OverheadWarmup   9: 71696384 op, 26495.00 ns, 0.0004 ns/op

OverheadActual   1: 71696384 op, 26766.00 ns, 0.0004 ns/op
OverheadActual   2: 71696384 op, 26705.00 ns, 0.0004 ns/op
OverheadActual   3: 71696384 op, 26730.00 ns, 0.0004 ns/op
OverheadActual   4: 71696384 op, 26585.00 ns, 0.0004 ns/op
OverheadActual   5: 71696384 op, 26710.00 ns, 0.0004 ns/op
OverheadActual   6: 71696384 op, 26506.00 ns, 0.0004 ns/op
OverheadActual   7: 71696384 op, 26514.00 ns, 0.0004 ns/op
OverheadActual   8: 71696384 op, 26503.00 ns, 0.0004 ns/op
OverheadActual   9: 71696384 op, 26484.00 ns, 0.0004 ns/op
OverheadActual  10: 71696384 op, 26471.00 ns, 0.0004 ns/op
OverheadActual  11: 71696384 op, 26478.00 ns, 0.0004 ns/op
OverheadActual  12: 71696384 op, 26488.00 ns, 0.0004 ns/op
OverheadActual  13: 71696384 op, 26501.00 ns, 0.0004 ns/op
OverheadActual  14: 71696384 op, 26485.00 ns, 0.0004 ns/op
OverheadActual  15: 71696384 op, 26475.00 ns, 0.0004 ns/op

WorkloadWarmup   1: 71696384 op, 250451560.00 ns, 3.4932 ns/op
WorkloadWarmup   2: 71696384 op, 250327442.00 ns, 3.4915 ns/op
WorkloadWarmup   3: 71696384 op, 250104891.00 ns, 3.4884 ns/op
WorkloadWarmup   4: 71696384 op, 248031754.00 ns, 3.4595 ns/op
WorkloadWarmup   5: 71696384 op, 249983885.00 ns, 3.4867 ns/op
WorkloadWarmup   6: 71696384 op, 242455270.00 ns, 3.3817 ns/op
WorkloadWarmup   7: 71696384 op, 132975412.00 ns, 1.8547 ns/op
WorkloadWarmup   8: 71696384 op, 135293969.00 ns, 1.8870 ns/op
WorkloadWarmup   9: 71696384 op, 133545267.00 ns, 1.8626 ns/op
WorkloadWarmup  10: 71696384 op, 136182430.00 ns, 1.8994 ns/op
WorkloadWarmup  11: 71696384 op, 135017899.00 ns, 1.8832 ns/op
WorkloadWarmup  12: 71696384 op, 133360864.00 ns, 1.8601 ns/op
WorkloadWarmup  13: 71696384 op, 133167393.00 ns, 1.8574 ns/op
WorkloadWarmup  14: 71696384 op, 135790312.00 ns, 1.8940 ns/op
WorkloadWarmup  15: 71696384 op, 133109793.00 ns, 1.8566 ns/op
WorkloadWarmup  16: 71696384 op, 130399841.00 ns, 1.8188 ns/op

// BeforeActualRun
WorkloadActual   1: 71696384 op, 133891649.00 ns, 1.8675 ns/op
WorkloadActual   2: 71696384 op, 133694309.00 ns, 1.8647 ns/op
WorkloadActual   3: 71696384 op, 133467320.00 ns, 1.8616 ns/op
WorkloadActual   4: 71696384 op, 133637856.00 ns, 1.8639 ns/op
WorkloadActual   5: 71696384 op, 133575886.00 ns, 1.8631 ns/op
WorkloadActual   6: 71696384 op, 133245121.00 ns, 1.8585 ns/op
WorkloadActual   7: 71696384 op, 134107981.00 ns, 1.8705 ns/op
WorkloadActual   8: 71696384 op, 133475354.00 ns, 1.8617 ns/op
WorkloadActual   9: 71696384 op, 133049491.00 ns, 1.8557 ns/op
WorkloadActual  10: 71696384 op, 136762107.00 ns, 1.9075 ns/op
WorkloadActual  11: 71696384 op, 132564466.00 ns, 1.8490 ns/op
WorkloadActual  12: 71696384 op, 133173531.00 ns, 1.8575 ns/op

// AfterActualRun
WorkloadResult   1: 71696384 op, 133865146.00 ns, 1.8671 ns/op
WorkloadResult   2: 71696384 op, 133667806.00 ns, 1.8644 ns/op
WorkloadResult   3: 71696384 op, 133440817.00 ns, 1.8612 ns/op
WorkloadResult   4: 71696384 op, 133611353.00 ns, 1.8636 ns/op
WorkloadResult   5: 71696384 op, 133549383.00 ns, 1.8627 ns/op
WorkloadResult   6: 71696384 op, 133218618.00 ns, 1.8581 ns/op
WorkloadResult   7: 71696384 op, 134081478.00 ns, 1.8701 ns/op
WorkloadResult   8: 71696384 op, 133448851.00 ns, 1.8613 ns/op
WorkloadResult   9: 71696384 op, 133022988.00 ns, 1.8554 ns/op
WorkloadResult  10: 71696384 op, 132537963.00 ns, 1.8486 ns/op
WorkloadResult  11: 71696384 op, 133147028.00 ns, 1.8571 ns/op
// GC:  0 0 0 0 71696384
// Threading:  0 0 71696384

// AfterAll
// Benchmark Process 2870265 has exited with code 0.

Mean = 1.861 ns, StdErr = 0.002 ns (0.10%), N = 11, StdDev = 0.006 ns
Min = 1.849 ns, Q1 = 1.858 ns, Median = 1.861 ns, Q3 = 1.864 ns, Max = 1.870 ns
IQR = 0.006 ns, LowerFence = 1.848 ns, UpperFence = 1.874 ns
ConfidenceInterval = [1.853 ns; 1.869 ns] (CI 99.9%), Margin = 0.008 ns (0.44% of Mean)
Skewness = -0.43, Kurtosis = 2.43, MValue = 2

// ** Remained 2 (6.7%) benchmark(s) to run. Estimated finish 2026-09-12 4:26 (0h 0m from now) **
// **************************
// Benchmark: DataAuthoredQueryBenchmarks.GeneratedShape: Jit(IterationCount=12, IterationTime=250ms, WarmupCount=16) [Shape=Blend, Pattern=Alternating]
// *** Execute ***
// Launch: 1 / 1
// Execute: dotnet Alpha-Jit-1.dll --anonymousPipes 118 119 --benchmarkName "DataAuthoredQueryBenchmarks.GeneratedShape(Shape: Blend, Pattern: Alternating)" --job Jit --benchmarkId 28 in /home/i/GitHub/tl-56-feat-data-authored-api/benchmarks/Alpha/bin/Release/net10.0/Alpha-Jit-1/bin/Release/net10.0
// Failed to set up high priority (Permission denied). In order to run benchmarks with high priority, make sure you have the right permissions.
// BeforeAnythingElse

// Benchmark Process Environment Information:
// BenchmarkDotNet v0.15.8
// Runtime=.NET 10.0.12 (10.0.12, 10.0.1226.42308), X64 RyuJIT x86-64-v3
// GC=Concurrent Workstation
// HardwareIntrinsics=AVX2+BMI1+BMI2+F16C+FMA+LZCNT+MOVBE,AVX,SSE3+SSSE3+SSE4.1+SSE4.2+POPCNT,X86Base+SSE+SSE2,AES+PCLMUL,AvxVnni,SERIALIZE VectorSize=256
// Job: Jit(IterationCount=12, IterationTime=250ms, WarmupCount=16)

OverheadJitting  1: 4096 op, 101088.00 ns, 24.6797 ns/op
WorkloadJitting  1: 4096 op, 259440.00 ns, 63.3398 ns/op

OverheadJitting  2: 65536 op, 126373.00 ns, 1.9283 ns/op
WorkloadJitting  2: 65536 op, 1901850.00 ns, 29.0199 ns/op

WorkloadPilot    1: 65536 op, 715567.00 ns, 10.9187 ns/op
WorkloadPilot    2: 22937600 op, 229775174.00 ns, 10.0174 ns/op
WorkloadPilot    3: 24969216 op, 248791919.00 ns, 9.9639 ns/op
WorkloadPilot    4: 25100288 op, 252255564.00 ns, 10.0499 ns/op
WorkloadPilot    5: 24903680 op, 251463311.00 ns, 10.0974 ns/op
WorkloadPilot    6: 24772608 op, 251617720.00 ns, 10.1571 ns/op

OverheadWarmup   1: 24772608 op, 9805.00 ns, 0.0004 ns/op
OverheadWarmup   2: 24772608 op, 9502.00 ns, 0.0004 ns/op
OverheadWarmup   3: 24772608 op, 9423.00 ns, 0.0004 ns/op
OverheadWarmup   4: 24772608 op, 9381.00 ns, 0.0004 ns/op
OverheadWarmup   5: 24772608 op, 9450.00 ns, 0.0004 ns/op
OverheadWarmup   6: 24772608 op, 9448.00 ns, 0.0004 ns/op
OverheadWarmup   7: 24772608 op, 9406.00 ns, 0.0004 ns/op
OverheadWarmup   8: 24772608 op, 9360.00 ns, 0.0004 ns/op
OverheadWarmup   9: 24772608 op, 9361.00 ns, 0.0004 ns/op
OverheadWarmup  10: 24772608 op, 9374.00 ns, 0.0004 ns/op

OverheadActual   1: 24772608 op, 9873.00 ns, 0.0004 ns/op
OverheadActual   2: 24772608 op, 9794.00 ns, 0.0004 ns/op
OverheadActual   3: 24772608 op, 9410.00 ns, 0.0004 ns/op
OverheadActual   4: 24772608 op, 12475.00 ns, 0.0005 ns/op
OverheadActual   5: 24772608 op, 9410.00 ns, 0.0004 ns/op
OverheadActual   6: 24772608 op, 9221.00 ns, 0.0004 ns/op
OverheadActual   7: 24772608 op, 9211.00 ns, 0.0004 ns/op
OverheadActual   8: 24772608 op, 9258.00 ns, 0.0004 ns/op
OverheadActual   9: 24772608 op, 9203.00 ns, 0.0004 ns/op
OverheadActual  10: 24772608 op, 9177.00 ns, 0.0004 ns/op
OverheadActual  11: 24772608 op, 9216.00 ns, 0.0004 ns/op
OverheadActual  12: 24772608 op, 9182.00 ns, 0.0004 ns/op
OverheadActual  13: 24772608 op, 9238.00 ns, 0.0004 ns/op
OverheadActual  14: 24772608 op, 9256.00 ns, 0.0004 ns/op
OverheadActual  15: 24772608 op, 9238.00 ns, 0.0004 ns/op

WorkloadWarmup   1: 24772608 op, 251741569.00 ns, 10.1621 ns/op
WorkloadWarmup   2: 24772608 op, 251207842.00 ns, 10.1405 ns/op
WorkloadWarmup   3: 24772608 op, 249068744.00 ns, 10.0542 ns/op
WorkloadWarmup   4: 24772608 op, 249421683.00 ns, 10.0684 ns/op
WorkloadWarmup   5: 24772608 op, 250232124.00 ns, 10.1012 ns/op
WorkloadWarmup   6: 24772608 op, 248802175.00 ns, 10.0434 ns/op
WorkloadWarmup   7: 24772608 op, 219998479.00 ns, 8.8807 ns/op
WorkloadWarmup   8: 24772608 op, 68812221.00 ns, 2.7778 ns/op
WorkloadWarmup   9: 24772608 op, 69980436.00 ns, 2.8249 ns/op
WorkloadWarmup  10: 24772608 op, 70036758.00 ns, 2.8272 ns/op
WorkloadWarmup  11: 24772608 op, 70375888.00 ns, 2.8409 ns/op
WorkloadWarmup  12: 24772608 op, 69075181.00 ns, 2.7884 ns/op
WorkloadWarmup  13: 24772608 op, 70318726.00 ns, 2.8386 ns/op
WorkloadWarmup  14: 24772608 op, 70256628.00 ns, 2.8361 ns/op
WorkloadWarmup  15: 24772608 op, 72828724.00 ns, 2.9399 ns/op
WorkloadWarmup  16: 24772608 op, 68745303.00 ns, 2.7751 ns/op

// BeforeActualRun
WorkloadActual   1: 24772608 op, 69410220.00 ns, 2.8019 ns/op
WorkloadActual   2: 24772608 op, 69548166.00 ns, 2.8075 ns/op
WorkloadActual   3: 24772608 op, 68933529.00 ns, 2.7827 ns/op
WorkloadActual   4: 24772608 op, 68964773.00 ns, 2.7839 ns/op
WorkloadActual   5: 24772608 op, 69052952.00 ns, 2.7875 ns/op
WorkloadActual   6: 24772608 op, 69042091.00 ns, 2.7870 ns/op
WorkloadActual   7: 24772608 op, 68250654.00 ns, 2.7551 ns/op
WorkloadActual   8: 24772608 op, 68125166.00 ns, 2.7500 ns/op
WorkloadActual   9: 24772608 op, 68209461.00 ns, 2.7534 ns/op
WorkloadActual  10: 24772608 op, 68116775.00 ns, 2.7497 ns/op
WorkloadActual  11: 24772608 op, 68962357.00 ns, 2.7838 ns/op
WorkloadActual  12: 24772608 op, 68691176.00 ns, 2.7729 ns/op

// AfterActualRun
WorkloadResult   1: 24772608 op, 69400982.00 ns, 2.8015 ns/op
WorkloadResult   2: 24772608 op, 69538928.00 ns, 2.8071 ns/op
WorkloadResult   3: 24772608 op, 68924291.00 ns, 2.7823 ns/op
WorkloadResult   4: 24772608 op, 68955535.00 ns, 2.7835 ns/op
WorkloadResult   5: 24772608 op, 69043714.00 ns, 2.7871 ns/op
WorkloadResult   6: 24772608 op, 69032853.00 ns, 2.7867 ns/op
WorkloadResult   7: 24772608 op, 68241416.00 ns, 2.7547 ns/op
WorkloadResult   8: 24772608 op, 68115928.00 ns, 2.7496 ns/op
WorkloadResult   9: 24772608 op, 68200223.00 ns, 2.7530 ns/op
WorkloadResult  10: 24772608 op, 68107537.00 ns, 2.7493 ns/op
WorkloadResult  11: 24772608 op, 68953119.00 ns, 2.7834 ns/op
WorkloadResult  12: 24772608 op, 68681938.00 ns, 2.7725 ns/op
// GC:  0 0 0 0 24772608
// Threading:  0 0 24772608

// AfterAll
// Benchmark Process 2876815 has exited with code 0.

Mean = 2.776 ns, StdErr = 0.006 ns (0.21%), N = 12, StdDev = 0.020 ns
Min = 2.749 ns, Q1 = 2.754 ns, Median = 2.783 ns, Q3 = 2.787 ns, Max = 2.807 ns
IQR = 0.032 ns, LowerFence = 2.706 ns, UpperFence = 2.835 ns
ConfidenceInterval = [2.750 ns; 2.802 ns] (CI 99.9%), Margin = 0.026 ns (0.92% of Mean)
Skewness = -0.08, Kurtosis = 1.49, MValue = 2

// ** Remained 1 (3.3%) benchmark(s) to run. Estimated finish 2026-09-12 4:26 (0h 0m from now) **
// **************************
// Benchmark: DataAuthoredQueryBenchmarks.DataAuthoredFacade: Jit(IterationCount=12, IterationTime=250ms, WarmupCount=16) [Shape=Blend, Pattern=Alternating]
// *** Execute ***
// Launch: 1 / 1
// Execute: dotnet Alpha-Jit-1.dll --anonymousPipes 118 119 --benchmarkName "DataAuthoredQueryBenchmarks.DataAuthoredFacade(Shape: Blend, Pattern: Alternating)" --job Jit --benchmarkId 29 in /home/i/GitHub/tl-56-feat-data-authored-api/benchmarks/Alpha/bin/Release/net10.0/Alpha-Jit-1/bin/Release/net10.0
// Failed to set up high priority (Permission denied). In order to run benchmarks with high priority, make sure you have the right permissions.
// BeforeAnythingElse

// Benchmark Process Environment Information:
// BenchmarkDotNet v0.15.8
// Runtime=.NET 10.0.12 (10.0.12, 10.0.1226.42308), X64 RyuJIT x86-64-v3
// GC=Concurrent Workstation
// HardwareIntrinsics=AVX2+BMI1+BMI2+F16C+FMA+LZCNT+MOVBE,AVX,SSE3+SSSE3+SSE4.1+SSE4.2+POPCNT,X86Base+SSE+SSE2,AES+PCLMUL,AvxVnni,SERIALIZE VectorSize=256
// Job: Jit(IterationCount=12, IterationTime=250ms, WarmupCount=16)

OverheadJitting  1: 4096 op, 98087.00 ns, 23.9470 ns/op
WorkloadJitting  1: 4096 op, 390208.00 ns, 95.2656 ns/op

OverheadJitting  2: 65536 op, 126354.00 ns, 1.9280 ns/op
WorkloadJitting  2: 65536 op, 6554963.00 ns, 100.0208 ns/op

WorkloadPilot    1: 65536 op, 6814157.00 ns, 103.9758 ns/op
WorkloadPilot    2: 2424832 op, 147722413.00 ns, 60.9207 ns/op
WorkloadPilot    3: 4128768 op, 248836824.00 ns, 60.2690 ns/op
WorkloadPilot    4: 4194304 op, 253446654.00 ns, 60.4264 ns/op

OverheadWarmup   1: 4194304 op, 2023.00 ns, 0.0005 ns/op
OverheadWarmup   2: 4194304 op, 1738.00 ns, 0.0004 ns/op
OverheadWarmup   3: 4194304 op, 1640.00 ns, 0.0004 ns/op
OverheadWarmup   4: 4194304 op, 1710.00 ns, 0.0004 ns/op
OverheadWarmup   5: 4194304 op, 1664.00 ns, 0.0004 ns/op
OverheadWarmup   6: 4194304 op, 1626.00 ns, 0.0004 ns/op
OverheadWarmup   7: 4194304 op, 1663.00 ns, 0.0004 ns/op
OverheadWarmup   8: 4194304 op, 1637.00 ns, 0.0004 ns/op

OverheadActual   1: 4194304 op, 1938.00 ns, 0.0005 ns/op
OverheadActual   2: 4194304 op, 1798.00 ns, 0.0004 ns/op
OverheadActual   3: 4194304 op, 1786.00 ns, 0.0004 ns/op
OverheadActual   4: 4194304 op, 1649.00 ns, 0.0004 ns/op
OverheadActual   5: 4194304 op, 1781.00 ns, 0.0004 ns/op
OverheadActual   6: 4194304 op, 1608.00 ns, 0.0004 ns/op
OverheadActual   7: 4194304 op, 1589.00 ns, 0.0004 ns/op
OverheadActual   8: 4194304 op, 1576.00 ns, 0.0004 ns/op
OverheadActual   9: 4194304 op, 1621.00 ns, 0.0004 ns/op
OverheadActual  10: 4194304 op, 1589.00 ns, 0.0004 ns/op
OverheadActual  11: 4194304 op, 1602.00 ns, 0.0004 ns/op
OverheadActual  12: 4194304 op, 1630.00 ns, 0.0004 ns/op
OverheadActual  13: 4194304 op, 1627.00 ns, 0.0004 ns/op
OverheadActual  14: 4194304 op, 1629.00 ns, 0.0004 ns/op
OverheadActual  15: 4194304 op, 1675.00 ns, 0.0004 ns/op
OverheadActual  16: 4194304 op, 1629.00 ns, 0.0004 ns/op

WorkloadWarmup   1: 4194304 op, 251442625.00 ns, 59.9486 ns/op
WorkloadWarmup   2: 4194304 op, 250939920.00 ns, 59.8287 ns/op
WorkloadWarmup   3: 4194304 op, 252268668.00 ns, 60.1455 ns/op
WorkloadWarmup   4: 4194304 op, 252836717.00 ns, 60.2810 ns/op
WorkloadWarmup   5: 4194304 op, 234443628.00 ns, 55.8957 ns/op
WorkloadWarmup   6: 4194304 op, 58358814.00 ns, 13.9138 ns/op
WorkloadWarmup   7: 4194304 op, 58474320.00 ns, 13.9414 ns/op
WorkloadWarmup   8: 4194304 op, 59085270.00 ns, 14.0870 ns/op
WorkloadWarmup   9: 4194304 op, 58949489.00 ns, 14.0547 ns/op
WorkloadWarmup  10: 4194304 op, 59018339.00 ns, 14.0711 ns/op
WorkloadWarmup  11: 4194304 op, 58981519.00 ns, 14.0623 ns/op
WorkloadWarmup  12: 4194304 op, 58204070.00 ns, 13.8769 ns/op
WorkloadWarmup  13: 4194304 op, 59046335.00 ns, 14.0777 ns/op
WorkloadWarmup  14: 4194304 op, 57496846.00 ns, 13.7083 ns/op
WorkloadWarmup  15: 4194304 op, 58202579.00 ns, 13.8766 ns/op
WorkloadWarmup  16: 4194304 op, 58426549.00 ns, 13.9300 ns/op

// BeforeActualRun
WorkloadActual   1: 4194304 op, 58915170.00 ns, 14.0465 ns/op
WorkloadActual   2: 4194304 op, 59437561.00 ns, 14.1710 ns/op
WorkloadActual   3: 4194304 op, 59101522.00 ns, 14.0909 ns/op
WorkloadActual   4: 4194304 op, 58639394.00 ns, 13.9807 ns/op
WorkloadActual   5: 4194304 op, 58762931.00 ns, 14.0102 ns/op
WorkloadActual   6: 4194304 op, 58345692.00 ns, 13.9107 ns/op
WorkloadActual   7: 4194304 op, 58435831.00 ns, 13.9322 ns/op
WorkloadActual   8: 4194304 op, 57983545.00 ns, 13.8244 ns/op
WorkloadActual   9: 4194304 op, 58045429.00 ns, 13.8391 ns/op
WorkloadActual  10: 4194304 op, 58476186.00 ns, 13.9418 ns/op
WorkloadActual  11: 4194304 op, 57184751.00 ns, 13.6339 ns/op
WorkloadActual  12: 4194304 op, 57518347.00 ns, 13.7134 ns/op

// AfterActualRun
WorkloadResult   1: 4194304 op, 58913541.00 ns, 14.0461 ns/op
WorkloadResult   2: 4194304 op, 59435932.00 ns, 14.1706 ns/op
WorkloadResult   3: 4194304 op, 59099893.00 ns, 14.0905 ns/op
WorkloadResult   4: 4194304 op, 58637765.00 ns, 13.9803 ns/op
WorkloadResult   5: 4194304 op, 58761302.00 ns, 14.0098 ns/op
WorkloadResult   6: 4194304 op, 58344063.00 ns, 13.9103 ns/op
WorkloadResult   7: 4194304 op, 58434202.00 ns, 13.9318 ns/op
WorkloadResult   8: 4194304 op, 57981916.00 ns, 13.8240 ns/op
WorkloadResult   9: 4194304 op, 58043800.00 ns, 13.8387 ns/op
WorkloadResult  10: 4194304 op, 58474557.00 ns, 13.9414 ns/op
WorkloadResult  11: 4194304 op, 57183122.00 ns, 13.6335 ns/op
WorkloadResult  12: 4194304 op, 57516718.00 ns, 13.7131 ns/op
// GC:  0 0 0 0 4194304
// Threading:  0 0 4194304

// AfterAll
// Benchmark Process 2881810 has exited with code 0.

Mean = 13.924 ns, StdErr = 0.044 ns (0.32%), N = 12, StdDev = 0.154 ns
Min = 13.634 ns, Q1 = 13.835 ns, Median = 13.937 ns, Q3 = 14.019 ns, Max = 14.171 ns
IQR = 0.184 ns, LowerFence = 13.559 ns, UpperFence = 14.295 ns
ConfidenceInterval = [13.727 ns; 14.121 ns] (CI 99.9%), Margin = 0.197 ns (1.42% of Mean)
Skewness = -0.31, Kurtosis = 2.08, MValue = 2

// ** Remained 0 (0.0%) benchmark(s) to run. Estimated finish 2026-09-12 4:26 (0h 0m from now) **
// ***** BenchmarkRunner: Finish  *****

// * Export *
  BenchmarkDotNet.Artifacts/results/DataAuthoredQueryBenchmarks-report.csv
  BenchmarkDotNet.Artifacts/results/DataAuthoredQueryBenchmarks-report-github.md
  BenchmarkDotNet.Artifacts/results/DataAuthoredQueryBenchmarks-report.html
  BenchmarkDotNet.Artifacts/results/DataAuthoredQueryBenchmarks-report-full.json

// * Detailed results *
DataAuthoredQueryBenchmarks.DirectShape: Jit(IterationCount=12, IterationTime=250ms, WarmupCount=16) [Shape=OneTrack, Pattern=Forward]
Runtime = .NET 10.0.12 (10.0.12, 10.0.1226.42308), X64 RyuJIT x86-64-v3; GC = Concurrent Workstation
Mean = 1.360 ns, StdErr = 0.008 ns (0.62%), N = 10, StdDev = 0.027 ns
Min = 1.308 ns, Q1 = 1.356 ns, Median = 1.365 ns, Q3 = 1.379 ns, Max = 1.387 ns
IQR = 0.023 ns, LowerFence = 1.322 ns, UpperFence = 1.413 ns
ConfidenceInterval = [1.319 ns; 1.400 ns] (CI 99.9%), Margin = 0.040 ns (2.97% of Mean)
Skewness = -0.78, Kurtosis = 2.14, MValue = 2
-------------------- Histogram --------------------
[1.297 ns ; 1.330 ns) | @@
[1.330 ns ; 1.358 ns) | @
[1.358 ns ; 1.390 ns) | @@@@@@@
---------------------------------------------------

DataAuthoredQueryBenchmarks.GeneratedShape: Jit(IterationCount=12, IterationTime=250ms, WarmupCount=16) [Shape=OneTrack, Pattern=Forward]
Runtime = .NET 10.0.12 (10.0.12, 10.0.1226.42308), X64 RyuJIT x86-64-v3; GC = Concurrent Workstation
Mean = 1.813 ns, StdErr = 0.003 ns (0.18%), N = 10, StdDev = 0.010 ns
Min = 1.795 ns, Q1 = 1.808 ns, Median = 1.813 ns, Q3 = 1.819 ns, Max = 1.831 ns
IQR = 0.012 ns, LowerFence = 1.790 ns, UpperFence = 1.837 ns
ConfidenceInterval = [1.797 ns; 1.829 ns] (CI 99.9%), Margin = 0.016 ns (0.87% of Mean)
Skewness = -0.02, Kurtosis = 2.01, MValue = 2
-------------------- Histogram --------------------
[1.789 ns ; 1.836 ns) | @@@@@@@@@@
---------------------------------------------------

DataAuthoredQueryBenchmarks.DataAuthoredFacade: Jit(IterationCount=12, IterationTime=250ms, WarmupCount=16) [Shape=OneTrack, Pattern=Forward]
Runtime = .NET 10.0.12 (10.0.12, 10.0.1226.42308), X64 RyuJIT x86-64-v3; GC = Concurrent Workstation
Mean = 12.644 ns, StdErr = 0.023 ns (0.18%), N = 12, StdDev = 0.080 ns
Min = 12.549 ns, Q1 = 12.572 ns, Median = 12.636 ns, Q3 = 12.699 ns, Max = 12.768 ns
IQR = 0.127 ns, LowerFence = 12.381 ns, UpperFence = 12.889 ns
ConfidenceInterval = [12.541 ns; 12.747 ns] (CI 99.9%), Margin = 0.103 ns (0.81% of Mean)
Skewness = 0.24, Kurtosis = 1.38, MValue = 2
-------------------- Histogram --------------------
[12.503 ns ; 12.814 ns) | @@@@@@@@@@@@
---------------------------------------------------

DataAuthoredQueryBenchmarks.DirectShape: Jit(IterationCount=12, IterationTime=250ms, WarmupCount=16) [Shape=OneTrack, Pattern=Alternating]
Runtime = .NET 10.0.12 (10.0.12, 10.0.1226.42308), X64 RyuJIT x86-64-v3; GC = Concurrent Workstation
Mean = 1.317 ns, StdErr = 0.002 ns (0.17%), N = 10, StdDev = 0.007 ns
Min = 1.305 ns, Q1 = 1.313 ns, Median = 1.318 ns, Q3 = 1.321 ns, Max = 1.327 ns
IQR = 0.008 ns, LowerFence = 1.301 ns, UpperFence = 1.334 ns
ConfidenceInterval = [1.306 ns; 1.328 ns] (CI 99.9%), Margin = 0.011 ns (0.84% of Mean)
Skewness = -0.23, Kurtosis = 1.61, MValue = 2
-------------------- Histogram --------------------
[1.305 ns ; 1.332 ns) | @@@@@@@@@@
---------------------------------------------------

DataAuthoredQueryBenchmarks.GeneratedShape: Jit(IterationCount=12, IterationTime=250ms, WarmupCount=16) [Shape=OneTrack, Pattern=Alternating]
Runtime = .NET 10.0.12 (10.0.12, 10.0.1226.42308), X64 RyuJIT x86-64-v3; GC = Concurrent Workstation
Mean = 2.021 ns, StdErr = 0.001 ns (0.05%), N = 10, StdDev = 0.003 ns
Min = 2.016 ns, Q1 = 2.020 ns, Median = 2.021 ns, Q3 = 2.022 ns, Max = 2.027 ns
IQR = 0.003 ns, LowerFence = 2.016 ns, UpperFence = 2.026 ns
ConfidenceInterval = [2.017 ns; 2.026 ns] (CI 99.9%), Margin = 0.005 ns (0.23% of Mean)
Skewness = 0.36, Kurtosis = 2.49, MValue = 2
-------------------- Histogram --------------------
[2.014 ns ; 2.029 ns) | @@@@@@@@@@
---------------------------------------------------

DataAuthoredQueryBenchmarks.DataAuthoredFacade: Jit(IterationCount=12, IterationTime=250ms, WarmupCount=16) [Shape=OneTrack, Pattern=Alternating]
Runtime = .NET 10.0.12 (10.0.12, 10.0.1226.42308), X64 RyuJIT x86-64-v3; GC = Concurrent Workstation
Mean = 13.110 ns, StdErr = 0.025 ns (0.19%), N = 12, StdDev = 0.088 ns
Min = 12.968 ns, Q1 = 13.042 ns, Median = 13.129 ns, Q3 = 13.174 ns, Max = 13.244 ns
IQR = 0.132 ns, LowerFence = 12.844 ns, UpperFence = 13.371 ns
ConfidenceInterval = [12.997 ns; 13.222 ns] (CI 99.9%), Margin = 0.113 ns (0.86% of Mean)
Skewness = -0.15, Kurtosis = 1.54, MValue = 2
-------------------- Histogram --------------------
[12.918 ns ; 13.295 ns) | @@@@@@@@@@@@
---------------------------------------------------

DataAuthoredQueryBenchmarks.DirectShape: Jit(IterationCount=12, IterationTime=250ms, WarmupCount=16) [Shape=ThreeTracks, Pattern=Forward]
Runtime = .NET 10.0.12 (10.0.12, 10.0.1226.42308), X64 RyuJIT x86-64-v3; GC = Concurrent Workstation
Mean = 2.250 ns, StdErr = 0.012 ns (0.53%), N = 11, StdDev = 0.040 ns
Min = 2.203 ns, Q1 = 2.220 ns, Median = 2.241 ns, Q3 = 2.274 ns, Max = 2.327 ns
IQR = 0.054 ns, LowerFence = 2.140 ns, UpperFence = 2.355 ns
ConfidenceInterval = [2.195 ns; 2.304 ns] (CI 99.9%), Margin = 0.055 ns (2.44% of Mean)
Skewness = 0.55, Kurtosis = 1.96, MValue = 2
-------------------- Histogram --------------------
[2.200 ns ; 2.259 ns) | @@@@@@@
[2.259 ns ; 2.351 ns) | @@@@
---------------------------------------------------

DataAuthoredQueryBenchmarks.GeneratedShape: Jit(IterationCount=12, IterationTime=250ms, WarmupCount=16) [Shape=ThreeTracks, Pattern=Forward]
Runtime = .NET 10.0.12 (10.0.12, 10.0.1226.42308), X64 RyuJIT x86-64-v3; GC = Concurrent Workstation
Mean = 3.750 ns, StdErr = 0.008 ns (0.22%), N = 12, StdDev = 0.029 ns
Min = 3.711 ns, Q1 = 3.730 ns, Median = 3.741 ns, Q3 = 3.778 ns, Max = 3.789 ns
IQR = 0.048 ns, LowerFence = 3.658 ns, UpperFence = 3.850 ns
ConfidenceInterval = [3.714 ns; 3.787 ns] (CI 99.9%), Margin = 0.037 ns (0.97% of Mean)
Skewness = 0.17, Kurtosis = 1.29, MValue = 2
-------------------- Histogram --------------------
[3.694 ns ; 3.806 ns) | @@@@@@@@@@@@
---------------------------------------------------

DataAuthoredQueryBenchmarks.DataAuthoredFacade: Jit(IterationCount=12, IterationTime=250ms, WarmupCount=16) [Shape=ThreeTracks, Pattern=Forward]
Runtime = .NET 10.0.12 (10.0.12, 10.0.1226.42308), X64 RyuJIT x86-64-v3; GC = Concurrent Workstation
Mean = 21.674 ns, StdErr = 0.038 ns (0.18%), N = 12, StdDev = 0.132 ns
Min = 21.494 ns, Q1 = 21.564 ns, Median = 21.627 ns, Q3 = 21.801 ns, Max = 21.865 ns
IQR = 0.237 ns, LowerFence = 21.208 ns, UpperFence = 22.157 ns
ConfidenceInterval = [21.505 ns; 21.844 ns] (CI 99.9%), Margin = 0.170 ns (0.78% of Mean)
Skewness = 0.25, Kurtosis = 1.33, MValue = 2
-------------------- Histogram --------------------
[21.418 ns ; 21.941 ns) | @@@@@@@@@@@@
---------------------------------------------------

DataAuthoredQueryBenchmarks.DirectShape: Jit(IterationCount=12, IterationTime=250ms, WarmupCount=16) [Shape=ThreeTracks, Pattern=Alternating]
Runtime = .NET 10.0.12 (10.0.12, 10.0.1226.42308), X64 RyuJIT x86-64-v3; GC = Concurrent Workstation
Mean = 4.112 ns, StdErr = 0.006 ns (0.14%), N = 11, StdDev = 0.019 ns
Min = 4.080 ns, Q1 = 4.104 ns, Median = 4.115 ns, Q3 = 4.120 ns, Max = 4.143 ns
IQR = 0.016 ns, LowerFence = 4.080 ns, UpperFence = 4.144 ns
ConfidenceInterval = [4.086 ns; 4.138 ns] (CI 99.9%), Margin = 0.026 ns (0.63% of Mean)
Skewness = -0.22, Kurtosis = 2.04, MValue = 2
-------------------- Histogram --------------------
[4.069 ns ; 4.154 ns) | @@@@@@@@@@@
---------------------------------------------------

DataAuthoredQueryBenchmarks.GeneratedShape: Jit(IterationCount=12, IterationTime=250ms, WarmupCount=16) [Shape=ThreeTracks, Pattern=Alternating]
Runtime = .NET 10.0.12 (10.0.12, 10.0.1226.42308), X64 RyuJIT x86-64-v3; GC = Concurrent Workstation
Mean = 3.816 ns, StdErr = 0.007 ns (0.19%), N = 12, StdDev = 0.025 ns
Min = 3.773 ns, Q1 = 3.794 ns, Median = 3.819 ns, Q3 = 3.837 ns, Max = 3.852 ns
IQR = 0.043 ns, LowerFence = 3.730 ns, UpperFence = 3.901 ns
ConfidenceInterval = [3.784 ns; 3.848 ns] (CI 99.9%), Margin = 0.032 ns (0.85% of Mean)
Skewness = -0.17, Kurtosis = 1.51, MValue = 2
-------------------- Histogram --------------------
[3.758 ns ; 3.867 ns) | @@@@@@@@@@@@
---------------------------------------------------

DataAuthoredQueryBenchmarks.DataAuthoredFacade: Jit(IterationCount=12, IterationTime=250ms, WarmupCount=16) [Shape=ThreeTracks, Pattern=Alternating]
Runtime = .NET 10.0.12 (10.0.12, 10.0.1226.42308), X64 RyuJIT x86-64-v3; GC = Concurrent Workstation
Mean = 22.180 ns, StdErr = 0.029 ns (0.13%), N = 12, StdDev = 0.101 ns
Min = 21.992 ns, Q1 = 22.128 ns, Median = 22.163 ns, Q3 = 22.242 ns, Max = 22.342 ns
IQR = 0.114 ns, LowerFence = 21.958 ns, UpperFence = 22.413 ns
ConfidenceInterval = [22.051 ns; 22.309 ns] (CI 99.9%), Margin = 0.129 ns (0.58% of Mean)
Skewness = -0.13, Kurtosis = 1.99, MValue = 2
-------------------- Histogram --------------------
[21.958 ns ; 22.400 ns) | @@@@@@@@@@@@
---------------------------------------------------

DataAuthoredQueryBenchmarks.DirectShape: Jit(IterationCount=12, IterationTime=250ms, WarmupCount=16) [Shape=SixteenTracks, Pattern=Forward]
Runtime = .NET 10.0.12 (10.0.12, 10.0.1226.42308), X64 RyuJIT x86-64-v3; GC = Concurrent Workstation
Mean = 11.865 ns, StdErr = 0.007 ns (0.06%), N = 10, StdDev = 0.022 ns
Min = 11.831 ns, Q1 = 11.848 ns, Median = 11.867 ns, Q3 = 11.875 ns, Max = 11.904 ns
IQR = 0.027 ns, LowerFence = 11.808 ns, UpperFence = 11.916 ns
ConfidenceInterval = [11.832 ns; 11.899 ns] (CI 99.9%), Margin = 0.033 ns (0.28% of Mean)
Skewness = 0.14, Kurtosis = 1.79, MValue = 2
-------------------- Histogram --------------------
[11.818 ns ; 11.917 ns) | @@@@@@@@@@
---------------------------------------------------

DataAuthoredQueryBenchmarks.GeneratedShape: Jit(IterationCount=12, IterationTime=250ms, WarmupCount=16) [Shape=SixteenTracks, Pattern=Forward]
Runtime = .NET 10.0.12 (10.0.12, 10.0.1226.42308), X64 RyuJIT x86-64-v3; GC = Concurrent Workstation
Mean = 21.926 ns, StdErr = 0.040 ns (0.18%), N = 12, StdDev = 0.139 ns
Min = 21.727 ns, Q1 = 21.803 ns, Median = 21.924 ns, Q3 = 22.024 ns, Max = 22.182 ns
IQR = 0.221 ns, LowerFence = 21.471 ns, UpperFence = 22.355 ns
ConfidenceInterval = [21.748 ns; 22.103 ns] (CI 99.9%), Margin = 0.178 ns (0.81% of Mean)
Skewness = 0.25, Kurtosis = 1.77, MValue = 2
-------------------- Histogram --------------------
[21.647 ns ; 22.262 ns) | @@@@@@@@@@@@
---------------------------------------------------

DataAuthoredQueryBenchmarks.DataAuthoredFacade: Jit(IterationCount=12, IterationTime=250ms, WarmupCount=16) [Shape=SixteenTracks, Pattern=Forward]
Runtime = .NET 10.0.12 (10.0.12, 10.0.1226.42308), X64 RyuJIT x86-64-v3; GC = Concurrent Workstation
Mean = 82.790 ns, StdErr = 0.143 ns (0.17%), N = 12, StdDev = 0.495 ns
Min = 82.021 ns, Q1 = 82.510 ns, Median = 82.796 ns, Q3 = 83.053 ns, Max = 83.597 ns
IQR = 0.543 ns, LowerFence = 81.694 ns, UpperFence = 83.868 ns
ConfidenceInterval = [82.156 ns; 83.424 ns] (CI 99.9%), Margin = 0.634 ns (0.77% of Mean)
Skewness = -0.01, Kurtosis = 1.8, MValue = 2
-------------------- Histogram --------------------
[81.924 ns ; 83.881 ns) | @@@@@@@@@@@@
---------------------------------------------------

DataAuthoredQueryBenchmarks.DirectShape: Jit(IterationCount=12, IterationTime=250ms, WarmupCount=16) [Shape=SixteenTracks, Pattern=Alternating]
Runtime = .NET 10.0.12 (10.0.12, 10.0.1226.42308), X64 RyuJIT x86-64-v3; GC = Concurrent Workstation
Mean = 18.340 ns, StdErr = 0.024 ns (0.13%), N = 11, StdDev = 0.081 ns
Min = 18.131 ns, Q1 = 18.321 ns, Median = 18.348 ns, Q3 = 18.381 ns, Max = 18.444 ns
IQR = 0.060 ns, LowerFence = 18.231 ns, UpperFence = 18.470 ns
ConfidenceInterval = [18.228 ns; 18.451 ns] (CI 99.9%), Margin = 0.111 ns (0.61% of Mean)
Skewness = -1.29, Kurtosis = 4.38, MValue = 2
-------------------- Histogram --------------------
[18.084 ns ; 18.491 ns) | @@@@@@@@@@@
---------------------------------------------------

DataAuthoredQueryBenchmarks.GeneratedShape: Jit(IterationCount=12, IterationTime=250ms, WarmupCount=16) [Shape=SixteenTracks, Pattern=Alternating]
Runtime = .NET 10.0.12 (10.0.12, 10.0.1226.42308), X64 RyuJIT x86-64-v3; GC = Concurrent Workstation
Mean = 19.990 ns, StdErr = 0.041 ns (0.20%), N = 12, StdDev = 0.142 ns
Min = 19.737 ns, Q1 = 19.930 ns, Median = 19.967 ns, Q3 = 20.086 ns, Max = 20.255 ns
IQR = 0.156 ns, LowerFence = 19.696 ns, UpperFence = 20.319 ns
ConfidenceInterval = [19.808 ns; 20.171 ns] (CI 99.9%), Margin = 0.182 ns (0.91% of Mean)
Skewness = 0.13, Kurtosis = 2.22, MValue = 2
-------------------- Histogram --------------------
[19.656 ns ; 20.337 ns) | @@@@@@@@@@@@
---------------------------------------------------

DataAuthoredQueryBenchmarks.DataAuthoredFacade: Jit(IterationCount=12, IterationTime=250ms, WarmupCount=16) [Shape=SixteenTracks, Pattern=Alternating]
Runtime = .NET 10.0.12 (10.0.12, 10.0.1226.42308), X64 RyuJIT x86-64-v3; GC = Concurrent Workstation
Mean = 83.210 ns, StdErr = 0.223 ns (0.27%), N = 12, StdDev = 0.771 ns
Min = 81.534 ns, Q1 = 82.849 ns, Median = 83.334 ns, Q3 = 83.654 ns, Max = 84.325 ns
IQR = 0.805 ns, LowerFence = 81.641 ns, UpperFence = 84.862 ns
ConfidenceInterval = [82.223 ns; 84.198 ns] (CI 99.9%), Margin = 0.988 ns (1.19% of Mean)
Skewness = -0.59, Kurtosis = 2.48, MValue = 2
-------------------- Histogram --------------------
[81.092 ns ; 84.767 ns) | @@@@@@@@@@@@
---------------------------------------------------

DataAuthoredQueryBenchmarks.DirectShape: Jit(IterationCount=12, IterationTime=250ms, WarmupCount=16) [Shape=TwoHundredFiftySixTracks, Pattern=Forward]
Runtime = .NET 10.0.12 (10.0.12, 10.0.1226.42308), X64 RyuJIT x86-64-v3; GC = Concurrent Workstation
Mean = 333.937 ns, StdErr = 0.540 ns (0.16%), N = 10, StdDev = 1.708 ns
Min = 329.946 ns, Q1 = 333.221 ns, Median = 334.376 ns, Q3 = 335.146 ns, Max = 335.456 ns
IQR = 1.925 ns, LowerFence = 330.333 ns, UpperFence = 338.034 ns
ConfidenceInterval = [331.355 ns; 336.519 ns] (CI 99.9%), Margin = 2.582 ns (0.77% of Mean)
Skewness = -1.12, Kurtosis = 3.19, MValue = 2
-------------------- Histogram --------------------
[328.906 ns ; 336.497 ns) | @@@@@@@@@@
---------------------------------------------------

DataAuthoredQueryBenchmarks.GeneratedShape: Jit(IterationCount=12, IterationTime=250ms, WarmupCount=16) [Shape=TwoHundredFiftySixTracks, Pattern=Forward]
Runtime = .NET 10.0.12 (10.0.12, 10.0.1226.42308), X64 RyuJIT x86-64-v3; GC = Concurrent Workstation
Mean = 32.963 us, StdErr = 0.065 us (0.20%), N = 12, StdDev = 0.225 us
Min = 32.449 us, Q1 = 32.792 us, Median = 33.026 us, Q3 = 33.148 us, Max = 33.186 us
IQR = 0.356 us, LowerFence = 32.258 us, UpperFence = 33.682 us
ConfidenceInterval = [32.675 us; 33.252 us] (CI 99.9%), Margin = 0.289 us (0.88% of Mean)
Skewness = -0.85, Kurtosis = 2.61, MValue = 2
-------------------- Histogram --------------------
[32.320 us ; 33.315 us) | @@@@@@@@@@@@
---------------------------------------------------

DataAuthoredQueryBenchmarks.DataAuthoredFacade: Jit(IterationCount=12, IterationTime=250ms, WarmupCount=16) [Shape=TwoHundredFiftySixTracks, Pattern=Forward]
Runtime = .NET 10.0.12 (10.0.12, 10.0.1226.42308), X64 RyuJIT x86-64-v3; GC = Concurrent Workstation
Mean = 1.209 us, StdErr = 0.003 us (0.25%), N = 12, StdDev = 0.010 us
Min = 1.195 us, Q1 = 1.201 us, Median = 1.209 us, Q3 = 1.216 us, Max = 1.230 us
IQR = 0.015 us, LowerFence = 1.179 us, UpperFence = 1.239 us
ConfidenceInterval = [1.196 us; 1.222 us] (CI 99.9%), Margin = 0.013 us (1.09% of Mean)
Skewness = 0.46, Kurtosis = 2.17, MValue = 2
-------------------- Histogram --------------------
[1.194 us ; 1.236 us) | @@@@@@@@@@@@
---------------------------------------------------

DataAuthoredQueryBenchmarks.DirectShape: Jit(IterationCount=12, IterationTime=250ms, WarmupCount=16) [Shape=TwoHundredFiftySixTracks, Pattern=Alternating]
Runtime = .NET 10.0.12 (10.0.12, 10.0.1226.42308), X64 RyuJIT x86-64-v3; GC = Concurrent Workstation
Mean = 337.451 ns, StdErr = 0.733 ns (0.22%), N = 10, StdDev = 2.318 ns
Min = 332.769 ns, Q1 = 336.342 ns, Median = 338.329 ns, Q3 = 338.991 ns, Max = 339.676 ns
IQR = 2.649 ns, LowerFence = 332.368 ns, UpperFence = 342.965 ns
ConfidenceInterval = [333.947 ns; 340.955 ns] (CI 99.9%), Margin = 3.504 ns (1.04% of Mean)
Skewness = -0.79, Kurtosis = 2.12, MValue = 2
-------------------- Histogram --------------------
[331.358 ns ; 341.088 ns) | @@@@@@@@@@
---------------------------------------------------

DataAuthoredQueryBenchmarks.GeneratedShape: Jit(IterationCount=12, IterationTime=250ms, WarmupCount=16) [Shape=TwoHundredFiftySixTracks, Pattern=Alternating]
Runtime = .NET 10.0.12 (10.0.12, 10.0.1226.42308), X64 RyuJIT x86-64-v3; GC = Concurrent Workstation
Mean = 34.045 us, StdErr = 0.037 us (0.11%), N = 12, StdDev = 0.127 us
Min = 33.856 us, Q1 = 33.967 us, Median = 34.029 us, Q3 = 34.108 us, Max = 34.263 us
IQR = 0.141 us, LowerFence = 33.755 us, UpperFence = 34.320 us
ConfidenceInterval = [33.882 us; 34.208 us] (CI 99.9%), Margin = 0.163 us (0.48% of Mean)
Skewness = 0.31, Kurtosis = 1.85, MValue = 2
-------------------- Histogram --------------------
[33.783 us ; 34.336 us) | @@@@@@@@@@@@
---------------------------------------------------

DataAuthoredQueryBenchmarks.DataAuthoredFacade: Jit(IterationCount=12, IterationTime=250ms, WarmupCount=16) [Shape=TwoHundredFiftySixTracks, Pattern=Alternating]
Runtime = .NET 10.0.12 (10.0.12, 10.0.1226.42308), X64 RyuJIT x86-64-v3; GC = Concurrent Workstation
Mean = 1.225 us, StdErr = 0.002 us (0.17%), N = 12, StdDev = 0.007 us
Min = 1.212 us, Q1 = 1.221 us, Median = 1.226 us, Q3 = 1.230 us, Max = 1.235 us
IQR = 0.009 us, LowerFence = 1.209 us, UpperFence = 1.243 us
ConfidenceInterval = [1.216 us; 1.234 us] (CI 99.9%), Margin = 0.009 us (0.74% of Mean)
Skewness = -0.39, Kurtosis = 1.9, MValue = 2
-------------------- Histogram --------------------
[1.208 us ; 1.239 us) | @@@@@@@@@@@@
---------------------------------------------------

DataAuthoredQueryBenchmarks.DirectShape: Jit(IterationCount=12, IterationTime=250ms, WarmupCount=16) [Shape=Blend, Pattern=Forward]
Runtime = .NET 10.0.12 (10.0.12, 10.0.1226.42308), X64 RyuJIT x86-64-v3; GC = Concurrent Workstation
Mean = 1.671 ns, StdErr = 0.002 ns (0.10%), N = 11, StdDev = 0.005 ns
Min = 1.665 ns, Q1 = 1.666 ns, Median = 1.672 ns, Q3 = 1.675 ns, Max = 1.679 ns
IQR = 0.009 ns, LowerFence = 1.652 ns, UpperFence = 1.688 ns
ConfidenceInterval = [1.663 ns; 1.678 ns] (CI 99.9%), Margin = 0.008 ns (0.45% of Mean)
Skewness = 0.13, Kurtosis = 1.18, MValue = 2
-------------------- Histogram --------------------
[1.661 ns ; 1.682 ns) | @@@@@@@@@@@
---------------------------------------------------

DataAuthoredQueryBenchmarks.GeneratedShape: Jit(IterationCount=12, IterationTime=250ms, WarmupCount=16) [Shape=Blend, Pattern=Forward]
Runtime = .NET 10.0.12 (10.0.12, 10.0.1226.42308), X64 RyuJIT x86-64-v3; GC = Concurrent Workstation
Mean = 2.498 ns, StdErr = 0.004 ns (0.17%), N = 12, StdDev = 0.015 ns
Min = 2.475 ns, Q1 = 2.486 ns, Median = 2.497 ns, Q3 = 2.510 ns, Max = 2.523 ns
IQR = 0.023 ns, LowerFence = 2.451 ns, UpperFence = 2.545 ns
ConfidenceInterval = [2.479 ns; 2.517 ns] (CI 99.9%), Margin = 0.019 ns (0.75% of Mean)
Skewness = 0.1, Kurtosis = 1.62, MValue = 2
-------------------- Histogram --------------------
[2.467 ns ; 2.532 ns) | @@@@@@@@@@@@
---------------------------------------------------

DataAuthoredQueryBenchmarks.DataAuthoredFacade: Jit(IterationCount=12, IterationTime=250ms, WarmupCount=16) [Shape=Blend, Pattern=Forward]
Runtime = .NET 10.0.12 (10.0.12, 10.0.1226.42308), X64 RyuJIT x86-64-v3; GC = Concurrent Workstation
Mean = 13.535 ns, StdErr = 0.043 ns (0.32%), N = 12, StdDev = 0.149 ns
Min = 13.121 ns, Q1 = 13.500 ns, Median = 13.564 ns, Q3 = 13.600 ns, Max = 13.703 ns
IQR = 0.100 ns, LowerFence = 13.349 ns, UpperFence = 13.751 ns
ConfidenceInterval = [13.343 ns; 13.726 ns] (CI 99.9%), Margin = 0.191 ns (1.41% of Mean)
Skewness = -1.56, Kurtosis = 5.15, MValue = 2
-------------------- Histogram --------------------
[13.035 ns ; 13.399 ns) | @
[13.399 ns ; 13.789 ns) | @@@@@@@@@@@
---------------------------------------------------

DataAuthoredQueryBenchmarks.DirectShape: Jit(IterationCount=12, IterationTime=250ms, WarmupCount=16) [Shape=Blend, Pattern=Alternating]
Runtime = .NET 10.0.12 (10.0.12, 10.0.1226.42308), X64 RyuJIT x86-64-v3; GC = Concurrent Workstation
Mean = 1.861 ns, StdErr = 0.002 ns (0.10%), N = 11, StdDev = 0.006 ns
Min = 1.849 ns, Q1 = 1.858 ns, Median = 1.861 ns, Q3 = 1.864 ns, Max = 1.870 ns
IQR = 0.006 ns, LowerFence = 1.848 ns, UpperFence = 1.874 ns
ConfidenceInterval = [1.853 ns; 1.869 ns] (CI 99.9%), Margin = 0.008 ns (0.44% of Mean)
Skewness = -0.43, Kurtosis = 2.43, MValue = 2
-------------------- Histogram --------------------
[1.845 ns ; 1.874 ns) | @@@@@@@@@@@
---------------------------------------------------

DataAuthoredQueryBenchmarks.GeneratedShape: Jit(IterationCount=12, IterationTime=250ms, WarmupCount=16) [Shape=Blend, Pattern=Alternating]
Runtime = .NET 10.0.12 (10.0.12, 10.0.1226.42308), X64 RyuJIT x86-64-v3; GC = Concurrent Workstation
Mean = 2.776 ns, StdErr = 0.006 ns (0.21%), N = 12, StdDev = 0.020 ns
Min = 2.749 ns, Q1 = 2.754 ns, Median = 2.783 ns, Q3 = 2.787 ns, Max = 2.807 ns
IQR = 0.032 ns, LowerFence = 2.706 ns, UpperFence = 2.835 ns
ConfidenceInterval = [2.750 ns; 2.802 ns] (CI 99.9%), Margin = 0.026 ns (0.92% of Mean)
Skewness = -0.08, Kurtosis = 1.49, MValue = 2
-------------------- Histogram --------------------
[2.738 ns ; 2.808 ns) | @@@@@@@@@@@@
---------------------------------------------------

DataAuthoredQueryBenchmarks.DataAuthoredFacade: Jit(IterationCount=12, IterationTime=250ms, WarmupCount=16) [Shape=Blend, Pattern=Alternating]
Runtime = .NET 10.0.12 (10.0.12, 10.0.1226.42308), X64 RyuJIT x86-64-v3; GC = Concurrent Workstation
Mean = 13.924 ns, StdErr = 0.044 ns (0.32%), N = 12, StdDev = 0.154 ns
Min = 13.634 ns, Q1 = 13.835 ns, Median = 13.937 ns, Q3 = 14.019 ns, Max = 14.171 ns
IQR = 0.184 ns, LowerFence = 13.559 ns, UpperFence = 14.295 ns
ConfidenceInterval = [13.727 ns; 14.121 ns] (CI 99.9%), Margin = 0.197 ns (1.42% of Mean)
Skewness = -0.31, Kurtosis = 2.08, MValue = 2
-------------------- Histogram --------------------
[13.545 ns ; 13.838 ns) | @@@
[13.838 ns ; 14.259 ns) | @@@@@@@@@
---------------------------------------------------

// * Summary *

BenchmarkDotNet v0.15.8, Linux Omarchy
Intel Core i9-14900K 0.80GHz, 1 CPU, 32 logical and 24 physical cores
.NET SDK 10.0.401
  [Host] : .NET 10.0.12 (10.0.12, 10.0.1226.42308), X64 RyuJIT x86-64-v3
  Jit    : .NET 10.0.12 (10.0.12, 10.0.1226.42308), X64 RyuJIT x86-64-v3

Job=Jit  IterationCount=12  IterationTime=250ms  
WarmupCount=16  

| Method             | Shape                    | Pattern     | Mean          | Error       | StdDev      | Median        | Ratio  | RatioSD | Allocated | Alloc Ratio |
|------------------- |------------------------- |------------ |--------------:|------------:|------------:|--------------:|-------:|--------:|----------:|------------:|
| DirectShape        | OneTrack                 | Forward     |      1.360 ns |   0.0403 ns |   0.0267 ns |      1.365 ns |   1.00 |    0.03 |         - |          NA |
| GeneratedShape     | OneTrack                 | Forward     |      1.813 ns |   0.0159 ns |   0.0105 ns |      1.813 ns |   1.33 |    0.03 |         - |          NA |
| DataAuthoredFacade | OneTrack                 | Forward     |     12.644 ns |   0.1027 ns |   0.0802 ns |     12.636 ns |   9.30 |    0.19 |         - |          NA |
|                    |                          |             |               |             |             |               |        |         |           |             |
| DirectShape        | OneTrack                 | Alternating |      1.317 ns |   0.0110 ns |   0.0073 ns |      1.318 ns |   1.00 |    0.01 |         - |          NA |
| GeneratedShape     | OneTrack                 | Alternating |      2.021 ns |   0.0047 ns |   0.0031 ns |      2.021 ns |   1.53 |    0.01 |         - |          NA |
| DataAuthoredFacade | OneTrack                 | Alternating |     13.110 ns |   0.1125 ns |   0.0879 ns |     13.129 ns |   9.95 |    0.08 |         - |          NA |
|                    |                          |             |               |             |             |               |        |         |           |             |
| DirectShape        | ThreeTracks              | Forward     |      2.250 ns |   0.0548 ns |   0.0396 ns |      2.241 ns |   1.00 |    0.02 |         - |          NA |
| GeneratedShape     | ThreeTracks              | Forward     |      3.750 ns |   0.0365 ns |   0.0285 ns |      3.741 ns |   1.67 |    0.03 |         - |          NA |
| DataAuthoredFacade | ThreeTracks              | Forward     |     21.674 ns |   0.1695 ns |   0.1324 ns |     21.627 ns |   9.64 |    0.17 |         - |          NA |
|                    |                          |             |               |             |             |               |        |         |           |             |
| DirectShape        | ThreeTracks              | Alternating |      4.112 ns |   0.0260 ns |   0.0188 ns |      4.115 ns |   1.00 |    0.01 |         - |          NA |
| GeneratedShape     | ThreeTracks              | Alternating |      3.816 ns |   0.0323 ns |   0.0252 ns |      3.819 ns |   0.93 |    0.01 |         - |          NA |
| DataAuthoredFacade | ThreeTracks              | Alternating |     22.180 ns |   0.1289 ns |   0.1006 ns |     22.163 ns |   5.39 |    0.03 |         - |          NA |
|                    |                          |             |               |             |             |               |        |         |           |             |
| DirectShape        | SixteenTracks            | Forward     |     11.865 ns |   0.0332 ns |   0.0219 ns |     11.867 ns |   1.00 |    0.00 |         - |          NA |
| GeneratedShape     | SixteenTracks            | Forward     |     21.926 ns |   0.1777 ns |   0.1388 ns |     21.924 ns |   1.85 |    0.01 |         - |          NA |
| DataAuthoredFacade | SixteenTracks            | Forward     |     82.790 ns |   0.6343 ns |   0.4952 ns |     82.796 ns |   6.98 |    0.04 |         - |          NA |
|                    |                          |             |               |             |             |               |        |         |           |             |
| DirectShape        | SixteenTracks            | Alternating |     18.340 ns |   0.1115 ns |   0.0806 ns |     18.348 ns |   1.00 |    0.01 |         - |          NA |
| GeneratedShape     | SixteenTracks            | Alternating |     19.990 ns |   0.1816 ns |   0.1418 ns |     19.967 ns |   1.09 |    0.01 |         - |          NA |
| DataAuthoredFacade | SixteenTracks            | Alternating |     83.210 ns |   0.9878 ns |   0.7712 ns |     83.334 ns |   4.54 |    0.04 |         - |          NA |
|                    |                          |             |               |             |             |               |        |         |           |             |
| DirectShape        | TwoHundredFiftySixTracks | Forward     |    333.937 ns |   2.5820 ns |   1.7079 ns |    334.376 ns |   1.00 |    0.01 |         - |          NA |
| GeneratedShape     | TwoHundredFiftySixTracks | Forward     | 32,963.431 ns | 288.5243 ns | 225.2608 ns | 33,026.176 ns |  98.71 |    0.81 |         - |          NA |
| DataAuthoredFacade | TwoHundredFiftySixTracks | Forward     |  1,208.854 ns |  13.1924 ns |  10.2997 ns |  1,208.768 ns |   3.62 |    0.03 |         - |          NA |
|                    |                          |             |               |             |             |               |        |         |           |             |
| DirectShape        | TwoHundredFiftySixTracks | Alternating |    337.451 ns |   3.5038 ns |   2.3176 ns |    338.329 ns |   1.00 |    0.01 |         - |          NA |
| GeneratedShape     | TwoHundredFiftySixTracks | Alternating | 34,044.570 ns | 162.9701 ns | 127.2363 ns | 34,029.135 ns | 100.89 |    0.76 |         - |          NA |
| DataAuthoredFacade | TwoHundredFiftySixTracks | Alternating |  1,224.924 ns |   9.0206 ns |   7.0427 ns |  1,226.179 ns |   3.63 |    0.03 |         - |          NA |
|                    |                          |             |               |             |             |               |        |         |           |             |
| DirectShape        | Blend                    | Forward     |      1.671 ns |   0.0075 ns |   0.0054 ns |      1.672 ns |   1.00 |    0.00 |         - |          NA |
| GeneratedShape     | Blend                    | Forward     |      2.498 ns |   0.0187 ns |   0.0146 ns |      2.497 ns |   1.50 |    0.01 |         - |          NA |
| DataAuthoredFacade | Blend                    | Forward     |     13.535 ns |   0.1914 ns |   0.1494 ns |     13.564 ns |   8.10 |    0.09 |         - |          NA |
|                    |                          |             |               |             |             |               |        |         |           |             |
| DirectShape        | Blend                    | Alternating |      1.861 ns |   0.0082 ns |   0.0059 ns |      1.861 ns |   1.00 |    0.00 |         - |          NA |
| GeneratedShape     | Blend                    | Alternating |      2.776 ns |   0.0256 ns |   0.0200 ns |      2.783 ns |   1.49 |    0.01 |         - |          NA |
| DataAuthoredFacade | Blend                    | Alternating |     13.924 ns |   0.1972 ns |   0.1539 ns |     13.937 ns |   7.48 |    0.08 |         - |          NA |

// * Warnings *
MinIterationTime
  DataAuthoredQueryBenchmarks.DataAuthoredFacade: Jit -> The minimum observed iteration time is 60.861ms which is very small. It's recommended to increase it to at least 100ms using more operations.
  DataAuthoredQueryBenchmarks.GeneratedShape: Jit     -> The minimum observed iteration time is 59.473ms which is very small. It's recommended to increase it to at least 100ms using more operations.
  DataAuthoredQueryBenchmarks.DataAuthoredFacade: Jit -> The minimum observed iteration time is 62.894ms which is very small. It's recommended to increase it to at least 100ms using more operations.
  DataAuthoredQueryBenchmarks.GeneratedShape: Jit     -> The minimum observed iteration time is 59.098ms which is very small. It's recommended to increase it to at least 100ms using more operations.
  DataAuthoredQueryBenchmarks.DataAuthoredFacade: Jit -> The minimum observed iteration time is 40.851ms which is very small. It's recommended to increase it to at least 100ms using more operations.
  DataAuthoredQueryBenchmarks.GeneratedShape: Jit     -> The minimum observed iteration time is 60.085ms which is very small. It's recommended to increase it to at least 100ms using more operations.
  DataAuthoredQueryBenchmarks.DataAuthoredFacade: Jit -> The minimum observed iteration time is 41.797ms which is very small. It's recommended to increase it to at least 100ms using more operations.
  DataAuthoredQueryBenchmarks.GeneratedShape: Jit     -> The minimum observed iteration time is 71.196ms which is very small. It's recommended to increase it to at least 100ms using more operations.
  DataAuthoredQueryBenchmarks.DataAuthoredFacade: Jit -> The minimum observed iteration time is 32.252ms which is very small. It's recommended to increase it to at least 100ms using more operations.
  DataAuthoredQueryBenchmarks.GeneratedShape: Jit     -> The minimum observed iteration time is 34.925ms which is very small. It's recommended to increase it to at least 100ms using more operations.
  DataAuthoredQueryBenchmarks.DataAuthoredFacade: Jit -> The minimum observed iteration time is 32.061ms which is very small. It's recommended to increase it to at least 100ms using more operations.
  DataAuthoredQueryBenchmarks.DataAuthoredFacade: Jit -> The minimum observed iteration time is 19.576ms which is very small. It's recommended to increase it to at least 100ms using more operations.
  DataAuthoredQueryBenchmarks.DataAuthoredFacade: Jit -> The minimum observed iteration time is 29.775ms which is very small. It's recommended to increase it to at least 100ms using more operations.
  DataAuthoredQueryBenchmarks.GeneratedShape: Jit     -> The minimum observed iteration time is 64.244ms which is very small. It's recommended to increase it to at least 100ms using more operations.
  DataAuthoredQueryBenchmarks.DataAuthoredFacade: Jit -> The minimum observed iteration time is 57.614ms which is very small. It's recommended to increase it to at least 100ms using more operations.
  DataAuthoredQueryBenchmarks.GeneratedShape: Jit     -> The minimum observed iteration time is 68.117ms which is very small. It's recommended to increase it to at least 100ms using more operations.
  DataAuthoredQueryBenchmarks.DataAuthoredFacade: Jit -> The minimum observed iteration time is 57.185ms which is very small. It's recommended to increase it to at least 100ms using more operations.

// * Hints *
Outliers
  DataAuthoredQueryBenchmarks.DirectShape: Jit        -> 2 outliers were removed, 3 outliers were detected (1.31 ns, 1.55 ns, 1.61 ns)
  DataAuthoredQueryBenchmarks.GeneratedShape: Jit     -> 2 outliers were removed (1.86 ns, 1.91 ns)
  DataAuthoredQueryBenchmarks.DirectShape: Jit        -> 2 outliers were removed (1.35 ns, 1.39 ns)
  DataAuthoredQueryBenchmarks.GeneratedShape: Jit     -> 2 outliers were removed (2.03 ns, 2.04 ns)
  DataAuthoredQueryBenchmarks.DirectShape: Jit        -> 1 outlier  was  removed (2.56 ns)
  DataAuthoredQueryBenchmarks.DirectShape: Jit        -> 1 outlier  was  removed (4.44 ns)
  DataAuthoredQueryBenchmarks.DirectShape: Jit        -> 2 outliers were removed (11.97 ns, 12.60 ns)
  DataAuthoredQueryBenchmarks.DirectShape: Jit        -> 1 outlier  was  removed, 2 outliers were detected (18.13 ns, 19.61 ns)
  DataAuthoredQueryBenchmarks.DataAuthoredFacade: Jit -> 1 outlier  was  detected (81.53 ns)
  DataAuthoredQueryBenchmarks.DirectShape: Jit        -> 2 outliers were removed, 3 outliers were detected (329.95 ns, 339.31 ns, 365.69 ns)
  DataAuthoredQueryBenchmarks.DirectShape: Jit        -> 2 outliers were removed, 3 outliers were detected (332.77 ns, 345.61 ns, 372.27 ns)
  DataAuthoredQueryBenchmarks.DirectShape: Jit        -> 1 outlier  was  removed (1.93 ns)
  DataAuthoredQueryBenchmarks.DataAuthoredFacade: Jit -> 1 outlier  was  detected (13.12 ns)
  DataAuthoredQueryBenchmarks.DirectShape: Jit        -> 1 outlier  was  removed (1.91 ns)

// * Legends *
  Shape       : Value of the 'Shape' parameter
  Pattern     : Value of the 'Pattern' parameter
  Mean        : Arithmetic mean of all measurements
  Error       : Half of 99.9% confidence interval
  StdDev      : Standard deviation of all measurements
  Median      : Value separating the higher half of all measurements (50th percentile)
  Ratio       : Mean of the ratio distribution ([Current]/[Baseline])
  RatioSD     : Standard deviation of the ratio distribution ([Current]/[Baseline])
  Allocated   : Allocated memory per single operation (managed only, inclusive, 1KB = 1024B)
  Alloc Ratio : Allocated memory ratio distribution ([Current]/[Baseline])
  1 ns        : 1 Nanosecond (0.000000001 sec)

// * Diagnostic Output - MemoryDiagnoser *


// ***** BenchmarkRunner: End *****
Run time: 00:02:34 (154.5 sec), executed benchmarks: 30

Global total time: 00:02:42 (162.32 sec), executed benchmarks: 30
// * Artifacts cleanup *
Artifacts cleanup is finished
