// Validating benchmarks:
// ***** BenchmarkRunner: Start   *****
// ***** Found 14 benchmark(s) in total *****
// ***** Building 2 exe(s) in Parallel: Start   *****
// ***** Done, took 00:00:03 (3.49 sec)   *****
// Found 14 benchmarks:
//   PairHandleBenchmarks.Advance: Job-TZECNT(IterationCount=16, IterationTime=200ms, WarmupCount=8) [Shape=LaneUniform]
//   PairHandleBenchmarks.Advance: InProcess(Toolchain=InProcessEmitToolchain) [Shape=LaneUniform]
//   PairHandleBenchmarks.Advance: Job-TZECNT(IterationCount=16, IterationTime=200ms, WarmupCount=8) [Shape=PairOne]
//   PairHandleBenchmarks.Advance: InProcess(Toolchain=InProcessEmitToolchain) [Shape=PairOne]
//   PairHandleBenchmarks.Advance: Job-TZECNT(IterationCount=16, IterationTime=200ms, WarmupCount=8) [Shape=PairRuns8]
//   PairHandleBenchmarks.Advance: InProcess(Toolchain=InProcessEmitToolchain) [Shape=PairRuns8]
//   PairHandleBenchmarks.Advance: Job-TZECNT(IterationCount=16, IterationTime=200ms, WarmupCount=8) [Shape=PairAlternating8]
//   PairHandleBenchmarks.Advance: InProcess(Toolchain=InProcessEmitToolchain) [Shape=PairAlternating8]
//   PairHandleBenchmarks.Advance: Job-TZECNT(IterationCount=16, IterationTime=200ms, WarmupCount=8) [Shape=PairRuns8Waves]
//   PairHandleBenchmarks.Advance: InProcess(Toolchain=InProcessEmitToolchain) [Shape=PairRuns8Waves]
//   PairHandleBenchmarks.Advance: Job-TZECNT(IterationCount=16, IterationTime=200ms, WarmupCount=8) [Shape=PairBlocks8Waves]
//   PairHandleBenchmarks.Advance: InProcess(Toolchain=InProcessEmitToolchain) [Shape=PairBlocks8Waves]
//   PairHandleBenchmarks.Advance: Job-TZECNT(IterationCount=16, IterationTime=200ms, WarmupCount=8) [Shape=PairA(...)Waves [21]]
//   PairHandleBenchmarks.Advance: InProcess(Toolchain=InProcessEmitToolchain) [Shape=PairA(...)Waves [21]]

// **************************
// Benchmark: PairHandleBenchmarks.Advance: Job-TZECNT(IterationCount=16, IterationTime=200ms, WarmupCount=8) [Shape=LaneUniform]
// *** Execute ***
// Launch: 1 / 1
// Execute: dotnet PairHandles-Job-TZECNT-1.dll --anonymousPipes 140 141 --benchmarkName "Tl.PairHandlesProbe.PairHandleBenchmarks.Advance(Shape: LaneUniform)" --job "IterationCount=16, IterationTime=200ms, WarmupCount=8" --benchmarkId 0 in /home/i/GitHub/tl-193-shrink/benchmarks/PairHandles/bin/Release/net10.0/PairHandles-Job-TZECNT-1/bin/Release/net10.0
// Failed to set up high priority (Permission denied). In order to run benchmarks with high priority, make sure you have the right permissions.
// BeforeAnythingElse

// Benchmark Process Environment Information:
// BenchmarkDotNet v0.15.8
// Runtime=.NET 10.0.12 (10.0.12, 10.0.1226.42308), X64 RyuJIT x86-64-v3
// GC=Concurrent Workstation
// HardwareIntrinsics=AVX2+BMI1+BMI2+F16C+FMA+LZCNT+MOVBE,AVX,SSE3+SSSE3+SSE4.1+SSE4.2+POPCNT,X86Base+SSE+SSE2,AES+PCLMUL,AvxVnni,SERIALIZE VectorSize=256
// Job: Job-TZECNT(IterationCount=16, IterationTime=200ms, WarmupCount=8)

OverheadJitting  1: 1 op, 79299.00 ns, 79.2990 us/op
WorkloadJitting  1: 1 op, 7094799.00 ns, 7.0948 ms/op

OverheadJitting  2: 16 op, 106191.00 ns, 6.6369 us/op
WorkloadJitting  2: 16 op, 951756.00 ns, 59.4848 us/op

WorkloadPilot    1: 16 op, 729593.00 ns, 45.5996 us/op
WorkloadPilot    2: 4400 op, 159190171.00 ns, 36.1796 us/op
WorkloadPilot    3: 5536 op, 119930255.00 ns, 21.6637 us/op
WorkloadPilot    4: 9232 op, 200356295.00 ns, 21.7024 us/op
WorkloadPilot    5: 9216 op, 198840277.00 ns, 21.5756 us/op
WorkloadPilot    6: 9280 op, 201887253.00 ns, 21.7551 us/op
WorkloadPilot    7: 9200 op, 167371105.00 ns, 18.1925 us/op
WorkloadPilot    8: 11008 op, 211886697.00 ns, 19.2484 us/op

OverheadWarmup   1: 11008 op, 20230.00 ns, 1.8378 ns/op
OverheadWarmup   2: 11008 op, 17339.00 ns, 1.5751 ns/op
OverheadWarmup   3: 11008 op, 18269.00 ns, 1.6596 ns/op
OverheadWarmup   4: 11008 op, 18166.00 ns, 1.6503 ns/op
OverheadWarmup   5: 11008 op, 18160.00 ns, 1.6497 ns/op
OverheadWarmup   6: 11008 op, 18433.00 ns, 1.6745 ns/op
OverheadWarmup   7: 11008 op, 18055.00 ns, 1.6402 ns/op

OverheadActual   1: 11008 op, 18325.00 ns, 1.6647 ns/op
OverheadActual   2: 11008 op, 18355.00 ns, 1.6674 ns/op
OverheadActual   3: 11008 op, 18337.00 ns, 1.6658 ns/op
OverheadActual   4: 11008 op, 18168.00 ns, 1.6504 ns/op
OverheadActual   5: 11008 op, 18517.00 ns, 1.6821 ns/op
OverheadActual   6: 11008 op, 18126.00 ns, 1.6466 ns/op
OverheadActual   7: 11008 op, 18091.00 ns, 1.6434 ns/op
OverheadActual   8: 11008 op, 18077.00 ns, 1.6422 ns/op
OverheadActual   9: 11008 op, 18080.00 ns, 1.6424 ns/op
OverheadActual  10: 11008 op, 18089.00 ns, 1.6433 ns/op
OverheadActual  11: 11008 op, 18194.00 ns, 1.6528 ns/op
OverheadActual  12: 11008 op, 18100.00 ns, 1.6443 ns/op
OverheadActual  13: 11008 op, 18114.00 ns, 1.6455 ns/op
OverheadActual  14: 11008 op, 18122.00 ns, 1.6463 ns/op
OverheadActual  15: 11008 op, 18092.00 ns, 1.6435 ns/op

WorkloadWarmup   1: 11008 op, 238006402.00 ns, 21.6212 us/op
WorkloadWarmup   2: 11008 op, 238183415.00 ns, 21.6373 us/op
WorkloadWarmup   3: 11008 op, 222791591.00 ns, 20.2391 us/op
WorkloadWarmup   4: 11008 op, 212981278.00 ns, 19.3479 us/op
WorkloadWarmup   5: 11008 op, 200084672.00 ns, 18.1763 us/op
WorkloadWarmup   6: 11008 op, 200465134.00 ns, 18.2109 us/op
WorkloadWarmup   7: 11008 op, 200184038.00 ns, 18.1853 us/op
WorkloadWarmup   8: 11008 op, 201012111.00 ns, 18.2605 us/op

// BeforeActualRun
WorkloadActual   1: 11008 op, 200292409.00 ns, 18.1952 us/op
WorkloadActual   2: 11008 op, 200541484.00 ns, 18.2178 us/op
WorkloadActual   3: 11008 op, 200566208.00 ns, 18.2200 us/op
WorkloadActual   4: 11008 op, 200159945.00 ns, 18.1831 us/op
WorkloadActual   5: 11008 op, 201235092.00 ns, 18.2808 us/op
WorkloadActual   6: 11008 op, 200303830.00 ns, 18.1962 us/op
WorkloadActual   7: 11008 op, 201178366.00 ns, 18.2757 us/op
WorkloadActual   8: 11008 op, 199934535.00 ns, 18.1627 us/op
WorkloadActual   9: 11008 op, 200278494.00 ns, 18.1939 us/op
WorkloadActual  10: 11008 op, 200996996.00 ns, 18.2592 us/op
WorkloadActual  11: 11008 op, 200343909.00 ns, 18.1998 us/op
WorkloadActual  12: 11008 op, 200024704.00 ns, 18.1708 us/op
WorkloadActual  13: 11008 op, 200058477.00 ns, 18.1739 us/op
WorkloadActual  14: 11008 op, 200785839.00 ns, 18.2400 us/op
WorkloadActual  15: 11008 op, 200444942.00 ns, 18.2090 us/op
WorkloadActual  16: 11008 op, 200001317.00 ns, 18.1687 us/op

// AfterActualRun
WorkloadResult   1: 11008 op, 200274287.00 ns, 18.1935 us/op
WorkloadResult   2: 11008 op, 200523362.00 ns, 18.2161 us/op
WorkloadResult   3: 11008 op, 200548086.00 ns, 18.2184 us/op
WorkloadResult   4: 11008 op, 200141823.00 ns, 18.1815 us/op
WorkloadResult   5: 11008 op, 201216970.00 ns, 18.2792 us/op
WorkloadResult   6: 11008 op, 200285708.00 ns, 18.1946 us/op
WorkloadResult   7: 11008 op, 201160244.00 ns, 18.2740 us/op
WorkloadResult   8: 11008 op, 199916413.00 ns, 18.1610 us/op
WorkloadResult   9: 11008 op, 200260372.00 ns, 18.1923 us/op
WorkloadResult  10: 11008 op, 200978874.00 ns, 18.2575 us/op
WorkloadResult  11: 11008 op, 200325787.00 ns, 18.1982 us/op
WorkloadResult  12: 11008 op, 200006582.00 ns, 18.1692 us/op
WorkloadResult  13: 11008 op, 200040355.00 ns, 18.1723 us/op
WorkloadResult  14: 11008 op, 200767717.00 ns, 18.2383 us/op
WorkloadResult  15: 11008 op, 200426820.00 ns, 18.2074 us/op
WorkloadResult  16: 11008 op, 199983195.00 ns, 18.1671 us/op
// GC:  0 0 0 0 11008
// Threading:  0 0 11008

// AfterAll
// Benchmark Process 438394 has exited with code 0.

Mean = 18.208 μs, StdErr = 0.009 μs (0.05%), N = 16, StdDev = 0.037 μs
Min = 18.161 μs, Q1 = 18.179 μs, Median = 18.196 μs, Q3 = 18.223 μs, Max = 18.279 μs
IQR = 0.044 μs, LowerFence = 18.113 μs, UpperFence = 18.290 μs
ConfidenceInterval = [18.169 μs; 18.246 μs] (CI 99.9%), Margin = 0.038 μs (0.21% of Mean)
Skewness = 0.62, Kurtosis = 2.05, MValue = 2

// ** Remained 13 (92.9 %) benchmark(s) to run. Estimated finish 2026-09-19 2:29 (0h 1m from now) **
// **************************
// Benchmark: PairHandleBenchmarks.Advance: InProcess(Toolchain=InProcessEmitToolchain) [Shape=LaneUniform]
// *** Execute ***
// Launch: 1 / 1
// ! Failed to set up priority High for process System.Diagnostics.Process (PairHandles). Make sure you have the right permissions. Message: Permission denied

// Benchmark Process Environment Information:
// BenchmarkDotNet v0.15.8
// Runtime=.NET 10.0.12 (10.0.12, 10.0.1226.42308), X64 RyuJIT x86-64-v3
// GC=Concurrent Workstation
// HardwareIntrinsics=AVX2+BMI1+BMI2+F16C+FMA+LZCNT+MOVBE,AVX,SSE3+SSSE3+SSE4.1+SSE4.2+POPCNT,X86Base+SSE+SSE2,AES+PCLMUL,AvxVnni,SERIALIZE VectorSize=256
// Job: Job-JWQWGO(Toolchain=InProcessEmitToolchain)

OverheadJitting  1: 1 op, 77828.00 ns, 77.8280 us/op
WorkloadJitting  1: 1 op, 1100866.00 ns, 1.1009 ms/op

OverheadJitting  2: 16 op, 111382.00 ns, 6.9614 us/op
WorkloadJitting  2: 16 op, 808533.00 ns, 50.5333 us/op

WorkloadPilot    1: 16 op, 705655.00 ns, 44.1034 us/op
WorkloadPilot    2: 32 op, 1333358.00 ns, 41.6674 us/op
WorkloadPilot    3: 64 op, 2644644.00 ns, 41.3226 us/op
WorkloadPilot    4: 128 op, 5216304.00 ns, 40.7524 us/op
WorkloadPilot    5: 256 op, 10465424.00 ns, 40.8806 us/op
WorkloadPilot    6: 512 op, 20570756.00 ns, 40.1773 us/op
WorkloadPilot    7: 1024 op, 41108330.00 ns, 40.1449 us/op
WorkloadPilot    8: 2048 op, 82173399.00 ns, 40.1237 us/op
WorkloadPilot    9: 4096 op, 155834086.00 ns, 38.0454 us/op
WorkloadPilot   10: 8192 op, 177479094.00 ns, 21.6649 us/op
WorkloadPilot   11: 16384 op, 328866305.00 ns, 20.0724 us/op
WorkloadPilot   12: 32768 op, 597377064.00 ns, 18.2305 us/op

OverheadWarmup   1: 32768 op, 40787.00 ns, 1.2447 ns/op
OverheadWarmup   2: 32768 op, 40143.00 ns, 1.2251 ns/op
OverheadWarmup   3: 32768 op, 40173.00 ns, 1.2260 ns/op
OverheadWarmup   4: 32768 op, 40082.00 ns, 1.2232 ns/op
OverheadWarmup   5: 32768 op, 40059.00 ns, 1.2225 ns/op
OverheadWarmup   6: 32768 op, 43061.00 ns, 1.3141 ns/op
OverheadWarmup   7: 32768 op, 40013.00 ns, 1.2211 ns/op

OverheadActual   1: 32768 op, 42293.00 ns, 1.2907 ns/op
OverheadActual   2: 32768 op, 40185.00 ns, 1.2263 ns/op
OverheadActual   3: 32768 op, 42305.00 ns, 1.2910 ns/op
OverheadActual   4: 32768 op, 42219.00 ns, 1.2884 ns/op
OverheadActual   5: 32768 op, 42295.00 ns, 1.2907 ns/op
OverheadActual   6: 32768 op, 42232.00 ns, 1.2888 ns/op
OverheadActual   7: 32768 op, 45177.00 ns, 1.3787 ns/op
OverheadActual   8: 32768 op, 42207.00 ns, 1.2881 ns/op
OverheadActual   9: 32768 op, 42190.00 ns, 1.2875 ns/op
OverheadActual  10: 32768 op, 42200.00 ns, 1.2878 ns/op
OverheadActual  11: 32768 op, 42233.00 ns, 1.2888 ns/op
OverheadActual  12: 32768 op, 42195.00 ns, 1.2877 ns/op
OverheadActual  13: 32768 op, 42177.00 ns, 1.2871 ns/op
OverheadActual  14: 32768 op, 42178.00 ns, 1.2872 ns/op
OverheadActual  15: 32768 op, 42218.00 ns, 1.2884 ns/op

WorkloadWarmup   1: 32768 op, 597918733.00 ns, 18.2470 us/op
WorkloadWarmup   2: 32768 op, 598248221.00 ns, 18.2571 us/op
WorkloadWarmup   3: 32768 op, 596813881.00 ns, 18.2133 us/op
WorkloadWarmup   4: 32768 op, 642971172.00 ns, 19.6219 us/op
WorkloadWarmup   5: 32768 op, 597733224.00 ns, 18.2414 us/op
WorkloadWarmup   6: 32768 op, 629159653.00 ns, 19.2004 us/op

WorkloadActual   1: 32768 op, 597871664.00 ns, 18.2456 us/op
WorkloadActual   2: 32768 op, 596824845.00 ns, 18.2136 us/op
WorkloadActual   3: 32768 op, 597747990.00 ns, 18.2418 us/op
WorkloadActual   4: 32768 op, 597905522.00 ns, 18.2466 us/op
WorkloadActual   5: 32768 op, 599021011.00 ns, 18.2807 us/op
WorkloadActual   6: 32768 op, 661188940.00 ns, 20.1779 us/op
WorkloadActual   7: 32768 op, 661231396.00 ns, 20.1792 us/op
WorkloadActual   8: 32768 op, 707462793.00 ns, 21.5901 us/op
WorkloadActual   9: 32768 op, 634320840.00 ns, 19.3579 us/op
WorkloadActual  10: 32768 op, 597956745.00 ns, 18.2482 us/op
WorkloadActual  11: 32768 op, 597683341.00 ns, 18.2398 us/op
WorkloadActual  12: 32768 op, 597685679.00 ns, 18.2399 us/op
WorkloadActual  13: 32768 op, 596661074.00 ns, 18.2087 us/op
WorkloadActual  14: 32768 op, 653556233.00 ns, 19.9450 us/op
WorkloadActual  15: 32768 op, 596733772.00 ns, 18.2109 us/op
WorkloadActual  16: 32768 op, 597942991.00 ns, 18.2478 us/op
WorkloadActual  17: 32768 op, 598209480.00 ns, 18.2559 us/op
WorkloadActual  18: 32768 op, 597929764.00 ns, 18.2474 us/op
WorkloadActual  19: 32768 op, 598091928.00 ns, 18.2523 us/op

WorkloadResult   1: 32768 op, 597829446.00 ns, 18.2443 us/op
WorkloadResult   2: 32768 op, 596782627.00 ns, 18.2124 us/op
WorkloadResult   3: 32768 op, 597705772.00 ns, 18.2405 us/op
WorkloadResult   4: 32768 op, 597863304.00 ns, 18.2453 us/op
WorkloadResult   5: 32768 op, 598978793.00 ns, 18.2794 us/op
WorkloadResult   6: 32768 op, 634278622.00 ns, 19.3566 us/op
WorkloadResult   7: 32768 op, 597914527.00 ns, 18.2469 us/op
WorkloadResult   8: 32768 op, 597641123.00 ns, 18.2386 us/op
WorkloadResult   9: 32768 op, 597643461.00 ns, 18.2386 us/op
WorkloadResult  10: 32768 op, 596618856.00 ns, 18.2074 us/op
WorkloadResult  11: 32768 op, 596691554.00 ns, 18.2096 us/op
WorkloadResult  12: 32768 op, 597900773.00 ns, 18.2465 us/op
WorkloadResult  13: 32768 op, 598167262.00 ns, 18.2546 us/op
WorkloadResult  14: 32768 op, 597887546.00 ns, 18.2461 us/op
WorkloadResult  15: 32768 op, 598049710.00 ns, 18.2510 us/op
// GC:  0 0 0 0 32768
// Threading:  0 0 32768


Mean = 18.315 μs, StdErr = 0.075 μs (0.41%), N = 15, StdDev = 0.289 μs
Min = 18.207 μs, Q1 = 18.239 μs, Median = 18.245 μs, Q3 = 18.249 μs, Max = 19.357 μs
IQR = 0.010 μs, LowerFence = 18.223 μs, UpperFence = 18.265 μs
ConfidenceInterval = [18.006 μs; 18.623 μs] (CI 99.9%), Margin = 0.309 μs (1.69% of Mean)
Skewness = 3.11, Kurtosis = 11.29, MValue = 2

// ** Remained 12 (85.7 %) benchmark(s) to run. Estimated finish 2026-09-19 2:30 (0h 2m from now) **
// **************************
// Benchmark: PairHandleBenchmarks.Advance: Job-TZECNT(IterationCount=16, IterationTime=200ms, WarmupCount=8) [Shape=PairOne]
// *** Execute ***
// Launch: 1 / 1
// Execute: dotnet PairHandles-Job-TZECNT-1.dll --anonymousPipes 120 121 --benchmarkName "Tl.PairHandlesProbe.PairHandleBenchmarks.Advance(Shape: PairOne)" --job "IterationCount=16, IterationTime=200ms, WarmupCount=8" --benchmarkId 1 in /home/i/GitHub/tl-193-shrink/benchmarks/PairHandles/bin/Release/net10.0/PairHandles-Job-TZECNT-1/bin/Release/net10.0
// Failed to set up high priority (Permission denied). In order to run benchmarks with high priority, make sure you have the right permissions.
// BeforeAnythingElse

// Benchmark Process Environment Information:
// BenchmarkDotNet v0.15.8
// Runtime=.NET 10.0.12 (10.0.12, 10.0.1226.42308), X64 RyuJIT x86-64-v3
// GC=Concurrent Workstation
// HardwareIntrinsics=AVX2+BMI1+BMI2+F16C+FMA+LZCNT+MOVBE,AVX,SSE3+SSSE3+SSE4.1+SSE4.2+POPCNT,X86Base+SSE+SSE2,AES+PCLMUL,AvxVnni,SERIALIZE VectorSize=256
// Job: Job-TZECNT(IterationCount=16, IterationTime=200ms, WarmupCount=8)

OverheadJitting  1: 1 op, 79835.00 ns, 79.8350 us/op
WorkloadJitting  1: 1 op, 7417340.00 ns, 7.4173 ms/op

OverheadJitting  2: 16 op, 107472.00 ns, 6.7170 us/op
WorkloadJitting  2: 16 op, 923398.00 ns, 57.7124 us/op

WorkloadPilot    1: 16 op, 738496.00 ns, 46.1560 us/op
WorkloadPilot    2: 4336 op, 152090495.00 ns, 35.0762 us/op
WorkloadPilot    3: 5712 op, 123545953.00 ns, 21.6292 us/op
WorkloadPilot    4: 9248 op, 200410624.00 ns, 21.6707 us/op
WorkloadPilot    5: 9232 op, 199361067.00 ns, 21.5946 us/op
WorkloadPilot    6: 9264 op, 194465372.00 ns, 20.9915 us/op
WorkloadPilot    7: 9536 op, 174009621.00 ns, 18.2477 us/op
WorkloadPilot    8: 10960 op, 199279824.00 ns, 18.1825 us/op
WorkloadPilot    9: 11008 op, 205412635.00 ns, 18.6603 us/op
WorkloadPilot   10: 10720 op, 232408476.00 ns, 21.6799 us/op

OverheadWarmup   1: 10720 op, 19543.00 ns, 1.8230 ns/op
OverheadWarmup   2: 10720 op, 19488.00 ns, 1.8179 ns/op
OverheadWarmup   3: 10720 op, 19500.00 ns, 1.8190 ns/op
OverheadWarmup   4: 10720 op, 19461.00 ns, 1.8154 ns/op
OverheadWarmup   5: 10720 op, 19464.00 ns, 1.8157 ns/op
OverheadWarmup   6: 10720 op, 19444.00 ns, 1.8138 ns/op

OverheadActual   1: 10720 op, 19939.00 ns, 1.8600 ns/op
OverheadActual   2: 10720 op, 19712.00 ns, 1.8388 ns/op
OverheadActual   3: 10720 op, 19753.00 ns, 1.8426 ns/op
OverheadActual   4: 10720 op, 19540.00 ns, 1.8228 ns/op
OverheadActual   5: 10720 op, 19645.00 ns, 1.8326 ns/op
OverheadActual   6: 10720 op, 19525.00 ns, 1.8214 ns/op
OverheadActual   7: 10720 op, 19634.00 ns, 1.8315 ns/op
OverheadActual   8: 10720 op, 19480.00 ns, 1.8172 ns/op
OverheadActual   9: 10720 op, 19480.00 ns, 1.8172 ns/op
OverheadActual  10: 10720 op, 19484.00 ns, 1.8175 ns/op
OverheadActual  11: 10720 op, 19492.00 ns, 1.8183 ns/op
OverheadActual  12: 10720 op, 19466.00 ns, 1.8159 ns/op
OverheadActual  13: 10720 op, 19581.00 ns, 1.8266 ns/op
OverheadActual  14: 10720 op, 19503.00 ns, 1.8193 ns/op
OverheadActual  15: 10720 op, 19477.00 ns, 1.8169 ns/op

WorkloadWarmup   1: 10720 op, 229567740.00 ns, 21.4149 us/op
WorkloadWarmup   2: 10720 op, 195662496.00 ns, 18.2521 us/op
WorkloadWarmup   3: 10720 op, 231224301.00 ns, 21.5694 us/op
WorkloadWarmup   4: 10720 op, 222165449.00 ns, 20.7244 us/op
WorkloadWarmup   5: 10720 op, 194854340.00 ns, 18.1767 us/op
WorkloadWarmup   6: 10720 op, 195099994.00 ns, 18.1996 us/op
WorkloadWarmup   7: 10720 op, 204662222.00 ns, 19.0916 us/op
WorkloadWarmup   8: 10720 op, 196339737.00 ns, 18.3153 us/op

// BeforeActualRun
WorkloadActual   1: 10720 op, 215671786.00 ns, 20.1186 us/op
WorkloadActual   2: 10720 op, 231859115.00 ns, 21.6286 us/op
WorkloadActual   3: 10720 op, 196137354.00 ns, 18.2964 us/op
WorkloadActual   4: 10720 op, 194907409.00 ns, 18.1817 us/op
WorkloadActual   5: 10720 op, 194656260.00 ns, 18.1582 us/op
WorkloadActual   6: 10720 op, 194713175.00 ns, 18.1635 us/op
WorkloadActual   7: 10720 op, 194743945.00 ns, 18.1664 us/op
WorkloadActual   8: 10720 op, 195591482.00 ns, 18.2455 us/op
WorkloadActual   9: 10720 op, 231287745.00 ns, 21.5753 us/op
WorkloadActual  10: 10720 op, 222678617.00 ns, 20.7723 us/op
WorkloadActual  11: 10720 op, 231679659.00 ns, 21.6119 us/op
WorkloadActual  12: 10720 op, 231907584.00 ns, 21.6332 us/op
WorkloadActual  13: 10720 op, 203038785.00 ns, 18.9402 us/op
WorkloadActual  14: 10720 op, 194894356.00 ns, 18.1804 us/op
WorkloadActual  15: 10720 op, 194820121.00 ns, 18.1735 us/op
WorkloadActual  16: 10720 op, 194788321.00 ns, 18.1706 us/op

// AfterActualRun
WorkloadResult   1: 10720 op, 215652261.00 ns, 20.1168 us/op
WorkloadResult   2: 10720 op, 231839590.00 ns, 21.6268 us/op
WorkloadResult   3: 10720 op, 196117829.00 ns, 18.2946 us/op
WorkloadResult   4: 10720 op, 194887884.00 ns, 18.1798 us/op
WorkloadResult   5: 10720 op, 194636735.00 ns, 18.1564 us/op
WorkloadResult   6: 10720 op, 194693650.00 ns, 18.1617 us/op
WorkloadResult   7: 10720 op, 194724420.00 ns, 18.1646 us/op
WorkloadResult   8: 10720 op, 195571957.00 ns, 18.2437 us/op
WorkloadResult   9: 10720 op, 231268220.00 ns, 21.5735 us/op
WorkloadResult  10: 10720 op, 222659092.00 ns, 20.7704 us/op
WorkloadResult  11: 10720 op, 231660134.00 ns, 21.6101 us/op
WorkloadResult  12: 10720 op, 231888059.00 ns, 21.6313 us/op
WorkloadResult  13: 10720 op, 203019260.00 ns, 18.9384 us/op
WorkloadResult  14: 10720 op, 194874831.00 ns, 18.1786 us/op
WorkloadResult  15: 10720 op, 194800596.00 ns, 18.1717 us/op
WorkloadResult  16: 10720 op, 194768796.00 ns, 18.1687 us/op
// GC:  0 0 0 0 10720
// Threading:  0 0 10720

// AfterAll
// Benchmark Process 440010 has exited with code 0.

Mean = 19.374 μs, StdErr = 0.384 μs (1.98%), N = 16, StdDev = 1.534 μs
Min = 18.156 μs, Q1 = 18.171 μs, Median = 18.269 μs, Q3 = 20.971 μs, Max = 21.631 μs
IQR = 2.800 μs, LowerFence = 13.971 μs, UpperFence = 25.172 μs
ConfidenceInterval = [17.812 μs; 20.936 μs] (CI 99.9%), Margin = 1.562 μs (8.06% of Mean)
Skewness = 0.57, Kurtosis = 1.38, MValue = 3.2

// ** Remained 11 (78.6 %) benchmark(s) to run. Estimated finish 2026-09-19 2:29 (0h 1m from now) **
// **************************
// Benchmark: PairHandleBenchmarks.Advance: InProcess(Toolchain=InProcessEmitToolchain) [Shape=PairOne]
// *** Execute ***
// Launch: 1 / 1
// ! Failed to set up priority High for process System.Diagnostics.Process (PairHandles). Make sure you have the right permissions. Message: Permission denied

// Benchmark Process Environment Information:
// BenchmarkDotNet v0.15.8
// Runtime=.NET 10.0.12 (10.0.12, 10.0.1226.42308), X64 RyuJIT x86-64-v3
// GC=Concurrent Workstation
// HardwareIntrinsics=AVX2+BMI1+BMI2+F16C+FMA+LZCNT+MOVBE,AVX,SSE3+SSSE3+SSE4.1+SSE4.2+POPCNT,X86Base+SSE+SSE2,AES+PCLMUL,AvxVnni,SERIALIZE VectorSize=256
// Job: Job-JWQWGO(Toolchain=InProcessEmitToolchain)

OverheadJitting  1: 1 op, 95017.00 ns, 95.0170 us/op
WorkloadJitting  1: 1 op, 115109.00 ns, 115.1090 us/op

OverheadJitting  2: 16 op, 130165.00 ns, 8.1353 us/op
WorkloadJitting  2: 16 op, 433614.00 ns, 27.1009 us/op

WorkloadPilot    1: 16 op, 309224.00 ns, 19.3265 us/op
WorkloadPilot    2: 32 op, 628396.00 ns, 19.6374 us/op
WorkloadPilot    3: 64 op, 1232372.00 ns, 19.2558 us/op
WorkloadPilot    4: 128 op, 2456160.00 ns, 19.1888 us/op
WorkloadPilot    5: 256 op, 5083091.00 ns, 19.8558 us/op
WorkloadPilot    6: 512 op, 9793206.00 ns, 19.1274 us/op
WorkloadPilot    7: 1024 op, 18539402.00 ns, 18.1049 us/op
WorkloadPilot    8: 2048 op, 36994239.00 ns, 18.0636 us/op
WorkloadPilot    9: 4096 op, 78022369.00 ns, 19.0484 us/op
WorkloadPilot   10: 8192 op, 151534070.00 ns, 18.4978 us/op
WorkloadPilot   11: 16384 op, 309991599.00 ns, 18.9204 us/op
WorkloadPilot   12: 32768 op, 608330264.00 ns, 18.5648 us/op

OverheadWarmup   1: 32768 op, 42164.00 ns, 1.2867 ns/op
OverheadWarmup   2: 32768 op, 40165.00 ns, 1.2257 ns/op
OverheadWarmup   3: 32768 op, 39983.00 ns, 1.2202 ns/op
OverheadWarmup   4: 32768 op, 39984.00 ns, 1.2202 ns/op
OverheadWarmup   5: 32768 op, 42638.00 ns, 1.3012 ns/op
OverheadWarmup   6: 32768 op, 39984.00 ns, 1.2202 ns/op
OverheadWarmup   7: 32768 op, 39999.00 ns, 1.2207 ns/op
OverheadWarmup   8: 32768 op, 39992.00 ns, 1.2205 ns/op

OverheadActual   1: 32768 op, 40973.00 ns, 1.2504 ns/op
OverheadActual   2: 32768 op, 40828.00 ns, 1.2460 ns/op
OverheadActual   3: 32768 op, 42074.00 ns, 1.2840 ns/op
OverheadActual   4: 32768 op, 42102.00 ns, 1.2849 ns/op
OverheadActual   5: 32768 op, 42074.00 ns, 1.2840 ns/op
OverheadActual   6: 32768 op, 42081.00 ns, 1.2842 ns/op
OverheadActual   7: 32768 op, 42114.00 ns, 1.2852 ns/op
OverheadActual   8: 32768 op, 42114.00 ns, 1.2852 ns/op
OverheadActual   9: 32768 op, 42104.00 ns, 1.2849 ns/op
OverheadActual  10: 32768 op, 42105.00 ns, 1.2849 ns/op
OverheadActual  11: 32768 op, 42104.00 ns, 1.2849 ns/op
OverheadActual  12: 32768 op, 42100.00 ns, 1.2848 ns/op
OverheadActual  13: 32768 op, 42105.00 ns, 1.2849 ns/op
OverheadActual  14: 32768 op, 42105.00 ns, 1.2849 ns/op
OverheadActual  15: 32768 op, 42103.00 ns, 1.2849 ns/op

WorkloadWarmup   1: 32768 op, 610647977.00 ns, 18.6355 us/op
WorkloadWarmup   2: 32768 op, 591346237.00 ns, 18.0465 us/op
WorkloadWarmup   3: 32768 op, 595571623.00 ns, 18.1754 us/op
WorkloadWarmup   4: 32768 op, 621289461.00 ns, 18.9602 us/op
WorkloadWarmup   5: 32768 op, 620450795.00 ns, 18.9347 us/op
WorkloadWarmup   6: 32768 op, 627434672.00 ns, 19.1478 us/op
WorkloadWarmup   7: 32768 op, 605466356.00 ns, 18.4774 us/op

WorkloadActual   1: 32768 op, 591915016.00 ns, 18.0638 us/op
WorkloadActual   2: 32768 op, 591465248.00 ns, 18.0501 us/op
WorkloadActual   3: 32768 op, 596522851.00 ns, 18.2044 us/op
WorkloadActual   4: 32768 op, 592533532.00 ns, 18.0827 us/op
WorkloadActual   5: 32768 op, 591826818.00 ns, 18.0611 us/op
WorkloadActual   6: 32768 op, 597009300.00 ns, 18.2193 us/op
WorkloadActual   7: 32768 op, 630782632.00 ns, 19.2500 us/op
WorkloadActual   8: 32768 op, 603519887.00 ns, 18.4180 us/op
WorkloadActual   9: 32768 op, 591160397.00 ns, 18.0408 us/op
WorkloadActual  10: 32768 op, 622201954.00 ns, 18.9881 us/op
WorkloadActual  11: 32768 op, 623363008.00 ns, 19.0235 us/op
WorkloadActual  12: 32768 op, 593123942.00 ns, 18.1007 us/op
WorkloadActual  13: 32768 op, 591616084.00 ns, 18.0547 us/op
WorkloadActual  14: 32768 op, 590645255.00 ns, 18.0251 us/op
WorkloadActual  15: 32768 op, 592386480.00 ns, 18.0782 us/op

WorkloadResult   1: 32768 op, 591872913.00 ns, 18.0625 us/op
WorkloadResult   2: 32768 op, 591423145.00 ns, 18.0488 us/op
WorkloadResult   3: 32768 op, 596480748.00 ns, 18.2031 us/op
WorkloadResult   4: 32768 op, 592491429.00 ns, 18.0814 us/op
WorkloadResult   5: 32768 op, 591784715.00 ns, 18.0598 us/op
WorkloadResult   6: 32768 op, 596967197.00 ns, 18.2180 us/op
WorkloadResult   7: 32768 op, 603477784.00 ns, 18.4167 us/op
WorkloadResult   8: 32768 op, 591118294.00 ns, 18.0395 us/op
WorkloadResult   9: 32768 op, 593081839.00 ns, 18.0994 us/op
WorkloadResult  10: 32768 op, 591573981.00 ns, 18.0534 us/op
WorkloadResult  11: 32768 op, 590603152.00 ns, 18.0238 us/op
WorkloadResult  12: 32768 op, 592344377.00 ns, 18.0769 us/op
// GC:  0 0 0 4656 32768
// Threading:  0 0 32768


Mean = 18.115 μs, StdErr = 0.033 μs (0.18%), N = 12, StdDev = 0.113 μs
Min = 18.024 μs, Q1 = 18.052 μs, Median = 18.070 μs, Q3 = 18.125 μs, Max = 18.417 μs
IQR = 0.073 μs, LowerFence = 17.943 μs, UpperFence = 18.235 μs
ConfidenceInterval = [17.971 μs; 18.260 μs] (CI 99.9%), Margin = 0.145 μs (0.80% of Mean)
Skewness = 1.56, Kurtosis = 4.4, MValue = 2

// ** Remained 10 (71.4 %) benchmark(s) to run. Estimated finish 2026-09-19 2:30 (0h 1m from now) **
// **************************
// Benchmark: PairHandleBenchmarks.Advance: Job-TZECNT(IterationCount=16, IterationTime=200ms, WarmupCount=8) [Shape=PairRuns8]
// *** Execute ***
// Launch: 1 / 1
// Execute: dotnet PairHandles-Job-TZECNT-1.dll --anonymousPipes 120 121 --benchmarkName "Tl.PairHandlesProbe.PairHandleBenchmarks.Advance(Shape: PairRuns8)" --job "IterationCount=16, IterationTime=200ms, WarmupCount=8" --benchmarkId 2 in /home/i/GitHub/tl-193-shrink/benchmarks/PairHandles/bin/Release/net10.0/PairHandles-Job-TZECNT-1/bin/Release/net10.0
// Failed to set up high priority (Permission denied). In order to run benchmarks with high priority, make sure you have the right permissions.
// BeforeAnythingElse

// Benchmark Process Environment Information:
// BenchmarkDotNet v0.15.8
// Runtime=.NET 10.0.12 (10.0.12, 10.0.1226.42308), X64 RyuJIT x86-64-v3
// GC=Concurrent Workstation
// HardwareIntrinsics=AVX2+BMI1+BMI2+F16C+FMA+LZCNT+MOVBE,AVX,SSE3+SSSE3+SSE4.1+SSE4.2+POPCNT,X86Base+SSE+SSE2,AES+PCLMUL,AvxVnni,SERIALIZE VectorSize=256
// Job: Job-TZECNT(IterationCount=16, IterationTime=200ms, WarmupCount=8)

OverheadJitting  1: 1 op, 75725.00 ns, 75.7250 us/op
WorkloadJitting  1: 1 op, 8701428.00 ns, 8.7014 ms/op

OverheadJitting  2: 16 op, 128229.00 ns, 8.0143 us/op
WorkloadJitting  2: 16 op, 1238730.00 ns, 77.4206 us/op

WorkloadPilot    1: 16 op, 940074.00 ns, 58.7546 us/op
WorkloadPilot    2: 3408 op, 150130331.00 ns, 44.0523 us/op
WorkloadPilot    3: 4544 op, 107290544.00 ns, 23.6115 us/op
WorkloadPilot    4: 8480 op, 200180735.00 ns, 23.6062 us/op

OverheadWarmup   1: 8480 op, 15266.00 ns, 1.8002 ns/op
OverheadWarmup   2: 8480 op, 15393.00 ns, 1.8152 ns/op
OverheadWarmup   3: 8480 op, 15420.00 ns, 1.8184 ns/op
OverheadWarmup   4: 8480 op, 15647.00 ns, 1.8452 ns/op
OverheadWarmup   5: 8480 op, 15549.00 ns, 1.8336 ns/op
OverheadWarmup   6: 8480 op, 15407.00 ns, 1.8169 ns/op
OverheadWarmup   7: 8480 op, 15449.00 ns, 1.8218 ns/op
OverheadWarmup   8: 8480 op, 15579.00 ns, 1.8371 ns/op
OverheadWarmup   9: 8480 op, 15455.00 ns, 1.8225 ns/op

OverheadActual   1: 8480 op, 15633.00 ns, 1.8435 ns/op
OverheadActual   2: 8480 op, 15634.00 ns, 1.8436 ns/op
OverheadActual   3: 8480 op, 15635.00 ns, 1.8438 ns/op
OverheadActual   4: 8480 op, 15418.00 ns, 1.8182 ns/op
OverheadActual   5: 8480 op, 15571.00 ns, 1.8362 ns/op
OverheadActual   6: 8480 op, 15419.00 ns, 1.8183 ns/op
OverheadActual   7: 8480 op, 15561.00 ns, 1.8350 ns/op
OverheadActual   8: 8480 op, 15441.00 ns, 1.8209 ns/op
OverheadActual   9: 8480 op, 15441.00 ns, 1.8209 ns/op
OverheadActual  10: 8480 op, 15444.00 ns, 1.8212 ns/op
OverheadActual  11: 8480 op, 15427.00 ns, 1.8192 ns/op
OverheadActual  12: 8480 op, 15424.00 ns, 1.8189 ns/op
OverheadActual  13: 8480 op, 15426.00 ns, 1.8191 ns/op
OverheadActual  14: 8480 op, 15417.00 ns, 1.8180 ns/op
OverheadActual  15: 8480 op, 15565.00 ns, 1.8355 ns/op

WorkloadWarmup   1: 8480 op, 173987110.00 ns, 20.5173 us/op
WorkloadWarmup   2: 8480 op, 172080437.00 ns, 20.2925 us/op
WorkloadWarmup   3: 8480 op, 197378677.00 ns, 23.2758 us/op
WorkloadWarmup   4: 8480 op, 200241292.00 ns, 23.6134 us/op
WorkloadWarmup   5: 8480 op, 197938866.00 ns, 23.3418 us/op
WorkloadWarmup   6: 8480 op, 171121852.00 ns, 20.1795 us/op
WorkloadWarmup   7: 8480 op, 171516044.00 ns, 20.2259 us/op
WorkloadWarmup   8: 8480 op, 171712031.00 ns, 20.2491 us/op

// BeforeActualRun
WorkloadActual   1: 8480 op, 170832619.00 ns, 20.1454 us/op
WorkloadActual   2: 8480 op, 170862158.00 ns, 20.1488 us/op
WorkloadActual   3: 8480 op, 171493576.00 ns, 20.2233 us/op
WorkloadActual   4: 8480 op, 171037919.00 ns, 20.1696 us/op
WorkloadActual   5: 8480 op, 171759284.00 ns, 20.2546 us/op
WorkloadActual   6: 8480 op, 170904921.00 ns, 20.1539 us/op
WorkloadActual   7: 8480 op, 170901994.00 ns, 20.1535 us/op
WorkloadActual   8: 8480 op, 170984339.00 ns, 20.1632 us/op
WorkloadActual   9: 8480 op, 171232913.00 ns, 20.1926 us/op
WorkloadActual  10: 8480 op, 170978822.00 ns, 20.1626 us/op
WorkloadActual  11: 8480 op, 171888795.00 ns, 20.2699 us/op
WorkloadActual  12: 8480 op, 171074182.00 ns, 20.1738 us/op
WorkloadActual  13: 8480 op, 170978527.00 ns, 20.1626 us/op
WorkloadActual  14: 8480 op, 170892214.00 ns, 20.1524 us/op
WorkloadActual  15: 8480 op, 200080518.00 ns, 23.5944 us/op
WorkloadActual  16: 8480 op, 170866033.00 ns, 20.1493 us/op

// AfterActualRun
WorkloadResult   1: 8480 op, 170817178.00 ns, 20.1435 us/op
WorkloadResult   2: 8480 op, 170846717.00 ns, 20.1470 us/op
WorkloadResult   3: 8480 op, 171478135.00 ns, 20.2215 us/op
WorkloadResult   4: 8480 op, 171022478.00 ns, 20.1677 us/op
WorkloadResult   5: 8480 op, 171743843.00 ns, 20.2528 us/op
WorkloadResult   6: 8480 op, 170889480.00 ns, 20.1521 us/op
WorkloadResult   7: 8480 op, 170886553.00 ns, 20.1517 us/op
WorkloadResult   8: 8480 op, 170968898.00 ns, 20.1614 us/op
WorkloadResult   9: 8480 op, 171217472.00 ns, 20.1907 us/op
WorkloadResult  10: 8480 op, 170963381.00 ns, 20.1608 us/op
WorkloadResult  11: 8480 op, 171873354.00 ns, 20.2681 us/op
WorkloadResult  12: 8480 op, 171058741.00 ns, 20.1720 us/op
WorkloadResult  13: 8480 op, 170963086.00 ns, 20.1607 us/op
WorkloadResult  14: 8480 op, 170876773.00 ns, 20.1506 us/op
WorkloadResult  15: 8480 op, 170850592.00 ns, 20.1475 us/op
// GC:  0 0 0 0 8480
// Threading:  0 0 8480

// AfterAll
// Benchmark Process 440118 has exited with code 0.

Mean = 20.177 μs, StdErr = 0.010 μs (0.05%), N = 15, StdDev = 0.040 μs
Min = 20.144 μs, Q1 = 20.151 μs, Median = 20.161 μs, Q3 = 20.181 μs, Max = 20.268 μs
IQR = 0.030 μs, LowerFence = 20.106 μs, UpperFence = 20.227 μs
ConfidenceInterval = [20.134 μs; 20.219 μs] (CI 99.9%), Margin = 0.042 μs (0.21% of Mean)
Skewness = 1.24, Kurtosis = 3.05, MValue = 2

// ** Remained 9 (64.3 %) benchmark(s) to run. Estimated finish 2026-09-19 2:29 (0h 1m from now) **
// **************************
// Benchmark: PairHandleBenchmarks.Advance: InProcess(Toolchain=InProcessEmitToolchain) [Shape=PairRuns8]
// *** Execute ***
// Launch: 1 / 1
// ! Failed to set up priority High for process System.Diagnostics.Process (PairHandles). Make sure you have the right permissions. Message: Permission denied

// Benchmark Process Environment Information:
// BenchmarkDotNet v0.15.8
// Runtime=.NET 10.0.12 (10.0.12, 10.0.1226.42308), X64 RyuJIT x86-64-v3
// GC=Concurrent Workstation
// HardwareIntrinsics=AVX2+BMI1+BMI2+F16C+FMA+LZCNT+MOVBE,AVX,SSE3+SSSE3+SSE4.1+SSE4.2+POPCNT,X86Base+SSE+SSE2,AES+PCLMUL,AvxVnni,SERIALIZE VectorSize=256
// Job: Job-JWQWGO(Toolchain=InProcessEmitToolchain)

OverheadJitting  1: 1 op, 127294.00 ns, 127.2940 us/op
WorkloadJitting  1: 1 op, 220406.00 ns, 220.4060 us/op

OverheadJitting  2: 16 op, 149409.00 ns, 9.3381 us/op
WorkloadJitting  2: 16 op, 2152724.00 ns, 134.5453 us/op

WorkloadPilot    1: 16 op, 1980632.00 ns, 123.7895 us/op
WorkloadPilot    2: 32 op, 3868620.00 ns, 120.8944 us/op
WorkloadPilot    3: 64 op, 1929595.00 ns, 30.1499 us/op
WorkloadPilot    4: 128 op, 3876650.00 ns, 30.2863 us/op
WorkloadPilot    5: 256 op, 7363750.00 ns, 28.7646 us/op
WorkloadPilot    6: 512 op, 14448871.00 ns, 28.2205 us/op
WorkloadPilot    7: 1024 op, 26103442.00 ns, 25.4916 us/op
WorkloadPilot    8: 2048 op, 51405806.00 ns, 25.1005 us/op
WorkloadPilot    9: 4096 op, 102531225.00 ns, 25.0320 us/op
WorkloadPilot   10: 8192 op, 167874086.00 ns, 20.4924 us/op
WorkloadPilot   11: 16384 op, 340077688.00 ns, 20.7567 us/op
WorkloadPilot   12: 32768 op, 707387674.00 ns, 21.5878 us/op

OverheadWarmup   1: 32768 op, 43736.00 ns, 1.3347 ns/op
OverheadWarmup   2: 32768 op, 42265.00 ns, 1.2898 ns/op
OverheadWarmup   3: 32768 op, 42065.00 ns, 1.2837 ns/op
OverheadWarmup   4: 32768 op, 42249.00 ns, 1.2893 ns/op
OverheadWarmup   5: 32768 op, 42250.00 ns, 1.2894 ns/op
OverheadWarmup   6: 32768 op, 42115.00 ns, 1.2852 ns/op
OverheadWarmup   7: 32768 op, 42111.00 ns, 1.2851 ns/op
OverheadWarmup   8: 32768 op, 42078.00 ns, 1.2841 ns/op
OverheadWarmup   9: 32768 op, 42081.00 ns, 1.2842 ns/op
OverheadWarmup  10: 32768 op, 42089.00 ns, 1.2845 ns/op

OverheadActual   1: 32768 op, 42080.00 ns, 1.2842 ns/op
OverheadActual   2: 32768 op, 42051.00 ns, 1.2833 ns/op
OverheadActual   3: 32768 op, 42087.00 ns, 1.2844 ns/op
OverheadActual   4: 32768 op, 42086.00 ns, 1.2844 ns/op
OverheadActual   5: 32768 op, 42062.00 ns, 1.2836 ns/op
OverheadActual   6: 32768 op, 42061.00 ns, 1.2836 ns/op
OverheadActual   7: 32768 op, 42065.00 ns, 1.2837 ns/op
OverheadActual   8: 32768 op, 42083.00 ns, 1.2843 ns/op
OverheadActual   9: 32768 op, 42067.00 ns, 1.2838 ns/op
OverheadActual  10: 32768 op, 42055.00 ns, 1.2834 ns/op
OverheadActual  11: 32768 op, 42045.00 ns, 1.2831 ns/op
OverheadActual  12: 32768 op, 42064.00 ns, 1.2837 ns/op
OverheadActual  13: 32768 op, 42099.00 ns, 1.2848 ns/op
OverheadActual  14: 32768 op, 42062.00 ns, 1.2836 ns/op
OverheadActual  15: 32768 op, 42051.00 ns, 1.2833 ns/op

WorkloadWarmup   1: 32768 op, 737562560.00 ns, 22.5086 us/op
WorkloadWarmup   2: 32768 op, 663376758.00 ns, 20.2447 us/op
WorkloadWarmup   3: 32768 op, 664735605.00 ns, 20.2861 us/op
WorkloadWarmup   4: 32768 op, 663662483.00 ns, 20.2534 us/op
WorkloadWarmup   5: 32768 op, 663587936.00 ns, 20.2511 us/op
WorkloadWarmup   6: 32768 op, 663712538.00 ns, 20.2549 us/op
WorkloadWarmup   7: 32768 op, 663786154.00 ns, 20.2571 us/op
WorkloadWarmup   8: 32768 op, 663624094.00 ns, 20.2522 us/op

WorkloadActual   1: 32768 op, 664147595.00 ns, 20.2682 us/op
WorkloadActual   2: 32768 op, 664427383.00 ns, 20.2767 us/op
WorkloadActual   3: 32768 op, 664459449.00 ns, 20.2777 us/op
WorkloadActual   4: 32768 op, 675723217.00 ns, 20.6214 us/op
WorkloadActual   5: 32768 op, 712933734.00 ns, 21.7570 us/op
WorkloadActual   6: 32768 op, 706570390.00 ns, 21.5628 us/op
WorkloadActual   7: 32768 op, 663740616.00 ns, 20.2558 us/op
WorkloadActual   8: 32768 op, 663603428.00 ns, 20.2516 us/op
WorkloadActual   9: 32768 op, 664461828.00 ns, 20.2778 us/op
WorkloadActual  10: 32768 op, 663487241.00 ns, 20.2480 us/op
WorkloadActual  11: 32768 op, 664399653.00 ns, 20.2759 us/op
WorkloadActual  12: 32768 op, 664619264.00 ns, 20.2826 us/op
WorkloadActual  13: 32768 op, 664091309.00 ns, 20.2665 us/op
WorkloadActual  14: 32768 op, 663506975.00 ns, 20.2486 us/op
WorkloadActual  15: 32768 op, 664723302.00 ns, 20.2857 us/op

WorkloadResult   1: 32768 op, 664105531.00 ns, 20.2669 us/op
WorkloadResult   2: 32768 op, 664385319.00 ns, 20.2754 us/op
WorkloadResult   3: 32768 op, 664417385.00 ns, 20.2764 us/op
WorkloadResult   4: 32768 op, 663698552.00 ns, 20.2545 us/op
WorkloadResult   5: 32768 op, 663561364.00 ns, 20.2503 us/op
WorkloadResult   6: 32768 op, 664419764.00 ns, 20.2765 us/op
WorkloadResult   7: 32768 op, 663445177.00 ns, 20.2467 us/op
WorkloadResult   8: 32768 op, 664357589.00 ns, 20.2746 us/op
WorkloadResult   9: 32768 op, 664577200.00 ns, 20.2813 us/op
WorkloadResult  10: 32768 op, 664049245.00 ns, 20.2652 us/op
WorkloadResult  11: 32768 op, 663464911.00 ns, 20.2473 us/op
WorkloadResult  12: 32768 op, 664681238.00 ns, 20.2845 us/op
// GC:  0 0 0 4656 32768
// Threading:  0 0 32768


Mean = 20.267 μs, StdErr = 0.004 μs (0.02%), N = 12, StdDev = 0.014 μs
Min = 20.247 μs, Q1 = 20.253 μs, Median = 20.271 μs, Q3 = 20.276 μs, Max = 20.284 μs
IQR = 0.023 μs, LowerFence = 20.219 μs, UpperFence = 20.311 μs
ConfidenceInterval = [20.249 μs; 20.284 μs] (CI 99.9%), Margin = 0.017 μs (0.09% of Mean)
Skewness = -0.3, Kurtosis = 1.35, MValue = 2

// ** Remained 8 (57.1 %) benchmark(s) to run. Estimated finish 2026-09-19 2:30 (0h 1m from now) **
// **************************
// Benchmark: PairHandleBenchmarks.Advance: Job-TZECNT(IterationCount=16, IterationTime=200ms, WarmupCount=8) [Shape=PairAlternating8]
// *** Execute ***
// Launch: 1 / 1
// Execute: dotnet PairHandles-Job-TZECNT-1.dll --anonymousPipes 120 121 --benchmarkName "Tl.PairHandlesProbe.PairHandleBenchmarks.Advance(Shape: PairAlternating8)" --job "IterationCount=16, IterationTime=200ms, WarmupCount=8" --benchmarkId 3 in /home/i/GitHub/tl-193-shrink/benchmarks/PairHandles/bin/Release/net10.0/PairHandles-Job-TZECNT-1/bin/Release/net10.0
// Failed to set up high priority (Permission denied). In order to run benchmarks with high priority, make sure you have the right permissions.
// BeforeAnythingElse

// Benchmark Process Environment Information:
// BenchmarkDotNet v0.15.8
// Runtime=.NET 10.0.12 (10.0.12, 10.0.1226.42308), X64 RyuJIT x86-64-v3
// GC=Concurrent Workstation
// HardwareIntrinsics=AVX2+BMI1+BMI2+F16C+FMA+LZCNT+MOVBE,AVX,SSE3+SSSE3+SSE4.1+SSE4.2+POPCNT,X86Base+SSE+SSE2,AES+PCLMUL,AvxVnni,SERIALIZE VectorSize=256
// Job: Job-TZECNT(IterationCount=16, IterationTime=200ms, WarmupCount=8)

OverheadJitting  1: 1 op, 72888.00 ns, 72.8880 us/op
WorkloadJitting  1: 1 op, 6791028.00 ns, 6.7910 ms/op

OverheadJitting  2: 16 op, 99408.00 ns, 6.2130 us/op
WorkloadJitting  2: 16 op, 2609110.00 ns, 163.0694 us/op

WorkloadPilot    1: 16 op, 2201035.00 ns, 137.5647 us/op
WorkloadPilot    2: 1456 op, 166101482.00 ns, 114.0807 us/op
WorkloadPilot    3: 1760 op, 132619942.00 ns, 75.3522 us/op
WorkloadPilot    4: 2656 op, 196282765.00 ns, 73.9016 us/op
WorkloadPilot    5: 2720 op, 202007434.00 ns, 74.2674 us/op
WorkloadPilot    6: 2704 op, 212419720.00 ns, 78.5576 us/op
WorkloadPilot    7: 2560 op, 201114126.00 ns, 78.5602 us/op

OverheadWarmup   1: 2560 op, 5234.00 ns, 2.0445 ns/op
OverheadWarmup   2: 2560 op, 4576.00 ns, 1.7875 ns/op
OverheadWarmup   3: 2560 op, 4740.00 ns, 1.8516 ns/op
OverheadWarmup   4: 2560 op, 4676.00 ns, 1.8266 ns/op
OverheadWarmup   5: 2560 op, 4753.00 ns, 1.8566 ns/op
OverheadWarmup   6: 2560 op, 4729.00 ns, 1.8473 ns/op

OverheadActual   1: 2560 op, 4733.00 ns, 1.8488 ns/op
OverheadActual   2: 2560 op, 4721.00 ns, 1.8441 ns/op
OverheadActual   3: 2560 op, 4713.00 ns, 1.8410 ns/op
OverheadActual   4: 2560 op, 4548.00 ns, 1.7766 ns/op
OverheadActual   5: 2560 op, 4943.00 ns, 1.9309 ns/op
OverheadActual   6: 2560 op, 4725.00 ns, 1.8457 ns/op
OverheadActual   7: 2560 op, 4739.00 ns, 1.8512 ns/op
OverheadActual   8: 2560 op, 4713.00 ns, 1.8410 ns/op
OverheadActual   9: 2560 op, 4725.00 ns, 1.8457 ns/op
OverheadActual  10: 2560 op, 4730.00 ns, 1.8477 ns/op
OverheadActual  11: 2560 op, 4742.00 ns, 1.8523 ns/op
OverheadActual  12: 2560 op, 4736.00 ns, 1.8500 ns/op
OverheadActual  13: 2560 op, 4714.00 ns, 1.8414 ns/op
OverheadActual  14: 2560 op, 4715.00 ns, 1.8418 ns/op
OverheadActual  15: 2560 op, 4738.00 ns, 1.8508 ns/op

WorkloadWarmup   1: 2560 op, 205326784.00 ns, 80.2058 us/op
WorkloadWarmup   2: 2560 op, 189477934.00 ns, 74.0148 us/op
WorkloadWarmup   3: 2560 op, 189817948.00 ns, 74.1476 us/op
WorkloadWarmup   4: 2560 op, 199068766.00 ns, 77.7612 us/op
WorkloadWarmup   5: 2560 op, 201202686.00 ns, 78.5948 us/op
WorkloadWarmup   6: 2560 op, 205803381.00 ns, 80.3919 us/op
WorkloadWarmup   7: 2560 op, 201871507.00 ns, 78.8561 us/op
WorkloadWarmup   8: 2560 op, 202987374.00 ns, 79.2919 us/op

// BeforeActualRun
WorkloadActual   1: 2560 op, 201622000.00 ns, 78.7586 us/op
WorkloadActual   2: 2560 op, 201586975.00 ns, 78.7449 us/op
WorkloadActual   3: 2560 op, 204655261.00 ns, 79.9435 us/op
WorkloadActual   4: 2560 op, 201674876.00 ns, 78.7792 us/op
WorkloadActual   5: 2560 op, 201480655.00 ns, 78.7034 us/op
WorkloadActual   6: 2560 op, 202919723.00 ns, 79.2655 us/op
WorkloadActual   7: 2560 op, 191759665.00 ns, 74.9061 us/op
WorkloadActual   8: 2560 op, 197070316.00 ns, 76.9806 us/op
WorkloadActual   9: 2560 op, 190853026.00 ns, 74.5520 us/op
WorkloadActual  10: 2560 op, 190821901.00 ns, 74.5398 us/op
WorkloadActual  11: 2560 op, 199337491.00 ns, 77.8662 us/op
WorkloadActual  12: 2560 op, 201245275.00 ns, 78.6114 us/op
WorkloadActual  13: 2560 op, 203321523.00 ns, 79.4225 us/op
WorkloadActual  14: 2560 op, 201292966.00 ns, 78.6301 us/op
WorkloadActual  15: 2560 op, 204134867.00 ns, 79.7402 us/op
WorkloadActual  16: 2560 op, 201305126.00 ns, 78.6348 us/op

// AfterActualRun
WorkloadResult   1: 2560 op, 201617275.00 ns, 78.7567 us/op
WorkloadResult   2: 2560 op, 201582250.00 ns, 78.7431 us/op
WorkloadResult   3: 2560 op, 204650536.00 ns, 79.9416 us/op
WorkloadResult   4: 2560 op, 201670151.00 ns, 78.7774 us/op
WorkloadResult   5: 2560 op, 201475930.00 ns, 78.7015 us/op
WorkloadResult   6: 2560 op, 202914998.00 ns, 79.2637 us/op
WorkloadResult   7: 2560 op, 191754940.00 ns, 74.9043 us/op
WorkloadResult   8: 2560 op, 197065591.00 ns, 76.9787 us/op
WorkloadResult   9: 2560 op, 190848301.00 ns, 74.5501 us/op
WorkloadResult  10: 2560 op, 190817176.00 ns, 74.5380 us/op
WorkloadResult  11: 2560 op, 199332766.00 ns, 77.8644 us/op
WorkloadResult  12: 2560 op, 201240550.00 ns, 78.6096 us/op
WorkloadResult  13: 2560 op, 203316798.00 ns, 79.4206 us/op
WorkloadResult  14: 2560 op, 201288241.00 ns, 78.6282 us/op
WorkloadResult  15: 2560 op, 204130142.00 ns, 79.7383 us/op
WorkloadResult  16: 2560 op, 201300401.00 ns, 78.6330 us/op
// GC:  0 0 0 0 2560
// Threading:  0 0 2560

// AfterAll
// Benchmark Process 440233 has exited with code 0.

Mean = 78.003 μs, StdErr = 0.449 μs (0.58%), N = 16, StdDev = 1.795 μs
Min = 74.538 μs, Q1 = 77.643 μs, Median = 78.667 μs, Q3 = 78.899 μs, Max = 79.942 μs
IQR = 1.256 μs, LowerFence = 75.759 μs, UpperFence = 80.783 μs
ConfidenceInterval = [76.175 μs; 79.831 μs] (CI 99.9%), Margin = 1.828 μs (2.34% of Mean)
Skewness = -1.01, Kurtosis = 2.48, MValue = 2

// ** Remained 7 (50.0 %) benchmark(s) to run. Estimated finish 2026-09-19 2:30 (0h 1m from now) **
// **************************
// Benchmark: PairHandleBenchmarks.Advance: InProcess(Toolchain=InProcessEmitToolchain) [Shape=PairAlternating8]
// *** Execute ***
// Launch: 1 / 1
// ! Failed to set up priority High for process System.Diagnostics.Process (PairHandles). Make sure you have the right permissions. Message: Permission denied

// Benchmark Process Environment Information:
// BenchmarkDotNet v0.15.8
// Runtime=.NET 10.0.12 (10.0.12, 10.0.1226.42308), X64 RyuJIT x86-64-v3
// GC=Concurrent Workstation
// HardwareIntrinsics=AVX2+BMI1+BMI2+F16C+FMA+LZCNT+MOVBE,AVX,SSE3+SSSE3+SSE4.1+SSE4.2+POPCNT,X86Base+SSE+SSE2,AES+PCLMUL,AvxVnni,SERIALIZE VectorSize=256
// Job: Job-JWQWGO(Toolchain=InProcessEmitToolchain)

OverheadJitting  1: 1 op, 93765.00 ns, 93.7650 us/op
WorkloadJitting  1: 1 op, 205177.00 ns, 205.1770 us/op

OverheadJitting  2: 16 op, 104700.00 ns, 6.5438 us/op
WorkloadJitting  2: 16 op, 1762397.00 ns, 110.1498 us/op

WorkloadPilot    1: 16 op, 1664439.00 ns, 104.0274 us/op
WorkloadPilot    2: 32 op, 3217226.00 ns, 100.5383 us/op
WorkloadPilot    3: 64 op, 6379833.00 ns, 99.6849 us/op
WorkloadPilot    4: 128 op, 12722510.00 ns, 99.3946 us/op
WorkloadPilot    5: 256 op, 25894612.00 ns, 101.1508 us/op
WorkloadPilot    6: 512 op, 50934027.00 ns, 99.4805 us/op
WorkloadPilot    7: 1024 op, 101430547.00 ns, 99.0533 us/op
WorkloadPilot    8: 2048 op, 163726324.00 ns, 79.9445 us/op
WorkloadPilot    9: 4096 op, 316352726.00 ns, 77.2346 us/op
WorkloadPilot   10: 8192 op, 660518750.00 ns, 80.6297 us/op

OverheadWarmup   1: 8192 op, 12145.00 ns, 1.4825 ns/op
OverheadWarmup   2: 8192 op, 10199.00 ns, 1.2450 ns/op
OverheadWarmup   3: 8192 op, 10751.00 ns, 1.3124 ns/op
OverheadWarmup   4: 8192 op, 10041.00 ns, 1.2257 ns/op
OverheadWarmup   5: 8192 op, 10234.00 ns, 1.2493 ns/op
OverheadWarmup   6: 8192 op, 10201.00 ns, 1.2452 ns/op

OverheadActual   1: 8192 op, 10061.00 ns, 1.2281 ns/op
OverheadActual   2: 8192 op, 10584.00 ns, 1.2920 ns/op
OverheadActual   3: 8192 op, 10540.00 ns, 1.2866 ns/op
OverheadActual   4: 8192 op, 10557.00 ns, 1.2887 ns/op
OverheadActual   5: 8192 op, 10529.00 ns, 1.2853 ns/op
OverheadActual   6: 8192 op, 10554.00 ns, 1.2883 ns/op
OverheadActual   7: 8192 op, 10563.00 ns, 1.2894 ns/op
OverheadActual   8: 8192 op, 10594.00 ns, 1.2932 ns/op
OverheadActual   9: 8192 op, 10560.00 ns, 1.2891 ns/op
OverheadActual  10: 8192 op, 10559.00 ns, 1.2889 ns/op
OverheadActual  11: 8192 op, 10553.00 ns, 1.2882 ns/op
OverheadActual  12: 8192 op, 10531.00 ns, 1.2855 ns/op
OverheadActual  13: 8192 op, 10566.00 ns, 1.2898 ns/op
OverheadActual  14: 8192 op, 10540.00 ns, 1.2866 ns/op
OverheadActual  15: 8192 op, 10537.00 ns, 1.2863 ns/op

WorkloadWarmup   1: 8192 op, 613754933.00 ns, 74.9213 us/op
WorkloadWarmup   2: 8192 op, 629021158.00 ns, 76.7848 us/op
WorkloadWarmup   3: 8192 op, 615689920.00 ns, 75.1575 us/op
WorkloadWarmup   4: 8192 op, 627070566.00 ns, 76.5467 us/op
WorkloadWarmup   5: 8192 op, 630104049.00 ns, 76.9170 us/op
WorkloadWarmup   6: 8192 op, 618572353.00 ns, 75.5093 us/op

WorkloadActual   1: 8192 op, 633127230.00 ns, 77.2860 us/op
WorkloadActual   2: 8192 op, 627948088.00 ns, 76.6538 us/op
WorkloadActual   3: 8192 op, 633150843.00 ns, 77.2889 us/op
WorkloadActual   4: 8192 op, 621102636.00 ns, 75.8182 us/op
WorkloadActual   5: 8192 op, 625255751.00 ns, 76.3252 us/op
WorkloadActual   6: 8192 op, 632222769.00 ns, 77.1756 us/op
WorkloadActual   7: 8192 op, 629912807.00 ns, 76.8937 us/op
WorkloadActual   8: 8192 op, 636062870.00 ns, 77.6444 us/op
WorkloadActual   9: 8192 op, 678499333.00 ns, 82.8246 us/op
WorkloadActual  10: 8192 op, 625283099.00 ns, 76.3285 us/op
WorkloadActual  11: 8192 op, 614590031.00 ns, 75.0232 us/op
WorkloadActual  12: 8192 op, 628364803.00 ns, 76.7047 us/op
WorkloadActual  13: 8192 op, 633931256.00 ns, 77.3842 us/op
WorkloadActual  14: 8192 op, 632333535.00 ns, 77.1892 us/op
WorkloadActual  15: 8192 op, 635730058.00 ns, 77.6038 us/op

WorkloadResult   1: 8192 op, 633116676.00 ns, 77.2848 us/op
WorkloadResult   2: 8192 op, 627937534.00 ns, 76.6525 us/op
WorkloadResult   3: 8192 op, 633140289.00 ns, 77.2876 us/op
WorkloadResult   4: 8192 op, 621092082.00 ns, 75.8169 us/op
WorkloadResult   5: 8192 op, 625245197.00 ns, 76.3239 us/op
WorkloadResult   6: 8192 op, 632212215.00 ns, 77.1743 us/op
WorkloadResult   7: 8192 op, 629902253.00 ns, 76.8924 us/op
WorkloadResult   8: 8192 op, 636052316.00 ns, 77.6431 us/op
WorkloadResult   9: 8192 op, 625272545.00 ns, 76.3272 us/op
WorkloadResult  10: 8192 op, 614579477.00 ns, 75.0219 us/op
WorkloadResult  11: 8192 op, 628354249.00 ns, 76.7034 us/op
WorkloadResult  12: 8192 op, 633920702.00 ns, 77.3829 us/op
WorkloadResult  13: 8192 op, 632322981.00 ns, 77.1879 us/op
WorkloadResult  14: 8192 op, 635719504.00 ns, 77.6025 us/op
// GC:  0 0 0 4656 8192
// Threading:  0 0 8192


Mean = 76.807 μs, StdErr = 0.197 μs (0.26%), N = 14, StdDev = 0.738 μs
Min = 75.022 μs, Q1 = 76.409 μs, Median = 77.033 μs, Q3 = 77.287 μs, Max = 77.643 μs
IQR = 0.878 μs, LowerFence = 75.091 μs, UpperFence = 78.604 μs
ConfidenceInterval = [75.975 μs; 77.639 μs] (CI 99.9%), Margin = 0.832 μs (1.08% of Mean)
Skewness = -0.94, Kurtosis = 2.98, MValue = 2

// ** Remained 6 (42.9 %) benchmark(s) to run. Estimated finish 2026-09-19 2:30 (0h 1m from now) **
// **************************
// Benchmark: PairHandleBenchmarks.Advance: Job-TZECNT(IterationCount=16, IterationTime=200ms, WarmupCount=8) [Shape=PairRuns8Waves]
// *** Execute ***
// Launch: 1 / 1
// Execute: dotnet PairHandles-Job-TZECNT-1.dll --anonymousPipes 120 121 --benchmarkName "Tl.PairHandlesProbe.PairHandleBenchmarks.Advance(Shape: PairRuns8Waves)" --job "IterationCount=16, IterationTime=200ms, WarmupCount=8" --benchmarkId 4 in /home/i/GitHub/tl-193-shrink/benchmarks/PairHandles/bin/Release/net10.0/PairHandles-Job-TZECNT-1/bin/Release/net10.0
// Failed to set up high priority (Permission denied). In order to run benchmarks with high priority, make sure you have the right permissions.
// BeforeAnythingElse

// Benchmark Process Environment Information:
// BenchmarkDotNet v0.15.8
// Runtime=.NET 10.0.12 (10.0.12, 10.0.1226.42308), X64 RyuJIT x86-64-v3
// GC=Concurrent Workstation
// HardwareIntrinsics=AVX2+BMI1+BMI2+F16C+FMA+LZCNT+MOVBE,AVX,SSE3+SSSE3+SSE4.1+SSE4.2+POPCNT,X86Base+SSE+SSE2,AES+PCLMUL,AvxVnni,SERIALIZE VectorSize=256
// Job: Job-TZECNT(IterationCount=16, IterationTime=200ms, WarmupCount=8)

OverheadJitting  1: 1 op, 74163.00 ns, 74.1630 us/op
WorkloadJitting  1: 1 op, 8431239.00 ns, 8.4312 ms/op

OverheadJitting  2: 16 op, 98808.00 ns, 6.1755 us/op
WorkloadJitting  2: 16 op, 3890346.00 ns, 243.1466 us/op

WorkloadPilot    1: 16 op, 3101373.00 ns, 193.8358 us/op
WorkloadPilot    2: 1040 op, 129535164.00 ns, 124.5530 us/op
WorkloadPilot    3: 1616 op, 27175320.00 ns, 16.8164 us/op
WorkloadPilot    4: 11904 op, 200846119.00 ns, 16.8722 us/op
WorkloadPilot    5: 11856 op, 199712503.00 ns, 16.8448 us/op
WorkloadPilot    6: 11888 op, 204832046.00 ns, 17.2302 us/op
WorkloadPilot    7: 11616 op, 198825706.00 ns, 17.1165 us/op
WorkloadPilot    8: 11696 op, 207351695.00 ns, 17.7284 us/op

OverheadWarmup   1: 11696 op, 21715.00 ns, 1.8566 ns/op
OverheadWarmup   2: 11696 op, 20998.00 ns, 1.7953 ns/op
OverheadWarmup   3: 11696 op, 21217.00 ns, 1.8140 ns/op
OverheadWarmup   4: 11696 op, 21225.00 ns, 1.8147 ns/op
OverheadWarmup   5: 11696 op, 21428.00 ns, 1.8321 ns/op
OverheadWarmup   6: 11696 op, 21406.00 ns, 1.8302 ns/op
OverheadWarmup   7: 11696 op, 21220.00 ns, 1.8143 ns/op
OverheadWarmup   8: 11696 op, 21243.00 ns, 1.8163 ns/op
OverheadWarmup   9: 11696 op, 21224.00 ns, 1.8146 ns/op

OverheadActual   1: 11696 op, 21463.00 ns, 1.8351 ns/op
OverheadActual   2: 11696 op, 21426.00 ns, 1.8319 ns/op
OverheadActual   3: 11696 op, 21677.00 ns, 1.8534 ns/op
OverheadActual   4: 11696 op, 21213.00 ns, 1.8137 ns/op
OverheadActual   5: 11696 op, 21415.00 ns, 1.8310 ns/op
OverheadActual   6: 11696 op, 21221.00 ns, 1.8144 ns/op
OverheadActual   7: 11696 op, 21219.00 ns, 1.8142 ns/op
OverheadActual   8: 11696 op, 21387.00 ns, 1.8286 ns/op
OverheadActual   9: 11696 op, 21218.00 ns, 1.8141 ns/op
OverheadActual  10: 11696 op, 21208.00 ns, 1.8133 ns/op
OverheadActual  11: 11696 op, 21206.00 ns, 1.8131 ns/op
OverheadActual  12: 11696 op, 21227.00 ns, 1.8149 ns/op
OverheadActual  13: 11696 op, 21230.00 ns, 1.8152 ns/op
OverheadActual  14: 11696 op, 21343.00 ns, 1.8248 ns/op
OverheadActual  15: 11696 op, 21237.00 ns, 1.8157 ns/op

WorkloadWarmup   1: 11696 op, 208069645.00 ns, 17.7898 us/op
WorkloadWarmup   2: 11696 op, 208061852.00 ns, 17.7891 us/op
WorkloadWarmup   3: 11696 op, 209413215.00 ns, 17.9047 us/op
WorkloadWarmup   4: 11696 op, 202895227.00 ns, 17.3474 us/op
WorkloadWarmup   5: 11696 op, 207696928.00 ns, 17.7579 us/op
WorkloadWarmup   6: 11696 op, 208036940.00 ns, 17.7870 us/op
WorkloadWarmup   7: 11696 op, 208302937.00 ns, 17.8098 us/op
WorkloadWarmup   8: 11696 op, 208364456.00 ns, 17.8150 us/op

// BeforeActualRun
WorkloadActual   1: 11696 op, 201377470.00 ns, 17.2176 us/op
WorkloadActual   2: 11696 op, 200572699.00 ns, 17.1488 us/op
WorkloadActual   3: 11696 op, 200711074.00 ns, 17.1607 us/op
WorkloadActual   4: 11696 op, 200438489.00 ns, 17.1374 us/op
WorkloadActual   5: 11696 op, 202931029.00 ns, 17.3505 us/op
WorkloadActual   6: 11696 op, 208090661.00 ns, 17.7916 us/op
WorkloadActual   7: 11696 op, 208106349.00 ns, 17.7930 us/op
WorkloadActual   8: 11696 op, 207800493.00 ns, 17.7668 us/op
WorkloadActual   9: 11696 op, 207623232.00 ns, 17.7516 us/op
WorkloadActual  10: 11696 op, 205660230.00 ns, 17.5838 us/op
WorkloadActual  11: 11696 op, 201211195.00 ns, 17.2034 us/op
WorkloadActual  12: 11696 op, 200779808.00 ns, 17.1665 us/op
WorkloadActual  13: 11696 op, 201251170.00 ns, 17.2068 us/op
WorkloadActual  14: 11696 op, 203049291.00 ns, 17.3606 us/op
WorkloadActual  15: 11696 op, 201553896.00 ns, 17.2327 us/op
WorkloadActual  16: 11696 op, 200286918.00 ns, 17.1244 us/op

// AfterActualRun
WorkloadResult   1: 11696 op, 201356240.00 ns, 17.2158 us/op
WorkloadResult   2: 11696 op, 200551469.00 ns, 17.1470 us/op
WorkloadResult   3: 11696 op, 200689844.00 ns, 17.1588 us/op
WorkloadResult   4: 11696 op, 200417259.00 ns, 17.1355 us/op
WorkloadResult   5: 11696 op, 202909799.00 ns, 17.3486 us/op
WorkloadResult   6: 11696 op, 208069431.00 ns, 17.7898 us/op
WorkloadResult   7: 11696 op, 208085119.00 ns, 17.7911 us/op
WorkloadResult   8: 11696 op, 207779263.00 ns, 17.7650 us/op
WorkloadResult   9: 11696 op, 207602002.00 ns, 17.7498 us/op
WorkloadResult  10: 11696 op, 205639000.00 ns, 17.5820 us/op
WorkloadResult  11: 11696 op, 201189965.00 ns, 17.2016 us/op
WorkloadResult  12: 11696 op, 200758578.00 ns, 17.1647 us/op
WorkloadResult  13: 11696 op, 201229940.00 ns, 17.2050 us/op
WorkloadResult  14: 11696 op, 203028061.00 ns, 17.3588 us/op
WorkloadResult  15: 11696 op, 201532666.00 ns, 17.2309 us/op
WorkloadResult  16: 11696 op, 200265688.00 ns, 17.1226 us/op
// GC:  0 0 0 0 11696
// Threading:  0 0 11696

// AfterAll
// Benchmark Process 440283 has exited with code 0.

Mean = 17.373 μs, StdErr = 0.066 μs (0.38%), N = 16, StdDev = 0.265 μs
Min = 17.123 μs, Q1 = 17.163 μs, Median = 17.223 μs, Q3 = 17.624 μs, Max = 17.791 μs
IQR = 0.461 μs, LowerFence = 16.472 μs, UpperFence = 18.315 μs
ConfidenceInterval = [17.103 μs; 17.642 μs] (CI 99.9%), Margin = 0.269 μs (1.55% of Mean)
Skewness = 0.65, Kurtosis = 1.57, MValue = 2

// ** Remained 5 (35.7 %) benchmark(s) to run. Estimated finish 2026-09-19 2:30 (0h 0m from now) **
// **************************
// Benchmark: PairHandleBenchmarks.Advance: InProcess(Toolchain=InProcessEmitToolchain) [Shape=PairRuns8Waves]
// *** Execute ***
// Launch: 1 / 1
// ! Failed to set up priority High for process System.Diagnostics.Process (PairHandles). Make sure you have the right permissions. Message: Permission denied

// Benchmark Process Environment Information:
// BenchmarkDotNet v0.15.8
// Runtime=.NET 10.0.12 (10.0.12, 10.0.1226.42308), X64 RyuJIT x86-64-v3
// GC=Concurrent Workstation
// HardwareIntrinsics=AVX2+BMI1+BMI2+F16C+FMA+LZCNT+MOVBE,AVX,SSE3+SSSE3+SSE4.1+SSE4.2+POPCNT,X86Base+SSE+SSE2,AES+PCLMUL,AvxVnni,SERIALIZE VectorSize=256
// Job: Job-JWQWGO(Toolchain=InProcessEmitToolchain)

OverheadJitting  1: 1 op, 101436.00 ns, 101.4360 us/op
WorkloadJitting  1: 1 op, 1020402.00 ns, 1.0204 ms/op

OverheadJitting  2: 16 op, 106868.00 ns, 6.6793 us/op
WorkloadJitting  2: 16 op, 3205793.00 ns, 200.3621 us/op

WorkloadPilot    1: 16 op, 2458601.00 ns, 153.6626 us/op
WorkloadPilot    2: 32 op, 4559327.00 ns, 142.4790 us/op
WorkloadPilot    3: 64 op, 8510437.00 ns, 132.9756 us/op
WorkloadPilot    4: 128 op, 16304201.00 ns, 127.3766 us/op
WorkloadPilot    5: 256 op, 31914708.00 ns, 124.6668 us/op
WorkloadPilot    6: 512 op, 63080818.00 ns, 123.2047 us/op
WorkloadPilot    7: 1024 op, 97285717.00 ns, 95.0056 us/op
WorkloadPilot    8: 2048 op, 36919428.00 ns, 18.0271 us/op
WorkloadPilot    9: 4096 op, 72468756.00 ns, 17.6926 us/op
WorkloadPilot   10: 8192 op, 143845144.00 ns, 17.5592 us/op
WorkloadPilot   11: 16384 op, 273515591.00 ns, 16.6941 us/op
WorkloadPilot   12: 32768 op, 545098323.00 ns, 16.6351 us/op

OverheadWarmup   1: 32768 op, 42283.00 ns, 1.2904 ns/op
OverheadWarmup   2: 32768 op, 40672.00 ns, 1.2412 ns/op
OverheadWarmup   3: 32768 op, 41353.00 ns, 1.2620 ns/op
OverheadWarmup   4: 32768 op, 41207.00 ns, 1.2575 ns/op
OverheadWarmup   5: 32768 op, 42049.00 ns, 1.2832 ns/op
OverheadWarmup   6: 32768 op, 44289.00 ns, 1.3516 ns/op
OverheadWarmup   7: 32768 op, 42059.00 ns, 1.2835 ns/op

OverheadActual   1: 32768 op, 42087.00 ns, 1.2844 ns/op
OverheadActual   2: 32768 op, 42110.00 ns, 1.2851 ns/op
OverheadActual   3: 32768 op, 42036.00 ns, 1.2828 ns/op
OverheadActual   4: 32768 op, 42098.00 ns, 1.2847 ns/op
OverheadActual   5: 32768 op, 42067.00 ns, 1.2838 ns/op
OverheadActual   6: 32768 op, 42068.00 ns, 1.2838 ns/op
OverheadActual   7: 32768 op, 42089.00 ns, 1.2845 ns/op
OverheadActual   8: 32768 op, 42098.00 ns, 1.2847 ns/op
OverheadActual   9: 32768 op, 42086.00 ns, 1.2844 ns/op
OverheadActual  10: 32768 op, 42084.00 ns, 1.2843 ns/op
OverheadActual  11: 32768 op, 42052.00 ns, 1.2833 ns/op
OverheadActual  12: 32768 op, 42084.00 ns, 1.2843 ns/op
OverheadActual  13: 32768 op, 42059.00 ns, 1.2835 ns/op
OverheadActual  14: 32768 op, 42053.00 ns, 1.2834 ns/op
OverheadActual  15: 32768 op, 42087.00 ns, 1.2844 ns/op

WorkloadWarmup   1: 32768 op, 550235822.00 ns, 16.7919 us/op
WorkloadWarmup   2: 32768 op, 550590191.00 ns, 16.8027 us/op
WorkloadWarmup   3: 32768 op, 557191607.00 ns, 17.0041 us/op
WorkloadWarmup   4: 32768 op, 586388736.00 ns, 17.8952 us/op
WorkloadWarmup   5: 32768 op, 555317828.00 ns, 16.9470 us/op
WorkloadWarmup   6: 32768 op, 563310821.00 ns, 17.1909 us/op
WorkloadWarmup   7: 32768 op, 565548351.00 ns, 17.2592 us/op
WorkloadWarmup   8: 32768 op, 561420536.00 ns, 17.1332 us/op

WorkloadActual   1: 32768 op, 554553683.00 ns, 16.9236 us/op
WorkloadActual   2: 32768 op, 557078521.00 ns, 17.0007 us/op
WorkloadActual   3: 32768 op, 589813692.00 ns, 17.9997 us/op
WorkloadActual   4: 32768 op, 556310111.00 ns, 16.9772 us/op
WorkloadActual   5: 32768 op, 577442508.00 ns, 17.6221 us/op
WorkloadActual   6: 32768 op, 588580696.00 ns, 17.9621 us/op
WorkloadActual   7: 32768 op, 568215852.00 ns, 17.3406 us/op
WorkloadActual   8: 32768 op, 589923940.00 ns, 18.0030 us/op
WorkloadActual   9: 32768 op, 561462467.00 ns, 17.1345 us/op
WorkloadActual  10: 32768 op, 574677185.00 ns, 17.5378 us/op
WorkloadActual  11: 32768 op, 567244141.00 ns, 17.3109 us/op
WorkloadActual  12: 32768 op, 547119546.00 ns, 16.6968 us/op
WorkloadActual  13: 32768 op, 563753359.00 ns, 17.2044 us/op
WorkloadActual  14: 32768 op, 562023067.00 ns, 17.1516 us/op
WorkloadActual  15: 32768 op, 544521051.00 ns, 16.6175 us/op
WorkloadActual  16: 32768 op, 549907364.00 ns, 16.7818 us/op
WorkloadActual  17: 32768 op, 555954974.00 ns, 16.9664 us/op
WorkloadActual  18: 32768 op, 570879788.00 ns, 17.4219 us/op
WorkloadActual  19: 32768 op, 575736367.00 ns, 17.5701 us/op
WorkloadActual  20: 32768 op, 568015538.00 ns, 17.3345 us/op
WorkloadActual  21: 32768 op, 559177803.00 ns, 17.0648 us/op

WorkloadResult   1: 32768 op, 554511599.00 ns, 16.9224 us/op
WorkloadResult   2: 32768 op, 557036437.00 ns, 16.9994 us/op
WorkloadResult   3: 32768 op, 589771608.00 ns, 17.9984 us/op
WorkloadResult   4: 32768 op, 556268027.00 ns, 16.9760 us/op
WorkloadResult   5: 32768 op, 577400424.00 ns, 17.6209 us/op
WorkloadResult   6: 32768 op, 588538612.00 ns, 17.9608 us/op
WorkloadResult   7: 32768 op, 568173768.00 ns, 17.3393 us/op
WorkloadResult   8: 32768 op, 589881856.00 ns, 18.0018 us/op
WorkloadResult   9: 32768 op, 561420383.00 ns, 17.1332 us/op
WorkloadResult  10: 32768 op, 574635101.00 ns, 17.5365 us/op
WorkloadResult  11: 32768 op, 567202057.00 ns, 17.3096 us/op
WorkloadResult  12: 32768 op, 547077462.00 ns, 16.6955 us/op
WorkloadResult  13: 32768 op, 563711275.00 ns, 17.2031 us/op
WorkloadResult  14: 32768 op, 561980983.00 ns, 17.1503 us/op
WorkloadResult  15: 32768 op, 544478967.00 ns, 16.6162 us/op
WorkloadResult  16: 32768 op, 549865280.00 ns, 16.7806 us/op
WorkloadResult  17: 32768 op, 555912890.00 ns, 16.9651 us/op
WorkloadResult  18: 32768 op, 570837704.00 ns, 17.4206 us/op
WorkloadResult  19: 32768 op, 575694283.00 ns, 17.5688 us/op
WorkloadResult  20: 32768 op, 567973454.00 ns, 17.3332 us/op
WorkloadResult  21: 32768 op, 559135719.00 ns, 17.0635 us/op
// GC:  0 0 0 2640 32768
// Threading:  0 0 32768


Mean = 17.266 μs, StdErr = 0.089 μs (0.51%), N = 21, StdDev = 0.407 μs
Min = 16.616 μs, Q1 = 16.976 μs, Median = 17.203 μs, Q3 = 17.536 μs, Max = 18.002 μs
IQR = 0.561 μs, LowerFence = 16.135 μs, UpperFence = 18.377 μs
ConfidenceInterval = [16.925 μs; 17.608 μs] (CI 99.9%), Margin = 0.342 μs (1.98% of Mean)
Skewness = 0.37, Kurtosis = 2.12, MValue = 2

// ** Remained 4 (28.6 %) benchmark(s) to run. Estimated finish 2026-09-19 2:30 (0h 0m from now) **
// **************************
// Benchmark: PairHandleBenchmarks.Advance: Job-TZECNT(IterationCount=16, IterationTime=200ms, WarmupCount=8) [Shape=PairBlocks8Waves]
// *** Execute ***
// Launch: 1 / 1
// Execute: dotnet PairHandles-Job-TZECNT-1.dll --anonymousPipes 120 121 --benchmarkName "Tl.PairHandlesProbe.PairHandleBenchmarks.Advance(Shape: PairBlocks8Waves)" --job "IterationCount=16, IterationTime=200ms, WarmupCount=8" --benchmarkId 5 in /home/i/GitHub/tl-193-shrink/benchmarks/PairHandles/bin/Release/net10.0/PairHandles-Job-TZECNT-1/bin/Release/net10.0
// Failed to set up high priority (Permission denied). In order to run benchmarks with high priority, make sure you have the right permissions.
// BeforeAnythingElse

// Benchmark Process Environment Information:
// BenchmarkDotNet v0.15.8
// Runtime=.NET 10.0.12 (10.0.12, 10.0.1226.42308), X64 RyuJIT x86-64-v3
// GC=Concurrent Workstation
// HardwareIntrinsics=AVX2+BMI1+BMI2+F16C+FMA+LZCNT+MOVBE,AVX,SSE3+SSSE3+SSE4.1+SSE4.2+POPCNT,X86Base+SSE+SSE2,AES+PCLMUL,AvxVnni,SERIALIZE VectorSize=256
// Job: Job-TZECNT(IterationCount=16, IterationTime=200ms, WarmupCount=8)

OverheadJitting  1: 1 op, 73348.00 ns, 73.3480 us/op
WorkloadJitting  1: 1 op, 7815453.00 ns, 7.8155 ms/op

OverheadJitting  2: 16 op, 104830.00 ns, 6.5519 us/op
WorkloadJitting  2: 16 op, 4130193.00 ns, 258.1371 us/op

WorkloadPilot    1: 16 op, 3512396.00 ns, 219.5248 us/op
WorkloadPilot    2: 912 op, 130050344.00 ns, 142.5991 us/op
WorkloadPilot    3: 1408 op, 27850178.00 ns, 19.7800 us/op
WorkloadPilot    4: 10112 op, 191201093.00 ns, 18.9083 us/op
WorkloadPilot    5: 10592 op, 199401301.00 ns, 18.8257 us/op
WorkloadPilot    6: 10624 op, 200203561.00 ns, 18.8445 us/op

OverheadWarmup   1: 10624 op, 19590.00 ns, 1.8439 ns/op
OverheadWarmup   2: 10624 op, 18955.00 ns, 1.7842 ns/op
OverheadWarmup   3: 10624 op, 19315.00 ns, 1.8181 ns/op
OverheadWarmup   4: 10624 op, 19447.00 ns, 1.8305 ns/op
OverheadWarmup   5: 10624 op, 20430.00 ns, 1.9230 ns/op
OverheadWarmup   6: 10624 op, 20244.00 ns, 1.9055 ns/op
OverheadWarmup   7: 10624 op, 19454.00 ns, 1.8311 ns/op
OverheadWarmup   8: 10624 op, 19305.00 ns, 1.8171 ns/op
OverheadWarmup   9: 10624 op, 19306.00 ns, 1.8172 ns/op
OverheadWarmup  10: 10624 op, 19293.00 ns, 1.8160 ns/op

OverheadActual   1: 10624 op, 19567.00 ns, 1.8418 ns/op
OverheadActual   2: 10624 op, 19537.00 ns, 1.8389 ns/op
OverheadActual   3: 10624 op, 19751.00 ns, 1.8591 ns/op
OverheadActual   4: 10624 op, 19387.00 ns, 1.8248 ns/op
OverheadActual   5: 10624 op, 19494.00 ns, 1.8349 ns/op
OverheadActual   6: 10624 op, 19276.00 ns, 1.8144 ns/op
OverheadActual   7: 10624 op, 19282.00 ns, 1.8149 ns/op
OverheadActual   8: 10624 op, 19289.00 ns, 1.8156 ns/op
OverheadActual   9: 10624 op, 19527.00 ns, 1.8380 ns/op
OverheadActual  10: 10624 op, 21976.00 ns, 2.0685 ns/op
OverheadActual  11: 10624 op, 19269.00 ns, 1.8137 ns/op
OverheadActual  12: 10624 op, 19259.00 ns, 1.8128 ns/op
OverheadActual  13: 10624 op, 19286.00 ns, 1.8153 ns/op
OverheadActual  14: 10624 op, 19297.00 ns, 1.8164 ns/op
OverheadActual  15: 10624 op, 19374.00 ns, 1.8236 ns/op

WorkloadWarmup   1: 10624 op, 200600251.00 ns, 18.8818 us/op
WorkloadWarmup   2: 10624 op, 200944806.00 ns, 18.9142 us/op
WorkloadWarmup   3: 10624 op, 199971406.00 ns, 18.8226 us/op
WorkloadWarmup   4: 10624 op, 200046590.00 ns, 18.8297 us/op
WorkloadWarmup   5: 10624 op, 200525872.00 ns, 18.8748 us/op
WorkloadWarmup   6: 10624 op, 200454805.00 ns, 18.8681 us/op
WorkloadWarmup   7: 10624 op, 202813185.00 ns, 19.0901 us/op
WorkloadWarmup   8: 10624 op, 200033675.00 ns, 18.8285 us/op

// BeforeActualRun
WorkloadActual   1: 10624 op, 199907056.00 ns, 18.8166 us/op
WorkloadActual   2: 10624 op, 200746786.00 ns, 18.8956 us/op
WorkloadActual   3: 10624 op, 200221897.00 ns, 18.8462 us/op
WorkloadActual   4: 10624 op, 203589675.00 ns, 19.1632 us/op
WorkloadActual   5: 10624 op, 199917527.00 ns, 18.8175 us/op
WorkloadActual   6: 10624 op, 201726934.00 ns, 18.9879 us/op
WorkloadActual   7: 10624 op, 200553015.00 ns, 18.8774 us/op
WorkloadActual   8: 10624 op, 200298209.00 ns, 18.8534 us/op
WorkloadActual   9: 10624 op, 201703106.00 ns, 18.9856 us/op
WorkloadActual  10: 10624 op, 204469959.00 ns, 19.2460 us/op
WorkloadActual  11: 10624 op, 199957639.00 ns, 18.8213 us/op
WorkloadActual  12: 10624 op, 200523496.00 ns, 18.8746 us/op
WorkloadActual  13: 10624 op, 200731482.00 ns, 18.8942 us/op
WorkloadActual  14: 10624 op, 201724270.00 ns, 18.9876 us/op
WorkloadActual  15: 10624 op, 226351686.00 ns, 21.3057 us/op
WorkloadActual  16: 10624 op, 207419321.00 ns, 19.5237 us/op

// AfterActualRun
WorkloadResult   1: 10624 op, 199887682.00 ns, 18.8147 us/op
WorkloadResult   2: 10624 op, 200727412.00 ns, 18.8938 us/op
WorkloadResult   3: 10624 op, 200202523.00 ns, 18.8444 us/op
WorkloadResult   4: 10624 op, 203570301.00 ns, 19.1614 us/op
WorkloadResult   5: 10624 op, 199898153.00 ns, 18.8157 us/op
WorkloadResult   6: 10624 op, 201707560.00 ns, 18.9860 us/op
WorkloadResult   7: 10624 op, 200533641.00 ns, 18.8755 us/op
WorkloadResult   8: 10624 op, 200278835.00 ns, 18.8515 us/op
WorkloadResult   9: 10624 op, 201683732.00 ns, 18.9838 us/op
WorkloadResult  10: 10624 op, 204450585.00 ns, 19.2442 us/op
WorkloadResult  11: 10624 op, 199938265.00 ns, 18.8195 us/op
WorkloadResult  12: 10624 op, 200504122.00 ns, 18.8728 us/op
WorkloadResult  13: 10624 op, 200712108.00 ns, 18.8923 us/op
WorkloadResult  14: 10624 op, 201704896.00 ns, 18.9858 us/op
// GC:  0 0 0 0 10624
// Threading:  0 0 10624

// AfterAll
// Benchmark Process 440466 has exited with code 0.

Mean = 18.932 μs, StdErr = 0.035 μs (0.18%), N = 14, StdDev = 0.131 μs
Min = 18.815 μs, Q1 = 18.846 μs, Median = 18.884 μs, Q3 = 18.985 μs, Max = 19.244 μs
IQR = 0.139 μs, LowerFence = 18.637 μs, UpperFence = 19.194 μs
ConfidenceInterval = [18.784 μs; 19.079 μs] (CI 99.9%), Margin = 0.148 μs (0.78% of Mean)
Skewness = 1.18, Kurtosis = 3.18, MValue = 2

// ** Remained 3 (21.4 %) benchmark(s) to run. Estimated finish 2026-09-19 2:30 (0h 0m from now) **
// **************************
// Benchmark: PairHandleBenchmarks.Advance: InProcess(Toolchain=InProcessEmitToolchain) [Shape=PairBlocks8Waves]
// *** Execute ***
// Launch: 1 / 1
// ! Failed to set up priority High for process System.Diagnostics.Process (PairHandles). Make sure you have the right permissions. Message: Permission denied

// Benchmark Process Environment Information:
// BenchmarkDotNet v0.15.8
// Runtime=.NET 10.0.12 (10.0.12, 10.0.1226.42308), X64 RyuJIT x86-64-v3
// GC=Concurrent Workstation
// HardwareIntrinsics=AVX2+BMI1+BMI2+F16C+FMA+LZCNT+MOVBE,AVX,SSE3+SSSE3+SSE4.1+SSE4.2+POPCNT,X86Base+SSE+SSE2,AES+PCLMUL,AvxVnni,SERIALIZE VectorSize=256
// Job: Job-JWQWGO(Toolchain=InProcessEmitToolchain)

OverheadJitting  1: 1 op, 98106.00 ns, 98.1060 us/op
WorkloadJitting  1: 1 op, 329106.00 ns, 329.1060 us/op

OverheadJitting  2: 16 op, 130411.00 ns, 8.1507 us/op
WorkloadJitting  2: 16 op, 1180296.00 ns, 73.7685 us/op

WorkloadPilot    1: 16 op, 973144.00 ns, 60.8215 us/op
WorkloadPilot    2: 32 op, 1880600.00 ns, 58.7688 us/op
WorkloadPilot    3: 64 op, 3462954.00 ns, 54.1087 us/op
WorkloadPilot    4: 128 op, 6889370.00 ns, 53.8232 us/op
WorkloadPilot    5: 256 op, 13363834.00 ns, 52.2025 us/op
WorkloadPilot    6: 512 op, 26418843.00 ns, 51.5993 us/op
WorkloadPilot    7: 1024 op, 52442548.00 ns, 51.2134 us/op
WorkloadPilot    8: 2048 op, 103547255.00 ns, 50.5602 us/op
WorkloadPilot    9: 4096 op, 85306994.00 ns, 20.8269 us/op
WorkloadPilot   10: 8192 op, 163422437.00 ns, 19.9490 us/op
WorkloadPilot   11: 16384 op, 332294026.00 ns, 20.2816 us/op
WorkloadPilot   12: 32768 op, 675852362.00 ns, 20.6254 us/op

OverheadWarmup   1: 32768 op, 49924.00 ns, 1.5236 ns/op
OverheadWarmup   2: 32768 op, 45288.00 ns, 1.3821 ns/op
OverheadWarmup   3: 32768 op, 45276.00 ns, 1.3817 ns/op
OverheadWarmup   4: 32768 op, 44398.00 ns, 1.3549 ns/op
OverheadWarmup   5: 32768 op, 44387.00 ns, 1.3546 ns/op
OverheadWarmup   6: 32768 op, 44413.00 ns, 1.3554 ns/op
OverheadWarmup   7: 32768 op, 44417.00 ns, 1.3555 ns/op
OverheadWarmup   8: 32768 op, 44426.00 ns, 1.3558 ns/op
OverheadWarmup   9: 32768 op, 44398.00 ns, 1.3549 ns/op
OverheadWarmup  10: 32768 op, 44413.00 ns, 1.3554 ns/op

OverheadActual   1: 32768 op, 44387.00 ns, 1.3546 ns/op
OverheadActual   2: 32768 op, 44420.00 ns, 1.3556 ns/op
OverheadActual   3: 32768 op, 44418.00 ns, 1.3555 ns/op
OverheadActual   4: 32768 op, 44427.00 ns, 1.3558 ns/op
OverheadActual   5: 32768 op, 44396.00 ns, 1.3549 ns/op
OverheadActual   6: 32768 op, 44385.00 ns, 1.3545 ns/op
OverheadActual   7: 32768 op, 44382.00 ns, 1.3544 ns/op
OverheadActual   8: 32768 op, 47086.00 ns, 1.4370 ns/op
OverheadActual   9: 32768 op, 44389.00 ns, 1.3546 ns/op
OverheadActual  10: 32768 op, 44414.00 ns, 1.3554 ns/op
OverheadActual  11: 32768 op, 44386.00 ns, 1.3546 ns/op
OverheadActual  12: 32768 op, 44435.00 ns, 1.3560 ns/op
OverheadActual  13: 32768 op, 44391.00 ns, 1.3547 ns/op
OverheadActual  14: 32768 op, 44423.00 ns, 1.3557 ns/op
OverheadActual  15: 32768 op, 44402.00 ns, 1.3550 ns/op

WorkloadWarmup   1: 32768 op, 660159146.00 ns, 20.1465 us/op
WorkloadWarmup   2: 32768 op, 655707655.00 ns, 20.0106 us/op
WorkloadWarmup   3: 32768 op, 630393079.00 ns, 19.2381 us/op
WorkloadWarmup   4: 32768 op, 628173981.00 ns, 19.1703 us/op
WorkloadWarmup   5: 32768 op, 628204896.00 ns, 19.1713 us/op
WorkloadWarmup   6: 32768 op, 631446626.00 ns, 19.2702 us/op
WorkloadWarmup   7: 32768 op, 625509258.00 ns, 19.0890 us/op
WorkloadWarmup   8: 32768 op, 628989796.00 ns, 19.1952 us/op
WorkloadWarmup   9: 32768 op, 630808004.00 ns, 19.2507 us/op
WorkloadWarmup  10: 32768 op, 627617500.00 ns, 19.1534 us/op

WorkloadActual   1: 32768 op, 652879518.00 ns, 19.9243 us/op
WorkloadActual   2: 32768 op, 683492487.00 ns, 20.8585 us/op
WorkloadActual   3: 32768 op, 627095421.00 ns, 19.1374 us/op
WorkloadActual   4: 32768 op, 631585196.00 ns, 19.2745 us/op
WorkloadActual   5: 32768 op, 647523746.00 ns, 19.7609 us/op
WorkloadActual   6: 32768 op, 631043159.00 ns, 19.2579 us/op
WorkloadActual   7: 32768 op, 645661370.00 ns, 19.7040 us/op
WorkloadActual   8: 32768 op, 674080683.00 ns, 20.5713 us/op
WorkloadActual   9: 32768 op, 665823517.00 ns, 20.3193 us/op
WorkloadActual  10: 32768 op, 630421892.00 ns, 19.2389 us/op
WorkloadActual  11: 32768 op, 626325498.00 ns, 19.1139 us/op
WorkloadActual  12: 32768 op, 634478907.00 ns, 19.3628 us/op
WorkloadActual  13: 32768 op, 619332128.00 ns, 18.9005 us/op
WorkloadActual  14: 32768 op, 618075739.00 ns, 18.8622 us/op
WorkloadActual  15: 32768 op, 620480889.00 ns, 18.9356 us/op
WorkloadActual  16: 32768 op, 617889111.00 ns, 18.8565 us/op
WorkloadActual  17: 32768 op, 621881723.00 ns, 18.9783 us/op
WorkloadActual  18: 32768 op, 626261275.00 ns, 19.1120 us/op
WorkloadActual  19: 32768 op, 619247219.00 ns, 18.8979 us/op
WorkloadActual  20: 32768 op, 621921444.00 ns, 18.9795 us/op
WorkloadActual  21: 32768 op, 618996892.00 ns, 18.8903 us/op
WorkloadActual  22: 32768 op, 629556259.00 ns, 19.2125 us/op
WorkloadActual  23: 32768 op, 625447601.00 ns, 19.0871 us/op

WorkloadResult   1: 32768 op, 652835116.00 ns, 19.9229 us/op
WorkloadResult   2: 32768 op, 627051019.00 ns, 19.1361 us/op
WorkloadResult   3: 32768 op, 631540794.00 ns, 19.2731 us/op
WorkloadResult   4: 32768 op, 647479344.00 ns, 19.7595 us/op
WorkloadResult   5: 32768 op, 630998757.00 ns, 19.2566 us/op
WorkloadResult   6: 32768 op, 645616968.00 ns, 19.7027 us/op
WorkloadResult   7: 32768 op, 665779115.00 ns, 20.3180 us/op
WorkloadResult   8: 32768 op, 630377490.00 ns, 19.2376 us/op
WorkloadResult   9: 32768 op, 626281096.00 ns, 19.1126 us/op
WorkloadResult  10: 32768 op, 634434505.00 ns, 19.3614 us/op
WorkloadResult  11: 32768 op, 619287726.00 ns, 18.8992 us/op
WorkloadResult  12: 32768 op, 618031337.00 ns, 18.8608 us/op
WorkloadResult  13: 32768 op, 620436487.00 ns, 18.9342 us/op
WorkloadResult  14: 32768 op, 617844709.00 ns, 18.8551 us/op
WorkloadResult  15: 32768 op, 621837321.00 ns, 18.9770 us/op
WorkloadResult  16: 32768 op, 626216873.00 ns, 19.1106 us/op
WorkloadResult  17: 32768 op, 619202817.00 ns, 18.8966 us/op
WorkloadResult  18: 32768 op, 621877042.00 ns, 18.9782 us/op
WorkloadResult  19: 32768 op, 618952490.00 ns, 18.8889 us/op
WorkloadResult  20: 32768 op, 629511857.00 ns, 19.2112 us/op
WorkloadResult  21: 32768 op, 625403199.00 ns, 19.0858 us/op
// GC:  0 0 0 4656 32768
// Threading:  0 0 32768


Mean = 19.228 μs, StdErr = 0.086 μs (0.44%), N = 21, StdDev = 0.392 μs
Min = 18.855 μs, Q1 = 18.934 μs, Median = 19.113 μs, Q3 = 19.273 μs, Max = 20.318 μs
IQR = 0.339 μs, LowerFence = 18.426 μs, UpperFence = 19.781 μs
ConfidenceInterval = [18.898 μs; 19.557 μs] (CI 99.9%), Margin = 0.329 μs (1.71% of Mean)
Skewness = 1.28, Kurtosis = 3.77, MValue = 2

// ** Remained 2 (14.3 %) benchmark(s) to run. Estimated finish 2026-09-19 2:30 (0h 0m from now) **
// **************************
// Benchmark: PairHandleBenchmarks.Advance: Job-TZECNT(IterationCount=16, IterationTime=200ms, WarmupCount=8) [Shape=PairA(...)Waves [21]]
// *** Execute ***
// Launch: 1 / 1
// Execute: dotnet PairHandles-Job-TZECNT-1.dll --anonymousPipes 120 121 --benchmarkName "Tl.PairHandlesProbe.PairHandleBenchmarks.Advance(Shape: PairAlternating8Waves)" --job "IterationCount=16, IterationTime=200ms, WarmupCount=8" --benchmarkId 6 in /home/i/GitHub/tl-193-shrink/benchmarks/PairHandles/bin/Release/net10.0/PairHandles-Job-TZECNT-1/bin/Release/net10.0
// Failed to set up high priority (Permission denied). In order to run benchmarks with high priority, make sure you have the right permissions.
// BeforeAnythingElse

// Benchmark Process Environment Information:
// BenchmarkDotNet v0.15.8
// Runtime=.NET 10.0.12 (10.0.12, 10.0.1226.42308), X64 RyuJIT x86-64-v3
// GC=Concurrent Workstation
// HardwareIntrinsics=AVX2+BMI1+BMI2+F16C+FMA+LZCNT+MOVBE,AVX,SSE3+SSSE3+SSE4.1+SSE4.2+POPCNT,X86Base+SSE+SSE2,AES+PCLMUL,AvxVnni,SERIALIZE VectorSize=256
// Job: Job-TZECNT(IterationCount=16, IterationTime=200ms, WarmupCount=8)

OverheadJitting  1: 1 op, 81703.00 ns, 81.7030 us/op
WorkloadJitting  1: 1 op, 7240110.00 ns, 7.2401 ms/op

OverheadJitting  2: 16 op, 98283.00 ns, 6.1427 us/op
WorkloadJitting  2: 16 op, 2399669.00 ns, 149.9793 us/op

WorkloadPilot    1: 16 op, 1967613.00 ns, 122.9758 us/op
WorkloadPilot    2: 1632 op, 160673891.00 ns, 98.4521 us/op
WorkloadPilot    3: 2032 op, 128531064.00 ns, 63.2535 us/op
WorkloadPilot    4: 3168 op, 199980636.00 ns, 63.1252 us/op

OverheadWarmup   1: 3168 op, 6227.00 ns, 1.9656 ns/op
OverheadWarmup   2: 3168 op, 6057.00 ns, 1.9119 ns/op
OverheadWarmup   3: 3168 op, 5811.00 ns, 1.8343 ns/op
OverheadWarmup   4: 3168 op, 5813.00 ns, 1.8349 ns/op
OverheadWarmup   5: 3168 op, 5826.00 ns, 1.8390 ns/op
OverheadWarmup   6: 3168 op, 5841.00 ns, 1.8438 ns/op
OverheadWarmup   7: 3168 op, 5834.00 ns, 1.8415 ns/op
OverheadWarmup   8: 3168 op, 5816.00 ns, 1.8359 ns/op
OverheadWarmup   9: 3168 op, 5811.00 ns, 1.8343 ns/op
OverheadWarmup  10: 3168 op, 5823.00 ns, 1.8381 ns/op

OverheadActual   1: 3168 op, 6004.00 ns, 1.8952 ns/op
OverheadActual   2: 3168 op, 6065.00 ns, 1.9145 ns/op
OverheadActual   3: 3168 op, 6033.00 ns, 1.9044 ns/op
OverheadActual   4: 3168 op, 5892.00 ns, 1.8598 ns/op
OverheadActual   5: 3168 op, 5970.00 ns, 1.8845 ns/op
OverheadActual   6: 3168 op, 5825.00 ns, 1.8387 ns/op
OverheadActual   7: 3168 op, 5851.00 ns, 1.8469 ns/op
OverheadActual   8: 3168 op, 5845.00 ns, 1.8450 ns/op
OverheadActual   9: 3168 op, 5847.00 ns, 1.8456 ns/op
OverheadActual  10: 3168 op, 5854.00 ns, 1.8479 ns/op
OverheadActual  11: 3168 op, 5953.00 ns, 1.8791 ns/op
OverheadActual  12: 3168 op, 5842.00 ns, 1.8441 ns/op
OverheadActual  13: 3168 op, 5870.00 ns, 1.8529 ns/op
OverheadActual  14: 3168 op, 5830.00 ns, 1.8403 ns/op
OverheadActual  15: 3168 op, 5838.00 ns, 1.8428 ns/op

WorkloadWarmup   1: 3168 op, 200599526.00 ns, 63.3206 us/op
WorkloadWarmup   2: 3168 op, 199814870.00 ns, 63.0729 us/op
WorkloadWarmup   3: 3168 op, 199022868.00 ns, 62.8229 us/op
WorkloadWarmup   4: 3168 op, 195419707.00 ns, 61.6855 us/op
WorkloadWarmup   5: 3168 op, 195186867.00 ns, 61.6120 us/op
WorkloadWarmup   6: 3168 op, 194543259.00 ns, 61.4089 us/op
WorkloadWarmup   7: 3168 op, 199346410.00 ns, 62.9250 us/op
WorkloadWarmup   8: 3168 op, 201972944.00 ns, 63.7541 us/op

// BeforeActualRun
WorkloadActual   1: 3168 op, 194638361.00 ns, 61.4389 us/op
WorkloadActual   2: 3168 op, 194851538.00 ns, 61.5062 us/op
WorkloadActual   3: 3168 op, 195463688.00 ns, 61.6994 us/op
WorkloadActual   4: 3168 op, 196644587.00 ns, 62.0722 us/op
WorkloadActual   5: 3168 op, 201092625.00 ns, 63.4762 us/op
WorkloadActual   6: 3168 op, 200685270.00 ns, 63.3476 us/op
WorkloadActual   7: 3168 op, 200621678.00 ns, 63.3275 us/op
WorkloadActual   8: 3168 op, 200826231.00 ns, 63.3921 us/op
WorkloadActual   9: 3168 op, 201026967.00 ns, 63.4555 us/op
WorkloadActual  10: 3168 op, 203745394.00 ns, 64.3136 us/op
WorkloadActual  11: 3168 op, 200438037.00 ns, 63.2696 us/op
WorkloadActual  12: 3168 op, 200172234.00 ns, 63.1857 us/op
WorkloadActual  13: 3168 op, 201010012.00 ns, 63.4501 us/op
WorkloadActual  14: 3168 op, 199932861.00 ns, 63.1101 us/op
WorkloadActual  15: 3168 op, 203575619.00 ns, 64.2600 us/op
WorkloadActual  16: 3168 op, 199917392.00 ns, 63.1052 us/op

// AfterActualRun
WorkloadResult   1: 3168 op, 194632507.00 ns, 61.4370 us/op
WorkloadResult   2: 3168 op, 194845684.00 ns, 61.5043 us/op
WorkloadResult   3: 3168 op, 195457834.00 ns, 61.6975 us/op
WorkloadResult   4: 3168 op, 196638733.00 ns, 62.0703 us/op
WorkloadResult   5: 3168 op, 201086771.00 ns, 63.4744 us/op
WorkloadResult   6: 3168 op, 200679416.00 ns, 63.3458 us/op
WorkloadResult   7: 3168 op, 200615824.00 ns, 63.3257 us/op
WorkloadResult   8: 3168 op, 200820377.00 ns, 63.3903 us/op
WorkloadResult   9: 3168 op, 201021113.00 ns, 63.4536 us/op
WorkloadResult  10: 3168 op, 203739540.00 ns, 64.3117 us/op
WorkloadResult  11: 3168 op, 200432183.00 ns, 63.2677 us/op
WorkloadResult  12: 3168 op, 200166380.00 ns, 63.1838 us/op
WorkloadResult  13: 3168 op, 201004158.00 ns, 63.4483 us/op
WorkloadResult  14: 3168 op, 199927007.00 ns, 63.1083 us/op
WorkloadResult  15: 3168 op, 203569765.00 ns, 64.2581 us/op
WorkloadResult  16: 3168 op, 199911538.00 ns, 63.1034 us/op
// GC:  0 0 0 0 3168
// Threading:  0 0 3168

// AfterAll
// Benchmark Process 440949 has exited with code 0.

Mean = 63.024 μs, StdErr = 0.221 μs (0.35%), N = 16, StdDev = 0.882 μs
Min = 61.437 μs, Q1 = 62.845 μs, Median = 63.297 μs, Q3 = 63.450 μs, Max = 64.312 μs
IQR = 0.605 μs, LowerFence = 61.938 μs, UpperFence = 64.356 μs
ConfidenceInterval = [62.126 μs; 63.922 μs] (CI 99.9%), Margin = 0.898 μs (1.43% of Mean)
Skewness = -0.57, Kurtosis = 2.15, MValue = 2

// ** Remained 1 (7.1 %) benchmark(s) to run. Estimated finish 2026-09-19 2:30 (0h 0m from now) **
// **************************
// Benchmark: PairHandleBenchmarks.Advance: InProcess(Toolchain=InProcessEmitToolchain) [Shape=PairA(...)Waves [21]]
// *** Execute ***
// Launch: 1 / 1
// ! Failed to set up priority High for process System.Diagnostics.Process (PairHandles). Make sure you have the right permissions. Message: Permission denied

// Benchmark Process Environment Information:
// BenchmarkDotNet v0.15.8
// Runtime=.NET 10.0.12 (10.0.12, 10.0.1226.42308), X64 RyuJIT x86-64-v3
// GC=Concurrent Workstation
// HardwareIntrinsics=AVX2+BMI1+BMI2+F16C+FMA+LZCNT+MOVBE,AVX,SSE3+SSSE3+SSE4.1+SSE4.2+POPCNT,X86Base+SSE+SSE2,AES+PCLMUL,AvxVnni,SERIALIZE VectorSize=256
// Job: Job-JWQWGO(Toolchain=InProcessEmitToolchain)

OverheadJitting  1: 1 op, 95775.00 ns, 95.7750 us/op
WorkloadJitting  1: 1 op, 158904.00 ns, 158.9040 us/op

OverheadJitting  2: 16 op, 103297.00 ns, 6.4561 us/op
WorkloadJitting  2: 16 op, 1104594.00 ns, 69.0371 us/op

WorkloadPilot    1: 16 op, 1000515.00 ns, 62.5322 us/op
WorkloadPilot    2: 32 op, 1994857.00 ns, 62.3393 us/op
WorkloadPilot    3: 64 op, 4046488.00 ns, 63.2264 us/op
WorkloadPilot    4: 128 op, 8048935.00 ns, 62.8823 us/op
WorkloadPilot    5: 256 op, 15827871.00 ns, 61.8276 us/op
WorkloadPilot    6: 512 op, 30671920.00 ns, 59.9061 us/op
WorkloadPilot    7: 1024 op, 62114317.00 ns, 60.6585 us/op
WorkloadPilot    8: 2048 op, 128410172.00 ns, 62.7003 us/op
WorkloadPilot    9: 4096 op, 250478796.00 ns, 61.1520 us/op
WorkloadPilot   10: 8192 op, 486792211.00 ns, 59.4229 us/op
WorkloadPilot   11: 16384 op, 975706349.00 ns, 59.5524 us/op

OverheadWarmup   1: 16384 op, 23634.00 ns, 1.4425 ns/op
OverheadWarmup   2: 16384 op, 21277.00 ns, 1.2986 ns/op
OverheadWarmup   3: 16384 op, 21323.00 ns, 1.3015 ns/op
OverheadWarmup   4: 16384 op, 21258.00 ns, 1.2975 ns/op
OverheadWarmup   5: 16384 op, 21276.00 ns, 1.2986 ns/op
OverheadWarmup   6: 16384 op, 21113.00 ns, 1.2886 ns/op

OverheadActual   1: 16384 op, 21108.00 ns, 1.2883 ns/op
OverheadActual   2: 16384 op, 21118.00 ns, 1.2889 ns/op
OverheadActual   3: 16384 op, 21086.00 ns, 1.2870 ns/op
OverheadActual   4: 16384 op, 21098.00 ns, 1.2877 ns/op
OverheadActual   5: 16384 op, 21091.00 ns, 1.2873 ns/op
OverheadActual   6: 16384 op, 21095.00 ns, 1.2875 ns/op
OverheadActual   7: 16384 op, 21122.00 ns, 1.2892 ns/op
OverheadActual   8: 16384 op, 21081.00 ns, 1.2867 ns/op
OverheadActual   9: 16384 op, 21095.00 ns, 1.2875 ns/op
OverheadActual  10: 16384 op, 21110.00 ns, 1.2885 ns/op
OverheadActual  11: 16384 op, 21099.00 ns, 1.2878 ns/op
OverheadActual  12: 16384 op, 21110.00 ns, 1.2885 ns/op
OverheadActual  13: 16384 op, 21078.00 ns, 1.2865 ns/op
OverheadActual  14: 16384 op, 21093.00 ns, 1.2874 ns/op
OverheadActual  15: 16384 op, 21084.00 ns, 1.2869 ns/op

WorkloadWarmup   1: 16384 op, 982776828.00 ns, 59.9839 us/op
WorkloadWarmup   2: 16384 op, 970224290.00 ns, 59.2178 us/op
WorkloadWarmup   3: 16384 op, 975036767.00 ns, 59.5115 us/op
WorkloadWarmup   4: 16384 op, 977053942.00 ns, 59.6346 us/op
WorkloadWarmup   5: 16384 op, 1002313312.00 ns, 61.1763 us/op
WorkloadWarmup   6: 16384 op, 970482265.00 ns, 59.2335 us/op
WorkloadWarmup   7: 16384 op, 969965189.00 ns, 59.2020 us/op
WorkloadWarmup   8: 16384 op, 976227013.00 ns, 59.5842 us/op
WorkloadWarmup   9: 16384 op, 995785614.00 ns, 60.7779 us/op
WorkloadWarmup  10: 16384 op, 977795742.00 ns, 59.6799 us/op

WorkloadActual   1: 16384 op, 997203428.00 ns, 60.8645 us/op
WorkloadActual   2: 16384 op, 987823683.00 ns, 60.2920 us/op
WorkloadActual   3: 16384 op, 1002628206.00 ns, 61.1956 us/op
WorkloadActual   4: 16384 op, 976740830.00 ns, 59.6155 us/op
WorkloadActual   5: 16384 op, 972541056.00 ns, 59.3592 us/op
WorkloadActual   6: 16384 op, 988774604.00 ns, 60.3500 us/op
WorkloadActual   7: 16384 op, 974868680.00 ns, 59.5013 us/op
WorkloadActual   8: 16384 op, 966217067.00 ns, 58.9732 us/op
WorkloadActual   9: 16384 op, 968911354.00 ns, 59.1377 us/op
WorkloadActual  10: 16384 op, 972045906.00 ns, 59.3290 us/op
WorkloadActual  11: 16384 op, 970509058.00 ns, 59.2352 us/op
WorkloadActual  12: 16384 op, 971336816.00 ns, 59.2857 us/op
WorkloadActual  13: 16384 op, 968981439.00 ns, 59.1419 us/op
WorkloadActual  14: 16384 op, 967457854.00 ns, 59.0489 us/op
WorkloadActual  15: 16384 op, 970021029.00 ns, 59.2054 us/op

WorkloadResult   1: 16384 op, 997182333.00 ns, 60.8632 us/op
WorkloadResult   2: 16384 op, 987802588.00 ns, 60.2907 us/op
WorkloadResult   3: 16384 op, 976719735.00 ns, 59.6142 us/op
WorkloadResult   4: 16384 op, 972519961.00 ns, 59.3579 us/op
WorkloadResult   5: 16384 op, 988753509.00 ns, 60.3487 us/op
WorkloadResult   6: 16384 op, 974847585.00 ns, 59.5000 us/op
WorkloadResult   7: 16384 op, 966195972.00 ns, 58.9719 us/op
WorkloadResult   8: 16384 op, 968890259.00 ns, 59.1364 us/op
WorkloadResult   9: 16384 op, 972024811.00 ns, 59.3277 us/op
WorkloadResult  10: 16384 op, 970487963.00 ns, 59.2339 us/op
WorkloadResult  11: 16384 op, 971315721.00 ns, 59.2844 us/op
WorkloadResult  12: 16384 op, 968960344.00 ns, 59.1406 us/op
WorkloadResult  13: 16384 op, 967436759.00 ns, 59.0477 us/op
WorkloadResult  14: 16384 op, 969999934.00 ns, 59.2041 us/op
// GC:  0 0 0 4656 16384
// Threading:  0 0 16384


Mean = 59.523 μs, StdErr = 0.152 μs (0.26%), N = 14, StdDev = 0.569 μs
Min = 58.972 μs, Q1 = 59.157 μs, Median = 59.306 μs, Q3 = 59.586 μs, Max = 60.863 μs
IQR = 0.429 μs, LowerFence = 58.513 μs, UpperFence = 60.229 μs
ConfidenceInterval = [58.881 μs; 60.165 μs] (CI 99.9%), Margin = 0.642 μs (1.08% of Mean)
Skewness = 1.15, Kurtosis = 2.89, MValue = 2

// ** Remained 0 (0.0 %) benchmark(s) to run. Estimated finish 2026-09-19 2:30 (0h 0m from now) **
// ***** BenchmarkRunner: Finish  *****

// * Export *
  results/193-atom3-recheck/results/Tl.PairHandlesProbe.PairHandleBenchmarks-report.csv
  results/193-atom3-recheck/results/Tl.PairHandlesProbe.PairHandleBenchmarks-report-github.md
  results/193-atom3-recheck/results/Tl.PairHandlesProbe.PairHandleBenchmarks-report.html
  results/193-atom3-recheck/results/Tl.PairHandlesProbe.PairHandleBenchmarks-report-full.json

// * Detailed results *
PairHandleBenchmarks.Advance: Job-TZECNT(IterationCount=16, IterationTime=200ms, WarmupCount=8) [Shape=LaneUniform]
Runtime = .NET 10.0.12 (10.0.12, 10.0.1226.42308), X64 RyuJIT x86-64-v3; GC = Concurrent Workstation
Mean = 18.208 μs, StdErr = 0.009 μs (0.05%), N = 16, StdDev = 0.037 μs
Min = 18.161 μs, Q1 = 18.179 μs, Median = 18.196 μs, Q3 = 18.223 μs, Max = 18.279 μs
IQR = 0.044 μs, LowerFence = 18.113 μs, UpperFence = 18.290 μs
ConfidenceInterval = [18.169 μs; 18.246 μs] (CI 99.9%), Margin = 0.038 μs (0.21% of Mean)
Skewness = 0.62, Kurtosis = 2.05, MValue = 2
-------------------- Histogram --------------------
[18.141 μs ; 18.299 μs) | @@@@@@@@@@@@@@@@
---------------------------------------------------

PairHandleBenchmarks.Advance: InProcess(Toolchain=InProcessEmitToolchain) [Shape=LaneUniform]
Runtime = ; GC = 
Mean = 18.315 μs, StdErr = 0.075 μs (0.41%), N = 15, StdDev = 0.289 μs
Min = 18.207 μs, Q1 = 18.239 μs, Median = 18.245 μs, Q3 = 18.249 μs, Max = 19.357 μs
IQR = 0.010 μs, LowerFence = 18.223 μs, UpperFence = 18.265 μs
ConfidenceInterval = [18.006 μs; 18.623 μs] (CI 99.9%), Margin = 0.309 μs (1.69% of Mean)
Skewness = 3.11, Kurtosis = 11.29, MValue = 2
-------------------- Histogram --------------------
[18.054 μs ; 18.426 μs) | @@@@@@@@@@@@@@
[18.426 μs ; 19.041 μs) | 
[19.041 μs ; 19.510 μs) | @
---------------------------------------------------

PairHandleBenchmarks.Advance: Job-TZECNT(IterationCount=16, IterationTime=200ms, WarmupCount=8) [Shape=PairOne]
Runtime = .NET 10.0.12 (10.0.12, 10.0.1226.42308), X64 RyuJIT x86-64-v3; GC = Concurrent Workstation
Mean = 19.374 μs, StdErr = 0.384 μs (1.98%), N = 16, StdDev = 1.534 μs
Min = 18.156 μs, Q1 = 18.171 μs, Median = 18.269 μs, Q3 = 20.971 μs, Max = 21.631 μs
IQR = 2.800 μs, LowerFence = 13.971 μs, UpperFence = 25.172 μs
ConfidenceInterval = [17.812 μs; 20.936 μs] (CI 99.9%), Margin = 1.562 μs (8.06% of Mean)
Skewness = 0.57, Kurtosis = 1.38, MValue = 3.2
-------------------- Histogram --------------------
[17.748 μs ; 19.347 μs) | @@@@@@@@@@
[19.347 μs ; 20.075 μs) | 
[20.075 μs ; 21.673 μs) | @@@@@@
---------------------------------------------------

PairHandleBenchmarks.Advance: InProcess(Toolchain=InProcessEmitToolchain) [Shape=PairOne]
Runtime = ; GC = 
Mean = 18.115 μs, StdErr = 0.033 μs (0.18%), N = 12, StdDev = 0.113 μs
Min = 18.024 μs, Q1 = 18.052 μs, Median = 18.070 μs, Q3 = 18.125 μs, Max = 18.417 μs
IQR = 0.073 μs, LowerFence = 17.943 μs, UpperFence = 18.235 μs
ConfidenceInterval = [17.971 μs; 18.260 μs] (CI 99.9%), Margin = 0.145 μs (0.80% of Mean)
Skewness = 1.56, Kurtosis = 4.4, MValue = 2
-------------------- Histogram --------------------
[17.959 μs ; 18.481 μs) | @@@@@@@@@@@@
---------------------------------------------------

PairHandleBenchmarks.Advance: Job-TZECNT(IterationCount=16, IterationTime=200ms, WarmupCount=8) [Shape=PairRuns8]
Runtime = .NET 10.0.12 (10.0.12, 10.0.1226.42308), X64 RyuJIT x86-64-v3; GC = Concurrent Workstation
Mean = 20.177 μs, StdErr = 0.010 μs (0.05%), N = 15, StdDev = 0.040 μs
Min = 20.144 μs, Q1 = 20.151 μs, Median = 20.161 μs, Q3 = 20.181 μs, Max = 20.268 μs
IQR = 0.030 μs, LowerFence = 20.106 μs, UpperFence = 20.227 μs
ConfidenceInterval = [20.134 μs; 20.219 μs] (CI 99.9%), Margin = 0.042 μs (0.21% of Mean)
Skewness = 1.24, Kurtosis = 3.05, MValue = 2
-------------------- Histogram --------------------
[20.122 μs ; 20.289 μs) | @@@@@@@@@@@@@@@
---------------------------------------------------

PairHandleBenchmarks.Advance: InProcess(Toolchain=InProcessEmitToolchain) [Shape=PairRuns8]
Runtime = ; GC = 
Mean = 20.267 μs, StdErr = 0.004 μs (0.02%), N = 12, StdDev = 0.014 μs
Min = 20.247 μs, Q1 = 20.253 μs, Median = 20.271 μs, Q3 = 20.276 μs, Max = 20.284 μs
IQR = 0.023 μs, LowerFence = 20.219 μs, UpperFence = 20.311 μs
ConfidenceInterval = [20.249 μs; 20.284 μs] (CI 99.9%), Margin = 0.017 μs (0.09% of Mean)
Skewness = -0.3, Kurtosis = 1.35, MValue = 2
-------------------- Histogram --------------------
[20.239 μs ; 20.292 μs) | @@@@@@@@@@@@
---------------------------------------------------

PairHandleBenchmarks.Advance: Job-TZECNT(IterationCount=16, IterationTime=200ms, WarmupCount=8) [Shape=PairAlternating8]
Runtime = .NET 10.0.12 (10.0.12, 10.0.1226.42308), X64 RyuJIT x86-64-v3; GC = Concurrent Workstation
Mean = 78.003 μs, StdErr = 0.449 μs (0.58%), N = 16, StdDev = 1.795 μs
Min = 74.538 μs, Q1 = 77.643 μs, Median = 78.667 μs, Q3 = 78.899 μs, Max = 79.942 μs
IQR = 1.256 μs, LowerFence = 75.759 μs, UpperFence = 80.783 μs
ConfidenceInterval = [76.175 μs; 79.831 μs] (CI 99.9%), Margin = 1.828 μs (2.34% of Mean)
Skewness = -1.01, Kurtosis = 2.48, MValue = 2
-------------------- Histogram --------------------
[73.603 μs ; 75.656 μs) | @@@
[75.656 μs ; 78.341 μs) | @@
[78.341 μs ; 80.211 μs) | @@@@@@@@@@@
---------------------------------------------------

PairHandleBenchmarks.Advance: InProcess(Toolchain=InProcessEmitToolchain) [Shape=PairAlternating8]
Runtime = ; GC = 
Mean = 76.807 μs, StdErr = 0.197 μs (0.26%), N = 14, StdDev = 0.738 μs
Min = 75.022 μs, Q1 = 76.409 μs, Median = 77.033 μs, Q3 = 77.287 μs, Max = 77.643 μs
IQR = 0.878 μs, LowerFence = 75.091 μs, UpperFence = 78.604 μs
ConfidenceInterval = [75.975 μs; 77.639 μs] (CI 99.9%), Margin = 0.832 μs (1.08% of Mean)
Skewness = -0.94, Kurtosis = 2.98, MValue = 2
-------------------- Histogram --------------------
[74.620 μs ; 77.788 μs) | @@@@@@@@@@@@@@
---------------------------------------------------

PairHandleBenchmarks.Advance: Job-TZECNT(IterationCount=16, IterationTime=200ms, WarmupCount=8) [Shape=PairRuns8Waves]
Runtime = .NET 10.0.12 (10.0.12, 10.0.1226.42308), X64 RyuJIT x86-64-v3; GC = Concurrent Workstation
Mean = 17.373 μs, StdErr = 0.066 μs (0.38%), N = 16, StdDev = 0.265 μs
Min = 17.123 μs, Q1 = 17.163 μs, Median = 17.223 μs, Q3 = 17.624 μs, Max = 17.791 μs
IQR = 0.461 μs, LowerFence = 16.472 μs, UpperFence = 18.315 μs
ConfidenceInterval = [17.103 μs; 17.642 μs] (CI 99.9%), Margin = 0.269 μs (1.55% of Mean)
Skewness = 0.65, Kurtosis = 1.57, MValue = 2
-------------------- Histogram --------------------
[17.068 μs ; 17.863 μs) | @@@@@@@@@@@@@@@@
---------------------------------------------------

PairHandleBenchmarks.Advance: InProcess(Toolchain=InProcessEmitToolchain) [Shape=PairRuns8Waves]
Runtime = ; GC = 
Mean = 17.266 μs, StdErr = 0.089 μs (0.51%), N = 21, StdDev = 0.407 μs
Min = 16.616 μs, Q1 = 16.976 μs, Median = 17.203 μs, Q3 = 17.536 μs, Max = 18.002 μs
IQR = 0.561 μs, LowerFence = 16.135 μs, UpperFence = 18.377 μs
ConfidenceInterval = [16.925 μs; 17.608 μs] (CI 99.9%), Margin = 0.342 μs (1.98% of Mean)
Skewness = 0.37, Kurtosis = 2.12, MValue = 2
-------------------- Histogram --------------------
[16.576 μs ; 16.959 μs) | @@@@
[16.959 μs ; 17.346 μs) | @@@@@@@@@@
[17.346 μs ; 17.788 μs) | @@@@
[17.788 μs ; 18.195 μs) | @@@
---------------------------------------------------

PairHandleBenchmarks.Advance: Job-TZECNT(IterationCount=16, IterationTime=200ms, WarmupCount=8) [Shape=PairBlocks8Waves]
Runtime = .NET 10.0.12 (10.0.12, 10.0.1226.42308), X64 RyuJIT x86-64-v3; GC = Concurrent Workstation
Mean = 18.932 μs, StdErr = 0.035 μs (0.18%), N = 14, StdDev = 0.131 μs
Min = 18.815 μs, Q1 = 18.846 μs, Median = 18.884 μs, Q3 = 18.985 μs, Max = 19.244 μs
IQR = 0.139 μs, LowerFence = 18.637 μs, UpperFence = 19.194 μs
ConfidenceInterval = [18.784 μs; 19.079 μs] (CI 99.9%), Margin = 0.148 μs (0.78% of Mean)
Skewness = 1.18, Kurtosis = 3.18, MValue = 2
-------------------- Histogram --------------------
[18.744 μs ; 19.315 μs) | @@@@@@@@@@@@@@
---------------------------------------------------

PairHandleBenchmarks.Advance: InProcess(Toolchain=InProcessEmitToolchain) [Shape=PairBlocks8Waves]
Runtime = ; GC = 
Mean = 19.228 μs, StdErr = 0.086 μs (0.44%), N = 21, StdDev = 0.392 μs
Min = 18.855 μs, Q1 = 18.934 μs, Median = 19.113 μs, Q3 = 19.273 μs, Max = 20.318 μs
IQR = 0.339 μs, LowerFence = 18.426 μs, UpperFence = 19.781 μs
ConfidenceInterval = [18.898 μs; 19.557 μs] (CI 99.9%), Margin = 0.329 μs (1.71% of Mean)
Skewness = 1.28, Kurtosis = 3.77, MValue = 2
-------------------- Histogram --------------------
[18.843 μs ; 19.492 μs) | @@@@@@@@@@@@@@@@@
[19.492 μs ; 20.011 μs) | @@@
[20.011 μs ; 20.504 μs) | @
---------------------------------------------------

PairHandleBenchmarks.Advance: Job-TZECNT(IterationCount=16, IterationTime=200ms, WarmupCount=8) [Shape=PairA(...)Waves [21]]
Runtime = .NET 10.0.12 (10.0.12, 10.0.1226.42308), X64 RyuJIT x86-64-v3; GC = Concurrent Workstation
Mean = 63.024 μs, StdErr = 0.221 μs (0.35%), N = 16, StdDev = 0.882 μs
Min = 61.437 μs, Q1 = 62.845 μs, Median = 63.297 μs, Q3 = 63.450 μs, Max = 64.312 μs
IQR = 0.605 μs, LowerFence = 61.938 μs, UpperFence = 64.356 μs
ConfidenceInterval = [62.126 μs; 63.922 μs] (CI 99.9%), Margin = 0.898 μs (1.43% of Mean)
Skewness = -0.57, Kurtosis = 2.15, MValue = 2
-------------------- Histogram --------------------
[61.136 μs ; 62.656 μs) | @@@@
[62.656 μs ; 64.771 μs) | @@@@@@@@@@@@
---------------------------------------------------

PairHandleBenchmarks.Advance: InProcess(Toolchain=InProcessEmitToolchain) [Shape=PairA(...)Waves [21]]
Runtime = ; GC = 
Mean = 59.523 μs, StdErr = 0.152 μs (0.26%), N = 14, StdDev = 0.569 μs
Min = 58.972 μs, Q1 = 59.157 μs, Median = 59.306 μs, Q3 = 59.586 μs, Max = 60.863 μs
IQR = 0.429 μs, LowerFence = 58.513 μs, UpperFence = 60.229 μs
ConfidenceInterval = [58.881 μs; 60.165 μs] (CI 99.9%), Margin = 0.642 μs (1.08% of Mean)
Skewness = 1.15, Kurtosis = 2.89, MValue = 2
-------------------- Histogram --------------------
[58.662 μs ; 61.173 μs) | @@@@@@@@@@@@@@
---------------------------------------------------

// * Summary *

BenchmarkDotNet v0.15.8, Linux Omarchy
Intel Core i9-14900K 0.80GHz, 1 CPU, 32 logical and 24 physical cores
.NET SDK 10.0.401
  [Host]     : .NET 10.0.12 (10.0.12, 10.0.1226.42308), X64 RyuJIT x86-64-v3
  Job-TZECNT : .NET 10.0.12 (10.0.12, 10.0.1226.42308), X64 RyuJIT x86-64-v3


| Method  | Job        | Toolchain              | IterationCount | IterationTime | WarmupCount | Shape                | Mean     | Error    | StdDev   | Median   | Allocated |
|-------- |----------- |----------------------- |--------------- |-------------- |------------ |--------------------- |---------:|---------:|---------:|---------:|----------:|
| Advance | Job-TZECNT | Default                | 16             | 200ms         | 8           | LaneUniform          | 18.21 μs | 0.038 μs | 0.037 μs | 18.20 μs |         - |
| Advance | InProcess  | InProcessEmitToolchain | Default        | Default       | Default     | LaneUniform          | 18.31 μs | 0.309 μs | 0.289 μs | 18.25 μs |         - |
| Advance | Job-TZECNT | Default                | 16             | 200ms         | 8           | PairOne              | 19.37 μs | 1.562 μs | 1.534 μs | 18.27 μs |         - |
| Advance | InProcess  | InProcessEmitToolchain | Default        | Default       | Default     | PairOne              | 18.12 μs | 0.145 μs | 0.113 μs | 18.07 μs |         - |
| Advance | Job-TZECNT | Default                | 16             | 200ms         | 8           | PairRuns8            | 20.18 μs | 0.042 μs | 0.040 μs | 20.16 μs |         - |
| Advance | InProcess  | InProcessEmitToolchain | Default        | Default       | Default     | PairRuns8            | 20.27 μs | 0.017 μs | 0.014 μs | 20.27 μs |         - |
| Advance | Job-TZECNT | Default                | 16             | 200ms         | 8           | PairAlternating8     | 78.00 μs | 1.828 μs | 1.795 μs | 78.67 μs |         - |
| Advance | InProcess  | InProcessEmitToolchain | Default        | Default       | Default     | PairAlternating8     | 76.81 μs | 0.832 μs | 0.738 μs | 77.03 μs |       1 B |
| Advance | Job-TZECNT | Default                | 16             | 200ms         | 8           | PairRuns8Waves       | 17.37 μs | 0.269 μs | 0.265 μs | 17.22 μs |         - |
| Advance | InProcess  | InProcessEmitToolchain | Default        | Default       | Default     | PairRuns8Waves       | 17.27 μs | 0.342 μs | 0.407 μs | 17.20 μs |         - |
| Advance | Job-TZECNT | Default                | 16             | 200ms         | 8           | PairBlocks8Waves     | 18.93 μs | 0.148 μs | 0.131 μs | 18.88 μs |         - |
| Advance | InProcess  | InProcessEmitToolchain | Default        | Default       | Default     | PairBlocks8Waves     | 19.23 μs | 0.329 μs | 0.392 μs | 19.11 μs |         - |
| Advance | Job-TZECNT | Default                | 16             | 200ms         | 8           | PairA(...)Waves [21] | 63.02 μs | 0.898 μs | 0.882 μs | 63.30 μs |         - |
| Advance | InProcess  | InProcessEmitToolchain | Default        | Default       | Default     | PairA(...)Waves [21] | 59.52 μs | 0.642 μs | 0.569 μs | 59.31 μs |         - |

// * Warnings *
MultimodalDistribution
  PairHandleBenchmarks.Advance: IterationCount=16, IterationTime=200ms, WarmupCount=8 -> It seems that the distribution can have several modes (mValue = 3.2)

// * Hints *
Outliers
  PairHandleBenchmarks.Advance: InProcess                                             -> 4 outliers were removed (19.94 μs..21.59 μs)
  PairHandleBenchmarks.Advance: InProcess                                             -> 3 outliers were removed (18.99 μs..19.25 μs)
  PairHandleBenchmarks.Advance: IterationCount=16, IterationTime=200ms, WarmupCount=8 -> 1 outlier  was  removed (23.59 μs)
  PairHandleBenchmarks.Advance: InProcess                                             -> 3 outliers were removed (20.62 μs..21.76 μs)
  PairHandleBenchmarks.Advance: IterationCount=16, IterationTime=200ms, WarmupCount=8 -> 3 outliers were detected (74.54 μs..74.91 μs)
  PairHandleBenchmarks.Advance: InProcess                                             -> 1 outlier  was  removed, 2 outliers were detected (75.02 μs, 82.82 μs)
  PairHandleBenchmarks.Advance: IterationCount=16, IterationTime=200ms, WarmupCount=8 -> 2 outliers were removed (19.52 μs, 21.31 μs)
  PairHandleBenchmarks.Advance: InProcess                                             -> 2 outliers were removed (20.57 μs, 20.86 μs)
  PairHandleBenchmarks.Advance: IterationCount=16, IterationTime=200ms, WarmupCount=8 -> 3 outliers were detected (61.44 μs..61.70 μs)
  PairHandleBenchmarks.Advance: InProcess                                             -> 1 outlier  was  removed (61.20 μs)

// * Legends *
  Shape     : Value of the 'Shape' parameter
  Mean      : Arithmetic mean of all measurements
  Error     : Half of 99.9% confidence interval
  StdDev    : Standard deviation of all measurements
  Median    : Value separating the higher half of all measurements (50th percentile)
  Allocated : Allocated memory per single operation (managed only, inclusive, 1KB = 1024B)
  1 μs      : 1 Microsecond (0.000001 sec)

// * Diagnostic Output - MemoryDiagnoser *


// ***** BenchmarkRunner: End *****
Run time: 00:02:57 (177.02 sec), executed benchmarks: 14

Global total time: 00:03:00 (180.58 sec), executed benchmarks: 14
// * Artifacts cleanup *
Artifacts cleanup is finished
