// Validating benchmarks:
// ***** BenchmarkRunner: Start   *****
// ***** Found 50 benchmark(s) in total *****
// ***** Building 1 exe(s) in Parallel: Start   *****
// start dotnet  restore --nodeReuse:false /p:UseSharedCompilation=false /p:Deterministic=true /p:Optimize=true /p:ArtifactsPath="/home/i/GitHub/tl-56-feat-data-authored-api/benchmarks/Alpha/bin/Release/net10.0/Alpha-Jit-1/" /p:OutDir="/home/i/GitHub/tl-56-feat-data-authored-api/benchmarks/Alpha/bin/Release/net10.0/Alpha-Jit-1/bin/Release/net10.0/" /p:OutputPath="/home/i/GitHub/tl-56-feat-data-authored-api/benchmarks/Alpha/bin/Release/net10.0/Alpha-Jit-1/bin/Release/net10.0/" /p:PublishDir="/home/i/GitHub/tl-56-feat-data-authored-api/benchmarks/Alpha/bin/Release/net10.0/Alpha-Jit-1/publish/" in /home/i/GitHub/tl-56-feat-data-authored-api/benchmarks/Alpha/bin/Release/net10.0/Alpha-Jit-1
// command took 0.78 sec and exited with 0
// start dotnet  build -c Release --no-restore --nodeReuse:false /p:UseSharedCompilation=false /p:Deterministic=true /p:Optimize=true /p:ArtifactsPath="/home/i/GitHub/tl-56-feat-data-authored-api/benchmarks/Alpha/bin/Release/net10.0/Alpha-Jit-1/" /p:OutDir="/home/i/GitHub/tl-56-feat-data-authored-api/benchmarks/Alpha/bin/Release/net10.0/Alpha-Jit-1/bin/Release/net10.0/" /p:OutputPath="/home/i/GitHub/tl-56-feat-data-authored-api/benchmarks/Alpha/bin/Release/net10.0/Alpha-Jit-1/bin/Release/net10.0/" /p:PublishDir="/home/i/GitHub/tl-56-feat-data-authored-api/benchmarks/Alpha/bin/Release/net10.0/Alpha-Jit-1/publish/" --output "/home/i/GitHub/tl-56-feat-data-authored-api/benchmarks/Alpha/bin/Release/net10.0/Alpha-Jit-1/bin/Release/net10.0/" in /home/i/GitHub/tl-56-feat-data-authored-api/benchmarks/Alpha/bin/Release/net10.0/Alpha-Jit-1
// command took 7.23 sec and exited with 0
// ***** Done, took 00:00:08 (8.06 sec)   *****
// Found 50 benchmarks:
//   DataAuthoredQueryBenchmarks.DirectShape: Jit(IterationCount=12, IterationTime=250ms, WarmupCount=16) [Shape=OneTrack, Pattern=Forward]
//   DataAuthoredQueryBenchmarks.GeneratedShape: Jit(IterationCount=12, IterationTime=250ms, WarmupCount=16) [Shape=OneTrack, Pattern=Forward]
//   DataAuthoredQueryBenchmarks.DataAuthoredFacade: Jit(IterationCount=12, IterationTime=250ms, WarmupCount=16) [Shape=OneTrack, Pattern=Forward]
//   DataAuthoredQueryBenchmarks.FacadeSelectOnly: Jit(IterationCount=12, IterationTime=250ms, WarmupCount=16) [Shape=OneTrack, Pattern=Forward]
//   DataAuthoredQueryBenchmarks.FacadeNoDispatch: Jit(IterationCount=12, IterationTime=250ms, WarmupCount=16) [Shape=OneTrack, Pattern=Forward]
//   DataAuthoredQueryBenchmarks.DirectShape: Jit(IterationCount=12, IterationTime=250ms, WarmupCount=16) [Shape=OneTrack, Pattern=Alternating]
//   DataAuthoredQueryBenchmarks.GeneratedShape: Jit(IterationCount=12, IterationTime=250ms, WarmupCount=16) [Shape=OneTrack, Pattern=Alternating]
//   DataAuthoredQueryBenchmarks.DataAuthoredFacade: Jit(IterationCount=12, IterationTime=250ms, WarmupCount=16) [Shape=OneTrack, Pattern=Alternating]
//   DataAuthoredQueryBenchmarks.FacadeSelectOnly: Jit(IterationCount=12, IterationTime=250ms, WarmupCount=16) [Shape=OneTrack, Pattern=Alternating]
//   DataAuthoredQueryBenchmarks.FacadeNoDispatch: Jit(IterationCount=12, IterationTime=250ms, WarmupCount=16) [Shape=OneTrack, Pattern=Alternating]
//   DataAuthoredQueryBenchmarks.DirectShape: Jit(IterationCount=12, IterationTime=250ms, WarmupCount=16) [Shape=ThreeTracks, Pattern=Forward]
//   DataAuthoredQueryBenchmarks.GeneratedShape: Jit(IterationCount=12, IterationTime=250ms, WarmupCount=16) [Shape=ThreeTracks, Pattern=Forward]
//   DataAuthoredQueryBenchmarks.DataAuthoredFacade: Jit(IterationCount=12, IterationTime=250ms, WarmupCount=16) [Shape=ThreeTracks, Pattern=Forward]
//   DataAuthoredQueryBenchmarks.FacadeSelectOnly: Jit(IterationCount=12, IterationTime=250ms, WarmupCount=16) [Shape=ThreeTracks, Pattern=Forward]
//   DataAuthoredQueryBenchmarks.FacadeNoDispatch: Jit(IterationCount=12, IterationTime=250ms, WarmupCount=16) [Shape=ThreeTracks, Pattern=Forward]
//   DataAuthoredQueryBenchmarks.DirectShape: Jit(IterationCount=12, IterationTime=250ms, WarmupCount=16) [Shape=ThreeTracks, Pattern=Alternating]
//   DataAuthoredQueryBenchmarks.GeneratedShape: Jit(IterationCount=12, IterationTime=250ms, WarmupCount=16) [Shape=ThreeTracks, Pattern=Alternating]
//   DataAuthoredQueryBenchmarks.DataAuthoredFacade: Jit(IterationCount=12, IterationTime=250ms, WarmupCount=16) [Shape=ThreeTracks, Pattern=Alternating]
//   DataAuthoredQueryBenchmarks.FacadeSelectOnly: Jit(IterationCount=12, IterationTime=250ms, WarmupCount=16) [Shape=ThreeTracks, Pattern=Alternating]
//   DataAuthoredQueryBenchmarks.FacadeNoDispatch: Jit(IterationCount=12, IterationTime=250ms, WarmupCount=16) [Shape=ThreeTracks, Pattern=Alternating]
//   DataAuthoredQueryBenchmarks.DirectShape: Jit(IterationCount=12, IterationTime=250ms, WarmupCount=16) [Shape=SixteenTracks, Pattern=Forward]
//   DataAuthoredQueryBenchmarks.GeneratedShape: Jit(IterationCount=12, IterationTime=250ms, WarmupCount=16) [Shape=SixteenTracks, Pattern=Forward]
//   DataAuthoredQueryBenchmarks.DataAuthoredFacade: Jit(IterationCount=12, IterationTime=250ms, WarmupCount=16) [Shape=SixteenTracks, Pattern=Forward]
//   DataAuthoredQueryBenchmarks.FacadeSelectOnly: Jit(IterationCount=12, IterationTime=250ms, WarmupCount=16) [Shape=SixteenTracks, Pattern=Forward]
//   DataAuthoredQueryBenchmarks.FacadeNoDispatch: Jit(IterationCount=12, IterationTime=250ms, WarmupCount=16) [Shape=SixteenTracks, Pattern=Forward]
//   DataAuthoredQueryBenchmarks.DirectShape: Jit(IterationCount=12, IterationTime=250ms, WarmupCount=16) [Shape=SixteenTracks, Pattern=Alternating]
//   DataAuthoredQueryBenchmarks.GeneratedShape: Jit(IterationCount=12, IterationTime=250ms, WarmupCount=16) [Shape=SixteenTracks, Pattern=Alternating]
//   DataAuthoredQueryBenchmarks.DataAuthoredFacade: Jit(IterationCount=12, IterationTime=250ms, WarmupCount=16) [Shape=SixteenTracks, Pattern=Alternating]
//   DataAuthoredQueryBenchmarks.FacadeSelectOnly: Jit(IterationCount=12, IterationTime=250ms, WarmupCount=16) [Shape=SixteenTracks, Pattern=Alternating]
//   DataAuthoredQueryBenchmarks.FacadeNoDispatch: Jit(IterationCount=12, IterationTime=250ms, WarmupCount=16) [Shape=SixteenTracks, Pattern=Alternating]
//   DataAuthoredQueryBenchmarks.DirectShape: Jit(IterationCount=12, IterationTime=250ms, WarmupCount=16) [Shape=TwoHundredFiftySixTracks, Pattern=Forward]
//   DataAuthoredQueryBenchmarks.GeneratedShape: Jit(IterationCount=12, IterationTime=250ms, WarmupCount=16) [Shape=TwoHundredFiftySixTracks, Pattern=Forward]
//   DataAuthoredQueryBenchmarks.DataAuthoredFacade: Jit(IterationCount=12, IterationTime=250ms, WarmupCount=16) [Shape=TwoHundredFiftySixTracks, Pattern=Forward]
//   DataAuthoredQueryBenchmarks.FacadeSelectOnly: Jit(IterationCount=12, IterationTime=250ms, WarmupCount=16) [Shape=TwoHundredFiftySixTracks, Pattern=Forward]
//   DataAuthoredQueryBenchmarks.FacadeNoDispatch: Jit(IterationCount=12, IterationTime=250ms, WarmupCount=16) [Shape=TwoHundredFiftySixTracks, Pattern=Forward]
//   DataAuthoredQueryBenchmarks.DirectShape: Jit(IterationCount=12, IterationTime=250ms, WarmupCount=16) [Shape=TwoHundredFiftySixTracks, Pattern=Alternating]
//   DataAuthoredQueryBenchmarks.GeneratedShape: Jit(IterationCount=12, IterationTime=250ms, WarmupCount=16) [Shape=TwoHundredFiftySixTracks, Pattern=Alternating]
//   DataAuthoredQueryBenchmarks.DataAuthoredFacade: Jit(IterationCount=12, IterationTime=250ms, WarmupCount=16) [Shape=TwoHundredFiftySixTracks, Pattern=Alternating]
//   DataAuthoredQueryBenchmarks.FacadeSelectOnly: Jit(IterationCount=12, IterationTime=250ms, WarmupCount=16) [Shape=TwoHundredFiftySixTracks, Pattern=Alternating]
//   DataAuthoredQueryBenchmarks.FacadeNoDispatch: Jit(IterationCount=12, IterationTime=250ms, WarmupCount=16) [Shape=TwoHundredFiftySixTracks, Pattern=Alternating]
//   DataAuthoredQueryBenchmarks.DirectShape: Jit(IterationCount=12, IterationTime=250ms, WarmupCount=16) [Shape=Blend, Pattern=Forward]
//   DataAuthoredQueryBenchmarks.GeneratedShape: Jit(IterationCount=12, IterationTime=250ms, WarmupCount=16) [Shape=Blend, Pattern=Forward]
//   DataAuthoredQueryBenchmarks.DataAuthoredFacade: Jit(IterationCount=12, IterationTime=250ms, WarmupCount=16) [Shape=Blend, Pattern=Forward]
//   DataAuthoredQueryBenchmarks.FacadeSelectOnly: Jit(IterationCount=12, IterationTime=250ms, WarmupCount=16) [Shape=Blend, Pattern=Forward]
//   DataAuthoredQueryBenchmarks.FacadeNoDispatch: Jit(IterationCount=12, IterationTime=250ms, WarmupCount=16) [Shape=Blend, Pattern=Forward]
//   DataAuthoredQueryBenchmarks.DirectShape: Jit(IterationCount=12, IterationTime=250ms, WarmupCount=16) [Shape=Blend, Pattern=Alternating]
//   DataAuthoredQueryBenchmarks.GeneratedShape: Jit(IterationCount=12, IterationTime=250ms, WarmupCount=16) [Shape=Blend, Pattern=Alternating]
//   DataAuthoredQueryBenchmarks.DataAuthoredFacade: Jit(IterationCount=12, IterationTime=250ms, WarmupCount=16) [Shape=Blend, Pattern=Alternating]
//   DataAuthoredQueryBenchmarks.FacadeSelectOnly: Jit(IterationCount=12, IterationTime=250ms, WarmupCount=16) [Shape=Blend, Pattern=Alternating]
//   DataAuthoredQueryBenchmarks.FacadeNoDispatch: Jit(IterationCount=12, IterationTime=250ms, WarmupCount=16) [Shape=Blend, Pattern=Alternating]

// **************************
// Benchmark: DataAuthoredQueryBenchmarks.DirectShape: Jit(IterationCount=12, IterationTime=250ms, WarmupCount=16) [Shape=OneTrack, Pattern=Forward]
// *** Execute ***
// Launch: 1 / 1
// Execute: dotnet Alpha-Jit-1.dll --anonymousPipes 120 121 --benchmarkName "DataAuthoredQueryBenchmarks.DirectShape(Shape: OneTrack, Pattern: Forward)" --job Jit --benchmarkId 0 in /home/i/GitHub/tl-56-feat-data-authored-api/benchmarks/Alpha/bin/Release/net10.0/Alpha-Jit-1/bin/Release/net10.0
// Failed to set up high priority (Permission denied). In order to run benchmarks with high priority, make sure you have the right permissions.
// BeforeAnythingElse

// Benchmark Process Environment Information:
// BenchmarkDotNet v0.15.8
// Runtime=.NET 10.0.12 (10.0.12, 10.0.1226.42308), X64 RyuJIT x86-64-v3
// GC=Concurrent Workstation
// HardwareIntrinsics=AVX2+BMI1+BMI2+F16C+FMA+LZCNT+MOVBE,AVX,SSE3+SSSE3+SSE4.1+SSE4.2+POPCNT,X86Base+SSE+SSE2,AES+PCLMUL,AvxVnni,SERIALIZE VectorSize=256
// Job: Jit(IterationCount=12, IterationTime=250ms, WarmupCount=16)

OverheadJitting  1: 4096 op, 105864.00 ns, 25.8457 ns/op
WorkloadJitting  1: 4096 op, 1214179.00 ns, 296.4304 ns/op

OverheadJitting  2: 65536 op, 125819.00 ns, 1.9198 ns/op
WorkloadJitting  2: 65536 op, 368622.00 ns, 5.6247 ns/op

WorkloadPilot    1: 65536 op, 201438.00 ns, 3.0737 ns/op
WorkloadPilot    2: 81395712 op, 207867097.00 ns, 2.5538 ns/op
WorkloadPilot    3: 97910784 op, 248564641.00 ns, 2.5387 ns/op
WorkloadPilot    4: 98500608 op, 252334712.00 ns, 2.5618 ns/op
WorkloadPilot    5: 97648640 op, 249928816.00 ns, 2.5595 ns/op
WorkloadPilot    6: 97714176 op, 251743154.00 ns, 2.5763 ns/op
WorkloadPilot    7: 97058816 op, 253157116.00 ns, 2.6083 ns/op

OverheadWarmup   1: 97058816 op, 38775.00 ns, 0.0004 ns/op
OverheadWarmup   2: 97058816 op, 36183.00 ns, 0.0004 ns/op
OverheadWarmup   3: 97058816 op, 36566.00 ns, 0.0004 ns/op
OverheadWarmup   4: 97058816 op, 37249.00 ns, 0.0004 ns/op
OverheadWarmup   5: 97058816 op, 36444.00 ns, 0.0004 ns/op
OverheadWarmup   6: 97058816 op, 36524.00 ns, 0.0004 ns/op
OverheadWarmup   7: 97058816 op, 36503.00 ns, 0.0004 ns/op

OverheadActual   1: 97058816 op, 36845.00 ns, 0.0004 ns/op
OverheadActual   2: 97058816 op, 36905.00 ns, 0.0004 ns/op
OverheadActual   3: 97058816 op, 39542.00 ns, 0.0004 ns/op
OverheadActual   4: 97058816 op, 36624.00 ns, 0.0004 ns/op
OverheadActual   5: 97058816 op, 36696.00 ns, 0.0004 ns/op
OverheadActual   6: 97058816 op, 36539.00 ns, 0.0004 ns/op
OverheadActual   7: 97058816 op, 36518.00 ns, 0.0004 ns/op
OverheadActual   8: 97058816 op, 36487.00 ns, 0.0004 ns/op
OverheadActual   9: 97058816 op, 36513.00 ns, 0.0004 ns/op
OverheadActual  10: 97058816 op, 36559.00 ns, 0.0004 ns/op
OverheadActual  11: 97058816 op, 36555.00 ns, 0.0004 ns/op
OverheadActual  12: 97058816 op, 36567.00 ns, 0.0004 ns/op
OverheadActual  13: 97058816 op, 36543.00 ns, 0.0004 ns/op
OverheadActual  14: 97058816 op, 36539.00 ns, 0.0004 ns/op
OverheadActual  15: 97058816 op, 36551.00 ns, 0.0004 ns/op

WorkloadWarmup   1: 97058816 op, 254364186.00 ns, 2.6207 ns/op
WorkloadWarmup   2: 97058816 op, 294469213.00 ns, 3.0339 ns/op
WorkloadWarmup   3: 97058816 op, 288413257.00 ns, 2.9715 ns/op
WorkloadWarmup   4: 97058816 op, 251680388.00 ns, 2.5931 ns/op
WorkloadWarmup   5: 97058816 op, 250482391.00 ns, 2.5807 ns/op
WorkloadWarmup   6: 97058816 op, 189908979.00 ns, 1.9566 ns/op
WorkloadWarmup   7: 97058816 op, 141004894.00 ns, 1.4528 ns/op
WorkloadWarmup   8: 97058816 op, 142182786.00 ns, 1.4649 ns/op
WorkloadWarmup   9: 97058816 op, 207103993.00 ns, 2.1338 ns/op
WorkloadWarmup  10: 97058816 op, 139745613.00 ns, 1.4398 ns/op
WorkloadWarmup  11: 97058816 op, 143072425.00 ns, 1.4741 ns/op
WorkloadWarmup  12: 97058816 op, 141262300.00 ns, 1.4554 ns/op
WorkloadWarmup  13: 97058816 op, 141186096.00 ns, 1.4546 ns/op
WorkloadWarmup  14: 97058816 op, 139925136.00 ns, 1.4417 ns/op
WorkloadWarmup  15: 97058816 op, 142379104.00 ns, 1.4669 ns/op
WorkloadWarmup  16: 97058816 op, 140357354.00 ns, 1.4461 ns/op

// BeforeActualRun
WorkloadActual   1: 97058816 op, 142806120.00 ns, 1.4713 ns/op
WorkloadActual   2: 97058816 op, 151347221.00 ns, 1.5593 ns/op
WorkloadActual   3: 97058816 op, 139005347.00 ns, 1.4322 ns/op
WorkloadActual   4: 97058816 op, 145328343.00 ns, 1.4973 ns/op
WorkloadActual   5: 97058816 op, 139960737.00 ns, 1.4420 ns/op
WorkloadActual   6: 97058816 op, 142497659.00 ns, 1.4682 ns/op
WorkloadActual   7: 97058816 op, 142665837.00 ns, 1.4699 ns/op
WorkloadActual   8: 97058816 op, 140960462.00 ns, 1.4523 ns/op
WorkloadActual   9: 97058816 op, 139482479.00 ns, 1.4371 ns/op
WorkloadActual  10: 97058816 op, 143353388.00 ns, 1.4770 ns/op
WorkloadActual  11: 97058816 op, 139381381.00 ns, 1.4361 ns/op
WorkloadActual  12: 97058816 op, 146564198.00 ns, 1.5101 ns/op

// AfterActualRun
WorkloadResult   1: 97058816 op, 142769565.00 ns, 1.4710 ns/op
WorkloadResult   2: 97058816 op, 138968792.00 ns, 1.4318 ns/op
WorkloadResult   3: 97058816 op, 145291788.00 ns, 1.4969 ns/op
WorkloadResult   4: 97058816 op, 139924182.00 ns, 1.4416 ns/op
WorkloadResult   5: 97058816 op, 142461104.00 ns, 1.4678 ns/op
WorkloadResult   6: 97058816 op, 142629282.00 ns, 1.4695 ns/op
WorkloadResult   7: 97058816 op, 140923907.00 ns, 1.4519 ns/op
WorkloadResult   8: 97058816 op, 139445924.00 ns, 1.4367 ns/op
WorkloadResult   9: 97058816 op, 143316833.00 ns, 1.4766 ns/op
WorkloadResult  10: 97058816 op, 139344826.00 ns, 1.4357 ns/op
WorkloadResult  11: 97058816 op, 146527643.00 ns, 1.5097 ns/op
// GC:  0 0 0 0 97058816
// Threading:  0 0 97058816

// AfterAll
// Benchmark Process 1433718 has exited with code 0.

Mean = 1.463 ns, StdErr = 0.008 ns (0.53%), N = 11, StdDev = 0.026 ns
Min = 1.432 ns, Q1 = 1.439 ns, Median = 1.468 ns, Q3 = 1.474 ns, Max = 1.510 ns
IQR = 0.035 ns, LowerFence = 1.387 ns, UpperFence = 1.526 ns
ConfidenceInterval = [1.427 ns; 1.498 ns] (CI 99.9%), Margin = 0.036 ns (2.44% of Mean)
Skewness = 0.38, Kurtosis = 1.74, MValue = 2

// ** Remained 49 (98.0%) benchmark(s) to run. Estimated finish 2026-09-12 13:51 (0h 5m from now) **
// **************************
// Benchmark: DataAuthoredQueryBenchmarks.GeneratedShape: Jit(IterationCount=12, IterationTime=250ms, WarmupCount=16) [Shape=OneTrack, Pattern=Forward]
// *** Execute ***
// Launch: 1 / 1
// Execute: dotnet Alpha-Jit-1.dll --anonymousPipes 120 121 --benchmarkName "DataAuthoredQueryBenchmarks.GeneratedShape(Shape: OneTrack, Pattern: Forward)" --job Jit --benchmarkId 1 in /home/i/GitHub/tl-56-feat-data-authored-api/benchmarks/Alpha/bin/Release/net10.0/Alpha-Jit-1/bin/Release/net10.0
// Failed to set up high priority (Permission denied). In order to run benchmarks with high priority, make sure you have the right permissions.
// BeforeAnythingElse

// Benchmark Process Environment Information:
// BenchmarkDotNet v0.15.8
// Runtime=.NET 10.0.12 (10.0.12, 10.0.1226.42308), X64 RyuJIT x86-64-v3
// GC=Concurrent Workstation
// HardwareIntrinsics=AVX2+BMI1+BMI2+F16C+FMA+LZCNT+MOVBE,AVX,SSE3+SSSE3+SSE4.1+SSE4.2+POPCNT,X86Base+SSE+SSE2,AES+PCLMUL,AvxVnni,SERIALIZE VectorSize=256
// Job: Jit(IterationCount=12, IterationTime=250ms, WarmupCount=16)

OverheadJitting  1: 4096 op, 114384.00 ns, 27.9258 ns/op
WorkloadJitting  1: 4096 op, 241283.00 ns, 58.9070 ns/op

OverheadJitting  2: 65536 op, 125601.00 ns, 1.9165 ns/op
WorkloadJitting  2: 65536 op, 1338441.00 ns, 20.4230 ns/op

WorkloadPilot    1: 65536 op, 586952.00 ns, 8.9562 ns/op
WorkloadPilot    2: 27918336 op, 243852145.00 ns, 8.7345 ns/op
WorkloadPilot    3: 28639232 op, 250314412.00 ns, 8.7403 ns/op

OverheadWarmup   1: 28639232 op, 11337.00 ns, 0.0004 ns/op
OverheadWarmup   2: 28639232 op, 11134.00 ns, 0.0004 ns/op
OverheadWarmup   3: 28639232 op, 11110.00 ns, 0.0004 ns/op
OverheadWarmup   4: 28639232 op, 11079.00 ns, 0.0004 ns/op
OverheadWarmup   5: 28639232 op, 11101.00 ns, 0.0004 ns/op
OverheadWarmup   6: 28639232 op, 11122.00 ns, 0.0004 ns/op
OverheadWarmup   7: 28639232 op, 11110.00 ns, 0.0004 ns/op
OverheadWarmup   8: 28639232 op, 11105.00 ns, 0.0004 ns/op
OverheadWarmup   9: 28639232 op, 11086.00 ns, 0.0004 ns/op
OverheadWarmup  10: 28639232 op, 11061.00 ns, 0.0004 ns/op

OverheadActual   1: 28639232 op, 12239.00 ns, 0.0004 ns/op
OverheadActual   2: 28639232 op, 11545.00 ns, 0.0004 ns/op
OverheadActual   3: 28639232 op, 11269.00 ns, 0.0004 ns/op
OverheadActual   4: 28639232 op, 10908.00 ns, 0.0004 ns/op
OverheadActual   5: 28639232 op, 11201.00 ns, 0.0004 ns/op
OverheadActual   6: 28639232 op, 10879.00 ns, 0.0004 ns/op
OverheadActual   7: 28639232 op, 10895.00 ns, 0.0004 ns/op
OverheadActual   8: 28639232 op, 10864.00 ns, 0.0004 ns/op
OverheadActual   9: 28639232 op, 10831.00 ns, 0.0004 ns/op
OverheadActual  10: 28639232 op, 10846.00 ns, 0.0004 ns/op
OverheadActual  11: 28639232 op, 10886.00 ns, 0.0004 ns/op
OverheadActual  12: 28639232 op, 10886.00 ns, 0.0004 ns/op
OverheadActual  13: 28639232 op, 10873.00 ns, 0.0004 ns/op
OverheadActual  14: 28639232 op, 10869.00 ns, 0.0004 ns/op
OverheadActual  15: 28639232 op, 10923.00 ns, 0.0004 ns/op

WorkloadWarmup   1: 28639232 op, 249726096.00 ns, 8.7197 ns/op
WorkloadWarmup   2: 28639232 op, 253269275.00 ns, 8.8434 ns/op
WorkloadWarmup   3: 28639232 op, 253881280.00 ns, 8.8648 ns/op
WorkloadWarmup   4: 28639232 op, 252692336.00 ns, 8.8233 ns/op
WorkloadWarmup   5: 28639232 op, 252108096.00 ns, 8.8029 ns/op
WorkloadWarmup   6: 28639232 op, 208629713.00 ns, 7.2848 ns/op
WorkloadWarmup   7: 28639232 op, 56067703.00 ns, 1.9577 ns/op
WorkloadWarmup   8: 28639232 op, 56074746.00 ns, 1.9580 ns/op
WorkloadWarmup   9: 28639232 op, 56462950.00 ns, 1.9715 ns/op
WorkloadWarmup  10: 28639232 op, 57072337.00 ns, 1.9928 ns/op
WorkloadWarmup  11: 28639232 op, 56202481.00 ns, 1.9624 ns/op
WorkloadWarmup  12: 28639232 op, 54657282.00 ns, 1.9085 ns/op
WorkloadWarmup  13: 28639232 op, 55272122.00 ns, 1.9299 ns/op
WorkloadWarmup  14: 28639232 op, 59730465.00 ns, 2.0856 ns/op
WorkloadWarmup  15: 28639232 op, 54832957.00 ns, 1.9146 ns/op
WorkloadWarmup  16: 28639232 op, 55663505.00 ns, 1.9436 ns/op

// BeforeActualRun
WorkloadActual   1: 28639232 op, 55352691.00 ns, 1.9328 ns/op
WorkloadActual   2: 28639232 op, 55503046.00 ns, 1.9380 ns/op
WorkloadActual   3: 28639232 op, 56073941.00 ns, 1.9579 ns/op
WorkloadActual   4: 28639232 op, 54648927.00 ns, 1.9082 ns/op
WorkloadActual   5: 28639232 op, 56584734.00 ns, 1.9758 ns/op
WorkloadActual   6: 28639232 op, 54823912.00 ns, 1.9143 ns/op
WorkloadActual   7: 28639232 op, 54789050.00 ns, 1.9131 ns/op
WorkloadActual   8: 28639232 op, 55044773.00 ns, 1.9220 ns/op
WorkloadActual   9: 28639232 op, 56170924.00 ns, 1.9613 ns/op
WorkloadActual  10: 28639232 op, 54723521.00 ns, 1.9108 ns/op
WorkloadActual  11: 28639232 op, 54374103.00 ns, 1.8986 ns/op
WorkloadActual  12: 28639232 op, 54923274.00 ns, 1.9178 ns/op

// AfterActualRun
WorkloadResult   1: 28639232 op, 55341805.00 ns, 1.9324 ns/op
WorkloadResult   2: 28639232 op, 55492160.00 ns, 1.9376 ns/op
WorkloadResult   3: 28639232 op, 56063055.00 ns, 1.9576 ns/op
WorkloadResult   4: 28639232 op, 54638041.00 ns, 1.9078 ns/op
WorkloadResult   5: 28639232 op, 56573848.00 ns, 1.9754 ns/op
WorkloadResult   6: 28639232 op, 54813026.00 ns, 1.9139 ns/op
WorkloadResult   7: 28639232 op, 54778164.00 ns, 1.9127 ns/op
WorkloadResult   8: 28639232 op, 55033887.00 ns, 1.9216 ns/op
WorkloadResult   9: 28639232 op, 56160038.00 ns, 1.9609 ns/op
WorkloadResult  10: 28639232 op, 54712635.00 ns, 1.9104 ns/op
WorkloadResult  11: 28639232 op, 54363217.00 ns, 1.8982 ns/op
WorkloadResult  12: 28639232 op, 54912388.00 ns, 1.9174 ns/op
// GC:  0 0 0 0 28639232
// Threading:  0 0 28639232

// AfterAll
// Benchmark Process 1439972 has exited with code 0.

Mean = 1.929 ns, StdErr = 0.007 ns (0.36%), N = 12, StdDev = 0.024 ns
Min = 1.898 ns, Q1 = 1.912 ns, Median = 1.920 ns, Q3 = 1.943 ns, Max = 1.975 ns
IQR = 0.030 ns, LowerFence = 1.866 ns, UpperFence = 1.988 ns
ConfidenceInterval = [1.898 ns; 1.960 ns] (CI 99.9%), Margin = 0.031 ns (1.61% of Mean)
Skewness = 0.61, Kurtosis = 1.86, MValue = 2

// ** Remained 48 (96.0%) benchmark(s) to run. Estimated finish 2026-09-12 13:50 (0h 3m from now) **
// **************************
// Benchmark: DataAuthoredQueryBenchmarks.DataAuthoredFacade: Jit(IterationCount=12, IterationTime=250ms, WarmupCount=16) [Shape=OneTrack, Pattern=Forward]
// *** Execute ***
// Launch: 1 / 1
// Execute: dotnet Alpha-Jit-1.dll --anonymousPipes 120 121 --benchmarkName "DataAuthoredQueryBenchmarks.DataAuthoredFacade(Shape: OneTrack, Pattern: Forward)" --job Jit --benchmarkId 2 in /home/i/GitHub/tl-56-feat-data-authored-api/benchmarks/Alpha/bin/Release/net10.0/Alpha-Jit-1/bin/Release/net10.0
// Failed to set up high priority (Permission denied). In order to run benchmarks with high priority, make sure you have the right permissions.
// BeforeAnythingElse

// Benchmark Process Environment Information:
// BenchmarkDotNet v0.15.8
// Runtime=.NET 10.0.12 (10.0.12, 10.0.1226.42308), X64 RyuJIT x86-64-v3
// GC=Concurrent Workstation
// HardwareIntrinsics=AVX2+BMI1+BMI2+F16C+FMA+LZCNT+MOVBE,AVX,SSE3+SSSE3+SSE4.1+SSE4.2+POPCNT,X86Base+SSE+SSE2,AES+PCLMUL,AvxVnni,SERIALIZE VectorSize=256
// Job: Jit(IterationCount=12, IterationTime=250ms, WarmupCount=16)

OverheadJitting  1: 4096 op, 108773.00 ns, 26.5559 ns/op
WorkloadJitting  1: 4096 op, 268750.00 ns, 65.6128 ns/op

OverheadJitting  2: 65536 op, 129786.00 ns, 1.9804 ns/op
WorkloadJitting  2: 65536 op, 1892150.00 ns, 28.8719 ns/op

WorkloadPilot    1: 65536 op, 1723322.00 ns, 26.2958 ns/op
WorkloadPilot    2: 9568256 op, 245165950.00 ns, 25.6228 ns/op
WorkloadPilot    3: 9764864 op, 255941209.00 ns, 26.2104 ns/op
WorkloadPilot    4: 9568256 op, 250778053.00 ns, 26.2094 ns/op

OverheadWarmup   1: 9568256 op, 4557.00 ns, 0.0005 ns/op
OverheadWarmup   2: 9568256 op, 3883.00 ns, 0.0004 ns/op
OverheadWarmup   3: 9568256 op, 3909.00 ns, 0.0004 ns/op
OverheadWarmup   4: 9568256 op, 3886.00 ns, 0.0004 ns/op
OverheadWarmup   5: 9568256 op, 3933.00 ns, 0.0004 ns/op
OverheadWarmup   6: 9568256 op, 3932.00 ns, 0.0004 ns/op

OverheadActual   1: 9568256 op, 5335.00 ns, 0.0006 ns/op
OverheadActual   2: 9568256 op, 4227.00 ns, 0.0004 ns/op
OverheadActual   3: 9568256 op, 4147.00 ns, 0.0004 ns/op
OverheadActual   4: 9568256 op, 4378.00 ns, 0.0005 ns/op
OverheadActual   5: 9568256 op, 3859.00 ns, 0.0004 ns/op
OverheadActual   6: 9568256 op, 3691.00 ns, 0.0004 ns/op
OverheadActual   7: 9568256 op, 3671.00 ns, 0.0004 ns/op
OverheadActual   8: 9568256 op, 3706.00 ns, 0.0004 ns/op
OverheadActual   9: 9568256 op, 3705.00 ns, 0.0004 ns/op
OverheadActual  10: 9568256 op, 3696.00 ns, 0.0004 ns/op
OverheadActual  11: 9568256 op, 3748.00 ns, 0.0004 ns/op
OverheadActual  12: 9568256 op, 3746.00 ns, 0.0004 ns/op
OverheadActual  13: 9568256 op, 3742.00 ns, 0.0004 ns/op
OverheadActual  14: 9568256 op, 3775.00 ns, 0.0004 ns/op
OverheadActual  15: 9568256 op, 3866.00 ns, 0.0004 ns/op
OverheadActual  16: 9568256 op, 3827.00 ns, 0.0004 ns/op
OverheadActual  17: 9568256 op, 3822.00 ns, 0.0004 ns/op

WorkloadWarmup   1: 9568256 op, 246598836.00 ns, 25.7726 ns/op
WorkloadWarmup   2: 9568256 op, 249646809.00 ns, 26.0912 ns/op
WorkloadWarmup   3: 9568256 op, 248985990.00 ns, 26.0221 ns/op
WorkloadWarmup   4: 9568256 op, 247886488.00 ns, 25.9072 ns/op
WorkloadWarmup   5: 9568256 op, 228097375.00 ns, 23.8390 ns/op
WorkloadWarmup   6: 9568256 op, 116828932.00 ns, 12.2101 ns/op
WorkloadWarmup   7: 9568256 op, 100173573.00 ns, 10.4694 ns/op
WorkloadWarmup   8: 9568256 op, 104315943.00 ns, 10.9023 ns/op
WorkloadWarmup   9: 9568256 op, 99655042.00 ns, 10.4152 ns/op
WorkloadWarmup  10: 9568256 op, 100162228.00 ns, 10.4682 ns/op
WorkloadWarmup  11: 9568256 op, 101049832.00 ns, 10.5609 ns/op
WorkloadWarmup  12: 9568256 op, 103377960.00 ns, 10.8043 ns/op
WorkloadWarmup  13: 9568256 op, 100159283.00 ns, 10.4679 ns/op
WorkloadWarmup  14: 9568256 op, 99985876.00 ns, 10.4497 ns/op
WorkloadWarmup  15: 9568256 op, 111304082.00 ns, 11.6326 ns/op
WorkloadWarmup  16: 9568256 op, 99853521.00 ns, 10.4359 ns/op

// BeforeActualRun
WorkloadActual   1: 9568256 op, 99898124.00 ns, 10.4406 ns/op
WorkloadActual   2: 9568256 op, 100338390.00 ns, 10.4866 ns/op
WorkloadActual   3: 9568256 op, 99781300.00 ns, 10.4284 ns/op
WorkloadActual   4: 9568256 op, 100306582.00 ns, 10.4833 ns/op
WorkloadActual   5: 9568256 op, 104875744.00 ns, 10.9608 ns/op
WorkloadActual   6: 9568256 op, 101798993.00 ns, 10.6392 ns/op
WorkloadActual   7: 9568256 op, 112988066.00 ns, 11.8086 ns/op
WorkloadActual   8: 9568256 op, 100148219.00 ns, 10.4667 ns/op
WorkloadActual   9: 9568256 op, 102613815.00 ns, 10.7244 ns/op
WorkloadActual  10: 9568256 op, 103304979.00 ns, 10.7966 ns/op
WorkloadActual  11: 9568256 op, 100197273.00 ns, 10.4718 ns/op
WorkloadActual  12: 9568256 op, 101291745.00 ns, 10.5862 ns/op

// AfterActualRun
WorkloadResult   1: 9568256 op, 99894349.00 ns, 10.4402 ns/op
WorkloadResult   2: 9568256 op, 100334615.00 ns, 10.4862 ns/op
WorkloadResult   3: 9568256 op, 99777525.00 ns, 10.4280 ns/op
WorkloadResult   4: 9568256 op, 100302807.00 ns, 10.4829 ns/op
WorkloadResult   5: 9568256 op, 104871969.00 ns, 10.9604 ns/op
WorkloadResult   6: 9568256 op, 101795218.00 ns, 10.6388 ns/op
WorkloadResult   7: 9568256 op, 100144444.00 ns, 10.4663 ns/op
WorkloadResult   8: 9568256 op, 102610040.00 ns, 10.7240 ns/op
WorkloadResult   9: 9568256 op, 103301204.00 ns, 10.7962 ns/op
WorkloadResult  10: 9568256 op, 100193498.00 ns, 10.4714 ns/op
WorkloadResult  11: 9568256 op, 101287970.00 ns, 10.5858 ns/op
// GC:  0 0 0 0 9568256
// Threading:  0 0 9568256

// AfterAll
// Benchmark Process 1443220 has exited with code 0.

Mean = 10.589 ns, StdErr = 0.052 ns (0.49%), N = 11, StdDev = 0.173 ns
Min = 10.428 ns, Q1 = 10.469 ns, Median = 10.486 ns, Q3 = 10.681 ns, Max = 10.960 ns
IQR = 0.213 ns, LowerFence = 10.150 ns, UpperFence = 11.000 ns
ConfidenceInterval = [10.349 ns; 10.829 ns] (CI 99.9%), Margin = 0.240 ns (2.26% of Mean)
Skewness = 0.86, Kurtosis = 2.32, MValue = 2

// ** Remained 47 (94.0%) benchmark(s) to run. Estimated finish 2026-09-12 13:50 (0h 3m from now) **
// **************************
// Benchmark: DataAuthoredQueryBenchmarks.FacadeSelectOnly: Jit(IterationCount=12, IterationTime=250ms, WarmupCount=16) [Shape=OneTrack, Pattern=Forward]
// *** Execute ***
// Launch: 1 / 1
// Execute: dotnet Alpha-Jit-1.dll --anonymousPipes 120 121 --benchmarkName "DataAuthoredQueryBenchmarks.FacadeSelectOnly(Shape: OneTrack, Pattern: Forward)" --job Jit --benchmarkId 3 in /home/i/GitHub/tl-56-feat-data-authored-api/benchmarks/Alpha/bin/Release/net10.0/Alpha-Jit-1/bin/Release/net10.0
// Failed to set up high priority (Permission denied). In order to run benchmarks with high priority, make sure you have the right permissions.
// BeforeAnythingElse

// Benchmark Process Environment Information:
// BenchmarkDotNet v0.15.8
// Runtime=.NET 10.0.12 (10.0.12, 10.0.1226.42308), X64 RyuJIT x86-64-v3
// GC=Concurrent Workstation
// HardwareIntrinsics=AVX2+BMI1+BMI2+F16C+FMA+LZCNT+MOVBE,AVX,SSE3+SSSE3+SSE4.1+SSE4.2+POPCNT,X86Base+SSE+SSE2,AES+PCLMUL,AvxVnni,SERIALIZE VectorSize=256
// Job: Jit(IterationCount=12, IterationTime=250ms, WarmupCount=16)

OverheadJitting  1: 4096 op, 112804.00 ns, 27.5400 ns/op
WorkloadJitting  1: 4096 op, 232276.00 ns, 56.7080 ns/op

OverheadJitting  2: 65536 op, 126664.00 ns, 1.9327 ns/op
WorkloadJitting  2: 65536 op, 1122160.00 ns, 17.1228 ns/op

WorkloadPilot    1: 65536 op, 898038.00 ns, 13.7030 ns/op
WorkloadPilot    2: 18284544 op, 243358931.00 ns, 13.3095 ns/op
WorkloadPilot    3: 18808832 op, 249964814.00 ns, 13.2898 ns/op
WorkloadPilot    4: 18874368 op, 250391719.00 ns, 13.2662 ns/op

OverheadWarmup   1: 18874368 op, 8277.00 ns, 0.0004 ns/op
OverheadWarmup   2: 18874368 op, 7426.00 ns, 0.0004 ns/op
OverheadWarmup   3: 18874368 op, 7302.00 ns, 0.0004 ns/op
OverheadWarmup   4: 18874368 op, 7310.00 ns, 0.0004 ns/op
OverheadWarmup   5: 18874368 op, 7340.00 ns, 0.0004 ns/op
OverheadWarmup   6: 18874368 op, 7328.00 ns, 0.0004 ns/op
OverheadWarmup   7: 18874368 op, 7324.00 ns, 0.0004 ns/op
OverheadWarmup   8: 18874368 op, 7333.00 ns, 0.0004 ns/op
OverheadWarmup   9: 18874368 op, 7325.00 ns, 0.0004 ns/op

OverheadActual   1: 18874368 op, 7898.00 ns, 0.0004 ns/op
OverheadActual   2: 18874368 op, 7860.00 ns, 0.0004 ns/op
OverheadActual   3: 18874368 op, 7693.00 ns, 0.0004 ns/op
OverheadActual   4: 18874368 op, 7378.00 ns, 0.0004 ns/op
OverheadActual   5: 18874368 op, 7587.00 ns, 0.0004 ns/op
OverheadActual   6: 18874368 op, 7318.00 ns, 0.0004 ns/op
OverheadActual   7: 18874368 op, 7318.00 ns, 0.0004 ns/op
OverheadActual   8: 18874368 op, 7315.00 ns, 0.0004 ns/op
OverheadActual   9: 18874368 op, 7315.00 ns, 0.0004 ns/op
OverheadActual  10: 18874368 op, 7377.00 ns, 0.0004 ns/op
OverheadActual  11: 18874368 op, 7329.00 ns, 0.0004 ns/op
OverheadActual  12: 18874368 op, 7307.00 ns, 0.0004 ns/op
OverheadActual  13: 18874368 op, 7353.00 ns, 0.0004 ns/op
OverheadActual  14: 18874368 op, 7309.00 ns, 0.0004 ns/op
OverheadActual  15: 18874368 op, 7344.00 ns, 0.0004 ns/op

WorkloadWarmup   1: 18874368 op, 293615974.00 ns, 15.5563 ns/op
WorkloadWarmup   2: 18874368 op, 249426573.00 ns, 13.2151 ns/op
WorkloadWarmup   3: 18874368 op, 249903899.00 ns, 13.2404 ns/op
WorkloadWarmup   4: 18874368 op, 267425658.00 ns, 14.1687 ns/op
WorkloadWarmup   5: 18874368 op, 202296081.00 ns, 10.7180 ns/op
WorkloadWarmup   6: 18874368 op, 153471352.00 ns, 8.1312 ns/op
WorkloadWarmup   7: 18874368 op, 151760289.00 ns, 8.0405 ns/op
WorkloadWarmup   8: 18874368 op, 158480698.00 ns, 8.3966 ns/op
WorkloadWarmup   9: 18874368 op, 146881058.00 ns, 7.7820 ns/op
WorkloadWarmup  10: 18874368 op, 149125945.00 ns, 7.9010 ns/op
WorkloadWarmup  11: 18874368 op, 145593104.00 ns, 7.7138 ns/op
WorkloadWarmup  12: 18874368 op, 150893844.00 ns, 7.9946 ns/op
WorkloadWarmup  13: 18874368 op, 143490826.00 ns, 7.6024 ns/op
WorkloadWarmup  14: 18874368 op, 145082463.00 ns, 7.6867 ns/op
WorkloadWarmup  15: 18874368 op, 146862094.00 ns, 7.7810 ns/op
WorkloadWarmup  16: 18874368 op, 147340001.00 ns, 7.8064 ns/op

// BeforeActualRun
WorkloadActual   1: 18874368 op, 147120607.00 ns, 7.7947 ns/op
WorkloadActual   2: 18874368 op, 143436099.00 ns, 7.5995 ns/op
WorkloadActual   3: 18874368 op, 146394466.00 ns, 7.7563 ns/op
WorkloadActual   4: 18874368 op, 147421935.00 ns, 7.8107 ns/op
WorkloadActual   5: 18874368 op, 146407372.00 ns, 7.7569 ns/op
WorkloadActual   6: 18874368 op, 147124990.00 ns, 7.7950 ns/op
WorkloadActual   7: 18874368 op, 145424485.00 ns, 7.7049 ns/op
WorkloadActual   8: 18874368 op, 145753566.00 ns, 7.7223 ns/op
WorkloadActual   9: 18874368 op, 146434171.00 ns, 7.7584 ns/op
WorkloadActual  10: 18874368 op, 165280090.00 ns, 8.7569 ns/op
WorkloadActual  11: 18874368 op, 140924249.00 ns, 7.4664 ns/op
WorkloadActual  12: 18874368 op, 144015631.00 ns, 7.6302 ns/op

// AfterActualRun
WorkloadResult   1: 18874368 op, 147113263.00 ns, 7.7943 ns/op
WorkloadResult   2: 18874368 op, 143428755.00 ns, 7.5991 ns/op
WorkloadResult   3: 18874368 op, 146387122.00 ns, 7.7559 ns/op
WorkloadResult   4: 18874368 op, 147414591.00 ns, 7.8103 ns/op
WorkloadResult   5: 18874368 op, 146400028.00 ns, 7.7566 ns/op
WorkloadResult   6: 18874368 op, 147117646.00 ns, 7.7946 ns/op
WorkloadResult   7: 18874368 op, 145417141.00 ns, 7.7045 ns/op
WorkloadResult   8: 18874368 op, 145746222.00 ns, 7.7219 ns/op
WorkloadResult   9: 18874368 op, 146426827.00 ns, 7.7580 ns/op
WorkloadResult  10: 18874368 op, 140916905.00 ns, 7.4660 ns/op
WorkloadResult  11: 18874368 op, 144008287.00 ns, 7.6298 ns/op
// GC:  0 0 0 0 18874368
// Threading:  0 0 18874368

// AfterAll
// Benchmark Process 1447492 has exited with code 0.

Mean = 7.708 ns, StdErr = 0.032 ns (0.41%), N = 11, StdDev = 0.105 ns
Min = 7.466 ns, Q1 = 7.667 ns, Median = 7.756 ns, Q3 = 7.776 ns, Max = 7.810 ns
IQR = 0.109 ns, LowerFence = 7.504 ns, UpperFence = 7.940 ns
ConfidenceInterval = [7.564 ns; 7.853 ns] (CI 99.9%), Margin = 0.145 ns (1.88% of Mean)
Skewness = -1.06, Kurtosis = 2.94, MValue = 2

// ** Remained 46 (92.0%) benchmark(s) to run. Estimated finish 2026-09-12 13:50 (0h 3m from now) **
// **************************
// Benchmark: DataAuthoredQueryBenchmarks.FacadeNoDispatch: Jit(IterationCount=12, IterationTime=250ms, WarmupCount=16) [Shape=OneTrack, Pattern=Forward]
// *** Execute ***
// Launch: 1 / 1
// Execute: dotnet Alpha-Jit-1.dll --anonymousPipes 120 121 --benchmarkName "DataAuthoredQueryBenchmarks.FacadeNoDispatch(Shape: OneTrack, Pattern: Forward)" --job Jit --benchmarkId 4 in /home/i/GitHub/tl-56-feat-data-authored-api/benchmarks/Alpha/bin/Release/net10.0/Alpha-Jit-1/bin/Release/net10.0
// Failed to set up high priority (Permission denied). In order to run benchmarks with high priority, make sure you have the right permissions.
// BeforeAnythingElse

// Benchmark Process Environment Information:
// BenchmarkDotNet v0.15.8
// Runtime=.NET 10.0.12 (10.0.12, 10.0.1226.42308), X64 RyuJIT x86-64-v3
// GC=Concurrent Workstation
// HardwareIntrinsics=AVX2+BMI1+BMI2+F16C+FMA+LZCNT+MOVBE,AVX,SSE3+SSSE3+SSE4.1+SSE4.2+POPCNT,X86Base+SSE+SSE2,AES+PCLMUL,AvxVnni,SERIALIZE VectorSize=256
// Job: Jit(IterationCount=12, IterationTime=250ms, WarmupCount=16)

OverheadJitting  1: 4096 op, 104863.00 ns, 25.6013 ns/op
WorkloadJitting  1: 4096 op, 204143.00 ns, 49.8396 ns/op

OverheadJitting  2: 65536 op, 127086.00 ns, 1.9392 ns/op
WorkloadJitting  2: 65536 op, 1300872.00 ns, 19.8497 ns/op

WorkloadPilot    1: 65536 op, 1007593.00 ns, 15.3746 ns/op
WorkloadPilot    2: 16318464 op, 235993081.00 ns, 14.4617 ns/op
WorkloadPilot    3: 17301504 op, 251013041.00 ns, 14.5082 ns/op
WorkloadPilot    4: 17235968 op, 250162581.00 ns, 14.5140 ns/op

OverheadWarmup   1: 17235968 op, 7320.00 ns, 0.0004 ns/op
OverheadWarmup   2: 17235968 op, 6625.00 ns, 0.0004 ns/op
OverheadWarmup   3: 17235968 op, 6610.00 ns, 0.0004 ns/op
OverheadWarmup   4: 17235968 op, 6569.00 ns, 0.0004 ns/op
OverheadWarmup   5: 17235968 op, 6663.00 ns, 0.0004 ns/op
OverheadWarmup   6: 17235968 op, 6686.00 ns, 0.0004 ns/op
OverheadWarmup   7: 17235968 op, 6704.00 ns, 0.0004 ns/op
OverheadWarmup   8: 17235968 op, 6673.00 ns, 0.0004 ns/op
OverheadWarmup   9: 17235968 op, 6714.00 ns, 0.0004 ns/op
OverheadWarmup  10: 17235968 op, 6712.00 ns, 0.0004 ns/op

OverheadActual   1: 17235968 op, 7340.00 ns, 0.0004 ns/op
OverheadActual   2: 17235968 op, 7150.00 ns, 0.0004 ns/op
OverheadActual   3: 17235968 op, 6817.00 ns, 0.0004 ns/op
OverheadActual   4: 17235968 op, 6607.00 ns, 0.0004 ns/op
OverheadActual   5: 17235968 op, 6705.00 ns, 0.0004 ns/op
OverheadActual   6: 17235968 op, 6547.00 ns, 0.0004 ns/op
OverheadActual   7: 17235968 op, 7379.00 ns, 0.0004 ns/op
OverheadActual   8: 17235968 op, 7521.00 ns, 0.0004 ns/op
OverheadActual   9: 17235968 op, 7140.00 ns, 0.0004 ns/op
OverheadActual  10: 17235968 op, 7318.00 ns, 0.0004 ns/op
OverheadActual  11: 17235968 op, 7222.00 ns, 0.0004 ns/op
OverheadActual  12: 17235968 op, 7013.00 ns, 0.0004 ns/op
OverheadActual  13: 17235968 op, 7986.00 ns, 0.0005 ns/op
OverheadActual  14: 17235968 op, 6663.00 ns, 0.0004 ns/op
OverheadActual  15: 17235968 op, 6577.00 ns, 0.0004 ns/op
OverheadActual  16: 17235968 op, 6579.00 ns, 0.0004 ns/op
OverheadActual  17: 17235968 op, 6549.00 ns, 0.0004 ns/op
OverheadActual  18: 17235968 op, 6729.00 ns, 0.0004 ns/op
OverheadActual  19: 17235968 op, 6595.00 ns, 0.0004 ns/op
OverheadActual  20: 17235968 op, 6571.00 ns, 0.0004 ns/op

WorkloadWarmup   1: 17235968 op, 263614043.00 ns, 15.2944 ns/op
WorkloadWarmup   2: 17235968 op, 250407064.00 ns, 14.5282 ns/op
WorkloadWarmup   3: 17235968 op, 250063123.00 ns, 14.5082 ns/op
WorkloadWarmup   4: 17235968 op, 250947812.00 ns, 14.5595 ns/op
WorkloadWarmup   5: 17235968 op, 220218716.00 ns, 12.7767 ns/op
WorkloadWarmup   6: 17235968 op, 150549276.00 ns, 8.7346 ns/op
WorkloadWarmup   7: 17235968 op, 151324003.00 ns, 8.7795 ns/op
WorkloadWarmup   8: 17235968 op, 151276429.00 ns, 8.7768 ns/op
WorkloadWarmup   9: 17235968 op, 152608751.00 ns, 8.8541 ns/op
WorkloadWarmup  10: 17235968 op, 153428204.00 ns, 8.9016 ns/op
WorkloadWarmup  11: 17235968 op, 147991467.00 ns, 8.5862 ns/op
WorkloadWarmup  12: 17235968 op, 156196789.00 ns, 9.0623 ns/op
WorkloadWarmup  13: 17235968 op, 153029922.00 ns, 8.8785 ns/op
WorkloadWarmup  14: 17235968 op, 149388483.00 ns, 8.6673 ns/op
WorkloadWarmup  15: 17235968 op, 151000903.00 ns, 8.7608 ns/op
WorkloadWarmup  16: 17235968 op, 149719116.00 ns, 8.6864 ns/op

// BeforeActualRun
WorkloadActual   1: 17235968 op, 147749828.00 ns, 8.5722 ns/op
WorkloadActual   2: 17235968 op, 150580839.00 ns, 8.7364 ns/op
WorkloadActual   3: 17235968 op, 150042254.00 ns, 8.7052 ns/op
WorkloadActual   4: 17235968 op, 150365443.00 ns, 8.7239 ns/op
WorkloadActual   5: 17235968 op, 150174838.00 ns, 8.7129 ns/op
WorkloadActual   6: 17235968 op, 150102197.00 ns, 8.7087 ns/op
WorkloadActual   7: 17235968 op, 149314117.00 ns, 8.6629 ns/op
WorkloadActual   8: 17235968 op, 150387036.00 ns, 8.7252 ns/op
WorkloadActual   9: 17235968 op, 149312485.00 ns, 8.6628 ns/op
WorkloadActual  10: 17235968 op, 151120848.00 ns, 8.7678 ns/op
WorkloadActual  11: 17235968 op, 171343318.00 ns, 9.9410 ns/op
WorkloadActual  12: 17235968 op, 150202584.00 ns, 8.7145 ns/op

// AfterActualRun
WorkloadResult   1: 17235968 op, 147743055.00 ns, 8.5718 ns/op
WorkloadResult   2: 17235968 op, 150574066.00 ns, 8.7360 ns/op
WorkloadResult   3: 17235968 op, 150035481.00 ns, 8.7048 ns/op
WorkloadResult   4: 17235968 op, 150358670.00 ns, 8.7235 ns/op
WorkloadResult   5: 17235968 op, 150168065.00 ns, 8.7125 ns/op
WorkloadResult   6: 17235968 op, 150095424.00 ns, 8.7083 ns/op
WorkloadResult   7: 17235968 op, 149307344.00 ns, 8.6625 ns/op
WorkloadResult   8: 17235968 op, 150380263.00 ns, 8.7248 ns/op
WorkloadResult   9: 17235968 op, 149305712.00 ns, 8.6625 ns/op
WorkloadResult  10: 17235968 op, 151114075.00 ns, 8.7674 ns/op
WorkloadResult  11: 17235968 op, 150195811.00 ns, 8.7141 ns/op
// GC:  0 0 0 0 17235968
// Threading:  0 0 17235968

// AfterAll
// Benchmark Process 1452944 has exited with code 0.

Mean = 8.699 ns, StdErr = 0.016 ns (0.18%), N = 11, StdDev = 0.052 ns
Min = 8.572 ns, Q1 = 8.684 ns, Median = 8.712 ns, Q3 = 8.724 ns, Max = 8.767 ns
IQR = 0.040 ns, LowerFence = 8.623 ns, UpperFence = 8.785 ns
ConfidenceInterval = [8.627 ns; 8.770 ns] (CI 99.9%), Margin = 0.071 ns (0.82% of Mean)
Skewness = -1.15, Kurtosis = 3.69, MValue = 2

// ** Remained 45 (90.0%) benchmark(s) to run. Estimated finish 2026-09-12 13:50 (0h 3m from now) **
// **************************
// Benchmark: DataAuthoredQueryBenchmarks.DirectShape: Jit(IterationCount=12, IterationTime=250ms, WarmupCount=16) [Shape=OneTrack, Pattern=Alternating]
// *** Execute ***
// Launch: 1 / 1
// Execute: dotnet Alpha-Jit-1.dll --anonymousPipes 120 121 --benchmarkName "DataAuthoredQueryBenchmarks.DirectShape(Shape: OneTrack, Pattern: Alternating)" --job Jit --benchmarkId 5 in /home/i/GitHub/tl-56-feat-data-authored-api/benchmarks/Alpha/bin/Release/net10.0/Alpha-Jit-1/bin/Release/net10.0
// Failed to set up high priority (Permission denied). In order to run benchmarks with high priority, make sure you have the right permissions.
// BeforeAnythingElse

// Benchmark Process Environment Information:
// BenchmarkDotNet v0.15.8
// Runtime=.NET 10.0.12 (10.0.12, 10.0.1226.42308), X64 RyuJIT x86-64-v3
// GC=Concurrent Workstation
// HardwareIntrinsics=AVX2+BMI1+BMI2+F16C+FMA+LZCNT+MOVBE,AVX,SSE3+SSSE3+SSE4.1+SSE4.2+POPCNT,X86Base+SSE+SSE2,AES+PCLMUL,AvxVnni,SERIALIZE VectorSize=256
// Job: Jit(IterationCount=12, IterationTime=250ms, WarmupCount=16)

OverheadJitting  1: 4096 op, 102473.00 ns, 25.0178 ns/op
WorkloadJitting  1: 4096 op, 1065306.00 ns, 260.0845 ns/op

OverheadJitting  2: 65536 op, 131241.00 ns, 2.0026 ns/op
WorkloadJitting  2: 65536 op, 406654.00 ns, 6.2050 ns/op

WorkloadPilot    1: 65536 op, 220879.00 ns, 3.3703 ns/op
WorkloadPilot    2: 74186752 op, 210365626.00 ns, 2.8356 ns/op
WorkloadPilot    3: 88211456 op, 249034151.00 ns, 2.8231 ns/op
WorkloadPilot    4: 88604672 op, 250121901.00 ns, 2.8229 ns/op

OverheadWarmup   1: 88604672 op, 30045.00 ns, 0.0003 ns/op
OverheadWarmup   2: 88604672 op, 29455.00 ns, 0.0003 ns/op
OverheadWarmup   3: 88604672 op, 29357.00 ns, 0.0003 ns/op
OverheadWarmup   4: 88604672 op, 29890.00 ns, 0.0003 ns/op
OverheadWarmup   5: 88604672 op, 29942.00 ns, 0.0003 ns/op
OverheadWarmup   6: 88604672 op, 29888.00 ns, 0.0003 ns/op
OverheadWarmup   7: 88604672 op, 29992.00 ns, 0.0003 ns/op
OverheadWarmup   8: 88604672 op, 29967.00 ns, 0.0003 ns/op

OverheadActual   1: 88604672 op, 29654.00 ns, 0.0003 ns/op
OverheadActual   2: 88604672 op, 30421.00 ns, 0.0003 ns/op
OverheadActual   3: 88604672 op, 30062.00 ns, 0.0003 ns/op
OverheadActual   4: 88604672 op, 29542.00 ns, 0.0003 ns/op
OverheadActual   5: 88604672 op, 29096.00 ns, 0.0003 ns/op
OverheadActual   6: 88604672 op, 29391.00 ns, 0.0003 ns/op
OverheadActual   7: 88604672 op, 29332.00 ns, 0.0003 ns/op
OverheadActual   8: 88604672 op, 29373.00 ns, 0.0003 ns/op
OverheadActual   9: 88604672 op, 29354.00 ns, 0.0003 ns/op
OverheadActual  10: 88604672 op, 28825.00 ns, 0.0003 ns/op
OverheadActual  11: 88604672 op, 29393.00 ns, 0.0003 ns/op
OverheadActual  12: 88604672 op, 29385.00 ns, 0.0003 ns/op
OverheadActual  13: 88604672 op, 29336.00 ns, 0.0003 ns/op
OverheadActual  14: 88604672 op, 29365.00 ns, 0.0003 ns/op
OverheadActual  15: 88604672 op, 29356.00 ns, 0.0003 ns/op

WorkloadWarmup   1: 88604672 op, 250470691.00 ns, 2.8268 ns/op
WorkloadWarmup   2: 88604672 op, 249401830.00 ns, 2.8148 ns/op
WorkloadWarmup   3: 88604672 op, 250171494.00 ns, 2.8235 ns/op
WorkloadWarmup   4: 88604672 op, 252245681.00 ns, 2.8469 ns/op
WorkloadWarmup   5: 88604672 op, 221042722.00 ns, 2.4947 ns/op
WorkloadWarmup   6: 88604672 op, 119514296.00 ns, 1.3488 ns/op
WorkloadWarmup   7: 88604672 op, 123269435.00 ns, 1.3912 ns/op
WorkloadWarmup   8: 88604672 op, 119510213.00 ns, 1.3488 ns/op
WorkloadWarmup   9: 88604672 op, 118546508.00 ns, 1.3379 ns/op
WorkloadWarmup  10: 88604672 op, 118922654.00 ns, 1.3422 ns/op
WorkloadWarmup  11: 88604672 op, 118155664.00 ns, 1.3335 ns/op
WorkloadWarmup  12: 88604672 op, 116953423.00 ns, 1.3199 ns/op
WorkloadWarmup  13: 88604672 op, 118730945.00 ns, 1.3400 ns/op
WorkloadWarmup  14: 88604672 op, 118358948.00 ns, 1.3358 ns/op
WorkloadWarmup  15: 88604672 op, 118179132.00 ns, 1.3338 ns/op
WorkloadWarmup  16: 88604672 op, 117392216.00 ns, 1.3249 ns/op

// BeforeActualRun
WorkloadActual   1: 88604672 op, 117663970.00 ns, 1.3280 ns/op
WorkloadActual   2: 88604672 op, 118172603.00 ns, 1.3337 ns/op
WorkloadActual   3: 88604672 op, 117326635.00 ns, 1.3242 ns/op
WorkloadActual   4: 88604672 op, 117640194.00 ns, 1.3277 ns/op
WorkloadActual   5: 88604672 op, 118206971.00 ns, 1.3341 ns/op
WorkloadActual   6: 88604672 op, 117432326.00 ns, 1.3254 ns/op
WorkloadActual   7: 88604672 op, 118085866.00 ns, 1.3327 ns/op
WorkloadActual   8: 88604672 op, 122855624.00 ns, 1.3866 ns/op
WorkloadActual   9: 88604672 op, 124588970.00 ns, 1.4061 ns/op
WorkloadActual  10: 88604672 op, 118993191.00 ns, 1.3430 ns/op
WorkloadActual  11: 88604672 op, 117435489.00 ns, 1.3254 ns/op
WorkloadActual  12: 88604672 op, 118341238.00 ns, 1.3356 ns/op

// AfterActualRun
WorkloadResult   1: 88604672 op, 117634597.00 ns, 1.3276 ns/op
WorkloadResult   2: 88604672 op, 118143230.00 ns, 1.3334 ns/op
WorkloadResult   3: 88604672 op, 117297262.00 ns, 1.3238 ns/op
WorkloadResult   4: 88604672 op, 117610821.00 ns, 1.3274 ns/op
WorkloadResult   5: 88604672 op, 118177598.00 ns, 1.3338 ns/op
WorkloadResult   6: 88604672 op, 117402953.00 ns, 1.3250 ns/op
WorkloadResult   7: 88604672 op, 118056493.00 ns, 1.3324 ns/op
WorkloadResult   8: 88604672 op, 118963818.00 ns, 1.3426 ns/op
WorkloadResult   9: 88604672 op, 117406116.00 ns, 1.3251 ns/op
WorkloadResult  10: 88604672 op, 118311865.00 ns, 1.3353 ns/op
// GC:  0 0 0 0 88604672
// Threading:  0 0 88604672

// AfterAll
// Benchmark Process 1458821 has exited with code 0.

Mean = 1.331 ns, StdErr = 0.002 ns (0.14%), N = 10, StdDev = 0.006 ns
Min = 1.324 ns, Q1 = 1.326 ns, Median = 1.330 ns, Q3 = 1.334 ns, Max = 1.343 ns
IQR = 0.008 ns, LowerFence = 1.314 ns, UpperFence = 1.346 ns
ConfidenceInterval = [1.322 ns; 1.340 ns] (CI 99.9%), Margin = 0.009 ns (0.67% of Mean)
Skewness = 0.56, Kurtosis = 2.1, MValue = 2

// ** Remained 44 (88.0%) benchmark(s) to run. Estimated finish 2026-09-12 13:50 (0h 3m from now) **
// **************************
// Benchmark: DataAuthoredQueryBenchmarks.GeneratedShape: Jit(IterationCount=12, IterationTime=250ms, WarmupCount=16) [Shape=OneTrack, Pattern=Alternating]
// *** Execute ***
// Launch: 1 / 1
// Execute: dotnet Alpha-Jit-1.dll --anonymousPipes 120 121 --benchmarkName "DataAuthoredQueryBenchmarks.GeneratedShape(Shape: OneTrack, Pattern: Alternating)" --job Jit --benchmarkId 6 in /home/i/GitHub/tl-56-feat-data-authored-api/benchmarks/Alpha/bin/Release/net10.0/Alpha-Jit-1/bin/Release/net10.0
// Failed to set up high priority (Permission denied). In order to run benchmarks with high priority, make sure you have the right permissions.
// BeforeAnythingElse

// Benchmark Process Environment Information:
// BenchmarkDotNet v0.15.8
// Runtime=.NET 10.0.12 (10.0.12, 10.0.1226.42308), X64 RyuJIT x86-64-v3
// GC=Concurrent Workstation
// HardwareIntrinsics=AVX2+BMI1+BMI2+F16C+FMA+LZCNT+MOVBE,AVX,SSE3+SSSE3+SSE4.1+SSE4.2+POPCNT,X86Base+SSE+SSE2,AES+PCLMUL,AvxVnni,SERIALIZE VectorSize=256
// Job: Jit(IterationCount=12, IterationTime=250ms, WarmupCount=16)

OverheadJitting  1: 4096 op, 110287.00 ns, 26.9255 ns/op
WorkloadJitting  1: 4096 op, 274970.00 ns, 67.1313 ns/op

OverheadJitting  2: 65536 op, 127832.00 ns, 1.9506 ns/op
WorkloadJitting  2: 65536 op, 1820948.00 ns, 27.7855 ns/op

WorkloadPilot    1: 65536 op, 845601.00 ns, 12.9028 ns/op
WorkloadPilot    2: 19398656 op, 176177964.00 ns, 9.0820 ns/op
WorkloadPilot    3: 27525120 op, 250625994.00 ns, 9.1054 ns/op
WorkloadPilot    4: 27459584 op, 251167442.00 ns, 9.1468 ns/op
WorkloadPilot    5: 27394048 op, 247602011.00 ns, 9.0385 ns/op
WorkloadPilot    6: 27721728 op, 251464442.00 ns, 9.0710 ns/op

OverheadWarmup   1: 27721728 op, 9803.00 ns, 0.0004 ns/op
OverheadWarmup   2: 27721728 op, 10547.00 ns, 0.0004 ns/op
OverheadWarmup   3: 27721728 op, 12821.00 ns, 0.0005 ns/op
OverheadWarmup   4: 27721728 op, 9377.00 ns, 0.0003 ns/op
OverheadWarmup   5: 27721728 op, 9426.00 ns, 0.0003 ns/op
OverheadWarmup   6: 27721728 op, 9386.00 ns, 0.0003 ns/op

OverheadActual   1: 27721728 op, 9949.00 ns, 0.0004 ns/op
OverheadActual   2: 27721728 op, 11520.00 ns, 0.0004 ns/op
OverheadActual   3: 27721728 op, 9707.00 ns, 0.0004 ns/op
OverheadActual   4: 27721728 op, 9543.00 ns, 0.0003 ns/op
OverheadActual   5: 27721728 op, 9558.00 ns, 0.0003 ns/op
OverheadActual   6: 27721728 op, 9225.00 ns, 0.0003 ns/op
OverheadActual   7: 27721728 op, 9195.00 ns, 0.0003 ns/op
OverheadActual   8: 27721728 op, 9226.00 ns, 0.0003 ns/op
OverheadActual   9: 27721728 op, 9215.00 ns, 0.0003 ns/op
OverheadActual  10: 27721728 op, 9211.00 ns, 0.0003 ns/op
OverheadActual  11: 27721728 op, 9206.00 ns, 0.0003 ns/op
OverheadActual  12: 27721728 op, 9195.00 ns, 0.0003 ns/op
OverheadActual  13: 27721728 op, 9227.00 ns, 0.0003 ns/op
OverheadActual  14: 27721728 op, 9184.00 ns, 0.0003 ns/op
OverheadActual  15: 27721728 op, 9194.00 ns, 0.0003 ns/op

WorkloadWarmup   1: 27721728 op, 250549393.00 ns, 9.0380 ns/op
WorkloadWarmup   2: 27721728 op, 251217142.00 ns, 9.0621 ns/op
WorkloadWarmup   3: 27721728 op, 250587373.00 ns, 9.0394 ns/op
WorkloadWarmup   4: 27721728 op, 252929224.00 ns, 9.1239 ns/op
WorkloadWarmup   5: 27721728 op, 252501831.00 ns, 9.1084 ns/op
WorkloadWarmup   6: 27721728 op, 252057790.00 ns, 9.0924 ns/op
WorkloadWarmup   7: 27721728 op, 238216005.00 ns, 8.5931 ns/op
WorkloadWarmup   8: 27721728 op, 58599179.00 ns, 2.1138 ns/op
WorkloadWarmup   9: 27721728 op, 59884140.00 ns, 2.1602 ns/op
WorkloadWarmup  10: 27721728 op, 57986155.00 ns, 2.0917 ns/op
WorkloadWarmup  11: 27721728 op, 60739832.00 ns, 2.1911 ns/op
WorkloadWarmup  12: 27721728 op, 60020973.00 ns, 2.1651 ns/op
WorkloadWarmup  13: 27721728 op, 57975326.00 ns, 2.0913 ns/op
WorkloadWarmup  14: 27721728 op, 58372223.00 ns, 2.1056 ns/op
WorkloadWarmup  15: 27721728 op, 61498424.00 ns, 2.2184 ns/op
WorkloadWarmup  16: 27721728 op, 58216467.00 ns, 2.1000 ns/op

// BeforeActualRun
WorkloadActual   1: 27721728 op, 59568032.00 ns, 2.1488 ns/op
WorkloadActual   2: 27721728 op, 56628413.00 ns, 2.0427 ns/op
WorkloadActual   3: 27721728 op, 58388965.00 ns, 2.1063 ns/op
WorkloadActual   4: 27721728 op, 56938753.00 ns, 2.0539 ns/op
WorkloadActual   5: 27721728 op, 58068352.00 ns, 2.0947 ns/op
WorkloadActual   6: 27721728 op, 59077322.00 ns, 2.1311 ns/op
WorkloadActual   7: 27721728 op, 57288976.00 ns, 2.0666 ns/op
WorkloadActual   8: 27721728 op, 58648304.00 ns, 2.1156 ns/op
WorkloadActual   9: 27721728 op, 57923913.00 ns, 2.0895 ns/op
WorkloadActual  10: 27721728 op, 58698582.00 ns, 2.1174 ns/op
WorkloadActual  11: 27721728 op, 57450416.00 ns, 2.0724 ns/op
WorkloadActual  12: 27721728 op, 58369264.00 ns, 2.1055 ns/op

// AfterActualRun
WorkloadResult   1: 27721728 op, 59558807.00 ns, 2.1485 ns/op
WorkloadResult   2: 27721728 op, 56619188.00 ns, 2.0424 ns/op
WorkloadResult   3: 27721728 op, 58379740.00 ns, 2.1059 ns/op
WorkloadResult   4: 27721728 op, 56929528.00 ns, 2.0536 ns/op
WorkloadResult   5: 27721728 op, 58059127.00 ns, 2.0944 ns/op
WorkloadResult   6: 27721728 op, 59068097.00 ns, 2.1308 ns/op
WorkloadResult   7: 27721728 op, 57279751.00 ns, 2.0662 ns/op
WorkloadResult   8: 27721728 op, 58639079.00 ns, 2.1153 ns/op
WorkloadResult   9: 27721728 op, 57914688.00 ns, 2.0891 ns/op
WorkloadResult  10: 27721728 op, 58689357.00 ns, 2.1171 ns/op
WorkloadResult  11: 27721728 op, 57441191.00 ns, 2.0721 ns/op
WorkloadResult  12: 27721728 op, 58360039.00 ns, 2.1052 ns/op
// GC:  0 0 0 0 27721728
// Threading:  0 0 27721728

// AfterAll
// Benchmark Process 1463938 has exited with code 0.

Mean = 2.095 ns, StdErr = 0.009 ns (0.44%), N = 12, StdDev = 0.032 ns
Min = 2.042 ns, Q1 = 2.071 ns, Median = 2.100 ns, Q3 = 2.116 ns, Max = 2.148 ns
IQR = 0.045 ns, LowerFence = 2.003 ns, UpperFence = 2.183 ns
ConfidenceInterval = [2.054 ns; 2.136 ns] (CI 99.9%), Margin = 0.041 ns (1.94% of Mean)
Skewness = -0.09, Kurtosis = 1.77, MValue = 2

// ** Remained 43 (86.0%) benchmark(s) to run. Estimated finish 2026-09-12 13:50 (0h 3m from now) **
// **************************
// Benchmark: DataAuthoredQueryBenchmarks.DataAuthoredFacade: Jit(IterationCount=12, IterationTime=250ms, WarmupCount=16) [Shape=OneTrack, Pattern=Alternating]
// *** Execute ***
// Launch: 1 / 1
// Execute: dotnet Alpha-Jit-1.dll --anonymousPipes 120 121 --benchmarkName "DataAuthoredQueryBenchmarks.DataAuthoredFacade(Shape: OneTrack, Pattern: Alternating)" --job Jit --benchmarkId 7 in /home/i/GitHub/tl-56-feat-data-authored-api/benchmarks/Alpha/bin/Release/net10.0/Alpha-Jit-1/bin/Release/net10.0
// Failed to set up high priority (Permission denied). In order to run benchmarks with high priority, make sure you have the right permissions.
// BeforeAnythingElse

// Benchmark Process Environment Information:
// BenchmarkDotNet v0.15.8
// Runtime=.NET 10.0.12 (10.0.12, 10.0.1226.42308), X64 RyuJIT x86-64-v3
// GC=Concurrent Workstation
// HardwareIntrinsics=AVX2+BMI1+BMI2+F16C+FMA+LZCNT+MOVBE,AVX,SSE3+SSSE3+SSE4.1+SSE4.2+POPCNT,X86Base+SSE+SSE2,AES+PCLMUL,AvxVnni,SERIALIZE VectorSize=256
// Job: Jit(IterationCount=12, IterationTime=250ms, WarmupCount=16)

OverheadJitting  1: 4096 op, 101013.00 ns, 24.6614 ns/op
WorkloadJitting  1: 4096 op, 240540.00 ns, 58.7256 ns/op

OverheadJitting  2: 65536 op, 126590.00 ns, 1.9316 ns/op
WorkloadJitting  2: 65536 op, 1972631.00 ns, 30.1000 ns/op

WorkloadPilot    1: 65536 op, 2106760.00 ns, 32.1466 ns/op
WorkloadPilot    2: 7798784 op, 199635874.00 ns, 25.5983 ns/op
WorkloadPilot    3: 9764864 op, 248018923.00 ns, 25.3991 ns/op
WorkloadPilot    4: 9895936 op, 251230703.00 ns, 25.3873 ns/op

OverheadWarmup   1: 9895936 op, 3887.00 ns, 0.0004 ns/op
OverheadWarmup   2: 9895936 op, 3497.00 ns, 0.0004 ns/op
OverheadWarmup   3: 9895936 op, 3371.00 ns, 0.0003 ns/op
OverheadWarmup   4: 9895936 op, 3345.00 ns, 0.0003 ns/op
OverheadWarmup   5: 9895936 op, 3403.00 ns, 0.0003 ns/op
OverheadWarmup   6: 9895936 op, 3274.00 ns, 0.0003 ns/op
OverheadWarmup   7: 9895936 op, 3351.00 ns, 0.0003 ns/op
OverheadWarmup   8: 9895936 op, 3299.00 ns, 0.0003 ns/op

OverheadActual   1: 9895936 op, 3916.00 ns, 0.0004 ns/op
OverheadActual   2: 9895936 op, 4620.00 ns, 0.0005 ns/op
OverheadActual   3: 9895936 op, 4025.00 ns, 0.0004 ns/op
OverheadActual   4: 9895936 op, 3661.00 ns, 0.0004 ns/op
OverheadActual   5: 9895936 op, 3624.00 ns, 0.0004 ns/op
OverheadActual   6: 9895936 op, 3343.00 ns, 0.0003 ns/op
OverheadActual   7: 9895936 op, 3329.00 ns, 0.0003 ns/op
OverheadActual   8: 9895936 op, 3294.00 ns, 0.0003 ns/op
OverheadActual   9: 9895936 op, 3304.00 ns, 0.0003 ns/op
OverheadActual  10: 9895936 op, 3307.00 ns, 0.0003 ns/op
OverheadActual  11: 9895936 op, 3292.00 ns, 0.0003 ns/op
OverheadActual  12: 9895936 op, 3380.00 ns, 0.0003 ns/op
OverheadActual  13: 9895936 op, 3317.00 ns, 0.0003 ns/op
OverheadActual  14: 9895936 op, 3314.00 ns, 0.0003 ns/op
OverheadActual  15: 9895936 op, 3329.00 ns, 0.0003 ns/op
OverheadActual  16: 9895936 op, 3340.00 ns, 0.0003 ns/op
OverheadActual  17: 9895936 op, 3393.00 ns, 0.0003 ns/op
OverheadActual  18: 9895936 op, 3634.00 ns, 0.0004 ns/op
OverheadActual  19: 9895936 op, 3359.00 ns, 0.0003 ns/op
OverheadActual  20: 9895936 op, 3344.00 ns, 0.0003 ns/op

WorkloadWarmup   1: 9895936 op, 255451639.00 ns, 25.8138 ns/op
WorkloadWarmup   2: 9895936 op, 255145663.00 ns, 25.7829 ns/op
WorkloadWarmup   3: 9895936 op, 253851402.00 ns, 25.6521 ns/op
WorkloadWarmup   4: 9895936 op, 252644017.00 ns, 25.5301 ns/op
WorkloadWarmup   5: 9895936 op, 218739303.00 ns, 22.1040 ns/op
WorkloadWarmup   6: 9895936 op, 103262989.00 ns, 10.4349 ns/op
WorkloadWarmup   7: 9895936 op, 103494476.00 ns, 10.4583 ns/op
WorkloadWarmup   8: 9895936 op, 102160954.00 ns, 10.3235 ns/op
WorkloadWarmup   9: 9895936 op, 102937590.00 ns, 10.4020 ns/op
WorkloadWarmup  10: 9895936 op, 101621075.00 ns, 10.2690 ns/op
WorkloadWarmup  11: 9895936 op, 102660087.00 ns, 10.3740 ns/op
WorkloadWarmup  12: 9895936 op, 103038323.00 ns, 10.4122 ns/op
WorkloadWarmup  13: 9895936 op, 101559398.00 ns, 10.2627 ns/op
WorkloadWarmup  14: 9895936 op, 104561222.00 ns, 10.5661 ns/op
WorkloadWarmup  15: 9895936 op, 112830939.00 ns, 11.4017 ns/op
WorkloadWarmup  16: 9895936 op, 102597074.00 ns, 10.3676 ns/op

// BeforeActualRun
WorkloadActual   1: 9895936 op, 101385691.00 ns, 10.2452 ns/op
WorkloadActual   2: 9895936 op, 108883745.00 ns, 11.0029 ns/op
WorkloadActual   3: 9895936 op, 103178556.00 ns, 10.4264 ns/op
WorkloadActual   4: 9895936 op, 103808804.00 ns, 10.4900 ns/op
WorkloadActual   5: 9895936 op, 101493311.00 ns, 10.2561 ns/op
WorkloadActual   6: 9895936 op, 102590038.00 ns, 10.3669 ns/op
WorkloadActual   7: 9895936 op, 102282352.00 ns, 10.3358 ns/op
WorkloadActual   8: 9895936 op, 102479015.00 ns, 10.3557 ns/op
WorkloadActual   9: 9895936 op, 101839426.00 ns, 10.2910 ns/op
WorkloadActual  10: 9895936 op, 102266459.00 ns, 10.3342 ns/op
WorkloadActual  11: 9895936 op, 102410585.00 ns, 10.3488 ns/op
WorkloadActual  12: 9895936 op, 101515118.00 ns, 10.2583 ns/op

// AfterActualRun
WorkloadResult   1: 9895936 op, 101382347.50 ns, 10.2448 ns/op
WorkloadResult   2: 9895936 op, 103175212.50 ns, 10.4260 ns/op
WorkloadResult   3: 9895936 op, 103805460.50 ns, 10.4897 ns/op
WorkloadResult   4: 9895936 op, 101489967.50 ns, 10.2557 ns/op
WorkloadResult   5: 9895936 op, 102586694.50 ns, 10.3665 ns/op
WorkloadResult   6: 9895936 op, 102279008.50 ns, 10.3355 ns/op
WorkloadResult   7: 9895936 op, 102475671.50 ns, 10.3553 ns/op
WorkloadResult   8: 9895936 op, 101836082.50 ns, 10.2907 ns/op
WorkloadResult   9: 9895936 op, 102263115.50 ns, 10.3338 ns/op
WorkloadResult  10: 9895936 op, 102407241.50 ns, 10.3484 ns/op
WorkloadResult  11: 9895936 op, 101511774.50 ns, 10.2579 ns/op
// GC:  0 0 0 0 9895936
// Threading:  0 0 9895936

// AfterAll
// Benchmark Process 1468475 has exited with code 0.

Mean = 10.337 ns, StdErr = 0.023 ns (0.22%), N = 11, StdDev = 0.075 ns
Min = 10.245 ns, Q1 = 10.274 ns, Median = 10.335 ns, Q3 = 10.361 ns, Max = 10.490 ns
IQR = 0.087 ns, LowerFence = 10.144 ns, UpperFence = 10.491 ns
ConfidenceInterval = [10.233 ns; 10.440 ns] (CI 99.9%), Margin = 0.104 ns (1.00% of Mean)
Skewness = 0.52, Kurtosis = 2.22, MValue = 2

// ** Remained 42 (84.0%) benchmark(s) to run. Estimated finish 2026-09-12 13:50 (0h 3m from now) **
// **************************
// Benchmark: DataAuthoredQueryBenchmarks.FacadeSelectOnly: Jit(IterationCount=12, IterationTime=250ms, WarmupCount=16) [Shape=OneTrack, Pattern=Alternating]
// *** Execute ***
// Launch: 1 / 1
// Execute: dotnet Alpha-Jit-1.dll --anonymousPipes 120 121 --benchmarkName "DataAuthoredQueryBenchmarks.FacadeSelectOnly(Shape: OneTrack, Pattern: Alternating)" --job Jit --benchmarkId 8 in /home/i/GitHub/tl-56-feat-data-authored-api/benchmarks/Alpha/bin/Release/net10.0/Alpha-Jit-1/bin/Release/net10.0
// Failed to set up high priority (Permission denied). In order to run benchmarks with high priority, make sure you have the right permissions.
// BeforeAnythingElse

// Benchmark Process Environment Information:
// BenchmarkDotNet v0.15.8
// Runtime=.NET 10.0.12 (10.0.12, 10.0.1226.42308), X64 RyuJIT x86-64-v3
// GC=Concurrent Workstation
// HardwareIntrinsics=AVX2+BMI1+BMI2+F16C+FMA+LZCNT+MOVBE,AVX,SSE3+SSSE3+SSE4.1+SSE4.2+POPCNT,X86Base+SSE+SSE2,AES+PCLMUL,AvxVnni,SERIALIZE VectorSize=256
// Job: Jit(IterationCount=12, IterationTime=250ms, WarmupCount=16)

OverheadJitting  1: 4096 op, 103499.00 ns, 25.2683 ns/op
WorkloadJitting  1: 4096 op, 193542.00 ns, 47.2515 ns/op

OverheadJitting  2: 65536 op, 122736.00 ns, 1.8728 ns/op
WorkloadJitting  2: 65536 op, 1111575.00 ns, 16.9613 ns/op

WorkloadPilot    1: 65536 op, 903351.00 ns, 13.7840 ns/op
WorkloadPilot    2: 18153472 op, 234295544.00 ns, 12.9064 ns/op
WorkloadPilot    3: 19398656 op, 249338537.00 ns, 12.8534 ns/op
WorkloadPilot    4: 19464192 op, 247588003.00 ns, 12.7202 ns/op
WorkloadPilot    5: 19660800 op, 258626434.00 ns, 13.1544 ns/op
WorkloadPilot    6: 19005440 op, 241892225.00 ns, 12.7275 ns/op
WorkloadPilot    7: 19660800 op, 250260592.00 ns, 12.7289 ns/op

OverheadWarmup   1: 19660800 op, 7184.00 ns, 0.0004 ns/op
OverheadWarmup   2: 19660800 op, 7250.00 ns, 0.0004 ns/op
OverheadWarmup   3: 19660800 op, 6998.00 ns, 0.0004 ns/op
OverheadWarmup   4: 19660800 op, 6652.00 ns, 0.0003 ns/op
OverheadWarmup   5: 19660800 op, 6700.00 ns, 0.0003 ns/op
OverheadWarmup   6: 19660800 op, 6657.00 ns, 0.0003 ns/op

OverheadActual   1: 19660800 op, 6903.00 ns, 0.0004 ns/op
OverheadActual   2: 19660800 op, 8837.00 ns, 0.0004 ns/op
OverheadActual   3: 19660800 op, 7126.00 ns, 0.0004 ns/op
OverheadActual   4: 19660800 op, 6776.00 ns, 0.0003 ns/op
OverheadActual   5: 19660800 op, 6847.00 ns, 0.0003 ns/op
OverheadActual   6: 19660800 op, 6528.00 ns, 0.0003 ns/op
OverheadActual   7: 19660800 op, 6515.00 ns, 0.0003 ns/op
OverheadActual   8: 19660800 op, 6522.00 ns, 0.0003 ns/op
OverheadActual   9: 19660800 op, 6539.00 ns, 0.0003 ns/op
OverheadActual  10: 19660800 op, 6565.00 ns, 0.0003 ns/op
OverheadActual  11: 19660800 op, 6543.00 ns, 0.0003 ns/op
OverheadActual  12: 19660800 op, 6529.00 ns, 0.0003 ns/op
OverheadActual  13: 19660800 op, 6524.00 ns, 0.0003 ns/op
OverheadActual  14: 19660800 op, 6560.00 ns, 0.0003 ns/op
OverheadActual  15: 19660800 op, 6517.00 ns, 0.0003 ns/op

WorkloadWarmup   1: 19660800 op, 254211035.00 ns, 12.9298 ns/op
WorkloadWarmup   2: 19660800 op, 253637889.00 ns, 12.9007 ns/op
WorkloadWarmup   3: 19660800 op, 257876864.00 ns, 13.1163 ns/op
WorkloadWarmup   4: 19660800 op, 257935159.00 ns, 13.1193 ns/op
WorkloadWarmup   5: 19660800 op, 251366092.00 ns, 12.7851 ns/op
WorkloadWarmup   6: 19660800 op, 224169203.00 ns, 11.4018 ns/op
WorkloadWarmup   7: 19660800 op, 161732500.00 ns, 8.2261 ns/op
WorkloadWarmup   8: 19660800 op, 166364321.00 ns, 8.4617 ns/op
WorkloadWarmup   9: 19660800 op, 165113276.00 ns, 8.3981 ns/op
WorkloadWarmup  10: 19660800 op, 166426143.00 ns, 8.4649 ns/op
WorkloadWarmup  11: 19660800 op, 163521606.00 ns, 8.3171 ns/op
WorkloadWarmup  12: 19660800 op, 180152042.00 ns, 9.1630 ns/op
WorkloadWarmup  13: 19660800 op, 164707150.00 ns, 8.3774 ns/op
WorkloadWarmup  14: 19660800 op, 168478650.00 ns, 8.5693 ns/op
WorkloadWarmup  15: 19660800 op, 166454015.00 ns, 8.4663 ns/op
WorkloadWarmup  16: 19660800 op, 164579854.00 ns, 8.3710 ns/op

// BeforeActualRun
WorkloadActual   1: 19660800 op, 165686789.00 ns, 8.4273 ns/op
WorkloadActual   2: 19660800 op, 166205221.00 ns, 8.4536 ns/op
WorkloadActual   3: 19660800 op, 166433189.00 ns, 8.4652 ns/op
WorkloadActual   4: 19660800 op, 165279185.00 ns, 8.4065 ns/op
WorkloadActual   5: 19660800 op, 164800334.00 ns, 8.3822 ns/op
WorkloadActual   6: 19660800 op, 164408092.00 ns, 8.3622 ns/op
WorkloadActual   7: 19660800 op, 165082591.00 ns, 8.3965 ns/op
WorkloadActual   8: 19660800 op, 164595869.00 ns, 8.3718 ns/op
WorkloadActual   9: 19660800 op, 164142535.00 ns, 8.3487 ns/op
WorkloadActual  10: 19660800 op, 168186489.00 ns, 8.5544 ns/op
WorkloadActual  11: 19660800 op, 194417821.00 ns, 9.8886 ns/op
WorkloadActual  12: 19660800 op, 165741311.00 ns, 8.4300 ns/op

// AfterActualRun
WorkloadResult   1: 19660800 op, 165680246.00 ns, 8.4269 ns/op
WorkloadResult   2: 19660800 op, 166198678.00 ns, 8.4533 ns/op
WorkloadResult   3: 19660800 op, 166426646.00 ns, 8.4649 ns/op
WorkloadResult   4: 19660800 op, 165272642.00 ns, 8.4062 ns/op
WorkloadResult   5: 19660800 op, 164793791.00 ns, 8.3818 ns/op
WorkloadResult   6: 19660800 op, 164401549.00 ns, 8.3619 ns/op
WorkloadResult   7: 19660800 op, 165076048.00 ns, 8.3962 ns/op
WorkloadResult   8: 19660800 op, 164589326.00 ns, 8.3714 ns/op
WorkloadResult   9: 19660800 op, 164135992.00 ns, 8.3484 ns/op
WorkloadResult  10: 19660800 op, 168179946.00 ns, 8.5541 ns/op
WorkloadResult  11: 19660800 op, 165734768.00 ns, 8.4297 ns/op
// GC:  0 0 0 0 19660800
// Threading:  0 0 19660800

// AfterAll
// Benchmark Process 1473143 has exited with code 0.

Mean = 8.418 ns, StdErr = 0.018 ns (0.21%), N = 11, StdDev = 0.059 ns
Min = 8.348 ns, Q1 = 8.377 ns, Median = 8.406 ns, Q3 = 8.442 ns, Max = 8.554 ns
IQR = 0.065 ns, LowerFence = 8.279 ns, UpperFence = 8.539 ns
ConfidenceInterval = [8.337 ns; 8.499 ns] (CI 99.9%), Margin = 0.081 ns (0.96% of Mean)
Skewness = 0.92, Kurtosis = 3.03, MValue = 2

// ** Remained 41 (82.0%) benchmark(s) to run. Estimated finish 2026-09-12 13:50 (0h 3m from now) **
// **************************
// Benchmark: DataAuthoredQueryBenchmarks.FacadeNoDispatch: Jit(IterationCount=12, IterationTime=250ms, WarmupCount=16) [Shape=OneTrack, Pattern=Alternating]
// *** Execute ***
// Launch: 1 / 1
// Execute: dotnet Alpha-Jit-1.dll --anonymousPipes 120 121 --benchmarkName "DataAuthoredQueryBenchmarks.FacadeNoDispatch(Shape: OneTrack, Pattern: Alternating)" --job Jit --benchmarkId 9 in /home/i/GitHub/tl-56-feat-data-authored-api/benchmarks/Alpha/bin/Release/net10.0/Alpha-Jit-1/bin/Release/net10.0
// Failed to set up high priority (Permission denied). In order to run benchmarks with high priority, make sure you have the right permissions.
// BeforeAnythingElse

// Benchmark Process Environment Information:
// BenchmarkDotNet v0.15.8
// Runtime=.NET 10.0.12 (10.0.12, 10.0.1226.42308), X64 RyuJIT x86-64-v3
// GC=Concurrent Workstation
// HardwareIntrinsics=AVX2+BMI1+BMI2+F16C+FMA+LZCNT+MOVBE,AVX,SSE3+SSSE3+SSE4.1+SSE4.2+POPCNT,X86Base+SSE+SSE2,AES+PCLMUL,AvxVnni,SERIALIZE VectorSize=256
// Job: Jit(IterationCount=12, IterationTime=250ms, WarmupCount=16)

OverheadJitting  1: 4096 op, 111415.00 ns, 27.2009 ns/op
WorkloadJitting  1: 4096 op, 196265.00 ns, 47.9163 ns/op

OverheadJitting  2: 65536 op, 124537.00 ns, 1.9003 ns/op
WorkloadJitting  2: 65536 op, 1187744.00 ns, 18.1235 ns/op

WorkloadPilot    1: 65536 op, 956461.00 ns, 14.5944 ns/op
WorkloadPilot    2: 17170432 op, 244864821.00 ns, 14.2608 ns/op
WorkloadPilot    3: 17563648 op, 247533306.00 ns, 14.0935 ns/op
WorkloadPilot    4: 17760256 op, 248451838.00 ns, 13.9892 ns/op
WorkloadPilot    5: 17891328 op, 251006088.00 ns, 14.0295 ns/op
WorkloadPilot    6: 17825792 op, 249255625.00 ns, 13.9829 ns/op
WorkloadPilot    7: 17891328 op, 251375049.00 ns, 14.0501 ns/op
WorkloadPilot    8: 17825792 op, 249827065.00 ns, 14.0149 ns/op
WorkloadPilot    9: 17891328 op, 219270320.00 ns, 12.2557 ns/op
WorkloadPilot   10: 20447232 op, 181939679.00 ns, 8.8980 ns/op
WorkloadPilot   11: 28114944 op, 249575813.00 ns, 8.8770 ns/op
WorkloadPilot   12: 28180480 op, 250320438.00 ns, 8.8828 ns/op

OverheadWarmup   1: 28180480 op, 13304.00 ns, 0.0005 ns/op
OverheadWarmup   2: 28180480 op, 12379.00 ns, 0.0004 ns/op
OverheadWarmup   3: 28180480 op, 12446.00 ns, 0.0004 ns/op
OverheadWarmup   4: 28180480 op, 12072.00 ns, 0.0004 ns/op
OverheadWarmup   5: 28180480 op, 12021.00 ns, 0.0004 ns/op
OverheadWarmup   6: 28180480 op, 12475.00 ns, 0.0004 ns/op
OverheadWarmup   7: 28180480 op, 12029.00 ns, 0.0004 ns/op

OverheadActual   1: 28180480 op, 12233.00 ns, 0.0004 ns/op
OverheadActual   2: 28180480 op, 12230.00 ns, 0.0004 ns/op
OverheadActual   3: 28180480 op, 16986.00 ns, 0.0006 ns/op
OverheadActual   4: 28180480 op, 13933.00 ns, 0.0005 ns/op
OverheadActual   5: 28180480 op, 12287.00 ns, 0.0004 ns/op
OverheadActual   6: 28180480 op, 11976.00 ns, 0.0004 ns/op
OverheadActual   7: 28180480 op, 16341.00 ns, 0.0006 ns/op
OverheadActual   8: 28180480 op, 11942.00 ns, 0.0004 ns/op
OverheadActual   9: 28180480 op, 11934.00 ns, 0.0004 ns/op
OverheadActual  10: 28180480 op, 11926.00 ns, 0.0004 ns/op
OverheadActual  11: 28180480 op, 11905.00 ns, 0.0004 ns/op
OverheadActual  12: 28180480 op, 11900.00 ns, 0.0004 ns/op
OverheadActual  13: 28180480 op, 12440.00 ns, 0.0004 ns/op
OverheadActual  14: 28180480 op, 11881.00 ns, 0.0004 ns/op
OverheadActual  15: 28180480 op, 12017.00 ns, 0.0004 ns/op

WorkloadWarmup   1: 28180480 op, 251468973.00 ns, 8.9235 ns/op
WorkloadWarmup   2: 28180480 op, 248417725.00 ns, 8.8152 ns/op
WorkloadWarmup   3: 28180480 op, 253070077.00 ns, 8.9803 ns/op
WorkloadWarmup   4: 28180480 op, 249670762.00 ns, 8.8597 ns/op
WorkloadWarmup   5: 28180480 op, 256371570.00 ns, 9.0975 ns/op
WorkloadWarmup   6: 28180480 op, 281271622.00 ns, 9.9811 ns/op
WorkloadWarmup   7: 28180480 op, 244970923.00 ns, 8.6929 ns/op
WorkloadWarmup   8: 28180480 op, 248594567.00 ns, 8.8215 ns/op
WorkloadWarmup   9: 28180480 op, 250398374.00 ns, 8.8855 ns/op
WorkloadWarmup  10: 28180480 op, 252490015.00 ns, 8.9597 ns/op
WorkloadWarmup  11: 28180480 op, 249803059.00 ns, 8.8644 ns/op
WorkloadWarmup  12: 28180480 op, 246131257.00 ns, 8.7341 ns/op
WorkloadWarmup  13: 28180480 op, 245698725.00 ns, 8.7188 ns/op
WorkloadWarmup  14: 28180480 op, 246324635.00 ns, 8.7410 ns/op
WorkloadWarmup  15: 28180480 op, 254378811.00 ns, 9.0268 ns/op
WorkloadWarmup  16: 28180480 op, 246201931.00 ns, 8.7366 ns/op

// BeforeActualRun
WorkloadActual   1: 28180480 op, 246642853.00 ns, 8.7523 ns/op
WorkloadActual   2: 28180480 op, 243874857.00 ns, 8.6540 ns/op
WorkloadActual   3: 28180480 op, 245611106.00 ns, 8.7156 ns/op
WorkloadActual   4: 28180480 op, 243781716.00 ns, 8.6507 ns/op
WorkloadActual   5: 28180480 op, 246593701.00 ns, 8.7505 ns/op
WorkloadActual   6: 28180480 op, 243435669.00 ns, 8.6385 ns/op
WorkloadActual   7: 28180480 op, 248979181.00 ns, 8.8352 ns/op
WorkloadActual   8: 28180480 op, 245647661.00 ns, 8.7169 ns/op
WorkloadActual   9: 28180480 op, 263297775.00 ns, 9.3433 ns/op
WorkloadActual  10: 28180480 op, 245398283.00 ns, 8.7081 ns/op
WorkloadActual  11: 28180480 op, 245475329.00 ns, 8.7108 ns/op
WorkloadActual  12: 28180480 op, 244733397.00 ns, 8.6845 ns/op

// AfterActualRun
WorkloadResult   1: 28180480 op, 246630836.00 ns, 8.7518 ns/op
WorkloadResult   2: 28180480 op, 243862840.00 ns, 8.6536 ns/op
WorkloadResult   3: 28180480 op, 245599089.00 ns, 8.7152 ns/op
WorkloadResult   4: 28180480 op, 243769699.00 ns, 8.6503 ns/op
WorkloadResult   5: 28180480 op, 246581684.00 ns, 8.7501 ns/op
WorkloadResult   6: 28180480 op, 243423652.00 ns, 8.6380 ns/op
WorkloadResult   7: 28180480 op, 248967164.00 ns, 8.8347 ns/op
WorkloadResult   8: 28180480 op, 245635644.00 ns, 8.7165 ns/op
WorkloadResult   9: 28180480 op, 245386266.00 ns, 8.7077 ns/op
WorkloadResult  10: 28180480 op, 245463312.00 ns, 8.7104 ns/op
WorkloadResult  11: 28180480 op, 244721380.00 ns, 8.6841 ns/op
// GC:  0 0 0 0 28180480
// Threading:  0 0 28180480

// AfterAll
// Benchmark Process 1480360 has exited with code 0.

Mean = 8.710 ns, StdErr = 0.017 ns (0.19%), N = 11, StdDev = 0.056 ns
Min = 8.638 ns, Q1 = 8.669 ns, Median = 8.710 ns, Q3 = 8.733 ns, Max = 8.835 ns
IQR = 0.064 ns, LowerFence = 8.572 ns, UpperFence = 8.830 ns
ConfidenceInterval = [8.632 ns; 8.788 ns] (CI 99.9%), Margin = 0.078 ns (0.89% of Mean)
Skewness = 0.65, Kurtosis = 2.7, MValue = 2

// ** Remained 40 (80.0%) benchmark(s) to run. Estimated finish 2026-09-12 13:51 (0h 3m from now) **
// **************************
// Benchmark: DataAuthoredQueryBenchmarks.DirectShape: Jit(IterationCount=12, IterationTime=250ms, WarmupCount=16) [Shape=ThreeTracks, Pattern=Forward]
// *** Execute ***
// Launch: 1 / 1
// Execute: dotnet Alpha-Jit-1.dll --anonymousPipes 120 121 --benchmarkName "DataAuthoredQueryBenchmarks.DirectShape(Shape: ThreeTracks, Pattern: Forward)" --job Jit --benchmarkId 10 in /home/i/GitHub/tl-56-feat-data-authored-api/benchmarks/Alpha/bin/Release/net10.0/Alpha-Jit-1/bin/Release/net10.0
// Failed to set up high priority (Permission denied). In order to run benchmarks with high priority, make sure you have the right permissions.
// BeforeAnythingElse

// Benchmark Process Environment Information:
// BenchmarkDotNet v0.15.8
// Runtime=.NET 10.0.12 (10.0.12, 10.0.1226.42308), X64 RyuJIT x86-64-v3
// GC=Concurrent Workstation
// HardwareIntrinsics=AVX2+BMI1+BMI2+F16C+FMA+LZCNT+MOVBE,AVX,SSE3+SSSE3+SSE4.1+SSE4.2+POPCNT,X86Base+SSE+SSE2,AES+PCLMUL,AvxVnni,SERIALIZE VectorSize=256
// Job: Jit(IterationCount=12, IterationTime=250ms, WarmupCount=16)

OverheadJitting  1: 4096 op, 105261.00 ns, 25.6985 ns/op
WorkloadJitting  1: 4096 op, 1288740.00 ns, 314.6338 ns/op

OverheadJitting  2: 65536 op, 242686.00 ns, 3.7031 ns/op
WorkloadJitting  2: 65536 op, 592852.00 ns, 9.0462 ns/op

WorkloadPilot    1: 65536 op, 296457.00 ns, 4.5236 ns/op
WorkloadPilot    2: 55312384 op, 217456455.00 ns, 3.9314 ns/op
WorkloadPilot    3: 63635456 op, 248807260.00 ns, 3.9099 ns/op
WorkloadPilot    4: 63963136 op, 250675265.00 ns, 3.9191 ns/op
WorkloadPilot    5: 63832064 op, 247906861.00 ns, 3.8837 ns/op
WorkloadPilot    6: 64421888 op, 250688919.00 ns, 3.8914 ns/op
WorkloadPilot    7: 64290816 op, 250839722.00 ns, 3.9016 ns/op

OverheadWarmup   1: 64290816 op, 23556.00 ns, 0.0004 ns/op
OverheadWarmup   2: 64290816 op, 21443.00 ns, 0.0003 ns/op
OverheadWarmup   3: 64290816 op, 21324.00 ns, 0.0003 ns/op
OverheadWarmup   4: 64290816 op, 21307.00 ns, 0.0003 ns/op
OverheadWarmup   5: 64290816 op, 21384.00 ns, 0.0003 ns/op
OverheadWarmup   6: 64290816 op, 21329.00 ns, 0.0003 ns/op
OverheadWarmup   7: 64290816 op, 28004.00 ns, 0.0004 ns/op
OverheadWarmup   8: 64290816 op, 21728.00 ns, 0.0003 ns/op

OverheadActual   1: 64290816 op, 21667.00 ns, 0.0003 ns/op
OverheadActual   2: 64290816 op, 21707.00 ns, 0.0003 ns/op
OverheadActual   3: 64290816 op, 21632.00 ns, 0.0003 ns/op
OverheadActual   4: 64290816 op, 21465.00 ns, 0.0003 ns/op
OverheadActual   5: 64290816 op, 21515.00 ns, 0.0003 ns/op
OverheadActual   6: 64290816 op, 21350.00 ns, 0.0003 ns/op
OverheadActual   7: 64290816 op, 21314.00 ns, 0.0003 ns/op
OverheadActual   8: 64290816 op, 25593.00 ns, 0.0004 ns/op
OverheadActual   9: 64290816 op, 22351.00 ns, 0.0003 ns/op
OverheadActual  10: 64290816 op, 21314.00 ns, 0.0003 ns/op
OverheadActual  11: 64290816 op, 21400.00 ns, 0.0003 ns/op
OverheadActual  12: 64290816 op, 25919.00 ns, 0.0004 ns/op
OverheadActual  13: 64290816 op, 21347.00 ns, 0.0003 ns/op
OverheadActual  14: 64290816 op, 25136.00 ns, 0.0004 ns/op
OverheadActual  15: 64290816 op, 21390.00 ns, 0.0003 ns/op

WorkloadWarmup   1: 64290816 op, 250141880.00 ns, 3.8908 ns/op
WorkloadWarmup   2: 64290816 op, 273191012.00 ns, 4.2493 ns/op
WorkloadWarmup   3: 64290816 op, 250269467.00 ns, 3.8928 ns/op
WorkloadWarmup   4: 64290816 op, 250723397.00 ns, 3.8998 ns/op
WorkloadWarmup   5: 64290816 op, 249433794.00 ns, 3.8798 ns/op
WorkloadWarmup   6: 64290816 op, 223659165.00 ns, 3.4789 ns/op
WorkloadWarmup   7: 64290816 op, 142826277.00 ns, 2.2216 ns/op
WorkloadWarmup   8: 64290816 op, 145519424.00 ns, 2.2635 ns/op
WorkloadWarmup   9: 64290816 op, 146171555.00 ns, 2.2736 ns/op
WorkloadWarmup  10: 64290816 op, 145721336.00 ns, 2.2666 ns/op
WorkloadWarmup  11: 64290816 op, 144011497.00 ns, 2.2400 ns/op
WorkloadWarmup  12: 64290816 op, 145541472.00 ns, 2.2638 ns/op
WorkloadWarmup  13: 64290816 op, 145703068.00 ns, 2.2663 ns/op
WorkloadWarmup  14: 64290816 op, 148659010.00 ns, 2.3123 ns/op
WorkloadWarmup  15: 64290816 op, 143151370.00 ns, 2.2266 ns/op
WorkloadWarmup  16: 64290816 op, 144559677.00 ns, 2.2485 ns/op

// BeforeActualRun
WorkloadActual   1: 64290816 op, 145995576.00 ns, 2.2709 ns/op
WorkloadActual   2: 64290816 op, 142866939.00 ns, 2.2222 ns/op
WorkloadActual   3: 64290816 op, 143421297.00 ns, 2.2308 ns/op
WorkloadActual   4: 64290816 op, 144364986.00 ns, 2.2455 ns/op
WorkloadActual   5: 64290816 op, 146107861.00 ns, 2.2726 ns/op
WorkloadActual   6: 64290816 op, 144722020.00 ns, 2.2511 ns/op
WorkloadActual   7: 64290816 op, 143796232.00 ns, 2.2367 ns/op
WorkloadActual   8: 64290816 op, 143510140.00 ns, 2.2322 ns/op
WorkloadActual   9: 64290816 op, 144175741.00 ns, 2.2426 ns/op
WorkloadActual  10: 64290816 op, 145299627.00 ns, 2.2600 ns/op
WorkloadActual  11: 64290816 op, 144274506.00 ns, 2.2441 ns/op
WorkloadActual  12: 64290816 op, 162400684.00 ns, 2.5260 ns/op

// AfterActualRun
WorkloadResult   1: 64290816 op, 145974061.00 ns, 2.2705 ns/op
WorkloadResult   2: 64290816 op, 142845424.00 ns, 2.2219 ns/op
WorkloadResult   3: 64290816 op, 143399782.00 ns, 2.2305 ns/op
WorkloadResult   4: 64290816 op, 144343471.00 ns, 2.2452 ns/op
WorkloadResult   5: 64290816 op, 146086346.00 ns, 2.2723 ns/op
WorkloadResult   6: 64290816 op, 144700505.00 ns, 2.2507 ns/op
WorkloadResult   7: 64290816 op, 143774717.00 ns, 2.2363 ns/op
WorkloadResult   8: 64290816 op, 143488625.00 ns, 2.2319 ns/op
WorkloadResult   9: 64290816 op, 144154226.00 ns, 2.2422 ns/op
WorkloadResult  10: 64290816 op, 145278112.00 ns, 2.2597 ns/op
WorkloadResult  11: 64290816 op, 144252991.00 ns, 2.2438 ns/op
// GC:  0 0 0 0 64290816
// Threading:  0 0 64290816

// AfterAll
// Benchmark Process 1490626 has exited with code 0.

Mean = 2.246 ns, StdErr = 0.005 ns (0.22%), N = 11, StdDev = 0.016 ns
Min = 2.222 ns, Q1 = 2.234 ns, Median = 2.244 ns, Q3 = 2.255 ns, Max = 2.272 ns
IQR = 0.021 ns, LowerFence = 2.202 ns, UpperFence = 2.287 ns
ConfidenceInterval = [2.223 ns; 2.268 ns] (CI 99.9%), Margin = 0.022 ns (1.00% of Mean)
Skewness = 0.31, Kurtosis = 1.73, MValue = 2

// ** Remained 39 (78.0%) benchmark(s) to run. Estimated finish 2026-09-12 13:51 (0h 3m from now) **
// **************************
// Benchmark: DataAuthoredQueryBenchmarks.GeneratedShape: Jit(IterationCount=12, IterationTime=250ms, WarmupCount=16) [Shape=ThreeTracks, Pattern=Forward]
// *** Execute ***
// Launch: 1 / 1
// Execute: dotnet Alpha-Jit-1.dll --anonymousPipes 122 123 --benchmarkName "DataAuthoredQueryBenchmarks.GeneratedShape(Shape: ThreeTracks, Pattern: Forward)" --job Jit --benchmarkId 11 in /home/i/GitHub/tl-56-feat-data-authored-api/benchmarks/Alpha/bin/Release/net10.0/Alpha-Jit-1/bin/Release/net10.0
// Failed to set up high priority (Permission denied). In order to run benchmarks with high priority, make sure you have the right permissions.
// BeforeAnythingElse

// Benchmark Process Environment Information:
// BenchmarkDotNet v0.15.8
// Runtime=.NET 10.0.12 (10.0.12, 10.0.1226.42308), X64 RyuJIT x86-64-v3
// GC=Concurrent Workstation
// HardwareIntrinsics=AVX2+BMI1+BMI2+F16C+FMA+LZCNT+MOVBE,AVX,SSE3+SSSE3+SSE4.1+SSE4.2+POPCNT,X86Base+SSE+SSE2,AES+PCLMUL,AvxVnni,SERIALIZE VectorSize=256
// Job: Jit(IterationCount=12, IterationTime=250ms, WarmupCount=16)

OverheadJitting  1: 4096 op, 102410.00 ns, 25.0024 ns/op
WorkloadJitting  1: 4096 op, 338387.00 ns, 82.6140 ns/op

OverheadJitting  2: 65536 op, 117652.00 ns, 1.7952 ns/op
WorkloadJitting  2: 65536 op, 2021158.00 ns, 30.8404 ns/op

WorkloadPilot    1: 65536 op, 1061454.00 ns, 16.1965 ns/op
WorkloadPilot    2: 15466496 op, 253335160.00 ns, 16.3796 ns/op
WorkloadPilot    3: 15269888 op, 247350253.00 ns, 16.1986 ns/op
WorkloadPilot    4: 15466496 op, 254027222.00 ns, 16.4244 ns/op
WorkloadPilot    5: 15269888 op, 254400867.00 ns, 16.6603 ns/op

OverheadWarmup   1: 15269888 op, 6484.00 ns, 0.0004 ns/op
OverheadWarmup   2: 15269888 op, 5211.00 ns, 0.0003 ns/op
OverheadWarmup   3: 15269888 op, 5129.00 ns, 0.0003 ns/op
OverheadWarmup   4: 15269888 op, 5135.00 ns, 0.0003 ns/op
OverheadWarmup   5: 15269888 op, 5150.00 ns, 0.0003 ns/op
OverheadWarmup   6: 15269888 op, 5119.00 ns, 0.0003 ns/op
OverheadWarmup   7: 15269888 op, 5141.00 ns, 0.0003 ns/op
OverheadWarmup   8: 15269888 op, 5195.00 ns, 0.0003 ns/op
OverheadWarmup   9: 15269888 op, 5166.00 ns, 0.0003 ns/op

OverheadActual   1: 15269888 op, 5467.00 ns, 0.0004 ns/op
OverheadActual   2: 15269888 op, 5304.00 ns, 0.0003 ns/op
OverheadActual   3: 15269888 op, 6712.00 ns, 0.0004 ns/op
OverheadActual   4: 15269888 op, 5247.00 ns, 0.0003 ns/op
OverheadActual   5: 15269888 op, 5313.00 ns, 0.0003 ns/op
OverheadActual   6: 15269888 op, 5126.00 ns, 0.0003 ns/op
OverheadActual   7: 15269888 op, 5119.00 ns, 0.0003 ns/op
OverheadActual   8: 15269888 op, 5115.00 ns, 0.0003 ns/op
OverheadActual   9: 15269888 op, 5116.00 ns, 0.0003 ns/op
OverheadActual  10: 15269888 op, 5108.00 ns, 0.0003 ns/op
OverheadActual  11: 15269888 op, 5103.00 ns, 0.0003 ns/op
OverheadActual  12: 15269888 op, 5152.00 ns, 0.0003 ns/op
OverheadActual  13: 15269888 op, 5123.00 ns, 0.0003 ns/op
OverheadActual  14: 15269888 op, 5142.00 ns, 0.0003 ns/op
OverheadActual  15: 15269888 op, 5127.00 ns, 0.0003 ns/op

WorkloadWarmup   1: 15269888 op, 248197442.00 ns, 16.2540 ns/op
WorkloadWarmup   2: 15269888 op, 248302203.00 ns, 16.2609 ns/op
WorkloadWarmup   3: 15269888 op, 249792280.00 ns, 16.3585 ns/op
WorkloadWarmup   4: 15269888 op, 250251142.00 ns, 16.3885 ns/op
WorkloadWarmup   5: 15269888 op, 248065074.00 ns, 16.2454 ns/op
WorkloadWarmup   6: 15269888 op, 247609722.00 ns, 16.2156 ns/op
WorkloadWarmup   7: 15269888 op, 247199632.00 ns, 16.1887 ns/op
WorkloadWarmup   8: 15269888 op, 188980449.00 ns, 12.3760 ns/op
WorkloadWarmup   9: 15269888 op, 57157930.00 ns, 3.7432 ns/op
WorkloadWarmup  10: 15269888 op, 57631929.00 ns, 3.7742 ns/op
WorkloadWarmup  11: 15269888 op, 61419939.00 ns, 4.0223 ns/op
WorkloadWarmup  12: 15269888 op, 64172930.00 ns, 4.2026 ns/op
WorkloadWarmup  13: 15269888 op, 58332713.00 ns, 3.8201 ns/op
WorkloadWarmup  14: 15269888 op, 58555508.00 ns, 3.8347 ns/op
WorkloadWarmup  15: 15269888 op, 56970410.00 ns, 3.7309 ns/op
WorkloadWarmup  16: 15269888 op, 61454033.00 ns, 4.0245 ns/op

// BeforeActualRun
WorkloadActual   1: 15269888 op, 57791378.00 ns, 3.7847 ns/op
WorkloadActual   2: 15269888 op, 55521449.00 ns, 3.6360 ns/op
WorkloadActual   3: 15269888 op, 58076605.00 ns, 3.8033 ns/op
WorkloadActual   4: 15269888 op, 56708835.00 ns, 3.7138 ns/op
WorkloadActual   5: 15269888 op, 57846150.00 ns, 3.7882 ns/op
WorkloadActual   6: 15269888 op, 57273804.00 ns, 3.7508 ns/op
WorkloadActual   7: 15269888 op, 56447403.00 ns, 3.6966 ns/op
WorkloadActual   8: 15269888 op, 57348302.00 ns, 3.7556 ns/op
WorkloadActual   9: 15269888 op, 57743462.00 ns, 3.7815 ns/op
WorkloadActual  10: 15269888 op, 57000170.00 ns, 3.7328 ns/op
WorkloadActual  11: 15269888 op, 57180144.00 ns, 3.7446 ns/op
WorkloadActual  12: 15269888 op, 56923815.00 ns, 3.7278 ns/op

// AfterActualRun
WorkloadResult   1: 15269888 op, 57786251.00 ns, 3.7843 ns/op
WorkloadResult   2: 15269888 op, 55516322.00 ns, 3.6357 ns/op
WorkloadResult   3: 15269888 op, 58071478.00 ns, 3.8030 ns/op
WorkloadResult   4: 15269888 op, 56703708.00 ns, 3.7134 ns/op
WorkloadResult   5: 15269888 op, 57841023.00 ns, 3.7879 ns/op
WorkloadResult   6: 15269888 op, 57268677.00 ns, 3.7504 ns/op
WorkloadResult   7: 15269888 op, 56442276.00 ns, 3.6963 ns/op
WorkloadResult   8: 15269888 op, 57343175.00 ns, 3.7553 ns/op
WorkloadResult   9: 15269888 op, 57738335.00 ns, 3.7812 ns/op
WorkloadResult  10: 15269888 op, 56995043.00 ns, 3.7325 ns/op
WorkloadResult  11: 15269888 op, 57175017.00 ns, 3.7443 ns/op
WorkloadResult  12: 15269888 op, 56918688.00 ns, 3.7275 ns/op
// GC:  0 0 0 0 15269888
// Threading:  0 0 15269888

// AfterAll
// Benchmark Process 1497194 has exited with code 0.

Mean = 3.743 ns, StdErr = 0.013 ns (0.36%), N = 12, StdDev = 0.047 ns
Min = 3.636 ns, Q1 = 3.724 ns, Median = 3.747 ns, Q3 = 3.782 ns, Max = 3.803 ns
IQR = 0.058 ns, LowerFence = 3.637 ns, UpperFence = 3.869 ns
ConfidenceInterval = [3.683 ns; 3.802 ns] (CI 99.9%), Margin = 0.060 ns (1.60% of Mean)
Skewness = -0.75, Kurtosis = 2.81, MValue = 2

// ** Remained 38 (76.0%) benchmark(s) to run. Estimated finish 2026-09-12 13:51 (0h 3m from now) **
// **************************
// Benchmark: DataAuthoredQueryBenchmarks.DataAuthoredFacade: Jit(IterationCount=12, IterationTime=250ms, WarmupCount=16) [Shape=ThreeTracks, Pattern=Forward]
// *** Execute ***
// Launch: 1 / 1
// Execute: dotnet Alpha-Jit-1.dll --anonymousPipes 120 121 --benchmarkName "DataAuthoredQueryBenchmarks.DataAuthoredFacade(Shape: ThreeTracks, Pattern: Forward)" --job Jit --benchmarkId 12 in /home/i/GitHub/tl-56-feat-data-authored-api/benchmarks/Alpha/bin/Release/net10.0/Alpha-Jit-1/bin/Release/net10.0
// Failed to set up high priority (Permission denied). In order to run benchmarks with high priority, make sure you have the right permissions.
// BeforeAnythingElse

// Benchmark Process Environment Information:
// BenchmarkDotNet v0.15.8
// Runtime=.NET 10.0.12 (10.0.12, 10.0.1226.42308), X64 RyuJIT x86-64-v3
// GC=Concurrent Workstation
// HardwareIntrinsics=AVX2+BMI1+BMI2+F16C+FMA+LZCNT+MOVBE,AVX,SSE3+SSSE3+SSE4.1+SSE4.2+POPCNT,X86Base+SSE+SSE2,AES+PCLMUL,AvxVnni,SERIALIZE VectorSize=256
// Job: Jit(IterationCount=12, IterationTime=250ms, WarmupCount=16)

OverheadJitting  1: 4096 op, 106726.00 ns, 26.0562 ns/op
WorkloadJitting  1: 4096 op, 433949.00 ns, 105.9446 ns/op

OverheadJitting  2: 65536 op, 133513.00 ns, 2.0372 ns/op
WorkloadJitting  2: 65536 op, 5150468.00 ns, 78.5899 ns/op

WorkloadPilot    1: 65536 op, 3936101.00 ns, 60.0601 ns/op
WorkloadPilot    2: 4194304 op, 248933194.00 ns, 59.3503 ns/op
WorkloadPilot    3: 4259840 op, 252501138.00 ns, 59.2748 ns/op

OverheadWarmup   1: 4259840 op, 2153.00 ns, 0.0005 ns/op
OverheadWarmup   2: 4259840 op, 1604.00 ns, 0.0004 ns/op
OverheadWarmup   3: 4259840 op, 1542.00 ns, 0.0004 ns/op
OverheadWarmup   4: 4259840 op, 1541.00 ns, 0.0004 ns/op
OverheadWarmup   5: 4259840 op, 1633.00 ns, 0.0004 ns/op
OverheadWarmup   6: 4259840 op, 1555.00 ns, 0.0004 ns/op
OverheadWarmup   7: 4259840 op, 1502.00 ns, 0.0004 ns/op
OverheadWarmup   8: 4259840 op, 1498.00 ns, 0.0004 ns/op
OverheadWarmup   9: 4259840 op, 1501.00 ns, 0.0004 ns/op
OverheadWarmup  10: 4259840 op, 1494.00 ns, 0.0004 ns/op

OverheadActual   1: 4259840 op, 2022.00 ns, 0.0005 ns/op
OverheadActual   2: 4259840 op, 1848.00 ns, 0.0004 ns/op
OverheadActual   3: 4259840 op, 1866.00 ns, 0.0004 ns/op
OverheadActual   4: 4259840 op, 1668.00 ns, 0.0004 ns/op
OverheadActual   5: 4259840 op, 1660.00 ns, 0.0004 ns/op
OverheadActual   6: 4259840 op, 1487.00 ns, 0.0003 ns/op
OverheadActual   7: 4259840 op, 1478.00 ns, 0.0003 ns/op
OverheadActual   8: 4259840 op, 1476.00 ns, 0.0003 ns/op
OverheadActual   9: 4259840 op, 1471.00 ns, 0.0003 ns/op
OverheadActual  10: 4259840 op, 1475.00 ns, 0.0003 ns/op
OverheadActual  11: 4259840 op, 1472.00 ns, 0.0003 ns/op
OverheadActual  12: 4259840 op, 1468.00 ns, 0.0003 ns/op
OverheadActual  13: 4259840 op, 1529.00 ns, 0.0004 ns/op
OverheadActual  14: 4259840 op, 1498.00 ns, 0.0004 ns/op
OverheadActual  15: 4259840 op, 1523.00 ns, 0.0004 ns/op
OverheadActual  16: 4259840 op, 1500.00 ns, 0.0004 ns/op
OverheadActual  17: 4259840 op, 1502.00 ns, 0.0004 ns/op
OverheadActual  18: 4259840 op, 1834.00 ns, 0.0004 ns/op
OverheadActual  19: 4259840 op, 1573.00 ns, 0.0004 ns/op
OverheadActual  20: 4259840 op, 1730.00 ns, 0.0004 ns/op

WorkloadWarmup   1: 4259840 op, 252304218.00 ns, 59.2286 ns/op
WorkloadWarmup   2: 4259840 op, 258326284.00 ns, 60.6423 ns/op
WorkloadWarmup   3: 4259840 op, 250867436.00 ns, 58.8913 ns/op
WorkloadWarmup   4: 4259840 op, 251980523.00 ns, 59.1526 ns/op
WorkloadWarmup   5: 4259840 op, 254978633.00 ns, 59.8564 ns/op
WorkloadWarmup   6: 4259840 op, 186266327.00 ns, 43.7261 ns/op
WorkloadWarmup   7: 4259840 op, 83835307.00 ns, 19.6804 ns/op
WorkloadWarmup   8: 4259840 op, 84660129.00 ns, 19.8740 ns/op
WorkloadWarmup   9: 4259840 op, 83935707.00 ns, 19.7040 ns/op
WorkloadWarmup  10: 4259840 op, 84436277.00 ns, 19.8215 ns/op
WorkloadWarmup  11: 4259840 op, 84360569.00 ns, 19.8037 ns/op
WorkloadWarmup  12: 4259840 op, 83735182.00 ns, 19.6569 ns/op
WorkloadWarmup  13: 4259840 op, 84683356.00 ns, 19.8795 ns/op
WorkloadWarmup  14: 4259840 op, 83629230.00 ns, 19.6320 ns/op
WorkloadWarmup  15: 4259840 op, 84393082.00 ns, 19.8113 ns/op
WorkloadWarmup  16: 4259840 op, 84084182.00 ns, 19.7388 ns/op

// BeforeActualRun
WorkloadActual   1: 4259840 op, 83459858.00 ns, 19.5923 ns/op
WorkloadActual   2: 4259840 op, 84111560.00 ns, 19.7452 ns/op
WorkloadActual   3: 4259840 op, 83297457.00 ns, 19.5541 ns/op
WorkloadActual   4: 4259840 op, 84916098.00 ns, 19.9341 ns/op
WorkloadActual   5: 4259840 op, 84455636.00 ns, 19.8260 ns/op
WorkloadActual   6: 4259840 op, 83235349.00 ns, 19.5395 ns/op
WorkloadActual   7: 4259840 op, 83882578.00 ns, 19.6915 ns/op
WorkloadActual   8: 4259840 op, 84464143.00 ns, 19.8280 ns/op
WorkloadActual   9: 4259840 op, 83163121.00 ns, 19.5226 ns/op
WorkloadActual  10: 4259840 op, 84289467.00 ns, 19.7870 ns/op
WorkloadActual  11: 4259840 op, 84309844.00 ns, 19.7918 ns/op
WorkloadActual  12: 4259840 op, 84621814.00 ns, 19.8650 ns/op

// AfterActualRun
WorkloadResult   1: 4259840 op, 83458345.50 ns, 19.5919 ns/op
WorkloadResult   2: 4259840 op, 84110047.50 ns, 19.7449 ns/op
WorkloadResult   3: 4259840 op, 83295944.50 ns, 19.5538 ns/op
WorkloadResult   4: 4259840 op, 84914585.50 ns, 19.9337 ns/op
WorkloadResult   5: 4259840 op, 84454123.50 ns, 19.8257 ns/op
WorkloadResult   6: 4259840 op, 83233836.50 ns, 19.5392 ns/op
WorkloadResult   7: 4259840 op, 83881065.50 ns, 19.6911 ns/op
WorkloadResult   8: 4259840 op, 84462630.50 ns, 19.8277 ns/op
WorkloadResult   9: 4259840 op, 83161608.50 ns, 19.5222 ns/op
WorkloadResult  10: 4259840 op, 84287954.50 ns, 19.7866 ns/op
WorkloadResult  11: 4259840 op, 84308331.50 ns, 19.7914 ns/op
WorkloadResult  12: 4259840 op, 84620301.50 ns, 19.8647 ns/op
// GC:  0 0 0 0 4259840
// Threading:  0 0 4259840

// AfterAll
// Benchmark Process 1501587 has exited with code 0.

Mean = 19.723 ns, StdErr = 0.040 ns (0.21%), N = 12, StdDev = 0.140 ns
Min = 19.522 ns, Q1 = 19.582 ns, Median = 19.766 ns, Q3 = 19.826 ns, Max = 19.934 ns
IQR = 0.244 ns, LowerFence = 19.217 ns, UpperFence = 20.192 ns
ConfidenceInterval = [19.543 ns; 19.902 ns] (CI 99.9%), Margin = 0.180 ns (0.91% of Mean)
Skewness = -0.19, Kurtosis = 1.41, MValue = 2

// ** Remained 37 (74.0%) benchmark(s) to run. Estimated finish 2026-09-12 13:50 (0h 3m from now) **
// **************************
// Benchmark: DataAuthoredQueryBenchmarks.FacadeSelectOnly: Jit(IterationCount=12, IterationTime=250ms, WarmupCount=16) [Shape=ThreeTracks, Pattern=Forward]
// *** Execute ***
// Launch: 1 / 1
// Execute: dotnet Alpha-Jit-1.dll --anonymousPipes 120 121 --benchmarkName "DataAuthoredQueryBenchmarks.FacadeSelectOnly(Shape: ThreeTracks, Pattern: Forward)" --job Jit --benchmarkId 13 in /home/i/GitHub/tl-56-feat-data-authored-api/benchmarks/Alpha/bin/Release/net10.0/Alpha-Jit-1/bin/Release/net10.0
// Failed to set up high priority (Permission denied). In order to run benchmarks with high priority, make sure you have the right permissions.
// BeforeAnythingElse

// Benchmark Process Environment Information:
// BenchmarkDotNet v0.15.8
// Runtime=.NET 10.0.12 (10.0.12, 10.0.1226.42308), X64 RyuJIT x86-64-v3
// GC=Concurrent Workstation
// HardwareIntrinsics=AVX2+BMI1+BMI2+F16C+FMA+LZCNT+MOVBE,AVX,SSE3+SSSE3+SSE4.1+SSE4.2+POPCNT,X86Base+SSE+SSE2,AES+PCLMUL,AvxVnni,SERIALIZE VectorSize=256
// Job: Jit(IterationCount=12, IterationTime=250ms, WarmupCount=16)

OverheadJitting  1: 4096 op, 100396.00 ns, 24.5107 ns/op
WorkloadJitting  1: 4096 op, 187748.00 ns, 45.8369 ns/op

OverheadJitting  2: 65536 op, 124132.00 ns, 1.8941 ns/op
WorkloadJitting  2: 65536 op, 1110891.00 ns, 16.9509 ns/op

WorkloadPilot    1: 65536 op, 903565.00 ns, 13.7873 ns/op
WorkloadPilot    2: 18153472 op, 242029899.00 ns, 13.3324 ns/op
WorkloadPilot    3: 18808832 op, 251348037.00 ns, 13.3633 ns/op
WorkloadPilot    4: 18743296 op, 251548359.00 ns, 13.4207 ns/op
WorkloadPilot    5: 18677760 op, 250159101.00 ns, 13.3934 ns/op

OverheadWarmup   1: 18677760 op, 7139.00 ns, 0.0004 ns/op
OverheadWarmup   2: 18677760 op, 6617.00 ns, 0.0004 ns/op
OverheadWarmup   3: 18677760 op, 6486.00 ns, 0.0003 ns/op
OverheadWarmup   4: 18677760 op, 6495.00 ns, 0.0003 ns/op
OverheadWarmup   5: 18677760 op, 6493.00 ns, 0.0003 ns/op
OverheadWarmup   6: 18677760 op, 6553.00 ns, 0.0004 ns/op
OverheadWarmup   7: 18677760 op, 6516.00 ns, 0.0003 ns/op

OverheadActual   1: 18677760 op, 6906.00 ns, 0.0004 ns/op
OverheadActual   2: 18677760 op, 6435.00 ns, 0.0003 ns/op
OverheadActual   3: 18677760 op, 6445.00 ns, 0.0003 ns/op
OverheadActual   4: 18677760 op, 6385.00 ns, 0.0003 ns/op
OverheadActual   5: 18677760 op, 6412.00 ns, 0.0003 ns/op
OverheadActual   6: 18677760 op, 6278.00 ns, 0.0003 ns/op
OverheadActual   7: 18677760 op, 6253.00 ns, 0.0003 ns/op
OverheadActual   8: 18677760 op, 6226.00 ns, 0.0003 ns/op
OverheadActual   9: 18677760 op, 6238.00 ns, 0.0003 ns/op
OverheadActual  10: 18677760 op, 6278.00 ns, 0.0003 ns/op
OverheadActual  11: 18677760 op, 6288.00 ns, 0.0003 ns/op
OverheadActual  12: 18677760 op, 6264.00 ns, 0.0003 ns/op
OverheadActual  13: 18677760 op, 6278.00 ns, 0.0003 ns/op
OverheadActual  14: 18677760 op, 6245.00 ns, 0.0003 ns/op
OverheadActual  15: 18677760 op, 6327.00 ns, 0.0003 ns/op

WorkloadWarmup   1: 18677760 op, 250180250.00 ns, 13.3946 ns/op
WorkloadWarmup   2: 18677760 op, 249971471.00 ns, 13.3834 ns/op
WorkloadWarmup   3: 18677760 op, 250708163.00 ns, 13.4228 ns/op
WorkloadWarmup   4: 18677760 op, 248601460.00 ns, 13.3100 ns/op
WorkloadWarmup   5: 18677760 op, 249312575.00 ns, 13.3481 ns/op
WorkloadWarmup   6: 18677760 op, 249010447.00 ns, 13.3319 ns/op
WorkloadWarmup   7: 18677760 op, 248914270.00 ns, 13.3268 ns/op
WorkloadWarmup   8: 18677760 op, 229091105.00 ns, 12.2654 ns/op
WorkloadWarmup   9: 18677760 op, 168148090.00 ns, 9.0026 ns/op
WorkloadWarmup  10: 18677760 op, 167421230.00 ns, 8.9637 ns/op
WorkloadWarmup  11: 18677760 op, 166850853.00 ns, 8.9331 ns/op
WorkloadWarmup  12: 18677760 op, 167392858.00 ns, 8.9621 ns/op
WorkloadWarmup  13: 18677760 op, 166818492.00 ns, 8.9314 ns/op
WorkloadWarmup  14: 18677760 op, 173852041.00 ns, 9.3080 ns/op
WorkloadWarmup  15: 18677760 op, 165615779.00 ns, 8.8670 ns/op
WorkloadWarmup  16: 18677760 op, 168642941.00 ns, 9.0291 ns/op

// BeforeActualRun
WorkloadActual   1: 18677760 op, 165337775.00 ns, 8.8521 ns/op
WorkloadActual   2: 18677760 op, 167103219.00 ns, 8.9466 ns/op
WorkloadActual   3: 18677760 op, 166798450.00 ns, 8.9303 ns/op
WorkloadActual   4: 18677760 op, 166199619.00 ns, 8.8983 ns/op
WorkloadActual   5: 18677760 op, 165863378.00 ns, 8.8803 ns/op
WorkloadActual   6: 18677760 op, 166604283.00 ns, 8.9199 ns/op
WorkloadActual   7: 18677760 op, 167847762.00 ns, 8.9865 ns/op
WorkloadActual   8: 18677760 op, 166564400.00 ns, 8.9178 ns/op
WorkloadActual   9: 18677760 op, 166434261.00 ns, 8.9108 ns/op
WorkloadActual  10: 18677760 op, 166253261.00 ns, 8.9011 ns/op
WorkloadActual  11: 18677760 op, 170741157.00 ns, 9.1414 ns/op
WorkloadActual  12: 18677760 op, 170804725.00 ns, 9.1448 ns/op

// AfterActualRun
WorkloadResult   1: 18677760 op, 165331497.00 ns, 8.8518 ns/op
WorkloadResult   2: 18677760 op, 167096941.00 ns, 8.9463 ns/op
WorkloadResult   3: 18677760 op, 166792172.00 ns, 8.9300 ns/op
WorkloadResult   4: 18677760 op, 166193341.00 ns, 8.8979 ns/op
WorkloadResult   5: 18677760 op, 165857100.00 ns, 8.8799 ns/op
WorkloadResult   6: 18677760 op, 166598005.00 ns, 8.9196 ns/op
WorkloadResult   7: 18677760 op, 167841484.00 ns, 8.9862 ns/op
WorkloadResult   8: 18677760 op, 166558122.00 ns, 8.9175 ns/op
WorkloadResult   9: 18677760 op, 166427983.00 ns, 8.9105 ns/op
WorkloadResult  10: 18677760 op, 166246983.00 ns, 8.9008 ns/op
// GC:  0 0 0 0 18677760
// Threading:  0 0 18677760

// AfterAll
// Benchmark Process 1505720 has exited with code 0.

Mean = 8.914 ns, StdErr = 0.012 ns (0.13%), N = 10, StdDev = 0.037 ns
Min = 8.852 ns, Q1 = 8.899 ns, Median = 8.914 ns, Q3 = 8.927 ns, Max = 8.986 ns
IQR = 0.029 ns, LowerFence = 8.856 ns, UpperFence = 8.971 ns
ConfidenceInterval = [8.859 ns; 8.969 ns] (CI 99.9%), Margin = 0.055 ns (0.62% of Mean)
Skewness = 0.26, Kurtosis = 2.5, MValue = 2

// ** Remained 36 (72.0%) benchmark(s) to run. Estimated finish 2026-09-12 13:51 (0h 3m from now) **
// **************************
// Benchmark: DataAuthoredQueryBenchmarks.FacadeNoDispatch: Jit(IterationCount=12, IterationTime=250ms, WarmupCount=16) [Shape=ThreeTracks, Pattern=Forward]
// *** Execute ***
// Launch: 1 / 1
// Execute: dotnet Alpha-Jit-1.dll --anonymousPipes 120 121 --benchmarkName "DataAuthoredQueryBenchmarks.FacadeNoDispatch(Shape: ThreeTracks, Pattern: Forward)" --job Jit --benchmarkId 14 in /home/i/GitHub/tl-56-feat-data-authored-api/benchmarks/Alpha/bin/Release/net10.0/Alpha-Jit-1/bin/Release/net10.0
// Failed to set up high priority (Permission denied). In order to run benchmarks with high priority, make sure you have the right permissions.
// BeforeAnythingElse

// Benchmark Process Environment Information:
// BenchmarkDotNet v0.15.8
// Runtime=.NET 10.0.12 (10.0.12, 10.0.1226.42308), X64 RyuJIT x86-64-v3
// GC=Concurrent Workstation
// HardwareIntrinsics=AVX2+BMI1+BMI2+F16C+FMA+LZCNT+MOVBE,AVX,SSE3+SSSE3+SSE4.1+SSE4.2+POPCNT,X86Base+SSE+SSE2,AES+PCLMUL,AvxVnni,SERIALIZE VectorSize=256
// Job: Jit(IterationCount=12, IterationTime=250ms, WarmupCount=16)

OverheadJitting  1: 4096 op, 100234.00 ns, 24.4712 ns/op
WorkloadJitting  1: 4096 op, 210400.00 ns, 51.3672 ns/op

OverheadJitting  2: 65536 op, 125197.00 ns, 1.9104 ns/op
WorkloadJitting  2: 65536 op, 1463612.00 ns, 22.3329 ns/op

WorkloadPilot    1: 65536 op, 1180540.00 ns, 18.0136 ns/op
WorkloadPilot    2: 13893632 op, 242823485.00 ns, 17.4773 ns/op
WorkloadPilot    3: 14352384 op, 250195954.00 ns, 17.4324 ns/op

OverheadWarmup   1: 14352384 op, 5422.00 ns, 0.0004 ns/op
OverheadWarmup   2: 14352384 op, 5252.00 ns, 0.0004 ns/op
OverheadWarmup   3: 14352384 op, 4933.00 ns, 0.0003 ns/op
OverheadWarmup   4: 14352384 op, 4924.00 ns, 0.0003 ns/op
OverheadWarmup   5: 14352384 op, 4947.00 ns, 0.0003 ns/op
OverheadWarmup   6: 14352384 op, 4960.00 ns, 0.0003 ns/op
OverheadWarmup   7: 14352384 op, 4975.00 ns, 0.0003 ns/op
OverheadWarmup   8: 14352384 op, 4930.00 ns, 0.0003 ns/op
OverheadWarmup   9: 14352384 op, 4944.00 ns, 0.0003 ns/op
OverheadWarmup  10: 14352384 op, 4973.00 ns, 0.0003 ns/op

OverheadActual   1: 14352384 op, 5140.00 ns, 0.0004 ns/op
OverheadActual   2: 14352384 op, 5076.00 ns, 0.0004 ns/op
OverheadActual   3: 14352384 op, 5016.00 ns, 0.0003 ns/op
OverheadActual   4: 14352384 op, 4974.00 ns, 0.0003 ns/op
OverheadActual   5: 14352384 op, 5013.00 ns, 0.0003 ns/op
OverheadActual   6: 14352384 op, 4837.00 ns, 0.0003 ns/op
OverheadActual   7: 14352384 op, 4821.00 ns, 0.0003 ns/op
OverheadActual   8: 14352384 op, 4818.00 ns, 0.0003 ns/op
OverheadActual   9: 14352384 op, 4838.00 ns, 0.0003 ns/op
OverheadActual  10: 14352384 op, 4829.00 ns, 0.0003 ns/op
OverheadActual  11: 14352384 op, 4813.00 ns, 0.0003 ns/op
OverheadActual  12: 14352384 op, 4829.00 ns, 0.0003 ns/op
OverheadActual  13: 14352384 op, 4838.00 ns, 0.0003 ns/op
OverheadActual  14: 14352384 op, 4842.00 ns, 0.0003 ns/op
OverheadActual  15: 14352384 op, 4842.00 ns, 0.0003 ns/op

WorkloadWarmup   1: 14352384 op, 249626627.00 ns, 17.3927 ns/op
WorkloadWarmup   2: 14352384 op, 249913798.00 ns, 17.4127 ns/op
WorkloadWarmup   3: 14352384 op, 255660936.00 ns, 17.8131 ns/op
WorkloadWarmup   4: 14352384 op, 250695187.00 ns, 17.4671 ns/op
WorkloadWarmup   5: 14352384 op, 248829072.00 ns, 17.3371 ns/op
WorkloadWarmup   6: 14352384 op, 226971985.00 ns, 15.8142 ns/op
WorkloadWarmup   7: 14352384 op, 170550209.00 ns, 11.8831 ns/op
WorkloadWarmup   8: 14352384 op, 176546707.00 ns, 12.3009 ns/op
WorkloadWarmup   9: 14352384 op, 170763956.00 ns, 11.8980 ns/op
WorkloadWarmup  10: 14352384 op, 170315092.00 ns, 11.8667 ns/op
WorkloadWarmup  11: 14352384 op, 171506181.00 ns, 11.9497 ns/op
WorkloadWarmup  12: 14352384 op, 178246856.00 ns, 12.4193 ns/op
WorkloadWarmup  13: 14352384 op, 172929488.00 ns, 12.0488 ns/op
WorkloadWarmup  14: 14352384 op, 172714343.00 ns, 12.0338 ns/op
WorkloadWarmup  15: 14352384 op, 170711521.00 ns, 11.8943 ns/op
WorkloadWarmup  16: 14352384 op, 170456572.00 ns, 11.8765 ns/op

// BeforeActualRun
WorkloadActual   1: 14352384 op, 169948374.00 ns, 11.8411 ns/op
WorkloadActual   2: 14352384 op, 170399319.00 ns, 11.8725 ns/op
WorkloadActual   3: 14352384 op, 170275267.00 ns, 11.8639 ns/op
WorkloadActual   4: 14352384 op, 170844588.00 ns, 11.9036 ns/op
WorkloadActual   5: 14352384 op, 170184720.00 ns, 11.8576 ns/op
WorkloadActual   6: 14352384 op, 169911042.00 ns, 11.8385 ns/op
WorkloadActual   7: 14352384 op, 170840258.00 ns, 11.9033 ns/op
WorkloadActual   8: 14352384 op, 169649178.00 ns, 11.8203 ns/op
WorkloadActual   9: 14352384 op, 170416123.00 ns, 11.8737 ns/op
WorkloadActual  10: 14352384 op, 191422199.00 ns, 13.3373 ns/op
WorkloadActual  11: 14352384 op, 171109999.00 ns, 11.9221 ns/op
WorkloadActual  12: 14352384 op, 170115153.00 ns, 11.8527 ns/op

// AfterActualRun
WorkloadResult   1: 14352384 op, 169943536.00 ns, 11.8408 ns/op
WorkloadResult   2: 14352384 op, 170394481.00 ns, 11.8722 ns/op
WorkloadResult   3: 14352384 op, 170270429.00 ns, 11.8636 ns/op
WorkloadResult   4: 14352384 op, 170839750.00 ns, 11.9032 ns/op
WorkloadResult   5: 14352384 op, 170179882.00 ns, 11.8573 ns/op
WorkloadResult   6: 14352384 op, 169906204.00 ns, 11.8382 ns/op
WorkloadResult   7: 14352384 op, 170835420.00 ns, 11.9029 ns/op
WorkloadResult   8: 14352384 op, 169644340.00 ns, 11.8199 ns/op
WorkloadResult   9: 14352384 op, 170411285.00 ns, 11.8734 ns/op
WorkloadResult  10: 14352384 op, 171105161.00 ns, 11.9217 ns/op
WorkloadResult  11: 14352384 op, 170110315.00 ns, 11.8524 ns/op
// GC:  0 0 0 0 14352384
// Threading:  0 0 14352384

// AfterAll
// Benchmark Process 1512547 has exited with code 0.

Mean = 11.868 ns, StdErr = 0.009 ns (0.08%), N = 11, StdDev = 0.031 ns
Min = 11.820 ns, Q1 = 11.847 ns, Median = 11.864 ns, Q3 = 11.888 ns, Max = 11.922 ns
IQR = 0.042 ns, LowerFence = 11.784 ns, UpperFence = 11.950 ns
ConfidenceInterval = [11.825 ns; 11.911 ns] (CI 99.9%), Margin = 0.043 ns (0.36% of Mean)
Skewness = 0.26, Kurtosis = 1.75, MValue = 2

// ** Remained 35 (70.0%) benchmark(s) to run. Estimated finish 2026-09-12 13:51 (0h 3m from now) **
// **************************
// Benchmark: DataAuthoredQueryBenchmarks.DirectShape: Jit(IterationCount=12, IterationTime=250ms, WarmupCount=16) [Shape=ThreeTracks, Pattern=Alternating]
// *** Execute ***
// Launch: 1 / 1
// Execute: dotnet Alpha-Jit-1.dll --anonymousPipes 120 121 --benchmarkName "DataAuthoredQueryBenchmarks.DirectShape(Shape: ThreeTracks, Pattern: Alternating)" --job Jit --benchmarkId 15 in /home/i/GitHub/tl-56-feat-data-authored-api/benchmarks/Alpha/bin/Release/net10.0/Alpha-Jit-1/bin/Release/net10.0
// Failed to set up high priority (Permission denied). In order to run benchmarks with high priority, make sure you have the right permissions.
// BeforeAnythingElse

// Benchmark Process Environment Information:
// BenchmarkDotNet v0.15.8
// Runtime=.NET 10.0.12 (10.0.12, 10.0.1226.42308), X64 RyuJIT x86-64-v3
// GC=Concurrent Workstation
// HardwareIntrinsics=AVX2+BMI1+BMI2+F16C+FMA+LZCNT+MOVBE,AVX,SSE3+SSSE3+SSE4.1+SSE4.2+POPCNT,X86Base+SSE+SSE2,AES+PCLMUL,AvxVnni,SERIALIZE VectorSize=256
// Job: Jit(IterationCount=12, IterationTime=250ms, WarmupCount=16)

OverheadJitting  1: 4096 op, 111498.00 ns, 27.2212 ns/op
WorkloadJitting  1: 4096 op, 1649018.00 ns, 402.5923 ns/op

OverheadJitting  2: 65536 op, 133929.00 ns, 2.0436 ns/op
WorkloadJitting  2: 65536 op, 469492.00 ns, 7.1639 ns/op

WorkloadPilot    1: 65536 op, 294857.00 ns, 4.4992 ns/op
WorkloadPilot    2: 55574528 op, 224271540.00 ns, 4.0355 ns/op
WorkloadPilot    3: 61997056 op, 248657520.00 ns, 4.0108 ns/op
WorkloadPilot    4: 62390272 op, 250446003.00 ns, 4.0142 ns/op
WorkloadPilot    5: 62324736 op, 251282049.00 ns, 4.0318 ns/op
WorkloadPilot    6: 62062592 op, 250620381.00 ns, 4.0382 ns/op

OverheadWarmup   1: 62062592 op, 21600.00 ns, 0.0003 ns/op
OverheadWarmup   2: 62062592 op, 21106.00 ns, 0.0003 ns/op
OverheadWarmup   3: 62062592 op, 20952.00 ns, 0.0003 ns/op
OverheadWarmup   4: 62062592 op, 22194.00 ns, 0.0004 ns/op
OverheadWarmup   5: 62062592 op, 20547.00 ns, 0.0003 ns/op
OverheadWarmup   6: 62062592 op, 20540.00 ns, 0.0003 ns/op
OverheadWarmup   7: 62062592 op, 20532.00 ns, 0.0003 ns/op
OverheadWarmup   8: 62062592 op, 20546.00 ns, 0.0003 ns/op
OverheadWarmup   9: 62062592 op, 20568.00 ns, 0.0003 ns/op
OverheadWarmup  10: 62062592 op, 20556.00 ns, 0.0003 ns/op

OverheadActual   1: 62062592 op, 21082.00 ns, 0.0003 ns/op
OverheadActual   2: 62062592 op, 21043.00 ns, 0.0003 ns/op
OverheadActual   3: 62062592 op, 20822.00 ns, 0.0003 ns/op
OverheadActual   4: 62062592 op, 20662.00 ns, 0.0003 ns/op
OverheadActual   5: 62062592 op, 20790.00 ns, 0.0003 ns/op
OverheadActual   6: 62062592 op, 20603.00 ns, 0.0003 ns/op
OverheadActual   7: 62062592 op, 20527.00 ns, 0.0003 ns/op
OverheadActual   8: 62062592 op, 20562.00 ns, 0.0003 ns/op
OverheadActual   9: 62062592 op, 20552.00 ns, 0.0003 ns/op
OverheadActual  10: 62062592 op, 20565.00 ns, 0.0003 ns/op
OverheadActual  11: 62062592 op, 20554.00 ns, 0.0003 ns/op
OverheadActual  12: 62062592 op, 20543.00 ns, 0.0003 ns/op
OverheadActual  13: 62062592 op, 20565.00 ns, 0.0003 ns/op
OverheadActual  14: 62062592 op, 20530.00 ns, 0.0003 ns/op
OverheadActual  15: 62062592 op, 20582.00 ns, 0.0003 ns/op

WorkloadWarmup   1: 62062592 op, 249403908.00 ns, 4.0186 ns/op
WorkloadWarmup   2: 62062592 op, 249289093.00 ns, 4.0167 ns/op
WorkloadWarmup   3: 62062592 op, 289842012.00 ns, 4.6702 ns/op
WorkloadWarmup   4: 62062592 op, 255579548.00 ns, 4.1181 ns/op
WorkloadWarmup   5: 62062592 op, 249843006.00 ns, 4.0257 ns/op
WorkloadWarmup   6: 62062592 op, 248942440.00 ns, 4.0112 ns/op
WorkloadWarmup   7: 62062592 op, 258912293.00 ns, 4.1718 ns/op
WorkloadWarmup   8: 62062592 op, 258309230.00 ns, 4.1621 ns/op
WorkloadWarmup   9: 62062592 op, 261463292.00 ns, 4.2129 ns/op
WorkloadWarmup  10: 62062592 op, 260133227.00 ns, 4.1915 ns/op
WorkloadWarmup  11: 62062592 op, 260741075.00 ns, 4.2013 ns/op
WorkloadWarmup  12: 62062592 op, 266308329.00 ns, 4.2910 ns/op
WorkloadWarmup  13: 62062592 op, 260724163.00 ns, 4.2010 ns/op
WorkloadWarmup  14: 62062592 op, 257724842.00 ns, 4.1527 ns/op
WorkloadWarmup  15: 62062592 op, 261657370.00 ns, 4.2160 ns/op
WorkloadWarmup  16: 62062592 op, 260708127.00 ns, 4.2007 ns/op

// BeforeActualRun
WorkloadActual   1: 62062592 op, 259277962.00 ns, 4.1777 ns/op
WorkloadActual   2: 62062592 op, 256430401.00 ns, 4.1318 ns/op
WorkloadActual   3: 62062592 op, 257374458.00 ns, 4.1470 ns/op
WorkloadActual   4: 62062592 op, 258087400.00 ns, 4.1585 ns/op
WorkloadActual   5: 62062592 op, 258847434.00 ns, 4.1707 ns/op
WorkloadActual   6: 62062592 op, 262008235.00 ns, 4.2217 ns/op
WorkloadActual   7: 62062592 op, 281216349.00 ns, 4.5312 ns/op
WorkloadActual   8: 62062592 op, 257989990.00 ns, 4.1569 ns/op
WorkloadActual   9: 62062592 op, 257631059.00 ns, 4.1511 ns/op
WorkloadActual  10: 62062592 op, 259349930.00 ns, 4.1788 ns/op
WorkloadActual  11: 62062592 op, 259067046.00 ns, 4.1743 ns/op
WorkloadActual  12: 62062592 op, 259031293.00 ns, 4.1737 ns/op

// AfterActualRun
WorkloadResult   1: 62062592 op, 259257397.00 ns, 4.1774 ns/op
WorkloadResult   2: 62062592 op, 256409836.00 ns, 4.1315 ns/op
WorkloadResult   3: 62062592 op, 257353893.00 ns, 4.1467 ns/op
WorkloadResult   4: 62062592 op, 258066835.00 ns, 4.1582 ns/op
WorkloadResult   5: 62062592 op, 258826869.00 ns, 4.1704 ns/op
WorkloadResult   6: 62062592 op, 257969425.00 ns, 4.1566 ns/op
WorkloadResult   7: 62062592 op, 257610494.00 ns, 4.1508 ns/op
WorkloadResult   8: 62062592 op, 259329365.00 ns, 4.1785 ns/op
WorkloadResult   9: 62062592 op, 259046481.00 ns, 4.1740 ns/op
WorkloadResult  10: 62062592 op, 259010728.00 ns, 4.1734 ns/op
// GC:  0 0 0 0 62062592
// Threading:  0 0 62062592

// AfterAll
// Benchmark Process 1518670 has exited with code 0.

Mean = 4.162 ns, StdErr = 0.005 ns (0.12%), N = 10, StdDev = 0.016 ns
Min = 4.131 ns, Q1 = 4.152 ns, Median = 4.164 ns, Q3 = 4.174 ns, Max = 4.179 ns
IQR = 0.022 ns, LowerFence = 4.120 ns, UpperFence = 4.206 ns
ConfidenceInterval = [4.138 ns; 4.185 ns] (CI 99.9%), Margin = 0.024 ns (0.57% of Mean)
Skewness = -0.53, Kurtosis = 1.85, MValue = 2

// ** Remained 34 (68.0%) benchmark(s) to run. Estimated finish 2026-09-12 13:51 (0h 3m from now) **
// **************************
// Benchmark: DataAuthoredQueryBenchmarks.GeneratedShape: Jit(IterationCount=12, IterationTime=250ms, WarmupCount=16) [Shape=ThreeTracks, Pattern=Alternating]
// *** Execute ***
// Launch: 1 / 1
// Execute: dotnet Alpha-Jit-1.dll --anonymousPipes 120 121 --benchmarkName "DataAuthoredQueryBenchmarks.GeneratedShape(Shape: ThreeTracks, Pattern: Alternating)" --job Jit --benchmarkId 16 in /home/i/GitHub/tl-56-feat-data-authored-api/benchmarks/Alpha/bin/Release/net10.0/Alpha-Jit-1/bin/Release/net10.0
// Failed to set up high priority (Permission denied). In order to run benchmarks with high priority, make sure you have the right permissions.
// BeforeAnythingElse

// Benchmark Process Environment Information:
// BenchmarkDotNet v0.15.8
// Runtime=.NET 10.0.12 (10.0.12, 10.0.1226.42308), X64 RyuJIT x86-64-v3
// GC=Concurrent Workstation
// HardwareIntrinsics=AVX2+BMI1+BMI2+F16C+FMA+LZCNT+MOVBE,AVX,SSE3+SSSE3+SSE4.1+SSE4.2+POPCNT,X86Base+SSE+SSE2,AES+PCLMUL,AvxVnni,SERIALIZE VectorSize=256
// Job: Jit(IterationCount=12, IterationTime=250ms, WarmupCount=16)

OverheadJitting  1: 4096 op, 100312.00 ns, 24.4902 ns/op
WorkloadJitting  1: 4096 op, 345587.00 ns, 84.3718 ns/op

OverheadJitting  2: 65536 op, 118635.00 ns, 1.8102 ns/op
WorkloadJitting  2: 65536 op, 2556125.00 ns, 39.0034 ns/op

WorkloadPilot    1: 65536 op, 1110117.00 ns, 16.9390 ns/op
WorkloadPilot    2: 14811136 op, 250308392.00 ns, 16.9000 ns/op

OverheadWarmup   1: 14811136 op, 5512.00 ns, 0.0004 ns/op
OverheadWarmup   2: 14811136 op, 5048.00 ns, 0.0003 ns/op
OverheadWarmup   3: 14811136 op, 5036.00 ns, 0.0003 ns/op
OverheadWarmup   4: 14811136 op, 5387.00 ns, 0.0004 ns/op
OverheadWarmup   5: 14811136 op, 5534.00 ns, 0.0004 ns/op
OverheadWarmup   6: 14811136 op, 5503.00 ns, 0.0004 ns/op
OverheadWarmup   7: 14811136 op, 5232.00 ns, 0.0004 ns/op
OverheadWarmup   8: 14811136 op, 5131.00 ns, 0.0003 ns/op
OverheadWarmup   9: 14811136 op, 5612.00 ns, 0.0004 ns/op
OverheadWarmup  10: 14811136 op, 5170.00 ns, 0.0003 ns/op

OverheadActual   1: 14811136 op, 5468.00 ns, 0.0004 ns/op
OverheadActual   2: 14811136 op, 6996.00 ns, 0.0005 ns/op
OverheadActual   3: 14811136 op, 5356.00 ns, 0.0004 ns/op
OverheadActual   4: 14811136 op, 5023.00 ns, 0.0003 ns/op
OverheadActual   5: 14811136 op, 5220.00 ns, 0.0004 ns/op
OverheadActual   6: 14811136 op, 4987.00 ns, 0.0003 ns/op
OverheadActual   7: 14811136 op, 4943.00 ns, 0.0003 ns/op
OverheadActual   8: 14811136 op, 4958.00 ns, 0.0003 ns/op
OverheadActual   9: 14811136 op, 4926.00 ns, 0.0003 ns/op
OverheadActual  10: 14811136 op, 4962.00 ns, 0.0003 ns/op
OverheadActual  11: 14811136 op, 4933.00 ns, 0.0003 ns/op
OverheadActual  12: 14811136 op, 4919.00 ns, 0.0003 ns/op
OverheadActual  13: 14811136 op, 4948.00 ns, 0.0003 ns/op
OverheadActual  14: 14811136 op, 4970.00 ns, 0.0003 ns/op
OverheadActual  15: 14811136 op, 4940.00 ns, 0.0003 ns/op

WorkloadWarmup   1: 14811136 op, 247598283.00 ns, 16.7170 ns/op
WorkloadWarmup   2: 14811136 op, 251886342.00 ns, 17.0066 ns/op
WorkloadWarmup   3: 14811136 op, 247152683.00 ns, 16.6869 ns/op
WorkloadWarmup   4: 14811136 op, 248870271.00 ns, 16.8029 ns/op
WorkloadWarmup   5: 14811136 op, 248751041.00 ns, 16.7949 ns/op
WorkloadWarmup   6: 14811136 op, 247525174.00 ns, 16.7121 ns/op
WorkloadWarmup   7: 14811136 op, 204490020.00 ns, 13.8065 ns/op
WorkloadWarmup   8: 14811136 op, 60120046.00 ns, 4.0591 ns/op
WorkloadWarmup   9: 14811136 op, 62063696.00 ns, 4.1903 ns/op
WorkloadWarmup  10: 14811136 op, 61287425.00 ns, 4.1379 ns/op
WorkloadWarmup  11: 14811136 op, 62060364.00 ns, 4.1901 ns/op
WorkloadWarmup  12: 14811136 op, 62074735.00 ns, 4.1911 ns/op
WorkloadWarmup  13: 14811136 op, 61186133.00 ns, 4.1311 ns/op
WorkloadWarmup  14: 14811136 op, 60408696.00 ns, 4.0786 ns/op
WorkloadWarmup  15: 14811136 op, 63446944.00 ns, 4.2837 ns/op
WorkloadWarmup  16: 14811136 op, 60610378.00 ns, 4.0922 ns/op

// BeforeActualRun
WorkloadActual   1: 14811136 op, 60800004.00 ns, 4.1050 ns/op
WorkloadActual   2: 14811136 op, 60821983.00 ns, 4.1065 ns/op
WorkloadActual   3: 14811136 op, 60235332.00 ns, 4.0669 ns/op
WorkloadActual   4: 14811136 op, 60798503.00 ns, 4.1049 ns/op
WorkloadActual   5: 14811136 op, 59949385.00 ns, 4.0476 ns/op
WorkloadActual   6: 14811136 op, 61169219.00 ns, 4.1299 ns/op
WorkloadActual   7: 14811136 op, 64012166.00 ns, 4.3219 ns/op
WorkloadActual   8: 14811136 op, 64751180.00 ns, 4.3718 ns/op
WorkloadActual   9: 14811136 op, 60707566.00 ns, 4.0988 ns/op
WorkloadActual  10: 14811136 op, 58966577.00 ns, 3.9812 ns/op
WorkloadActual  11: 14811136 op, 61079142.00 ns, 4.1239 ns/op
WorkloadActual  12: 14811136 op, 60976054.00 ns, 4.1169 ns/op

// AfterActualRun
WorkloadResult   1: 14811136 op, 60795042.00 ns, 4.1047 ns/op
WorkloadResult   2: 14811136 op, 60817021.00 ns, 4.1062 ns/op
WorkloadResult   3: 14811136 op, 60230370.00 ns, 4.0666 ns/op
WorkloadResult   4: 14811136 op, 60793541.00 ns, 4.1046 ns/op
WorkloadResult   5: 14811136 op, 59944423.00 ns, 4.0473 ns/op
WorkloadResult   6: 14811136 op, 61164257.00 ns, 4.1296 ns/op
WorkloadResult   7: 14811136 op, 60702604.00 ns, 4.0984 ns/op
WorkloadResult   8: 14811136 op, 58961615.00 ns, 3.9809 ns/op
WorkloadResult   9: 14811136 op, 61074180.00 ns, 4.1235 ns/op
WorkloadResult  10: 14811136 op, 60971092.00 ns, 4.1166 ns/op
// GC:  0 0 0 0 14811136
// Threading:  0 0 14811136

// AfterAll
// Benchmark Process 1527968 has exited with code 0.

Mean = 4.088 ns, StdErr = 0.014 ns (0.35%), N = 10, StdDev = 0.045 ns
Min = 3.981 ns, Q1 = 4.075 ns, Median = 4.105 ns, Q3 = 4.114 ns, Max = 4.130 ns
IQR = 0.039 ns, LowerFence = 4.015 ns, UpperFence = 4.173 ns
ConfidenceInterval = [4.019 ns; 4.156 ns] (CI 99.9%), Margin = 0.068 ns (1.67% of Mean)
Skewness = -1.23, Kurtosis = 3.34, MValue = 2

// ** Remained 33 (66.0%) benchmark(s) to run. Estimated finish 2026-09-12 13:51 (0h 3m from now) **
// **************************
// Benchmark: DataAuthoredQueryBenchmarks.DataAuthoredFacade: Jit(IterationCount=12, IterationTime=250ms, WarmupCount=16) [Shape=ThreeTracks, Pattern=Alternating]
// *** Execute ***
// Launch: 1 / 1
// Execute: dotnet Alpha-Jit-1.dll --anonymousPipes 120 121 --benchmarkName "DataAuthoredQueryBenchmarks.DataAuthoredFacade(Shape: ThreeTracks, Pattern: Alternating)" --job Jit --benchmarkId 17 in /home/i/GitHub/tl-56-feat-data-authored-api/benchmarks/Alpha/bin/Release/net10.0/Alpha-Jit-1/bin/Release/net10.0
// Failed to set up high priority (Permission denied). In order to run benchmarks with high priority, make sure you have the right permissions.
// BeforeAnythingElse

// Benchmark Process Environment Information:
// BenchmarkDotNet v0.15.8
// Runtime=.NET 10.0.12 (10.0.12, 10.0.1226.42308), X64 RyuJIT x86-64-v3
// GC=Concurrent Workstation
// HardwareIntrinsics=AVX2+BMI1+BMI2+F16C+FMA+LZCNT+MOVBE,AVX,SSE3+SSSE3+SSE4.1+SSE4.2+POPCNT,X86Base+SSE+SSE2,AES+PCLMUL,AvxVnni,SERIALIZE VectorSize=256
// Job: Jit(IterationCount=12, IterationTime=250ms, WarmupCount=16)

OverheadJitting  1: 4096 op, 110596.00 ns, 27.0010 ns/op
WorkloadJitting  1: 4096 op, 417629.00 ns, 101.9602 ns/op

OverheadJitting  2: 65536 op, 124785.00 ns, 1.9041 ns/op
WorkloadJitting  2: 65536 op, 5039494.00 ns, 76.8966 ns/op

WorkloadPilot    1: 65536 op, 3863074.00 ns, 58.9458 ns/op
WorkloadPilot    2: 4259840 op, 249584420.00 ns, 58.5901 ns/op
WorkloadPilot    3: 4325376 op, 254356722.00 ns, 58.8057 ns/op
WorkloadPilot    4: 4259840 op, 251777936.00 ns, 59.1050 ns/op

OverheadWarmup   1: 4259840 op, 2228.00 ns, 0.0005 ns/op
OverheadWarmup   2: 4259840 op, 2130.00 ns, 0.0005 ns/op
OverheadWarmup   3: 4259840 op, 1462.00 ns, 0.0003 ns/op
OverheadWarmup   4: 4259840 op, 2211.00 ns, 0.0005 ns/op
OverheadWarmup   5: 4259840 op, 1460.00 ns, 0.0003 ns/op
OverheadWarmup   6: 4259840 op, 1454.00 ns, 0.0003 ns/op
OverheadWarmup   7: 4259840 op, 1495.00 ns, 0.0004 ns/op
OverheadWarmup   8: 4259840 op, 1500.00 ns, 0.0004 ns/op
OverheadWarmup   9: 4259840 op, 1558.00 ns, 0.0004 ns/op
OverheadWarmup  10: 4259840 op, 1472.00 ns, 0.0003 ns/op

OverheadActual   1: 4259840 op, 1687.00 ns, 0.0004 ns/op
OverheadActual   2: 4259840 op, 1688.00 ns, 0.0004 ns/op
OverheadActual   3: 4259840 op, 1698.00 ns, 0.0004 ns/op
OverheadActual   4: 4259840 op, 1511.00 ns, 0.0004 ns/op
OverheadActual   5: 4259840 op, 1675.00 ns, 0.0004 ns/op
OverheadActual   6: 4259840 op, 1470.00 ns, 0.0003 ns/op
OverheadActual   7: 4259840 op, 1457.00 ns, 0.0003 ns/op
OverheadActual   8: 4259840 op, 1439.00 ns, 0.0003 ns/op
OverheadActual   9: 4259840 op, 1442.00 ns, 0.0003 ns/op
OverheadActual  10: 4259840 op, 1454.00 ns, 0.0003 ns/op
OverheadActual  11: 4259840 op, 1452.00 ns, 0.0003 ns/op
OverheadActual  12: 4259840 op, 1444.00 ns, 0.0003 ns/op
OverheadActual  13: 4259840 op, 1459.00 ns, 0.0003 ns/op
OverheadActual  14: 4259840 op, 1442.00 ns, 0.0003 ns/op
OverheadActual  15: 4259840 op, 1436.00 ns, 0.0003 ns/op
OverheadActual  16: 4259840 op, 1428.00 ns, 0.0003 ns/op
OverheadActual  17: 4259840 op, 1441.00 ns, 0.0003 ns/op

WorkloadWarmup   1: 4259840 op, 252441523.00 ns, 59.2608 ns/op
WorkloadWarmup   2: 4259840 op, 249439237.00 ns, 58.5560 ns/op
WorkloadWarmup   3: 4259840 op, 246191001.00 ns, 57.7935 ns/op
WorkloadWarmup   4: 4259840 op, 250254240.00 ns, 58.7473 ns/op
WorkloadWarmup   5: 4259840 op, 197712137.00 ns, 46.4130 ns/op
WorkloadWarmup   6: 4259840 op, 84565148.00 ns, 19.8517 ns/op
WorkloadWarmup   7: 4259840 op, 85436000.00 ns, 20.0562 ns/op
WorkloadWarmup   8: 4259840 op, 84604142.00 ns, 19.8609 ns/op
WorkloadWarmup   9: 4259840 op, 85528804.00 ns, 20.0779 ns/op
WorkloadWarmup  10: 4259840 op, 85360284.00 ns, 20.0384 ns/op
WorkloadWarmup  11: 4259840 op, 85382525.00 ns, 20.0436 ns/op
WorkloadWarmup  12: 4259840 op, 86132118.00 ns, 20.2196 ns/op
WorkloadWarmup  13: 4259840 op, 87014285.00 ns, 20.4267 ns/op
WorkloadWarmup  14: 4259840 op, 90642964.00 ns, 21.2785 ns/op
WorkloadWarmup  15: 4259840 op, 84793655.00 ns, 19.9054 ns/op
WorkloadWarmup  16: 4259840 op, 85733043.00 ns, 20.1259 ns/op

// BeforeActualRun
WorkloadActual   1: 4259840 op, 85371818.00 ns, 20.0411 ns/op
WorkloadActual   2: 4259840 op, 84569618.00 ns, 19.8528 ns/op
WorkloadActual   3: 4259840 op, 85738595.00 ns, 20.1272 ns/op
WorkloadActual   4: 4259840 op, 85271568.00 ns, 20.0176 ns/op
WorkloadActual   5: 4259840 op, 84627980.00 ns, 19.8665 ns/op
WorkloadActual   6: 4259840 op, 87592051.00 ns, 20.5623 ns/op
WorkloadActual   7: 4259840 op, 84784797.00 ns, 19.9033 ns/op
WorkloadActual   8: 4259840 op, 90292381.00 ns, 21.1962 ns/op
WorkloadActual   9: 4259840 op, 85985636.00 ns, 20.1852 ns/op
WorkloadActual  10: 4259840 op, 86263488.00 ns, 20.2504 ns/op
WorkloadActual  11: 4259840 op, 84896391.00 ns, 19.9295 ns/op
WorkloadActual  12: 4259840 op, 88077647.00 ns, 20.6763 ns/op

// AfterActualRun
WorkloadResult   1: 4259840 op, 85370364.00 ns, 20.0407 ns/op
WorkloadResult   2: 4259840 op, 84568164.00 ns, 19.8524 ns/op
WorkloadResult   3: 4259840 op, 85737141.00 ns, 20.1268 ns/op
WorkloadResult   4: 4259840 op, 85270114.00 ns, 20.0172 ns/op
WorkloadResult   5: 4259840 op, 84626526.00 ns, 19.8661 ns/op
WorkloadResult   6: 4259840 op, 87590597.00 ns, 20.5619 ns/op
WorkloadResult   7: 4259840 op, 84783343.00 ns, 19.9029 ns/op
WorkloadResult   8: 4259840 op, 85984182.00 ns, 20.1848 ns/op
WorkloadResult   9: 4259840 op, 86262034.00 ns, 20.2501 ns/op
WorkloadResult  10: 4259840 op, 84894937.00 ns, 19.9291 ns/op
WorkloadResult  11: 4259840 op, 88076193.00 ns, 20.6759 ns/op
// GC:  0 0 0 0 4259840
// Threading:  0 0 4259840

// AfterAll
// Benchmark Process 1531392 has exited with code 0.

Mean = 20.128 ns, StdErr = 0.083 ns (0.41%), N = 11, StdDev = 0.276 ns
Min = 19.852 ns, Q1 = 19.916 ns, Median = 20.041 ns, Q3 = 20.217 ns, Max = 20.676 ns
IQR = 0.301 ns, LowerFence = 19.464 ns, UpperFence = 20.670 ns
ConfidenceInterval = [19.746 ns; 20.510 ns] (CI 99.9%), Margin = 0.382 ns (1.90% of Mean)
Skewness = 0.81, Kurtosis = 2.21, MValue = 2

// ** Remained 32 (64.0%) benchmark(s) to run. Estimated finish 2026-09-12 13:51 (0h 2m from now) **
// **************************
// Benchmark: DataAuthoredQueryBenchmarks.FacadeSelectOnly: Jit(IterationCount=12, IterationTime=250ms, WarmupCount=16) [Shape=ThreeTracks, Pattern=Alternating]
// *** Execute ***
// Launch: 1 / 1
// Execute: dotnet Alpha-Jit-1.dll --anonymousPipes 120 121 --benchmarkName "DataAuthoredQueryBenchmarks.FacadeSelectOnly(Shape: ThreeTracks, Pattern: Alternating)" --job Jit --benchmarkId 18 in /home/i/GitHub/tl-56-feat-data-authored-api/benchmarks/Alpha/bin/Release/net10.0/Alpha-Jit-1/bin/Release/net10.0
// Failed to set up high priority (Permission denied). In order to run benchmarks with high priority, make sure you have the right permissions.
// BeforeAnythingElse

// Benchmark Process Environment Information:
// BenchmarkDotNet v0.15.8
// Runtime=.NET 10.0.12 (10.0.12, 10.0.1226.42308), X64 RyuJIT x86-64-v3
// GC=Concurrent Workstation
// HardwareIntrinsics=AVX2+BMI1+BMI2+F16C+FMA+LZCNT+MOVBE,AVX,SSE3+SSSE3+SSE4.1+SSE4.2+POPCNT,X86Base+SSE+SSE2,AES+PCLMUL,AvxVnni,SERIALIZE VectorSize=256
// Job: Jit(IterationCount=12, IterationTime=250ms, WarmupCount=16)

OverheadJitting  1: 4096 op, 104171.00 ns, 25.4324 ns/op
WorkloadJitting  1: 4096 op, 200090.00 ns, 48.8501 ns/op

OverheadJitting  2: 65536 op, 124836.00 ns, 1.9048 ns/op
WorkloadJitting  2: 65536 op, 1189791.00 ns, 18.1548 ns/op

WorkloadPilot    1: 65536 op, 977391.00 ns, 14.9138 ns/op
WorkloadPilot    2: 16777216 op, 238129281.00 ns, 14.1936 ns/op
WorkloadPilot    3: 17629184 op, 251366693.00 ns, 14.2586 ns/op
WorkloadPilot    4: 17563648 op, 252905068.00 ns, 14.3993 ns/op
WorkloadPilot    5: 17367040 op, 248203161.00 ns, 14.2916 ns/op
WorkloadPilot    6: 17498112 op, 249356039.00 ns, 14.2505 ns/op
WorkloadPilot    7: 17563648 op, 249486424.00 ns, 14.2047 ns/op
WorkloadPilot    8: 17629184 op, 252515443.00 ns, 14.3237 ns/op

OverheadWarmup   1: 17629184 op, 6658.00 ns, 0.0004 ns/op
OverheadWarmup   2: 17629184 op, 6212.00 ns, 0.0004 ns/op
OverheadWarmup   3: 17629184 op, 6073.00 ns, 0.0003 ns/op
OverheadWarmup   4: 17629184 op, 24162.00 ns, 0.0014 ns/op
OverheadWarmup   5: 17629184 op, 6081.00 ns, 0.0003 ns/op
OverheadWarmup   6: 17629184 op, 6073.00 ns, 0.0003 ns/op
OverheadWarmup   7: 17629184 op, 6094.00 ns, 0.0003 ns/op
OverheadWarmup   8: 17629184 op, 6089.00 ns, 0.0003 ns/op

OverheadActual   1: 17629184 op, 6656.00 ns, 0.0004 ns/op
OverheadActual   2: 17629184 op, 6222.00 ns, 0.0004 ns/op
OverheadActual   3: 17629184 op, 6107.00 ns, 0.0003 ns/op
OverheadActual   4: 17629184 op, 5950.00 ns, 0.0003 ns/op
OverheadActual   5: 17629184 op, 6110.00 ns, 0.0003 ns/op
OverheadActual   6: 17629184 op, 5945.00 ns, 0.0003 ns/op
OverheadActual   7: 17629184 op, 5851.00 ns, 0.0003 ns/op
OverheadActual   8: 17629184 op, 5851.00 ns, 0.0003 ns/op
OverheadActual   9: 17629184 op, 5851.00 ns, 0.0003 ns/op
OverheadActual  10: 17629184 op, 5852.00 ns, 0.0003 ns/op
OverheadActual  11: 17629184 op, 5886.00 ns, 0.0003 ns/op
OverheadActual  12: 17629184 op, 5894.00 ns, 0.0003 ns/op
OverheadActual  13: 17629184 op, 5919.00 ns, 0.0003 ns/op
OverheadActual  14: 17629184 op, 5954.00 ns, 0.0003 ns/op
OverheadActual  15: 17629184 op, 5976.00 ns, 0.0003 ns/op

WorkloadWarmup   1: 17629184 op, 254746221.00 ns, 14.4503 ns/op
WorkloadWarmup   2: 17629184 op, 253483595.00 ns, 14.3786 ns/op
WorkloadWarmup   3: 17629184 op, 252436923.00 ns, 14.3193 ns/op
WorkloadWarmup   4: 17629184 op, 250559071.00 ns, 14.2127 ns/op
WorkloadWarmup   5: 17629184 op, 229550824.00 ns, 13.0211 ns/op
WorkloadWarmup   6: 17629184 op, 175478099.00 ns, 9.9538 ns/op
WorkloadWarmup   7: 17629184 op, 173603662.00 ns, 9.8475 ns/op
WorkloadWarmup   8: 17629184 op, 174752239.00 ns, 9.9127 ns/op
WorkloadWarmup   9: 17629184 op, 175568717.00 ns, 9.9590 ns/op
WorkloadWarmup  10: 17629184 op, 175889683.00 ns, 9.9772 ns/op
WorkloadWarmup  11: 17629184 op, 180806052.00 ns, 10.2561 ns/op
WorkloadWarmup  12: 17629184 op, 171287080.00 ns, 9.7161 ns/op
WorkloadWarmup  13: 17629184 op, 177223211.00 ns, 10.0528 ns/op
WorkloadWarmup  14: 17629184 op, 173693585.00 ns, 9.8526 ns/op
WorkloadWarmup  15: 17629184 op, 175842524.00 ns, 9.9745 ns/op
WorkloadWarmup  16: 17629184 op, 176179229.00 ns, 9.9936 ns/op

// BeforeActualRun
WorkloadActual   1: 17629184 op, 174639602.00 ns, 9.9063 ns/op
WorkloadActual   2: 17629184 op, 172447441.00 ns, 9.7819 ns/op
WorkloadActual   3: 17629184 op, 173218197.00 ns, 9.8257 ns/op
WorkloadActual   4: 17629184 op, 170064343.00 ns, 9.6468 ns/op
WorkloadActual   5: 17629184 op, 173585723.00 ns, 9.8465 ns/op
WorkloadActual   6: 17629184 op, 172342795.00 ns, 9.7760 ns/op
WorkloadActual   7: 17629184 op, 174015234.00 ns, 9.8709 ns/op
WorkloadActual   8: 17629184 op, 174712754.00 ns, 9.9104 ns/op
WorkloadActual   9: 17629184 op, 195657646.00 ns, 11.0985 ns/op
WorkloadActual  10: 17629184 op, 173678002.00 ns, 9.8517 ns/op
WorkloadActual  11: 17629184 op, 173421370.00 ns, 9.8372 ns/op
WorkloadActual  12: 17629184 op, 174199089.00 ns, 9.8813 ns/op

// AfterActualRun
WorkloadResult   1: 17629184 op, 174633657.00 ns, 9.9059 ns/op
WorkloadResult   2: 17629184 op, 172441496.00 ns, 9.7816 ns/op
WorkloadResult   3: 17629184 op, 173212252.00 ns, 9.8253 ns/op
WorkloadResult   4: 17629184 op, 170058398.00 ns, 9.6464 ns/op
WorkloadResult   5: 17629184 op, 173579778.00 ns, 9.8462 ns/op
WorkloadResult   6: 17629184 op, 172336850.00 ns, 9.7757 ns/op
WorkloadResult   7: 17629184 op, 174009289.00 ns, 9.8705 ns/op
WorkloadResult   8: 17629184 op, 174706809.00 ns, 9.9101 ns/op
WorkloadResult   9: 17629184 op, 173672057.00 ns, 9.8514 ns/op
WorkloadResult  10: 17629184 op, 173415425.00 ns, 9.8368 ns/op
WorkloadResult  11: 17629184 op, 174193144.00 ns, 9.8810 ns/op
// GC:  0 0 0 0 17629184
// Threading:  0 0 17629184

// AfterAll
// Benchmark Process 1535681 has exited with code 0.

Mean = 9.830 ns, StdErr = 0.023 ns (0.23%), N = 11, StdDev = 0.075 ns
Min = 9.646 ns, Q1 = 9.803 ns, Median = 9.846 ns, Q3 = 9.876 ns, Max = 9.910 ns
IQR = 0.072 ns, LowerFence = 9.695 ns, UpperFence = 9.984 ns
ConfidenceInterval = [9.726 ns; 9.934 ns] (CI 99.9%), Margin = 0.104 ns (1.05% of Mean)
Skewness = -1.15, Kurtosis = 3.56, MValue = 2

// ** Remained 31 (62.0%) benchmark(s) to run. Estimated finish 2026-09-12 13:51 (0h 2m from now) **
// **************************
// Benchmark: DataAuthoredQueryBenchmarks.FacadeNoDispatch: Jit(IterationCount=12, IterationTime=250ms, WarmupCount=16) [Shape=ThreeTracks, Pattern=Alternating]
// *** Execute ***
// Launch: 1 / 1
// Execute: dotnet Alpha-Jit-1.dll --anonymousPipes 120 121 --benchmarkName "DataAuthoredQueryBenchmarks.FacadeNoDispatch(Shape: ThreeTracks, Pattern: Alternating)" --job Jit --benchmarkId 19 in /home/i/GitHub/tl-56-feat-data-authored-api/benchmarks/Alpha/bin/Release/net10.0/Alpha-Jit-1/bin/Release/net10.0
// Failed to set up high priority (Permission denied). In order to run benchmarks with high priority, make sure you have the right permissions.
// BeforeAnythingElse

// Benchmark Process Environment Information:
// BenchmarkDotNet v0.15.8
// Runtime=.NET 10.0.12 (10.0.12, 10.0.1226.42308), X64 RyuJIT x86-64-v3
// GC=Concurrent Workstation
// HardwareIntrinsics=AVX2+BMI1+BMI2+F16C+FMA+LZCNT+MOVBE,AVX,SSE3+SSSE3+SSE4.1+SSE4.2+POPCNT,X86Base+SSE+SSE2,AES+PCLMUL,AvxVnni,SERIALIZE VectorSize=256
// Job: Jit(IterationCount=12, IterationTime=250ms, WarmupCount=16)

OverheadJitting  1: 4096 op, 106809.00 ns, 26.0764 ns/op
WorkloadJitting  1: 4096 op, 209695.00 ns, 51.1951 ns/op

OverheadJitting  2: 65536 op, 119660.00 ns, 1.8259 ns/op
WorkloadJitting  2: 65536 op, 1414066.00 ns, 21.5769 ns/op

WorkloadPilot    1: 65536 op, 1189861.00 ns, 18.1558 ns/op
WorkloadPilot    2: 13828096 op, 244321707.00 ns, 17.6685 ns/op
WorkloadPilot    3: 14155776 op, 248180893.00 ns, 17.5321 ns/op
WorkloadPilot    4: 14286848 op, 253065709.00 ns, 17.7132 ns/op
WorkloadPilot    5: 14155776 op, 251624408.00 ns, 17.7754 ns/op
WorkloadPilot    6: 14090240 op, 249493958.00 ns, 17.7069 ns/op
WorkloadPilot    7: 14155776 op, 250647225.00 ns, 17.7064 ns/op

OverheadWarmup   1: 14155776 op, 5410.00 ns, 0.0004 ns/op
OverheadWarmup   2: 14155776 op, 4888.00 ns, 0.0003 ns/op
OverheadWarmup   3: 14155776 op, 4827.00 ns, 0.0003 ns/op
OverheadWarmup   4: 14155776 op, 9107.00 ns, 0.0006 ns/op
OverheadWarmup   5: 14155776 op, 4796.00 ns, 0.0003 ns/op
OverheadWarmup   6: 14155776 op, 4801.00 ns, 0.0003 ns/op
OverheadWarmup   7: 14155776 op, 4810.00 ns, 0.0003 ns/op
OverheadWarmup   8: 14155776 op, 4802.00 ns, 0.0003 ns/op

OverheadActual   1: 14155776 op, 5612.00 ns, 0.0004 ns/op
OverheadActual   2: 14155776 op, 5414.00 ns, 0.0004 ns/op
OverheadActual   3: 14155776 op, 6150.00 ns, 0.0004 ns/op
OverheadActual   4: 14155776 op, 5057.00 ns, 0.0004 ns/op
OverheadActual   5: 14155776 op, 5039.00 ns, 0.0004 ns/op
OverheadActual   6: 14155776 op, 4741.00 ns, 0.0003 ns/op
OverheadActual   7: 14155776 op, 4713.00 ns, 0.0003 ns/op
OverheadActual   8: 14155776 op, 4709.00 ns, 0.0003 ns/op
OverheadActual   9: 14155776 op, 4704.00 ns, 0.0003 ns/op
OverheadActual  10: 14155776 op, 4717.00 ns, 0.0003 ns/op
OverheadActual  11: 14155776 op, 4752.00 ns, 0.0003 ns/op
OverheadActual  12: 14155776 op, 4740.00 ns, 0.0003 ns/op
OverheadActual  13: 14155776 op, 4740.00 ns, 0.0003 ns/op
OverheadActual  14: 14155776 op, 4701.00 ns, 0.0003 ns/op
OverheadActual  15: 14155776 op, 4756.00 ns, 0.0003 ns/op
OverheadActual  16: 14155776 op, 4750.00 ns, 0.0003 ns/op

WorkloadWarmup   1: 14155776 op, 247770556.00 ns, 17.5031 ns/op
WorkloadWarmup   2: 14155776 op, 247632213.00 ns, 17.4934 ns/op
WorkloadWarmup   3: 14155776 op, 247465991.00 ns, 17.4816 ns/op
WorkloadWarmup   4: 14155776 op, 250739944.00 ns, 17.7129 ns/op
WorkloadWarmup   5: 14155776 op, 249655858.00 ns, 17.6363 ns/op
WorkloadWarmup   6: 14155776 op, 231583383.00 ns, 16.3596 ns/op
WorkloadWarmup   7: 14155776 op, 179587394.00 ns, 12.6865 ns/op
WorkloadWarmup   8: 14155776 op, 183476180.00 ns, 12.9612 ns/op
WorkloadWarmup   9: 14155776 op, 183078466.00 ns, 12.9331 ns/op
WorkloadWarmup  10: 14155776 op, 182816000.00 ns, 12.9146 ns/op
WorkloadWarmup  11: 14155776 op, 179859042.00 ns, 12.7057 ns/op
WorkloadWarmup  12: 14155776 op, 189114013.00 ns, 13.3595 ns/op
WorkloadWarmup  13: 14155776 op, 184962839.00 ns, 13.0662 ns/op
WorkloadWarmup  14: 14155776 op, 185865205.00 ns, 13.1300 ns/op
WorkloadWarmup  15: 14155776 op, 182820890.00 ns, 12.9149 ns/op
WorkloadWarmup  16: 14155776 op, 183447164.00 ns, 12.9592 ns/op

// BeforeActualRun
WorkloadActual   1: 14155776 op, 182694194.00 ns, 12.9060 ns/op
WorkloadActual   2: 14155776 op, 182585145.00 ns, 12.8983 ns/op
WorkloadActual   3: 14155776 op, 183449856.00 ns, 12.9594 ns/op
WorkloadActual   4: 14155776 op, 184595003.00 ns, 13.0403 ns/op
WorkloadActual   5: 14155776 op, 183477944.00 ns, 12.9613 ns/op
WorkloadActual   6: 14155776 op, 183748430.00 ns, 12.9805 ns/op
WorkloadActual   7: 14155776 op, 182191437.00 ns, 12.8705 ns/op
WorkloadActual   8: 14155776 op, 183745776.00 ns, 12.9803 ns/op
WorkloadActual   9: 14155776 op, 193537504.00 ns, 13.6720 ns/op
WorkloadActual  10: 14155776 op, 195927771.00 ns, 13.8408 ns/op
WorkloadActual  11: 14155776 op, 184031593.00 ns, 13.0005 ns/op
WorkloadActual  12: 14155776 op, 182216505.00 ns, 12.8722 ns/op

// AfterActualRun
WorkloadResult   1: 14155776 op, 182689448.50 ns, 12.9056 ns/op
WorkloadResult   2: 14155776 op, 182580399.50 ns, 12.8979 ns/op
WorkloadResult   3: 14155776 op, 183445110.50 ns, 12.9590 ns/op
WorkloadResult   4: 14155776 op, 184590257.50 ns, 13.0399 ns/op
WorkloadResult   5: 14155776 op, 183473198.50 ns, 12.9610 ns/op
WorkloadResult   6: 14155776 op, 183743684.50 ns, 12.9801 ns/op
WorkloadResult   7: 14155776 op, 182186691.50 ns, 12.8701 ns/op
WorkloadResult   8: 14155776 op, 183741030.50 ns, 12.9799 ns/op
WorkloadResult   9: 14155776 op, 184026847.50 ns, 13.0001 ns/op
WorkloadResult  10: 14155776 op, 182211759.50 ns, 12.8719 ns/op
// GC:  0 0 0 0 14155776
// Threading:  0 0 14155776

// AfterAll
// Benchmark Process 1543238 has exited with code 0.

Mean = 12.947 ns, StdErr = 0.018 ns (0.14%), N = 10, StdDev = 0.057 ns
Min = 12.870 ns, Q1 = 12.900 ns, Median = 12.960 ns, Q3 = 12.980 ns, Max = 13.040 ns
IQR = 0.080 ns, LowerFence = 12.780 ns, UpperFence = 13.100 ns
ConfidenceInterval = [12.860 ns; 13.033 ns] (CI 99.9%), Margin = 0.087 ns (0.67% of Mean)
Skewness = -0, Kurtosis = 1.48, MValue = 2

// ** Remained 30 (60.0%) benchmark(s) to run. Estimated finish 2026-09-12 13:51 (0h 2m from now) **
// **************************
// Benchmark: DataAuthoredQueryBenchmarks.DirectShape: Jit(IterationCount=12, IterationTime=250ms, WarmupCount=16) [Shape=SixteenTracks, Pattern=Forward]
// *** Execute ***
// Launch: 1 / 1
// Execute: dotnet Alpha-Jit-1.dll --anonymousPipes 120 121 --benchmarkName "DataAuthoredQueryBenchmarks.DirectShape(Shape: SixteenTracks, Pattern: Forward)" --job Jit --benchmarkId 20 in /home/i/GitHub/tl-56-feat-data-authored-api/benchmarks/Alpha/bin/Release/net10.0/Alpha-Jit-1/bin/Release/net10.0
// Failed to set up high priority (Permission denied). In order to run benchmarks with high priority, make sure you have the right permissions.
// BeforeAnythingElse

// Benchmark Process Environment Information:
// BenchmarkDotNet v0.15.8
// Runtime=.NET 10.0.12 (10.0.12, 10.0.1226.42308), X64 RyuJIT x86-64-v3
// GC=Concurrent Workstation
// HardwareIntrinsics=AVX2+BMI1+BMI2+F16C+FMA+LZCNT+MOVBE,AVX,SSE3+SSSE3+SSE4.1+SSE4.2+POPCNT,X86Base+SSE+SSE2,AES+PCLMUL,AvxVnni,SERIALIZE VectorSize=256
// Job: Jit(IterationCount=12, IterationTime=250ms, WarmupCount=16)

OverheadJitting  1: 4096 op, 105869.00 ns, 25.8469 ns/op
WorkloadJitting  1: 4096 op, 1474077.00 ns, 359.8821 ns/op

OverheadJitting  2: 65536 op, 125093.00 ns, 1.9088 ns/op
WorkloadJitting  2: 65536 op, 1286331.00 ns, 19.6279 ns/op

WorkloadPilot    1: 65536 op, 1205591.00 ns, 18.3959 ns/op
WorkloadPilot    2: 13631488 op, 225712428.00 ns, 16.5582 ns/op
WorkloadPilot    3: 15138816 op, 253403992.00 ns, 16.7387 ns/op
WorkloadPilot    4: 14942208 op, 252020371.00 ns, 16.8663 ns/op
WorkloadPilot    5: 14876672 op, 247447400.00 ns, 16.6332 ns/op
WorkloadPilot    6: 15073280 op, 250911549.00 ns, 16.6461 ns/op

OverheadWarmup   1: 15073280 op, 6234.00 ns, 0.0004 ns/op
OverheadWarmup   2: 15073280 op, 5879.00 ns, 0.0004 ns/op
OverheadWarmup   3: 15073280 op, 5605.00 ns, 0.0004 ns/op
OverheadWarmup   4: 15073280 op, 5706.00 ns, 0.0004 ns/op
OverheadWarmup   5: 15073280 op, 5885.00 ns, 0.0004 ns/op
OverheadWarmup   6: 15073280 op, 6827.00 ns, 0.0005 ns/op
OverheadWarmup   7: 15073280 op, 6659.00 ns, 0.0004 ns/op
OverheadWarmup   8: 15073280 op, 5838.00 ns, 0.0004 ns/op
OverheadWarmup   9: 15073280 op, 6538.00 ns, 0.0004 ns/op
OverheadWarmup  10: 15073280 op, 5821.00 ns, 0.0004 ns/op

OverheadActual   1: 15073280 op, 6364.00 ns, 0.0004 ns/op
OverheadActual   2: 15073280 op, 6718.00 ns, 0.0004 ns/op
OverheadActual   3: 15073280 op, 6335.00 ns, 0.0004 ns/op
OverheadActual   4: 15073280 op, 7906.00 ns, 0.0005 ns/op
OverheadActual   5: 15073280 op, 6525.00 ns, 0.0004 ns/op
OverheadActual   6: 15073280 op, 6709.00 ns, 0.0004 ns/op
OverheadActual   7: 15073280 op, 6893.00 ns, 0.0005 ns/op
OverheadActual   8: 15073280 op, 5751.00 ns, 0.0004 ns/op
OverheadActual   9: 15073280 op, 5692.00 ns, 0.0004 ns/op
OverheadActual  10: 15073280 op, 5725.00 ns, 0.0004 ns/op
OverheadActual  11: 15073280 op, 5691.00 ns, 0.0004 ns/op
OverheadActual  12: 15073280 op, 5690.00 ns, 0.0004 ns/op
OverheadActual  13: 15073280 op, 5700.00 ns, 0.0004 ns/op
OverheadActual  14: 15073280 op, 5697.00 ns, 0.0004 ns/op
OverheadActual  15: 15073280 op, 5719.00 ns, 0.0004 ns/op
OverheadActual  16: 15073280 op, 5706.00 ns, 0.0004 ns/op
OverheadActual  17: 15073280 op, 5703.00 ns, 0.0004 ns/op
OverheadActual  18: 15073280 op, 5866.00 ns, 0.0004 ns/op
OverheadActual  19: 15073280 op, 5728.00 ns, 0.0004 ns/op
OverheadActual  20: 15073280 op, 5728.00 ns, 0.0004 ns/op

WorkloadWarmup   1: 15073280 op, 249126632.00 ns, 16.5277 ns/op
WorkloadWarmup   2: 15073280 op, 251049971.00 ns, 16.6553 ns/op
WorkloadWarmup   3: 15073280 op, 249329952.00 ns, 16.5412 ns/op
WorkloadWarmup   4: 15073280 op, 253446776.00 ns, 16.8143 ns/op
WorkloadWarmup   5: 15073280 op, 251523008.00 ns, 16.6867 ns/op
WorkloadWarmup   6: 15073280 op, 249890925.00 ns, 16.5784 ns/op
WorkloadWarmup   7: 15073280 op, 229501888.00 ns, 15.2257 ns/op
WorkloadWarmup   8: 15073280 op, 182172400.00 ns, 12.0858 ns/op
WorkloadWarmup   9: 15073280 op, 182717554.00 ns, 12.1220 ns/op
WorkloadWarmup  10: 15073280 op, 181337029.00 ns, 12.0304 ns/op
WorkloadWarmup  11: 15073280 op, 184446236.00 ns, 12.2366 ns/op
WorkloadWarmup  12: 15073280 op, 182208026.00 ns, 12.0881 ns/op
WorkloadWarmup  13: 15073280 op, 180656750.00 ns, 11.9852 ns/op
WorkloadWarmup  14: 15073280 op, 182204164.00 ns, 12.0879 ns/op
WorkloadWarmup  15: 15073280 op, 185233986.00 ns, 12.2889 ns/op
WorkloadWarmup  16: 15073280 op, 179867979.00 ns, 11.9329 ns/op

// BeforeActualRun
WorkloadActual   1: 15073280 op, 180779497.00 ns, 11.9934 ns/op
WorkloadActual   2: 15073280 op, 181181835.00 ns, 12.0201 ns/op
WorkloadActual   3: 15073280 op, 180552989.00 ns, 11.9783 ns/op
WorkloadActual   4: 15073280 op, 180850131.00 ns, 11.9981 ns/op
WorkloadActual   5: 15073280 op, 181154881.00 ns, 12.0183 ns/op
WorkloadActual   6: 15073280 op, 181925895.00 ns, 12.0694 ns/op
WorkloadActual   7: 15073280 op, 181475993.00 ns, 12.0396 ns/op
WorkloadActual   8: 15073280 op, 181243527.00 ns, 12.0242 ns/op
WorkloadActual   9: 15073280 op, 181494769.00 ns, 12.0408 ns/op
WorkloadActual  10: 15073280 op, 181593344.00 ns, 12.0474 ns/op
WorkloadActual  11: 15073280 op, 202334862.00 ns, 13.4234 ns/op
WorkloadActual  12: 15073280 op, 181062033.00 ns, 12.0121 ns/op

// AfterActualRun
WorkloadResult   1: 15073280 op, 180773769.00 ns, 11.9930 ns/op
WorkloadResult   2: 15073280 op, 181176107.00 ns, 12.0197 ns/op
WorkloadResult   3: 15073280 op, 180547261.00 ns, 11.9780 ns/op
WorkloadResult   4: 15073280 op, 180844403.00 ns, 11.9977 ns/op
WorkloadResult   5: 15073280 op, 181149153.00 ns, 12.0179 ns/op
WorkloadResult   6: 15073280 op, 181920167.00 ns, 12.0690 ns/op
WorkloadResult   7: 15073280 op, 181470265.00 ns, 12.0392 ns/op
WorkloadResult   8: 15073280 op, 181237799.00 ns, 12.0238 ns/op
WorkloadResult   9: 15073280 op, 181489041.00 ns, 12.0404 ns/op
WorkloadResult  10: 15073280 op, 181587616.00 ns, 12.0470 ns/op
WorkloadResult  11: 15073280 op, 181056305.00 ns, 12.0117 ns/op
// GC:  0 0 0 0 15073280
// Threading:  0 0 15073280

// AfterAll
// Benchmark Process 1550618 has exited with code 0.

Mean = 12.022 ns, StdErr = 0.008 ns (0.07%), N = 11, StdDev = 0.026 ns
Min = 11.978 ns, Q1 = 12.005 ns, Median = 12.020 ns, Q3 = 12.040 ns, Max = 12.069 ns
IQR = 0.035 ns, LowerFence = 11.952 ns, UpperFence = 12.092 ns
ConfidenceInterval = [11.985 ns; 12.058 ns] (CI 99.9%), Margin = 0.037 ns (0.30% of Mean)
Skewness = 0.07, Kurtosis = 1.93, MValue = 2

// ** Remained 29 (58.0%) benchmark(s) to run. Estimated finish 2026-09-12 13:51 (0h 2m from now) **
// **************************
// Benchmark: DataAuthoredQueryBenchmarks.GeneratedShape: Jit(IterationCount=12, IterationTime=250ms, WarmupCount=16) [Shape=SixteenTracks, Pattern=Forward]
// *** Execute ***
// Launch: 1 / 1
// Execute: dotnet Alpha-Jit-1.dll --anonymousPipes 120 121 --benchmarkName "DataAuthoredQueryBenchmarks.GeneratedShape(Shape: SixteenTracks, Pattern: Forward)" --job Jit --benchmarkId 21 in /home/i/GitHub/tl-56-feat-data-authored-api/benchmarks/Alpha/bin/Release/net10.0/Alpha-Jit-1/bin/Release/net10.0
// Failed to set up high priority (Permission denied). In order to run benchmarks with high priority, make sure you have the right permissions.
// BeforeAnythingElse

// Benchmark Process Environment Information:
// BenchmarkDotNet v0.15.8
// Runtime=.NET 10.0.12 (10.0.12, 10.0.1226.42308), X64 RyuJIT x86-64-v3
// GC=Concurrent Workstation
// HardwareIntrinsics=AVX2+BMI1+BMI2+F16C+FMA+LZCNT+MOVBE,AVX,SSE3+SSSE3+SSE4.1+SSE4.2+POPCNT,X86Base+SSE+SSE2,AES+PCLMUL,AvxVnni,SERIALIZE VectorSize=256
// Job: Jit(IterationCount=12, IterationTime=250ms, WarmupCount=16)

OverheadJitting  1: 4096 op, 101659.00 ns, 24.8191 ns/op
WorkloadJitting  1: 4096 op, 1031217.00 ns, 251.7620 ns/op

OverheadJitting  2: 65536 op, 133955.00 ns, 2.0440 ns/op
WorkloadJitting  2: 65536 op, 7075774.00 ns, 107.9677 ns/op

WorkloadPilot    1: 65536 op, 5124408.00 ns, 78.1923 ns/op
WorkloadPilot    2: 3211264 op, 248209101.00 ns, 77.2933 ns/op
WorkloadPilot    3: 3276800 op, 252930141.00 ns, 77.1882 ns/op

OverheadWarmup   1: 3276800 op, 1850.00 ns, 0.0006 ns/op
OverheadWarmup   2: 3276800 op, 1351.00 ns, 0.0004 ns/op
OverheadWarmup   3: 3276800 op, 1275.00 ns, 0.0004 ns/op
OverheadWarmup   4: 3276800 op, 1272.00 ns, 0.0004 ns/op
OverheadWarmup   5: 3276800 op, 1338.00 ns, 0.0004 ns/op
OverheadWarmup   6: 3276800 op, 1337.00 ns, 0.0004 ns/op
OverheadWarmup   7: 3276800 op, 1320.00 ns, 0.0004 ns/op
OverheadWarmup   8: 3276800 op, 1376.00 ns, 0.0004 ns/op
OverheadWarmup   9: 3276800 op, 1569.00 ns, 0.0005 ns/op
OverheadWarmup  10: 3276800 op, 1720.00 ns, 0.0005 ns/op

OverheadActual   1: 3276800 op, 1748.00 ns, 0.0005 ns/op
OverheadActual   2: 3276800 op, 1653.00 ns, 0.0005 ns/op
OverheadActual   3: 3276800 op, 1658.00 ns, 0.0005 ns/op
OverheadActual   4: 3276800 op, 1369.00 ns, 0.0004 ns/op
OverheadActual   5: 3276800 op, 1536.00 ns, 0.0005 ns/op
OverheadActual   6: 3276800 op, 1316.00 ns, 0.0004 ns/op
OverheadActual   7: 3276800 op, 1299.00 ns, 0.0004 ns/op
OverheadActual   8: 3276800 op, 1278.00 ns, 0.0004 ns/op
OverheadActual   9: 3276800 op, 1257.00 ns, 0.0004 ns/op
OverheadActual  10: 3276800 op, 1271.00 ns, 0.0004 ns/op
OverheadActual  11: 3276800 op, 1323.00 ns, 0.0004 ns/op
OverheadActual  12: 3276800 op, 1274.00 ns, 0.0004 ns/op
OverheadActual  13: 3276800 op, 1319.00 ns, 0.0004 ns/op
OverheadActual  14: 3276800 op, 1296.00 ns, 0.0004 ns/op
OverheadActual  15: 3276800 op, 1333.00 ns, 0.0004 ns/op
OverheadActual  16: 3276800 op, 1335.00 ns, 0.0004 ns/op
OverheadActual  17: 3276800 op, 1307.00 ns, 0.0004 ns/op

WorkloadWarmup   1: 3276800 op, 253526045.00 ns, 77.3700 ns/op
WorkloadWarmup   2: 3276800 op, 254880791.00 ns, 77.7834 ns/op
WorkloadWarmup   3: 3276800 op, 253772020.00 ns, 77.4451 ns/op
WorkloadWarmup   4: 3276800 op, 255050350.00 ns, 77.8352 ns/op
WorkloadWarmup   5: 3276800 op, 253684944.00 ns, 77.4185 ns/op
WorkloadWarmup   6: 3276800 op, 197303639.00 ns, 60.2123 ns/op
WorkloadWarmup   7: 3276800 op, 74421090.00 ns, 22.7115 ns/op
WorkloadWarmup   8: 3276800 op, 74852202.00 ns, 22.8431 ns/op
WorkloadWarmup   9: 3276800 op, 73723627.00 ns, 22.4987 ns/op
WorkloadWarmup  10: 3276800 op, 77209076.00 ns, 23.5623 ns/op
WorkloadWarmup  11: 3276800 op, 74784023.00 ns, 22.8223 ns/op
WorkloadWarmup  12: 3276800 op, 73514598.00 ns, 22.4349 ns/op
WorkloadWarmup  13: 3276800 op, 74771523.00 ns, 22.8185 ns/op
WorkloadWarmup  14: 3276800 op, 74118946.00 ns, 22.6193 ns/op
WorkloadWarmup  15: 3276800 op, 75772694.00 ns, 23.1240 ns/op
WorkloadWarmup  16: 3276800 op, 73269873.00 ns, 22.3602 ns/op

// BeforeActualRun
WorkloadActual   1: 3276800 op, 73758073.00 ns, 22.5092 ns/op
WorkloadActual   2: 3276800 op, 74211177.00 ns, 22.6475 ns/op
WorkloadActual   3: 3276800 op, 73601961.00 ns, 22.4615 ns/op
WorkloadActual   4: 3276800 op, 73265366.00 ns, 22.3588 ns/op
WorkloadActual   5: 3276800 op, 73998570.00 ns, 22.5826 ns/op
WorkloadActual   6: 3276800 op, 73984215.00 ns, 22.5782 ns/op
WorkloadActual   7: 3276800 op, 74408539.00 ns, 22.7077 ns/op
WorkloadActual   8: 3276800 op, 73182619.00 ns, 22.3336 ns/op
WorkloadActual   9: 3276800 op, 74622371.00 ns, 22.7729 ns/op
WorkloadActual  10: 3276800 op, 73693298.00 ns, 22.4894 ns/op
WorkloadActual  11: 3276800 op, 76284515.00 ns, 23.2802 ns/op
WorkloadActual  12: 3276800 op, 73601676.00 ns, 22.4614 ns/op

// AfterActualRun
WorkloadResult   1: 3276800 op, 73756754.00 ns, 22.5088 ns/op
WorkloadResult   2: 3276800 op, 74209858.00 ns, 22.6471 ns/op
WorkloadResult   3: 3276800 op, 73600642.00 ns, 22.4611 ns/op
WorkloadResult   4: 3276800 op, 73264047.00 ns, 22.3584 ns/op
WorkloadResult   5: 3276800 op, 73997251.00 ns, 22.5822 ns/op
WorkloadResult   6: 3276800 op, 73982896.00 ns, 22.5778 ns/op
WorkloadResult   7: 3276800 op, 74407220.00 ns, 22.7073 ns/op
WorkloadResult   8: 3276800 op, 73181300.00 ns, 22.3332 ns/op
WorkloadResult   9: 3276800 op, 74621052.00 ns, 22.7725 ns/op
WorkloadResult  10: 3276800 op, 73691979.00 ns, 22.4890 ns/op
WorkloadResult  11: 3276800 op, 73600357.00 ns, 22.4610 ns/op
// GC:  0 0 0 0 3276800
// Threading:  0 0 3276800

// AfterAll
// Benchmark Process 1558135 has exited with code 0.

Mean = 22.536 ns, StdErr = 0.041 ns (0.18%), N = 11, StdDev = 0.137 ns
Min = 22.333 ns, Q1 = 22.461 ns, Median = 22.509 ns, Q3 = 22.615 ns, Max = 22.773 ns
IQR = 0.154 ns, LowerFence = 22.231 ns, UpperFence = 22.845 ns
ConfidenceInterval = [22.346 ns; 22.726 ns] (CI 99.9%), Margin = 0.190 ns (0.84% of Mean)
Skewness = 0.17, Kurtosis = 1.77, MValue = 2

// ** Remained 28 (56.0%) benchmark(s) to run. Estimated finish 2026-09-12 13:51 (0h 2m from now) **
// **************************
// Benchmark: DataAuthoredQueryBenchmarks.DataAuthoredFacade: Jit(IterationCount=12, IterationTime=250ms, WarmupCount=16) [Shape=SixteenTracks, Pattern=Forward]
// *** Execute ***
// Launch: 1 / 1
// Execute: dotnet Alpha-Jit-1.dll --anonymousPipes 120 121 --benchmarkName "DataAuthoredQueryBenchmarks.DataAuthoredFacade(Shape: SixteenTracks, Pattern: Forward)" --job Jit --benchmarkId 22 in /home/i/GitHub/tl-56-feat-data-authored-api/benchmarks/Alpha/bin/Release/net10.0/Alpha-Jit-1/bin/Release/net10.0
// Failed to set up high priority (Permission denied). In order to run benchmarks with high priority, make sure you have the right permissions.
// BeforeAnythingElse

// Benchmark Process Environment Information:
// BenchmarkDotNet v0.15.8
// Runtime=.NET 10.0.12 (10.0.12, 10.0.1226.42308), X64 RyuJIT x86-64-v3
// GC=Concurrent Workstation
// HardwareIntrinsics=AVX2+BMI1+BMI2+F16C+FMA+LZCNT+MOVBE,AVX,SSE3+SSSE3+SSE4.1+SSE4.2+POPCNT,X86Base+SSE+SSE2,AES+PCLMUL,AvxVnni,SERIALIZE VectorSize=256
// Job: Jit(IterationCount=12, IterationTime=250ms, WarmupCount=16)

OverheadJitting  1: 4096 op, 117363.00 ns, 28.6531 ns/op
WorkloadJitting  1: 4096 op, 1305877.00 ns, 318.8176 ns/op

OverheadJitting  2: 65536 op, 126446.00 ns, 1.9294 ns/op
WorkloadJitting  2: 65536 op, 19477803.00 ns, 297.2077 ns/op

WorkloadPilot    1: 65536 op, 19221671.00 ns, 293.2994 ns/op
WorkloadPilot    2: 851968 op, 242137349.00 ns, 284.2094 ns/op
WorkloadPilot    3: 917504 op, 259169131.00 ns, 282.4719 ns/op

OverheadWarmup   1: 917504 op, 858.00 ns, 0.0009 ns/op
OverheadWarmup   2: 917504 op, 459.00 ns, 0.0005 ns/op
OverheadWarmup   3: 917504 op, 402.00 ns, 0.0004 ns/op
OverheadWarmup   4: 917504 op, 397.00 ns, 0.0004 ns/op
OverheadWarmup   5: 917504 op, 427.00 ns, 0.0005 ns/op
OverheadWarmup   6: 917504 op, 493.00 ns, 0.0005 ns/op
OverheadWarmup   7: 917504 op, 404.00 ns, 0.0004 ns/op
OverheadWarmup   8: 917504 op, 426.00 ns, 0.0005 ns/op
OverheadWarmup   9: 917504 op, 428.00 ns, 0.0005 ns/op
OverheadWarmup  10: 917504 op, 396.00 ns, 0.0004 ns/op

OverheadActual   1: 917504 op, 620.00 ns, 0.0007 ns/op
OverheadActual   2: 917504 op, 606.00 ns, 0.0007 ns/op
OverheadActual   3: 917504 op, 1469.00 ns, 0.0016 ns/op
OverheadActual   4: 917504 op, 526.00 ns, 0.0006 ns/op
OverheadActual   5: 917504 op, 702.00 ns, 0.0008 ns/op
OverheadActual   6: 917504 op, 446.00 ns, 0.0005 ns/op
OverheadActual   7: 917504 op, 383.00 ns, 0.0004 ns/op
OverheadActual   8: 917504 op, 378.00 ns, 0.0004 ns/op
OverheadActual   9: 917504 op, 377.00 ns, 0.0004 ns/op
OverheadActual  10: 917504 op, 382.00 ns, 0.0004 ns/op
OverheadActual  11: 917504 op, 380.00 ns, 0.0004 ns/op
OverheadActual  12: 917504 op, 382.00 ns, 0.0004 ns/op
OverheadActual  13: 917504 op, 408.00 ns, 0.0004 ns/op
OverheadActual  14: 917504 op, 395.00 ns, 0.0004 ns/op
OverheadActual  15: 917504 op, 410.00 ns, 0.0004 ns/op
OverheadActual  16: 917504 op, 461.00 ns, 0.0005 ns/op
OverheadActual  17: 917504 op, 398.00 ns, 0.0004 ns/op
OverheadActual  18: 917504 op, 538.00 ns, 0.0006 ns/op
OverheadActual  19: 917504 op, 454.00 ns, 0.0005 ns/op
OverheadActual  20: 917504 op, 428.00 ns, 0.0005 ns/op

WorkloadWarmup   1: 917504 op, 260504994.00 ns, 283.9279 ns/op
WorkloadWarmup   2: 917504 op, 261059331.00 ns, 284.5321 ns/op
WorkloadWarmup   3: 917504 op, 260756510.00 ns, 284.2020 ns/op
WorkloadWarmup   4: 917504 op, 264914434.00 ns, 288.7338 ns/op
WorkloadWarmup   5: 917504 op, 274570738.00 ns, 299.2584 ns/op
WorkloadWarmup   6: 917504 op, 113762126.00 ns, 123.9909 ns/op
WorkloadWarmup   7: 917504 op, 69271565.00 ns, 75.5000 ns/op
WorkloadWarmup   8: 917504 op, 67526153.00 ns, 73.5977 ns/op
WorkloadWarmup   9: 917504 op, 68268651.00 ns, 74.4069 ns/op
WorkloadWarmup  10: 917504 op, 69240046.00 ns, 75.4657 ns/op
WorkloadWarmup  11: 917504 op, 79762959.00 ns, 86.9347 ns/op
WorkloadWarmup  12: 917504 op, 69382151.00 ns, 75.6205 ns/op
WorkloadWarmup  13: 917504 op, 68673343.00 ns, 74.8480 ns/op
WorkloadWarmup  14: 917504 op, 67739411.00 ns, 73.8301 ns/op
WorkloadWarmup  15: 917504 op, 70839657.00 ns, 77.2091 ns/op
WorkloadWarmup  16: 917504 op, 67746268.00 ns, 73.8376 ns/op

// BeforeActualRun
WorkloadActual   1: 917504 op, 68454180.00 ns, 74.6091 ns/op
WorkloadActual   2: 917504 op, 68914913.00 ns, 75.1113 ns/op
WorkloadActual   3: 917504 op, 67450712.00 ns, 73.5154 ns/op
WorkloadActual   4: 917504 op, 68702827.00 ns, 74.8801 ns/op
WorkloadActual   5: 917504 op, 69372206.00 ns, 75.6097 ns/op
WorkloadActual   6: 917504 op, 67549555.00 ns, 73.6232 ns/op
WorkloadActual   7: 917504 op, 68859528.00 ns, 75.0509 ns/op
WorkloadActual   8: 917504 op, 69043720.00 ns, 75.2517 ns/op
WorkloadActual   9: 917504 op, 67774080.00 ns, 73.8679 ns/op
WorkloadActual  10: 917504 op, 68456019.00 ns, 74.6111 ns/op
WorkloadActual  11: 917504 op, 68599333.00 ns, 74.7673 ns/op
WorkloadActual  12: 917504 op, 69942364.00 ns, 76.2311 ns/op

// AfterActualRun
WorkloadResult   1: 917504 op, 68453761.00 ns, 74.6087 ns/op
WorkloadResult   2: 917504 op, 68914494.00 ns, 75.1108 ns/op
WorkloadResult   3: 917504 op, 67450293.00 ns, 73.5150 ns/op
WorkloadResult   4: 917504 op, 68702408.00 ns, 74.8797 ns/op
WorkloadResult   5: 917504 op, 69371787.00 ns, 75.6092 ns/op
WorkloadResult   6: 917504 op, 67549136.00 ns, 73.6227 ns/op
WorkloadResult   7: 917504 op, 68859109.00 ns, 75.0505 ns/op
WorkloadResult   8: 917504 op, 69043301.00 ns, 75.2512 ns/op
WorkloadResult   9: 917504 op, 67773661.00 ns, 73.8674 ns/op
WorkloadResult  10: 917504 op, 68455600.00 ns, 74.6107 ns/op
WorkloadResult  11: 917504 op, 68598914.00 ns, 74.7669 ns/op
// GC:  0 0 0 0 917504
// Threading:  0 0 917504

// AfterAll
// Benchmark Process 1562004 has exited with code 0.

Mean = 74.627 ns, StdErr = 0.206 ns (0.28%), N = 11, StdDev = 0.684 ns
Min = 73.515 ns, Q1 = 74.238 ns, Median = 74.767 ns, Q3 = 75.081 ns, Max = 75.609 ns
IQR = 0.843 ns, LowerFence = 72.974 ns, UpperFence = 76.345 ns
ConfidenceInterval = [73.681 ns; 75.572 ns] (CI 99.9%), Margin = 0.946 ns (1.27% of Mean)
Skewness = -0.4, Kurtosis = 1.69, MValue = 2

// ** Remained 27 (54.0%) benchmark(s) to run. Estimated finish 2026-09-12 13:51 (0h 2m from now) **
// **************************
// Benchmark: DataAuthoredQueryBenchmarks.FacadeSelectOnly: Jit(IterationCount=12, IterationTime=250ms, WarmupCount=16) [Shape=SixteenTracks, Pattern=Forward]
// *** Execute ***
// Launch: 1 / 1
// Execute: dotnet Alpha-Jit-1.dll --anonymousPipes 120 121 --benchmarkName "DataAuthoredQueryBenchmarks.FacadeSelectOnly(Shape: SixteenTracks, Pattern: Forward)" --job Jit --benchmarkId 23 in /home/i/GitHub/tl-56-feat-data-authored-api/benchmarks/Alpha/bin/Release/net10.0/Alpha-Jit-1/bin/Release/net10.0
// Failed to set up high priority (Permission denied). In order to run benchmarks with high priority, make sure you have the right permissions.
// BeforeAnythingElse

// Benchmark Process Environment Information:
// BenchmarkDotNet v0.15.8
// Runtime=.NET 10.0.12 (10.0.12, 10.0.1226.42308), X64 RyuJIT x86-64-v3
// GC=Concurrent Workstation
// HardwareIntrinsics=AVX2+BMI1+BMI2+F16C+FMA+LZCNT+MOVBE,AVX,SSE3+SSSE3+SSE4.1+SSE4.2+POPCNT,X86Base+SSE+SSE2,AES+PCLMUL,AvxVnni,SERIALIZE VectorSize=256
// Job: Jit(IterationCount=12, IterationTime=250ms, WarmupCount=16)

OverheadJitting  1: 4096 op, 119636.00 ns, 29.2080 ns/op
WorkloadJitting  1: 4096 op, 291883.00 ns, 71.2605 ns/op

OverheadJitting  2: 65536 op, 134686.00 ns, 2.0551 ns/op
WorkloadJitting  2: 65536 op, 1793355.00 ns, 27.3644 ns/op

WorkloadPilot    1: 65536 op, 3148452.00 ns, 48.0416 ns/op
WorkloadPilot    2: 5242880 op, 131440564.00 ns, 25.0703 ns/op
WorkloadPilot    3: 10027008 op, 243995359.00 ns, 24.3338 ns/op
WorkloadPilot    4: 10289152 op, 246440041.00 ns, 23.9514 ns/op
WorkloadPilot    5: 10485760 op, 251867762.00 ns, 24.0200 ns/op
WorkloadPilot    6: 10420224 op, 249552022.00 ns, 23.9488 ns/op
WorkloadPilot    7: 10485760 op, 255291170.00 ns, 24.3465 ns/op
WorkloadPilot    8: 10289152 op, 250406116.00 ns, 24.3369 ns/op

OverheadWarmup   1: 10289152 op, 5187.00 ns, 0.0005 ns/op
OverheadWarmup   2: 10289152 op, 4215.00 ns, 0.0004 ns/op
OverheadWarmup   3: 10289152 op, 4107.00 ns, 0.0004 ns/op
OverheadWarmup   4: 10289152 op, 4078.00 ns, 0.0004 ns/op
OverheadWarmup   5: 10289152 op, 4079.00 ns, 0.0004 ns/op
OverheadWarmup   6: 10289152 op, 4055.00 ns, 0.0004 ns/op
OverheadWarmup   7: 10289152 op, 3982.00 ns, 0.0004 ns/op
OverheadWarmup   8: 10289152 op, 3993.00 ns, 0.0004 ns/op
OverheadWarmup   9: 10289152 op, 3973.00 ns, 0.0004 ns/op

OverheadActual   1: 10289152 op, 4387.00 ns, 0.0004 ns/op
OverheadActual   2: 10289152 op, 4284.00 ns, 0.0004 ns/op
OverheadActual   3: 10289152 op, 4507.00 ns, 0.0004 ns/op
OverheadActual   4: 10289152 op, 4085.00 ns, 0.0004 ns/op
OverheadActual   5: 10289152 op, 4358.00 ns, 0.0004 ns/op
OverheadActual   6: 10289152 op, 4476.00 ns, 0.0004 ns/op
OverheadActual   7: 10289152 op, 4657.00 ns, 0.0005 ns/op
OverheadActual   8: 10289152 op, 4675.00 ns, 0.0005 ns/op
OverheadActual   9: 10289152 op, 4392.00 ns, 0.0004 ns/op
OverheadActual  10: 10289152 op, 4431.00 ns, 0.0004 ns/op
OverheadActual  11: 10289152 op, 4414.00 ns, 0.0004 ns/op
OverheadActual  12: 10289152 op, 4602.00 ns, 0.0004 ns/op
OverheadActual  13: 10289152 op, 4915.00 ns, 0.0005 ns/op
OverheadActual  14: 10289152 op, 3951.00 ns, 0.0004 ns/op
OverheadActual  15: 10289152 op, 3928.00 ns, 0.0004 ns/op
OverheadActual  16: 10289152 op, 3966.00 ns, 0.0004 ns/op
OverheadActual  17: 10289152 op, 4792.00 ns, 0.0005 ns/op
OverheadActual  18: 10289152 op, 4109.00 ns, 0.0004 ns/op
OverheadActual  19: 10289152 op, 4000.00 ns, 0.0004 ns/op
OverheadActual  20: 10289152 op, 4071.00 ns, 0.0004 ns/op

WorkloadWarmup   1: 10289152 op, 249268562.00 ns, 24.2263 ns/op
WorkloadWarmup   2: 10289152 op, 245729693.00 ns, 23.8824 ns/op
WorkloadWarmup   3: 10289152 op, 248535858.00 ns, 24.1551 ns/op
WorkloadWarmup   4: 10289152 op, 246779487.00 ns, 23.9844 ns/op
WorkloadWarmup   5: 10289152 op, 245944022.00 ns, 23.9032 ns/op
WorkloadWarmup   6: 10289152 op, 209917350.00 ns, 20.4018 ns/op
WorkloadWarmup   7: 10289152 op, 198457591.00 ns, 19.2880 ns/op
WorkloadWarmup   8: 10289152 op, 206029320.00 ns, 20.0239 ns/op
WorkloadWarmup   9: 10289152 op, 198386298.00 ns, 19.2811 ns/op
WorkloadWarmup  10: 10289152 op, 198891517.00 ns, 19.3302 ns/op
WorkloadWarmup  11: 10289152 op, 206442772.00 ns, 20.0641 ns/op
WorkloadWarmup  12: 10289152 op, 199541540.00 ns, 19.3934 ns/op
WorkloadWarmup  13: 10289152 op, 199928471.00 ns, 19.4310 ns/op
WorkloadWarmup  14: 10289152 op, 202668394.00 ns, 19.6973 ns/op
WorkloadWarmup  15: 10289152 op, 199505744.00 ns, 19.3899 ns/op
WorkloadWarmup  16: 10289152 op, 203223306.00 ns, 19.7512 ns/op

// BeforeActualRun
WorkloadActual   1: 10289152 op, 199217005.00 ns, 19.3618 ns/op
WorkloadActual   2: 10289152 op, 199572802.00 ns, 19.3964 ns/op
WorkloadActual   3: 10289152 op, 199785514.00 ns, 19.4171 ns/op
WorkloadActual   4: 10289152 op, 200434078.00 ns, 19.4801 ns/op
WorkloadActual   5: 10289152 op, 199102359.00 ns, 19.3507 ns/op
WorkloadActual   6: 10289152 op, 199855394.00 ns, 19.4239 ns/op
WorkloadActual   7: 10289152 op, 201080753.00 ns, 19.5430 ns/op
WorkloadActual   8: 10289152 op, 205204952.00 ns, 19.9438 ns/op
WorkloadActual   9: 10289152 op, 219231904.00 ns, 21.3071 ns/op
WorkloadActual  10: 10289152 op, 199155604.00 ns, 19.3559 ns/op
WorkloadActual  11: 10289152 op, 199247081.00 ns, 19.3648 ns/op
WorkloadActual  12: 10289152 op, 196041243.00 ns, 19.0532 ns/op

// AfterActualRun
WorkloadResult   1: 10289152 op, 199212615.50 ns, 19.3614 ns/op
WorkloadResult   2: 10289152 op, 199568412.50 ns, 19.3960 ns/op
WorkloadResult   3: 10289152 op, 199781124.50 ns, 19.4167 ns/op
WorkloadResult   4: 10289152 op, 200429688.50 ns, 19.4797 ns/op
WorkloadResult   5: 10289152 op, 199097969.50 ns, 19.3503 ns/op
WorkloadResult   6: 10289152 op, 199851004.50 ns, 19.4235 ns/op
WorkloadResult   7: 10289152 op, 201076363.50 ns, 19.5426 ns/op
WorkloadResult   8: 10289152 op, 199151214.50 ns, 19.3555 ns/op
WorkloadResult   9: 10289152 op, 199242691.50 ns, 19.3643 ns/op
WorkloadResult  10: 10289152 op, 196036853.50 ns, 19.0528 ns/op
// GC:  0 0 0 0 10289152
// Threading:  0 0 10289152

// AfterAll
// Benchmark Process 1565664 has exited with code 0.

Mean = 19.374 ns, StdErr = 0.041 ns (0.21%), N = 10, StdDev = 0.129 ns
Min = 19.053 ns, Q1 = 19.357 ns, Median = 19.380 ns, Q3 = 19.422 ns, Max = 19.543 ns
IQR = 0.065 ns, LowerFence = 19.260 ns, UpperFence = 19.519 ns
ConfidenceInterval = [19.180 ns; 19.569 ns] (CI 99.9%), Margin = 0.194 ns (1.00% of Mean)
Skewness = -1.28, Kurtosis = 4.26, MValue = 2

// ** Remained 26 (52.0%) benchmark(s) to run. Estimated finish 2026-09-12 13:51 (0h 2m from now) **
// **************************
// Benchmark: DataAuthoredQueryBenchmarks.FacadeNoDispatch: Jit(IterationCount=12, IterationTime=250ms, WarmupCount=16) [Shape=SixteenTracks, Pattern=Forward]
// *** Execute ***
// Launch: 1 / 1
// Execute: dotnet Alpha-Jit-1.dll --anonymousPipes 120 121 --benchmarkName "DataAuthoredQueryBenchmarks.FacadeNoDispatch(Shape: SixteenTracks, Pattern: Forward)" --job Jit --benchmarkId 24 in /home/i/GitHub/tl-56-feat-data-authored-api/benchmarks/Alpha/bin/Release/net10.0/Alpha-Jit-1/bin/Release/net10.0
// Failed to set up high priority (Permission denied). In order to run benchmarks with high priority, make sure you have the right permissions.
// BeforeAnythingElse

// Benchmark Process Environment Information:
// BenchmarkDotNet v0.15.8
// Runtime=.NET 10.0.12 (10.0.12, 10.0.1226.42308), X64 RyuJIT x86-64-v3
// GC=Concurrent Workstation
// HardwareIntrinsics=AVX2+BMI1+BMI2+F16C+FMA+LZCNT+MOVBE,AVX,SSE3+SSSE3+SSE4.1+SSE4.2+POPCNT,X86Base+SSE+SSE2,AES+PCLMUL,AvxVnni,SERIALIZE VectorSize=256
// Job: Jit(IterationCount=12, IterationTime=250ms, WarmupCount=16)

OverheadJitting  1: 4096 op, 104209.00 ns, 25.4417 ns/op
WorkloadJitting  1: 4096 op, 309610.00 ns, 75.5884 ns/op

OverheadJitting  2: 65536 op, 122099.00 ns, 1.8631 ns/op
WorkloadJitting  2: 65536 op, 3123419.00 ns, 47.6596 ns/op

WorkloadPilot    1: 65536 op, 2909947.00 ns, 44.4023 ns/op
WorkloadPilot    2: 5636096 op, 250532785.00 ns, 44.4515 ns/op

OverheadWarmup   1: 5636096 op, 2822.00 ns, 0.0005 ns/op
OverheadWarmup   2: 5636096 op, 2282.00 ns, 0.0004 ns/op
OverheadWarmup   3: 5636096 op, 2190.00 ns, 0.0004 ns/op
OverheadWarmup   4: 5636096 op, 2186.00 ns, 0.0004 ns/op
OverheadWarmup   5: 5636096 op, 2260.00 ns, 0.0004 ns/op
OverheadWarmup   6: 5636096 op, 2200.00 ns, 0.0004 ns/op
OverheadWarmup   7: 5636096 op, 2216.00 ns, 0.0004 ns/op
OverheadWarmup   8: 5636096 op, 2206.00 ns, 0.0004 ns/op

OverheadActual   1: 5636096 op, 2573.00 ns, 0.0005 ns/op
OverheadActual   2: 5636096 op, 2399.00 ns, 0.0004 ns/op
OverheadActual   3: 5636096 op, 2415.00 ns, 0.0004 ns/op
OverheadActual   4: 5636096 op, 2255.00 ns, 0.0004 ns/op
OverheadActual   5: 5636096 op, 2366.00 ns, 0.0004 ns/op
OverheadActual   6: 5636096 op, 2173.00 ns, 0.0004 ns/op
OverheadActual   7: 5636096 op, 5877.00 ns, 0.0010 ns/op
OverheadActual   8: 5636096 op, 2159.00 ns, 0.0004 ns/op
OverheadActual   9: 5636096 op, 2146.00 ns, 0.0004 ns/op
OverheadActual  10: 5636096 op, 2163.00 ns, 0.0004 ns/op
OverheadActual  11: 5636096 op, 2327.00 ns, 0.0004 ns/op
OverheadActual  12: 5636096 op, 2200.00 ns, 0.0004 ns/op
OverheadActual  13: 5636096 op, 2220.00 ns, 0.0004 ns/op
OverheadActual  14: 5636096 op, 2572.00 ns, 0.0005 ns/op
OverheadActual  15: 5636096 op, 2925.00 ns, 0.0005 ns/op
OverheadActual  16: 5636096 op, 2313.00 ns, 0.0004 ns/op
OverheadActual  17: 5636096 op, 2676.00 ns, 0.0005 ns/op
OverheadActual  18: 5636096 op, 2377.00 ns, 0.0004 ns/op
OverheadActual  19: 5636096 op, 2278.00 ns, 0.0004 ns/op
OverheadActual  20: 5636096 op, 2227.00 ns, 0.0004 ns/op

WorkloadWarmup   1: 5636096 op, 251007669.00 ns, 44.5357 ns/op
WorkloadWarmup   2: 5636096 op, 252470786.00 ns, 44.7953 ns/op
WorkloadWarmup   3: 5636096 op, 252751463.00 ns, 44.8451 ns/op
WorkloadWarmup   4: 5636096 op, 250441577.00 ns, 44.4353 ns/op
WorkloadWarmup   5: 5636096 op, 251445407.00 ns, 44.6134 ns/op
WorkloadWarmup   6: 5636096 op, 255570480.00 ns, 45.3453 ns/op
WorkloadWarmup   7: 5636096 op, 229030699.00 ns, 40.6364 ns/op
WorkloadWarmup   8: 5636096 op, 190628236.00 ns, 33.8227 ns/op
WorkloadWarmup   9: 5636096 op, 190637754.00 ns, 33.8244 ns/op
WorkloadWarmup  10: 5636096 op, 186513689.00 ns, 33.0927 ns/op
WorkloadWarmup  11: 5636096 op, 189466631.00 ns, 33.6166 ns/op
WorkloadWarmup  12: 5636096 op, 197621642.00 ns, 35.0636 ns/op
WorkloadWarmup  13: 5636096 op, 189078315.00 ns, 33.5477 ns/op
WorkloadWarmup  14: 5636096 op, 197831206.00 ns, 35.1008 ns/op
WorkloadWarmup  15: 5636096 op, 193849354.00 ns, 34.3943 ns/op
WorkloadWarmup  16: 5636096 op, 190249513.00 ns, 33.7555 ns/op

// BeforeActualRun
WorkloadActual   1: 5636096 op, 189970600.00 ns, 33.7061 ns/op
WorkloadActual   2: 5636096 op, 191014123.00 ns, 33.8912 ns/op
WorkloadActual   3: 5636096 op, 188991621.00 ns, 33.5324 ns/op
WorkloadActual   4: 5636096 op, 190746818.00 ns, 33.8438 ns/op
WorkloadActual   5: 5636096 op, 190388251.00 ns, 33.7802 ns/op
WorkloadActual   6: 5636096 op, 190283056.00 ns, 33.7615 ns/op
WorkloadActual   7: 5636096 op, 190143442.00 ns, 33.7367 ns/op
WorkloadActual   8: 5636096 op, 188961617.00 ns, 33.5270 ns/op
WorkloadActual   9: 5636096 op, 192388438.00 ns, 34.1351 ns/op
WorkloadActual  10: 5636096 op, 211076832.00 ns, 37.4509 ns/op
WorkloadActual  11: 5636096 op, 190129874.00 ns, 33.7343 ns/op
WorkloadActual  12: 5636096 op, 191527231.00 ns, 33.9823 ns/op

// AfterActualRun
WorkloadResult   1: 5636096 op, 189968280.00 ns, 33.7057 ns/op
WorkloadResult   2: 5636096 op, 191011803.00 ns, 33.8908 ns/op
WorkloadResult   3: 5636096 op, 188989301.00 ns, 33.5320 ns/op
WorkloadResult   4: 5636096 op, 190744498.00 ns, 33.8434 ns/op
WorkloadResult   5: 5636096 op, 190385931.00 ns, 33.7798 ns/op
WorkloadResult   6: 5636096 op, 190280736.00 ns, 33.7611 ns/op
WorkloadResult   7: 5636096 op, 190141122.00 ns, 33.7363 ns/op
WorkloadResult   8: 5636096 op, 188959297.00 ns, 33.5266 ns/op
WorkloadResult   9: 5636096 op, 192386118.00 ns, 34.1346 ns/op
WorkloadResult  10: 5636096 op, 190127554.00 ns, 33.7339 ns/op
WorkloadResult  11: 5636096 op, 191524911.00 ns, 33.9818 ns/op
// GC:  0 0 0 0 5636096
// Threading:  0 0 5636096

// AfterAll
// Benchmark Process 1573448 has exited with code 0.

Mean = 33.784 ns, StdErr = 0.054 ns (0.16%), N = 11, StdDev = 0.178 ns
Min = 33.527 ns, Q1 = 33.720 ns, Median = 33.761 ns, Q3 = 33.867 ns, Max = 34.135 ns
IQR = 0.147 ns, LowerFence = 33.499 ns, UpperFence = 34.088 ns
ConfidenceInterval = [33.537 ns; 34.031 ns] (CI 99.9%), Margin = 0.247 ns (0.73% of Mean)
Skewness = 0.29, Kurtosis = 2.27, MValue = 2

// ** Remained 25 (50.0%) benchmark(s) to run. Estimated finish 2026-09-12 13:51 (0h 2m from now) **
// **************************
// Benchmark: DataAuthoredQueryBenchmarks.DirectShape: Jit(IterationCount=12, IterationTime=250ms, WarmupCount=16) [Shape=SixteenTracks, Pattern=Alternating]
// *** Execute ***
// Launch: 1 / 1
// Execute: dotnet Alpha-Jit-1.dll --anonymousPipes 120 121 --benchmarkName "DataAuthoredQueryBenchmarks.DirectShape(Shape: SixteenTracks, Pattern: Alternating)" --job Jit --benchmarkId 25 in /home/i/GitHub/tl-56-feat-data-authored-api/benchmarks/Alpha/bin/Release/net10.0/Alpha-Jit-1/bin/Release/net10.0
// Failed to set up high priority (Permission denied). In order to run benchmarks with high priority, make sure you have the right permissions.
// BeforeAnythingElse

// Benchmark Process Environment Information:
// BenchmarkDotNet v0.15.8
// Runtime=.NET 10.0.12 (10.0.12, 10.0.1226.42308), X64 RyuJIT x86-64-v3
// GC=Concurrent Workstation
// HardwareIntrinsics=AVX2+BMI1+BMI2+F16C+FMA+LZCNT+MOVBE,AVX,SSE3+SSSE3+SSE4.1+SSE4.2+POPCNT,X86Base+SSE+SSE2,AES+PCLMUL,AvxVnni,SERIALIZE VectorSize=256
// Job: Jit(IterationCount=12, IterationTime=250ms, WarmupCount=16)

OverheadJitting  1: 4096 op, 108938.00 ns, 26.5962 ns/op
WorkloadJitting  1: 4096 op, 1619428.00 ns, 395.3682 ns/op

OverheadJitting  2: 65536 op, 127737.00 ns, 1.9491 ns/op
WorkloadJitting  2: 65536 op, 1326220.00 ns, 20.2365 ns/op

WorkloadPilot    1: 65536 op, 1145977.00 ns, 17.4862 ns/op
WorkloadPilot    2: 14352384 op, 246317041.00 ns, 17.1621 ns/op
WorkloadPilot    3: 14614528 op, 247685571.00 ns, 16.9479 ns/op
WorkloadPilot    4: 14811136 op, 253200796.00 ns, 17.0953 ns/op
WorkloadPilot    5: 14680064 op, 253313590.00 ns, 17.2556 ns/op
WorkloadPilot    6: 14548992 op, 248356920.00 ns, 17.0704 ns/op
WorkloadPilot    7: 14680064 op, 251435346.00 ns, 17.1277 ns/op

OverheadWarmup   1: 14680064 op, 5281.00 ns, 0.0004 ns/op
OverheadWarmup   2: 14680064 op, 5132.00 ns, 0.0003 ns/op
OverheadWarmup   3: 14680064 op, 4887.00 ns, 0.0003 ns/op
OverheadWarmup   4: 14680064 op, 4898.00 ns, 0.0003 ns/op
OverheadWarmup   5: 14680064 op, 5058.00 ns, 0.0003 ns/op
OverheadWarmup   6: 14680064 op, 4990.00 ns, 0.0003 ns/op
OverheadWarmup   7: 14680064 op, 4982.00 ns, 0.0003 ns/op
OverheadWarmup   8: 14680064 op, 4998.00 ns, 0.0003 ns/op
OverheadWarmup   9: 14680064 op, 4978.00 ns, 0.0003 ns/op

OverheadActual   1: 14680064 op, 5200.00 ns, 0.0004 ns/op
OverheadActual   2: 14680064 op, 5117.00 ns, 0.0003 ns/op
OverheadActual   3: 14680064 op, 5126.00 ns, 0.0003 ns/op
OverheadActual   4: 14680064 op, 4935.00 ns, 0.0003 ns/op
OverheadActual   5: 14680064 op, 5096.00 ns, 0.0003 ns/op
OverheadActual   6: 14680064 op, 4939.00 ns, 0.0003 ns/op
OverheadActual   7: 14680064 op, 4907.00 ns, 0.0003 ns/op
OverheadActual   8: 14680064 op, 4893.00 ns, 0.0003 ns/op
OverheadActual   9: 14680064 op, 4898.00 ns, 0.0003 ns/op
OverheadActual  10: 14680064 op, 4891.00 ns, 0.0003 ns/op
OverheadActual  11: 14680064 op, 4892.00 ns, 0.0003 ns/op
OverheadActual  12: 14680064 op, 4916.00 ns, 0.0003 ns/op
OverheadActual  13: 14680064 op, 4917.00 ns, 0.0003 ns/op
OverheadActual  14: 14680064 op, 4914.00 ns, 0.0003 ns/op
OverheadActual  15: 14680064 op, 4916.00 ns, 0.0003 ns/op

WorkloadWarmup   1: 14680064 op, 250144356.00 ns, 17.0397 ns/op
WorkloadWarmup   2: 14680064 op, 252224832.00 ns, 17.1815 ns/op
WorkloadWarmup   3: 14680064 op, 251972849.00 ns, 17.1643 ns/op
WorkloadWarmup   4: 14680064 op, 250422252.00 ns, 17.0587 ns/op
WorkloadWarmup   5: 14680064 op, 251482713.00 ns, 17.1309 ns/op
WorkloadWarmup   6: 14680064 op, 264430502.00 ns, 18.0129 ns/op
WorkloadWarmup   7: 14680064 op, 273075712.00 ns, 18.6018 ns/op
WorkloadWarmup   8: 14680064 op, 273732896.00 ns, 18.6466 ns/op
WorkloadWarmup   9: 14680064 op, 274561187.00 ns, 18.7030 ns/op
WorkloadWarmup  10: 14680064 op, 274493707.00 ns, 18.6984 ns/op
WorkloadWarmup  11: 14680064 op, 275035157.00 ns, 18.7353 ns/op
WorkloadWarmup  12: 14680064 op, 273855710.00 ns, 18.6549 ns/op
WorkloadWarmup  13: 14680064 op, 271236973.00 ns, 18.4766 ns/op
WorkloadWarmup  14: 14680064 op, 274336821.00 ns, 18.6877 ns/op
WorkloadWarmup  15: 14680064 op, 276312043.00 ns, 18.8223 ns/op
WorkloadWarmup  16: 14680064 op, 277853155.00 ns, 18.9272 ns/op

// BeforeActualRun
WorkloadActual   1: 14680064 op, 275424002.00 ns, 18.7618 ns/op
WorkloadActual   2: 14680064 op, 274033461.00 ns, 18.6670 ns/op
WorkloadActual   3: 14680064 op, 275695556.00 ns, 18.7803 ns/op
WorkloadActual   4: 14680064 op, 275052204.00 ns, 18.7364 ns/op
WorkloadActual   5: 14680064 op, 300841784.00 ns, 20.4932 ns/op
WorkloadActual   6: 14680064 op, 277114565.00 ns, 18.8769 ns/op
WorkloadActual   7: 14680064 op, 273641760.00 ns, 18.6404 ns/op
WorkloadActual   8: 14680064 op, 271295532.00 ns, 18.4805 ns/op
WorkloadActual   9: 14680064 op, 273195556.00 ns, 18.6100 ns/op
WorkloadActual  10: 14680064 op, 272784906.00 ns, 18.5820 ns/op
WorkloadActual  11: 14680064 op, 273081595.00 ns, 18.6022 ns/op
WorkloadActual  12: 14680064 op, 271660515.00 ns, 18.5054 ns/op

// AfterActualRun
WorkloadResult   1: 14680064 op, 275419086.00 ns, 18.7614 ns/op
WorkloadResult   2: 14680064 op, 274028545.00 ns, 18.6667 ns/op
WorkloadResult   3: 14680064 op, 275690640.00 ns, 18.7799 ns/op
WorkloadResult   4: 14680064 op, 275047288.00 ns, 18.7361 ns/op
WorkloadResult   5: 14680064 op, 277109649.00 ns, 18.8766 ns/op
WorkloadResult   6: 14680064 op, 273636844.00 ns, 18.6400 ns/op
WorkloadResult   7: 14680064 op, 271290616.00 ns, 18.4802 ns/op
WorkloadResult   8: 14680064 op, 273190640.00 ns, 18.6096 ns/op
WorkloadResult   9: 14680064 op, 272779990.00 ns, 18.5817 ns/op
WorkloadResult  10: 14680064 op, 273076679.00 ns, 18.6019 ns/op
WorkloadResult  11: 14680064 op, 271655599.00 ns, 18.5051 ns/op
// GC:  0 0 0 0 14680064
// Threading:  0 0 14680064

// AfterAll
// Benchmark Process 1579988 has exited with code 0.

Mean = 18.658 ns, StdErr = 0.036 ns (0.20%), N = 11, StdDev = 0.121 ns
Min = 18.480 ns, Q1 = 18.592 ns, Median = 18.640 ns, Q3 = 18.749 ns, Max = 18.877 ns
IQR = 0.157 ns, LowerFence = 18.356 ns, UpperFence = 18.984 ns
ConfidenceInterval = [18.491 ns; 18.825 ns] (CI 99.9%), Margin = 0.167 ns (0.90% of Mean)
Skewness = 0.2, Kurtosis = 1.81, MValue = 2

// ** Remained 24 (48.0%) benchmark(s) to run. Estimated finish 2026-09-12 13:51 (0h 2m from now) **
// **************************
// Benchmark: DataAuthoredQueryBenchmarks.GeneratedShape: Jit(IterationCount=12, IterationTime=250ms, WarmupCount=16) [Shape=SixteenTracks, Pattern=Alternating]
// *** Execute ***
// Launch: 1 / 1
// Execute: dotnet Alpha-Jit-1.dll --anonymousPipes 120 121 --benchmarkName "DataAuthoredQueryBenchmarks.GeneratedShape(Shape: SixteenTracks, Pattern: Alternating)" --job Jit --benchmarkId 26 in /home/i/GitHub/tl-56-feat-data-authored-api/benchmarks/Alpha/bin/Release/net10.0/Alpha-Jit-1/bin/Release/net10.0
// Failed to set up high priority (Permission denied). In order to run benchmarks with high priority, make sure you have the right permissions.
// BeforeAnythingElse

// Benchmark Process Environment Information:
// BenchmarkDotNet v0.15.8
// Runtime=.NET 10.0.12 (10.0.12, 10.0.1226.42308), X64 RyuJIT x86-64-v3
// GC=Concurrent Workstation
// HardwareIntrinsics=AVX2+BMI1+BMI2+F16C+FMA+LZCNT+MOVBE,AVX,SSE3+SSSE3+SSE4.1+SSE4.2+POPCNT,X86Base+SSE+SSE2,AES+PCLMUL,AvxVnni,SERIALIZE VectorSize=256
// Job: Jit(IterationCount=12, IterationTime=250ms, WarmupCount=16)

OverheadJitting  1: 4096 op, 103864.00 ns, 25.3574 ns/op
WorkloadJitting  1: 4096 op, 966622.00 ns, 235.9917 ns/op

OverheadJitting  2: 65536 op, 129430.00 ns, 1.9749 ns/op
WorkloadJitting  2: 65536 op, 12965744.00 ns, 197.8416 ns/op

WorkloadPilot    1: 65536 op, 9916769.00 ns, 151.3179 ns/op
WorkloadPilot    2: 1703936 op, 243179538.00 ns, 142.7164 ns/op
WorkloadPilot    3: 1769472 op, 254887531.00 ns, 144.0472 ns/op

OverheadWarmup   1: 1769472 op, 1114.00 ns, 0.0006 ns/op
OverheadWarmup   2: 1769472 op, 742.00 ns, 0.0004 ns/op
OverheadWarmup   3: 1769472 op, 705.00 ns, 0.0004 ns/op
OverheadWarmup   4: 1769472 op, 674.00 ns, 0.0004 ns/op
OverheadWarmup   5: 1769472 op, 656.00 ns, 0.0004 ns/op
OverheadWarmup   6: 1769472 op, 700.00 ns, 0.0004 ns/op
OverheadWarmup   7: 1769472 op, 984.00 ns, 0.0006 ns/op
OverheadWarmup   8: 1769472 op, 741.00 ns, 0.0004 ns/op
OverheadWarmup   9: 1769472 op, 1207.00 ns, 0.0007 ns/op
OverheadWarmup  10: 1769472 op, 864.00 ns, 0.0005 ns/op

OverheadActual   1: 1769472 op, 1080.00 ns, 0.0006 ns/op
OverheadActual   2: 1769472 op, 1170.00 ns, 0.0007 ns/op
OverheadActual   3: 1769472 op, 946.00 ns, 0.0005 ns/op
OverheadActual   4: 1769472 op, 811.00 ns, 0.0005 ns/op
OverheadActual   5: 1769472 op, 855.00 ns, 0.0005 ns/op
OverheadActual   6: 1769472 op, 672.00 ns, 0.0004 ns/op
OverheadActual   7: 1769472 op, 631.00 ns, 0.0004 ns/op
OverheadActual   8: 1769472 op, 647.00 ns, 0.0004 ns/op
OverheadActual   9: 1769472 op, 646.00 ns, 0.0004 ns/op
OverheadActual  10: 1769472 op, 646.00 ns, 0.0004 ns/op
OverheadActual  11: 1769472 op, 622.00 ns, 0.0004 ns/op
OverheadActual  12: 1769472 op, 639.00 ns, 0.0004 ns/op
OverheadActual  13: 1769472 op, 692.00 ns, 0.0004 ns/op
OverheadActual  14: 1769472 op, 661.00 ns, 0.0004 ns/op
OverheadActual  15: 1769472 op, 683.00 ns, 0.0004 ns/op
OverheadActual  16: 1769472 op, 688.00 ns, 0.0004 ns/op
OverheadActual  17: 1769472 op, 658.00 ns, 0.0004 ns/op
OverheadActual  18: 1769472 op, 833.00 ns, 0.0005 ns/op
OverheadActual  19: 1769472 op, 729.00 ns, 0.0004 ns/op
OverheadActual  20: 1769472 op, 696.00 ns, 0.0004 ns/op

WorkloadWarmup   1: 1769472 op, 252854161.00 ns, 142.8981 ns/op
WorkloadWarmup   2: 1769472 op, 255361507.00 ns, 144.3151 ns/op
WorkloadWarmup   3: 1769472 op, 254495013.00 ns, 143.8254 ns/op
WorkloadWarmup   4: 1769472 op, 255207735.00 ns, 144.2282 ns/op
WorkloadWarmup   5: 1769472 op, 254665626.00 ns, 143.9218 ns/op
WorkloadWarmup   6: 1769472 op, 170240710.00 ns, 96.2099 ns/op
WorkloadWarmup   7: 1769472 op, 37106742.00 ns, 20.9705 ns/op
WorkloadWarmup   8: 1769472 op, 37050945.00 ns, 20.9390 ns/op
WorkloadWarmup   9: 1769472 op, 37269952.00 ns, 21.0628 ns/op
WorkloadWarmup  10: 1769472 op, 37911220.00 ns, 21.4252 ns/op
WorkloadWarmup  11: 1769472 op, 38120917.00 ns, 21.5437 ns/op
WorkloadWarmup  12: 1769472 op, 36546926.00 ns, 20.6541 ns/op
WorkloadWarmup  13: 1769472 op, 37368954.00 ns, 21.1187 ns/op
WorkloadWarmup  14: 1769472 op, 39328885.00 ns, 22.2263 ns/op
WorkloadWarmup  15: 1769472 op, 36974047.00 ns, 20.8955 ns/op
WorkloadWarmup  16: 1769472 op, 36210264.00 ns, 20.4639 ns/op

// BeforeActualRun
WorkloadActual   1: 1769472 op, 36694992.00 ns, 20.7378 ns/op
WorkloadActual   2: 1769472 op, 38386525.00 ns, 21.6938 ns/op
WorkloadActual   3: 1769472 op, 35854054.00 ns, 20.2626 ns/op
WorkloadActual   4: 1769472 op, 36379871.00 ns, 20.5597 ns/op
WorkloadActual   5: 1769472 op, 36205229.00 ns, 20.4610 ns/op
WorkloadActual   6: 1769472 op, 37015568.00 ns, 20.9190 ns/op
WorkloadActual   7: 1769472 op, 36134379.00 ns, 20.4210 ns/op
WorkloadActual   8: 1769472 op, 37107039.00 ns, 20.9707 ns/op
WorkloadActual   9: 1769472 op, 36715990.00 ns, 20.7497 ns/op
WorkloadActual  10: 1769472 op, 36657465.00 ns, 20.7166 ns/op
WorkloadActual  11: 1769472 op, 37535981.00 ns, 21.2131 ns/op
WorkloadActual  12: 1769472 op, 36588513.00 ns, 20.6776 ns/op

// AfterActualRun
WorkloadResult   1: 1769472 op, 36694306.50 ns, 20.7374 ns/op
WorkloadResult   2: 1769472 op, 35853368.50 ns, 20.2622 ns/op
WorkloadResult   3: 1769472 op, 36379185.50 ns, 20.5593 ns/op
WorkloadResult   4: 1769472 op, 36204543.50 ns, 20.4606 ns/op
WorkloadResult   5: 1769472 op, 37014882.50 ns, 20.9186 ns/op
WorkloadResult   6: 1769472 op, 36133693.50 ns, 20.4206 ns/op
WorkloadResult   7: 1769472 op, 37106353.50 ns, 20.9703 ns/op
WorkloadResult   8: 1769472 op, 36715304.50 ns, 20.7493 ns/op
WorkloadResult   9: 1769472 op, 36656779.50 ns, 20.7162 ns/op
WorkloadResult  10: 1769472 op, 37535295.50 ns, 21.2127 ns/op
WorkloadResult  11: 1769472 op, 36587827.50 ns, 20.6773 ns/op
// GC:  0 0 0 0 1769472
// Threading:  0 0 1769472

// AfterAll
// Benchmark Process 1589661 has exited with code 0.

Mean = 20.699 ns, StdErr = 0.082 ns (0.39%), N = 11, StdDev = 0.271 ns
Min = 20.262 ns, Q1 = 20.510 ns, Median = 20.716 ns, Q3 = 20.834 ns, Max = 21.213 ns
IQR = 0.324 ns, LowerFence = 20.024 ns, UpperFence = 21.320 ns
ConfidenceInterval = [20.324 ns; 21.074 ns] (CI 99.9%), Margin = 0.375 ns (1.81% of Mean)
Skewness = 0.21, Kurtosis = 2.08, MValue = 2

// ** Remained 23 (46.0%) benchmark(s) to run. Estimated finish 2026-09-12 13:51 (0h 2m from now) **
// **************************
// Benchmark: DataAuthoredQueryBenchmarks.DataAuthoredFacade: Jit(IterationCount=12, IterationTime=250ms, WarmupCount=16) [Shape=SixteenTracks, Pattern=Alternating]
// *** Execute ***
// Launch: 1 / 1
// Execute: dotnet Alpha-Jit-1.dll --anonymousPipes 120 121 --benchmarkName "DataAuthoredQueryBenchmarks.DataAuthoredFacade(Shape: SixteenTracks, Pattern: Alternating)" --job Jit --benchmarkId 27 in /home/i/GitHub/tl-56-feat-data-authored-api/benchmarks/Alpha/bin/Release/net10.0/Alpha-Jit-1/bin/Release/net10.0
// Failed to set up high priority (Permission denied). In order to run benchmarks with high priority, make sure you have the right permissions.
// BeforeAnythingElse

// Benchmark Process Environment Information:
// BenchmarkDotNet v0.15.8
// Runtime=.NET 10.0.12 (10.0.12, 10.0.1226.42308), X64 RyuJIT x86-64-v3
// GC=Concurrent Workstation
// HardwareIntrinsics=AVX2+BMI1+BMI2+F16C+FMA+LZCNT+MOVBE,AVX,SSE3+SSSE3+SSE4.1+SSE4.2+POPCNT,X86Base+SSE+SSE2,AES+PCLMUL,AvxVnni,SERIALIZE VectorSize=256
// Job: Jit(IterationCount=12, IterationTime=250ms, WarmupCount=16)

OverheadJitting  1: 4096 op, 105042.00 ns, 25.6450 ns/op
WorkloadJitting  1: 4096 op, 1896459.00 ns, 463.0027 ns/op

OverheadJitting  2: 65536 op, 169720.00 ns, 2.5897 ns/op
WorkloadJitting  2: 65536 op, 18620389.00 ns, 284.1246 ns/op

WorkloadPilot    1: 65536 op, 19069271.00 ns, 290.9740 ns/op
WorkloadPilot    2: 917504 op, 256813654.00 ns, 279.9047 ns/op

OverheadWarmup   1: 917504 op, 769.00 ns, 0.0008 ns/op
OverheadWarmup   2: 917504 op, 484.00 ns, 0.0005 ns/op
OverheadWarmup   3: 917504 op, 373.00 ns, 0.0004 ns/op
OverheadWarmup   4: 917504 op, 376.00 ns, 0.0004 ns/op
OverheadWarmup   5: 917504 op, 416.00 ns, 0.0005 ns/op
OverheadWarmup   6: 917504 op, 392.00 ns, 0.0004 ns/op
OverheadWarmup   7: 917504 op, 399.00 ns, 0.0004 ns/op
OverheadWarmup   8: 917504 op, 398.00 ns, 0.0004 ns/op

OverheadActual   1: 917504 op, 655.00 ns, 0.0007 ns/op
OverheadActual   2: 917504 op, 651.00 ns, 0.0007 ns/op
OverheadActual   3: 917504 op, 590.00 ns, 0.0006 ns/op
OverheadActual   4: 917504 op, 461.00 ns, 0.0005 ns/op
OverheadActual   5: 917504 op, 605.00 ns, 0.0007 ns/op
OverheadActual   6: 917504 op, 444.00 ns, 0.0005 ns/op
OverheadActual   7: 917504 op, 402.00 ns, 0.0004 ns/op
OverheadActual   8: 917504 op, 424.00 ns, 0.0005 ns/op
OverheadActual   9: 917504 op, 426.00 ns, 0.0005 ns/op
OverheadActual  10: 917504 op, 428.00 ns, 0.0005 ns/op
OverheadActual  11: 917504 op, 470.00 ns, 0.0005 ns/op
OverheadActual  12: 917504 op, 477.00 ns, 0.0005 ns/op
OverheadActual  13: 917504 op, 570.00 ns, 0.0006 ns/op
OverheadActual  14: 917504 op, 466.00 ns, 0.0005 ns/op
OverheadActual  15: 917504 op, 406.00 ns, 0.0004 ns/op
OverheadActual  16: 917504 op, 400.00 ns, 0.0004 ns/op
OverheadActual  17: 917504 op, 414.00 ns, 0.0005 ns/op
OverheadActual  18: 917504 op, 525.00 ns, 0.0006 ns/op
OverheadActual  19: 917504 op, 389.00 ns, 0.0004 ns/op
OverheadActual  20: 917504 op, 389.00 ns, 0.0004 ns/op

WorkloadWarmup   1: 917504 op, 255924501.00 ns, 278.9356 ns/op
WorkloadWarmup   2: 917504 op, 254995243.00 ns, 277.9228 ns/op
WorkloadWarmup   3: 917504 op, 257027619.00 ns, 280.1379 ns/op
WorkloadWarmup   4: 917504 op, 256644909.00 ns, 279.7208 ns/op
WorkloadWarmup   5: 917504 op, 257472934.00 ns, 280.6232 ns/op
WorkloadWarmup   6: 917504 op, 259547446.00 ns, 282.8843 ns/op
WorkloadWarmup   7: 917504 op, 131290404.00 ns, 143.0952 ns/op
WorkloadWarmup   8: 917504 op, 68498088.00 ns, 74.6570 ns/op
WorkloadWarmup   9: 917504 op, 69729621.00 ns, 75.9993 ns/op
WorkloadWarmup  10: 917504 op, 68118349.00 ns, 74.2431 ns/op
WorkloadWarmup  11: 917504 op, 69160576.00 ns, 75.3790 ns/op
WorkloadWarmup  12: 917504 op, 69331026.00 ns, 75.5648 ns/op
WorkloadWarmup  13: 917504 op, 68739071.00 ns, 74.9196 ns/op
WorkloadWarmup  14: 917504 op, 73102872.00 ns, 79.6758 ns/op
WorkloadWarmup  15: 917504 op, 68846780.00 ns, 75.0370 ns/op
WorkloadWarmup  16: 917504 op, 69249548.00 ns, 75.4760 ns/op

// BeforeActualRun
WorkloadActual   1: 917504 op, 69093067.00 ns, 75.3055 ns/op
WorkloadActual   2: 917504 op, 68764029.00 ns, 74.9468 ns/op
WorkloadActual   3: 917504 op, 69422009.00 ns, 75.6640 ns/op
WorkloadActual   4: 917504 op, 69412690.00 ns, 75.6538 ns/op
WorkloadActual   5: 917504 op, 68727691.00 ns, 74.9072 ns/op
WorkloadActual   6: 917504 op, 69960819.00 ns, 76.2512 ns/op
WorkloadActual   7: 917504 op, 69227869.00 ns, 75.4524 ns/op
WorkloadActual   8: 917504 op, 68166943.00 ns, 74.2961 ns/op
WorkloadActual   9: 917504 op, 69174295.00 ns, 75.3940 ns/op
WorkloadActual  10: 917504 op, 68019518.00 ns, 74.1354 ns/op
WorkloadActual  11: 917504 op, 68978143.00 ns, 75.1802 ns/op
WorkloadActual  12: 917504 op, 68147749.00 ns, 74.2752 ns/op

// AfterActualRun
WorkloadResult   1: 917504 op, 69092614.50 ns, 75.3050 ns/op
WorkloadResult   2: 917504 op, 68763576.50 ns, 74.9464 ns/op
WorkloadResult   3: 917504 op, 69421556.50 ns, 75.6635 ns/op
WorkloadResult   4: 917504 op, 69412237.50 ns, 75.6533 ns/op
WorkloadResult   5: 917504 op, 68727238.50 ns, 74.9067 ns/op
WorkloadResult   6: 917504 op, 69960366.50 ns, 76.2507 ns/op
WorkloadResult   7: 917504 op, 69227416.50 ns, 75.4519 ns/op
WorkloadResult   8: 917504 op, 68166490.50 ns, 74.2956 ns/op
WorkloadResult   9: 917504 op, 69173842.50 ns, 75.3935 ns/op
WorkloadResult  10: 917504 op, 68019065.50 ns, 74.1349 ns/op
WorkloadResult  11: 917504 op, 68977690.50 ns, 75.1797 ns/op
WorkloadResult  12: 917504 op, 68147296.50 ns, 74.2747 ns/op
// GC:  0 0 0 0 917504
// Threading:  0 0 917504

// AfterAll
// Benchmark Process 1592689 has exited with code 0.

Mean = 75.121 ns, StdErr = 0.185 ns (0.25%), N = 12, StdDev = 0.641 ns
Min = 74.135 ns, Q1 = 74.754 ns, Median = 75.242 ns, Q3 = 75.502 ns, Max = 76.251 ns
IQR = 0.748 ns, LowerFence = 73.632 ns, UpperFence = 76.625 ns
ConfidenceInterval = [74.300 ns; 75.943 ns] (CI 99.9%), Margin = 0.821 ns (1.09% of Mean)
Skewness = -0.1, Kurtosis = 1.85, MValue = 2

// ** Remained 22 (44.0%) benchmark(s) to run. Estimated finish 2026-09-12 13:51 (0h 2m from now) **
// **************************
// Benchmark: DataAuthoredQueryBenchmarks.FacadeSelectOnly: Jit(IterationCount=12, IterationTime=250ms, WarmupCount=16) [Shape=SixteenTracks, Pattern=Alternating]
// *** Execute ***
// Launch: 1 / 1
// Execute: dotnet Alpha-Jit-1.dll --anonymousPipes 120 121 --benchmarkName "DataAuthoredQueryBenchmarks.FacadeSelectOnly(Shape: SixteenTracks, Pattern: Alternating)" --job Jit --benchmarkId 28 in /home/i/GitHub/tl-56-feat-data-authored-api/benchmarks/Alpha/bin/Release/net10.0/Alpha-Jit-1/bin/Release/net10.0
// Failed to set up high priority (Permission denied). In order to run benchmarks with high priority, make sure you have the right permissions.
// BeforeAnythingElse

// Benchmark Process Environment Information:
// BenchmarkDotNet v0.15.8
// Runtime=.NET 10.0.12 (10.0.12, 10.0.1226.42308), X64 RyuJIT x86-64-v3
// GC=Concurrent Workstation
// HardwareIntrinsics=AVX2+BMI1+BMI2+F16C+FMA+LZCNT+MOVBE,AVX,SSE3+SSSE3+SSE4.1+SSE4.2+POPCNT,X86Base+SSE+SSE2,AES+PCLMUL,AvxVnni,SERIALIZE VectorSize=256
// Job: Jit(IterationCount=12, IterationTime=250ms, WarmupCount=16)

OverheadJitting  1: 4096 op, 111100.00 ns, 27.1240 ns/op
WorkloadJitting  1: 4096 op, 273318.00 ns, 66.7280 ns/op

OverheadJitting  2: 65536 op, 126250.00 ns, 1.9264 ns/op
WorkloadJitting  2: 65536 op, 1965035.00 ns, 29.9841 ns/op

WorkloadPilot    1: 65536 op, 1866718.00 ns, 28.4839 ns/op
WorkloadPilot    2: 8781824 op, 244597400.00 ns, 27.8527 ns/op
WorkloadPilot    3: 8978432 op, 249497041.00 ns, 27.7885 ns/op
WorkloadPilot    4: 9043968 op, 252990392.00 ns, 27.9734 ns/op
WorkloadPilot    5: 8978432 op, 248042453.00 ns, 27.6265 ns/op
WorkloadPilot    6: 9109504 op, 251371903.00 ns, 27.5945 ns/op

OverheadWarmup   1: 9109504 op, 3669.00 ns, 0.0004 ns/op
OverheadWarmup   2: 9109504 op, 3236.00 ns, 0.0004 ns/op
OverheadWarmup   3: 9109504 op, 3092.00 ns, 0.0003 ns/op
OverheadWarmup   4: 9109504 op, 3085.00 ns, 0.0003 ns/op
OverheadWarmup   5: 9109504 op, 3070.00 ns, 0.0003 ns/op
OverheadWarmup   6: 9109504 op, 3109.00 ns, 0.0003 ns/op
OverheadWarmup   7: 9109504 op, 3126.00 ns, 0.0003 ns/op
OverheadWarmup   8: 9109504 op, 3126.00 ns, 0.0003 ns/op
OverheadWarmup   9: 9109504 op, 3161.00 ns, 0.0003 ns/op
OverheadWarmup  10: 9109504 op, 3109.00 ns, 0.0003 ns/op

OverheadActual   1: 9109504 op, 3270.00 ns, 0.0004 ns/op
OverheadActual   2: 9109504 op, 3317.00 ns, 0.0004 ns/op
OverheadActual   3: 9109504 op, 3293.00 ns, 0.0004 ns/op
OverheadActual   4: 9109504 op, 3314.00 ns, 0.0004 ns/op
OverheadActual   5: 9109504 op, 3342.00 ns, 0.0004 ns/op
OverheadActual   6: 9109504 op, 3160.00 ns, 0.0003 ns/op
OverheadActual   7: 9109504 op, 3081.00 ns, 0.0003 ns/op
OverheadActual   8: 9109504 op, 3071.00 ns, 0.0003 ns/op
OverheadActual   9: 9109504 op, 3082.00 ns, 0.0003 ns/op
OverheadActual  10: 9109504 op, 3075.00 ns, 0.0003 ns/op
OverheadActual  11: 9109504 op, 3085.00 ns, 0.0003 ns/op
OverheadActual  12: 9109504 op, 3069.00 ns, 0.0003 ns/op
OverheadActual  13: 9109504 op, 3106.00 ns, 0.0003 ns/op
OverheadActual  14: 9109504 op, 3080.00 ns, 0.0003 ns/op
OverheadActual  15: 9109504 op, 3094.00 ns, 0.0003 ns/op

WorkloadWarmup   1: 9109504 op, 253776140.00 ns, 27.8584 ns/op
WorkloadWarmup   2: 9109504 op, 253800627.00 ns, 27.8611 ns/op
WorkloadWarmup   3: 9109504 op, 253258687.00 ns, 27.8016 ns/op
WorkloadWarmup   4: 9109504 op, 251553511.00 ns, 27.6144 ns/op
WorkloadWarmup   5: 9109504 op, 256290373.00 ns, 28.1344 ns/op
WorkloadWarmup   6: 9109504 op, 259752298.00 ns, 28.5144 ns/op
WorkloadWarmup   7: 9109504 op, 234394550.00 ns, 25.7308 ns/op
WorkloadWarmup   8: 9109504 op, 203263129.00 ns, 22.3133 ns/op
WorkloadWarmup   9: 9109504 op, 208390842.00 ns, 22.8762 ns/op
WorkloadWarmup  10: 9109504 op, 200828749.00 ns, 22.0461 ns/op
WorkloadWarmup  11: 9109504 op, 201361167.00 ns, 22.1045 ns/op
WorkloadWarmup  12: 9109504 op, 210898772.00 ns, 23.1515 ns/op
WorkloadWarmup  13: 9109504 op, 202339649.00 ns, 22.2119 ns/op
WorkloadWarmup  14: 9109504 op, 201838979.00 ns, 22.1570 ns/op
WorkloadWarmup  15: 9109504 op, 209360298.00 ns, 22.9826 ns/op
WorkloadWarmup  16: 9109504 op, 210510909.00 ns, 23.1089 ns/op

// BeforeActualRun
WorkloadActual   1: 9109504 op, 203060210.00 ns, 22.2910 ns/op
WorkloadActual   2: 9109504 op, 203932556.00 ns, 22.3868 ns/op
WorkloadActual   3: 9109504 op, 203121029.00 ns, 22.2977 ns/op
WorkloadActual   4: 9109504 op, 202889685.00 ns, 22.2723 ns/op
WorkloadActual   5: 9109504 op, 203679262.00 ns, 22.3590 ns/op
WorkloadActual   6: 9109504 op, 202371970.00 ns, 22.2155 ns/op
WorkloadActual   7: 9109504 op, 207621563.00 ns, 22.7918 ns/op
WorkloadActual   8: 9109504 op, 203481269.00 ns, 22.3373 ns/op
WorkloadActual   9: 9109504 op, 228559933.00 ns, 25.0903 ns/op
WorkloadActual  10: 9109504 op, 207283071.00 ns, 22.7546 ns/op
WorkloadActual  11: 9109504 op, 202197734.00 ns, 22.1963 ns/op
WorkloadActual  12: 9109504 op, 204377523.00 ns, 22.4356 ns/op

// AfterActualRun
WorkloadResult   1: 9109504 op, 203057116.00 ns, 22.2907 ns/op
WorkloadResult   2: 9109504 op, 203929462.00 ns, 22.3865 ns/op
WorkloadResult   3: 9109504 op, 203117935.00 ns, 22.2974 ns/op
WorkloadResult   4: 9109504 op, 202886591.00 ns, 22.2720 ns/op
WorkloadResult   5: 9109504 op, 203676168.00 ns, 22.3586 ns/op
WorkloadResult   6: 9109504 op, 202368876.00 ns, 22.2151 ns/op
WorkloadResult   7: 9109504 op, 207618469.00 ns, 22.7914 ns/op
WorkloadResult   8: 9109504 op, 203478175.00 ns, 22.3369 ns/op
WorkloadResult   9: 9109504 op, 207279977.00 ns, 22.7543 ns/op
WorkloadResult  10: 9109504 op, 202194640.00 ns, 22.1960 ns/op
WorkloadResult  11: 9109504 op, 204374429.00 ns, 22.4353 ns/op
// GC:  0 0 0 0 9109504
// Threading:  0 0 9109504

// AfterAll
// Benchmark Process 1596338 has exited with code 0.

Mean = 22.394 ns, StdErr = 0.060 ns (0.27%), N = 11, StdDev = 0.200 ns
Min = 22.196 ns, Q1 = 22.281 ns, Median = 22.337 ns, Q3 = 22.411 ns, Max = 22.791 ns
IQR = 0.130 ns, LowerFence = 22.087 ns, UpperFence = 22.605 ns
ConfidenceInterval = [22.117 ns; 22.671 ns] (CI 99.9%), Margin = 0.277 ns (1.24% of Mean)
Skewness = 1.05, Kurtosis = 2.54, MValue = 2

// ** Remained 21 (42.0%) benchmark(s) to run. Estimated finish 2026-09-12 13:51 (0h 2m from now) **
// **************************
// Benchmark: DataAuthoredQueryBenchmarks.FacadeNoDispatch: Jit(IterationCount=12, IterationTime=250ms, WarmupCount=16) [Shape=SixteenTracks, Pattern=Alternating]
// *** Execute ***
// Launch: 1 / 1
// Execute: dotnet Alpha-Jit-1.dll --anonymousPipes 120 121 --benchmarkName "DataAuthoredQueryBenchmarks.FacadeNoDispatch(Shape: SixteenTracks, Pattern: Alternating)" --job Jit --benchmarkId 29 in /home/i/GitHub/tl-56-feat-data-authored-api/benchmarks/Alpha/bin/Release/net10.0/Alpha-Jit-1/bin/Release/net10.0
// Failed to set up high priority (Permission denied). In order to run benchmarks with high priority, make sure you have the right permissions.
// BeforeAnythingElse

// Benchmark Process Environment Information:
// BenchmarkDotNet v0.15.8
// Runtime=.NET 10.0.12 (10.0.12, 10.0.1226.42308), X64 RyuJIT x86-64-v3
// GC=Concurrent Workstation
// HardwareIntrinsics=AVX2+BMI1+BMI2+F16C+FMA+LZCNT+MOVBE,AVX,SSE3+SSSE3+SSE4.1+SSE4.2+POPCNT,X86Base+SSE+SSE2,AES+PCLMUL,AvxVnni,SERIALIZE VectorSize=256
// Job: Jit(IterationCount=12, IterationTime=250ms, WarmupCount=16)

OverheadJitting  1: 4096 op, 109532.00 ns, 26.7412 ns/op
WorkloadJitting  1: 4096 op, 377759.00 ns, 92.2263 ns/op

OverheadJitting  2: 65536 op, 210315.00 ns, 3.2092 ns/op
WorkloadJitting  2: 65536 op, 3686931.00 ns, 56.2581 ns/op

WorkloadPilot    1: 65536 op, 4498513.00 ns, 68.6419 ns/op
WorkloadPilot    2: 3670016 op, 178002930.00 ns, 48.5019 ns/op
WorkloadPilot    3: 5177344 op, 238926032.00 ns, 46.1484 ns/op
WorkloadPilot    4: 5439488 op, 250635458.00 ns, 46.0770 ns/op

OverheadWarmup   1: 5439488 op, 2405.00 ns, 0.0004 ns/op
OverheadWarmup   2: 5439488 op, 2045.00 ns, 0.0004 ns/op
OverheadWarmup   3: 5439488 op, 1929.00 ns, 0.0004 ns/op
OverheadWarmup   4: 5439488 op, 1877.00 ns, 0.0003 ns/op
OverheadWarmup   5: 5439488 op, 1900.00 ns, 0.0003 ns/op
OverheadWarmup   6: 5439488 op, 1864.00 ns, 0.0003 ns/op
OverheadWarmup   7: 5439488 op, 1920.00 ns, 0.0004 ns/op
OverheadWarmup   8: 5439488 op, 1900.00 ns, 0.0003 ns/op

OverheadActual   1: 5439488 op, 2072.00 ns, 0.0004 ns/op
OverheadActual   2: 5439488 op, 2096.00 ns, 0.0004 ns/op
OverheadActual   3: 5439488 op, 2094.00 ns, 0.0004 ns/op
OverheadActual   4: 5439488 op, 2066.00 ns, 0.0004 ns/op
OverheadActual   5: 5439488 op, 2008.00 ns, 0.0004 ns/op
OverheadActual   6: 5439488 op, 1863.00 ns, 0.0003 ns/op
OverheadActual   7: 5439488 op, 1861.00 ns, 0.0003 ns/op
OverheadActual   8: 5439488 op, 1861.00 ns, 0.0003 ns/op
OverheadActual   9: 5439488 op, 1880.00 ns, 0.0003 ns/op
OverheadActual  10: 5439488 op, 1866.00 ns, 0.0003 ns/op
OverheadActual  11: 5439488 op, 1882.00 ns, 0.0003 ns/op
OverheadActual  12: 5439488 op, 1877.00 ns, 0.0003 ns/op
OverheadActual  13: 5439488 op, 1876.00 ns, 0.0003 ns/op
OverheadActual  14: 5439488 op, 1967.00 ns, 0.0004 ns/op
OverheadActual  15: 5439488 op, 2103.00 ns, 0.0004 ns/op
OverheadActual  16: 5439488 op, 1955.00 ns, 0.0004 ns/op
OverheadActual  17: 5439488 op, 1985.00 ns, 0.0004 ns/op

WorkloadWarmup   1: 5439488 op, 250125938.00 ns, 45.9834 ns/op
WorkloadWarmup   2: 5439488 op, 251753425.00 ns, 46.2826 ns/op
WorkloadWarmup   3: 5439488 op, 251586594.00 ns, 46.2519 ns/op
WorkloadWarmup   4: 5439488 op, 251643506.00 ns, 46.2624 ns/op
WorkloadWarmup   5: 5439488 op, 241766422.00 ns, 44.4465 ns/op
WorkloadWarmup   6: 5439488 op, 196619112.00 ns, 36.1466 ns/op
WorkloadWarmup   7: 5439488 op, 196166678.00 ns, 36.0634 ns/op
WorkloadWarmup   8: 5439488 op, 195494940.00 ns, 35.9400 ns/op
WorkloadWarmup   9: 5439488 op, 192288883.00 ns, 35.3505 ns/op
WorkloadWarmup  10: 5439488 op, 200692241.00 ns, 36.8954 ns/op
WorkloadWarmup  11: 5439488 op, 195758660.00 ns, 35.9884 ns/op
WorkloadWarmup  12: 5439488 op, 196635633.00 ns, 36.1497 ns/op
WorkloadWarmup  13: 5439488 op, 200746545.00 ns, 36.9054 ns/op
WorkloadWarmup  14: 5439488 op, 197268473.00 ns, 36.2660 ns/op
WorkloadWarmup  15: 5439488 op, 195265926.00 ns, 35.8979 ns/op
WorkloadWarmup  16: 5439488 op, 196325111.00 ns, 36.0926 ns/op

// BeforeActualRun
WorkloadActual   1: 5439488 op, 196705585.00 ns, 36.1625 ns/op
WorkloadActual   2: 5439488 op, 196690353.00 ns, 36.1597 ns/op
WorkloadActual   3: 5439488 op, 197640418.00 ns, 36.3344 ns/op
WorkloadActual   4: 5439488 op, 195349788.00 ns, 35.9133 ns/op
WorkloadActual   5: 5439488 op, 196932709.00 ns, 36.2043 ns/op
WorkloadActual   6: 5439488 op, 195477563.00 ns, 35.9368 ns/op
WorkloadActual   7: 5439488 op, 195194081.00 ns, 35.8846 ns/op
WorkloadActual   8: 5439488 op, 218411333.00 ns, 40.1529 ns/op
WorkloadActual   9: 5439488 op, 196258787.00 ns, 36.0804 ns/op
WorkloadActual  10: 5439488 op, 196537192.00 ns, 36.1316 ns/op
WorkloadActual  11: 5439488 op, 195734405.00 ns, 35.9840 ns/op
WorkloadActual  12: 5439488 op, 196078696.00 ns, 36.0473 ns/op

// AfterActualRun
WorkloadResult   1: 5439488 op, 196703630.00 ns, 36.1622 ns/op
WorkloadResult   2: 5439488 op, 196688398.00 ns, 36.1594 ns/op
WorkloadResult   3: 5439488 op, 197638463.00 ns, 36.3340 ns/op
WorkloadResult   4: 5439488 op, 195347833.00 ns, 35.9129 ns/op
WorkloadResult   5: 5439488 op, 196930754.00 ns, 36.2039 ns/op
WorkloadResult   6: 5439488 op, 195475608.00 ns, 35.9364 ns/op
WorkloadResult   7: 5439488 op, 195192126.00 ns, 35.8843 ns/op
WorkloadResult   8: 5439488 op, 196256832.00 ns, 36.0800 ns/op
WorkloadResult   9: 5439488 op, 196535237.00 ns, 36.1312 ns/op
WorkloadResult  10: 5439488 op, 195732450.00 ns, 35.9836 ns/op
WorkloadResult  11: 5439488 op, 196076741.00 ns, 36.0469 ns/op
// GC:  0 0 0 0 5439488
// Threading:  0 0 5439488

// AfterAll
// Benchmark Process 1604038 has exited with code 0.

Mean = 36.076 ns, StdErr = 0.042 ns (0.12%), N = 11, StdDev = 0.139 ns
Min = 35.884 ns, Q1 = 35.960 ns, Median = 36.080 ns, Q3 = 36.161 ns, Max = 36.334 ns
IQR = 0.201 ns, LowerFence = 35.659 ns, UpperFence = 36.462 ns
ConfidenceInterval = [35.884 ns; 36.268 ns] (CI 99.9%), Margin = 0.192 ns (0.53% of Mean)
Skewness = 0.2, Kurtosis = 1.8, MValue = 2

// ** Remained 20 (40.0%) benchmark(s) to run. Estimated finish 2026-09-12 13:51 (0h 1m from now) **
// **************************
// Benchmark: DataAuthoredQueryBenchmarks.DirectShape: Jit(IterationCount=12, IterationTime=250ms, WarmupCount=16) [Shape=TwoHundredFiftySixTracks, Pattern=Forward]
// *** Execute ***
// Launch: 1 / 1
// Execute: dotnet Alpha-Jit-1.dll --anonymousPipes 120 121 --benchmarkName "DataAuthoredQueryBenchmarks.DirectShape(Shape: TwoHundredFiftySixTracks, Pattern: Forward)" --job Jit --benchmarkId 30 in /home/i/GitHub/tl-56-feat-data-authored-api/benchmarks/Alpha/bin/Release/net10.0/Alpha-Jit-1/bin/Release/net10.0
// Failed to set up high priority (Permission denied). In order to run benchmarks with high priority, make sure you have the right permissions.
// BeforeAnythingElse

// Benchmark Process Environment Information:
// BenchmarkDotNet v0.15.8
// Runtime=.NET 10.0.12 (10.0.12, 10.0.1226.42308), X64 RyuJIT x86-64-v3
// GC=Concurrent Workstation
// HardwareIntrinsics=AVX2+BMI1+BMI2+F16C+FMA+LZCNT+MOVBE,AVX,SSE3+SSSE3+SSE4.1+SSE4.2+POPCNT,X86Base+SSE+SSE2,AES+PCLMUL,AvxVnni,SERIALIZE VectorSize=256
// Job: Jit(IterationCount=12, IterationTime=250ms, WarmupCount=16)

OverheadJitting  1: 4096 op, 123625.00 ns, 30.1819 ns/op
WorkloadJitting  1: 4096 op, 3090618.00 ns, 754.5454 ns/op

OverheadJitting  2: 65536 op, 176478.00 ns, 2.6928 ns/op
WorkloadJitting  2: 65536 op, 29382923.00 ns, 448.3478 ns/op

WorkloadPilot    1: 65536 op, 29906162.00 ns, 456.3318 ns/op
WorkloadPilot    2: 589824 op, 271159833.00 ns, 459.7301 ns/op

OverheadWarmup   1: 589824 op, 747.00 ns, 0.0013 ns/op
OverheadWarmup   2: 589824 op, 493.00 ns, 0.0008 ns/op
OverheadWarmup   3: 589824 op, 362.00 ns, 0.0006 ns/op
OverheadWarmup   4: 589824 op, 383.00 ns, 0.0006 ns/op
OverheadWarmup   5: 589824 op, 849.00 ns, 0.0014 ns/op
OverheadWarmup   6: 589824 op, 356.00 ns, 0.0006 ns/op
OverheadWarmup   7: 589824 op, 409.00 ns, 0.0007 ns/op
OverheadWarmup   8: 589824 op, 330.00 ns, 0.0006 ns/op

OverheadActual   1: 589824 op, 791.00 ns, 0.0013 ns/op
OverheadActual   2: 589824 op, 494.00 ns, 0.0008 ns/op
OverheadActual   3: 589824 op, 501.00 ns, 0.0008 ns/op
OverheadActual   4: 589824 op, 417.00 ns, 0.0007 ns/op
OverheadActual   5: 589824 op, 512.00 ns, 0.0009 ns/op
OverheadActual   6: 589824 op, 283.00 ns, 0.0005 ns/op
OverheadActual   7: 589824 op, 297.00 ns, 0.0005 ns/op
OverheadActual   8: 589824 op, 276.00 ns, 0.0005 ns/op
OverheadActual   9: 589824 op, 271.00 ns, 0.0005 ns/op
OverheadActual  10: 589824 op, 271.00 ns, 0.0005 ns/op
OverheadActual  11: 589824 op, 302.00 ns, 0.0005 ns/op
OverheadActual  12: 589824 op, 300.00 ns, 0.0005 ns/op
OverheadActual  13: 589824 op, 296.00 ns, 0.0005 ns/op
OverheadActual  14: 589824 op, 282.00 ns, 0.0005 ns/op
OverheadActual  15: 589824 op, 294.00 ns, 0.0005 ns/op
OverheadActual  16: 589824 op, 291.00 ns, 0.0005 ns/op
OverheadActual  17: 589824 op, 300.00 ns, 0.0005 ns/op
OverheadActual  18: 589824 op, 576.00 ns, 0.0010 ns/op
OverheadActual  19: 589824 op, 321.00 ns, 0.0005 ns/op
OverheadActual  20: 589824 op, 315.00 ns, 0.0005 ns/op

WorkloadWarmup   1: 589824 op, 272630217.00 ns, 462.2230 ns/op
WorkloadWarmup   2: 589824 op, 272027360.00 ns, 461.2009 ns/op
WorkloadWarmup   3: 589824 op, 268789164.00 ns, 455.7108 ns/op
WorkloadWarmup   4: 589824 op, 271036519.00 ns, 459.5210 ns/op
WorkloadWarmup   5: 589824 op, 271466355.00 ns, 460.2498 ns/op
WorkloadWarmup   6: 589824 op, 267673039.00 ns, 453.8185 ns/op
WorkloadWarmup   7: 589824 op, 200583956.00 ns, 340.0743 ns/op
WorkloadWarmup   8: 589824 op, 201754154.00 ns, 342.0582 ns/op
WorkloadWarmup   9: 589824 op, 200681489.00 ns, 340.2396 ns/op
WorkloadWarmup  10: 589824 op, 202785234.00 ns, 343.8063 ns/op
WorkloadWarmup  11: 589824 op, 202259505.00 ns, 342.9150 ns/op
WorkloadWarmup  12: 589824 op, 199472440.00 ns, 338.1898 ns/op
WorkloadWarmup  13: 589824 op, 200056707.00 ns, 339.1803 ns/op
WorkloadWarmup  14: 589824 op, 200218080.00 ns, 339.4539 ns/op
WorkloadWarmup  15: 589824 op, 200339584.00 ns, 339.6599 ns/op
WorkloadWarmup  16: 589824 op, 200634010.00 ns, 340.1591 ns/op

// BeforeActualRun
WorkloadActual   1: 589824 op, 200875999.00 ns, 340.5694 ns/op
WorkloadActual   2: 589824 op, 199852913.00 ns, 338.8348 ns/op
WorkloadActual   3: 589824 op, 201129646.00 ns, 340.9994 ns/op
WorkloadActual   4: 589824 op, 201013925.00 ns, 340.8032 ns/op
WorkloadActual   5: 589824 op, 203169994.00 ns, 344.4587 ns/op
WorkloadActual   6: 589824 op, 201424872.00 ns, 341.5000 ns/op
WorkloadActual   7: 589824 op, 204725804.00 ns, 347.0964 ns/op
WorkloadActual   8: 589824 op, 217742712.00 ns, 369.1656 ns/op
WorkloadActual   9: 589824 op, 200895630.00 ns, 340.6027 ns/op
WorkloadActual  10: 589824 op, 201287216.00 ns, 341.2666 ns/op
WorkloadActual  11: 589824 op, 200293362.00 ns, 339.5816 ns/op
WorkloadActual  12: 589824 op, 198451666.00 ns, 336.4591 ns/op

// AfterActualRun
WorkloadResult   1: 589824 op, 200875699.00 ns, 340.5689 ns/op
WorkloadResult   2: 589824 op, 199852613.00 ns, 338.8343 ns/op
WorkloadResult   3: 589824 op, 201129346.00 ns, 340.9989 ns/op
WorkloadResult   4: 589824 op, 201013625.00 ns, 340.8027 ns/op
WorkloadResult   5: 589824 op, 203169694.00 ns, 344.4582 ns/op
WorkloadResult   6: 589824 op, 201424572.00 ns, 341.4995 ns/op
WorkloadResult   7: 589824 op, 200895330.00 ns, 340.6022 ns/op
WorkloadResult   8: 589824 op, 201286916.00 ns, 341.2661 ns/op
WorkloadResult   9: 589824 op, 200293062.00 ns, 339.5811 ns/op
WorkloadResult  10: 589824 op, 198451366.00 ns, 336.4586 ns/op
// GC:  0 0 0 0 589824
// Threading:  0 0 589824

// AfterAll
// Benchmark Process 1610812 has exited with code 0.

Mean = 340.507 ns, StdErr = 0.646 ns (0.19%), N = 10, StdDev = 2.043 ns
Min = 336.459 ns, Q1 = 339.828 ns, Median = 340.702 ns, Q3 = 341.199 ns, Max = 344.458 ns
IQR = 1.371 ns, LowerFence = 337.771 ns, UpperFence = 343.256 ns
ConfidenceInterval = [337.419 ns; 343.596 ns] (CI 99.9%), Margin = 3.089 ns (0.91% of Mean)
Skewness = -0.1, Kurtosis = 3, MValue = 2

// ** Remained 19 (38.0%) benchmark(s) to run. Estimated finish 2026-09-12 13:51 (0h 1m from now) **
// **************************
// Benchmark: DataAuthoredQueryBenchmarks.GeneratedShape: Jit(IterationCount=12, IterationTime=250ms, WarmupCount=16) [Shape=TwoHundredFiftySixTracks, Pattern=Forward]
// *** Execute ***
// Launch: 1 / 1
// Execute: dotnet Alpha-Jit-1.dll --anonymousPipes 120 121 --benchmarkName "DataAuthoredQueryBenchmarks.GeneratedShape(Shape: TwoHundredFiftySixTracks, Pattern: Forward)" --job Jit --benchmarkId 31 in /home/i/GitHub/tl-56-feat-data-authored-api/benchmarks/Alpha/bin/Release/net10.0/Alpha-Jit-1/bin/Release/net10.0
// Failed to set up high priority (Permission denied). In order to run benchmarks with high priority, make sure you have the right permissions.
// BeforeAnythingElse

// Benchmark Process Environment Information:
// BenchmarkDotNet v0.15.8
// Runtime=.NET 10.0.12 (10.0.12, 10.0.1226.42308), X64 RyuJIT x86-64-v3
// GC=Concurrent Workstation
// HardwareIntrinsics=AVX2+BMI1+BMI2+F16C+FMA+LZCNT+MOVBE,AVX,SSE3+SSSE3+SSE4.1+SSE4.2+POPCNT,X86Base+SSE+SSE2,AES+PCLMUL,AvxVnni,SERIALIZE VectorSize=256
// Job: Jit(IterationCount=12, IterationTime=250ms, WarmupCount=16)

OverheadJitting  1: 4096 op, 113774.00 ns, 27.7769 ns/op
WorkloadJitting  1: 4096 op, 170850538.00 ns, 41.7116 us/op

OverheadJitting  2: 4096 op, 338.00 ns, 0.0825 ns/op
WorkloadJitting  2: 4096 op, 171018098.00 ns, 41.7525 us/op

WorkloadWarmup   1: 4096 op, 172327710.00 ns, 42.0722 us/op
WorkloadWarmup   2: 4096 op, 172916478.00 ns, 42.2159 us/op
WorkloadWarmup   3: 4096 op, 203482291.00 ns, 49.6783 us/op
WorkloadWarmup   4: 4096 op, 171391462.00 ns, 41.8436 us/op
WorkloadWarmup   5: 4096 op, 170525967.00 ns, 41.6323 us/op
WorkloadWarmup   6: 4096 op, 170821528.00 ns, 41.7045 us/op
WorkloadWarmup   7: 4096 op, 170305172.00 ns, 41.5784 us/op
WorkloadWarmup   8: 4096 op, 182961140.00 ns, 44.6682 us/op
WorkloadWarmup   9: 4096 op, 139187489.00 ns, 33.9813 us/op
WorkloadWarmup  10: 4096 op, 139991999.00 ns, 34.1777 us/op
WorkloadWarmup  11: 4096 op, 141166888.00 ns, 34.4646 us/op
WorkloadWarmup  12: 4096 op, 142426866.00 ns, 34.7722 us/op
WorkloadWarmup  13: 4096 op, 141201270.00 ns, 34.4730 us/op
WorkloadWarmup  14: 4096 op, 140240184.00 ns, 34.2383 us/op
WorkloadWarmup  15: 4096 op, 140137719.00 ns, 34.2133 us/op
WorkloadWarmup  16: 4096 op, 142772164.00 ns, 34.8565 us/op

// BeforeActualRun
WorkloadActual   1: 4096 op, 138517319.00 ns, 33.8177 us/op
WorkloadActual   2: 4096 op, 138658629.00 ns, 33.8522 us/op
WorkloadActual   3: 4096 op, 139644584.00 ns, 34.0929 us/op
WorkloadActual   4: 4096 op, 140890936.00 ns, 34.3972 us/op
WorkloadActual   5: 4096 op, 141436368.00 ns, 34.5304 us/op
WorkloadActual   6: 4096 op, 141005912.00 ns, 34.4253 us/op
WorkloadActual   7: 4096 op, 139133376.00 ns, 33.9681 us/op
WorkloadActual   8: 4096 op, 139511950.00 ns, 34.0605 us/op
WorkloadActual   9: 4096 op, 141089671.00 ns, 34.4457 us/op
WorkloadActual  10: 4096 op, 140265281.00 ns, 34.2445 us/op
WorkloadActual  11: 4096 op, 143774471.00 ns, 35.1012 us/op
WorkloadActual  12: 4096 op, 140122888.00 ns, 34.2097 us/op

// AfterActualRun
WorkloadResult   1: 4096 op, 138517319.00 ns, 33.8177 us/op
WorkloadResult   2: 4096 op, 138658629.00 ns, 33.8522 us/op
WorkloadResult   3: 4096 op, 139644584.00 ns, 34.0929 us/op
WorkloadResult   4: 4096 op, 140890936.00 ns, 34.3972 us/op
WorkloadResult   5: 4096 op, 141436368.00 ns, 34.5304 us/op
WorkloadResult   6: 4096 op, 141005912.00 ns, 34.4253 us/op
WorkloadResult   7: 4096 op, 139133376.00 ns, 33.9681 us/op
WorkloadResult   8: 4096 op, 139511950.00 ns, 34.0605 us/op
WorkloadResult   9: 4096 op, 141089671.00 ns, 34.4457 us/op
WorkloadResult  10: 4096 op, 140265281.00 ns, 34.2445 us/op
WorkloadResult  11: 4096 op, 140122888.00 ns, 34.2097 us/op
// GC:  0 0 0 0 4096
// Threading:  0 0 4096

// AfterAll
// Benchmark Process 1617865 has exited with code 0.

Mean = 34.186 us, StdErr = 0.075 us (0.22%), N = 11, StdDev = 0.247 us
Min = 33.818 us, Q1 = 34.014 us, Median = 34.210 us, Q3 = 34.411 us, Max = 34.530 us
IQR = 0.397 us, LowerFence = 33.419 us, UpperFence = 35.007 us
ConfidenceInterval = [33.844 us; 34.528 us] (CI 99.9%), Margin = 0.342 us (1.00% of Mean)
Skewness = -0.11, Kurtosis = 1.4, MValue = 2

// ** Remained 18 (36.0%) benchmark(s) to run. Estimated finish 2026-09-12 13:51 (0h 1m from now) **
// **************************
// Benchmark: DataAuthoredQueryBenchmarks.DataAuthoredFacade: Jit(IterationCount=12, IterationTime=250ms, WarmupCount=16) [Shape=TwoHundredFiftySixTracks, Pattern=Forward]
// *** Execute ***
// Launch: 1 / 1
// Execute: dotnet Alpha-Jit-1.dll --anonymousPipes 120 121 --benchmarkName "DataAuthoredQueryBenchmarks.DataAuthoredFacade(Shape: TwoHundredFiftySixTracks, Pattern: Forward)" --job Jit --benchmarkId 32 in /home/i/GitHub/tl-56-feat-data-authored-api/benchmarks/Alpha/bin/Release/net10.0/Alpha-Jit-1/bin/Release/net10.0
// Failed to set up high priority (Permission denied). In order to run benchmarks with high priority, make sure you have the right permissions.
// BeforeAnythingElse

// Benchmark Process Environment Information:
// BenchmarkDotNet v0.15.8
// Runtime=.NET 10.0.12 (10.0.12, 10.0.1226.42308), X64 RyuJIT x86-64-v3
// GC=Concurrent Workstation
// HardwareIntrinsics=AVX2+BMI1+BMI2+F16C+FMA+LZCNT+MOVBE,AVX,SSE3+SSSE3+SSE4.1+SSE4.2+POPCNT,X86Base+SSE+SSE2,AES+PCLMUL,AvxVnni,SERIALIZE VectorSize=256
// Job: Jit(IterationCount=12, IterationTime=250ms, WarmupCount=16)

OverheadJitting  1: 4096 op, 110522.00 ns, 26.9829 ns/op
WorkloadJitting  1: 4096 op, 17985110.00 ns, 4.3909 us/op

WorkloadPilot    1: 16384 op, 68297866.00 ns, 4.1686 us/op
WorkloadPilot    2: 61440 op, 254063313.00 ns, 4.1351 us/op

WorkloadWarmup   1: 61440 op, 255092547.00 ns, 4.1519 us/op
WorkloadWarmup   2: 61440 op, 254976553.00 ns, 4.1500 us/op
WorkloadWarmup   3: 61440 op, 255757422.00 ns, 4.1627 us/op
WorkloadWarmup   4: 61440 op, 254208087.00 ns, 4.1375 us/op
WorkloadWarmup   5: 61440 op, 257229708.00 ns, 4.1867 us/op
WorkloadWarmup   6: 61440 op, 145001367.00 ns, 2.3600 us/op
WorkloadWarmup   7: 61440 op, 69208891.00 ns, 1.1264 us/op
WorkloadWarmup   8: 61440 op, 71205410.00 ns, 1.1589 us/op
WorkloadWarmup   9: 61440 op, 68958315.00 ns, 1.1224 us/op
WorkloadWarmup  10: 61440 op, 72825202.00 ns, 1.1853 us/op
WorkloadWarmup  11: 61440 op, 66849314.00 ns, 1.0880 us/op
WorkloadWarmup  12: 61440 op, 68028976.00 ns, 1.1072 us/op
WorkloadWarmup  13: 61440 op, 67452422.00 ns, 1.0979 us/op
WorkloadWarmup  14: 61440 op, 68310815.00 ns, 1.1118 us/op
WorkloadWarmup  15: 61440 op, 67048393.00 ns, 1.0913 us/op
WorkloadWarmup  16: 61440 op, 67951421.00 ns, 1.1060 us/op

// BeforeActualRun
WorkloadActual   1: 61440 op, 68117018.00 ns, 1.1087 us/op
WorkloadActual   2: 61440 op, 68267945.00 ns, 1.1111 us/op
WorkloadActual   3: 61440 op, 66923599.00 ns, 1.0893 us/op
WorkloadActual   4: 61440 op, 67951752.00 ns, 1.1060 us/op
WorkloadActual   5: 61440 op, 68209094.00 ns, 1.1102 us/op
WorkloadActual   6: 61440 op, 66952082.00 ns, 1.0897 us/op
WorkloadActual   7: 61440 op, 68073050.00 ns, 1.1080 us/op
WorkloadActual   8: 61440 op, 66612018.00 ns, 1.0842 us/op
WorkloadActual   9: 61440 op, 68306594.00 ns, 1.1118 us/op
WorkloadActual  10: 61440 op, 68066270.00 ns, 1.1078 us/op
WorkloadActual  11: 61440 op, 67309899.00 ns, 1.0955 us/op
WorkloadActual  12: 61440 op, 69624172.00 ns, 1.1332 us/op

// AfterActualRun
WorkloadResult   1: 61440 op, 68117018.00 ns, 1.1087 us/op
WorkloadResult   2: 61440 op, 68267945.00 ns, 1.1111 us/op
WorkloadResult   3: 61440 op, 66923599.00 ns, 1.0893 us/op
WorkloadResult   4: 61440 op, 67951752.00 ns, 1.1060 us/op
WorkloadResult   5: 61440 op, 68209094.00 ns, 1.1102 us/op
WorkloadResult   6: 61440 op, 66952082.00 ns, 1.0897 us/op
WorkloadResult   7: 61440 op, 68073050.00 ns, 1.1080 us/op
WorkloadResult   8: 61440 op, 66612018.00 ns, 1.0842 us/op
WorkloadResult   9: 61440 op, 68306594.00 ns, 1.1118 us/op
WorkloadResult  10: 61440 op, 68066270.00 ns, 1.1078 us/op
WorkloadResult  11: 61440 op, 67309899.00 ns, 1.0955 us/op
WorkloadResult  12: 61440 op, 69624172.00 ns, 1.1332 us/op
// GC:  0 0 0 0 61440
// Threading:  0 0 61440

// AfterAll
// Benchmark Process 1623063 has exited with code 0.

Mean = 1.105 us, StdErr = 0.004 us (0.35%), N = 12, StdDev = 0.013 us
Min = 1.084 us, Q1 = 1.094 us, Median = 1.108 us, Q3 = 1.110 us, Max = 1.133 us
IQR = 0.016 us, LowerFence = 1.070 us, UpperFence = 1.135 us
ConfidenceInterval = [1.088 us; 1.122 us] (CI 99.9%), Margin = 0.017 us (1.54% of Mean)
Skewness = 0.29, Kurtosis = 2.57, MValue = 2

// ** Remained 17 (34.0%) benchmark(s) to run. Estimated finish 2026-09-12 13:51 (0h 1m from now) **
// **************************
// Benchmark: DataAuthoredQueryBenchmarks.FacadeSelectOnly: Jit(IterationCount=12, IterationTime=250ms, WarmupCount=16) [Shape=TwoHundredFiftySixTracks, Pattern=Forward]
// *** Execute ***
// Launch: 1 / 1
// Execute: dotnet Alpha-Jit-1.dll --anonymousPipes 120 121 --benchmarkName "DataAuthoredQueryBenchmarks.FacadeSelectOnly(Shape: TwoHundredFiftySixTracks, Pattern: Forward)" --job Jit --benchmarkId 33 in /home/i/GitHub/tl-56-feat-data-authored-api/benchmarks/Alpha/bin/Release/net10.0/Alpha-Jit-1/bin/Release/net10.0
// Failed to set up high priority (Permission denied). In order to run benchmarks with high priority, make sure you have the right permissions.
// BeforeAnythingElse

// Benchmark Process Environment Information:
// BenchmarkDotNet v0.15.8
// Runtime=.NET 10.0.12 (10.0.12, 10.0.1226.42308), X64 RyuJIT x86-64-v3
// GC=Concurrent Workstation
// HardwareIntrinsics=AVX2+BMI1+BMI2+F16C+FMA+LZCNT+MOVBE,AVX,SSE3+SSSE3+SSE4.1+SSE4.2+POPCNT,X86Base+SSE+SSE2,AES+PCLMUL,AvxVnni,SERIALIZE VectorSize=256
// Job: Jit(IterationCount=12, IterationTime=250ms, WarmupCount=16)

OverheadJitting  1: 4096 op, 107969.00 ns, 26.3596 ns/op
WorkloadJitting  1: 4096 op, 1017181.00 ns, 248.3352 ns/op

OverheadJitting  2: 65536 op, 151526.00 ns, 2.3121 ns/op
WorkloadJitting  2: 65536 op, 14576449.00 ns, 222.4190 ns/op

WorkloadPilot    1: 65536 op, 14181949.00 ns, 216.3994 ns/op
WorkloadPilot    2: 1179648 op, 254751654.00 ns, 215.9557 ns/op

OverheadWarmup   1: 1179648 op, 1058.00 ns, 0.0009 ns/op
OverheadWarmup   2: 1179648 op, 549.00 ns, 0.0005 ns/op
OverheadWarmup   3: 1179648 op, 487.00 ns, 0.0004 ns/op
OverheadWarmup   4: 1179648 op, 468.00 ns, 0.0004 ns/op
OverheadWarmup   5: 1179648 op, 542.00 ns, 0.0005 ns/op
OverheadWarmup   6: 1179648 op, 514.00 ns, 0.0004 ns/op
OverheadWarmup   7: 1179648 op, 480.00 ns, 0.0004 ns/op
OverheadWarmup   8: 1179648 op, 483.00 ns, 0.0004 ns/op
OverheadWarmup   9: 1179648 op, 493.00 ns, 0.0004 ns/op
OverheadWarmup  10: 1179648 op, 488.00 ns, 0.0004 ns/op

OverheadActual   1: 1179648 op, 720.00 ns, 0.0006 ns/op
OverheadActual   2: 1179648 op, 875.00 ns, 0.0007 ns/op
OverheadActual   3: 1179648 op, 775.00 ns, 0.0007 ns/op
OverheadActual   4: 1179648 op, 692.00 ns, 0.0006 ns/op
OverheadActual   5: 1179648 op, 720.00 ns, 0.0006 ns/op
OverheadActual   6: 1179648 op, 512.00 ns, 0.0004 ns/op
OverheadActual   7: 1179648 op, 478.00 ns, 0.0004 ns/op
OverheadActual   8: 1179648 op, 463.00 ns, 0.0004 ns/op
OverheadActual   9: 1179648 op, 484.00 ns, 0.0004 ns/op
OverheadActual  10: 1179648 op, 491.00 ns, 0.0004 ns/op
OverheadActual  11: 1179648 op, 470.00 ns, 0.0004 ns/op
OverheadActual  12: 1179648 op, 459.00 ns, 0.0004 ns/op
OverheadActual  13: 1179648 op, 482.00 ns, 0.0004 ns/op
OverheadActual  14: 1179648 op, 511.00 ns, 0.0004 ns/op
OverheadActual  15: 1179648 op, 600.00 ns, 0.0005 ns/op
OverheadActual  16: 1179648 op, 555.00 ns, 0.0005 ns/op
OverheadActual  17: 1179648 op, 599.00 ns, 0.0005 ns/op
OverheadActual  18: 1179648 op, 1166.00 ns, 0.0010 ns/op
OverheadActual  19: 1179648 op, 565.00 ns, 0.0005 ns/op
OverheadActual  20: 1179648 op, 610.00 ns, 0.0005 ns/op

WorkloadWarmup   1: 1179648 op, 253223356.00 ns, 214.6601 ns/op
WorkloadWarmup   2: 1179648 op, 254350028.00 ns, 215.6152 ns/op
WorkloadWarmup   3: 1179648 op, 253919674.00 ns, 215.2504 ns/op
WorkloadWarmup   4: 1179648 op, 254377610.00 ns, 215.6386 ns/op
WorkloadWarmup   5: 1179648 op, 253892286.00 ns, 215.2272 ns/op
WorkloadWarmup   6: 1179648 op, 257048608.00 ns, 217.9028 ns/op
WorkloadWarmup   7: 1179648 op, 247408045.00 ns, 209.7304 ns/op
WorkloadWarmup   8: 1179648 op, 248486935.00 ns, 210.6450 ns/op
WorkloadWarmup   9: 1179648 op, 248874032.00 ns, 210.9731 ns/op
WorkloadWarmup  10: 1179648 op, 257771378.00 ns, 218.5155 ns/op
WorkloadWarmup  11: 1179648 op, 249664177.00 ns, 211.6429 ns/op
WorkloadWarmup  12: 1179648 op, 248575344.00 ns, 210.7199 ns/op
WorkloadWarmup  13: 1179648 op, 248550516.00 ns, 210.6989 ns/op
WorkloadWarmup  14: 1179648 op, 251247693.00 ns, 212.9853 ns/op
WorkloadWarmup  15: 1179648 op, 250120467.00 ns, 212.0297 ns/op
WorkloadWarmup  16: 1179648 op, 247728221.00 ns, 210.0018 ns/op

// BeforeActualRun
WorkloadActual   1: 1179648 op, 249294023.00 ns, 211.3292 ns/op
WorkloadActual   2: 1179648 op, 248824168.00 ns, 210.9309 ns/op
WorkloadActual   3: 1179648 op, 247948292.00 ns, 210.1884 ns/op
WorkloadActual   4: 1179648 op, 246470117.00 ns, 208.9353 ns/op
WorkloadActual   5: 1179648 op, 246284535.00 ns, 208.7780 ns/op
WorkloadActual   6: 1179648 op, 246383189.00 ns, 208.8616 ns/op
WorkloadActual   7: 1179648 op, 268963478.00 ns, 228.0032 ns/op
WorkloadActual   8: 1179648 op, 250309533.00 ns, 212.1900 ns/op
WorkloadActual   9: 1179648 op, 247853137.00 ns, 210.1077 ns/op
WorkloadActual  10: 1179648 op, 246735134.00 ns, 209.1600 ns/op
WorkloadActual  11: 1179648 op, 246028822.00 ns, 208.5612 ns/op
WorkloadActual  12: 1179648 op, 246406887.00 ns, 208.8817 ns/op

// AfterActualRun
WorkloadResult   1: 1179648 op, 249293463.00 ns, 211.3287 ns/op
WorkloadResult   2: 1179648 op, 248823608.00 ns, 210.9304 ns/op
WorkloadResult   3: 1179648 op, 247947732.00 ns, 210.1879 ns/op
WorkloadResult   4: 1179648 op, 246469557.00 ns, 208.9348 ns/op
WorkloadResult   5: 1179648 op, 246283975.00 ns, 208.7775 ns/op
WorkloadResult   6: 1179648 op, 246382629.00 ns, 208.8611 ns/op
WorkloadResult   7: 1179648 op, 250308973.00 ns, 212.1895 ns/op
WorkloadResult   8: 1179648 op, 247852577.00 ns, 210.1072 ns/op
WorkloadResult   9: 1179648 op, 246734574.00 ns, 209.1595 ns/op
WorkloadResult  10: 1179648 op, 246028262.00 ns, 208.5607 ns/op
WorkloadResult  11: 1179648 op, 246406327.00 ns, 208.8812 ns/op
// GC:  0 0 0 0 1179648
// Threading:  0 0 1179648

// AfterAll
// Benchmark Process 1626685 has exited with code 0.

Mean = 209.811 ns, StdErr = 0.370 ns (0.18%), N = 11, StdDev = 1.226 ns
Min = 208.561 ns, Q1 = 208.871 ns, Median = 209.159 ns, Q3 = 210.559 ns, Max = 212.190 ns
IQR = 1.688 ns, LowerFence = 206.339 ns, UpperFence = 213.091 ns
ConfidenceInterval = [208.115 ns; 211.507 ns] (CI 99.9%), Margin = 1.696 ns (0.81% of Mean)
Skewness = 0.63, Kurtosis = 1.8, MValue = 2

// ** Remained 16 (32.0%) benchmark(s) to run. Estimated finish 2026-09-12 13:51 (0h 1m from now) **
// **************************
// Benchmark: DataAuthoredQueryBenchmarks.FacadeNoDispatch: Jit(IterationCount=12, IterationTime=250ms, WarmupCount=16) [Shape=TwoHundredFiftySixTracks, Pattern=Forward]
// *** Execute ***
// Launch: 1 / 1
// Execute: dotnet Alpha-Jit-1.dll --anonymousPipes 122 123 --benchmarkName "DataAuthoredQueryBenchmarks.FacadeNoDispatch(Shape: TwoHundredFiftySixTracks, Pattern: Forward)" --job Jit --benchmarkId 34 in /home/i/GitHub/tl-56-feat-data-authored-api/benchmarks/Alpha/bin/Release/net10.0/Alpha-Jit-1/bin/Release/net10.0
// Failed to set up high priority (Permission denied). In order to run benchmarks with high priority, make sure you have the right permissions.
// BeforeAnythingElse

// Benchmark Process Environment Information:
// BenchmarkDotNet v0.15.8
// Runtime=.NET 10.0.12 (10.0.12, 10.0.1226.42308), X64 RyuJIT x86-64-v3
// GC=Concurrent Workstation
// HardwareIntrinsics=AVX2+BMI1+BMI2+F16C+FMA+LZCNT+MOVBE,AVX,SSE3+SSSE3+SSE4.1+SSE4.2+POPCNT,X86Base+SSE+SSE2,AES+PCLMUL,AvxVnni,SERIALIZE VectorSize=256
// Job: Jit(IterationCount=12, IterationTime=250ms, WarmupCount=16)

OverheadJitting  1: 4096 op, 109633.00 ns, 26.7659 ns/op
WorkloadJitting  1: 4096 op, 2326814.00 ns, 568.0698 ns/op

OverheadJitting  2: 65536 op, 132590.00 ns, 2.0232 ns/op
WorkloadJitting  2: 65536 op, 36271770.00 ns, 553.4633 ns/op

WorkloadPilot    1: 65536 op, 34996001.00 ns, 533.9966 ns/op
WorkloadPilot    2: 524288 op, 283574298.00 ns, 540.8750 ns/op

OverheadWarmup   1: 524288 op, 880.00 ns, 0.0017 ns/op
OverheadWarmup   2: 524288 op, 367.00 ns, 0.0007 ns/op
OverheadWarmup   3: 524288 op, 240.00 ns, 0.0005 ns/op
OverheadWarmup   4: 524288 op, 214.00 ns, 0.0004 ns/op
OverheadWarmup   5: 524288 op, 284.00 ns, 0.0005 ns/op
OverheadWarmup   6: 524288 op, 257.00 ns, 0.0005 ns/op
OverheadWarmup   7: 524288 op, 225.00 ns, 0.0004 ns/op
OverheadWarmup   8: 524288 op, 233.00 ns, 0.0004 ns/op
OverheadWarmup   9: 524288 op, 229.00 ns, 0.0004 ns/op

OverheadActual   1: 524288 op, 854.00 ns, 0.0016 ns/op
OverheadActual   2: 524288 op, 792.00 ns, 0.0015 ns/op
OverheadActual   3: 524288 op, 509.00 ns, 0.0010 ns/op
OverheadActual   4: 524288 op, 309.00 ns, 0.0006 ns/op
OverheadActual   5: 524288 op, 478.00 ns, 0.0009 ns/op
OverheadActual   6: 524288 op, 275.00 ns, 0.0005 ns/op
OverheadActual   7: 524288 op, 219.00 ns, 0.0004 ns/op
OverheadActual   8: 524288 op, 217.00 ns, 0.0004 ns/op
OverheadActual   9: 524288 op, 220.00 ns, 0.0004 ns/op
OverheadActual  10: 524288 op, 204.00 ns, 0.0004 ns/op
OverheadActual  11: 524288 op, 220.00 ns, 0.0004 ns/op
OverheadActual  12: 524288 op, 256.00 ns, 0.0005 ns/op
OverheadActual  13: 524288 op, 242.00 ns, 0.0005 ns/op
OverheadActual  14: 524288 op, 253.00 ns, 0.0005 ns/op
OverheadActual  15: 524288 op, 243.00 ns, 0.0005 ns/op
OverheadActual  16: 524288 op, 241.00 ns, 0.0005 ns/op
OverheadActual  17: 524288 op, 279.00 ns, 0.0005 ns/op
OverheadActual  18: 524288 op, 1073.00 ns, 0.0020 ns/op
OverheadActual  19: 524288 op, 584.00 ns, 0.0011 ns/op
OverheadActual  20: 524288 op, 277.00 ns, 0.0005 ns/op

WorkloadWarmup   1: 524288 op, 280924172.00 ns, 535.8203 ns/op
WorkloadWarmup   2: 524288 op, 281994702.00 ns, 537.8622 ns/op
WorkloadWarmup   3: 524288 op, 281451724.00 ns, 536.8266 ns/op
WorkloadWarmup   4: 524288 op, 282343826.00 ns, 538.5281 ns/op
WorkloadWarmup   5: 524288 op, 276361142.00 ns, 527.1170 ns/op
WorkloadWarmup   6: 524288 op, 241909001.00 ns, 461.4048 ns/op
WorkloadWarmup   7: 524288 op, 238032702.00 ns, 454.0113 ns/op
WorkloadWarmup   8: 524288 op, 229218507.00 ns, 437.1996 ns/op
WorkloadWarmup   9: 524288 op, 234982942.00 ns, 448.1944 ns/op
WorkloadWarmup  10: 524288 op, 245164885.00 ns, 467.6149 ns/op
WorkloadWarmup  11: 524288 op, 236981861.00 ns, 452.0070 ns/op
WorkloadWarmup  12: 524288 op, 238334100.00 ns, 454.5862 ns/op
WorkloadWarmup  13: 524288 op, 237304676.00 ns, 452.6227 ns/op
WorkloadWarmup  14: 524288 op, 238267971.00 ns, 454.4601 ns/op
WorkloadWarmup  15: 524288 op, 237666918.00 ns, 453.3137 ns/op
WorkloadWarmup  16: 524288 op, 237662358.00 ns, 453.3050 ns/op

// BeforeActualRun
WorkloadActual   1: 524288 op, 243343572.00 ns, 464.1410 ns/op
WorkloadActual   2: 524288 op, 240973997.00 ns, 459.6214 ns/op
WorkloadActual   3: 524288 op, 238387201.00 ns, 454.6875 ns/op
WorkloadActual   4: 524288 op, 240241821.00 ns, 458.2249 ns/op
WorkloadActual   5: 524288 op, 257113266.00 ns, 490.4046 ns/op
WorkloadActual   6: 524288 op, 237622794.00 ns, 453.2295 ns/op
WorkloadActual   7: 524288 op, 238128789.00 ns, 454.1946 ns/op
WorkloadActual   8: 524288 op, 236707327.00 ns, 451.4834 ns/op
WorkloadActual   9: 524288 op, 234435795.00 ns, 447.1508 ns/op
WorkloadActual  10: 524288 op, 238033483.00 ns, 454.0128 ns/op
WorkloadActual  11: 524288 op, 238094298.00 ns, 454.1288 ns/op
WorkloadActual  12: 524288 op, 238027373.00 ns, 454.0012 ns/op

// AfterActualRun
WorkloadResult   1: 524288 op, 243343306.50 ns, 464.1405 ns/op
WorkloadResult   2: 524288 op, 240973731.50 ns, 459.6209 ns/op
WorkloadResult   3: 524288 op, 238386935.50 ns, 454.6870 ns/op
WorkloadResult   4: 524288 op, 240241555.50 ns, 458.2244 ns/op
WorkloadResult   5: 524288 op, 237622528.50 ns, 453.2290 ns/op
WorkloadResult   6: 524288 op, 238128523.50 ns, 454.1941 ns/op
WorkloadResult   7: 524288 op, 236707061.50 ns, 451.4829 ns/op
WorkloadResult   8: 524288 op, 234435529.50 ns, 447.1503 ns/op
WorkloadResult   9: 524288 op, 238033217.50 ns, 454.0123 ns/op
WorkloadResult  10: 524288 op, 238094032.50 ns, 454.1283 ns/op
WorkloadResult  11: 524288 op, 238027107.50 ns, 454.0007 ns/op
// GC:  0 0 0 0 524288
// Threading:  0 0 524288

// AfterAll
// Benchmark Process 1634370 has exited with code 0.

Mean = 454.988 ns, StdErr = 1.335 ns (0.29%), N = 11, StdDev = 4.426 ns
Min = 447.150 ns, Q1 = 453.615 ns, Median = 454.128 ns, Q3 = 456.456 ns, Max = 464.141 ns
IQR = 2.841 ns, LowerFence = 449.354 ns, UpperFence = 460.717 ns
ConfidenceInterval = [448.867 ns; 461.110 ns] (CI 99.9%), Margin = 6.121 ns (1.35% of Mean)
Skewness = 0.38, Kurtosis = 2.73, MValue = 2

// ** Remained 15 (30.0%) benchmark(s) to run. Estimated finish 2026-09-12 13:51 (0h 1m from now) **
// **************************
// Benchmark: DataAuthoredQueryBenchmarks.DirectShape: Jit(IterationCount=12, IterationTime=250ms, WarmupCount=16) [Shape=TwoHundredFiftySixTracks, Pattern=Alternating]
// *** Execute ***
// Launch: 1 / 1
// Execute: dotnet Alpha-Jit-1.dll --anonymousPipes 122 123 --benchmarkName "DataAuthoredQueryBenchmarks.DirectShape(Shape: TwoHundredFiftySixTracks, Pattern: Alternating)" --job Jit --benchmarkId 35 in /home/i/GitHub/tl-56-feat-data-authored-api/benchmarks/Alpha/bin/Release/net10.0/Alpha-Jit-1/bin/Release/net10.0
// Failed to set up high priority (Permission denied). In order to run benchmarks with high priority, make sure you have the right permissions.
// BeforeAnythingElse

// Benchmark Process Environment Information:
// BenchmarkDotNet v0.15.8
// Runtime=.NET 10.0.12 (10.0.12, 10.0.1226.42308), X64 RyuJIT x86-64-v3
// GC=Concurrent Workstation
// HardwareIntrinsics=AVX2+BMI1+BMI2+F16C+FMA+LZCNT+MOVBE,AVX,SSE3+SSSE3+SSE4.1+SSE4.2+POPCNT,X86Base+SSE+SSE2,AES+PCLMUL,AvxVnni,SERIALIZE VectorSize=256
// Job: Jit(IterationCount=12, IterationTime=250ms, WarmupCount=16)

OverheadJitting  1: 4096 op, 108651.00 ns, 26.5261 ns/op
WorkloadJitting  1: 4096 op, 2942215.00 ns, 718.3142 ns/op

OverheadJitting  2: 65536 op, 117021.00 ns, 1.7856 ns/op
WorkloadJitting  2: 65536 op, 28571710.00 ns, 435.9697 ns/op

WorkloadPilot    1: 65536 op, 29497589.00 ns, 450.0975 ns/op
WorkloadPilot    2: 589824 op, 261053111.00 ns, 442.5949 ns/op

OverheadWarmup   1: 589824 op, 828.00 ns, 0.0014 ns/op
OverheadWarmup   2: 589824 op, 428.00 ns, 0.0007 ns/op
OverheadWarmup   3: 589824 op, 317.00 ns, 0.0005 ns/op
OverheadWarmup   4: 589824 op, 309.00 ns, 0.0005 ns/op
OverheadWarmup   5: 589824 op, 391.00 ns, 0.0007 ns/op
OverheadWarmup   6: 589824 op, 330.00 ns, 0.0006 ns/op
OverheadWarmup   7: 589824 op, 317.00 ns, 0.0005 ns/op
OverheadWarmup   8: 589824 op, 309.00 ns, 0.0005 ns/op
OverheadWarmup   9: 589824 op, 300.00 ns, 0.0005 ns/op
OverheadWarmup  10: 589824 op, 347.00 ns, 0.0006 ns/op

OverheadActual   1: 589824 op, 600.00 ns, 0.0010 ns/op
OverheadActual   2: 589824 op, 576.00 ns, 0.0010 ns/op
OverheadActual   3: 589824 op, 572.00 ns, 0.0010 ns/op
OverheadActual   4: 589824 op, 424.00 ns, 0.0007 ns/op
OverheadActual   5: 589824 op, 472.00 ns, 0.0008 ns/op
OverheadActual   6: 589824 op, 344.00 ns, 0.0006 ns/op
OverheadActual   7: 589824 op, 318.00 ns, 0.0005 ns/op
OverheadActual   8: 589824 op, 343.00 ns, 0.0006 ns/op
OverheadActual   9: 589824 op, 298.00 ns, 0.0005 ns/op
OverheadActual  10: 589824 op, 321.00 ns, 0.0005 ns/op
OverheadActual  11: 589824 op, 358.00 ns, 0.0006 ns/op
OverheadActual  12: 589824 op, 381.00 ns, 0.0006 ns/op
OverheadActual  13: 589824 op, 364.00 ns, 0.0006 ns/op
OverheadActual  14: 589824 op, 405.00 ns, 0.0007 ns/op
OverheadActual  15: 589824 op, 365.00 ns, 0.0006 ns/op
OverheadActual  16: 589824 op, 423.00 ns, 0.0007 ns/op
OverheadActual  17: 589824 op, 367.00 ns, 0.0006 ns/op
OverheadActual  18: 589824 op, 464.00 ns, 0.0008 ns/op
OverheadActual  19: 589824 op, 382.00 ns, 0.0006 ns/op
OverheadActual  20: 589824 op, 318.00 ns, 0.0005 ns/op

WorkloadWarmup   1: 589824 op, 260178243.00 ns, 441.1117 ns/op
WorkloadWarmup   2: 589824 op, 259934045.00 ns, 440.6976 ns/op
WorkloadWarmup   3: 589824 op, 259078947.00 ns, 439.2479 ns/op
WorkloadWarmup   4: 589824 op, 259851532.00 ns, 440.5577 ns/op
WorkloadWarmup   5: 589824 op, 261014346.00 ns, 442.5292 ns/op
WorkloadWarmup   6: 589824 op, 234822492.00 ns, 398.1230 ns/op
WorkloadWarmup   7: 589824 op, 201701431.00 ns, 341.9688 ns/op
WorkloadWarmup   8: 589824 op, 203226334.00 ns, 344.5542 ns/op
WorkloadWarmup   9: 589824 op, 202110400.00 ns, 342.6622 ns/op
WorkloadWarmup  10: 589824 op, 203080828.00 ns, 344.3075 ns/op
WorkloadWarmup  11: 589824 op, 204865744.00 ns, 347.3337 ns/op
WorkloadWarmup  12: 589824 op, 202312835.00 ns, 343.0054 ns/op
WorkloadWarmup  13: 589824 op, 202383887.00 ns, 343.1259 ns/op
WorkloadWarmup  14: 589824 op, 204427290.00 ns, 346.5903 ns/op
WorkloadWarmup  15: 589824 op, 201278511.00 ns, 341.2518 ns/op
WorkloadWarmup  16: 589824 op, 200845008.00 ns, 340.5168 ns/op

// BeforeActualRun
WorkloadActual   1: 589824 op, 200356396.00 ns, 339.6884 ns/op
WorkloadActual   2: 589824 op, 204624673.00 ns, 346.9250 ns/op
WorkloadActual   3: 589824 op, 199989696.00 ns, 339.0667 ns/op
WorkloadActual   4: 589824 op, 202219391.00 ns, 342.8470 ns/op
WorkloadActual   5: 589824 op, 201796779.00 ns, 342.1305 ns/op
WorkloadActual   6: 589824 op, 206626163.00 ns, 350.3183 ns/op
WorkloadActual   7: 589824 op, 205024800.00 ns, 347.6034 ns/op
WorkloadActual   8: 589824 op, 226417019.00 ns, 383.8722 ns/op
WorkloadActual   9: 589824 op, 206440298.00 ns, 350.0032 ns/op
WorkloadActual  10: 589824 op, 207103827.00 ns, 351.1282 ns/op
WorkloadActual  11: 589824 op, 203997953.00 ns, 345.8624 ns/op
WorkloadActual  12: 589824 op, 204077248.00 ns, 345.9969 ns/op

// AfterActualRun
WorkloadResult   1: 589824 op, 200356022.00 ns, 339.6878 ns/op
WorkloadResult   2: 589824 op, 204624299.00 ns, 346.9243 ns/op
WorkloadResult   3: 589824 op, 199989322.00 ns, 339.0661 ns/op
WorkloadResult   4: 589824 op, 202219017.00 ns, 342.8464 ns/op
WorkloadResult   5: 589824 op, 201796405.00 ns, 342.1299 ns/op
WorkloadResult   6: 589824 op, 206625789.00 ns, 350.3177 ns/op
WorkloadResult   7: 589824 op, 205024426.00 ns, 347.6027 ns/op
WorkloadResult   8: 589824 op, 206439924.00 ns, 350.0026 ns/op
WorkloadResult   9: 589824 op, 207103453.00 ns, 351.1275 ns/op
WorkloadResult  10: 589824 op, 203997579.00 ns, 345.8618 ns/op
WorkloadResult  11: 589824 op, 204076874.00 ns, 345.9962 ns/op
// GC:  0 0 0 0 589824
// Threading:  0 0 589824

// AfterAll
// Benchmark Process 1642020 has exited with code 0.

Mean = 345.597 ns, StdErr = 1.263 ns (0.37%), N = 11, StdDev = 4.189 ns
Min = 339.066 ns, Q1 = 342.488 ns, Median = 345.996 ns, Q3 = 348.803 ns, Max = 351.128 ns
IQR = 6.315 ns, LowerFence = 333.016 ns, UpperFence = 358.274 ns
ConfidenceInterval = [339.804 ns; 351.390 ns] (CI 99.9%), Margin = 5.793 ns (1.68% of Mean)
Skewness = -0.22, Kurtosis = 1.5, MValue = 2

// ** Remained 14 (28.0%) benchmark(s) to run. Estimated finish 2026-09-12 13:51 (0h 1m from now) **
// **************************
// Benchmark: DataAuthoredQueryBenchmarks.GeneratedShape: Jit(IterationCount=12, IterationTime=250ms, WarmupCount=16) [Shape=TwoHundredFiftySixTracks, Pattern=Alternating]
// *** Execute ***
// Launch: 1 / 1
// Execute: dotnet Alpha-Jit-1.dll --anonymousPipes 120 121 --benchmarkName "DataAuthoredQueryBenchmarks.GeneratedShape(Shape: TwoHundredFiftySixTracks, Pattern: Alternating)" --job Jit --benchmarkId 36 in /home/i/GitHub/tl-56-feat-data-authored-api/benchmarks/Alpha/bin/Release/net10.0/Alpha-Jit-1/bin/Release/net10.0
// Failed to set up high priority (Permission denied). In order to run benchmarks with high priority, make sure you have the right permissions.
// BeforeAnythingElse

// Benchmark Process Environment Information:
// BenchmarkDotNet v0.15.8
// Runtime=.NET 10.0.12 (10.0.12, 10.0.1226.42308), X64 RyuJIT x86-64-v3
// GC=Concurrent Workstation
// HardwareIntrinsics=AVX2+BMI1+BMI2+F16C+FMA+LZCNT+MOVBE,AVX,SSE3+SSSE3+SSE4.1+SSE4.2+POPCNT,X86Base+SSE+SSE2,AES+PCLMUL,AvxVnni,SERIALIZE VectorSize=256
// Job: Jit(IterationCount=12, IterationTime=250ms, WarmupCount=16)

OverheadJitting  1: 4096 op, 104946.00 ns, 25.6216 ns/op
WorkloadJitting  1: 4096 op, 175651987.00 ns, 42.8838 us/op

OverheadJitting  2: 4096 op, 182.00 ns, 0.0444 ns/op
WorkloadJitting  2: 4096 op, 173834373.00 ns, 42.4400 us/op

WorkloadWarmup   1: 4096 op, 173814683.00 ns, 42.4352 us/op
WorkloadWarmup   2: 4096 op, 173308128.00 ns, 42.3116 us/op
WorkloadWarmup   3: 4096 op, 172815384.00 ns, 42.1913 us/op
WorkloadWarmup   4: 4096 op, 173288734.00 ns, 42.3068 us/op
WorkloadWarmup   5: 4096 op, 171488750.00 ns, 41.8674 us/op
WorkloadWarmup   6: 4096 op, 173051012.00 ns, 42.2488 us/op
WorkloadWarmup   7: 4096 op, 172580575.00 ns, 42.1339 us/op
WorkloadWarmup   8: 4096 op, 198636611.00 ns, 48.4953 us/op
WorkloadWarmup   9: 4096 op, 148521658.00 ns, 36.2602 us/op
WorkloadWarmup  10: 4096 op, 149843283.00 ns, 36.5828 us/op
WorkloadWarmup  11: 4096 op, 144765910.00 ns, 35.3432 us/op
WorkloadWarmup  12: 4096 op, 144650909.00 ns, 35.3152 us/op
WorkloadWarmup  13: 4096 op, 146798272.00 ns, 35.8394 us/op
WorkloadWarmup  14: 4096 op, 144599734.00 ns, 35.3027 us/op
WorkloadWarmup  15: 4096 op, 142780350.00 ns, 34.8585 us/op
WorkloadWarmup  16: 4096 op, 142434885.00 ns, 34.7741 us/op

// BeforeActualRun
WorkloadActual   1: 4096 op, 139064872.00 ns, 33.9514 us/op
WorkloadActual   2: 4096 op, 136843195.00 ns, 33.4090 us/op
WorkloadActual   3: 4096 op, 141209926.00 ns, 34.4751 us/op
WorkloadActual   4: 4096 op, 141000596.00 ns, 34.4240 us/op
WorkloadActual   5: 4096 op, 141426850.00 ns, 34.5280 us/op
WorkloadActual   6: 4096 op, 141167121.00 ns, 34.4646 us/op
WorkloadActual   7: 4096 op, 140326491.00 ns, 34.2594 us/op
WorkloadActual   8: 4096 op, 143275345.00 ns, 34.9793 us/op
WorkloadActual   9: 4096 op, 144284506.00 ns, 35.2257 us/op
WorkloadActual  10: 4096 op, 144132999.00 ns, 35.1887 us/op
WorkloadActual  11: 4096 op, 141513171.00 ns, 34.5491 us/op
WorkloadActual  12: 4096 op, 142060423.00 ns, 34.6827 us/op

// AfterActualRun
WorkloadResult   1: 4096 op, 139064872.00 ns, 33.9514 us/op
WorkloadResult   2: 4096 op, 136843195.00 ns, 33.4090 us/op
WorkloadResult   3: 4096 op, 141209926.00 ns, 34.4751 us/op
WorkloadResult   4: 4096 op, 141000596.00 ns, 34.4240 us/op
WorkloadResult   5: 4096 op, 141426850.00 ns, 34.5280 us/op
WorkloadResult   6: 4096 op, 141167121.00 ns, 34.4646 us/op
WorkloadResult   7: 4096 op, 140326491.00 ns, 34.2594 us/op
WorkloadResult   8: 4096 op, 143275345.00 ns, 34.9793 us/op
WorkloadResult   9: 4096 op, 144284506.00 ns, 35.2257 us/op
WorkloadResult  10: 4096 op, 144132999.00 ns, 35.1887 us/op
WorkloadResult  11: 4096 op, 141513171.00 ns, 34.5491 us/op
WorkloadResult  12: 4096 op, 142060423.00 ns, 34.6827 us/op
// GC:  0 0 0 0 4096
// Threading:  0 0 4096

// AfterAll
// Benchmark Process 1649242 has exited with code 0.

Mean = 34.511 us, StdErr = 0.146 us (0.42%), N = 12, StdDev = 0.507 us
Min = 33.409 us, Q1 = 34.383 us, Median = 34.502 us, Q3 = 34.757 us, Max = 35.226 us
IQR = 0.374 us, LowerFence = 33.822 us, UpperFence = 35.318 us
ConfidenceInterval = [33.863 us; 35.160 us] (CI 99.9%), Margin = 0.649 us (1.88% of Mean)
Skewness = -0.48, Kurtosis = 2.66, MValue = 2

// ** Remained 13 (26.0%) benchmark(s) to run. Estimated finish 2026-09-12 13:51 (0h 1m from now) **
// **************************
// Benchmark: DataAuthoredQueryBenchmarks.DataAuthoredFacade: Jit(IterationCount=12, IterationTime=250ms, WarmupCount=16) [Shape=TwoHundredFiftySixTracks, Pattern=Alternating]
// *** Execute ***
// Launch: 1 / 1
// Execute: dotnet Alpha-Jit-1.dll --anonymousPipes 120 121 --benchmarkName "DataAuthoredQueryBenchmarks.DataAuthoredFacade(Shape: TwoHundredFiftySixTracks, Pattern: Alternating)" --job Jit --benchmarkId 37 in /home/i/GitHub/tl-56-feat-data-authored-api/benchmarks/Alpha/bin/Release/net10.0/Alpha-Jit-1/bin/Release/net10.0
// Failed to set up high priority (Permission denied). In order to run benchmarks with high priority, make sure you have the right permissions.
// BeforeAnythingElse

// Benchmark Process Environment Information:
// BenchmarkDotNet v0.15.8
// Runtime=.NET 10.0.12 (10.0.12, 10.0.1226.42308), X64 RyuJIT x86-64-v3
// GC=Concurrent Workstation
// HardwareIntrinsics=AVX2+BMI1+BMI2+F16C+FMA+LZCNT+MOVBE,AVX,SSE3+SSSE3+SSE4.1+SSE4.2+POPCNT,X86Base+SSE+SSE2,AES+PCLMUL,AvxVnni,SERIALIZE VectorSize=256
// Job: Jit(IterationCount=12, IterationTime=250ms, WarmupCount=16)

OverheadJitting  1: 4096 op, 105130.00 ns, 25.6665 ns/op
WorkloadJitting  1: 4096 op, 18252250.00 ns, 4.4561 us/op

WorkloadPilot    1: 16384 op, 70076141.00 ns, 4.2771 us/op
WorkloadPilot    2: 57344 op, 242944799.00 ns, 4.2366 us/op

WorkloadWarmup   1: 57344 op, 242814042.00 ns, 4.2343 us/op
WorkloadWarmup   2: 57344 op, 244172388.00 ns, 4.2580 us/op
WorkloadWarmup   3: 57344 op, 244737574.00 ns, 4.2679 us/op
WorkloadWarmup   4: 57344 op, 242879731.00 ns, 4.2355 us/op
WorkloadWarmup   5: 57344 op, 251544872.00 ns, 4.3866 us/op
WorkloadWarmup   6: 57344 op, 189313869.00 ns, 3.3014 us/op
WorkloadWarmup   7: 57344 op, 65469660.00 ns, 1.1417 us/op
WorkloadWarmup   8: 57344 op, 67788059.00 ns, 1.1821 us/op
WorkloadWarmup   9: 57344 op, 64894716.00 ns, 1.1317 us/op
WorkloadWarmup  10: 57344 op, 68788056.00 ns, 1.1996 us/op
WorkloadWarmup  11: 57344 op, 64917195.00 ns, 1.1321 us/op
WorkloadWarmup  12: 57344 op, 64237862.00 ns, 1.1202 us/op
WorkloadWarmup  13: 57344 op, 64955059.00 ns, 1.1327 us/op
WorkloadWarmup  14: 57344 op, 65276670.00 ns, 1.1383 us/op
WorkloadWarmup  15: 57344 op, 64591809.00 ns, 1.1264 us/op
WorkloadWarmup  16: 57344 op, 65401082.00 ns, 1.1405 us/op

// BeforeActualRun
WorkloadActual   1: 57344 op, 65458840.00 ns, 1.1415 us/op
WorkloadActual   2: 57344 op, 64397331.00 ns, 1.1230 us/op
WorkloadActual   3: 57344 op, 65694815.00 ns, 1.1456 us/op
WorkloadActual   4: 57344 op, 64825227.00 ns, 1.1305 us/op
WorkloadActual   5: 57344 op, 63911869.00 ns, 1.1145 us/op
WorkloadActual   6: 57344 op, 65513020.00 ns, 1.1425 us/op
WorkloadActual   7: 57344 op, 64252853.00 ns, 1.1205 us/op
WorkloadActual   8: 57344 op, 64980751.00 ns, 1.1332 us/op
WorkloadActual   9: 57344 op, 63590966.00 ns, 1.1089 us/op
WorkloadActual  10: 57344 op, 65665536.00 ns, 1.1451 us/op
WorkloadActual  11: 57344 op, 64423121.00 ns, 1.1235 us/op
WorkloadActual  12: 57344 op, 64184911.00 ns, 1.1193 us/op

// AfterActualRun
WorkloadResult   1: 57344 op, 65458840.00 ns, 1.1415 us/op
WorkloadResult   2: 57344 op, 64397331.00 ns, 1.1230 us/op
WorkloadResult   3: 57344 op, 65694815.00 ns, 1.1456 us/op
WorkloadResult   4: 57344 op, 64825227.00 ns, 1.1305 us/op
WorkloadResult   5: 57344 op, 63911869.00 ns, 1.1145 us/op
WorkloadResult   6: 57344 op, 65513020.00 ns, 1.1425 us/op
WorkloadResult   7: 57344 op, 64252853.00 ns, 1.1205 us/op
WorkloadResult   8: 57344 op, 64980751.00 ns, 1.1332 us/op
WorkloadResult   9: 57344 op, 63590966.00 ns, 1.1089 us/op
WorkloadResult  10: 57344 op, 65665536.00 ns, 1.1451 us/op
WorkloadResult  11: 57344 op, 64423121.00 ns, 1.1235 us/op
WorkloadResult  12: 57344 op, 64184911.00 ns, 1.1193 us/op
// GC:  0 0 0 0 57344
// Threading:  0 0 57344

// AfterAll
// Benchmark Process 1654308 has exited with code 0.

Mean = 1.129 us, StdErr = 0.004 us (0.32%), N = 12, StdDev = 0.013 us
Min = 1.109 us, Q1 = 1.120 us, Median = 1.127 us, Q3 = 1.142 us, Max = 1.146 us
IQR = 0.022 us, LowerFence = 1.088 us, UpperFence = 1.174 us
ConfidenceInterval = [1.113 us; 1.145 us] (CI 99.9%), Margin = 0.016 us (1.43% of Mean)
Skewness = 0.01, Kurtosis = 1.41, MValue = 2

// ** Remained 12 (24.0%) benchmark(s) to run. Estimated finish 2026-09-12 13:51 (0h 1m from now) **
// **************************
// Benchmark: DataAuthoredQueryBenchmarks.FacadeSelectOnly: Jit(IterationCount=12, IterationTime=250ms, WarmupCount=16) [Shape=TwoHundredFiftySixTracks, Pattern=Alternating]
// *** Execute ***
// Launch: 1 / 1
// Execute: dotnet Alpha-Jit-1.dll --anonymousPipes 120 121 --benchmarkName "DataAuthoredQueryBenchmarks.FacadeSelectOnly(Shape: TwoHundredFiftySixTracks, Pattern: Alternating)" --job Jit --benchmarkId 38 in /home/i/GitHub/tl-56-feat-data-authored-api/benchmarks/Alpha/bin/Release/net10.0/Alpha-Jit-1/bin/Release/net10.0
// Failed to set up high priority (Permission denied). In order to run benchmarks with high priority, make sure you have the right permissions.
// BeforeAnythingElse

// Benchmark Process Environment Information:
// BenchmarkDotNet v0.15.8
// Runtime=.NET 10.0.12 (10.0.12, 10.0.1226.42308), X64 RyuJIT x86-64-v3
// GC=Concurrent Workstation
// HardwareIntrinsics=AVX2+BMI1+BMI2+F16C+FMA+LZCNT+MOVBE,AVX,SSE3+SSSE3+SSE4.1+SSE4.2+POPCNT,X86Base+SSE+SSE2,AES+PCLMUL,AvxVnni,SERIALIZE VectorSize=256
// Job: Jit(IterationCount=12, IterationTime=250ms, WarmupCount=16)

OverheadJitting  1: 4096 op, 120339.00 ns, 29.3796 ns/op
WorkloadJitting  1: 4096 op, 1102733.00 ns, 269.2219 ns/op

OverheadJitting  2: 65536 op, 133059.00 ns, 2.0303 ns/op
WorkloadJitting  2: 65536 op, 15835422.00 ns, 241.6294 ns/op

WorkloadPilot    1: 65536 op, 16695126.00 ns, 254.7474 ns/op
WorkloadPilot    2: 983040 op, 235352752.00 ns, 239.4132 ns/op
WorkloadPilot    3: 1048576 op, 249888743.00 ns, 238.3125 ns/op

OverheadWarmup   1: 1048576 op, 861.00 ns, 0.0008 ns/op
OverheadWarmup   2: 1048576 op, 594.00 ns, 0.0006 ns/op
OverheadWarmup   3: 1048576 op, 545.00 ns, 0.0005 ns/op
OverheadWarmup   4: 1048576 op, 496.00 ns, 0.0005 ns/op
OverheadWarmup   5: 1048576 op, 555.00 ns, 0.0005 ns/op
OverheadWarmup   6: 1048576 op, 546.00 ns, 0.0005 ns/op
OverheadWarmup   7: 1048576 op, 531.00 ns, 0.0005 ns/op
OverheadWarmup   8: 1048576 op, 530.00 ns, 0.0005 ns/op
OverheadWarmup   9: 1048576 op, 511.00 ns, 0.0005 ns/op
OverheadWarmup  10: 1048576 op, 542.00 ns, 0.0005 ns/op

OverheadActual   1: 1048576 op, 620.00 ns, 0.0006 ns/op
OverheadActual   2: 1048576 op, 606.00 ns, 0.0006 ns/op
OverheadActual   3: 1048576 op, 621.00 ns, 0.0006 ns/op
OverheadActual   4: 1048576 op, 544.00 ns, 0.0005 ns/op
OverheadActual   5: 1048576 op, 639.00 ns, 0.0006 ns/op
OverheadActual   6: 1048576 op, 505.00 ns, 0.0005 ns/op
OverheadActual   7: 1048576 op, 493.00 ns, 0.0005 ns/op
OverheadActual   8: 1048576 op, 475.00 ns, 0.0005 ns/op
OverheadActual   9: 1048576 op, 478.00 ns, 0.0005 ns/op
OverheadActual  10: 1048576 op, 487.00 ns, 0.0005 ns/op
OverheadActual  11: 1048576 op, 490.00 ns, 0.0005 ns/op
OverheadActual  12: 1048576 op, 511.00 ns, 0.0005 ns/op
OverheadActual  13: 1048576 op, 505.00 ns, 0.0005 ns/op
OverheadActual  14: 1048576 op, 506.00 ns, 0.0005 ns/op
OverheadActual  15: 1048576 op, 511.00 ns, 0.0005 ns/op
OverheadActual  16: 1048576 op, 531.00 ns, 0.0005 ns/op
OverheadActual  17: 1048576 op, 528.00 ns, 0.0005 ns/op
OverheadActual  18: 1048576 op, 628.00 ns, 0.0006 ns/op
OverheadActual  19: 1048576 op, 621.00 ns, 0.0006 ns/op
OverheadActual  20: 1048576 op, 514.00 ns, 0.0005 ns/op

WorkloadWarmup   1: 1048576 op, 248728676.00 ns, 237.2062 ns/op
WorkloadWarmup   2: 1048576 op, 247873130.00 ns, 236.3902 ns/op
WorkloadWarmup   3: 1048576 op, 249060134.00 ns, 237.5223 ns/op
WorkloadWarmup   4: 1048576 op, 249080719.00 ns, 237.5419 ns/op
WorkloadWarmup   5: 1048576 op, 250546001.00 ns, 238.9393 ns/op
WorkloadWarmup   6: 1048576 op, 244046261.00 ns, 232.7407 ns/op
WorkloadWarmup   7: 1048576 op, 243303039.00 ns, 232.0319 ns/op
WorkloadWarmup   8: 1048576 op, 243293492.00 ns, 232.0228 ns/op
WorkloadWarmup   9: 1048576 op, 242558977.00 ns, 231.3223 ns/op
WorkloadWarmup  10: 1048576 op, 251139810.00 ns, 239.5056 ns/op
WorkloadWarmup  11: 1048576 op, 242726054.00 ns, 231.4816 ns/op
WorkloadWarmup  12: 1048576 op, 243805595.00 ns, 232.5111 ns/op
WorkloadWarmup  13: 1048576 op, 246355322.00 ns, 234.9427 ns/op
WorkloadWarmup  14: 1048576 op, 244546571.00 ns, 233.2178 ns/op
WorkloadWarmup  15: 1048576 op, 244430437.00 ns, 233.1070 ns/op
WorkloadWarmup  16: 1048576 op, 242622258.00 ns, 231.3826 ns/op

// BeforeActualRun
WorkloadActual   1: 1048576 op, 242680157.00 ns, 231.4378 ns/op
WorkloadActual   2: 1048576 op, 245152816.00 ns, 233.7959 ns/op
WorkloadActual   3: 1048576 op, 246240145.00 ns, 234.8329 ns/op
WorkloadActual   4: 1048576 op, 242787889.00 ns, 231.5406 ns/op
WorkloadActual   5: 1048576 op, 243416607.00 ns, 232.1402 ns/op
WorkloadActual   6: 1048576 op, 265396186.00 ns, 253.1015 ns/op
WorkloadActual   7: 1048576 op, 242456780.00 ns, 231.2248 ns/op
WorkloadActual   8: 1048576 op, 242016606.00 ns, 230.8050 ns/op
WorkloadActual   9: 1048576 op, 242545453.00 ns, 231.3094 ns/op
WorkloadActual  10: 1048576 op, 243229925.00 ns, 231.9621 ns/op
WorkloadActual  11: 1048576 op, 244814870.00 ns, 233.4737 ns/op
WorkloadActual  12: 1048576 op, 244026619.00 ns, 232.7219 ns/op

// AfterActualRun
WorkloadResult   1: 1048576 op, 242679644.50 ns, 231.4373 ns/op
WorkloadResult   2: 1048576 op, 245152303.50 ns, 233.7955 ns/op
WorkloadResult   3: 1048576 op, 246239632.50 ns, 234.8324 ns/op
WorkloadResult   4: 1048576 op, 242787376.50 ns, 231.5401 ns/op
WorkloadResult   5: 1048576 op, 243416094.50 ns, 232.1397 ns/op
WorkloadResult   6: 1048576 op, 242456267.50 ns, 231.2243 ns/op
WorkloadResult   7: 1048576 op, 242016093.50 ns, 230.8045 ns/op
WorkloadResult   8: 1048576 op, 242544940.50 ns, 231.3089 ns/op
WorkloadResult   9: 1048576 op, 243229412.50 ns, 231.9616 ns/op
WorkloadResult  10: 1048576 op, 244814357.50 ns, 233.4732 ns/op
WorkloadResult  11: 1048576 op, 244026106.50 ns, 232.7214 ns/op
// GC:  0 0 0 0 1048576
// Threading:  0 0 1048576

// AfterAll
// Benchmark Process 1658080 has exited with code 0.

Mean = 232.294 ns, StdErr = 0.382 ns (0.16%), N = 11, StdDev = 1.267 ns
Min = 230.805 ns, Q1 = 231.373 ns, Median = 231.962 ns, Q3 = 233.097 ns, Max = 234.832 ns
IQR = 1.724 ns, LowerFence = 228.787 ns, UpperFence = 235.684 ns
ConfidenceInterval = [230.543 ns; 234.046 ns] (CI 99.9%), Margin = 1.752 ns (0.75% of Mean)
Skewness = 0.66, Kurtosis = 2, MValue = 2

// ** Remained 11 (22.0%) benchmark(s) to run. Estimated finish 2026-09-12 13:51 (0h 1m from now) **
// **************************
// Benchmark: DataAuthoredQueryBenchmarks.FacadeNoDispatch: Jit(IterationCount=12, IterationTime=250ms, WarmupCount=16) [Shape=TwoHundredFiftySixTracks, Pattern=Alternating]
// *** Execute ***
// Launch: 1 / 1
// Execute: dotnet Alpha-Jit-1.dll --anonymousPipes 120 121 --benchmarkName "DataAuthoredQueryBenchmarks.FacadeNoDispatch(Shape: TwoHundredFiftySixTracks, Pattern: Alternating)" --job Jit --benchmarkId 39 in /home/i/GitHub/tl-56-feat-data-authored-api/benchmarks/Alpha/bin/Release/net10.0/Alpha-Jit-1/bin/Release/net10.0
// Failed to set up high priority (Permission denied). In order to run benchmarks with high priority, make sure you have the right permissions.
// BeforeAnythingElse

// Benchmark Process Environment Information:
// BenchmarkDotNet v0.15.8
// Runtime=.NET 10.0.12 (10.0.12, 10.0.1226.42308), X64 RyuJIT x86-64-v3
// GC=Concurrent Workstation
// HardwareIntrinsics=AVX2+BMI1+BMI2+F16C+FMA+LZCNT+MOVBE,AVX,SSE3+SSSE3+SSE4.1+SSE4.2+POPCNT,X86Base+SSE+SSE2,AES+PCLMUL,AvxVnni,SERIALIZE VectorSize=256
// Job: Jit(IterationCount=12, IterationTime=250ms, WarmupCount=16)

OverheadJitting  1: 4096 op, 120838.00 ns, 29.5015 ns/op
WorkloadJitting  1: 4096 op, 2414430.00 ns, 589.4604 ns/op

OverheadJitting  2: 65536 op, 155841.00 ns, 2.3779 ns/op
WorkloadJitting  2: 65536 op, 37069550.00 ns, 565.6364 ns/op

WorkloadPilot    1: 65536 op, 37242585.00 ns, 568.2767 ns/op
WorkloadPilot    2: 458752 op, 256328071.00 ns, 558.7509 ns/op

OverheadWarmup   1: 458752 op, 738.00 ns, 0.0016 ns/op
OverheadWarmup   2: 458752 op, 340.00 ns, 0.0007 ns/op
OverheadWarmup   3: 458752 op, 287.00 ns, 0.0006 ns/op
OverheadWarmup   4: 458752 op, 283.00 ns, 0.0006 ns/op
OverheadWarmup   5: 458752 op, 319.00 ns, 0.0007 ns/op
OverheadWarmup   6: 458752 op, 283.00 ns, 0.0006 ns/op
OverheadWarmup   7: 458752 op, 296.00 ns, 0.0006 ns/op
OverheadWarmup   8: 458752 op, 266.00 ns, 0.0006 ns/op

OverheadActual   1: 458752 op, 631.00 ns, 0.0014 ns/op
OverheadActual   2: 458752 op, 477.00 ns, 0.0010 ns/op
OverheadActual   3: 458752 op, 425.00 ns, 0.0009 ns/op
OverheadActual   4: 458752 op, 343.00 ns, 0.0007 ns/op
OverheadActual   5: 458752 op, 396.00 ns, 0.0009 ns/op
OverheadActual   6: 458752 op, 248.00 ns, 0.0005 ns/op
OverheadActual   7: 458752 op, 222.00 ns, 0.0005 ns/op
OverheadActual   8: 458752 op, 226.00 ns, 0.0005 ns/op
OverheadActual   9: 458752 op, 242.00 ns, 0.0005 ns/op
OverheadActual  10: 458752 op, 247.00 ns, 0.0005 ns/op
OverheadActual  11: 458752 op, 277.00 ns, 0.0006 ns/op
OverheadActual  12: 458752 op, 272.00 ns, 0.0006 ns/op
OverheadActual  13: 458752 op, 274.00 ns, 0.0006 ns/op
OverheadActual  14: 458752 op, 239.00 ns, 0.0005 ns/op
OverheadActual  15: 458752 op, 247.00 ns, 0.0005 ns/op
OverheadActual  16: 458752 op, 262.00 ns, 0.0006 ns/op
OverheadActual  17: 458752 op, 272.00 ns, 0.0006 ns/op
OverheadActual  18: 458752 op, 368.00 ns, 0.0008 ns/op
OverheadActual  19: 458752 op, 286.00 ns, 0.0006 ns/op
OverheadActual  20: 458752 op, 252.00 ns, 0.0005 ns/op

WorkloadWarmup   1: 458752 op, 257830308.00 ns, 562.0255 ns/op
WorkloadWarmup   2: 458752 op, 256428845.00 ns, 558.9705 ns/op
WorkloadWarmup   3: 458752 op, 256085359.00 ns, 558.2218 ns/op
WorkloadWarmup   4: 458752 op, 255892730.00 ns, 557.8019 ns/op
WorkloadWarmup   5: 458752 op, 259434083.00 ns, 565.5214 ns/op
WorkloadWarmup   6: 458752 op, 236522490.00 ns, 515.5781 ns/op
WorkloadWarmup   7: 458752 op, 212463708.00 ns, 463.1341 ns/op
WorkloadWarmup   8: 458752 op, 213717398.00 ns, 465.8670 ns/op
WorkloadWarmup   9: 458752 op, 211741210.00 ns, 461.5592 ns/op
WorkloadWarmup  10: 458752 op, 212872348.00 ns, 464.0249 ns/op
WorkloadWarmup  11: 458752 op, 218160135.00 ns, 475.5514 ns/op
WorkloadWarmup  12: 458752 op, 209237958.00 ns, 456.1026 ns/op
WorkloadWarmup  13: 458752 op, 212494651.00 ns, 463.2016 ns/op
WorkloadWarmup  14: 458752 op, 214952537.00 ns, 468.5593 ns/op
WorkloadWarmup  15: 458752 op, 212269819.00 ns, 462.7115 ns/op
WorkloadWarmup  16: 458752 op, 212766978.00 ns, 463.7952 ns/op

// BeforeActualRun
WorkloadActual   1: 458752 op, 213724697.00 ns, 465.8829 ns/op
WorkloadActual   2: 458752 op, 213719225.00 ns, 465.8709 ns/op
WorkloadActual   3: 458752 op, 214783092.00 ns, 468.1900 ns/op
WorkloadActual   4: 458752 op, 213760936.00 ns, 465.9619 ns/op
WorkloadActual   5: 458752 op, 216556874.00 ns, 472.0565 ns/op
WorkloadActual   6: 458752 op, 214661214.00 ns, 467.9243 ns/op
WorkloadActual   7: 458752 op, 213072176.00 ns, 464.4605 ns/op
WorkloadActual   8: 458752 op, 236332595.00 ns, 515.1642 ns/op
WorkloadActual   9: 458752 op, 214783300.00 ns, 468.1904 ns/op
WorkloadActual  10: 458752 op, 214924697.00 ns, 468.4987 ns/op
WorkloadActual  11: 458752 op, 214951486.00 ns, 468.5571 ns/op
WorkloadActual  12: 458752 op, 214732358.00 ns, 468.0794 ns/op

// AfterActualRun
WorkloadResult   1: 458752 op, 213724425.00 ns, 465.8823 ns/op
WorkloadResult   2: 458752 op, 213718953.00 ns, 465.8703 ns/op
WorkloadResult   3: 458752 op, 214782820.00 ns, 468.1894 ns/op
WorkloadResult   4: 458752 op, 213760664.00 ns, 465.9613 ns/op
WorkloadResult   5: 458752 op, 216556602.00 ns, 472.0559 ns/op
WorkloadResult   6: 458752 op, 214660942.00 ns, 467.9237 ns/op
WorkloadResult   7: 458752 op, 213071904.00 ns, 464.4599 ns/op
WorkloadResult   8: 458752 op, 214783028.00 ns, 468.1898 ns/op
WorkloadResult   9: 458752 op, 214924425.00 ns, 468.4981 ns/op
WorkloadResult  10: 458752 op, 214951214.00 ns, 468.5565 ns/op
WorkloadResult  11: 458752 op, 214732086.00 ns, 468.0788 ns/op
// GC:  0 0 0 0 458752
// Threading:  0 0 458752

// AfterAll
// Benchmark Process 1666567 has exited with code 0.

Mean = 467.606 ns, StdErr = 0.611 ns (0.13%), N = 11, StdDev = 2.027 ns
Min = 464.460 ns, Q1 = 465.922 ns, Median = 468.079 ns, Q3 = 468.344 ns, Max = 472.056 ns
IQR = 2.422 ns, LowerFence = 462.288 ns, UpperFence = 471.977 ns
ConfidenceInterval = [464.802 ns; 470.410 ns] (CI 99.9%), Margin = 2.804 ns (0.60% of Mean)
Skewness = 0.48, Kurtosis = 2.78, MValue = 2

// ** Remained 10 (20.0%) benchmark(s) to run. Estimated finish 2026-09-12 13:51 (0h 0m from now) **
// **************************
// Benchmark: DataAuthoredQueryBenchmarks.DirectShape: Jit(IterationCount=12, IterationTime=250ms, WarmupCount=16) [Shape=Blend, Pattern=Forward]
// *** Execute ***
// Launch: 1 / 1
// Execute: dotnet Alpha-Jit-1.dll --anonymousPipes 120 121 --benchmarkName "DataAuthoredQueryBenchmarks.DirectShape(Shape: Blend, Pattern: Forward)" --job Jit --benchmarkId 40 in /home/i/GitHub/tl-56-feat-data-authored-api/benchmarks/Alpha/bin/Release/net10.0/Alpha-Jit-1/bin/Release/net10.0
// Failed to set up high priority (Permission denied). In order to run benchmarks with high priority, make sure you have the right permissions.
// BeforeAnythingElse

// Benchmark Process Environment Information:
// BenchmarkDotNet v0.15.8
// Runtime=.NET 10.0.12 (10.0.12, 10.0.1226.42308), X64 RyuJIT x86-64-v3
// GC=Concurrent Workstation
// HardwareIntrinsics=AVX2+BMI1+BMI2+F16C+FMA+LZCNT+MOVBE,AVX,SSE3+SSSE3+SSE4.1+SSE4.2+POPCNT,X86Base+SSE+SSE2,AES+PCLMUL,AvxVnni,SERIALIZE VectorSize=256
// Job: Jit(IterationCount=12, IterationTime=250ms, WarmupCount=16)

OverheadJitting  1: 4096 op, 106297.00 ns, 25.9514 ns/op
WorkloadJitting  1: 4096 op, 1274927.00 ns, 311.2615 ns/op

OverheadJitting  2: 65536 op, 123703.00 ns, 1.8876 ns/op
WorkloadJitting  2: 65536 op, 412962.00 ns, 6.3013 ns/op

WorkloadPilot    1: 65536 op, 254153.00 ns, 3.8781 ns/op
WorkloadPilot    2: 64487424 op, 198446672.00 ns, 3.0773 ns/op
WorkloadPilot    3: 81264640 op, 250330301.00 ns, 3.0804 ns/op
WorkloadPilot    4: 81199104 op, 248180140.00 ns, 3.0564 ns/op
WorkloadPilot    5: 81854464 op, 250103616.00 ns, 3.0555 ns/op

OverheadWarmup   1: 81854464 op, 32217.00 ns, 0.0004 ns/op
OverheadWarmup   2: 81854464 op, 31516.00 ns, 0.0004 ns/op
OverheadWarmup   3: 81854464 op, 32768.00 ns, 0.0004 ns/op
OverheadWarmup   4: 81854464 op, 32055.00 ns, 0.0004 ns/op
OverheadWarmup   5: 81854464 op, 32018.00 ns, 0.0004 ns/op
OverheadWarmup   6: 81854464 op, 32002.00 ns, 0.0004 ns/op
OverheadWarmup   7: 81854464 op, 32041.00 ns, 0.0004 ns/op
OverheadWarmup   8: 81854464 op, 32069.00 ns, 0.0004 ns/op
OverheadWarmup   9: 81854464 op, 32061.00 ns, 0.0004 ns/op

OverheadActual   1: 81854464 op, 36143.00 ns, 0.0004 ns/op
OverheadActual   2: 81854464 op, 31038.00 ns, 0.0004 ns/op
OverheadActual   3: 81854464 op, 31058.00 ns, 0.0004 ns/op
OverheadActual   4: 81854464 op, 33733.00 ns, 0.0004 ns/op
OverheadActual   5: 81854464 op, 35660.00 ns, 0.0004 ns/op
OverheadActual   6: 81854464 op, 35433.00 ns, 0.0004 ns/op
OverheadActual   7: 81854464 op, 30923.00 ns, 0.0004 ns/op
OverheadActual   8: 81854464 op, 30881.00 ns, 0.0004 ns/op
OverheadActual   9: 81854464 op, 30876.00 ns, 0.0004 ns/op
OverheadActual  10: 81854464 op, 30878.00 ns, 0.0004 ns/op
OverheadActual  11: 81854464 op, 30850.00 ns, 0.0004 ns/op
OverheadActual  12: 81854464 op, 30870.00 ns, 0.0004 ns/op
OverheadActual  13: 81854464 op, 30887.00 ns, 0.0004 ns/op
OverheadActual  14: 81854464 op, 30861.00 ns, 0.0004 ns/op
OverheadActual  15: 81854464 op, 30869.00 ns, 0.0004 ns/op

WorkloadWarmup   1: 81854464 op, 250374815.00 ns, 3.0588 ns/op
WorkloadWarmup   2: 81854464 op, 250178308.00 ns, 3.0564 ns/op
WorkloadWarmup   3: 81854464 op, 249824582.00 ns, 3.0521 ns/op
WorkloadWarmup   4: 81854464 op, 249948438.00 ns, 3.0536 ns/op
WorkloadWarmup   5: 81854464 op, 251173036.00 ns, 3.0685 ns/op
WorkloadWarmup   6: 81854464 op, 251796536.00 ns, 3.0761 ns/op
WorkloadWarmup   7: 81854464 op, 250063809.00 ns, 3.0550 ns/op
WorkloadWarmup   8: 81854464 op, 239904083.00 ns, 2.9309 ns/op
WorkloadWarmup   9: 81854464 op, 144986173.00 ns, 1.7713 ns/op
WorkloadWarmup  10: 81854464 op, 142440992.00 ns, 1.7402 ns/op
WorkloadWarmup  11: 81854464 op, 141835327.00 ns, 1.7328 ns/op
WorkloadWarmup  12: 81854464 op, 142214107.00 ns, 1.7374 ns/op
WorkloadWarmup  13: 81854464 op, 142137123.00 ns, 1.7365 ns/op
WorkloadWarmup  14: 81854464 op, 141070723.00 ns, 1.7234 ns/op
WorkloadWarmup  15: 81854464 op, 140779573.00 ns, 1.7199 ns/op
WorkloadWarmup  16: 81854464 op, 142770652.00 ns, 1.7442 ns/op

// BeforeActualRun
WorkloadActual   1: 81854464 op, 140177245.00 ns, 1.7125 ns/op
WorkloadActual   2: 81854464 op, 140412241.00 ns, 1.7154 ns/op
WorkloadActual   3: 81854464 op, 141337081.00 ns, 1.7267 ns/op
WorkloadActual   4: 81854464 op, 145176494.00 ns, 1.7736 ns/op
WorkloadActual   5: 81854464 op, 140300945.00 ns, 1.7140 ns/op
WorkloadActual   6: 81854464 op, 140719230.00 ns, 1.7191 ns/op
WorkloadActual   7: 81854464 op, 140709116.00 ns, 1.7190 ns/op
WorkloadActual   8: 81854464 op, 139557832.00 ns, 1.7050 ns/op
WorkloadActual   9: 81854464 op, 140479640.00 ns, 1.7162 ns/op
WorkloadActual  10: 81854464 op, 140272600.00 ns, 1.7137 ns/op
WorkloadActual  11: 81854464 op, 139488056.00 ns, 1.7041 ns/op
WorkloadActual  12: 81854464 op, 140468018.00 ns, 1.7161 ns/op

// AfterActualRun
WorkloadResult   1: 81854464 op, 140146358.00 ns, 1.7121 ns/op
WorkloadResult   2: 81854464 op, 140381354.00 ns, 1.7150 ns/op
WorkloadResult   3: 81854464 op, 141306194.00 ns, 1.7263 ns/op
WorkloadResult   4: 81854464 op, 140270058.00 ns, 1.7137 ns/op
WorkloadResult   5: 81854464 op, 140688343.00 ns, 1.7188 ns/op
WorkloadResult   6: 81854464 op, 140678229.00 ns, 1.7186 ns/op
WorkloadResult   7: 81854464 op, 139526945.00 ns, 1.7046 ns/op
WorkloadResult   8: 81854464 op, 140448753.00 ns, 1.7158 ns/op
WorkloadResult   9: 81854464 op, 140241713.00 ns, 1.7133 ns/op
WorkloadResult  10: 81854464 op, 139457169.00 ns, 1.7037 ns/op
WorkloadResult  11: 81854464 op, 140437131.00 ns, 1.7157 ns/op
// GC:  0 0 0 0 81854464
// Threading:  0 0 81854464

// AfterAll
// Benchmark Process 1673419 has exited with code 0.

Mean = 1.714 ns, StdErr = 0.002 ns (0.11%), N = 11, StdDev = 0.006 ns
Min = 1.704 ns, Q1 = 1.713 ns, Median = 1.715 ns, Q3 = 1.717 ns, Max = 1.726 ns
IQR = 0.005 ns, LowerFence = 1.706 ns, UpperFence = 1.724 ns
ConfidenceInterval = [1.706 ns; 1.723 ns] (CI 99.9%), Margin = 0.009 ns (0.51% of Mean)
Skewness = -0.09, Kurtosis = 2.44, MValue = 2

// ** Remained 9 (18.0%) benchmark(s) to run. Estimated finish 2026-09-12 13:51 (0h 0m from now) **
// **************************
// Benchmark: DataAuthoredQueryBenchmarks.GeneratedShape: Jit(IterationCount=12, IterationTime=250ms, WarmupCount=16) [Shape=Blend, Pattern=Forward]
// *** Execute ***
// Launch: 1 / 1
// Execute: dotnet Alpha-Jit-1.dll --anonymousPipes 122 123 --benchmarkName "DataAuthoredQueryBenchmarks.GeneratedShape(Shape: Blend, Pattern: Forward)" --job Jit --benchmarkId 41 in /home/i/GitHub/tl-56-feat-data-authored-api/benchmarks/Alpha/bin/Release/net10.0/Alpha-Jit-1/bin/Release/net10.0
// Failed to set up high priority (Permission denied). In order to run benchmarks with high priority, make sure you have the right permissions.
// BeforeAnythingElse

// Benchmark Process Environment Information:
// BenchmarkDotNet v0.15.8
// Runtime=.NET 10.0.12 (10.0.12, 10.0.1226.42308), X64 RyuJIT x86-64-v3
// GC=Concurrent Workstation
// HardwareIntrinsics=AVX2+BMI1+BMI2+F16C+FMA+LZCNT+MOVBE,AVX,SSE3+SSSE3+SSE4.1+SSE4.2+POPCNT,X86Base+SSE+SSE2,AES+PCLMUL,AvxVnni,SERIALIZE VectorSize=256
// Job: Jit(IterationCount=12, IterationTime=250ms, WarmupCount=16)

OverheadJitting  1: 4096 op, 98112.00 ns, 23.9531 ns/op
WorkloadJitting  1: 4096 op, 252709.00 ns, 61.6965 ns/op

OverheadJitting  2: 65536 op, 120279.00 ns, 1.8353 ns/op
WorkloadJitting  2: 65536 op, 1909443.00 ns, 29.1358 ns/op

WorkloadPilot    1: 65536 op, 699005.00 ns, 10.6660 ns/op
WorkloadPilot    2: 23461888 op, 238039232.00 ns, 10.1458 ns/op
WorkloadPilot    3: 24641536 op, 249469896.00 ns, 10.1240 ns/op
WorkloadPilot    4: 24707072 op, 251834022.00 ns, 10.1928 ns/op
WorkloadPilot    5: 24576000 op, 251332845.00 ns, 10.2268 ns/op
WorkloadPilot    6: 24444928 op, 246681189.00 ns, 10.0913 ns/op
WorkloadPilot    7: 24772608 op, 249727006.00 ns, 10.0808 ns/op
WorkloadPilot    8: 24838144 op, 250564213.00 ns, 10.0879 ns/op

OverheadWarmup   1: 24838144 op, 10169.00 ns, 0.0004 ns/op
OverheadWarmup   2: 24838144 op, 9681.00 ns, 0.0004 ns/op
OverheadWarmup   3: 24838144 op, 9539.00 ns, 0.0004 ns/op
OverheadWarmup   4: 24838144 op, 9522.00 ns, 0.0004 ns/op
OverheadWarmup   5: 24838144 op, 9538.00 ns, 0.0004 ns/op
OverheadWarmup   6: 24838144 op, 9519.00 ns, 0.0004 ns/op
OverheadWarmup   7: 24838144 op, 9572.00 ns, 0.0004 ns/op
OverheadWarmup   8: 24838144 op, 9358.00 ns, 0.0004 ns/op

OverheadActual   1: 24838144 op, 9713.00 ns, 0.0004 ns/op
OverheadActual   2: 24838144 op, 9992.00 ns, 0.0004 ns/op
OverheadActual   3: 24838144 op, 9750.00 ns, 0.0004 ns/op
OverheadActual   4: 24838144 op, 9486.00 ns, 0.0004 ns/op
OverheadActual   5: 24838144 op, 9582.00 ns, 0.0004 ns/op
OverheadActual   6: 24838144 op, 9364.00 ns, 0.0004 ns/op
OverheadActual   7: 24838144 op, 9396.00 ns, 0.0004 ns/op
OverheadActual   8: 24838144 op, 9369.00 ns, 0.0004 ns/op
OverheadActual   9: 24838144 op, 9376.00 ns, 0.0004 ns/op
OverheadActual  10: 24838144 op, 9370.00 ns, 0.0004 ns/op
OverheadActual  11: 24838144 op, 9437.00 ns, 0.0004 ns/op
OverheadActual  12: 24838144 op, 9760.00 ns, 0.0004 ns/op
OverheadActual  13: 24838144 op, 9746.00 ns, 0.0004 ns/op
OverheadActual  14: 24838144 op, 10183.00 ns, 0.0004 ns/op
OverheadActual  15: 24838144 op, 9669.00 ns, 0.0004 ns/op

WorkloadWarmup   1: 24838144 op, 249843456.00 ns, 10.0589 ns/op
WorkloadWarmup   2: 24838144 op, 249501769.00 ns, 10.0451 ns/op
WorkloadWarmup   3: 24838144 op, 250836561.00 ns, 10.0988 ns/op
WorkloadWarmup   4: 24838144 op, 251296242.00 ns, 10.1174 ns/op
WorkloadWarmup   5: 24838144 op, 201625431.00 ns, 8.1176 ns/op
WorkloadWarmup   6: 24838144 op, 65804825.00 ns, 2.6493 ns/op
WorkloadWarmup   7: 24838144 op, 66158918.00 ns, 2.6636 ns/op
WorkloadWarmup   8: 24838144 op, 67081020.00 ns, 2.7007 ns/op
WorkloadWarmup   9: 24838144 op, 67172101.00 ns, 2.7044 ns/op
WorkloadWarmup  10: 24838144 op, 67327461.00 ns, 2.7106 ns/op
WorkloadWarmup  11: 24838144 op, 65423463.00 ns, 2.6340 ns/op
WorkloadWarmup  12: 24838144 op, 66435589.00 ns, 2.6747 ns/op
WorkloadWarmup  13: 24838144 op, 67124202.00 ns, 2.7025 ns/op
WorkloadWarmup  14: 24838144 op, 64671347.00 ns, 2.6037 ns/op
WorkloadWarmup  15: 24838144 op, 66207212.00 ns, 2.6655 ns/op
WorkloadWarmup  16: 24838144 op, 64696989.00 ns, 2.6047 ns/op

// BeforeActualRun
WorkloadActual   1: 24838144 op, 66298979.00 ns, 2.6692 ns/op
WorkloadActual   2: 24838144 op, 68714601.00 ns, 2.7665 ns/op
WorkloadActual   3: 24838144 op, 65884875.00 ns, 2.6526 ns/op
WorkloadActual   4: 24838144 op, 64887644.00 ns, 2.6124 ns/op
WorkloadActual   5: 24838144 op, 65853698.00 ns, 2.6513 ns/op
WorkloadActual   6: 24838144 op, 64598217.00 ns, 2.6008 ns/op
WorkloadActual   7: 24838144 op, 66031096.00 ns, 2.6585 ns/op
WorkloadActual   8: 24838144 op, 65846886.00 ns, 2.6510 ns/op
WorkloadActual   9: 24838144 op, 64610522.00 ns, 2.6013 ns/op
WorkloadActual  10: 24838144 op, 70120876.00 ns, 2.8231 ns/op
WorkloadActual  11: 24838144 op, 64514608.00 ns, 2.5974 ns/op
WorkloadActual  12: 24838144 op, 65395895.00 ns, 2.6329 ns/op

// AfterActualRun
WorkloadResult   1: 24838144 op, 66289397.00 ns, 2.6689 ns/op
WorkloadResult   2: 24838144 op, 65875293.00 ns, 2.6522 ns/op
WorkloadResult   3: 24838144 op, 64878062.00 ns, 2.6120 ns/op
WorkloadResult   4: 24838144 op, 65844116.00 ns, 2.6509 ns/op
WorkloadResult   5: 24838144 op, 64588635.00 ns, 2.6004 ns/op
WorkloadResult   6: 24838144 op, 66021514.00 ns, 2.6581 ns/op
WorkloadResult   7: 24838144 op, 65837304.00 ns, 2.6507 ns/op
WorkloadResult   8: 24838144 op, 64600940.00 ns, 2.6009 ns/op
WorkloadResult   9: 24838144 op, 64505026.00 ns, 2.5970 ns/op
WorkloadResult  10: 24838144 op, 65386313.00 ns, 2.6325 ns/op
// GC:  0 0 0 0 24838144
// Threading:  0 0 24838144

// AfterAll
// Benchmark Process 1679831 has exited with code 0.

Mean = 2.632 ns, StdErr = 0.009 ns (0.33%), N = 10, StdDev = 0.027 ns
Min = 2.597 ns, Q1 = 2.604 ns, Median = 2.642 ns, Q3 = 2.652 ns, Max = 2.669 ns
IQR = 0.048 ns, LowerFence = 2.531 ns, UpperFence = 2.724 ns
ConfidenceInterval = [2.591 ns; 2.674 ns] (CI 99.9%), Margin = 0.041 ns (1.57% of Mean)
Skewness = -0.15, Kurtosis = 1.13, MValue = 2

// ** Remained 8 (16.0%) benchmark(s) to run. Estimated finish 2026-09-12 13:51 (0h 0m from now) **
// **************************
// Benchmark: DataAuthoredQueryBenchmarks.DataAuthoredFacade: Jit(IterationCount=12, IterationTime=250ms, WarmupCount=16) [Shape=Blend, Pattern=Forward]
// *** Execute ***
// Launch: 1 / 1
// Execute: dotnet Alpha-Jit-1.dll --anonymousPipes 120 121 --benchmarkName "DataAuthoredQueryBenchmarks.DataAuthoredFacade(Shape: Blend, Pattern: Forward)" --job Jit --benchmarkId 42 in /home/i/GitHub/tl-56-feat-data-authored-api/benchmarks/Alpha/bin/Release/net10.0/Alpha-Jit-1/bin/Release/net10.0
// Failed to set up high priority (Permission denied). In order to run benchmarks with high priority, make sure you have the right permissions.
// BeforeAnythingElse

// Benchmark Process Environment Information:
// BenchmarkDotNet v0.15.8
// Runtime=.NET 10.0.12 (10.0.12, 10.0.1226.42308), X64 RyuJIT x86-64-v3
// GC=Concurrent Workstation
// HardwareIntrinsics=AVX2+BMI1+BMI2+F16C+FMA+LZCNT+MOVBE,AVX,SSE3+SSSE3+SSE4.1+SSE4.2+POPCNT,X86Base+SSE+SSE2,AES+PCLMUL,AvxVnni,SERIALIZE VectorSize=256
// Job: Jit(IterationCount=12, IterationTime=250ms, WarmupCount=16)

OverheadJitting  1: 4096 op, 100689.00 ns, 24.5823 ns/op
WorkloadJitting  1: 4096 op, 281102.00 ns, 68.6284 ns/op

OverheadJitting  2: 65536 op, 117673.00 ns, 1.7955 ns/op
WorkloadJitting  2: 65536 op, 2284732.00 ns, 34.8622 ns/op

WorkloadPilot    1: 65536 op, 2395712.00 ns, 36.5557 ns/op
WorkloadPilot    2: 6881280 op, 214945009.00 ns, 31.2362 ns/op
WorkloadPilot    3: 8060928 op, 252916816.00 ns, 31.3756 ns/op
WorkloadPilot    4: 7995392 op, 249536273.00 ns, 31.2100 ns/op
WorkloadPilot    5: 8060928 op, 252987863.00 ns, 31.3845 ns/op
WorkloadPilot    6: 7995392 op, 251279785.00 ns, 31.4281 ns/op

OverheadWarmup   1: 7995392 op, 3690.00 ns, 0.0005 ns/op
OverheadWarmup   2: 7995392 op, 3359.00 ns, 0.0004 ns/op
OverheadWarmup   3: 7995392 op, 3120.00 ns, 0.0004 ns/op
OverheadWarmup   4: 7995392 op, 3086.00 ns, 0.0004 ns/op
OverheadWarmup   5: 7995392 op, 3106.00 ns, 0.0004 ns/op
OverheadWarmup   6: 7995392 op, 3153.00 ns, 0.0004 ns/op
OverheadWarmup   7: 7995392 op, 3128.00 ns, 0.0004 ns/op
OverheadWarmup   8: 7995392 op, 3121.00 ns, 0.0004 ns/op
OverheadWarmup   9: 7995392 op, 3154.00 ns, 0.0004 ns/op
OverheadWarmup  10: 7995392 op, 3112.00 ns, 0.0004 ns/op

OverheadActual   1: 7995392 op, 3593.00 ns, 0.0004 ns/op
OverheadActual   2: 7995392 op, 3423.00 ns, 0.0004 ns/op
OverheadActual   3: 7995392 op, 3280.00 ns, 0.0004 ns/op
OverheadActual   4: 7995392 op, 3092.00 ns, 0.0004 ns/op
OverheadActual   5: 7995392 op, 3242.00 ns, 0.0004 ns/op
OverheadActual   6: 7995392 op, 2982.00 ns, 0.0004 ns/op
OverheadActual   7: 7995392 op, 2978.00 ns, 0.0004 ns/op
OverheadActual   8: 7995392 op, 2971.00 ns, 0.0004 ns/op
OverheadActual   9: 7995392 op, 3008.00 ns, 0.0004 ns/op
OverheadActual  10: 7995392 op, 2965.00 ns, 0.0004 ns/op
OverheadActual  11: 7995392 op, 3037.00 ns, 0.0004 ns/op
OverheadActual  12: 7995392 op, 2975.00 ns, 0.0004 ns/op
OverheadActual  13: 7995392 op, 2987.00 ns, 0.0004 ns/op
OverheadActual  14: 7995392 op, 2997.00 ns, 0.0004 ns/op
OverheadActual  15: 7995392 op, 3019.00 ns, 0.0004 ns/op
OverheadActual  16: 7995392 op, 3017.00 ns, 0.0004 ns/op

WorkloadWarmup   1: 7995392 op, 250861609.00 ns, 31.3758 ns/op
WorkloadWarmup   2: 7995392 op, 251682575.00 ns, 31.4785 ns/op
WorkloadWarmup   3: 7995392 op, 250639831.00 ns, 31.3480 ns/op
WorkloadWarmup   4: 7995392 op, 251326591.00 ns, 31.4339 ns/op
WorkloadWarmup   5: 7995392 op, 251521074.00 ns, 31.4583 ns/op
WorkloadWarmup   6: 7995392 op, 252398136.00 ns, 31.5680 ns/op
WorkloadWarmup   7: 7995392 op, 213703047.00 ns, 26.7283 ns/op
WorkloadWarmup   8: 7995392 op, 86923769.00 ns, 10.8717 ns/op
WorkloadWarmup   9: 7995392 op, 88488908.00 ns, 11.0675 ns/op
WorkloadWarmup  10: 7995392 op, 89025278.00 ns, 11.1346 ns/op
WorkloadWarmup  11: 7995392 op, 90036018.00 ns, 11.2610 ns/op
WorkloadWarmup  12: 7995392 op, 87574067.00 ns, 10.9531 ns/op
WorkloadWarmup  13: 7995392 op, 89315681.00 ns, 11.1709 ns/op
WorkloadWarmup  14: 7995392 op, 89540814.00 ns, 11.1991 ns/op
WorkloadWarmup  15: 7995392 op, 87815867.00 ns, 10.9833 ns/op
WorkloadWarmup  16: 7995392 op, 89053062.00 ns, 11.1380 ns/op

// BeforeActualRun
WorkloadActual   1: 7995392 op, 88564128.00 ns, 11.0769 ns/op
WorkloadActual   2: 7995392 op, 88399825.00 ns, 11.0563 ns/op
WorkloadActual   3: 7995392 op, 90403378.00 ns, 11.3069 ns/op
WorkloadActual   4: 7995392 op, 88782781.00 ns, 11.1042 ns/op
WorkloadActual   5: 7995392 op, 90165939.00 ns, 11.2772 ns/op
WorkloadActual   6: 7995392 op, 91598984.00 ns, 11.4565 ns/op
WorkloadActual   7: 7995392 op, 90266688.00 ns, 11.2898 ns/op
WorkloadActual   8: 7995392 op, 96364910.00 ns, 12.0526 ns/op
WorkloadActual   9: 7995392 op, 89864876.00 ns, 11.2396 ns/op
WorkloadActual  10: 7995392 op, 89680551.00 ns, 11.2165 ns/op
WorkloadActual  11: 7995392 op, 90343561.00 ns, 11.2995 ns/op
WorkloadActual  12: 7995392 op, 90141515.00 ns, 11.2742 ns/op

// AfterActualRun
WorkloadResult   1: 7995392 op, 88561115.50 ns, 11.0765 ns/op
WorkloadResult   2: 7995392 op, 88396812.50 ns, 11.0560 ns/op
WorkloadResult   3: 7995392 op, 90400365.50 ns, 11.3066 ns/op
WorkloadResult   4: 7995392 op, 88779768.50 ns, 11.1039 ns/op
WorkloadResult   5: 7995392 op, 90162926.50 ns, 11.2769 ns/op
WorkloadResult   6: 7995392 op, 91595971.50 ns, 11.4561 ns/op
WorkloadResult   7: 7995392 op, 90263675.50 ns, 11.2895 ns/op
WorkloadResult   8: 7995392 op, 89861863.50 ns, 11.2392 ns/op
WorkloadResult   9: 7995392 op, 89677538.50 ns, 11.2162 ns/op
WorkloadResult  10: 7995392 op, 90340548.50 ns, 11.2991 ns/op
WorkloadResult  11: 7995392 op, 90138502.50 ns, 11.2738 ns/op
// GC:  0 0 0 0 7995392
// Threading:  0 0 7995392

// AfterAll
// Benchmark Process 1684583 has exited with code 0.

Mean = 11.236 ns, StdErr = 0.036 ns (0.32%), N = 11, StdDev = 0.118 ns
Min = 11.056 ns, Q1 = 11.160 ns, Median = 11.274 ns, Q3 = 11.294 ns, Max = 11.456 ns
IQR = 0.134 ns, LowerFence = 10.959 ns, UpperFence = 11.496 ns
ConfidenceInterval = [11.073 ns; 11.399 ns] (CI 99.9%), Margin = 0.163 ns (1.45% of Mean)
Skewness = -0.03, Kurtosis = 2.07, MValue = 2

// ** Remained 7 (14.0%) benchmark(s) to run. Estimated finish 2026-09-12 13:51 (0h 0m from now) **
// **************************
// Benchmark: DataAuthoredQueryBenchmarks.FacadeSelectOnly: Jit(IterationCount=12, IterationTime=250ms, WarmupCount=16) [Shape=Blend, Pattern=Forward]
// *** Execute ***
// Launch: 1 / 1
// Execute: dotnet Alpha-Jit-1.dll --anonymousPipes 122 123 --benchmarkName "DataAuthoredQueryBenchmarks.FacadeSelectOnly(Shape: Blend, Pattern: Forward)" --job Jit --benchmarkId 43 in /home/i/GitHub/tl-56-feat-data-authored-api/benchmarks/Alpha/bin/Release/net10.0/Alpha-Jit-1/bin/Release/net10.0
// Failed to set up high priority (Permission denied). In order to run benchmarks with high priority, make sure you have the right permissions.
// BeforeAnythingElse

// Benchmark Process Environment Information:
// BenchmarkDotNet v0.15.8
// Runtime=.NET 10.0.12 (10.0.12, 10.0.1226.42308), X64 RyuJIT x86-64-v3
// GC=Concurrent Workstation
// HardwareIntrinsics=AVX2+BMI1+BMI2+F16C+FMA+LZCNT+MOVBE,AVX,SSE3+SSSE3+SSE4.1+SSE4.2+POPCNT,X86Base+SSE+SSE2,AES+PCLMUL,AvxVnni,SERIALIZE VectorSize=256
// Job: Jit(IterationCount=12, IterationTime=250ms, WarmupCount=16)

OverheadJitting  1: 4096 op, 103866.00 ns, 25.3579 ns/op
WorkloadJitting  1: 4096 op, 201229.00 ns, 49.1282 ns/op

OverheadJitting  2: 65536 op, 133914.00 ns, 2.0434 ns/op
WorkloadJitting  2: 65536 op, 1069822.00 ns, 16.3242 ns/op

WorkloadPilot    1: 65536 op, 873004.00 ns, 13.3210 ns/op
WorkloadPilot    2: 18808832 op, 242551156.00 ns, 12.8956 ns/op
WorkloadPilot    3: 19398656 op, 247136381.00 ns, 12.7399 ns/op
WorkloadPilot    4: 19660800 op, 250981540.00 ns, 12.7656 ns/op
WorkloadPilot    5: 19595264 op, 251307192.00 ns, 12.8249 ns/op
WorkloadPilot    6: 19529728 op, 248210108.00 ns, 12.7093 ns/op
WorkloadPilot    7: 19726336 op, 256429040.00 ns, 12.9993 ns/op

OverheadWarmup   1: 19726336 op, 8222.00 ns, 0.0004 ns/op
OverheadWarmup   2: 19726336 op, 7747.00 ns, 0.0004 ns/op
OverheadWarmup   3: 19726336 op, 7586.00 ns, 0.0004 ns/op
OverheadWarmup   4: 19726336 op, 7605.00 ns, 0.0004 ns/op
OverheadWarmup   5: 19726336 op, 8812.00 ns, 0.0004 ns/op
OverheadWarmup   6: 19726336 op, 7588.00 ns, 0.0004 ns/op
OverheadWarmup   7: 19726336 op, 7605.00 ns, 0.0004 ns/op
OverheadWarmup   8: 19726336 op, 7582.00 ns, 0.0004 ns/op

OverheadActual   1: 19726336 op, 7993.00 ns, 0.0004 ns/op
OverheadActual   2: 19726336 op, 7878.00 ns, 0.0004 ns/op
OverheadActual   3: 19726336 op, 7670.00 ns, 0.0004 ns/op
OverheadActual   4: 19726336 op, 7410.00 ns, 0.0004 ns/op
OverheadActual   5: 19726336 op, 7538.00 ns, 0.0004 ns/op
OverheadActual   6: 19726336 op, 7338.00 ns, 0.0004 ns/op
OverheadActual   7: 19726336 op, 7313.00 ns, 0.0004 ns/op
OverheadActual   8: 19726336 op, 7304.00 ns, 0.0004 ns/op
OverheadActual   9: 19726336 op, 7318.00 ns, 0.0004 ns/op
OverheadActual  10: 19726336 op, 7308.00 ns, 0.0004 ns/op
OverheadActual  11: 19726336 op, 7348.00 ns, 0.0004 ns/op
OverheadActual  12: 19726336 op, 7320.00 ns, 0.0004 ns/op
OverheadActual  13: 19726336 op, 7340.00 ns, 0.0004 ns/op
OverheadActual  14: 19726336 op, 7322.00 ns, 0.0004 ns/op
OverheadActual  15: 19726336 op, 7319.00 ns, 0.0004 ns/op

WorkloadWarmup   1: 19726336 op, 249303471.00 ns, 12.6381 ns/op
WorkloadWarmup   2: 19726336 op, 250105777.00 ns, 12.6788 ns/op
WorkloadWarmup   3: 19726336 op, 250559788.00 ns, 12.7018 ns/op
WorkloadWarmup   4: 19726336 op, 254169175.00 ns, 12.8848 ns/op
WorkloadWarmup   5: 19726336 op, 251065270.00 ns, 12.7274 ns/op
WorkloadWarmup   6: 19726336 op, 221283862.00 ns, 11.2177 ns/op
WorkloadWarmup   7: 19726336 op, 152387924.00 ns, 7.7251 ns/op
WorkloadWarmup   8: 19726336 op, 151937064.00 ns, 7.7022 ns/op
WorkloadWarmup   9: 19726336 op, 153013238.00 ns, 7.7568 ns/op
WorkloadWarmup  10: 19726336 op, 152988009.00 ns, 7.7555 ns/op
WorkloadWarmup  11: 19726336 op, 153008001.00 ns, 7.7565 ns/op
WorkloadWarmup  12: 19726336 op, 152586712.00 ns, 7.7352 ns/op
WorkloadWarmup  13: 19726336 op, 158888390.00 ns, 8.0546 ns/op
WorkloadWarmup  14: 19726336 op, 152002798.00 ns, 7.7056 ns/op
WorkloadWarmup  15: 19726336 op, 151384036.00 ns, 7.6742 ns/op
WorkloadWarmup  16: 19726336 op, 154570421.00 ns, 7.8357 ns/op

// BeforeActualRun
WorkloadActual   1: 19726336 op, 153731913.00 ns, 7.7932 ns/op
WorkloadActual   2: 19726336 op, 152979513.00 ns, 7.7551 ns/op
WorkloadActual   3: 19726336 op, 153033489.00 ns, 7.7578 ns/op
WorkloadActual   4: 19726336 op, 163791795.00 ns, 8.3032 ns/op
WorkloadActual   5: 19726336 op, 152235782.00 ns, 7.7174 ns/op
WorkloadActual   6: 19726336 op, 151934187.00 ns, 7.7021 ns/op
WorkloadActual   7: 19726336 op, 151345049.00 ns, 7.6722 ns/op
WorkloadActual   8: 19726336 op, 152406779.00 ns, 7.7261 ns/op
WorkloadActual   9: 19726336 op, 152516715.00 ns, 7.7316 ns/op
WorkloadActual  10: 19726336 op, 163306308.00 ns, 8.2786 ns/op
WorkloadActual  11: 19726336 op, 172792813.00 ns, 8.7595 ns/op
WorkloadActual  12: 19726336 op, 151622802.00 ns, 7.6863 ns/op

// AfterActualRun
WorkloadResult   1: 19726336 op, 153724575.00 ns, 7.7929 ns/op
WorkloadResult   2: 19726336 op, 152972175.00 ns, 7.7547 ns/op
WorkloadResult   3: 19726336 op, 153026151.00 ns, 7.7575 ns/op
WorkloadResult   4: 19726336 op, 152228444.00 ns, 7.7170 ns/op
WorkloadResult   5: 19726336 op, 151926849.00 ns, 7.7017 ns/op
WorkloadResult   6: 19726336 op, 151337711.00 ns, 7.6719 ns/op
WorkloadResult   7: 19726336 op, 152399441.00 ns, 7.7257 ns/op
WorkloadResult   8: 19726336 op, 152509377.00 ns, 7.7313 ns/op
WorkloadResult   9: 19726336 op, 151615464.00 ns, 7.6859 ns/op
// GC:  0 0 0 0 19726336
// Threading:  0 0 19726336

// AfterAll
// Benchmark Process 1689793 has exited with code 0.

Mean = 7.727 ns, StdErr = 0.013 ns (0.16%), N = 9, StdDev = 0.038 ns
Min = 7.672 ns, Q1 = 7.702 ns, Median = 7.726 ns, Q3 = 7.755 ns, Max = 7.793 ns
IQR = 0.053 ns, LowerFence = 7.622 ns, UpperFence = 7.834 ns
ConfidenceInterval = [7.663 ns; 7.790 ns] (CI 99.9%), Margin = 0.064 ns (0.83% of Mean)
Skewness = 0.2, Kurtosis = 1.77, MValue = 2

// ** Remained 6 (12.0%) benchmark(s) to run. Estimated finish 2026-09-12 13:51 (0h 0m from now) **
// **************************
// Benchmark: DataAuthoredQueryBenchmarks.FacadeNoDispatch: Jit(IterationCount=12, IterationTime=250ms, WarmupCount=16) [Shape=Blend, Pattern=Forward]
// *** Execute ***
// Launch: 1 / 1
// Execute: dotnet Alpha-Jit-1.dll --anonymousPipes 120 121 --benchmarkName "DataAuthoredQueryBenchmarks.FacadeNoDispatch(Shape: Blend, Pattern: Forward)" --job Jit --benchmarkId 44 in /home/i/GitHub/tl-56-feat-data-authored-api/benchmarks/Alpha/bin/Release/net10.0/Alpha-Jit-1/bin/Release/net10.0
// Failed to set up high priority (Permission denied). In order to run benchmarks with high priority, make sure you have the right permissions.
// BeforeAnythingElse

// Benchmark Process Environment Information:
// BenchmarkDotNet v0.15.8
// Runtime=.NET 10.0.12 (10.0.12, 10.0.1226.42308), X64 RyuJIT x86-64-v3
// GC=Concurrent Workstation
// HardwareIntrinsics=AVX2+BMI1+BMI2+F16C+FMA+LZCNT+MOVBE,AVX,SSE3+SSSE3+SSE4.1+SSE4.2+POPCNT,X86Base+SSE+SSE2,AES+PCLMUL,AvxVnni,SERIALIZE VectorSize=256
// Job: Jit(IterationCount=12, IterationTime=250ms, WarmupCount=16)

OverheadJitting  1: 4096 op, 109496.00 ns, 26.7324 ns/op
WorkloadJitting  1: 4096 op, 206280.00 ns, 50.3613 ns/op

OverheadJitting  2: 65536 op, 123436.00 ns, 1.8835 ns/op
WorkloadJitting  2: 65536 op, 1170378.00 ns, 17.8586 ns/op

WorkloadPilot    1: 65536 op, 1202206.00 ns, 18.3442 ns/op
WorkloadPilot    2: 13631488 op, 190383102.00 ns, 13.9664 ns/op
WorkloadPilot    3: 17956864 op, 248884510.00 ns, 13.8601 ns/op
WorkloadPilot    4: 18087936 op, 252303132.00 ns, 13.9487 ns/op
WorkloadPilot    5: 17956864 op, 257076231.00 ns, 14.3163 ns/op
WorkloadPilot    6: 17498112 op, 242248698.00 ns, 13.8443 ns/op
WorkloadPilot    7: 18087936 op, 252492365.00 ns, 13.9592 ns/op

OverheadWarmup   1: 18087936 op, 7349.00 ns, 0.0004 ns/op
OverheadWarmup   2: 18087936 op, 6957.00 ns, 0.0004 ns/op
OverheadWarmup   3: 18087936 op, 6837.00 ns, 0.0004 ns/op
OverheadWarmup   4: 18087936 op, 6818.00 ns, 0.0004 ns/op
OverheadWarmup   5: 18087936 op, 6872.00 ns, 0.0004 ns/op
OverheadWarmup   6: 18087936 op, 6842.00 ns, 0.0004 ns/op
OverheadWarmup   7: 18087936 op, 6817.00 ns, 0.0004 ns/op
OverheadWarmup   8: 18087936 op, 6832.00 ns, 0.0004 ns/op
OverheadWarmup   9: 18087936 op, 6830.00 ns, 0.0004 ns/op

OverheadActual   1: 18087936 op, 7359.00 ns, 0.0004 ns/op
OverheadActual   2: 18087936 op, 7293.00 ns, 0.0004 ns/op
OverheadActual   3: 18087936 op, 7372.00 ns, 0.0004 ns/op
OverheadActual   4: 18087936 op, 7029.00 ns, 0.0004 ns/op
OverheadActual   5: 18087936 op, 7253.00 ns, 0.0004 ns/op
OverheadActual   6: 18087936 op, 6885.00 ns, 0.0004 ns/op
OverheadActual   7: 18087936 op, 6819.00 ns, 0.0004 ns/op
OverheadActual   8: 18087936 op, 6947.00 ns, 0.0004 ns/op
OverheadActual   9: 18087936 op, 6961.00 ns, 0.0004 ns/op
OverheadActual  10: 18087936 op, 6965.00 ns, 0.0004 ns/op
OverheadActual  11: 18087936 op, 7005.00 ns, 0.0004 ns/op
OverheadActual  12: 18087936 op, 6979.00 ns, 0.0004 ns/op
OverheadActual  13: 18087936 op, 6963.00 ns, 0.0004 ns/op
OverheadActual  14: 18087936 op, 6948.00 ns, 0.0004 ns/op
OverheadActual  15: 18087936 op, 6974.00 ns, 0.0004 ns/op

WorkloadWarmup   1: 18087936 op, 252523813.00 ns, 13.9609 ns/op
WorkloadWarmup   2: 18087936 op, 256738509.00 ns, 14.1939 ns/op
WorkloadWarmup   3: 18087936 op, 264357782.00 ns, 14.6151 ns/op
WorkloadWarmup   4: 18087936 op, 253813524.00 ns, 14.0322 ns/op
WorkloadWarmup   5: 18087936 op, 250709730.00 ns, 13.8606 ns/op
WorkloadWarmup   6: 18087936 op, 241779385.00 ns, 13.3669 ns/op
WorkloadWarmup   7: 18087936 op, 158482224.00 ns, 8.7618 ns/op
WorkloadWarmup   8: 18087936 op, 156747507.00 ns, 8.6659 ns/op
WorkloadWarmup   9: 18087936 op, 158683667.00 ns, 8.7729 ns/op
WorkloadWarmup  10: 18087936 op, 166889418.00 ns, 9.2266 ns/op
WorkloadWarmup  11: 18087936 op, 157504888.00 ns, 8.7077 ns/op
WorkloadWarmup  12: 18087936 op, 159124131.00 ns, 8.7973 ns/op
WorkloadWarmup  13: 18087936 op, 172021203.00 ns, 9.5103 ns/op
WorkloadWarmup  14: 18087936 op, 161153810.00 ns, 8.9095 ns/op
WorkloadWarmup  15: 18087936 op, 157375210.00 ns, 8.7006 ns/op
WorkloadWarmup  16: 18087936 op, 164335215.00 ns, 9.0853 ns/op

// BeforeActualRun
WorkloadActual   1: 18087936 op, 160118423.00 ns, 8.8522 ns/op
WorkloadActual   2: 18087936 op, 163120908.00 ns, 9.0182 ns/op
WorkloadActual   3: 18087936 op, 154260654.00 ns, 8.5284 ns/op
WorkloadActual   4: 18087936 op, 155243479.00 ns, 8.5827 ns/op
WorkloadActual   5: 18087936 op, 155237816.00 ns, 8.5824 ns/op
WorkloadActual   6: 18087936 op, 154894836.00 ns, 8.5634 ns/op
WorkloadActual   7: 18087936 op, 154508094.00 ns, 8.5421 ns/op
WorkloadActual   8: 18087936 op, 154219311.00 ns, 8.5261 ns/op
WorkloadActual   9: 18087936 op, 153365599.00 ns, 8.4789 ns/op
WorkloadActual  10: 18087936 op, 153886500.00 ns, 8.5077 ns/op
WorkloadActual  11: 18087936 op, 177374124.00 ns, 9.8062 ns/op
WorkloadActual  12: 18087936 op, 160236522.00 ns, 8.8588 ns/op

// AfterActualRun
WorkloadResult   1: 18087936 op, 160111449.00 ns, 8.8518 ns/op
WorkloadResult   2: 18087936 op, 163113934.00 ns, 9.0178 ns/op
WorkloadResult   3: 18087936 op, 154253680.00 ns, 8.5280 ns/op
WorkloadResult   4: 18087936 op, 155236505.00 ns, 8.5823 ns/op
WorkloadResult   5: 18087936 op, 155230842.00 ns, 8.5820 ns/op
WorkloadResult   6: 18087936 op, 154887862.00 ns, 8.5630 ns/op
WorkloadResult   7: 18087936 op, 154501120.00 ns, 8.5417 ns/op
WorkloadResult   8: 18087936 op, 154212337.00 ns, 8.5257 ns/op
WorkloadResult   9: 18087936 op, 153358625.00 ns, 8.4785 ns/op
WorkloadResult  10: 18087936 op, 153879526.00 ns, 8.5073 ns/op
WorkloadResult  11: 18087936 op, 160229548.00 ns, 8.8584 ns/op
// GC:  0 0 0 0 18087936
// Threading:  0 0 18087936

// AfterAll
// Benchmark Process 1696071 has exited with code 0.

Mean = 8.640 ns, StdErr = 0.055 ns (0.63%), N = 11, StdDev = 0.181 ns
Min = 8.479 ns, Q1 = 8.527 ns, Median = 8.563 ns, Q3 = 8.717 ns, Max = 9.018 ns
IQR = 0.190 ns, LowerFence = 8.241 ns, UpperFence = 9.002 ns
ConfidenceInterval = [8.390 ns; 8.890 ns] (CI 99.9%), Margin = 0.250 ns (2.89% of Mean)
Skewness = 0.97, Kurtosis = 2.23, MValue = 2

// ** Remained 5 (10.0%) benchmark(s) to run. Estimated finish 2026-09-12 13:51 (0h 0m from now) **
// **************************
// Benchmark: DataAuthoredQueryBenchmarks.DirectShape: Jit(IterationCount=12, IterationTime=250ms, WarmupCount=16) [Shape=Blend, Pattern=Alternating]
// *** Execute ***
// Launch: 1 / 1
// Execute: dotnet Alpha-Jit-1.dll --anonymousPipes 122 123 --benchmarkName "DataAuthoredQueryBenchmarks.DirectShape(Shape: Blend, Pattern: Alternating)" --job Jit --benchmarkId 45 in /home/i/GitHub/tl-56-feat-data-authored-api/benchmarks/Alpha/bin/Release/net10.0/Alpha-Jit-1/bin/Release/net10.0
// Failed to set up high priority (Permission denied). In order to run benchmarks with high priority, make sure you have the right permissions.
// BeforeAnythingElse

// Benchmark Process Environment Information:
// BenchmarkDotNet v0.15.8
// Runtime=.NET 10.0.12 (10.0.12, 10.0.1226.42308), X64 RyuJIT x86-64-v3
// GC=Concurrent Workstation
// HardwareIntrinsics=AVX2+BMI1+BMI2+F16C+FMA+LZCNT+MOVBE,AVX,SSE3+SSSE3+SSE4.1+SSE4.2+POPCNT,X86Base+SSE+SSE2,AES+PCLMUL,AvxVnni,SERIALIZE VectorSize=256
// Job: Jit(IterationCount=12, IterationTime=250ms, WarmupCount=16)

OverheadJitting  1: 4096 op, 100486.00 ns, 24.5327 ns/op
WorkloadJitting  1: 4096 op, 1070591.00 ns, 261.3748 ns/op

OverheadJitting  2: 65536 op, 131471.00 ns, 2.0061 ns/op
WorkloadJitting  2: 65536 op, 464343.00 ns, 7.0853 ns/op

WorkloadPilot    1: 65536 op, 256278.00 ns, 3.9105 ns/op
WorkloadPilot    2: 63963136 op, 229720176.00 ns, 3.5914 ns/op
WorkloadPilot    3: 69664768 op, 248683889.00 ns, 3.5697 ns/op
WorkloadPilot    4: 70057984 op, 248569192.00 ns, 3.5480 ns/op
WorkloadPilot    5: 70516736 op, 251551499.00 ns, 3.5673 ns/op
WorkloadPilot    6: 70123520 op, 249409715.00 ns, 3.5567 ns/op
WorkloadPilot    7: 70320128 op, 250152413.00 ns, 3.5573 ns/op

OverheadWarmup   1: 70320128 op, 27495.00 ns, 0.0004 ns/op
OverheadWarmup   2: 70320128 op, 27140.00 ns, 0.0004 ns/op
OverheadWarmup   3: 70320128 op, 26984.00 ns, 0.0004 ns/op
OverheadWarmup   4: 70320128 op, 26983.00 ns, 0.0004 ns/op
OverheadWarmup   5: 70320128 op, 27048.00 ns, 0.0004 ns/op
OverheadWarmup   6: 70320128 op, 27022.00 ns, 0.0004 ns/op
OverheadWarmup   7: 70320128 op, 27661.00 ns, 0.0004 ns/op
OverheadWarmup   8: 70320128 op, 26953.00 ns, 0.0004 ns/op

OverheadActual   1: 70320128 op, 26791.00 ns, 0.0004 ns/op
OverheadActual   2: 70320128 op, 27247.00 ns, 0.0004 ns/op
OverheadActual   3: 70320128 op, 27789.00 ns, 0.0004 ns/op
OverheadActual   4: 70320128 op, 27646.00 ns, 0.0004 ns/op
OverheadActual   5: 70320128 op, 27704.00 ns, 0.0004 ns/op
OverheadActual   6: 70320128 op, 27502.00 ns, 0.0004 ns/op
OverheadActual   7: 70320128 op, 27485.00 ns, 0.0004 ns/op
OverheadActual   8: 70320128 op, 27541.00 ns, 0.0004 ns/op
OverheadActual   9: 70320128 op, 27501.00 ns, 0.0004 ns/op
OverheadActual  10: 70320128 op, 27508.00 ns, 0.0004 ns/op
OverheadActual  11: 70320128 op, 27003.00 ns, 0.0004 ns/op
OverheadActual  12: 70320128 op, 27006.00 ns, 0.0004 ns/op
OverheadActual  13: 70320128 op, 27025.00 ns, 0.0004 ns/op
OverheadActual  14: 70320128 op, 26976.00 ns, 0.0004 ns/op
OverheadActual  15: 70320128 op, 26980.00 ns, 0.0004 ns/op

WorkloadWarmup   1: 70320128 op, 252557746.00 ns, 3.5915 ns/op
WorkloadWarmup   2: 70320128 op, 253536467.00 ns, 3.6055 ns/op
WorkloadWarmup   3: 70320128 op, 250047704.00 ns, 3.5558 ns/op
WorkloadWarmup   4: 70320128 op, 252163592.00 ns, 3.5859 ns/op
WorkloadWarmup   5: 70320128 op, 251727510.00 ns, 3.5797 ns/op
WorkloadWarmup   6: 70320128 op, 223699008.00 ns, 3.1812 ns/op
WorkloadWarmup   7: 70320128 op, 136863179.00 ns, 1.9463 ns/op
WorkloadWarmup   8: 70320128 op, 135797603.00 ns, 1.9311 ns/op
WorkloadWarmup   9: 70320128 op, 142892224.00 ns, 2.0320 ns/op
WorkloadWarmup  10: 70320128 op, 139120494.00 ns, 1.9784 ns/op
WorkloadWarmup  11: 70320128 op, 137197347.00 ns, 1.9510 ns/op
WorkloadWarmup  12: 70320128 op, 137180686.00 ns, 1.9508 ns/op
WorkloadWarmup  13: 70320128 op, 135374649.00 ns, 1.9251 ns/op
WorkloadWarmup  14: 70320128 op, 140266181.00 ns, 1.9947 ns/op
WorkloadWarmup  15: 70320128 op, 135938970.00 ns, 1.9331 ns/op
WorkloadWarmup  16: 70320128 op, 134457092.00 ns, 1.9121 ns/op

// BeforeActualRun
WorkloadActual   1: 70320128 op, 136602851.00 ns, 1.9426 ns/op
WorkloadActual   2: 70320128 op, 136589940.00 ns, 1.9424 ns/op
WorkloadActual   3: 70320128 op, 136419438.00 ns, 1.9400 ns/op
WorkloadActual   4: 70320128 op, 136807155.00 ns, 1.9455 ns/op
WorkloadActual   5: 70320128 op, 134947136.00 ns, 1.9190 ns/op
WorkloadActual   6: 70320128 op, 136670881.00 ns, 1.9436 ns/op
WorkloadActual   7: 70320128 op, 136186543.00 ns, 1.9367 ns/op
WorkloadActual   8: 70320128 op, 135477339.00 ns, 1.9266 ns/op
WorkloadActual   9: 70320128 op, 136767658.00 ns, 1.9449 ns/op
WorkloadActual  10: 70320128 op, 137188692.00 ns, 1.9509 ns/op
WorkloadActual  11: 70320128 op, 138886450.00 ns, 1.9751 ns/op
WorkloadActual  12: 70320128 op, 136101582.00 ns, 1.9355 ns/op

// AfterActualRun
WorkloadResult   1: 70320128 op, 136575366.00 ns, 1.9422 ns/op
WorkloadResult   2: 70320128 op, 136562455.00 ns, 1.9420 ns/op
WorkloadResult   3: 70320128 op, 136391953.00 ns, 1.9396 ns/op
WorkloadResult   4: 70320128 op, 136779670.00 ns, 1.9451 ns/op
WorkloadResult   5: 70320128 op, 134919651.00 ns, 1.9186 ns/op
WorkloadResult   6: 70320128 op, 136643396.00 ns, 1.9432 ns/op
WorkloadResult   7: 70320128 op, 136159058.00 ns, 1.9363 ns/op
WorkloadResult   8: 70320128 op, 135449854.00 ns, 1.9262 ns/op
WorkloadResult   9: 70320128 op, 136740173.00 ns, 1.9445 ns/op
WorkloadResult  10: 70320128 op, 137161207.00 ns, 1.9505 ns/op
WorkloadResult  11: 70320128 op, 136074097.00 ns, 1.9351 ns/op
// GC:  0 0 0 0 70320128
// Threading:  0 0 70320128

// AfterAll
// Benchmark Process 1702591 has exited with code 0.

Mean = 1.938 ns, StdErr = 0.003 ns (0.14%), N = 11, StdDev = 0.009 ns
Min = 1.919 ns, Q1 = 1.936 ns, Median = 1.942 ns, Q3 = 1.944 ns, Max = 1.951 ns
IQR = 0.008 ns, LowerFence = 1.923 ns, UpperFence = 1.956 ns
ConfidenceInterval = [1.926 ns; 1.951 ns] (CI 99.9%), Margin = 0.013 ns (0.65% of Mean)
Skewness = -0.86, Kurtosis = 2.64, MValue = 2

// ** Remained 4 (8.0%) benchmark(s) to run. Estimated finish 2026-09-12 13:51 (0h 0m from now) **
// **************************
// Benchmark: DataAuthoredQueryBenchmarks.GeneratedShape: Jit(IterationCount=12, IterationTime=250ms, WarmupCount=16) [Shape=Blend, Pattern=Alternating]
// *** Execute ***
// Launch: 1 / 1
// Execute: dotnet Alpha-Jit-1.dll --anonymousPipes 120 121 --benchmarkName "DataAuthoredQueryBenchmarks.GeneratedShape(Shape: Blend, Pattern: Alternating)" --job Jit --benchmarkId 46 in /home/i/GitHub/tl-56-feat-data-authored-api/benchmarks/Alpha/bin/Release/net10.0/Alpha-Jit-1/bin/Release/net10.0
// Failed to set up high priority (Permission denied). In order to run benchmarks with high priority, make sure you have the right permissions.
// BeforeAnythingElse

// Benchmark Process Environment Information:
// BenchmarkDotNet v0.15.8
// Runtime=.NET 10.0.12 (10.0.12, 10.0.1226.42308), X64 RyuJIT x86-64-v3
// GC=Concurrent Workstation
// HardwareIntrinsics=AVX2+BMI1+BMI2+F16C+FMA+LZCNT+MOVBE,AVX,SSE3+SSSE3+SSE4.1+SSE4.2+POPCNT,X86Base+SSE+SSE2,AES+PCLMUL,AvxVnni,SERIALIZE VectorSize=256
// Job: Jit(IterationCount=12, IterationTime=250ms, WarmupCount=16)

OverheadJitting  1: 4096 op, 105153.00 ns, 25.6721 ns/op
WorkloadJitting  1: 4096 op, 288904.00 ns, 70.5332 ns/op

OverheadJitting  2: 65536 op, 136495.00 ns, 2.0827 ns/op
WorkloadJitting  2: 65536 op, 2152451.00 ns, 32.8438 ns/op

WorkloadPilot    1: 65536 op, 814927.00 ns, 12.4348 ns/op
WorkloadPilot    2: 20119552 op, 216741910.00 ns, 10.7727 ns/op
WorkloadPilot    3: 23265280 op, 251875667.00 ns, 10.8262 ns/op
WorkloadPilot    4: 23134208 op, 248853370.00 ns, 10.7569 ns/op
WorkloadPilot    5: 23265280 op, 250198517.00 ns, 10.7542 ns/op

OverheadWarmup   1: 23265280 op, 9461.00 ns, 0.0004 ns/op
OverheadWarmup   2: 23265280 op, 9117.00 ns, 0.0004 ns/op
OverheadWarmup   3: 23265280 op, 9035.00 ns, 0.0004 ns/op
OverheadWarmup   4: 23265280 op, 8987.00 ns, 0.0004 ns/op
OverheadWarmup   5: 23265280 op, 8995.00 ns, 0.0004 ns/op
OverheadWarmup   6: 23265280 op, 8998.00 ns, 0.0004 ns/op
OverheadWarmup   7: 23265280 op, 8956.00 ns, 0.0004 ns/op
OverheadWarmup   8: 23265280 op, 11102.00 ns, 0.0005 ns/op
OverheadWarmup   9: 23265280 op, 9981.00 ns, 0.0004 ns/op

OverheadActual   1: 23265280 op, 9317.00 ns, 0.0004 ns/op
OverheadActual   2: 23265280 op, 9354.00 ns, 0.0004 ns/op
OverheadActual   3: 23265280 op, 9311.00 ns, 0.0004 ns/op
OverheadActual   4: 23265280 op, 9110.00 ns, 0.0004 ns/op
OverheadActual   5: 23265280 op, 11444.00 ns, 0.0005 ns/op
OverheadActual   6: 23265280 op, 10633.00 ns, 0.0005 ns/op
OverheadActual   7: 23265280 op, 10808.00 ns, 0.0005 ns/op
OverheadActual   8: 23265280 op, 9805.00 ns, 0.0004 ns/op
OverheadActual   9: 23265280 op, 10661.00 ns, 0.0005 ns/op
OverheadActual  10: 23265280 op, 10479.00 ns, 0.0005 ns/op
OverheadActual  11: 23265280 op, 9537.00 ns, 0.0004 ns/op
OverheadActual  12: 23265280 op, 11212.00 ns, 0.0005 ns/op
OverheadActual  13: 23265280 op, 10496.00 ns, 0.0005 ns/op
OverheadActual  14: 23265280 op, 11139.00 ns, 0.0005 ns/op
OverheadActual  15: 23265280 op, 10052.00 ns, 0.0004 ns/op
OverheadActual  16: 23265280 op, 9732.00 ns, 0.0004 ns/op
OverheadActual  17: 23265280 op, 13257.00 ns, 0.0006 ns/op
OverheadActual  18: 23265280 op, 10023.00 ns, 0.0004 ns/op
OverheadActual  19: 23265280 op, 9988.00 ns, 0.0004 ns/op
OverheadActual  20: 23265280 op, 9899.00 ns, 0.0004 ns/op

WorkloadWarmup   1: 23265280 op, 249171633.00 ns, 10.7100 ns/op
WorkloadWarmup   2: 23265280 op, 250529127.00 ns, 10.7684 ns/op
WorkloadWarmup   3: 23265280 op, 251741039.00 ns, 10.8205 ns/op
WorkloadWarmup   4: 23265280 op, 249584010.00 ns, 10.7277 ns/op
WorkloadWarmup   5: 23265280 op, 249333888.00 ns, 10.7170 ns/op
WorkloadWarmup   6: 23265280 op, 248581978.00 ns, 10.6847 ns/op
WorkloadWarmup   7: 23265280 op, 251172896.00 ns, 10.7960 ns/op
WorkloadWarmup   8: 23265280 op, 217047192.00 ns, 9.3292 ns/op
WorkloadWarmup   9: 23265280 op, 69734706.00 ns, 2.9974 ns/op
WorkloadWarmup  10: 23265280 op, 70800091.00 ns, 3.0432 ns/op
WorkloadWarmup  11: 23265280 op, 68674798.00 ns, 2.9518 ns/op
WorkloadWarmup  12: 23265280 op, 72825719.00 ns, 3.1302 ns/op
WorkloadWarmup  13: 23265280 op, 70618347.00 ns, 3.0354 ns/op
WorkloadWarmup  14: 23265280 op, 69125275.00 ns, 2.9712 ns/op
WorkloadWarmup  15: 23265280 op, 69941186.00 ns, 3.0062 ns/op
WorkloadWarmup  16: 23265280 op, 71844973.00 ns, 3.0881 ns/op

// BeforeActualRun
WorkloadActual   1: 23265280 op, 71291876.00 ns, 3.0643 ns/op
WorkloadActual   2: 23265280 op, 68316365.00 ns, 2.9364 ns/op
WorkloadActual   3: 23265280 op, 69998636.00 ns, 3.0087 ns/op
WorkloadActual   4: 23265280 op, 68562743.00 ns, 2.9470 ns/op
WorkloadActual   5: 23265280 op, 69560867.00 ns, 2.9899 ns/op
WorkloadActual   6: 23265280 op, 68346596.00 ns, 2.9377 ns/op
WorkloadActual   7: 23265280 op, 69815938.00 ns, 3.0009 ns/op
WorkloadActual   8: 23265280 op, 69981855.00 ns, 3.0080 ns/op
WorkloadActual   9: 23265280 op, 68413397.00 ns, 2.9406 ns/op
WorkloadActual  10: 23265280 op, 73226542.00 ns, 3.1475 ns/op
WorkloadActual  11: 23265280 op, 68497321.00 ns, 2.9442 ns/op
WorkloadActual  12: 23265280 op, 73765405.00 ns, 3.1706 ns/op

// AfterActualRun
WorkloadResult   1: 23265280 op, 71281838.50 ns, 3.0639 ns/op
WorkloadResult   2: 23265280 op, 68306327.50 ns, 2.9360 ns/op
WorkloadResult   3: 23265280 op, 69988598.50 ns, 3.0083 ns/op
WorkloadResult   4: 23265280 op, 68552705.50 ns, 2.9466 ns/op
WorkloadResult   5: 23265280 op, 69550829.50 ns, 2.9895 ns/op
WorkloadResult   6: 23265280 op, 68336558.50 ns, 2.9373 ns/op
WorkloadResult   7: 23265280 op, 69805900.50 ns, 3.0004 ns/op
WorkloadResult   8: 23265280 op, 69971817.50 ns, 3.0076 ns/op
WorkloadResult   9: 23265280 op, 68403359.50 ns, 2.9401 ns/op
WorkloadResult  10: 23265280 op, 68487283.50 ns, 2.9438 ns/op
// GC:  0 0 0 0 23265280
// Threading:  0 0 23265280

// AfterAll
// Benchmark Process 1709009 has exited with code 0.

Mean = 2.977 ns, StdErr = 0.014 ns (0.46%), N = 10, StdDev = 0.043 ns
Min = 2.936 ns, Q1 = 2.941 ns, Median = 2.968 ns, Q3 = 3.006 ns, Max = 3.064 ns
IQR = 0.065 ns, LowerFence = 2.844 ns, UpperFence = 3.103 ns
ConfidenceInterval = [2.912 ns; 3.043 ns] (CI 99.9%), Margin = 0.065 ns (2.19% of Mean)
Skewness = 0.58, Kurtosis = 1.94, MValue = 2

// ** Remained 3 (6.0%) benchmark(s) to run. Estimated finish 2026-09-12 13:51 (0h 0m from now) **
// **************************
// Benchmark: DataAuthoredQueryBenchmarks.DataAuthoredFacade: Jit(IterationCount=12, IterationTime=250ms, WarmupCount=16) [Shape=Blend, Pattern=Alternating]
// *** Execute ***
// Launch: 1 / 1
// Execute: dotnet Alpha-Jit-1.dll --anonymousPipes 120 121 --benchmarkName "DataAuthoredQueryBenchmarks.DataAuthoredFacade(Shape: Blend, Pattern: Alternating)" --job Jit --benchmarkId 47 in /home/i/GitHub/tl-56-feat-data-authored-api/benchmarks/Alpha/bin/Release/net10.0/Alpha-Jit-1/bin/Release/net10.0
// Failed to set up high priority (Permission denied). In order to run benchmarks with high priority, make sure you have the right permissions.
// BeforeAnythingElse

// Benchmark Process Environment Information:
// BenchmarkDotNet v0.15.8
// Runtime=.NET 10.0.12 (10.0.12, 10.0.1226.42308), X64 RyuJIT x86-64-v3
// GC=Concurrent Workstation
// HardwareIntrinsics=AVX2+BMI1+BMI2+F16C+FMA+LZCNT+MOVBE,AVX,SSE3+SSSE3+SSE4.1+SSE4.2+POPCNT,X86Base+SSE+SSE2,AES+PCLMUL,AvxVnni,SERIALIZE VectorSize=256
// Job: Jit(IterationCount=12, IterationTime=250ms, WarmupCount=16)

OverheadJitting  1: 4096 op, 106291.00 ns, 25.9500 ns/op
WorkloadJitting  1: 4096 op, 295567.00 ns, 72.1599 ns/op

OverheadJitting  2: 65536 op, 160624.00 ns, 2.4509 ns/op
WorkloadJitting  2: 65536 op, 2451216.00 ns, 37.4026 ns/op

WorkloadPilot    1: 65536 op, 2147623.00 ns, 32.7701 ns/op
WorkloadPilot    2: 7667712 op, 251760790.00 ns, 32.8339 ns/op

OverheadWarmup   1: 7667712 op, 3377.00 ns, 0.0004 ns/op
OverheadWarmup   2: 7667712 op, 3061.00 ns, 0.0004 ns/op
OverheadWarmup   3: 7667712 op, 2966.00 ns, 0.0004 ns/op
OverheadWarmup   4: 7667712 op, 2964.00 ns, 0.0004 ns/op
OverheadWarmup   5: 7667712 op, 3023.00 ns, 0.0004 ns/op
OverheadWarmup   6: 7667712 op, 2975.00 ns, 0.0004 ns/op
OverheadWarmup   7: 7667712 op, 3058.00 ns, 0.0004 ns/op
OverheadWarmup   8: 7667712 op, 3040.00 ns, 0.0004 ns/op

OverheadActual   1: 7667712 op, 3743.00 ns, 0.0005 ns/op
OverheadActual   2: 7667712 op, 3294.00 ns, 0.0004 ns/op
OverheadActual   3: 7667712 op, 3311.00 ns, 0.0004 ns/op
OverheadActual   4: 7667712 op, 3032.00 ns, 0.0004 ns/op
OverheadActual   5: 7667712 op, 3169.00 ns, 0.0004 ns/op
OverheadActual   6: 7667712 op, 2972.00 ns, 0.0004 ns/op
OverheadActual   7: 7667712 op, 3001.00 ns, 0.0004 ns/op
OverheadActual   8: 7667712 op, 2914.00 ns, 0.0004 ns/op
OverheadActual   9: 7667712 op, 2910.00 ns, 0.0004 ns/op
OverheadActual  10: 7667712 op, 2903.00 ns, 0.0004 ns/op
OverheadActual  11: 7667712 op, 2872.00 ns, 0.0004 ns/op
OverheadActual  12: 7667712 op, 2905.00 ns, 0.0004 ns/op
OverheadActual  13: 7667712 op, 2946.00 ns, 0.0004 ns/op
OverheadActual  14: 7667712 op, 2936.00 ns, 0.0004 ns/op
OverheadActual  15: 7667712 op, 2929.00 ns, 0.0004 ns/op
OverheadActual  16: 7667712 op, 2958.00 ns, 0.0004 ns/op
OverheadActual  17: 7667712 op, 2978.00 ns, 0.0004 ns/op

WorkloadWarmup   1: 7667712 op, 250621347.00 ns, 32.6853 ns/op
WorkloadWarmup   2: 7667712 op, 251179234.00 ns, 32.7580 ns/op
WorkloadWarmup   3: 7667712 op, 250173345.00 ns, 32.6269 ns/op
WorkloadWarmup   4: 7667712 op, 249064921.00 ns, 32.4823 ns/op
WorkloadWarmup   5: 7667712 op, 250503057.00 ns, 32.6699 ns/op
WorkloadWarmup   6: 7667712 op, 250973602.00 ns, 32.7312 ns/op
WorkloadWarmup   7: 7667712 op, 197631652.00 ns, 25.7745 ns/op
WorkloadWarmup   8: 7667712 op, 85692659.00 ns, 11.1758 ns/op
WorkloadWarmup   9: 7667712 op, 86888632.00 ns, 11.3318 ns/op
WorkloadWarmup  10: 7667712 op, 86893723.00 ns, 11.3324 ns/op
WorkloadWarmup  11: 7667712 op, 86060573.00 ns, 11.2238 ns/op
WorkloadWarmup  12: 7667712 op, 86756990.00 ns, 11.3146 ns/op
WorkloadWarmup  13: 7667712 op, 86938248.00 ns, 11.3382 ns/op
WorkloadWarmup  14: 7667712 op, 85957822.00 ns, 11.2104 ns/op
WorkloadWarmup  15: 7667712 op, 86969570.00 ns, 11.3423 ns/op
WorkloadWarmup  16: 7667712 op, 87548741.00 ns, 11.4178 ns/op

// BeforeActualRun
WorkloadActual   1: 7667712 op, 85702536.00 ns, 11.1771 ns/op
WorkloadActual   2: 7667712 op, 86828575.00 ns, 11.3239 ns/op
WorkloadActual   3: 7667712 op, 85766098.00 ns, 11.1854 ns/op
WorkloadActual   4: 7667712 op, 86638047.00 ns, 11.2991 ns/op
WorkloadActual   5: 7667712 op, 87564369.00 ns, 11.4199 ns/op
WorkloadActual   6: 7667712 op, 87996520.00 ns, 11.4762 ns/op
WorkloadActual   7: 7667712 op, 86911253.00 ns, 11.3347 ns/op
WorkloadActual   8: 7667712 op, 87402493.00 ns, 11.3988 ns/op
WorkloadActual   9: 7667712 op, 88245819.00 ns, 11.5088 ns/op
WorkloadActual  10: 7667712 op, 86380933.00 ns, 11.2655 ns/op
WorkloadActual  11: 7667712 op, 90008966.00 ns, 11.7387 ns/op
WorkloadActual  12: 7667712 op, 88104550.00 ns, 11.4903 ns/op

// AfterActualRun
WorkloadResult   1: 7667712 op, 85699578.00 ns, 11.1767 ns/op
WorkloadResult   2: 7667712 op, 86825617.00 ns, 11.3235 ns/op
WorkloadResult   3: 7667712 op, 85763140.00 ns, 11.1850 ns/op
WorkloadResult   4: 7667712 op, 86635089.00 ns, 11.2987 ns/op
WorkloadResult   5: 7667712 op, 87561411.00 ns, 11.4195 ns/op
WorkloadResult   6: 7667712 op, 87993562.00 ns, 11.4759 ns/op
WorkloadResult   7: 7667712 op, 86908295.00 ns, 11.3343 ns/op
WorkloadResult   8: 7667712 op, 87399535.00 ns, 11.3984 ns/op
WorkloadResult   9: 7667712 op, 88242861.00 ns, 11.5084 ns/op
WorkloadResult  10: 7667712 op, 86377975.00 ns, 11.2652 ns/op
WorkloadResult  11: 7667712 op, 90006008.00 ns, 11.7383 ns/op
WorkloadResult  12: 7667712 op, 88101592.00 ns, 11.4899 ns/op
// GC:  0 0 0 0 7667712
// Threading:  0 0 7667712

// AfterAll
// Benchmark Process 1713550 has exited with code 0.

Mean = 11.384 ns, StdErr = 0.045 ns (0.40%), N = 12, StdDev = 0.157 ns
Min = 11.177 ns, Q1 = 11.290 ns, Median = 11.366 ns, Q3 = 11.479 ns, Max = 11.738 ns
IQR = 0.189 ns, LowerFence = 11.007 ns, UpperFence = 11.763 ns
ConfidenceInterval = [11.183 ns; 11.586 ns] (CI 99.9%), Margin = 0.202 ns (1.77% of Mean)
Skewness = 0.61, Kurtosis = 2.7, MValue = 2

// ** Remained 2 (4.0%) benchmark(s) to run. Estimated finish 2026-09-12 13:51 (0h 0m from now) **
// **************************
// Benchmark: DataAuthoredQueryBenchmarks.FacadeSelectOnly: Jit(IterationCount=12, IterationTime=250ms, WarmupCount=16) [Shape=Blend, Pattern=Alternating]
// *** Execute ***
// Launch: 1 / 1
// Execute: dotnet Alpha-Jit-1.dll --anonymousPipes 120 121 --benchmarkName "DataAuthoredQueryBenchmarks.FacadeSelectOnly(Shape: Blend, Pattern: Alternating)" --job Jit --benchmarkId 48 in /home/i/GitHub/tl-56-feat-data-authored-api/benchmarks/Alpha/bin/Release/net10.0/Alpha-Jit-1/bin/Release/net10.0
// Failed to set up high priority (Permission denied). In order to run benchmarks with high priority, make sure you have the right permissions.
// BeforeAnythingElse

// Benchmark Process Environment Information:
// BenchmarkDotNet v0.15.8
// Runtime=.NET 10.0.12 (10.0.12, 10.0.1226.42308), X64 RyuJIT x86-64-v3
// GC=Concurrent Workstation
// HardwareIntrinsics=AVX2+BMI1+BMI2+F16C+FMA+LZCNT+MOVBE,AVX,SSE3+SSSE3+SSE4.1+SSE4.2+POPCNT,X86Base+SSE+SSE2,AES+PCLMUL,AvxVnni,SERIALIZE VectorSize=256
// Job: Jit(IterationCount=12, IterationTime=250ms, WarmupCount=16)

OverheadJitting  1: 4096 op, 100626.00 ns, 24.5669 ns/op
WorkloadJitting  1: 4096 op, 195771.00 ns, 47.7957 ns/op

OverheadJitting  2: 65536 op, 132907.00 ns, 2.0280 ns/op
WorkloadJitting  2: 65536 op, 1190962.00 ns, 18.1726 ns/op

WorkloadPilot    1: 65536 op, 885080.00 ns, 13.5052 ns/op
WorkloadPilot    2: 18546688 op, 245039663.00 ns, 13.2120 ns/op
WorkloadPilot    3: 18939904 op, 252300308.00 ns, 13.3211 ns/op
WorkloadPilot    4: 18808832 op, 252377425.00 ns, 13.4180 ns/op
WorkloadPilot    5: 18677760 op, 246097036.00 ns, 13.1759 ns/op
WorkloadPilot    6: 19005440 op, 250507515.00 ns, 13.1808 ns/op

OverheadWarmup   1: 19005440 op, 7670.00 ns, 0.0004 ns/op
OverheadWarmup   2: 19005440 op, 7229.00 ns, 0.0004 ns/op
OverheadWarmup   3: 19005440 op, 7181.00 ns, 0.0004 ns/op
OverheadWarmup   4: 19005440 op, 7152.00 ns, 0.0004 ns/op
OverheadWarmup   5: 19005440 op, 7346.00 ns, 0.0004 ns/op
OverheadWarmup   6: 19005440 op, 7160.00 ns, 0.0004 ns/op
OverheadWarmup   7: 19005440 op, 7334.00 ns, 0.0004 ns/op
OverheadWarmup   8: 19005440 op, 7320.00 ns, 0.0004 ns/op

OverheadActual   1: 19005440 op, 7635.00 ns, 0.0004 ns/op
OverheadActual   2: 19005440 op, 7416.00 ns, 0.0004 ns/op
OverheadActual   3: 19005440 op, 7486.00 ns, 0.0004 ns/op
OverheadActual   4: 19005440 op, 7421.00 ns, 0.0004 ns/op
OverheadActual   5: 19005440 op, 7430.00 ns, 0.0004 ns/op
OverheadActual   6: 19005440 op, 7198.00 ns, 0.0004 ns/op
OverheadActual   7: 19005440 op, 7195.00 ns, 0.0004 ns/op
OverheadActual   8: 19005440 op, 7200.00 ns, 0.0004 ns/op
OverheadActual   9: 19005440 op, 7184.00 ns, 0.0004 ns/op
OverheadActual  10: 19005440 op, 7145.00 ns, 0.0004 ns/op
OverheadActual  11: 19005440 op, 7226.00 ns, 0.0004 ns/op
OverheadActual  12: 19005440 op, 8247.00 ns, 0.0004 ns/op
OverheadActual  13: 19005440 op, 7196.00 ns, 0.0004 ns/op
OverheadActual  14: 19005440 op, 7160.00 ns, 0.0004 ns/op
OverheadActual  15: 19005440 op, 7353.00 ns, 0.0004 ns/op

WorkloadWarmup   1: 19005440 op, 250706451.00 ns, 13.1913 ns/op
WorkloadWarmup   2: 19005440 op, 251689413.00 ns, 13.2430 ns/op
WorkloadWarmup   3: 19005440 op, 251886769.00 ns, 13.2534 ns/op
WorkloadWarmup   4: 19005440 op, 250558781.00 ns, 13.1835 ns/op
WorkloadWarmup   5: 19005440 op, 250624047.00 ns, 13.1870 ns/op
WorkloadWarmup   6: 19005440 op, 247825219.00 ns, 13.0397 ns/op
WorkloadWarmup   7: 19005440 op, 226427004.00 ns, 11.9138 ns/op
WorkloadWarmup   8: 19005440 op, 154392558.00 ns, 8.1236 ns/op
WorkloadWarmup   9: 19005440 op, 153774865.00 ns, 8.0911 ns/op
WorkloadWarmup  10: 19005440 op, 151902198.00 ns, 7.9926 ns/op
WorkloadWarmup  11: 19005440 op, 155530125.00 ns, 8.1835 ns/op
WorkloadWarmup  12: 19005440 op, 154194921.00 ns, 8.1132 ns/op
WorkloadWarmup  13: 19005440 op, 151507740.00 ns, 7.9718 ns/op
WorkloadWarmup  14: 19005440 op, 162077967.00 ns, 8.5280 ns/op
WorkloadWarmup  15: 19005440 op, 158133573.00 ns, 8.3204 ns/op
WorkloadWarmup  16: 19005440 op, 157075130.00 ns, 8.2647 ns/op

// BeforeActualRun
WorkloadActual   1: 19005440 op, 156092634.00 ns, 8.2131 ns/op
WorkloadActual   2: 19005440 op, 156587173.00 ns, 8.2391 ns/op
WorkloadActual   3: 19005440 op, 154879830.00 ns, 8.1492 ns/op
WorkloadActual   4: 19005440 op, 157447635.00 ns, 8.2843 ns/op
WorkloadActual   5: 19005440 op, 157094962.00 ns, 8.2658 ns/op
WorkloadActual   6: 19005440 op, 158171760.00 ns, 8.3224 ns/op
WorkloadActual   7: 19005440 op, 155592087.00 ns, 8.1867 ns/op
WorkloadActual   8: 19005440 op, 157029064.00 ns, 8.2623 ns/op
WorkloadActual   9: 19005440 op, 156311347.00 ns, 8.2246 ns/op
WorkloadActual  10: 19005440 op, 156456238.00 ns, 8.2322 ns/op
WorkloadActual  11: 19005440 op, 154857547.00 ns, 8.1481 ns/op
WorkloadActual  12: 19005440 op, 183994044.00 ns, 9.6811 ns/op

// AfterActualRun
WorkloadResult   1: 19005440 op, 156085408.00 ns, 8.2127 ns/op
WorkloadResult   2: 19005440 op, 156579947.00 ns, 8.2387 ns/op
WorkloadResult   3: 19005440 op, 154872604.00 ns, 8.1489 ns/op
WorkloadResult   4: 19005440 op, 157440409.00 ns, 8.2840 ns/op
WorkloadResult   5: 19005440 op, 157087736.00 ns, 8.2654 ns/op
WorkloadResult   6: 19005440 op, 158164534.00 ns, 8.3221 ns/op
WorkloadResult   7: 19005440 op, 155584861.00 ns, 8.1863 ns/op
WorkloadResult   8: 19005440 op, 157021838.00 ns, 8.2619 ns/op
WorkloadResult   9: 19005440 op, 156304121.00 ns, 8.2242 ns/op
WorkloadResult  10: 19005440 op, 156449012.00 ns, 8.2318 ns/op
WorkloadResult  11: 19005440 op, 154850321.00 ns, 8.1477 ns/op
// GC:  0 0 0 0 19005440
// Threading:  0 0 19005440

// AfterAll
// Benchmark Process 1717512 has exited with code 0.

Mean = 8.229 ns, StdErr = 0.016 ns (0.20%), N = 11, StdDev = 0.054 ns
Min = 8.148 ns, Q1 = 8.200 ns, Median = 8.232 ns, Q3 = 8.264 ns, Max = 8.322 ns
IQR = 0.064 ns, LowerFence = 8.103 ns, UpperFence = 8.360 ns
ConfidenceInterval = [8.155 ns; 8.304 ns] (CI 99.9%), Margin = 0.075 ns (0.91% of Mean)
Skewness = -0.07, Kurtosis = 1.85, MValue = 2

// ** Remained 1 (2.0%) benchmark(s) to run. Estimated finish 2026-09-12 13:51 (0h 0m from now) **
// **************************
// Benchmark: DataAuthoredQueryBenchmarks.FacadeNoDispatch: Jit(IterationCount=12, IterationTime=250ms, WarmupCount=16) [Shape=Blend, Pattern=Alternating]
// *** Execute ***
// Launch: 1 / 1
// Execute: dotnet Alpha-Jit-1.dll --anonymousPipes 122 123 --benchmarkName "DataAuthoredQueryBenchmarks.FacadeNoDispatch(Shape: Blend, Pattern: Alternating)" --job Jit --benchmarkId 49 in /home/i/GitHub/tl-56-feat-data-authored-api/benchmarks/Alpha/bin/Release/net10.0/Alpha-Jit-1/bin/Release/net10.0
// Failed to set up high priority (Permission denied). In order to run benchmarks with high priority, make sure you have the right permissions.
// BeforeAnythingElse

// Benchmark Process Environment Information:
// BenchmarkDotNet v0.15.8
// Runtime=.NET 10.0.12 (10.0.12, 10.0.1226.42308), X64 RyuJIT x86-64-v3
// GC=Concurrent Workstation
// HardwareIntrinsics=AVX2+BMI1+BMI2+F16C+FMA+LZCNT+MOVBE,AVX,SSE3+SSSE3+SSE4.1+SSE4.2+POPCNT,X86Base+SSE+SSE2,AES+PCLMUL,AvxVnni,SERIALIZE VectorSize=256
// Job: Jit(IterationCount=12, IterationTime=250ms, WarmupCount=16)

OverheadJitting  1: 4096 op, 103697.00 ns, 25.3167 ns/op
WorkloadJitting  1: 4096 op, 195946.00 ns, 47.8384 ns/op

OverheadJitting  2: 65536 op, 132856.00 ns, 2.0272 ns/op
WorkloadJitting  2: 65536 op, 1465016.00 ns, 22.3544 ns/op

WorkloadPilot    1: 65536 op, 987734.00 ns, 15.0716 ns/op
WorkloadPilot    2: 16646144 op, 237468056.00 ns, 14.2656 ns/op
WorkloadPilot    3: 17563648 op, 249038378.00 ns, 14.1792 ns/op
WorkloadPilot    4: 17694720 op, 251119898.00 ns, 14.1918 ns/op
WorkloadPilot    5: 17629184 op, 250364817.00 ns, 14.2017 ns/op

OverheadWarmup   1: 17629184 op, 7493.00 ns, 0.0004 ns/op
OverheadWarmup   2: 17629184 op, 7000.00 ns, 0.0004 ns/op
OverheadWarmup   3: 17629184 op, 6779.00 ns, 0.0004 ns/op
OverheadWarmup   4: 17629184 op, 6793.00 ns, 0.0004 ns/op
OverheadWarmup   5: 17629184 op, 6850.00 ns, 0.0004 ns/op
OverheadWarmup   6: 17629184 op, 6785.00 ns, 0.0004 ns/op
OverheadWarmup   7: 17629184 op, 6794.00 ns, 0.0004 ns/op
OverheadWarmup   8: 17629184 op, 6839.00 ns, 0.0004 ns/op
OverheadWarmup   9: 17629184 op, 6807.00 ns, 0.0004 ns/op

OverheadActual   1: 17629184 op, 7250.00 ns, 0.0004 ns/op
OverheadActual   2: 17629184 op, 7031.00 ns, 0.0004 ns/op
OverheadActual   3: 17629184 op, 7050.00 ns, 0.0004 ns/op
OverheadActual   4: 17629184 op, 6819.00 ns, 0.0004 ns/op
OverheadActual   5: 17629184 op, 6869.00 ns, 0.0004 ns/op
OverheadActual   6: 17629184 op, 7080.00 ns, 0.0004 ns/op
OverheadActual   7: 17629184 op, 7377.00 ns, 0.0004 ns/op
OverheadActual   8: 17629184 op, 6978.00 ns, 0.0004 ns/op
OverheadActual   9: 17629184 op, 7323.00 ns, 0.0004 ns/op
OverheadActual  10: 17629184 op, 7576.00 ns, 0.0004 ns/op
OverheadActual  11: 17629184 op, 7420.00 ns, 0.0004 ns/op
OverheadActual  12: 17629184 op, 7617.00 ns, 0.0004 ns/op
OverheadActual  13: 17629184 op, 7794.00 ns, 0.0004 ns/op
OverheadActual  14: 17629184 op, 6836.00 ns, 0.0004 ns/op
OverheadActual  15: 17629184 op, 6757.00 ns, 0.0004 ns/op

WorkloadWarmup   1: 17629184 op, 249607355.00 ns, 14.1588 ns/op
WorkloadWarmup   2: 17629184 op, 250701608.00 ns, 14.2208 ns/op
WorkloadWarmup   3: 17629184 op, 248248101.00 ns, 14.0817 ns/op
WorkloadWarmup   4: 17629184 op, 248316961.00 ns, 14.0856 ns/op
WorkloadWarmup   5: 17629184 op, 249186878.00 ns, 14.1349 ns/op
WorkloadWarmup   6: 17629184 op, 250674721.00 ns, 14.2193 ns/op
WorkloadWarmup   7: 17629184 op, 249395189.00 ns, 14.1467 ns/op
WorkloadWarmup   8: 17629184 op, 229275212.00 ns, 13.0054 ns/op
WorkloadWarmup   9: 17629184 op, 153414634.00 ns, 8.7023 ns/op
WorkloadWarmup  10: 17629184 op, 151660524.00 ns, 8.6028 ns/op
WorkloadWarmup  11: 17629184 op, 151836300.00 ns, 8.6128 ns/op
WorkloadWarmup  12: 17629184 op, 154832907.00 ns, 8.7828 ns/op
WorkloadWarmup  13: 17629184 op, 153024341.00 ns, 8.6802 ns/op
WorkloadWarmup  14: 17629184 op, 153699788.00 ns, 8.7185 ns/op
WorkloadWarmup  15: 17629184 op, 168222876.00 ns, 9.5423 ns/op
WorkloadWarmup  16: 17629184 op, 158503951.00 ns, 8.9910 ns/op

// BeforeActualRun
WorkloadActual   1: 17629184 op, 154975917.00 ns, 8.7909 ns/op
WorkloadActual   2: 17629184 op, 154125457.00 ns, 8.7426 ns/op
WorkloadActual   3: 17629184 op, 154436723.00 ns, 8.7603 ns/op
WorkloadActual   4: 17629184 op, 149766141.00 ns, 8.4954 ns/op
WorkloadActual   5: 17629184 op, 153293722.00 ns, 8.6955 ns/op
WorkloadActual   6: 17629184 op, 154278823.00 ns, 8.7513 ns/op
WorkloadActual   7: 17629184 op, 154282158.00 ns, 8.7515 ns/op
WorkloadActual   8: 17629184 op, 153454746.00 ns, 8.7046 ns/op
WorkloadActual   9: 17629184 op, 158878916.00 ns, 9.0123 ns/op
WorkloadActual  10: 17629184 op, 155832459.00 ns, 8.8395 ns/op
WorkloadActual  11: 17629184 op, 155306162.00 ns, 8.8096 ns/op
WorkloadActual  12: 17629184 op, 152979223.00 ns, 8.6776 ns/op

// AfterActualRun
WorkloadResult   1: 17629184 op, 154968837.00 ns, 8.7905 ns/op
WorkloadResult   2: 17629184 op, 154118377.00 ns, 8.7422 ns/op
WorkloadResult   3: 17629184 op, 154429643.00 ns, 8.7599 ns/op
WorkloadResult   4: 17629184 op, 149759061.00 ns, 8.4950 ns/op
WorkloadResult   5: 17629184 op, 153286642.00 ns, 8.6951 ns/op
WorkloadResult   6: 17629184 op, 154271743.00 ns, 8.7509 ns/op
WorkloadResult   7: 17629184 op, 154275078.00 ns, 8.7511 ns/op
WorkloadResult   8: 17629184 op, 153447666.00 ns, 8.7042 ns/op
WorkloadResult   9: 17629184 op, 155825379.00 ns, 8.8391 ns/op
WorkloadResult  10: 17629184 op, 155299082.00 ns, 8.8092 ns/op
WorkloadResult  11: 17629184 op, 152972143.00 ns, 8.6772 ns/op
// GC:  0 0 0 0 17629184
// Threading:  0 0 17629184

// AfterAll
// Benchmark Process 1723926 has exited with code 0.

Mean = 8.729 ns, StdErr = 0.028 ns (0.32%), N = 11, StdDev = 0.091 ns
Min = 8.495 ns, Q1 = 8.700 ns, Median = 8.751 ns, Q3 = 8.775 ns, Max = 8.839 ns
IQR = 0.076 ns, LowerFence = 8.586 ns, UpperFence = 8.889 ns
ConfidenceInterval = [8.602 ns; 8.855 ns] (CI 99.9%), Margin = 0.126 ns (1.45% of Mean)
Skewness = -1.28, Kurtosis = 4.15, MValue = 2

// ** Remained 0 (0.0%) benchmark(s) to run. Estimated finish 2026-09-12 13:51 (0h 0m from now) **
// ***** BenchmarkRunner: Finish  *****

// * Export *
  BenchmarkDotNet.Artifacts/results/DataAuthoredQueryBenchmarks-report.csv
  BenchmarkDotNet.Artifacts/results/DataAuthoredQueryBenchmarks-report-github.md
  BenchmarkDotNet.Artifacts/results/DataAuthoredQueryBenchmarks-report.html
  BenchmarkDotNet.Artifacts/results/DataAuthoredQueryBenchmarks-report-full.json

// * Detailed results *
DataAuthoredQueryBenchmarks.DirectShape: Jit(IterationCount=12, IterationTime=250ms, WarmupCount=16) [Shape=OneTrack, Pattern=Forward]
Runtime = .NET 10.0.12 (10.0.12, 10.0.1226.42308), X64 RyuJIT x86-64-v3; GC = Concurrent Workstation
Mean = 1.463 ns, StdErr = 0.008 ns (0.53%), N = 11, StdDev = 0.026 ns
Min = 1.432 ns, Q1 = 1.439 ns, Median = 1.468 ns, Q3 = 1.474 ns, Max = 1.510 ns
IQR = 0.035 ns, LowerFence = 1.387 ns, UpperFence = 1.526 ns
ConfidenceInterval = [1.427 ns; 1.498 ns] (CI 99.9%), Margin = 0.036 ns (2.44% of Mean)
Skewness = 0.38, Kurtosis = 1.74, MValue = 2
-------------------- Histogram --------------------
[1.427 ns ; 1.457 ns) | @@@@@
[1.457 ns ; 1.525 ns) | @@@@@@
---------------------------------------------------

DataAuthoredQueryBenchmarks.GeneratedShape: Jit(IterationCount=12, IterationTime=250ms, WarmupCount=16) [Shape=OneTrack, Pattern=Forward]
Runtime = .NET 10.0.12 (10.0.12, 10.0.1226.42308), X64 RyuJIT x86-64-v3; GC = Concurrent Workstation
Mean = 1.929 ns, StdErr = 0.007 ns (0.36%), N = 12, StdDev = 0.024 ns
Min = 1.898 ns, Q1 = 1.912 ns, Median = 1.920 ns, Q3 = 1.943 ns, Max = 1.975 ns
IQR = 0.030 ns, LowerFence = 1.866 ns, UpperFence = 1.988 ns
ConfidenceInterval = [1.898 ns; 1.960 ns] (CI 99.9%), Margin = 0.031 ns (1.61% of Mean)
Skewness = 0.61, Kurtosis = 1.86, MValue = 2
-------------------- Histogram --------------------
[1.891 ns ; 1.986 ns) | @@@@@@@@@@@@
---------------------------------------------------

DataAuthoredQueryBenchmarks.DataAuthoredFacade: Jit(IterationCount=12, IterationTime=250ms, WarmupCount=16) [Shape=OneTrack, Pattern=Forward]
Runtime = .NET 10.0.12 (10.0.12, 10.0.1226.42308), X64 RyuJIT x86-64-v3; GC = Concurrent Workstation
Mean = 10.589 ns, StdErr = 0.052 ns (0.49%), N = 11, StdDev = 0.173 ns
Min = 10.428 ns, Q1 = 10.469 ns, Median = 10.486 ns, Q3 = 10.681 ns, Max = 10.960 ns
IQR = 0.213 ns, LowerFence = 10.150 ns, UpperFence = 11.000 ns
ConfidenceInterval = [10.349 ns; 10.829 ns] (CI 99.9%), Margin = 0.240 ns (2.26% of Mean)
Skewness = 0.86, Kurtosis = 2.32, MValue = 2
-------------------- Histogram --------------------
[10.402 ns ; 10.825 ns) | @@@@@@@@@@
[10.825 ns ; 11.063 ns) | @
---------------------------------------------------

DataAuthoredQueryBenchmarks.FacadeSelectOnly: Jit(IterationCount=12, IterationTime=250ms, WarmupCount=16) [Shape=OneTrack, Pattern=Forward]
Runtime = .NET 10.0.12 (10.0.12, 10.0.1226.42308), X64 RyuJIT x86-64-v3; GC = Concurrent Workstation
Mean = 7.708 ns, StdErr = 0.032 ns (0.41%), N = 11, StdDev = 0.105 ns
Min = 7.466 ns, Q1 = 7.667 ns, Median = 7.756 ns, Q3 = 7.776 ns, Max = 7.810 ns
IQR = 0.109 ns, LowerFence = 7.504 ns, UpperFence = 7.940 ns
ConfidenceInterval = [7.564 ns; 7.853 ns] (CI 99.9%), Margin = 0.145 ns (1.88% of Mean)
Skewness = -1.06, Kurtosis = 2.94, MValue = 2
-------------------- Histogram --------------------
[7.404 ns ; 7.835 ns) | @@@@@@@@@@@
---------------------------------------------------

DataAuthoredQueryBenchmarks.FacadeNoDispatch: Jit(IterationCount=12, IterationTime=250ms, WarmupCount=16) [Shape=OneTrack, Pattern=Forward]
Runtime = .NET 10.0.12 (10.0.12, 10.0.1226.42308), X64 RyuJIT x86-64-v3; GC = Concurrent Workstation
Mean = 8.699 ns, StdErr = 0.016 ns (0.18%), N = 11, StdDev = 0.052 ns
Min = 8.572 ns, Q1 = 8.684 ns, Median = 8.712 ns, Q3 = 8.724 ns, Max = 8.767 ns
IQR = 0.040 ns, LowerFence = 8.623 ns, UpperFence = 8.785 ns
ConfidenceInterval = [8.627 ns; 8.770 ns] (CI 99.9%), Margin = 0.071 ns (0.82% of Mean)
Skewness = -1.15, Kurtosis = 3.69, MValue = 2
-------------------- Histogram --------------------
[8.541 ns ; 8.798 ns) | @@@@@@@@@@@
---------------------------------------------------

DataAuthoredQueryBenchmarks.DirectShape: Jit(IterationCount=12, IterationTime=250ms, WarmupCount=16) [Shape=OneTrack, Pattern=Alternating]
Runtime = .NET 10.0.12 (10.0.12, 10.0.1226.42308), X64 RyuJIT x86-64-v3; GC = Concurrent Workstation
Mean = 1.331 ns, StdErr = 0.002 ns (0.14%), N = 10, StdDev = 0.006 ns
Min = 1.324 ns, Q1 = 1.326 ns, Median = 1.330 ns, Q3 = 1.334 ns, Max = 1.343 ns
IQR = 0.008 ns, LowerFence = 1.314 ns, UpperFence = 1.346 ns
ConfidenceInterval = [1.322 ns; 1.340 ns] (CI 99.9%), Margin = 0.009 ns (0.67% of Mean)
Skewness = 0.56, Kurtosis = 2.1, MValue = 2
-------------------- Histogram --------------------
[1.320 ns ; 1.346 ns) | @@@@@@@@@@
---------------------------------------------------

DataAuthoredQueryBenchmarks.GeneratedShape: Jit(IterationCount=12, IterationTime=250ms, WarmupCount=16) [Shape=OneTrack, Pattern=Alternating]
Runtime = .NET 10.0.12 (10.0.12, 10.0.1226.42308), X64 RyuJIT x86-64-v3; GC = Concurrent Workstation
Mean = 2.095 ns, StdErr = 0.009 ns (0.44%), N = 12, StdDev = 0.032 ns
Min = 2.042 ns, Q1 = 2.071 ns, Median = 2.100 ns, Q3 = 2.116 ns, Max = 2.148 ns
IQR = 0.045 ns, LowerFence = 2.003 ns, UpperFence = 2.183 ns
ConfidenceInterval = [2.054 ns; 2.136 ns] (CI 99.9%), Margin = 0.041 ns (1.94% of Mean)
Skewness = -0.09, Kurtosis = 1.77, MValue = 2
-------------------- Histogram --------------------
[2.037 ns ; 2.082 ns) | @@@@
[2.082 ns ; 2.167 ns) | @@@@@@@@
---------------------------------------------------

DataAuthoredQueryBenchmarks.DataAuthoredFacade: Jit(IterationCount=12, IterationTime=250ms, WarmupCount=16) [Shape=OneTrack, Pattern=Alternating]
Runtime = .NET 10.0.12 (10.0.12, 10.0.1226.42308), X64 RyuJIT x86-64-v3; GC = Concurrent Workstation
Mean = 10.337 ns, StdErr = 0.023 ns (0.22%), N = 11, StdDev = 0.075 ns
Min = 10.245 ns, Q1 = 10.274 ns, Median = 10.335 ns, Q3 = 10.361 ns, Max = 10.490 ns
IQR = 0.087 ns, LowerFence = 10.144 ns, UpperFence = 10.491 ns
ConfidenceInterval = [10.233 ns; 10.440 ns] (CI 99.9%), Margin = 0.104 ns (1.00% of Mean)
Skewness = 0.52, Kurtosis = 2.22, MValue = 2
-------------------- Histogram --------------------
[10.225 ns ; 10.534 ns) | @@@@@@@@@@@
---------------------------------------------------

DataAuthoredQueryBenchmarks.FacadeSelectOnly: Jit(IterationCount=12, IterationTime=250ms, WarmupCount=16) [Shape=OneTrack, Pattern=Alternating]
Runtime = .NET 10.0.12 (10.0.12, 10.0.1226.42308), X64 RyuJIT x86-64-v3; GC = Concurrent Workstation
Mean = 8.418 ns, StdErr = 0.018 ns (0.21%), N = 11, StdDev = 0.059 ns
Min = 8.348 ns, Q1 = 8.377 ns, Median = 8.406 ns, Q3 = 8.442 ns, Max = 8.554 ns
IQR = 0.065 ns, LowerFence = 8.279 ns, UpperFence = 8.539 ns
ConfidenceInterval = [8.337 ns; 8.499 ns] (CI 99.9%), Margin = 0.081 ns (0.96% of Mean)
Skewness = 0.92, Kurtosis = 3.03, MValue = 2
-------------------- Histogram --------------------
[8.314 ns ; 8.589 ns) | @@@@@@@@@@@
---------------------------------------------------

DataAuthoredQueryBenchmarks.FacadeNoDispatch: Jit(IterationCount=12, IterationTime=250ms, WarmupCount=16) [Shape=OneTrack, Pattern=Alternating]
Runtime = .NET 10.0.12 (10.0.12, 10.0.1226.42308), X64 RyuJIT x86-64-v3; GC = Concurrent Workstation
Mean = 8.710 ns, StdErr = 0.017 ns (0.19%), N = 11, StdDev = 0.056 ns
Min = 8.638 ns, Q1 = 8.669 ns, Median = 8.710 ns, Q3 = 8.733 ns, Max = 8.835 ns
IQR = 0.064 ns, LowerFence = 8.572 ns, UpperFence = 8.830 ns
ConfidenceInterval = [8.632 ns; 8.788 ns] (CI 99.9%), Margin = 0.078 ns (0.89% of Mean)
Skewness = 0.65, Kurtosis = 2.7, MValue = 2
-------------------- Histogram --------------------
[8.605 ns ; 8.868 ns) | @@@@@@@@@@@
---------------------------------------------------

DataAuthoredQueryBenchmarks.DirectShape: Jit(IterationCount=12, IterationTime=250ms, WarmupCount=16) [Shape=ThreeTracks, Pattern=Forward]
Runtime = .NET 10.0.12 (10.0.12, 10.0.1226.42308), X64 RyuJIT x86-64-v3; GC = Concurrent Workstation
Mean = 2.246 ns, StdErr = 0.005 ns (0.22%), N = 11, StdDev = 0.016 ns
Min = 2.222 ns, Q1 = 2.234 ns, Median = 2.244 ns, Q3 = 2.255 ns, Max = 2.272 ns
IQR = 0.021 ns, LowerFence = 2.202 ns, UpperFence = 2.287 ns
ConfidenceInterval = [2.223 ns; 2.268 ns] (CI 99.9%), Margin = 0.022 ns (1.00% of Mean)
Skewness = 0.31, Kurtosis = 1.73, MValue = 2
-------------------- Histogram --------------------
[2.215 ns ; 2.282 ns) | @@@@@@@@@@@
---------------------------------------------------

DataAuthoredQueryBenchmarks.GeneratedShape: Jit(IterationCount=12, IterationTime=250ms, WarmupCount=16) [Shape=ThreeTracks, Pattern=Forward]
Runtime = .NET 10.0.12 (10.0.12, 10.0.1226.42308), X64 RyuJIT x86-64-v3; GC = Concurrent Workstation
Mean = 3.743 ns, StdErr = 0.013 ns (0.36%), N = 12, StdDev = 0.047 ns
Min = 3.636 ns, Q1 = 3.724 ns, Median = 3.747 ns, Q3 = 3.782 ns, Max = 3.803 ns
IQR = 0.058 ns, LowerFence = 3.637 ns, UpperFence = 3.869 ns
ConfidenceInterval = [3.683 ns; 3.802 ns] (CI 99.9%), Margin = 0.060 ns (1.60% of Mean)
Skewness = -0.75, Kurtosis = 2.81, MValue = 2
-------------------- Histogram --------------------
[3.609 ns ; 3.697 ns) | @@
[3.697 ns ; 3.830 ns) | @@@@@@@@@@
---------------------------------------------------

DataAuthoredQueryBenchmarks.DataAuthoredFacade: Jit(IterationCount=12, IterationTime=250ms, WarmupCount=16) [Shape=ThreeTracks, Pattern=Forward]
Runtime = .NET 10.0.12 (10.0.12, 10.0.1226.42308), X64 RyuJIT x86-64-v3; GC = Concurrent Workstation
Mean = 19.723 ns, StdErr = 0.040 ns (0.21%), N = 12, StdDev = 0.140 ns
Min = 19.522 ns, Q1 = 19.582 ns, Median = 19.766 ns, Q3 = 19.826 ns, Max = 19.934 ns
IQR = 0.244 ns, LowerFence = 19.217 ns, UpperFence = 20.192 ns
ConfidenceInterval = [19.543 ns; 19.902 ns] (CI 99.9%), Margin = 0.180 ns (0.91% of Mean)
Skewness = -0.19, Kurtosis = 1.41, MValue = 2
-------------------- Histogram --------------------
[19.442 ns ; 20.014 ns) | @@@@@@@@@@@@
---------------------------------------------------

DataAuthoredQueryBenchmarks.FacadeSelectOnly: Jit(IterationCount=12, IterationTime=250ms, WarmupCount=16) [Shape=ThreeTracks, Pattern=Forward]
Runtime = .NET 10.0.12 (10.0.12, 10.0.1226.42308), X64 RyuJIT x86-64-v3; GC = Concurrent Workstation
Mean = 8.914 ns, StdErr = 0.012 ns (0.13%), N = 10, StdDev = 0.037 ns
Min = 8.852 ns, Q1 = 8.899 ns, Median = 8.914 ns, Q3 = 8.927 ns, Max = 8.986 ns
IQR = 0.029 ns, LowerFence = 8.856 ns, UpperFence = 8.971 ns
ConfidenceInterval = [8.859 ns; 8.969 ns] (CI 99.9%), Margin = 0.055 ns (0.62% of Mean)
Skewness = 0.26, Kurtosis = 2.5, MValue = 2
-------------------- Histogram --------------------
[8.829 ns ; 9.003 ns) | @@@@@@@@@@
---------------------------------------------------

DataAuthoredQueryBenchmarks.FacadeNoDispatch: Jit(IterationCount=12, IterationTime=250ms, WarmupCount=16) [Shape=ThreeTracks, Pattern=Forward]
Runtime = .NET 10.0.12 (10.0.12, 10.0.1226.42308), X64 RyuJIT x86-64-v3; GC = Concurrent Workstation
Mean = 11.868 ns, StdErr = 0.009 ns (0.08%), N = 11, StdDev = 0.031 ns
Min = 11.820 ns, Q1 = 11.847 ns, Median = 11.864 ns, Q3 = 11.888 ns, Max = 11.922 ns
IQR = 0.042 ns, LowerFence = 11.784 ns, UpperFence = 11.950 ns
ConfidenceInterval = [11.825 ns; 11.911 ns] (CI 99.9%), Margin = 0.043 ns (0.36% of Mean)
Skewness = 0.26, Kurtosis = 1.75, MValue = 2
-------------------- Histogram --------------------
[11.802 ns ; 11.940 ns) | @@@@@@@@@@@
---------------------------------------------------

DataAuthoredQueryBenchmarks.DirectShape: Jit(IterationCount=12, IterationTime=250ms, WarmupCount=16) [Shape=ThreeTracks, Pattern=Alternating]
Runtime = .NET 10.0.12 (10.0.12, 10.0.1226.42308), X64 RyuJIT x86-64-v3; GC = Concurrent Workstation
Mean = 4.162 ns, StdErr = 0.005 ns (0.12%), N = 10, StdDev = 0.016 ns
Min = 4.131 ns, Q1 = 4.152 ns, Median = 4.164 ns, Q3 = 4.174 ns, Max = 4.179 ns
IQR = 0.022 ns, LowerFence = 4.120 ns, UpperFence = 4.206 ns
ConfidenceInterval = [4.138 ns; 4.185 ns] (CI 99.9%), Margin = 0.024 ns (0.57% of Mean)
Skewness = -0.53, Kurtosis = 1.85, MValue = 2
-------------------- Histogram --------------------
[4.122 ns ; 4.188 ns) | @@@@@@@@@@
---------------------------------------------------

DataAuthoredQueryBenchmarks.GeneratedShape: Jit(IterationCount=12, IterationTime=250ms, WarmupCount=16) [Shape=ThreeTracks, Pattern=Alternating]
Runtime = .NET 10.0.12 (10.0.12, 10.0.1226.42308), X64 RyuJIT x86-64-v3; GC = Concurrent Workstation
Mean = 4.088 ns, StdErr = 0.014 ns (0.35%), N = 10, StdDev = 0.045 ns
Min = 3.981 ns, Q1 = 4.075 ns, Median = 4.105 ns, Q3 = 4.114 ns, Max = 4.130 ns
IQR = 0.039 ns, LowerFence = 4.015 ns, UpperFence = 4.173 ns
ConfidenceInterval = [4.019 ns; 4.156 ns] (CI 99.9%), Margin = 0.068 ns (1.67% of Mean)
Skewness = -1.23, Kurtosis = 3.34, MValue = 2
-------------------- Histogram --------------------
[3.953 ns ; 4.073 ns) | @@@
[4.073 ns ; 4.157 ns) | @@@@@@@
---------------------------------------------------

DataAuthoredQueryBenchmarks.DataAuthoredFacade: Jit(IterationCount=12, IterationTime=250ms, WarmupCount=16) [Shape=ThreeTracks, Pattern=Alternating]
Runtime = .NET 10.0.12 (10.0.12, 10.0.1226.42308), X64 RyuJIT x86-64-v3; GC = Concurrent Workstation
Mean = 20.128 ns, StdErr = 0.083 ns (0.41%), N = 11, StdDev = 0.276 ns
Min = 19.852 ns, Q1 = 19.916 ns, Median = 20.041 ns, Q3 = 20.217 ns, Max = 20.676 ns
IQR = 0.301 ns, LowerFence = 19.464 ns, UpperFence = 20.670 ns
ConfidenceInterval = [19.746 ns; 20.510 ns] (CI 99.9%), Margin = 0.382 ns (1.90% of Mean)
Skewness = 0.81, Kurtosis = 2.21, MValue = 2
-------------------- Histogram --------------------
[19.790 ns ; 20.413 ns) | @@@@@@@@@
[20.413 ns ; 20.839 ns) | @@
---------------------------------------------------

DataAuthoredQueryBenchmarks.FacadeSelectOnly: Jit(IterationCount=12, IterationTime=250ms, WarmupCount=16) [Shape=ThreeTracks, Pattern=Alternating]
Runtime = .NET 10.0.12 (10.0.12, 10.0.1226.42308), X64 RyuJIT x86-64-v3; GC = Concurrent Workstation
Mean = 9.830 ns, StdErr = 0.023 ns (0.23%), N = 11, StdDev = 0.075 ns
Min = 9.646 ns, Q1 = 9.803 ns, Median = 9.846 ns, Q3 = 9.876 ns, Max = 9.910 ns
IQR = 0.072 ns, LowerFence = 9.695 ns, UpperFence = 9.984 ns
ConfidenceInterval = [9.726 ns; 9.934 ns] (CI 99.9%), Margin = 0.104 ns (1.05% of Mean)
Skewness = -1.15, Kurtosis = 3.56, MValue = 2
-------------------- Histogram --------------------
[9.602 ns ; 9.954 ns) | @@@@@@@@@@@
---------------------------------------------------

DataAuthoredQueryBenchmarks.FacadeNoDispatch: Jit(IterationCount=12, IterationTime=250ms, WarmupCount=16) [Shape=ThreeTracks, Pattern=Alternating]
Runtime = .NET 10.0.12 (10.0.12, 10.0.1226.42308), X64 RyuJIT x86-64-v3; GC = Concurrent Workstation
Mean = 12.947 ns, StdErr = 0.018 ns (0.14%), N = 10, StdDev = 0.057 ns
Min = 12.870 ns, Q1 = 12.900 ns, Median = 12.960 ns, Q3 = 12.980 ns, Max = 13.040 ns
IQR = 0.080 ns, LowerFence = 12.780 ns, UpperFence = 13.100 ns
ConfidenceInterval = [12.860 ns; 13.033 ns] (CI 99.9%), Margin = 0.087 ns (0.67% of Mean)
Skewness = -0, Kurtosis = 1.48, MValue = 2
-------------------- Histogram --------------------
[12.835 ns ; 13.075 ns) | @@@@@@@@@@
---------------------------------------------------

DataAuthoredQueryBenchmarks.DirectShape: Jit(IterationCount=12, IterationTime=250ms, WarmupCount=16) [Shape=SixteenTracks, Pattern=Forward]
Runtime = .NET 10.0.12 (10.0.12, 10.0.1226.42308), X64 RyuJIT x86-64-v3; GC = Concurrent Workstation
Mean = 12.022 ns, StdErr = 0.008 ns (0.07%), N = 11, StdDev = 0.026 ns
Min = 11.978 ns, Q1 = 12.005 ns, Median = 12.020 ns, Q3 = 12.040 ns, Max = 12.069 ns
IQR = 0.035 ns, LowerFence = 11.952 ns, UpperFence = 12.092 ns
ConfidenceInterval = [11.985 ns; 12.058 ns] (CI 99.9%), Margin = 0.037 ns (0.30% of Mean)
Skewness = 0.07, Kurtosis = 1.93, MValue = 2
-------------------- Histogram --------------------
[11.962 ns ; 12.085 ns) | @@@@@@@@@@@
---------------------------------------------------

DataAuthoredQueryBenchmarks.GeneratedShape: Jit(IterationCount=12, IterationTime=250ms, WarmupCount=16) [Shape=SixteenTracks, Pattern=Forward]
Runtime = .NET 10.0.12 (10.0.12, 10.0.1226.42308), X64 RyuJIT x86-64-v3; GC = Concurrent Workstation
Mean = 22.536 ns, StdErr = 0.041 ns (0.18%), N = 11, StdDev = 0.137 ns
Min = 22.333 ns, Q1 = 22.461 ns, Median = 22.509 ns, Q3 = 22.615 ns, Max = 22.773 ns
IQR = 0.154 ns, LowerFence = 22.231 ns, UpperFence = 22.845 ns
ConfidenceInterval = [22.346 ns; 22.726 ns] (CI 99.9%), Margin = 0.190 ns (0.84% of Mean)
Skewness = 0.17, Kurtosis = 1.77, MValue = 2
-------------------- Histogram --------------------
[22.296 ns ; 22.854 ns) | @@@@@@@@@@@
---------------------------------------------------

DataAuthoredQueryBenchmarks.DataAuthoredFacade: Jit(IterationCount=12, IterationTime=250ms, WarmupCount=16) [Shape=SixteenTracks, Pattern=Forward]
Runtime = .NET 10.0.12 (10.0.12, 10.0.1226.42308), X64 RyuJIT x86-64-v3; GC = Concurrent Workstation
Mean = 74.627 ns, StdErr = 0.206 ns (0.28%), N = 11, StdDev = 0.684 ns
Min = 73.515 ns, Q1 = 74.238 ns, Median = 74.767 ns, Q3 = 75.081 ns, Max = 75.609 ns
IQR = 0.843 ns, LowerFence = 72.974 ns, UpperFence = 76.345 ns
ConfidenceInterval = [73.681 ns; 75.572 ns] (CI 99.9%), Margin = 0.946 ns (1.27% of Mean)
Skewness = -0.4, Kurtosis = 1.69, MValue = 2
-------------------- Histogram --------------------
[73.111 ns ; 75.679 ns) | @@@@@@@@@@@
---------------------------------------------------

DataAuthoredQueryBenchmarks.FacadeSelectOnly: Jit(IterationCount=12, IterationTime=250ms, WarmupCount=16) [Shape=SixteenTracks, Pattern=Forward]
Runtime = .NET 10.0.12 (10.0.12, 10.0.1226.42308), X64 RyuJIT x86-64-v3; GC = Concurrent Workstation
Mean = 19.374 ns, StdErr = 0.041 ns (0.21%), N = 10, StdDev = 0.129 ns
Min = 19.053 ns, Q1 = 19.357 ns, Median = 19.380 ns, Q3 = 19.422 ns, Max = 19.543 ns
IQR = 0.065 ns, LowerFence = 19.260 ns, UpperFence = 19.519 ns
ConfidenceInterval = [19.180 ns; 19.569 ns] (CI 99.9%), Margin = 0.194 ns (1.00% of Mean)
Skewness = -1.28, Kurtosis = 4.26, MValue = 2
-------------------- Histogram --------------------
[18.974 ns ; 19.621 ns) | @@@@@@@@@@
---------------------------------------------------

DataAuthoredQueryBenchmarks.FacadeNoDispatch: Jit(IterationCount=12, IterationTime=250ms, WarmupCount=16) [Shape=SixteenTracks, Pattern=Forward]
Runtime = .NET 10.0.12 (10.0.12, 10.0.1226.42308), X64 RyuJIT x86-64-v3; GC = Concurrent Workstation
Mean = 33.784 ns, StdErr = 0.054 ns (0.16%), N = 11, StdDev = 0.178 ns
Min = 33.527 ns, Q1 = 33.720 ns, Median = 33.761 ns, Q3 = 33.867 ns, Max = 34.135 ns
IQR = 0.147 ns, LowerFence = 33.499 ns, UpperFence = 34.088 ns
ConfidenceInterval = [33.537 ns; 34.031 ns] (CI 99.9%), Margin = 0.247 ns (0.73% of Mean)
Skewness = 0.29, Kurtosis = 2.27, MValue = 2
-------------------- Histogram --------------------
[33.460 ns ; 34.136 ns) | @@@@@@@@@@@
---------------------------------------------------

DataAuthoredQueryBenchmarks.DirectShape: Jit(IterationCount=12, IterationTime=250ms, WarmupCount=16) [Shape=SixteenTracks, Pattern=Alternating]
Runtime = .NET 10.0.12 (10.0.12, 10.0.1226.42308), X64 RyuJIT x86-64-v3; GC = Concurrent Workstation
Mean = 18.658 ns, StdErr = 0.036 ns (0.20%), N = 11, StdDev = 0.121 ns
Min = 18.480 ns, Q1 = 18.592 ns, Median = 18.640 ns, Q3 = 18.749 ns, Max = 18.877 ns
IQR = 0.157 ns, LowerFence = 18.356 ns, UpperFence = 18.984 ns
ConfidenceInterval = [18.491 ns; 18.825 ns] (CI 99.9%), Margin = 0.167 ns (0.90% of Mean)
Skewness = 0.2, Kurtosis = 1.81, MValue = 2
-------------------- Histogram --------------------
[18.438 ns ; 18.948 ns) | @@@@@@@@@@@
---------------------------------------------------

DataAuthoredQueryBenchmarks.GeneratedShape: Jit(IterationCount=12, IterationTime=250ms, WarmupCount=16) [Shape=SixteenTracks, Pattern=Alternating]
Runtime = .NET 10.0.12 (10.0.12, 10.0.1226.42308), X64 RyuJIT x86-64-v3; GC = Concurrent Workstation
Mean = 20.699 ns, StdErr = 0.082 ns (0.39%), N = 11, StdDev = 0.271 ns
Min = 20.262 ns, Q1 = 20.510 ns, Median = 20.716 ns, Q3 = 20.834 ns, Max = 21.213 ns
IQR = 0.324 ns, LowerFence = 20.024 ns, UpperFence = 21.320 ns
ConfidenceInterval = [20.324 ns; 21.074 ns] (CI 99.9%), Margin = 0.375 ns (1.81% of Mean)
Skewness = 0.21, Kurtosis = 2.08, MValue = 2
-------------------- Histogram --------------------
[20.102 ns ; 20.811 ns) | @@@@@@@@
[20.811 ns ; 21.276 ns) | @@@
---------------------------------------------------

DataAuthoredQueryBenchmarks.DataAuthoredFacade: Jit(IterationCount=12, IterationTime=250ms, WarmupCount=16) [Shape=SixteenTracks, Pattern=Alternating]
Runtime = .NET 10.0.12 (10.0.12, 10.0.1226.42308), X64 RyuJIT x86-64-v3; GC = Concurrent Workstation
Mean = 75.121 ns, StdErr = 0.185 ns (0.25%), N = 12, StdDev = 0.641 ns
Min = 74.135 ns, Q1 = 74.754 ns, Median = 75.242 ns, Q3 = 75.502 ns, Max = 76.251 ns
IQR = 0.748 ns, LowerFence = 73.632 ns, UpperFence = 76.625 ns
ConfidenceInterval = [74.300 ns; 75.943 ns] (CI 99.9%), Margin = 0.821 ns (1.09% of Mean)
Skewness = -0.1, Kurtosis = 1.85, MValue = 2
-------------------- Histogram --------------------
[73.767 ns ; 76.618 ns) | @@@@@@@@@@@@
---------------------------------------------------

DataAuthoredQueryBenchmarks.FacadeSelectOnly: Jit(IterationCount=12, IterationTime=250ms, WarmupCount=16) [Shape=SixteenTracks, Pattern=Alternating]
Runtime = .NET 10.0.12 (10.0.12, 10.0.1226.42308), X64 RyuJIT x86-64-v3; GC = Concurrent Workstation
Mean = 22.394 ns, StdErr = 0.060 ns (0.27%), N = 11, StdDev = 0.200 ns
Min = 22.196 ns, Q1 = 22.281 ns, Median = 22.337 ns, Q3 = 22.411 ns, Max = 22.791 ns
IQR = 0.130 ns, LowerFence = 22.087 ns, UpperFence = 22.605 ns
ConfidenceInterval = [22.117 ns; 22.671 ns] (CI 99.9%), Margin = 0.277 ns (1.24% of Mean)
Skewness = 1.05, Kurtosis = 2.54, MValue = 2
-------------------- Histogram --------------------
[22.078 ns ; 22.910 ns) | @@@@@@@@@@@
---------------------------------------------------

DataAuthoredQueryBenchmarks.FacadeNoDispatch: Jit(IterationCount=12, IterationTime=250ms, WarmupCount=16) [Shape=SixteenTracks, Pattern=Alternating]
Runtime = .NET 10.0.12 (10.0.12, 10.0.1226.42308), X64 RyuJIT x86-64-v3; GC = Concurrent Workstation
Mean = 36.076 ns, StdErr = 0.042 ns (0.12%), N = 11, StdDev = 0.139 ns
Min = 35.884 ns, Q1 = 35.960 ns, Median = 36.080 ns, Q3 = 36.161 ns, Max = 36.334 ns
IQR = 0.201 ns, LowerFence = 35.659 ns, UpperFence = 36.462 ns
ConfidenceInterval = [35.884 ns; 36.268 ns] (CI 99.9%), Margin = 0.192 ns (0.53% of Mean)
Skewness = 0.2, Kurtosis = 1.8, MValue = 2
-------------------- Histogram --------------------
[35.802 ns ; 36.416 ns) | @@@@@@@@@@@
---------------------------------------------------

DataAuthoredQueryBenchmarks.DirectShape: Jit(IterationCount=12, IterationTime=250ms, WarmupCount=16) [Shape=TwoHundredFiftySixTracks, Pattern=Forward]
Runtime = .NET 10.0.12 (10.0.12, 10.0.1226.42308), X64 RyuJIT x86-64-v3; GC = Concurrent Workstation
Mean = 340.507 ns, StdErr = 0.646 ns (0.19%), N = 10, StdDev = 2.043 ns
Min = 336.459 ns, Q1 = 339.828 ns, Median = 340.702 ns, Q3 = 341.199 ns, Max = 344.458 ns
IQR = 1.371 ns, LowerFence = 337.771 ns, UpperFence = 343.256 ns
ConfidenceInterval = [337.419 ns; 343.596 ns] (CI 99.9%), Margin = 3.089 ns (0.91% of Mean)
Skewness = -0.1, Kurtosis = 3, MValue = 2
-------------------- Histogram --------------------
[335.214 ns ; 345.703 ns) | @@@@@@@@@@
---------------------------------------------------

DataAuthoredQueryBenchmarks.GeneratedShape: Jit(IterationCount=12, IterationTime=250ms, WarmupCount=16) [Shape=TwoHundredFiftySixTracks, Pattern=Forward]
Runtime = .NET 10.0.12 (10.0.12, 10.0.1226.42308), X64 RyuJIT x86-64-v3; GC = Concurrent Workstation
Mean = 34.186 us, StdErr = 0.075 us (0.22%), N = 11, StdDev = 0.247 us
Min = 33.818 us, Q1 = 34.014 us, Median = 34.210 us, Q3 = 34.411 us, Max = 34.530 us
IQR = 0.397 us, LowerFence = 33.419 us, UpperFence = 35.007 us
ConfidenceInterval = [33.844 us; 34.528 us] (CI 99.9%), Margin = 0.342 us (1.00% of Mean)
Skewness = -0.11, Kurtosis = 1.4, MValue = 2
-------------------- Histogram --------------------
[33.672 us ; 34.676 us) | @@@@@@@@@@@
---------------------------------------------------

DataAuthoredQueryBenchmarks.DataAuthoredFacade: Jit(IterationCount=12, IterationTime=250ms, WarmupCount=16) [Shape=TwoHundredFiftySixTracks, Pattern=Forward]
Runtime = .NET 10.0.12 (10.0.12, 10.0.1226.42308), X64 RyuJIT x86-64-v3; GC = Concurrent Workstation
Mean = 1.105 us, StdErr = 0.004 us (0.35%), N = 12, StdDev = 0.013 us
Min = 1.084 us, Q1 = 1.094 us, Median = 1.108 us, Q3 = 1.110 us, Max = 1.133 us
IQR = 0.016 us, LowerFence = 1.070 us, UpperFence = 1.135 us
ConfidenceInterval = [1.088 us; 1.122 us] (CI 99.9%), Margin = 0.017 us (1.54% of Mean)
Skewness = 0.29, Kurtosis = 2.57, MValue = 2
-------------------- Histogram --------------------
[1.077 us ; 1.141 us) | @@@@@@@@@@@@
---------------------------------------------------

DataAuthoredQueryBenchmarks.FacadeSelectOnly: Jit(IterationCount=12, IterationTime=250ms, WarmupCount=16) [Shape=TwoHundredFiftySixTracks, Pattern=Forward]
Runtime = .NET 10.0.12 (10.0.12, 10.0.1226.42308), X64 RyuJIT x86-64-v3; GC = Concurrent Workstation
Mean = 209.811 ns, StdErr = 0.370 ns (0.18%), N = 11, StdDev = 1.226 ns
Min = 208.561 ns, Q1 = 208.871 ns, Median = 209.159 ns, Q3 = 210.559 ns, Max = 212.190 ns
IQR = 1.688 ns, LowerFence = 206.339 ns, UpperFence = 213.091 ns
ConfidenceInterval = [208.115 ns; 211.507 ns] (CI 99.9%), Margin = 1.696 ns (0.81% of Mean)
Skewness = 0.63, Kurtosis = 1.8, MValue = 2
-------------------- Histogram --------------------
[207.837 ns ; 212.913 ns) | @@@@@@@@@@@
---------------------------------------------------

DataAuthoredQueryBenchmarks.FacadeNoDispatch: Jit(IterationCount=12, IterationTime=250ms, WarmupCount=16) [Shape=TwoHundredFiftySixTracks, Pattern=Forward]
Runtime = .NET 10.0.12 (10.0.12, 10.0.1226.42308), X64 RyuJIT x86-64-v3; GC = Concurrent Workstation
Mean = 454.988 ns, StdErr = 1.335 ns (0.29%), N = 11, StdDev = 4.426 ns
Min = 447.150 ns, Q1 = 453.615 ns, Median = 454.128 ns, Q3 = 456.456 ns, Max = 464.141 ns
IQR = 2.841 ns, LowerFence = 449.354 ns, UpperFence = 460.717 ns
ConfidenceInterval = [448.867 ns; 461.110 ns] (CI 99.9%), Margin = 6.121 ns (1.35% of Mean)
Skewness = 0.38, Kurtosis = 2.73, MValue = 2
-------------------- Histogram --------------------
[444.538 ns ; 466.753 ns) | @@@@@@@@@@@
---------------------------------------------------

DataAuthoredQueryBenchmarks.DirectShape: Jit(IterationCount=12, IterationTime=250ms, WarmupCount=16) [Shape=TwoHundredFiftySixTracks, Pattern=Alternating]
Runtime = .NET 10.0.12 (10.0.12, 10.0.1226.42308), X64 RyuJIT x86-64-v3; GC = Concurrent Workstation
Mean = 345.597 ns, StdErr = 1.263 ns (0.37%), N = 11, StdDev = 4.189 ns
Min = 339.066 ns, Q1 = 342.488 ns, Median = 345.996 ns, Q3 = 348.803 ns, Max = 351.128 ns
IQR = 6.315 ns, LowerFence = 333.016 ns, UpperFence = 358.274 ns
ConfidenceInterval = [339.804 ns; 351.390 ns] (CI 99.9%), Margin = 5.793 ns (1.68% of Mean)
Skewness = -0.22, Kurtosis = 1.5, MValue = 2
-------------------- Histogram --------------------
[337.547 ns ; 351.571 ns) | @@@@@@@@@@@
---------------------------------------------------

DataAuthoredQueryBenchmarks.GeneratedShape: Jit(IterationCount=12, IterationTime=250ms, WarmupCount=16) [Shape=TwoHundredFiftySixTracks, Pattern=Alternating]
Runtime = .NET 10.0.12 (10.0.12, 10.0.1226.42308), X64 RyuJIT x86-64-v3; GC = Concurrent Workstation
Mean = 34.511 us, StdErr = 0.146 us (0.42%), N = 12, StdDev = 0.507 us
Min = 33.409 us, Q1 = 34.383 us, Median = 34.502 us, Q3 = 34.757 us, Max = 35.226 us
IQR = 0.374 us, LowerFence = 33.822 us, UpperFence = 35.318 us
ConfidenceInterval = [33.863 us; 35.160 us] (CI 99.9%), Margin = 0.649 us (1.88% of Mean)
Skewness = -0.48, Kurtosis = 2.66, MValue = 2
-------------------- Histogram --------------------
[33.343 us ; 34.126 us) | @@
[34.126 us ; 35.516 us) | @@@@@@@@@@
---------------------------------------------------

DataAuthoredQueryBenchmarks.DataAuthoredFacade: Jit(IterationCount=12, IterationTime=250ms, WarmupCount=16) [Shape=TwoHundredFiftySixTracks, Pattern=Alternating]
Runtime = .NET 10.0.12 (10.0.12, 10.0.1226.42308), X64 RyuJIT x86-64-v3; GC = Concurrent Workstation
Mean = 1.129 us, StdErr = 0.004 us (0.32%), N = 12, StdDev = 0.013 us
Min = 1.109 us, Q1 = 1.120 us, Median = 1.127 us, Q3 = 1.142 us, Max = 1.146 us
IQR = 0.022 us, LowerFence = 1.088 us, UpperFence = 1.174 us
ConfidenceInterval = [1.113 us; 1.145 us] (CI 99.9%), Margin = 0.016 us (1.43% of Mean)
Skewness = 0.01, Kurtosis = 1.41, MValue = 2
-------------------- Histogram --------------------
[1.102 us ; 1.153 us) | @@@@@@@@@@@@
---------------------------------------------------

DataAuthoredQueryBenchmarks.FacadeSelectOnly: Jit(IterationCount=12, IterationTime=250ms, WarmupCount=16) [Shape=TwoHundredFiftySixTracks, Pattern=Alternating]
Runtime = .NET 10.0.12 (10.0.12, 10.0.1226.42308), X64 RyuJIT x86-64-v3; GC = Concurrent Workstation
Mean = 232.294 ns, StdErr = 0.382 ns (0.16%), N = 11, StdDev = 1.267 ns
Min = 230.805 ns, Q1 = 231.373 ns, Median = 231.962 ns, Q3 = 233.097 ns, Max = 234.832 ns
IQR = 1.724 ns, LowerFence = 228.787 ns, UpperFence = 235.684 ns
ConfidenceInterval = [230.543 ns; 234.046 ns] (CI 99.9%), Margin = 1.752 ns (0.75% of Mean)
Skewness = 0.66, Kurtosis = 2, MValue = 2
-------------------- Histogram --------------------
[230.057 ns ; 235.580 ns) | @@@@@@@@@@@
---------------------------------------------------

DataAuthoredQueryBenchmarks.FacadeNoDispatch: Jit(IterationCount=12, IterationTime=250ms, WarmupCount=16) [Shape=TwoHundredFiftySixTracks, Pattern=Alternating]
Runtime = .NET 10.0.12 (10.0.12, 10.0.1226.42308), X64 RyuJIT x86-64-v3; GC = Concurrent Workstation
Mean = 467.606 ns, StdErr = 0.611 ns (0.13%), N = 11, StdDev = 2.027 ns
Min = 464.460 ns, Q1 = 465.922 ns, Median = 468.079 ns, Q3 = 468.344 ns, Max = 472.056 ns
IQR = 2.422 ns, LowerFence = 462.288 ns, UpperFence = 471.977 ns
ConfidenceInterval = [464.802 ns; 470.410 ns] (CI 99.9%), Margin = 2.804 ns (0.60% of Mean)
Skewness = 0.48, Kurtosis = 2.78, MValue = 2
-------------------- Histogram --------------------
[463.264 ns ; 473.252 ns) | @@@@@@@@@@@
---------------------------------------------------

DataAuthoredQueryBenchmarks.DirectShape: Jit(IterationCount=12, IterationTime=250ms, WarmupCount=16) [Shape=Blend, Pattern=Forward]
Runtime = .NET 10.0.12 (10.0.12, 10.0.1226.42308), X64 RyuJIT x86-64-v3; GC = Concurrent Workstation
Mean = 1.714 ns, StdErr = 0.002 ns (0.11%), N = 11, StdDev = 0.006 ns
Min = 1.704 ns, Q1 = 1.713 ns, Median = 1.715 ns, Q3 = 1.717 ns, Max = 1.726 ns
IQR = 0.005 ns, LowerFence = 1.706 ns, UpperFence = 1.724 ns
ConfidenceInterval = [1.706 ns; 1.723 ns] (CI 99.9%), Margin = 0.009 ns (0.51% of Mean)
Skewness = -0.09, Kurtosis = 2.44, MValue = 2
-------------------- Histogram --------------------
[1.700 ns ; 1.730 ns) | @@@@@@@@@@@
---------------------------------------------------

DataAuthoredQueryBenchmarks.GeneratedShape: Jit(IterationCount=12, IterationTime=250ms, WarmupCount=16) [Shape=Blend, Pattern=Forward]
Runtime = .NET 10.0.12 (10.0.12, 10.0.1226.42308), X64 RyuJIT x86-64-v3; GC = Concurrent Workstation
Mean = 2.632 ns, StdErr = 0.009 ns (0.33%), N = 10, StdDev = 0.027 ns
Min = 2.597 ns, Q1 = 2.604 ns, Median = 2.642 ns, Q3 = 2.652 ns, Max = 2.669 ns
IQR = 0.048 ns, LowerFence = 2.531 ns, UpperFence = 2.724 ns
ConfidenceInterval = [2.591 ns; 2.674 ns] (CI 99.9%), Margin = 0.041 ns (1.57% of Mean)
Skewness = -0.15, Kurtosis = 1.13, MValue = 2
-------------------- Histogram --------------------
[2.580 ns ; 2.686 ns) | @@@@@@@@@@
---------------------------------------------------

DataAuthoredQueryBenchmarks.DataAuthoredFacade: Jit(IterationCount=12, IterationTime=250ms, WarmupCount=16) [Shape=Blend, Pattern=Forward]
Runtime = .NET 10.0.12 (10.0.12, 10.0.1226.42308), X64 RyuJIT x86-64-v3; GC = Concurrent Workstation
Mean = 11.236 ns, StdErr = 0.036 ns (0.32%), N = 11, StdDev = 0.118 ns
Min = 11.056 ns, Q1 = 11.160 ns, Median = 11.274 ns, Q3 = 11.294 ns, Max = 11.456 ns
IQR = 0.134 ns, LowerFence = 10.959 ns, UpperFence = 11.496 ns
ConfidenceInterval = [11.073 ns; 11.399 ns] (CI 99.9%), Margin = 0.163 ns (1.45% of Mean)
Skewness = -0.03, Kurtosis = 2.07, MValue = 2
-------------------- Histogram --------------------
[10.986 ns ; 11.526 ns) | @@@@@@@@@@@
---------------------------------------------------

DataAuthoredQueryBenchmarks.FacadeSelectOnly: Jit(IterationCount=12, IterationTime=250ms, WarmupCount=16) [Shape=Blend, Pattern=Forward]
Runtime = .NET 10.0.12 (10.0.12, 10.0.1226.42308), X64 RyuJIT x86-64-v3; GC = Concurrent Workstation
Mean = 7.727 ns, StdErr = 0.013 ns (0.16%), N = 9, StdDev = 0.038 ns
Min = 7.672 ns, Q1 = 7.702 ns, Median = 7.726 ns, Q3 = 7.755 ns, Max = 7.793 ns
IQR = 0.053 ns, LowerFence = 7.622 ns, UpperFence = 7.834 ns
ConfidenceInterval = [7.663 ns; 7.790 ns] (CI 99.9%), Margin = 0.064 ns (0.83% of Mean)
Skewness = 0.2, Kurtosis = 1.77, MValue = 2
-------------------- Histogram --------------------
[7.660 ns ; 7.817 ns) | @@@@@@@@@
---------------------------------------------------

DataAuthoredQueryBenchmarks.FacadeNoDispatch: Jit(IterationCount=12, IterationTime=250ms, WarmupCount=16) [Shape=Blend, Pattern=Forward]
Runtime = .NET 10.0.12 (10.0.12, 10.0.1226.42308), X64 RyuJIT x86-64-v3; GC = Concurrent Workstation
Mean = 8.640 ns, StdErr = 0.055 ns (0.63%), N = 11, StdDev = 0.181 ns
Min = 8.479 ns, Q1 = 8.527 ns, Median = 8.563 ns, Q3 = 8.717 ns, Max = 9.018 ns
IQR = 0.190 ns, LowerFence = 8.241 ns, UpperFence = 9.002 ns
ConfidenceInterval = [8.390 ns; 8.890 ns] (CI 99.9%), Margin = 0.250 ns (2.89% of Mean)
Skewness = 0.97, Kurtosis = 2.23, MValue = 2
-------------------- Histogram --------------------
[8.424 ns ; 8.637 ns) | @@@@@@@@
[8.637 ns ; 8.828 ns) | 
[8.828 ns ; 9.042 ns) | @@@
---------------------------------------------------

DataAuthoredQueryBenchmarks.DirectShape: Jit(IterationCount=12, IterationTime=250ms, WarmupCount=16) [Shape=Blend, Pattern=Alternating]
Runtime = .NET 10.0.12 (10.0.12, 10.0.1226.42308), X64 RyuJIT x86-64-v3; GC = Concurrent Workstation
Mean = 1.938 ns, StdErr = 0.003 ns (0.14%), N = 11, StdDev = 0.009 ns
Min = 1.919 ns, Q1 = 1.936 ns, Median = 1.942 ns, Q3 = 1.944 ns, Max = 1.951 ns
IQR = 0.008 ns, LowerFence = 1.923 ns, UpperFence = 1.956 ns
ConfidenceInterval = [1.926 ns; 1.951 ns] (CI 99.9%), Margin = 0.013 ns (0.65% of Mean)
Skewness = -0.86, Kurtosis = 2.64, MValue = 2
-------------------- Histogram --------------------
[1.913 ns ; 1.956 ns) | @@@@@@@@@@@
---------------------------------------------------

DataAuthoredQueryBenchmarks.GeneratedShape: Jit(IterationCount=12, IterationTime=250ms, WarmupCount=16) [Shape=Blend, Pattern=Alternating]
Runtime = .NET 10.0.12 (10.0.12, 10.0.1226.42308), X64 RyuJIT x86-64-v3; GC = Concurrent Workstation
Mean = 2.977 ns, StdErr = 0.014 ns (0.46%), N = 10, StdDev = 0.043 ns
Min = 2.936 ns, Q1 = 2.941 ns, Median = 2.968 ns, Q3 = 3.006 ns, Max = 3.064 ns
IQR = 0.065 ns, LowerFence = 2.844 ns, UpperFence = 3.103 ns
ConfidenceInterval = [2.912 ns; 3.043 ns] (CI 99.9%), Margin = 0.065 ns (2.19% of Mean)
Skewness = 0.58, Kurtosis = 1.94, MValue = 2
-------------------- Histogram --------------------
[2.910 ns ; 3.029 ns) | @@@@@@@@@
[3.029 ns ; 3.090 ns) | @
---------------------------------------------------

DataAuthoredQueryBenchmarks.DataAuthoredFacade: Jit(IterationCount=12, IterationTime=250ms, WarmupCount=16) [Shape=Blend, Pattern=Alternating]
Runtime = .NET 10.0.12 (10.0.12, 10.0.1226.42308), X64 RyuJIT x86-64-v3; GC = Concurrent Workstation
Mean = 11.384 ns, StdErr = 0.045 ns (0.40%), N = 12, StdDev = 0.157 ns
Min = 11.177 ns, Q1 = 11.290 ns, Median = 11.366 ns, Q3 = 11.479 ns, Max = 11.738 ns
IQR = 0.189 ns, LowerFence = 11.007 ns, UpperFence = 11.763 ns
ConfidenceInterval = [11.183 ns; 11.586 ns] (CI 99.9%), Margin = 0.202 ns (1.77% of Mean)
Skewness = 0.61, Kurtosis = 2.7, MValue = 2
-------------------- Histogram --------------------
[11.086 ns ; 11.456 ns) | @@@@@@@@
[11.456 ns ; 11.829 ns) | @@@@
---------------------------------------------------

DataAuthoredQueryBenchmarks.FacadeSelectOnly: Jit(IterationCount=12, IterationTime=250ms, WarmupCount=16) [Shape=Blend, Pattern=Alternating]
Runtime = .NET 10.0.12 (10.0.12, 10.0.1226.42308), X64 RyuJIT x86-64-v3; GC = Concurrent Workstation
Mean = 8.229 ns, StdErr = 0.016 ns (0.20%), N = 11, StdDev = 0.054 ns
Min = 8.148 ns, Q1 = 8.200 ns, Median = 8.232 ns, Q3 = 8.264 ns, Max = 8.322 ns
IQR = 0.064 ns, LowerFence = 8.103 ns, UpperFence = 8.360 ns
ConfidenceInterval = [8.155 ns; 8.304 ns] (CI 99.9%), Margin = 0.075 ns (0.91% of Mean)
Skewness = -0.07, Kurtosis = 1.85, MValue = 2
-------------------- Histogram --------------------
[8.116 ns ; 8.354 ns) | @@@@@@@@@@@
---------------------------------------------------

DataAuthoredQueryBenchmarks.FacadeNoDispatch: Jit(IterationCount=12, IterationTime=250ms, WarmupCount=16) [Shape=Blend, Pattern=Alternating]
Runtime = .NET 10.0.12 (10.0.12, 10.0.1226.42308), X64 RyuJIT x86-64-v3; GC = Concurrent Workstation
Mean = 8.729 ns, StdErr = 0.028 ns (0.32%), N = 11, StdDev = 0.091 ns
Min = 8.495 ns, Q1 = 8.700 ns, Median = 8.751 ns, Q3 = 8.775 ns, Max = 8.839 ns
IQR = 0.076 ns, LowerFence = 8.586 ns, UpperFence = 8.889 ns
ConfidenceInterval = [8.602 ns; 8.855 ns] (CI 99.9%), Margin = 0.126 ns (1.45% of Mean)
Skewness = -1.28, Kurtosis = 4.15, MValue = 2
-------------------- Histogram --------------------
[8.441 ns ; 8.631 ns) | @
[8.631 ns ; 8.893 ns) | @@@@@@@@@@
---------------------------------------------------

// * Summary *

BenchmarkDotNet v0.15.8, Linux Omarchy
Intel Core i9-14900K 4.19GHz, 1 CPU, 32 logical and 24 physical cores
.NET SDK 10.0.401
  [Host] : .NET 10.0.12 (10.0.12, 10.0.1226.42308), X64 RyuJIT x86-64-v3
  Jit    : .NET 10.0.12 (10.0.12, 10.0.1226.42308), X64 RyuJIT x86-64-v3

Job=Jit  IterationCount=12  IterationTime=250ms  
WarmupCount=16  

| Method             | Shape                    | Pattern     | Mean          | Error       | StdDev      | Median        | Ratio  | RatioSD | Allocated | Alloc Ratio |
|------------------- |------------------------- |------------ |--------------:|------------:|------------:|--------------:|-------:|--------:|----------:|------------:|
| DirectShape        | OneTrack                 | Forward     |      1.463 ns |   0.0356 ns |   0.0258 ns |      1.468 ns |   1.00 |    0.02 |         - |          NA |
| GeneratedShape     | OneTrack                 | Forward     |      1.929 ns |   0.0311 ns |   0.0243 ns |      1.920 ns |   1.32 |    0.03 |         - |          NA |
| DataAuthoredFacade | OneTrack                 | Forward     |     10.589 ns |   0.2397 ns |   0.1733 ns |     10.486 ns |   7.24 |    0.17 |         - |          NA |
| FacadeSelectOnly   | OneTrack                 | Forward     |      7.708 ns |   0.1446 ns |   0.1045 ns |      7.756 ns |   5.27 |    0.11 |         - |          NA |
| FacadeNoDispatch   | OneTrack                 | Forward     |      8.699 ns |   0.0714 ns |   0.0517 ns |      8.712 ns |   5.95 |    0.11 |         - |          NA |
|                    |                          |             |               |             |             |               |        |         |           |             |
| DirectShape        | OneTrack                 | Alternating |      1.331 ns |   0.0089 ns |   0.0059 ns |      1.330 ns |   1.00 |    0.01 |         - |          NA |
| GeneratedShape     | OneTrack                 | Alternating |      2.095 ns |   0.0407 ns |   0.0318 ns |      2.100 ns |   1.57 |    0.02 |         - |          NA |
| DataAuthoredFacade | OneTrack                 | Alternating |     10.337 ns |   0.1036 ns |   0.0749 ns |     10.335 ns |   7.77 |    0.06 |         - |          NA |
| FacadeSelectOnly   | OneTrack                 | Alternating |      8.418 ns |   0.0809 ns |   0.0585 ns |      8.406 ns |   6.33 |    0.05 |         - |          NA |
| FacadeNoDispatch   | OneTrack                 | Alternating |      8.710 ns |   0.0777 ns |   0.0562 ns |      8.710 ns |   6.55 |    0.05 |         - |          NA |
|                    |                          |             |               |             |             |               |        |         |           |             |
| DirectShape        | ThreeTracks              | Forward     |      2.246 ns |   0.0225 ns |   0.0162 ns |      2.244 ns |   1.00 |    0.01 |         - |          NA |
| GeneratedShape     | ThreeTracks              | Forward     |      3.743 ns |   0.0597 ns |   0.0466 ns |      3.747 ns |   1.67 |    0.02 |         - |          NA |
| DataAuthoredFacade | ThreeTracks              | Forward     |     19.723 ns |   0.1795 ns |   0.1402 ns |     19.766 ns |   8.78 |    0.09 |         - |          NA |
| FacadeSelectOnly   | ThreeTracks              | Forward     |      8.914 ns |   0.0553 ns |   0.0366 ns |      8.914 ns |   3.97 |    0.03 |         - |          NA |
| FacadeNoDispatch   | ThreeTracks              | Forward     |     11.868 ns |   0.0431 ns |   0.0312 ns |     11.864 ns |   5.28 |    0.04 |         - |          NA |
|                    |                          |             |               |             |             |               |        |         |           |             |
| DirectShape        | ThreeTracks              | Alternating |      4.162 ns |   0.0236 ns |   0.0156 ns |      4.164 ns |   1.00 |    0.01 |         - |          NA |
| GeneratedShape     | ThreeTracks              | Alternating |      4.088 ns |   0.0683 ns |   0.0452 ns |      4.105 ns |   0.98 |    0.01 |         - |          NA |
| DataAuthoredFacade | ThreeTracks              | Alternating |     20.128 ns |   0.3816 ns |   0.2759 ns |     20.041 ns |   4.84 |    0.07 |         - |          NA |
| FacadeSelectOnly   | ThreeTracks              | Alternating |      9.830 ns |   0.1037 ns |   0.0750 ns |      9.846 ns |   2.36 |    0.02 |         - |          NA |
| FacadeNoDispatch   | ThreeTracks              | Alternating |     12.947 ns |   0.0868 ns |   0.0574 ns |     12.960 ns |   3.11 |    0.02 |         - |          NA |
|                    |                          |             |               |             |             |               |        |         |           |             |
| DirectShape        | SixteenTracks            | Forward     |     12.022 ns |   0.0365 ns |   0.0264 ns |     12.020 ns |   1.00 |    0.00 |         - |          NA |
| GeneratedShape     | SixteenTracks            | Forward     |     22.536 ns |   0.1898 ns |   0.1372 ns |     22.509 ns |   1.87 |    0.01 |         - |          NA |
| DataAuthoredFacade | SixteenTracks            | Forward     |     74.627 ns |   0.9455 ns |   0.6837 ns |     74.767 ns |   6.21 |    0.06 |         - |          NA |
| FacadeSelectOnly   | SixteenTracks            | Forward     |     19.374 ns |   0.1943 ns |   0.1285 ns |     19.380 ns |   1.61 |    0.01 |         - |          NA |
| FacadeNoDispatch   | SixteenTracks            | Forward     |     33.784 ns |   0.2467 ns |   0.1784 ns |     33.761 ns |   2.81 |    0.02 |         - |          NA |
|                    |                          |             |               |             |             |               |        |         |           |             |
| DirectShape        | SixteenTracks            | Alternating |     18.658 ns |   0.1672 ns |   0.1209 ns |     18.640 ns |   1.00 |    0.01 |         - |          NA |
| GeneratedShape     | SixteenTracks            | Alternating |     20.699 ns |   0.3750 ns |   0.2711 ns |     20.716 ns |   1.11 |    0.02 |         - |          NA |
| DataAuthoredFacade | SixteenTracks            | Alternating |     75.121 ns |   0.8212 ns |   0.6411 ns |     75.242 ns |   4.03 |    0.04 |         - |          NA |
| FacadeSelectOnly   | SixteenTracks            | Alternating |     22.394 ns |   0.2766 ns |   0.2000 ns |     22.337 ns |   1.20 |    0.01 |         - |          NA |
| FacadeNoDispatch   | SixteenTracks            | Alternating |     36.076 ns |   0.1919 ns |   0.1388 ns |     36.080 ns |   1.93 |    0.01 |         - |          NA |
|                    |                          |             |               |             |             |               |        |         |           |             |
| DirectShape        | TwoHundredFiftySixTracks | Forward     |    340.507 ns |   3.0885 ns |   2.0429 ns |    340.702 ns |   1.00 |    0.01 |         - |          NA |
| GeneratedShape     | TwoHundredFiftySixTracks | Forward     | 34,185.833 ns | 341.8051 ns | 247.1474 ns | 34,209.689 ns | 100.40 |    0.90 |         - |          NA |
| DataAuthoredFacade | TwoHundredFiftySixTracks | Forward     |  1,104.619 ns |  17.0095 ns |  13.2799 ns |  1,107.905 ns |   3.24 |    0.04 |         - |          NA |
| FacadeSelectOnly   | TwoHundredFiftySixTracks | Forward     |    209.811 ns |   1.6957 ns |   1.2261 ns |    209.159 ns |   0.62 |    0.00 |         - |          NA |
| FacadeNoDispatch   | TwoHundredFiftySixTracks | Forward     |    454.988 ns |   6.1213 ns |   4.4261 ns |    454.128 ns |   1.34 |    0.01 |         - |          NA |
|                    |                          |             |               |             |             |               |        |         |           |             |
| DirectShape        | TwoHundredFiftySixTracks | Alternating |    345.597 ns |   5.7930 ns |   4.1887 ns |    345.996 ns |   1.00 |    0.02 |         - |          NA |
| GeneratedShape     | TwoHundredFiftySixTracks | Alternating | 34,511.424 ns | 648.8221 ns | 506.5576 ns | 34,501.560 ns |  99.87 |    1.83 |         - |          NA |
| DataAuthoredFacade | TwoHundredFiftySixTracks | Alternating |  1,129.004 ns |  16.1028 ns |  12.5720 ns |  1,126.956 ns |   3.27 |    0.05 |         - |          NA |
| FacadeSelectOnly   | TwoHundredFiftySixTracks | Alternating |    232.294 ns |   1.7516 ns |   1.2665 ns |    231.962 ns |   0.67 |    0.01 |         - |          NA |
| FacadeNoDispatch   | TwoHundredFiftySixTracks | Alternating |    467.606 ns |   2.8036 ns |   2.0272 ns |    468.079 ns |   1.35 |    0.02 |         - |          NA |
|                    |                          |             |               |             |             |               |        |         |           |             |
| DirectShape        | Blend                    | Forward     |      1.714 ns |   0.0088 ns |   0.0063 ns |      1.715 ns |   1.00 |    0.00 |         - |          NA |
| GeneratedShape     | Blend                    | Forward     |      2.632 ns |   0.0414 ns |   0.0274 ns |      2.642 ns |   1.54 |    0.02 |         - |          NA |
| DataAuthoredFacade | Blend                    | Forward     |     11.236 ns |   0.1631 ns |   0.1179 ns |     11.274 ns |   6.55 |    0.07 |         - |          NA |
| FacadeSelectOnly   | Blend                    | Forward     |      7.727 ns |   0.0638 ns |   0.0379 ns |      7.726 ns |   4.51 |    0.03 |         - |          NA |
| FacadeNoDispatch   | Blend                    | Forward     |      8.640 ns |   0.2500 ns |   0.1808 ns |      8.563 ns |   5.04 |    0.10 |         - |          NA |
|                    |                          |             |               |             |             |               |        |         |           |             |
| DirectShape        | Blend                    | Alternating |      1.938 ns |   0.0126 ns |   0.0091 ns |      1.942 ns |   1.00 |    0.01 |         - |          NA |
| GeneratedShape     | Blend                    | Alternating |      2.977 ns |   0.0653 ns |   0.0432 ns |      2.968 ns |   1.54 |    0.02 |         - |          NA |
| DataAuthoredFacade | Blend                    | Alternating |     11.384 ns |   0.2015 ns |   0.1573 ns |     11.366 ns |   5.87 |    0.08 |         - |          NA |
| FacadeSelectOnly   | Blend                    | Alternating |      8.229 ns |   0.0749 ns |   0.0542 ns |      8.232 ns |   4.25 |    0.03 |         - |          NA |
| FacadeNoDispatch   | Blend                    | Alternating |      8.729 ns |   0.1265 ns |   0.0915 ns |      8.751 ns |   4.50 |    0.05 |         - |          NA |

// * Warnings *
MinIterationTime
  DataAuthoredQueryBenchmarks.GeneratedShape: Jit     -> The minimum observed iteration time is 54.374ms which is very small. It's recommended to increase it to at least 100ms using more operations.
  DataAuthoredQueryBenchmarks.DataAuthoredFacade: Jit -> The minimum observed iteration time is 99.781ms which is very small. It's recommended to increase it to at least 100ms using more operations.
  DataAuthoredQueryBenchmarks.GeneratedShape: Jit     -> The minimum observed iteration time is 56.628ms which is very small. It's recommended to increase it to at least 100ms using more operations.
  DataAuthoredQueryBenchmarks.GeneratedShape: Jit     -> The minimum observed iteration time is 55.521ms which is very small. It's recommended to increase it to at least 100ms using more operations.
  DataAuthoredQueryBenchmarks.DataAuthoredFacade: Jit -> The minimum observed iteration time is 83.163ms which is very small. It's recommended to increase it to at least 100ms using more operations.
  DataAuthoredQueryBenchmarks.GeneratedShape: Jit     -> The minimum observed iteration time is 58.967ms which is very small. It's recommended to increase it to at least 100ms using more operations.
  DataAuthoredQueryBenchmarks.DataAuthoredFacade: Jit -> The minimum observed iteration time is 84.57ms which is very small. It's recommended to increase it to at least 100ms using more operations.
  DataAuthoredQueryBenchmarks.GeneratedShape: Jit     -> The minimum observed iteration time is 73.183ms which is very small. It's recommended to increase it to at least 100ms using more operations.
  DataAuthoredQueryBenchmarks.DataAuthoredFacade: Jit -> The minimum observed iteration time is 67.451ms which is very small. It's recommended to increase it to at least 100ms using more operations.
  DataAuthoredQueryBenchmarks.GeneratedShape: Jit     -> The minimum observed iteration time is 35.854ms which is very small. It's recommended to increase it to at least 100ms using more operations.
  DataAuthoredQueryBenchmarks.DataAuthoredFacade: Jit -> The minimum observed iteration time is 68.02ms which is very small. It's recommended to increase it to at least 100ms using more operations.
  DataAuthoredQueryBenchmarks.DataAuthoredFacade: Jit -> The minimum observed iteration time is 66.612ms which is very small. It's recommended to increase it to at least 100ms using more operations.
  DataAuthoredQueryBenchmarks.DataAuthoredFacade: Jit -> The minimum observed iteration time is 63.591ms which is very small. It's recommended to increase it to at least 100ms using more operations.
  DataAuthoredQueryBenchmarks.GeneratedShape: Jit     -> The minimum observed iteration time is 64.515ms which is very small. It's recommended to increase it to at least 100ms using more operations.
  DataAuthoredQueryBenchmarks.DataAuthoredFacade: Jit -> The minimum observed iteration time is 88.4ms which is very small. It's recommended to increase it to at least 100ms using more operations.
  DataAuthoredQueryBenchmarks.GeneratedShape: Jit     -> The minimum observed iteration time is 68.316ms which is very small. It's recommended to increase it to at least 100ms using more operations.
  DataAuthoredQueryBenchmarks.DataAuthoredFacade: Jit -> The minimum observed iteration time is 85.703ms which is very small. It's recommended to increase it to at least 100ms using more operations.

// * Hints *
Outliers
  DataAuthoredQueryBenchmarks.DirectShape: Jit        -> 1 outlier  was  removed (1.56 ns)
  DataAuthoredQueryBenchmarks.DataAuthoredFacade: Jit -> 1 outlier  was  removed (11.81 ns)
  DataAuthoredQueryBenchmarks.FacadeSelectOnly: Jit   -> 1 outlier  was  removed, 2 outliers were detected (7.47 ns, 8.76 ns)
  DataAuthoredQueryBenchmarks.FacadeNoDispatch: Jit   -> 1 outlier  was  removed, 2 outliers were detected (8.57 ns, 9.94 ns)
  DataAuthoredQueryBenchmarks.DirectShape: Jit        -> 2 outliers were removed (1.39 ns, 1.41 ns)
  DataAuthoredQueryBenchmarks.DataAuthoredFacade: Jit -> 1 outlier  was  removed (11.00 ns)
  DataAuthoredQueryBenchmarks.FacadeSelectOnly: Jit   -> 1 outlier  was  removed (9.89 ns)
  DataAuthoredQueryBenchmarks.FacadeNoDispatch: Jit   -> 1 outlier  was  removed (9.34 ns)
  DataAuthoredQueryBenchmarks.DirectShape: Jit        -> 1 outlier  was  removed (2.53 ns)
  DataAuthoredQueryBenchmarks.GeneratedShape: Jit     -> 1 outlier  was  detected (3.64 ns)
  DataAuthoredQueryBenchmarks.FacadeSelectOnly: Jit   -> 2 outliers were removed (9.14 ns, 9.14 ns)
  DataAuthoredQueryBenchmarks.FacadeNoDispatch: Jit   -> 1 outlier  was  removed (13.34 ns)
  DataAuthoredQueryBenchmarks.DirectShape: Jit        -> 2 outliers were removed (4.22 ns, 4.53 ns)
  DataAuthoredQueryBenchmarks.GeneratedShape: Jit     -> 2 outliers were removed, 3 outliers were detected (3.98 ns, 4.32 ns, 4.37 ns)
  DataAuthoredQueryBenchmarks.DataAuthoredFacade: Jit -> 1 outlier  was  removed (21.20 ns)
  DataAuthoredQueryBenchmarks.FacadeSelectOnly: Jit   -> 1 outlier  was  removed, 2 outliers were detected (9.65 ns, 11.10 ns)
  DataAuthoredQueryBenchmarks.FacadeNoDispatch: Jit   -> 2 outliers were removed (13.67 ns, 13.84 ns)
  DataAuthoredQueryBenchmarks.DirectShape: Jit        -> 1 outlier  was  removed (13.42 ns)
  DataAuthoredQueryBenchmarks.GeneratedShape: Jit     -> 1 outlier  was  removed (23.28 ns)
  DataAuthoredQueryBenchmarks.DataAuthoredFacade: Jit -> 1 outlier  was  removed (76.23 ns)
  DataAuthoredQueryBenchmarks.FacadeSelectOnly: Jit   -> 2 outliers were removed, 3 outliers were detected (19.05 ns, 19.94 ns, 21.31 ns)
  DataAuthoredQueryBenchmarks.FacadeNoDispatch: Jit   -> 1 outlier  was  removed (37.45 ns)
  DataAuthoredQueryBenchmarks.DirectShape: Jit        -> 1 outlier  was  removed (20.49 ns)
  DataAuthoredQueryBenchmarks.GeneratedShape: Jit     -> 1 outlier  was  removed (21.69 ns)
  DataAuthoredQueryBenchmarks.FacadeSelectOnly: Jit   -> 1 outlier  was  removed (25.09 ns)
  DataAuthoredQueryBenchmarks.FacadeNoDispatch: Jit   -> 1 outlier  was  removed (40.15 ns)
  DataAuthoredQueryBenchmarks.DirectShape: Jit        -> 2 outliers were removed, 3 outliers were detected (336.46 ns, 347.10 ns, 369.17 ns)
  DataAuthoredQueryBenchmarks.GeneratedShape: Jit     -> 1 outlier  was  removed (35.10 us)
  DataAuthoredQueryBenchmarks.FacadeSelectOnly: Jit   -> 1 outlier  was  removed (228.00 ns)
  DataAuthoredQueryBenchmarks.FacadeNoDispatch: Jit   -> 1 outlier  was  removed (490.40 ns)
  DataAuthoredQueryBenchmarks.DirectShape: Jit        -> 1 outlier  was  removed (383.87 ns)
  DataAuthoredQueryBenchmarks.GeneratedShape: Jit     -> 1 outlier  was  detected (33.41 us)
  DataAuthoredQueryBenchmarks.FacadeSelectOnly: Jit   -> 1 outlier  was  removed (253.10 ns)
  DataAuthoredQueryBenchmarks.FacadeNoDispatch: Jit   -> 1 outlier  was  removed (515.16 ns)
  DataAuthoredQueryBenchmarks.DirectShape: Jit        -> 1 outlier  was  removed, 2 outliers were detected (1.70 ns, 1.77 ns)
  DataAuthoredQueryBenchmarks.GeneratedShape: Jit     -> 2 outliers were removed (2.77 ns, 2.82 ns)
  DataAuthoredQueryBenchmarks.DataAuthoredFacade: Jit -> 1 outlier  was  removed (12.05 ns)
  DataAuthoredQueryBenchmarks.FacadeSelectOnly: Jit   -> 3 outliers were removed (8.28 ns..8.76 ns)
  DataAuthoredQueryBenchmarks.FacadeNoDispatch: Jit   -> 1 outlier  was  removed (9.81 ns)
  DataAuthoredQueryBenchmarks.DirectShape: Jit        -> 1 outlier  was  removed, 2 outliers were detected (1.92 ns, 1.98 ns)
  DataAuthoredQueryBenchmarks.GeneratedShape: Jit     -> 2 outliers were removed (3.15 ns, 3.17 ns)
  DataAuthoredQueryBenchmarks.FacadeSelectOnly: Jit   -> 1 outlier  was  removed (9.68 ns)
  DataAuthoredQueryBenchmarks.FacadeNoDispatch: Jit   -> 1 outlier  was  removed, 2 outliers were detected (8.50 ns, 9.01 ns)

// * Legends *
  Shape       : Value of the 'Shape' parameter
  Pattern     : Value of the 'Pattern' parameter
  Mean        : Arithmetic mean of all measurements
  Error       : Half of 99.9% confidence interval
  StdDev      : Standard deviation of all measurements
  Median      : Value separating the higher half of all measurements (50th percentile)
  Ratio       : Mean of the ratio distribution ([Current]/[Baseline])
  RatioSD     : Standard deviation of the ratio distribution ([Current]/[Baseline])
  Allocated   : Allocated memory per single operation (managed only, inclusive, 1KB = 1024B)
  Alloc Ratio : Allocated memory ratio distribution ([Current]/[Baseline])
  1 ns        : 1 Nanosecond (0.000000001 sec)

// * Diagnostic Output - MemoryDiagnoser *


// ***** BenchmarkRunner: End *****
Run time: 00:04:53 (293.63 sec), executed benchmarks: 50

Global total time: 00:05:01 (301.87 sec), executed benchmarks: 50
// * Artifacts cleanup *
Artifacts cleanup is finished
