// Validating benchmarks:
// ***** BenchmarkRunner: Start   *****
// ***** Found 50 benchmark(s) in total *****
// ***** Building 1 exe(s) in Parallel: Start   *****
// start dotnet  restore --nodeReuse:false /p:UseSharedCompilation=false /p:Deterministic=true /p:Optimize=true /p:ArtifactsPath="/home/i/GitHub/tl-56-feat-data-authored-api/benchmarks/Alpha/bin/Release/net10.0/Alpha-Jit-1/" /p:OutDir="/home/i/GitHub/tl-56-feat-data-authored-api/benchmarks/Alpha/bin/Release/net10.0/Alpha-Jit-1/bin/Release/net10.0/" /p:OutputPath="/home/i/GitHub/tl-56-feat-data-authored-api/benchmarks/Alpha/bin/Release/net10.0/Alpha-Jit-1/bin/Release/net10.0/" /p:PublishDir="/home/i/GitHub/tl-56-feat-data-authored-api/benchmarks/Alpha/bin/Release/net10.0/Alpha-Jit-1/publish/" in /home/i/GitHub/tl-56-feat-data-authored-api/benchmarks/Alpha/bin/Release/net10.0/Alpha-Jit-1
// command took 0.82 sec and exited with 0
// start dotnet  build -c Release --no-restore --nodeReuse:false /p:UseSharedCompilation=false /p:Deterministic=true /p:Optimize=true /p:ArtifactsPath="/home/i/GitHub/tl-56-feat-data-authored-api/benchmarks/Alpha/bin/Release/net10.0/Alpha-Jit-1/" /p:OutDir="/home/i/GitHub/tl-56-feat-data-authored-api/benchmarks/Alpha/bin/Release/net10.0/Alpha-Jit-1/bin/Release/net10.0/" /p:OutputPath="/home/i/GitHub/tl-56-feat-data-authored-api/benchmarks/Alpha/bin/Release/net10.0/Alpha-Jit-1/bin/Release/net10.0/" /p:PublishDir="/home/i/GitHub/tl-56-feat-data-authored-api/benchmarks/Alpha/bin/Release/net10.0/Alpha-Jit-1/publish/" --output "/home/i/GitHub/tl-56-feat-data-authored-api/benchmarks/Alpha/bin/Release/net10.0/Alpha-Jit-1/bin/Release/net10.0/" in /home/i/GitHub/tl-56-feat-data-authored-api/benchmarks/Alpha/bin/Release/net10.0/Alpha-Jit-1
// command took 7.07 sec and exited with 0
// ***** Done, took 00:00:07 (7.92 sec)   *****
// Found 50 benchmarks:
//   DataAuthoredQueryBenchmarks.DirectShape: Jit(IterationCount=12, IterationTime=250ms, WarmupCount=16) [Shape=OneTrack, Pattern=Forward]
//   DataAuthoredQueryBenchmarks.GeneratedShape: Jit(IterationCount=12, IterationTime=250ms, WarmupCount=16) [Shape=OneTrack, Pattern=Forward]
//   DataAuthoredQueryBenchmarks.DataAuthoredFacade: Jit(IterationCount=12, IterationTime=250ms, WarmupCount=16) [Shape=OneTrack, Pattern=Forward]
//   DataAuthoredQueryBenchmarks.FacadeSelectOnly: Jit(IterationCount=12, IterationTime=250ms, WarmupCount=16) [Shape=OneTrack, Pattern=Forward]
//   DataAuthoredQueryBenchmarks.FacadeNoDispatch: Jit(IterationCount=12, IterationTime=250ms, WarmupCount=16) [Shape=OneTrack, Pattern=Forward]
//   DataAuthoredQueryBenchmarks.DirectShape: Jit(IterationCount=12, IterationTime=250ms, WarmupCount=16) [Shape=OneTrack, Pattern=Alternating]
//   DataAuthoredQueryBenchmarks.GeneratedShape: Jit(IterationCount=12, IterationTime=250ms, WarmupCount=16) [Shape=OneTrack, Pattern=Alternating]
//   DataAuthoredQueryBenchmarks.DataAuthoredFacade: Jit(IterationCount=12, IterationTime=250ms, WarmupCount=16) [Shape=OneTrack, Pattern=Alternating]
//   DataAuthoredQueryBenchmarks.FacadeSelectOnly: Jit(IterationCount=12, IterationTime=250ms, WarmupCount=16) [Shape=OneTrack, Pattern=Alternating]
//   DataAuthoredQueryBenchmarks.FacadeNoDispatch: Jit(IterationCount=12, IterationTime=250ms, WarmupCount=16) [Shape=OneTrack, Pattern=Alternating]
//   DataAuthoredQueryBenchmarks.DirectShape: Jit(IterationCount=12, IterationTime=250ms, WarmupCount=16) [Shape=ThreeTracks, Pattern=Forward]
//   DataAuthoredQueryBenchmarks.GeneratedShape: Jit(IterationCount=12, IterationTime=250ms, WarmupCount=16) [Shape=ThreeTracks, Pattern=Forward]
//   DataAuthoredQueryBenchmarks.DataAuthoredFacade: Jit(IterationCount=12, IterationTime=250ms, WarmupCount=16) [Shape=ThreeTracks, Pattern=Forward]
//   DataAuthoredQueryBenchmarks.FacadeSelectOnly: Jit(IterationCount=12, IterationTime=250ms, WarmupCount=16) [Shape=ThreeTracks, Pattern=Forward]
//   DataAuthoredQueryBenchmarks.FacadeNoDispatch: Jit(IterationCount=12, IterationTime=250ms, WarmupCount=16) [Shape=ThreeTracks, Pattern=Forward]
//   DataAuthoredQueryBenchmarks.DirectShape: Jit(IterationCount=12, IterationTime=250ms, WarmupCount=16) [Shape=ThreeTracks, Pattern=Alternating]
//   DataAuthoredQueryBenchmarks.GeneratedShape: Jit(IterationCount=12, IterationTime=250ms, WarmupCount=16) [Shape=ThreeTracks, Pattern=Alternating]
//   DataAuthoredQueryBenchmarks.DataAuthoredFacade: Jit(IterationCount=12, IterationTime=250ms, WarmupCount=16) [Shape=ThreeTracks, Pattern=Alternating]
//   DataAuthoredQueryBenchmarks.FacadeSelectOnly: Jit(IterationCount=12, IterationTime=250ms, WarmupCount=16) [Shape=ThreeTracks, Pattern=Alternating]
//   DataAuthoredQueryBenchmarks.FacadeNoDispatch: Jit(IterationCount=12, IterationTime=250ms, WarmupCount=16) [Shape=ThreeTracks, Pattern=Alternating]
//   DataAuthoredQueryBenchmarks.DirectShape: Jit(IterationCount=12, IterationTime=250ms, WarmupCount=16) [Shape=SixteenTracks, Pattern=Forward]
//   DataAuthoredQueryBenchmarks.GeneratedShape: Jit(IterationCount=12, IterationTime=250ms, WarmupCount=16) [Shape=SixteenTracks, Pattern=Forward]
//   DataAuthoredQueryBenchmarks.DataAuthoredFacade: Jit(IterationCount=12, IterationTime=250ms, WarmupCount=16) [Shape=SixteenTracks, Pattern=Forward]
//   DataAuthoredQueryBenchmarks.FacadeSelectOnly: Jit(IterationCount=12, IterationTime=250ms, WarmupCount=16) [Shape=SixteenTracks, Pattern=Forward]
//   DataAuthoredQueryBenchmarks.FacadeNoDispatch: Jit(IterationCount=12, IterationTime=250ms, WarmupCount=16) [Shape=SixteenTracks, Pattern=Forward]
//   DataAuthoredQueryBenchmarks.DirectShape: Jit(IterationCount=12, IterationTime=250ms, WarmupCount=16) [Shape=SixteenTracks, Pattern=Alternating]
//   DataAuthoredQueryBenchmarks.GeneratedShape: Jit(IterationCount=12, IterationTime=250ms, WarmupCount=16) [Shape=SixteenTracks, Pattern=Alternating]
//   DataAuthoredQueryBenchmarks.DataAuthoredFacade: Jit(IterationCount=12, IterationTime=250ms, WarmupCount=16) [Shape=SixteenTracks, Pattern=Alternating]
//   DataAuthoredQueryBenchmarks.FacadeSelectOnly: Jit(IterationCount=12, IterationTime=250ms, WarmupCount=16) [Shape=SixteenTracks, Pattern=Alternating]
//   DataAuthoredQueryBenchmarks.FacadeNoDispatch: Jit(IterationCount=12, IterationTime=250ms, WarmupCount=16) [Shape=SixteenTracks, Pattern=Alternating]
//   DataAuthoredQueryBenchmarks.DirectShape: Jit(IterationCount=12, IterationTime=250ms, WarmupCount=16) [Shape=TwoHundredFiftySixTracks, Pattern=Forward]
//   DataAuthoredQueryBenchmarks.GeneratedShape: Jit(IterationCount=12, IterationTime=250ms, WarmupCount=16) [Shape=TwoHundredFiftySixTracks, Pattern=Forward]
//   DataAuthoredQueryBenchmarks.DataAuthoredFacade: Jit(IterationCount=12, IterationTime=250ms, WarmupCount=16) [Shape=TwoHundredFiftySixTracks, Pattern=Forward]
//   DataAuthoredQueryBenchmarks.FacadeSelectOnly: Jit(IterationCount=12, IterationTime=250ms, WarmupCount=16) [Shape=TwoHundredFiftySixTracks, Pattern=Forward]
//   DataAuthoredQueryBenchmarks.FacadeNoDispatch: Jit(IterationCount=12, IterationTime=250ms, WarmupCount=16) [Shape=TwoHundredFiftySixTracks, Pattern=Forward]
//   DataAuthoredQueryBenchmarks.DirectShape: Jit(IterationCount=12, IterationTime=250ms, WarmupCount=16) [Shape=TwoHundredFiftySixTracks, Pattern=Alternating]
//   DataAuthoredQueryBenchmarks.GeneratedShape: Jit(IterationCount=12, IterationTime=250ms, WarmupCount=16) [Shape=TwoHundredFiftySixTracks, Pattern=Alternating]
//   DataAuthoredQueryBenchmarks.DataAuthoredFacade: Jit(IterationCount=12, IterationTime=250ms, WarmupCount=16) [Shape=TwoHundredFiftySixTracks, Pattern=Alternating]
//   DataAuthoredQueryBenchmarks.FacadeSelectOnly: Jit(IterationCount=12, IterationTime=250ms, WarmupCount=16) [Shape=TwoHundredFiftySixTracks, Pattern=Alternating]
//   DataAuthoredQueryBenchmarks.FacadeNoDispatch: Jit(IterationCount=12, IterationTime=250ms, WarmupCount=16) [Shape=TwoHundredFiftySixTracks, Pattern=Alternating]
//   DataAuthoredQueryBenchmarks.DirectShape: Jit(IterationCount=12, IterationTime=250ms, WarmupCount=16) [Shape=Blend, Pattern=Forward]
//   DataAuthoredQueryBenchmarks.GeneratedShape: Jit(IterationCount=12, IterationTime=250ms, WarmupCount=16) [Shape=Blend, Pattern=Forward]
//   DataAuthoredQueryBenchmarks.DataAuthoredFacade: Jit(IterationCount=12, IterationTime=250ms, WarmupCount=16) [Shape=Blend, Pattern=Forward]
//   DataAuthoredQueryBenchmarks.FacadeSelectOnly: Jit(IterationCount=12, IterationTime=250ms, WarmupCount=16) [Shape=Blend, Pattern=Forward]
//   DataAuthoredQueryBenchmarks.FacadeNoDispatch: Jit(IterationCount=12, IterationTime=250ms, WarmupCount=16) [Shape=Blend, Pattern=Forward]
//   DataAuthoredQueryBenchmarks.DirectShape: Jit(IterationCount=12, IterationTime=250ms, WarmupCount=16) [Shape=Blend, Pattern=Alternating]
//   DataAuthoredQueryBenchmarks.GeneratedShape: Jit(IterationCount=12, IterationTime=250ms, WarmupCount=16) [Shape=Blend, Pattern=Alternating]
//   DataAuthoredQueryBenchmarks.DataAuthoredFacade: Jit(IterationCount=12, IterationTime=250ms, WarmupCount=16) [Shape=Blend, Pattern=Alternating]
//   DataAuthoredQueryBenchmarks.FacadeSelectOnly: Jit(IterationCount=12, IterationTime=250ms, WarmupCount=16) [Shape=Blend, Pattern=Alternating]
//   DataAuthoredQueryBenchmarks.FacadeNoDispatch: Jit(IterationCount=12, IterationTime=250ms, WarmupCount=16) [Shape=Blend, Pattern=Alternating]

// **************************
// Benchmark: DataAuthoredQueryBenchmarks.DirectShape: Jit(IterationCount=12, IterationTime=250ms, WarmupCount=16) [Shape=OneTrack, Pattern=Forward]
// *** Execute ***
// Launch: 1 / 1
// Execute: dotnet Alpha-Jit-1.dll --anonymousPipes 120 121 --benchmarkName "DataAuthoredQueryBenchmarks.DirectShape(Shape: OneTrack, Pattern: Forward)" --job Jit --benchmarkId 0 in /home/i/GitHub/tl-56-feat-data-authored-api/benchmarks/Alpha/bin/Release/net10.0/Alpha-Jit-1/bin/Release/net10.0
// Failed to set up high priority (Permission denied). In order to run benchmarks with high priority, make sure you have the right permissions.
// BeforeAnythingElse

// Benchmark Process Environment Information:
// BenchmarkDotNet v0.15.8
// Runtime=.NET 10.0.12 (10.0.12, 10.0.1226.42308), X64 RyuJIT x86-64-v3
// GC=Concurrent Workstation
// HardwareIntrinsics=AVX2+BMI1+BMI2+F16C+FMA+LZCNT+MOVBE,AVX,SSE3+SSSE3+SSE4.1+SSE4.2+POPCNT,X86Base+SSE+SSE2,AES+PCLMUL,AvxVnni,SERIALIZE VectorSize=256
// Job: Jit(IterationCount=12, IterationTime=250ms, WarmupCount=16)

OverheadJitting  1: 4096 op, 116463.00 ns, 28.4333 ns/op
WorkloadJitting  1: 4096 op, 1234350.00 ns, 301.3550 ns/op

OverheadJitting  2: 65536 op, 128558.00 ns, 1.9616 ns/op
WorkloadJitting  2: 65536 op, 390522.00 ns, 5.9589 ns/op

WorkloadPilot    1: 65536 op, 193581.00 ns, 2.9538 ns/op
WorkloadPilot    2: 84672512 op, 215758042.00 ns, 2.5481 ns/op
WorkloadPilot    3: 98172928 op, 248135446.00 ns, 2.5275 ns/op
WorkloadPilot    4: 98959360 op, 256989598.00 ns, 2.5969 ns/op
WorkloadPilot    5: 96272384 op, 260723162.00 ns, 2.7082 ns/op
WorkloadPilot    6: 92340224 op, 232475187.00 ns, 2.5176 ns/op
WorkloadPilot    7: 99352576 op, 276433151.00 ns, 2.7823 ns/op

OverheadWarmup   1: 99352576 op, 34046.00 ns, 0.0003 ns/op
OverheadWarmup   2: 99352576 op, 33002.00 ns, 0.0003 ns/op
OverheadWarmup   3: 99352576 op, 32937.00 ns, 0.0003 ns/op
OverheadWarmup   4: 99352576 op, 32893.00 ns, 0.0003 ns/op
OverheadWarmup   5: 99352576 op, 32924.00 ns, 0.0003 ns/op
OverheadWarmup   6: 99352576 op, 32893.00 ns, 0.0003 ns/op
OverheadWarmup   7: 99352576 op, 32902.00 ns, 0.0003 ns/op
OverheadWarmup   8: 99352576 op, 32903.00 ns, 0.0003 ns/op
OverheadWarmup   9: 99352576 op, 32916.00 ns, 0.0003 ns/op
OverheadWarmup  10: 99352576 op, 32929.00 ns, 0.0003 ns/op

OverheadActual   1: 99352576 op, 36860.00 ns, 0.0004 ns/op
OverheadActual   2: 99352576 op, 34395.00 ns, 0.0003 ns/op
OverheadActual   3: 99352576 op, 32608.00 ns, 0.0003 ns/op
OverheadActual   4: 99352576 op, 32467.00 ns, 0.0003 ns/op
OverheadActual   5: 99352576 op, 33062.00 ns, 0.0003 ns/op
OverheadActual   6: 99352576 op, 32930.00 ns, 0.0003 ns/op
OverheadActual   7: 99352576 op, 32927.00 ns, 0.0003 ns/op
OverheadActual   8: 99352576 op, 32936.00 ns, 0.0003 ns/op
OverheadActual   9: 99352576 op, 32930.00 ns, 0.0003 ns/op
OverheadActual  10: 99352576 op, 32932.00 ns, 0.0003 ns/op
OverheadActual  11: 99352576 op, 32921.00 ns, 0.0003 ns/op
OverheadActual  12: 99352576 op, 32936.00 ns, 0.0003 ns/op
OverheadActual  13: 99352576 op, 32941.00 ns, 0.0003 ns/op
OverheadActual  14: 99352576 op, 32937.00 ns, 0.0003 ns/op
OverheadActual  15: 99352576 op, 32920.00 ns, 0.0003 ns/op

WorkloadWarmup   1: 99352576 op, 251348427.00 ns, 2.5299 ns/op
WorkloadWarmup   2: 99352576 op, 325845785.00 ns, 3.2797 ns/op
WorkloadWarmup   3: 99352576 op, 249630741.00 ns, 2.5126 ns/op
WorkloadWarmup   4: 99352576 op, 251638059.00 ns, 2.5328 ns/op
WorkloadWarmup   5: 99352576 op, 251757446.00 ns, 2.5340 ns/op
WorkloadWarmup   6: 99352576 op, 172674479.00 ns, 1.7380 ns/op
WorkloadWarmup   7: 99352576 op, 138634699.00 ns, 1.3954 ns/op
WorkloadWarmup   8: 99352576 op, 140337700.00 ns, 1.4125 ns/op
WorkloadWarmup   9: 99352576 op, 141795248.00 ns, 1.4272 ns/op
WorkloadWarmup  10: 99352576 op, 172308436.00 ns, 1.7343 ns/op
WorkloadWarmup  11: 99352576 op, 139396416.00 ns, 1.4030 ns/op
WorkloadWarmup  12: 99352576 op, 139329982.00 ns, 1.4024 ns/op
WorkloadWarmup  13: 99352576 op, 138239538.00 ns, 1.3914 ns/op
WorkloadWarmup  14: 99352576 op, 138460758.00 ns, 1.3936 ns/op
WorkloadWarmup  15: 99352576 op, 139043667.00 ns, 1.3995 ns/op
WorkloadWarmup  16: 99352576 op, 138925041.00 ns, 1.3983 ns/op

// BeforeActualRun
WorkloadActual   1: 99352576 op, 144407650.00 ns, 1.4535 ns/op
WorkloadActual   2: 99352576 op, 137867543.00 ns, 1.3877 ns/op
WorkloadActual   3: 99352576 op, 138938132.00 ns, 1.3984 ns/op
WorkloadActual   4: 99352576 op, 139506591.00 ns, 1.4042 ns/op
WorkloadActual   5: 99352576 op, 138703720.00 ns, 1.3961 ns/op
WorkloadActual   6: 99352576 op, 139875910.00 ns, 1.4079 ns/op
WorkloadActual   7: 99352576 op, 139441269.00 ns, 1.4035 ns/op
WorkloadActual   8: 99352576 op, 140380281.00 ns, 1.4130 ns/op
WorkloadActual   9: 99352576 op, 140821010.00 ns, 1.4174 ns/op
WorkloadActual  10: 99352576 op, 139525817.00 ns, 1.4044 ns/op
WorkloadActual  11: 99352576 op, 137745643.00 ns, 1.3864 ns/op
WorkloadActual  12: 99352576 op, 163170527.00 ns, 1.6423 ns/op

// AfterActualRun
WorkloadResult   1: 99352576 op, 137834611.00 ns, 1.3873 ns/op
WorkloadResult   2: 99352576 op, 138905200.00 ns, 1.3981 ns/op
WorkloadResult   3: 99352576 op, 139473659.00 ns, 1.4038 ns/op
WorkloadResult   4: 99352576 op, 138670788.00 ns, 1.3957 ns/op
WorkloadResult   5: 99352576 op, 139842978.00 ns, 1.4075 ns/op
WorkloadResult   6: 99352576 op, 139408337.00 ns, 1.4032 ns/op
WorkloadResult   7: 99352576 op, 140347349.00 ns, 1.4126 ns/op
WorkloadResult   8: 99352576 op, 140788078.00 ns, 1.4171 ns/op
WorkloadResult   9: 99352576 op, 139492885.00 ns, 1.4040 ns/op
WorkloadResult  10: 99352576 op, 137712711.00 ns, 1.3861 ns/op
// GC:  0 0 0 0 99352576
// Threading:  0 0 99352576

// AfterAll
// Benchmark Process 4184139 has exited with code 0.

Mean = 1.402 ns, StdErr = 0.003 ns (0.23%), N = 10, StdDev = 0.010 ns
Min = 1.386 ns, Q1 = 1.396 ns, Median = 1.403 ns, Q3 = 1.407 ns, Max = 1.417 ns
IQR = 0.010 ns, LowerFence = 1.381 ns, UpperFence = 1.422 ns
ConfidenceInterval = [1.386 ns; 1.417 ns] (CI 99.9%), Margin = 0.015 ns (1.08% of Mean)
Skewness = -0.15, Kurtosis = 1.74, MValue = 2

// ** Remained 49 (98.0%) benchmark(s) to run. Estimated finish 2026-09-12 13:28 (0h 5m from now) **
// **************************
// Benchmark: DataAuthoredQueryBenchmarks.GeneratedShape: Jit(IterationCount=12, IterationTime=250ms, WarmupCount=16) [Shape=OneTrack, Pattern=Forward]
// *** Execute ***
// Launch: 1 / 1
// Execute: dotnet Alpha-Jit-1.dll --anonymousPipes 120 121 --benchmarkName "DataAuthoredQueryBenchmarks.GeneratedShape(Shape: OneTrack, Pattern: Forward)" --job Jit --benchmarkId 1 in /home/i/GitHub/tl-56-feat-data-authored-api/benchmarks/Alpha/bin/Release/net10.0/Alpha-Jit-1/bin/Release/net10.0
// Failed to set up high priority (Permission denied). In order to run benchmarks with high priority, make sure you have the right permissions.
// BeforeAnythingElse

// Benchmark Process Environment Information:
// BenchmarkDotNet v0.15.8
// Runtime=.NET 10.0.12 (10.0.12, 10.0.1226.42308), X64 RyuJIT x86-64-v3
// GC=Concurrent Workstation
// HardwareIntrinsics=AVX2+BMI1+BMI2+F16C+FMA+LZCNT+MOVBE,AVX,SSE3+SSSE3+SSE4.1+SSE4.2+POPCNT,X86Base+SSE+SSE2,AES+PCLMUL,AvxVnni,SERIALIZE VectorSize=256
// Job: Jit(IterationCount=12, IterationTime=250ms, WarmupCount=16)

OverheadJitting  1: 4096 op, 103240.00 ns, 25.2051 ns/op
WorkloadJitting  1: 4096 op, 233572.00 ns, 57.0244 ns/op

OverheadJitting  2: 65536 op, 124127.00 ns, 1.8940 ns/op
WorkloadJitting  2: 65536 op, 1462442.00 ns, 22.3151 ns/op

WorkloadPilot    1: 65536 op, 697255.00 ns, 10.6393 ns/op
WorkloadPilot    2: 23527424 op, 195155771.00 ns, 8.2948 ns/op
WorkloadPilot    3: 30146560 op, 247022536.00 ns, 8.1941 ns/op
WorkloadPilot    4: 30539776 op, 249590708.00 ns, 8.1726 ns/op
WorkloadPilot    5: 30605312 op, 250420432.00 ns, 8.1823 ns/op

OverheadWarmup   1: 30605312 op, 10695.00 ns, 0.0003 ns/op
OverheadWarmup   2: 30605312 op, 10273.00 ns, 0.0003 ns/op
OverheadWarmup   3: 30605312 op, 10156.00 ns, 0.0003 ns/op
OverheadWarmup   4: 30605312 op, 10121.00 ns, 0.0003 ns/op
OverheadWarmup   5: 30605312 op, 10209.00 ns, 0.0003 ns/op
OverheadWarmup   6: 30605312 op, 10174.00 ns, 0.0003 ns/op
OverheadWarmup   7: 30605312 op, 10137.00 ns, 0.0003 ns/op
OverheadWarmup   8: 30605312 op, 10185.00 ns, 0.0003 ns/op
OverheadWarmup   9: 30605312 op, 10166.00 ns, 0.0003 ns/op

OverheadActual   1: 30605312 op, 10484.00 ns, 0.0003 ns/op
OverheadActual   2: 30605312 op, 11375.00 ns, 0.0004 ns/op
OverheadActual   3: 30605312 op, 12184.00 ns, 0.0004 ns/op
OverheadActual   4: 30605312 op, 11259.00 ns, 0.0004 ns/op
OverheadActual   5: 30605312 op, 10361.00 ns, 0.0003 ns/op
OverheadActual   6: 30605312 op, 10153.00 ns, 0.0003 ns/op
OverheadActual   7: 30605312 op, 10386.00 ns, 0.0003 ns/op
OverheadActual   8: 30605312 op, 13349.00 ns, 0.0004 ns/op
OverheadActual   9: 30605312 op, 10342.00 ns, 0.0003 ns/op
OverheadActual  10: 30605312 op, 10127.00 ns, 0.0003 ns/op
OverheadActual  11: 30605312 op, 10151.00 ns, 0.0003 ns/op
OverheadActual  12: 30605312 op, 10532.00 ns, 0.0003 ns/op
OverheadActual  13: 30605312 op, 11907.00 ns, 0.0004 ns/op
OverheadActual  14: 30605312 op, 12021.00 ns, 0.0004 ns/op
OverheadActual  15: 30605312 op, 12111.00 ns, 0.0004 ns/op
OverheadActual  16: 30605312 op, 10258.00 ns, 0.0003 ns/op
OverheadActual  17: 30605312 op, 10398.00 ns, 0.0003 ns/op
OverheadActual  18: 30605312 op, 10553.00 ns, 0.0003 ns/op
OverheadActual  19: 30605312 op, 10386.00 ns, 0.0003 ns/op
OverheadActual  20: 30605312 op, 10217.00 ns, 0.0003 ns/op

WorkloadWarmup   1: 30605312 op, 250199000.00 ns, 8.1750 ns/op
WorkloadWarmup   2: 30605312 op, 250345833.00 ns, 8.1798 ns/op
WorkloadWarmup   3: 30605312 op, 251237521.00 ns, 8.2090 ns/op
WorkloadWarmup   4: 30605312 op, 274604642.00 ns, 8.9725 ns/op
WorkloadWarmup   5: 30605312 op, 251870145.00 ns, 8.2296 ns/op
WorkloadWarmup   6: 30605312 op, 248392714.00 ns, 8.1160 ns/op
WorkloadWarmup   7: 30605312 op, 248160362.00 ns, 8.1084 ns/op
WorkloadWarmup   8: 30605312 op, 216976162.00 ns, 7.0895 ns/op
WorkloadWarmup   9: 30605312 op, 57190137.00 ns, 1.8686 ns/op
WorkloadWarmup  10: 30605312 op, 57749461.00 ns, 1.8869 ns/op
WorkloadWarmup  11: 30605312 op, 57417886.00 ns, 1.8761 ns/op
WorkloadWarmup  12: 30605312 op, 59680993.00 ns, 1.9500 ns/op
WorkloadWarmup  13: 30605312 op, 58595712.00 ns, 1.9146 ns/op
WorkloadWarmup  14: 30605312 op, 56866537.00 ns, 1.8581 ns/op
WorkloadWarmup  15: 30605312 op, 58141614.00 ns, 1.8997 ns/op
WorkloadWarmup  16: 30605312 op, 57183916.00 ns, 1.8684 ns/op

// BeforeActualRun
WorkloadActual   1: 30605312 op, 57264126.00 ns, 1.8711 ns/op
WorkloadActual   2: 30605312 op, 56554159.00 ns, 1.8479 ns/op
WorkloadActual   3: 30605312 op, 57252352.00 ns, 1.8707 ns/op
WorkloadActual   4: 30605312 op, 57550185.00 ns, 1.8804 ns/op
WorkloadActual   5: 30605312 op, 56202125.00 ns, 1.8364 ns/op
WorkloadActual   6: 30605312 op, 56930220.00 ns, 1.8601 ns/op
WorkloadActual   7: 30605312 op, 56143975.00 ns, 1.8345 ns/op
WorkloadActual   8: 30605312 op, 57249401.00 ns, 1.8706 ns/op
WorkloadActual   9: 30605312 op, 57458428.00 ns, 1.8774 ns/op
WorkloadActual  10: 30605312 op, 56343990.00 ns, 1.8410 ns/op
WorkloadActual  11: 30605312 op, 57265580.00 ns, 1.8711 ns/op
WorkloadActual  12: 30605312 op, 57286653.00 ns, 1.8718 ns/op

// AfterActualRun
WorkloadResult   1: 30605312 op, 57253685.00 ns, 1.8707 ns/op
WorkloadResult   2: 30605312 op, 56543718.00 ns, 1.8475 ns/op
WorkloadResult   3: 30605312 op, 57241911.00 ns, 1.8703 ns/op
WorkloadResult   4: 30605312 op, 57539744.00 ns, 1.8801 ns/op
WorkloadResult   5: 30605312 op, 56191684.00 ns, 1.8360 ns/op
WorkloadResult   6: 30605312 op, 56919779.00 ns, 1.8598 ns/op
WorkloadResult   7: 30605312 op, 56133534.00 ns, 1.8341 ns/op
WorkloadResult   8: 30605312 op, 57238960.00 ns, 1.8702 ns/op
WorkloadResult   9: 30605312 op, 57447987.00 ns, 1.8771 ns/op
WorkloadResult  10: 30605312 op, 56333549.00 ns, 1.8406 ns/op
WorkloadResult  11: 30605312 op, 57255139.00 ns, 1.8708 ns/op
WorkloadResult  12: 30605312 op, 57276212.00 ns, 1.8714 ns/op
// GC:  0 0 0 0 30605312
// Threading:  0 0 30605312

// AfterAll
// Benchmark Process 4190693 has exited with code 0.

Mean = 1.861 ns, StdErr = 0.005 ns (0.26%), N = 12, StdDev = 0.017 ns
Min = 1.834 ns, Q1 = 1.846 ns, Median = 1.870 ns, Q3 = 1.871 ns, Max = 1.880 ns
IQR = 0.025 ns, LowerFence = 1.808 ns, UpperFence = 1.909 ns
ConfidenceInterval = [1.839 ns; 1.882 ns] (CI 99.9%), Margin = 0.021 ns (1.14% of Mean)
Skewness = -0.5, Kurtosis = 1.45, MValue = 2

// ** Remained 48 (96.0%) benchmark(s) to run. Estimated finish 2026-09-12 13:27 (0h 4m from now) **
// **************************
// Benchmark: DataAuthoredQueryBenchmarks.DataAuthoredFacade: Jit(IterationCount=12, IterationTime=250ms, WarmupCount=16) [Shape=OneTrack, Pattern=Forward]
// *** Execute ***
// Launch: 1 / 1
// Execute: dotnet Alpha-Jit-1.dll --anonymousPipes 120 121 --benchmarkName "DataAuthoredQueryBenchmarks.DataAuthoredFacade(Shape: OneTrack, Pattern: Forward)" --job Jit --benchmarkId 2 in /home/i/GitHub/tl-56-feat-data-authored-api/benchmarks/Alpha/bin/Release/net10.0/Alpha-Jit-1/bin/Release/net10.0
// Failed to set up high priority (Permission denied). In order to run benchmarks with high priority, make sure you have the right permissions.
// BeforeAnythingElse

// Benchmark Process Environment Information:
// BenchmarkDotNet v0.15.8
// Runtime=.NET 10.0.12 (10.0.12, 10.0.1226.42308), X64 RyuJIT x86-64-v3
// GC=Concurrent Workstation
// HardwareIntrinsics=AVX2+BMI1+BMI2+F16C+FMA+LZCNT+MOVBE,AVX,SSE3+SSSE3+SSE4.1+SSE4.2+POPCNT,X86Base+SSE+SSE2,AES+PCLMUL,AvxVnni,SERIALIZE VectorSize=256
// Job: Jit(IterationCount=12, IterationTime=250ms, WarmupCount=16)

OverheadJitting  1: 4096 op, 109599.00 ns, 26.7576 ns/op
WorkloadJitting  1: 4096 op, 269551.00 ns, 65.8083 ns/op

OverheadJitting  2: 65536 op, 123259.00 ns, 1.8808 ns/op
WorkloadJitting  2: 65536 op, 2100594.00 ns, 32.0525 ns/op

WorkloadPilot    1: 65536 op, 1878367.00 ns, 28.6616 ns/op
WorkloadPilot    2: 8781824 op, 245524815.00 ns, 27.9583 ns/op
WorkloadPilot    3: 8978432 op, 247089213.00 ns, 27.5203 ns/op
WorkloadPilot    4: 9109504 op, 252531874.00 ns, 27.7218 ns/op
WorkloadPilot    5: 9043968 op, 254132296.00 ns, 28.0996 ns/op
WorkloadPilot    6: 8912896 op, 246278641.00 ns, 27.6317 ns/op
WorkloadPilot    7: 9109504 op, 251090075.00 ns, 27.5635 ns/op

OverheadWarmup   1: 9109504 op, 3624.00 ns, 0.0004 ns/op
OverheadWarmup   2: 9109504 op, 3249.00 ns, 0.0004 ns/op
OverheadWarmup   3: 9109504 op, 3135.00 ns, 0.0003 ns/op
OverheadWarmup   4: 9109504 op, 3118.00 ns, 0.0003 ns/op
OverheadWarmup   5: 9109504 op, 3170.00 ns, 0.0003 ns/op
OverheadWarmup   6: 9109504 op, 3107.00 ns, 0.0003 ns/op
OverheadWarmup   7: 9109504 op, 3099.00 ns, 0.0003 ns/op
OverheadWarmup   8: 9109504 op, 3106.00 ns, 0.0003 ns/op
OverheadWarmup   9: 9109504 op, 3118.00 ns, 0.0003 ns/op
OverheadWarmup  10: 9109504 op, 3167.00 ns, 0.0003 ns/op

OverheadActual   1: 9109504 op, 3416.00 ns, 0.0004 ns/op
OverheadActual   2: 9109504 op, 3275.00 ns, 0.0004 ns/op
OverheadActual   3: 9109504 op, 3283.00 ns, 0.0004 ns/op
OverheadActual   4: 9109504 op, 3192.00 ns, 0.0004 ns/op
OverheadActual   5: 9109504 op, 3264.00 ns, 0.0004 ns/op
OverheadActual   6: 9109504 op, 3053.00 ns, 0.0003 ns/op
OverheadActual   7: 9109504 op, 3071.00 ns, 0.0003 ns/op
OverheadActual   8: 9109504 op, 3046.00 ns, 0.0003 ns/op
OverheadActual   9: 9109504 op, 3044.00 ns, 0.0003 ns/op
OverheadActual  10: 9109504 op, 3036.00 ns, 0.0003 ns/op
OverheadActual  11: 9109504 op, 3068.00 ns, 0.0003 ns/op
OverheadActual  12: 9109504 op, 3052.00 ns, 0.0003 ns/op
OverheadActual  13: 9109504 op, 3113.00 ns, 0.0003 ns/op
OverheadActual  14: 9109504 op, 3082.00 ns, 0.0003 ns/op
OverheadActual  15: 9109504 op, 3487.00 ns, 0.0004 ns/op

WorkloadWarmup   1: 9109504 op, 251853835.00 ns, 27.6474 ns/op
WorkloadWarmup   2: 9109504 op, 292222748.00 ns, 32.0789 ns/op
WorkloadWarmup   3: 9109504 op, 254167420.00 ns, 27.9013 ns/op
WorkloadWarmup   4: 9109504 op, 249902421.00 ns, 27.4332 ns/op
WorkloadWarmup   5: 9109504 op, 250467356.00 ns, 27.4952 ns/op
WorkloadWarmup   6: 9109504 op, 189078956.00 ns, 20.7562 ns/op
WorkloadWarmup   7: 9109504 op, 113961645.00 ns, 12.5102 ns/op
WorkloadWarmup   8: 9109504 op, 113561040.00 ns, 12.4662 ns/op
WorkloadWarmup   9: 9109504 op, 113347947.00 ns, 12.4428 ns/op
WorkloadWarmup  10: 9109504 op, 113882555.00 ns, 12.5015 ns/op
WorkloadWarmup  11: 9109504 op, 114514864.00 ns, 12.5709 ns/op
WorkloadWarmup  12: 9109504 op, 119873433.00 ns, 13.1592 ns/op
WorkloadWarmup  13: 9109504 op, 114060914.00 ns, 12.5211 ns/op
WorkloadWarmup  14: 9109504 op, 113686967.00 ns, 12.4800 ns/op
WorkloadWarmup  15: 9109504 op, 124452287.00 ns, 13.6618 ns/op
WorkloadWarmup  16: 9109504 op, 120689914.00 ns, 13.2488 ns/op

// BeforeActualRun
WorkloadActual   1: 9109504 op, 113294395.00 ns, 12.4369 ns/op
WorkloadActual   2: 9109504 op, 113036544.00 ns, 12.4086 ns/op
WorkloadActual   3: 9109504 op, 113869252.00 ns, 12.5000 ns/op
WorkloadActual   4: 9109504 op, 113664489.00 ns, 12.4776 ns/op
WorkloadActual   5: 9109504 op, 112711522.00 ns, 12.3730 ns/op
WorkloadActual   6: 9109504 op, 112467358.00 ns, 12.3462 ns/op
WorkloadActual   7: 9109504 op, 113306174.00 ns, 12.4382 ns/op
WorkloadActual   8: 9109504 op, 113624442.00 ns, 12.4732 ns/op
WorkloadActual   9: 9109504 op, 113551559.00 ns, 12.4652 ns/op
WorkloadActual  10: 9109504 op, 114732240.00 ns, 12.5948 ns/op
WorkloadActual  11: 9109504 op, 113414514.00 ns, 12.4501 ns/op
WorkloadActual  12: 9109504 op, 114578640.00 ns, 12.5779 ns/op

// AfterActualRun
WorkloadResult   1: 9109504 op, 113291313.00 ns, 12.4366 ns/op
WorkloadResult   2: 9109504 op, 113033462.00 ns, 12.4083 ns/op
WorkloadResult   3: 9109504 op, 113866170.00 ns, 12.4997 ns/op
WorkloadResult   4: 9109504 op, 113661407.00 ns, 12.4772 ns/op
WorkloadResult   5: 9109504 op, 112708440.00 ns, 12.3726 ns/op
WorkloadResult   6: 9109504 op, 112464276.00 ns, 12.3458 ns/op
WorkloadResult   7: 9109504 op, 113303092.00 ns, 12.4379 ns/op
WorkloadResult   8: 9109504 op, 113621360.00 ns, 12.4728 ns/op
WorkloadResult   9: 9109504 op, 113548477.00 ns, 12.4648 ns/op
WorkloadResult  10: 9109504 op, 113411432.00 ns, 12.4498 ns/op
// GC:  0 0 0 0 9109504
// Threading:  0 0 9109504

// AfterAll
// Benchmark Process 1242 has exited with code 0.

Mean = 12.437 ns, StdErr = 0.015 ns (0.12%), N = 10, StdDev = 0.048 ns
Min = 12.346 ns, Q1 = 12.415 ns, Median = 12.444 ns, Q3 = 12.471 ns, Max = 12.500 ns
IQR = 0.055 ns, LowerFence = 12.332 ns, UpperFence = 12.554 ns
ConfidenceInterval = [12.363 ns; 12.510 ns] (CI 99.9%), Margin = 0.073 ns (0.59% of Mean)
Skewness = -0.57, Kurtosis = 1.94, MValue = 2

// ** Remained 47 (94.0%) benchmark(s) to run. Estimated finish 2026-09-12 13:27 (0h 4m from now) **
// **************************
// Benchmark: DataAuthoredQueryBenchmarks.FacadeSelectOnly: Jit(IterationCount=12, IterationTime=250ms, WarmupCount=16) [Shape=OneTrack, Pattern=Forward]
// *** Execute ***
// Launch: 1 / 1
// Execute: dotnet Alpha-Jit-1.dll --anonymousPipes 120 121 --benchmarkName "DataAuthoredQueryBenchmarks.FacadeSelectOnly(Shape: OneTrack, Pattern: Forward)" --job Jit --benchmarkId 3 in /home/i/GitHub/tl-56-feat-data-authored-api/benchmarks/Alpha/bin/Release/net10.0/Alpha-Jit-1/bin/Release/net10.0
// Failed to set up high priority (Permission denied). In order to run benchmarks with high priority, make sure you have the right permissions.
// BeforeAnythingElse

// Benchmark Process Environment Information:
// BenchmarkDotNet v0.15.8
// Runtime=.NET 10.0.12 (10.0.12, 10.0.1226.42308), X64 RyuJIT x86-64-v3
// GC=Concurrent Workstation
// HardwareIntrinsics=AVX2+BMI1+BMI2+F16C+FMA+LZCNT+MOVBE,AVX,SSE3+SSSE3+SSE4.1+SSE4.2+POPCNT,X86Base+SSE+SSE2,AES+PCLMUL,AvxVnni,SERIALIZE VectorSize=256
// Job: Jit(IterationCount=12, IterationTime=250ms, WarmupCount=16)

OverheadJitting  1: 4096 op, 110948.00 ns, 27.0869 ns/op
WorkloadJitting  1: 4096 op, 196847.00 ns, 48.0583 ns/op

OverheadJitting  2: 65536 op, 120679.00 ns, 1.8414 ns/op
WorkloadJitting  2: 65536 op, 1210354.00 ns, 18.4685 ns/op

WorkloadPilot    1: 65536 op, 1493721.00 ns, 22.7924 ns/op
WorkloadPilot    2: 11010048 op, 159693708.00 ns, 14.5044 ns/op
WorkloadPilot    3: 17235968 op, 251294196.00 ns, 14.5796 ns/op
WorkloadPilot    4: 17170432 op, 249916238.00 ns, 14.5550 ns/op
WorkloadPilot    5: 17235968 op, 252170224.00 ns, 14.6305 ns/op
WorkloadPilot    6: 17104896 op, 293985814.00 ns, 17.1872 ns/op

OverheadWarmup   1: 17104896 op, 6356.00 ns, 0.0004 ns/op
OverheadWarmup   2: 17104896 op, 5889.00 ns, 0.0003 ns/op
OverheadWarmup   3: 17104896 op, 5714.00 ns, 0.0003 ns/op
OverheadWarmup   4: 17104896 op, 5710.00 ns, 0.0003 ns/op
OverheadWarmup   5: 17104896 op, 5710.00 ns, 0.0003 ns/op
OverheadWarmup   6: 17104896 op, 5700.00 ns, 0.0003 ns/op
OverheadWarmup   7: 17104896 op, 5788.00 ns, 0.0003 ns/op
OverheadWarmup   8: 17104896 op, 5693.00 ns, 0.0003 ns/op

OverheadActual   1: 17104896 op, 5816.00 ns, 0.0003 ns/op
OverheadActual   2: 17104896 op, 5827.00 ns, 0.0003 ns/op
OverheadActual   3: 17104896 op, 5899.00 ns, 0.0003 ns/op
OverheadActual   4: 17104896 op, 5722.00 ns, 0.0003 ns/op
OverheadActual   5: 17104896 op, 5930.00 ns, 0.0003 ns/op
OverheadActual   6: 17104896 op, 5693.00 ns, 0.0003 ns/op
OverheadActual   7: 17104896 op, 5696.00 ns, 0.0003 ns/op
OverheadActual   8: 17104896 op, 5728.00 ns, 0.0003 ns/op
OverheadActual   9: 17104896 op, 5690.00 ns, 0.0003 ns/op
OverheadActual  10: 17104896 op, 5714.00 ns, 0.0003 ns/op
OverheadActual  11: 17104896 op, 5752.00 ns, 0.0003 ns/op
OverheadActual  12: 17104896 op, 5736.00 ns, 0.0003 ns/op
OverheadActual  13: 17104896 op, 5854.00 ns, 0.0003 ns/op
OverheadActual  14: 17104896 op, 5817.00 ns, 0.0003 ns/op
OverheadActual  15: 17104896 op, 5846.00 ns, 0.0003 ns/op

WorkloadWarmup   1: 17104896 op, 256144792.00 ns, 14.9749 ns/op
WorkloadWarmup   2: 17104896 op, 248345021.00 ns, 14.5189 ns/op
WorkloadWarmup   3: 17104896 op, 248756838.00 ns, 14.5430 ns/op
WorkloadWarmup   4: 17104896 op, 248825098.00 ns, 14.5470 ns/op
WorkloadWarmup   5: 17104896 op, 246400499.00 ns, 14.4053 ns/op
WorkloadWarmup   6: 17104896 op, 249217399.00 ns, 14.5699 ns/op
WorkloadWarmup   7: 17104896 op, 241469322.00 ns, 14.1170 ns/op
WorkloadWarmup   8: 17104896 op, 167330310.00 ns, 9.7826 ns/op
WorkloadWarmup   9: 17104896 op, 169422867.00 ns, 9.9049 ns/op
WorkloadWarmup  10: 17104896 op, 163389695.00 ns, 9.5522 ns/op
WorkloadWarmup  11: 17104896 op, 165943709.00 ns, 9.7015 ns/op
WorkloadWarmup  12: 17104896 op, 165840374.00 ns, 9.6955 ns/op
WorkloadWarmup  13: 17104896 op, 174485719.00 ns, 10.2009 ns/op
WorkloadWarmup  14: 17104896 op, 168881803.00 ns, 9.8733 ns/op
WorkloadWarmup  15: 17104896 op, 172282171.00 ns, 10.0721 ns/op
WorkloadWarmup  16: 17104896 op, 167963794.00 ns, 9.8196 ns/op

// BeforeActualRun
WorkloadActual   1: 17104896 op, 168701787.00 ns, 9.8628 ns/op
WorkloadActual   2: 17104896 op, 167021342.00 ns, 9.7645 ns/op
WorkloadActual   3: 17104896 op, 167527121.00 ns, 9.7941 ns/op
WorkloadActual   4: 17104896 op, 173558717.00 ns, 10.1467 ns/op
WorkloadActual   5: 17104896 op, 170913410.00 ns, 9.9921 ns/op
WorkloadActual   6: 17104896 op, 169991796.00 ns, 9.9382 ns/op
WorkloadActual   7: 17104896 op, 169681784.00 ns, 9.9201 ns/op
WorkloadActual   8: 17104896 op, 167528409.00 ns, 9.7942 ns/op
WorkloadActual   9: 17104896 op, 169041484.00 ns, 9.8826 ns/op
WorkloadActual  10: 17104896 op, 167245212.00 ns, 9.7776 ns/op
WorkloadActual  11: 17104896 op, 190513880.00 ns, 11.1380 ns/op
WorkloadActual  12: 17104896 op, 171041540.00 ns, 9.9996 ns/op

// AfterActualRun
WorkloadResult   1: 17104896 op, 168696035.00 ns, 9.8624 ns/op
WorkloadResult   2: 17104896 op, 167015590.00 ns, 9.7642 ns/op
WorkloadResult   3: 17104896 op, 167521369.00 ns, 9.7938 ns/op
WorkloadResult   4: 17104896 op, 173552965.00 ns, 10.1464 ns/op
WorkloadResult   5: 17104896 op, 170907658.00 ns, 9.9917 ns/op
WorkloadResult   6: 17104896 op, 169986044.00 ns, 9.9379 ns/op
WorkloadResult   7: 17104896 op, 169676032.00 ns, 9.9197 ns/op
WorkloadResult   8: 17104896 op, 167522657.00 ns, 9.7938 ns/op
WorkloadResult   9: 17104896 op, 169035732.00 ns, 9.8823 ns/op
WorkloadResult  10: 17104896 op, 167239460.00 ns, 9.7773 ns/op
WorkloadResult  11: 17104896 op, 171035788.00 ns, 9.9992 ns/op
// GC:  0 0 0 0 17104896
// Threading:  0 0 17104896

// AfterAll
// Benchmark Process 7572 has exited with code 0.

Mean = 9.897 ns, StdErr = 0.035 ns (0.36%), N = 11, StdDev = 0.118 ns
Min = 9.764 ns, Q1 = 9.794 ns, Median = 9.882 ns, Q3 = 9.965 ns, Max = 10.146 ns
IQR = 0.171 ns, LowerFence = 9.537 ns, UpperFence = 10.221 ns
ConfidenceInterval = [9.734 ns; 10.060 ns] (CI 99.9%), Margin = 0.163 ns (1.64% of Mean)
Skewness = 0.62, Kurtosis = 2.27, MValue = 2

// ** Remained 46 (92.0%) benchmark(s) to run. Estimated finish 2026-09-12 13:27 (0h 4m from now) **
// **************************
// Benchmark: DataAuthoredQueryBenchmarks.FacadeNoDispatch: Jit(IterationCount=12, IterationTime=250ms, WarmupCount=16) [Shape=OneTrack, Pattern=Forward]
// *** Execute ***
// Launch: 1 / 1
// Execute: dotnet Alpha-Jit-1.dll --anonymousPipes 120 121 --benchmarkName "DataAuthoredQueryBenchmarks.FacadeNoDispatch(Shape: OneTrack, Pattern: Forward)" --job Jit --benchmarkId 4 in /home/i/GitHub/tl-56-feat-data-authored-api/benchmarks/Alpha/bin/Release/net10.0/Alpha-Jit-1/bin/Release/net10.0
// Failed to set up high priority (Permission denied). In order to run benchmarks with high priority, make sure you have the right permissions.
// BeforeAnythingElse

// Benchmark Process Environment Information:
// BenchmarkDotNet v0.15.8
// Runtime=.NET 10.0.12 (10.0.12, 10.0.1226.42308), X64 RyuJIT x86-64-v3
// GC=Concurrent Workstation
// HardwareIntrinsics=AVX2+BMI1+BMI2+F16C+FMA+LZCNT+MOVBE,AVX,SSE3+SSSE3+SSE4.1+SSE4.2+POPCNT,X86Base+SSE+SSE2,AES+PCLMUL,AvxVnni,SERIALIZE VectorSize=256
// Job: Jit(IterationCount=12, IterationTime=250ms, WarmupCount=16)

OverheadJitting  1: 4096 op, 103010.00 ns, 25.1489 ns/op
WorkloadJitting  1: 4096 op, 206252.00 ns, 50.3545 ns/op

OverheadJitting  2: 65536 op, 123258.00 ns, 1.8808 ns/op
WorkloadJitting  2: 65536 op, 1287068.00 ns, 19.6391 ns/op

WorkloadPilot    1: 65536 op, 1115824.00 ns, 17.0261 ns/op
WorkloadPilot    2: 14745600 op, 241936328.00 ns, 16.4074 ns/op
WorkloadPilot    3: 15269888 op, 250582601.00 ns, 16.4102 ns/op

OverheadWarmup   1: 15269888 op, 5835.00 ns, 0.0004 ns/op
OverheadWarmup   2: 15269888 op, 5833.00 ns, 0.0004 ns/op
OverheadWarmup   3: 15269888 op, 5408.00 ns, 0.0004 ns/op
OverheadWarmup   4: 15269888 op, 5195.00 ns, 0.0003 ns/op
OverheadWarmup   5: 15269888 op, 5134.00 ns, 0.0003 ns/op
OverheadWarmup   6: 15269888 op, 5161.00 ns, 0.0003 ns/op
OverheadWarmup   7: 15269888 op, 6117.00 ns, 0.0004 ns/op
OverheadWarmup   8: 15269888 op, 5162.00 ns, 0.0003 ns/op
OverheadWarmup   9: 15269888 op, 5153.00 ns, 0.0003 ns/op
OverheadWarmup  10: 15269888 op, 5177.00 ns, 0.0003 ns/op

OverheadActual   1: 15269888 op, 5427.00 ns, 0.0004 ns/op
OverheadActual   2: 15269888 op, 5422.00 ns, 0.0004 ns/op
OverheadActual   3: 15269888 op, 5425.00 ns, 0.0004 ns/op
OverheadActual   4: 15269888 op, 5267.00 ns, 0.0003 ns/op
OverheadActual   5: 15269888 op, 5356.00 ns, 0.0004 ns/op
OverheadActual   6: 15269888 op, 5102.00 ns, 0.0003 ns/op
OverheadActual   7: 15269888 op, 5104.00 ns, 0.0003 ns/op
OverheadActual   8: 15269888 op, 5093.00 ns, 0.0003 ns/op
OverheadActual   9: 15269888 op, 5568.00 ns, 0.0004 ns/op
OverheadActual  10: 15269888 op, 5171.00 ns, 0.0003 ns/op
OverheadActual  11: 15269888 op, 5253.00 ns, 0.0003 ns/op
OverheadActual  12: 15269888 op, 6145.00 ns, 0.0004 ns/op
OverheadActual  13: 15269888 op, 5595.00 ns, 0.0004 ns/op
OverheadActual  14: 15269888 op, 5880.00 ns, 0.0004 ns/op
OverheadActual  15: 15269888 op, 5796.00 ns, 0.0004 ns/op
OverheadActual  16: 15269888 op, 5229.00 ns, 0.0003 ns/op
OverheadActual  17: 15269888 op, 5184.00 ns, 0.0003 ns/op
OverheadActual  18: 15269888 op, 5289.00 ns, 0.0003 ns/op

WorkloadWarmup   1: 15269888 op, 250606301.00 ns, 16.4118 ns/op
WorkloadWarmup   2: 15269888 op, 250019085.00 ns, 16.3733 ns/op
WorkloadWarmup   3: 15269888 op, 250468698.00 ns, 16.4028 ns/op
WorkloadWarmup   4: 15269888 op, 250209817.00 ns, 16.3858 ns/op
WorkloadWarmup   5: 15269888 op, 249397768.00 ns, 16.3327 ns/op
WorkloadWarmup   6: 15269888 op, 242429087.00 ns, 15.8763 ns/op
WorkloadWarmup   7: 15269888 op, 169930700.00 ns, 11.1285 ns/op
WorkloadWarmup   8: 15269888 op, 170209324.00 ns, 11.1467 ns/op
WorkloadWarmup   9: 15269888 op, 170766061.00 ns, 11.1832 ns/op
WorkloadWarmup  10: 15269888 op, 169280437.00 ns, 11.0859 ns/op
WorkloadWarmup  11: 15269888 op, 172289889.00 ns, 11.2830 ns/op
WorkloadWarmup  12: 15269888 op, 176911930.00 ns, 11.5857 ns/op
WorkloadWarmup  13: 15269888 op, 170592240.00 ns, 11.1718 ns/op
WorkloadWarmup  14: 15269888 op, 173615710.00 ns, 11.3698 ns/op
WorkloadWarmup  15: 15269888 op, 184683454.00 ns, 12.0946 ns/op
WorkloadWarmup  16: 15269888 op, 172940739.00 ns, 11.3256 ns/op

// BeforeActualRun
WorkloadActual   1: 15269888 op, 176208298.00 ns, 11.5396 ns/op
WorkloadActual   2: 15269888 op, 169576133.00 ns, 11.1053 ns/op
WorkloadActual   3: 15269888 op, 169817149.00 ns, 11.1210 ns/op
WorkloadActual   4: 15269888 op, 169481075.00 ns, 11.0990 ns/op
WorkloadActual   5: 15269888 op, 169217081.00 ns, 11.0817 ns/op
WorkloadActual   6: 15269888 op, 172748811.00 ns, 11.3130 ns/op
WorkloadActual   7: 15269888 op, 167295173.00 ns, 10.9559 ns/op
WorkloadActual   8: 15269888 op, 169065703.00 ns, 11.0718 ns/op
WorkloadActual   9: 15269888 op, 169467333.00 ns, 11.0981 ns/op
WorkloadActual  10: 15269888 op, 209062394.00 ns, 13.6912 ns/op
WorkloadActual  11: 15269888 op, 168507523.00 ns, 11.0353 ns/op
WorkloadActual  12: 15269888 op, 173050224.00 ns, 11.3328 ns/op

// AfterActualRun
WorkloadResult   1: 15269888 op, 176202975.50 ns, 11.5392 ns/op
WorkloadResult   2: 15269888 op, 169570810.50 ns, 11.1049 ns/op
WorkloadResult   3: 15269888 op, 169811826.50 ns, 11.1207 ns/op
WorkloadResult   4: 15269888 op, 169475752.50 ns, 11.0987 ns/op
WorkloadResult   5: 15269888 op, 169211758.50 ns, 11.0814 ns/op
WorkloadResult   6: 15269888 op, 172743488.50 ns, 11.3127 ns/op
WorkloadResult   7: 15269888 op, 167289850.50 ns, 10.9555 ns/op
WorkloadResult   8: 15269888 op, 169060380.50 ns, 11.0715 ns/op
WorkloadResult   9: 15269888 op, 169462010.50 ns, 11.0978 ns/op
WorkloadResult  10: 15269888 op, 168502200.50 ns, 11.0349 ns/op
WorkloadResult  11: 15269888 op, 173044901.50 ns, 11.3324 ns/op
// GC:  0 0 0 0 15269888
// Threading:  0 0 15269888

// AfterAll
// Benchmark Process 14208 has exited with code 0.

Mean = 11.159 ns, StdErr = 0.051 ns (0.45%), N = 11, StdDev = 0.167 ns
Min = 10.956 ns, Q1 = 11.076 ns, Median = 11.099 ns, Q3 = 11.217 ns, Max = 11.539 ns
IQR = 0.140 ns, LowerFence = 10.866 ns, UpperFence = 11.427 ns
ConfidenceInterval = [10.927 ns; 11.391 ns] (CI 99.9%), Margin = 0.232 ns (2.08% of Mean)
Skewness = 1, Kurtosis = 2.82, MValue = 2

// ** Remained 45 (90.0%) benchmark(s) to run. Estimated finish 2026-09-12 13:27 (0h 4m from now) **
// **************************
// Benchmark: DataAuthoredQueryBenchmarks.DirectShape: Jit(IterationCount=12, IterationTime=250ms, WarmupCount=16) [Shape=OneTrack, Pattern=Alternating]
// *** Execute ***
// Launch: 1 / 1
// Execute: dotnet Alpha-Jit-1.dll --anonymousPipes 120 121 --benchmarkName "DataAuthoredQueryBenchmarks.DirectShape(Shape: OneTrack, Pattern: Alternating)" --job Jit --benchmarkId 5 in /home/i/GitHub/tl-56-feat-data-authored-api/benchmarks/Alpha/bin/Release/net10.0/Alpha-Jit-1/bin/Release/net10.0
// Failed to set up high priority (Permission denied). In order to run benchmarks with high priority, make sure you have the right permissions.
// BeforeAnythingElse

// Benchmark Process Environment Information:
// BenchmarkDotNet v0.15.8
// Runtime=.NET 10.0.12 (10.0.12, 10.0.1226.42308), X64 RyuJIT x86-64-v3
// GC=Concurrent Workstation
// HardwareIntrinsics=AVX2+BMI1+BMI2+F16C+FMA+LZCNT+MOVBE,AVX,SSE3+SSSE3+SSE4.1+SSE4.2+POPCNT,X86Base+SSE+SSE2,AES+PCLMUL,AvxVnni,SERIALIZE VectorSize=256
// Job: Jit(IterationCount=12, IterationTime=250ms, WarmupCount=16)

OverheadJitting  1: 4096 op, 107833.00 ns, 26.3264 ns/op
WorkloadJitting  1: 4096 op, 1021098.00 ns, 249.2915 ns/op

OverheadJitting  2: 65536 op, 130220.00 ns, 1.9870 ns/op
WorkloadJitting  2: 65536 op, 377727.00 ns, 5.7637 ns/op

WorkloadPilot    1: 65536 op, 224611.00 ns, 3.4273 ns/op
WorkloadPilot    2: 73007104 op, 206756040.00 ns, 2.8320 ns/op
WorkloadPilot    3: 88276992 op, 248911971.00 ns, 2.8197 ns/op
WorkloadPilot    4: 88670208 op, 251761546.00 ns, 2.8393 ns/op
WorkloadPilot    5: 88080384 op, 249893719.00 ns, 2.8371 ns/op
WorkloadPilot    6: 88145920 op, 275430497.00 ns, 3.1247 ns/op
WorkloadPilot    7: 80019456 op, 241869000.00 ns, 3.0226 ns/op
WorkloadPilot    8: 82771968 op, 273937500.00 ns, 3.3095 ns/op

OverheadWarmup   1: 82771968 op, 33072.00 ns, 0.0004 ns/op
OverheadWarmup   2: 82771968 op, 31944.00 ns, 0.0004 ns/op
OverheadWarmup   3: 82771968 op, 31773.00 ns, 0.0004 ns/op
OverheadWarmup   4: 82771968 op, 31752.00 ns, 0.0004 ns/op
OverheadWarmup   5: 82771968 op, 31768.00 ns, 0.0004 ns/op
OverheadWarmup   6: 82771968 op, 31779.00 ns, 0.0004 ns/op
OverheadWarmup   7: 82771968 op, 31771.00 ns, 0.0004 ns/op
OverheadWarmup   8: 82771968 op, 31753.00 ns, 0.0004 ns/op
OverheadWarmup   9: 82771968 op, 31770.00 ns, 0.0004 ns/op
OverheadWarmup  10: 82771968 op, 31772.00 ns, 0.0004 ns/op

OverheadActual   1: 82771968 op, 32042.00 ns, 0.0004 ns/op
OverheadActual   2: 82771968 op, 31545.00 ns, 0.0004 ns/op
OverheadActual   3: 82771968 op, 37106.00 ns, 0.0004 ns/op
OverheadActual   4: 82771968 op, 35346.00 ns, 0.0004 ns/op
OverheadActual   5: 82771968 op, 33717.00 ns, 0.0004 ns/op
OverheadActual   6: 82771968 op, 31799.00 ns, 0.0004 ns/op
OverheadActual   7: 82771968 op, 31732.00 ns, 0.0004 ns/op
OverheadActual   8: 82771968 op, 31749.00 ns, 0.0004 ns/op
OverheadActual   9: 82771968 op, 31751.00 ns, 0.0004 ns/op
OverheadActual  10: 82771968 op, 31776.00 ns, 0.0004 ns/op
OverheadActual  11: 82771968 op, 31761.00 ns, 0.0004 ns/op
OverheadActual  12: 82771968 op, 31769.00 ns, 0.0004 ns/op
OverheadActual  13: 82771968 op, 31182.00 ns, 0.0004 ns/op
OverheadActual  14: 82771968 op, 31206.00 ns, 0.0004 ns/op
OverheadActual  15: 82771968 op, 33510.00 ns, 0.0004 ns/op

WorkloadWarmup   1: 82771968 op, 280872977.00 ns, 3.3933 ns/op
WorkloadWarmup   2: 82771968 op, 243659491.00 ns, 2.9437 ns/op
WorkloadWarmup   3: 82771968 op, 235923710.00 ns, 2.8503 ns/op
WorkloadWarmup   4: 82771968 op, 236040611.00 ns, 2.8517 ns/op
WorkloadWarmup   5: 82771968 op, 191875745.00 ns, 2.3181 ns/op
WorkloadWarmup   6: 82771968 op, 111206028.00 ns, 1.3435 ns/op
WorkloadWarmup   7: 82771968 op, 112925534.00 ns, 1.3643 ns/op
WorkloadWarmup   8: 82771968 op, 112059626.00 ns, 1.3538 ns/op
WorkloadWarmup   9: 82771968 op, 112804162.00 ns, 1.3628 ns/op
WorkloadWarmup  10: 82771968 op, 112198013.00 ns, 1.3555 ns/op
WorkloadWarmup  11: 82771968 op, 111669239.00 ns, 1.3491 ns/op
WorkloadWarmup  12: 82771968 op, 109883985.00 ns, 1.3276 ns/op
WorkloadWarmup  13: 82771968 op, 113749475.00 ns, 1.3743 ns/op
WorkloadWarmup  14: 82771968 op, 111950984.00 ns, 1.3525 ns/op
WorkloadWarmup  15: 82771968 op, 110151676.00 ns, 1.3308 ns/op
WorkloadWarmup  16: 82771968 op, 109570393.00 ns, 1.3238 ns/op

// BeforeActualRun
WorkloadActual   1: 82771968 op, 113636643.00 ns, 1.3729 ns/op
WorkloadActual   2: 82771968 op, 111805281.00 ns, 1.3508 ns/op
WorkloadActual   3: 82771968 op, 113317845.00 ns, 1.3690 ns/op
WorkloadActual   4: 82771968 op, 115341460.00 ns, 1.3935 ns/op
WorkloadActual   5: 82771968 op, 110958122.00 ns, 1.3405 ns/op
WorkloadActual   6: 82771968 op, 110293404.00 ns, 1.3325 ns/op
WorkloadActual   7: 82771968 op, 111704315.00 ns, 1.3495 ns/op
WorkloadActual   8: 82771968 op, 110842881.00 ns, 1.3391 ns/op
WorkloadActual   9: 82771968 op, 109814910.00 ns, 1.3267 ns/op
WorkloadActual  10: 82771968 op, 110009350.00 ns, 1.3291 ns/op
WorkloadActual  11: 82771968 op, 110130967.00 ns, 1.3305 ns/op
WorkloadActual  12: 82771968 op, 111175037.00 ns, 1.3431 ns/op

// AfterActualRun
WorkloadResult   1: 82771968 op, 113604874.00 ns, 1.3725 ns/op
WorkloadResult   2: 82771968 op, 111773512.00 ns, 1.3504 ns/op
WorkloadResult   3: 82771968 op, 113286076.00 ns, 1.3687 ns/op
WorkloadResult   4: 82771968 op, 110926353.00 ns, 1.3401 ns/op
WorkloadResult   5: 82771968 op, 110261635.00 ns, 1.3321 ns/op
WorkloadResult   6: 82771968 op, 111672546.00 ns, 1.3492 ns/op
WorkloadResult   7: 82771968 op, 110811112.00 ns, 1.3388 ns/op
WorkloadResult   8: 82771968 op, 109783141.00 ns, 1.3263 ns/op
WorkloadResult   9: 82771968 op, 109977581.00 ns, 1.3287 ns/op
WorkloadResult  10: 82771968 op, 110099198.00 ns, 1.3302 ns/op
WorkloadResult  11: 82771968 op, 111143268.00 ns, 1.3428 ns/op
// GC:  0 0 0 0 82771968
// Threading:  0 0 82771968

// AfterAll
// Benchmark Process 20727 has exited with code 0.

Mean = 1.344 ns, StdErr = 0.005 ns (0.35%), N = 11, StdDev = 0.016 ns
Min = 1.326 ns, Q1 = 1.331 ns, Median = 1.340 ns, Q3 = 1.350 ns, Max = 1.373 ns
IQR = 0.019 ns, LowerFence = 1.303 ns, UpperFence = 1.378 ns
ConfidenceInterval = [1.322 ns; 1.365 ns] (CI 99.9%), Margin = 0.021 ns (1.60% of Mean)
Skewness = 0.67, Kurtosis = 2.01, MValue = 2

// ** Remained 44 (88.0%) benchmark(s) to run. Estimated finish 2026-09-12 13:27 (0h 4m from now) **
// **************************
// Benchmark: DataAuthoredQueryBenchmarks.GeneratedShape: Jit(IterationCount=12, IterationTime=250ms, WarmupCount=16) [Shape=OneTrack, Pattern=Alternating]
// *** Execute ***
// Launch: 1 / 1
// Execute: dotnet Alpha-Jit-1.dll --anonymousPipes 120 121 --benchmarkName "DataAuthoredQueryBenchmarks.GeneratedShape(Shape: OneTrack, Pattern: Alternating)" --job Jit --benchmarkId 6 in /home/i/GitHub/tl-56-feat-data-authored-api/benchmarks/Alpha/bin/Release/net10.0/Alpha-Jit-1/bin/Release/net10.0
// Failed to set up high priority (Permission denied). In order to run benchmarks with high priority, make sure you have the right permissions.
// BeforeAnythingElse

// Benchmark Process Environment Information:
// BenchmarkDotNet v0.15.8
// Runtime=.NET 10.0.12 (10.0.12, 10.0.1226.42308), X64 RyuJIT x86-64-v3
// GC=Concurrent Workstation
// HardwareIntrinsics=AVX2+BMI1+BMI2+F16C+FMA+LZCNT+MOVBE,AVX,SSE3+SSSE3+SSE4.1+SSE4.2+POPCNT,X86Base+SSE+SSE2,AES+PCLMUL,AvxVnni,SERIALIZE VectorSize=256
// Job: Jit(IterationCount=12, IterationTime=250ms, WarmupCount=16)

OverheadJitting  1: 4096 op, 124747.00 ns, 30.4558 ns/op
WorkloadJitting  1: 4096 op, 254511.00 ns, 62.1365 ns/op

OverheadJitting  2: 65536 op, 130185.00 ns, 1.9865 ns/op
WorkloadJitting  2: 65536 op, 1834293.00 ns, 27.9891 ns/op

WorkloadPilot    1: 65536 op, 635527.00 ns, 9.6974 ns/op
WorkloadPilot    2: 25821184 op, 224933840.00 ns, 8.7112 ns/op
WorkloadPilot    3: 28704768 op, 250331534.00 ns, 8.7209 ns/op

OverheadWarmup   1: 28704768 op, 11603.00 ns, 0.0004 ns/op
OverheadWarmup   2: 28704768 op, 11225.00 ns, 0.0004 ns/op
OverheadWarmup   3: 28704768 op, 10893.00 ns, 0.0004 ns/op
OverheadWarmup   4: 28704768 op, 11070.00 ns, 0.0004 ns/op
OverheadWarmup   5: 28704768 op, 11048.00 ns, 0.0004 ns/op
OverheadWarmup   6: 28704768 op, 11077.00 ns, 0.0004 ns/op
OverheadWarmup   7: 28704768 op, 11080.00 ns, 0.0004 ns/op
OverheadWarmup   8: 28704768 op, 11087.00 ns, 0.0004 ns/op
OverheadWarmup   9: 28704768 op, 11064.00 ns, 0.0004 ns/op

OverheadActual   1: 28704768 op, 11388.00 ns, 0.0004 ns/op
OverheadActual   2: 28704768 op, 11194.00 ns, 0.0004 ns/op
OverheadActual   3: 28704768 op, 13210.00 ns, 0.0005 ns/op
OverheadActual   4: 28704768 op, 11011.00 ns, 0.0004 ns/op
OverheadActual   5: 28704768 op, 11150.00 ns, 0.0004 ns/op
OverheadActual   6: 28704768 op, 10827.00 ns, 0.0004 ns/op
OverheadActual   7: 28704768 op, 10855.00 ns, 0.0004 ns/op
OverheadActual   8: 28704768 op, 10860.00 ns, 0.0004 ns/op
OverheadActual   9: 28704768 op, 10837.00 ns, 0.0004 ns/op
OverheadActual  10: 28704768 op, 10872.00 ns, 0.0004 ns/op
OverheadActual  11: 28704768 op, 10878.00 ns, 0.0004 ns/op
OverheadActual  12: 28704768 op, 10864.00 ns, 0.0004 ns/op
OverheadActual  13: 28704768 op, 10872.00 ns, 0.0004 ns/op
OverheadActual  14: 28704768 op, 10846.00 ns, 0.0004 ns/op
OverheadActual  15: 28704768 op, 10858.00 ns, 0.0004 ns/op

WorkloadWarmup   1: 28704768 op, 252314921.00 ns, 8.7900 ns/op
WorkloadWarmup   2: 28704768 op, 250802436.00 ns, 8.7373 ns/op
WorkloadWarmup   3: 28704768 op, 246510943.00 ns, 8.5878 ns/op
WorkloadWarmup   4: 28704768 op, 250049077.00 ns, 8.7111 ns/op
WorkloadWarmup   5: 28704768 op, 256158990.00 ns, 8.9239 ns/op
WorkloadWarmup   6: 28704768 op, 201102906.00 ns, 7.0059 ns/op
WorkloadWarmup   7: 28704768 op, 60576961.00 ns, 2.1103 ns/op
WorkloadWarmup   8: 28704768 op, 60518128.00 ns, 2.1083 ns/op
WorkloadWarmup   9: 28704768 op, 61122767.00 ns, 2.1294 ns/op
WorkloadWarmup  10: 28704768 op, 63205209.00 ns, 2.2019 ns/op
WorkloadWarmup  11: 28704768 op, 60685046.00 ns, 2.1141 ns/op
WorkloadWarmup  12: 28704768 op, 60587795.00 ns, 2.1107 ns/op
WorkloadWarmup  13: 28704768 op, 60951216.00 ns, 2.1234 ns/op
WorkloadWarmup  14: 28704768 op, 59287254.00 ns, 2.0654 ns/op
WorkloadWarmup  15: 28704768 op, 60228923.00 ns, 2.0982 ns/op
WorkloadWarmup  16: 28704768 op, 60583379.00 ns, 2.1106 ns/op

// BeforeActualRun
WorkloadActual   1: 28704768 op, 61114672.00 ns, 2.1291 ns/op
WorkloadActual   2: 28704768 op, 61170166.00 ns, 2.1310 ns/op
WorkloadActual   3: 28704768 op, 60347740.00 ns, 2.1024 ns/op
WorkloadActual   4: 28704768 op, 61049045.00 ns, 2.1268 ns/op
WorkloadActual   5: 28704768 op, 59724189.00 ns, 2.0806 ns/op
WorkloadActual   6: 28704768 op, 64008540.00 ns, 2.2299 ns/op
WorkloadActual   7: 28704768 op, 61036183.00 ns, 2.1263 ns/op
WorkloadActual   8: 28704768 op, 59357622.00 ns, 2.0679 ns/op
WorkloadActual   9: 28704768 op, 61704517.00 ns, 2.1496 ns/op
WorkloadActual  10: 28704768 op, 61272296.00 ns, 2.1346 ns/op
WorkloadActual  11: 28704768 op, 59703015.00 ns, 2.0799 ns/op
WorkloadActual  12: 28704768 op, 60805554.00 ns, 2.1183 ns/op

// AfterActualRun
WorkloadResult   1: 28704768 op, 61103800.00 ns, 2.1287 ns/op
WorkloadResult   2: 28704768 op, 61159294.00 ns, 2.1306 ns/op
WorkloadResult   3: 28704768 op, 60336868.00 ns, 2.1020 ns/op
WorkloadResult   4: 28704768 op, 61038173.00 ns, 2.1264 ns/op
WorkloadResult   5: 28704768 op, 59713317.00 ns, 2.0803 ns/op
WorkloadResult   6: 28704768 op, 61025311.00 ns, 2.1260 ns/op
WorkloadResult   7: 28704768 op, 59346750.00 ns, 2.0675 ns/op
WorkloadResult   8: 28704768 op, 61693645.00 ns, 2.1492 ns/op
WorkloadResult   9: 28704768 op, 61261424.00 ns, 2.1342 ns/op
WorkloadResult  10: 28704768 op, 59692143.00 ns, 2.0795 ns/op
WorkloadResult  11: 28704768 op, 60794682.00 ns, 2.1179 ns/op
// GC:  0 0 0 0 28704768
// Threading:  0 0 28704768

// AfterAll
// Benchmark Process 26662 has exited with code 0.

Mean = 2.113 ns, StdErr = 0.008 ns (0.38%), N = 11, StdDev = 0.027 ns
Min = 2.067 ns, Q1 = 2.091 ns, Median = 2.126 ns, Q3 = 2.130 ns, Max = 2.149 ns
IQR = 0.039 ns, LowerFence = 2.033 ns, UpperFence = 2.187 ns
ConfidenceInterval = [2.076 ns; 2.150 ns] (CI 99.9%), Margin = 0.037 ns (1.74% of Mean)
Skewness = -0.46, Kurtosis = 1.6, MValue = 2

// ** Remained 43 (86.0%) benchmark(s) to run. Estimated finish 2026-09-12 13:27 (0h 3m from now) **
// **************************
// Benchmark: DataAuthoredQueryBenchmarks.DataAuthoredFacade: Jit(IterationCount=12, IterationTime=250ms, WarmupCount=16) [Shape=OneTrack, Pattern=Alternating]
// *** Execute ***
// Launch: 1 / 1
// Execute: dotnet Alpha-Jit-1.dll --anonymousPipes 120 121 --benchmarkName "DataAuthoredQueryBenchmarks.DataAuthoredFacade(Shape: OneTrack, Pattern: Alternating)" --job Jit --benchmarkId 7 in /home/i/GitHub/tl-56-feat-data-authored-api/benchmarks/Alpha/bin/Release/net10.0/Alpha-Jit-1/bin/Release/net10.0
// Failed to set up high priority (Permission denied). In order to run benchmarks with high priority, make sure you have the right permissions.
// BeforeAnythingElse

// Benchmark Process Environment Information:
// BenchmarkDotNet v0.15.8
// Runtime=.NET 10.0.12 (10.0.12, 10.0.1226.42308), X64 RyuJIT x86-64-v3
// GC=Concurrent Workstation
// HardwareIntrinsics=AVX2+BMI1+BMI2+F16C+FMA+LZCNT+MOVBE,AVX,SSE3+SSSE3+SSE4.1+SSE4.2+POPCNT,X86Base+SSE+SSE2,AES+PCLMUL,AvxVnni,SERIALIZE VectorSize=256
// Job: Jit(IterationCount=12, IterationTime=250ms, WarmupCount=16)

OverheadJitting  1: 4096 op, 117605.00 ns, 28.7122 ns/op
WorkloadJitting  1: 4096 op, 262515.00 ns, 64.0906 ns/op

OverheadJitting  2: 65536 op, 127216.00 ns, 1.9412 ns/op
WorkloadJitting  2: 65536 op, 2129735.00 ns, 32.4972 ns/op

WorkloadPilot    1: 65536 op, 1875603.00 ns, 28.6194 ns/op
WorkloadPilot    2: 8781824 op, 249732838.00 ns, 28.4375 ns/op
WorkloadPilot    3: 8847360 op, 252616009.00 ns, 28.5527 ns/op
WorkloadPilot    4: 8781824 op, 250144225.00 ns, 28.4843 ns/op

OverheadWarmup   1: 8781824 op, 4007.00 ns, 0.0005 ns/op
OverheadWarmup   2: 8781824 op, 3506.00 ns, 0.0004 ns/op
OverheadWarmup   3: 8781824 op, 3439.00 ns, 0.0004 ns/op
OverheadWarmup   4: 8781824 op, 3425.00 ns, 0.0004 ns/op
OverheadWarmup   5: 8781824 op, 3386.00 ns, 0.0004 ns/op
OverheadWarmup   6: 8781824 op, 3358.00 ns, 0.0004 ns/op
OverheadWarmup   7: 8781824 op, 3370.00 ns, 0.0004 ns/op
OverheadWarmup   8: 8781824 op, 3366.00 ns, 0.0004 ns/op
OverheadWarmup   9: 8781824 op, 3370.00 ns, 0.0004 ns/op
OverheadWarmup  10: 8781824 op, 3354.00 ns, 0.0004 ns/op

OverheadActual   1: 8781824 op, 3690.00 ns, 0.0004 ns/op
OverheadActual   2: 8781824 op, 3792.00 ns, 0.0004 ns/op
OverheadActual   3: 8781824 op, 3943.00 ns, 0.0004 ns/op
OverheadActual   4: 8781824 op, 3767.00 ns, 0.0004 ns/op
OverheadActual   5: 8781824 op, 3952.00 ns, 0.0005 ns/op
OverheadActual   6: 8781824 op, 4068.00 ns, 0.0005 ns/op
OverheadActual   7: 8781824 op, 4170.00 ns, 0.0005 ns/op
OverheadActual   8: 8781824 op, 3519.00 ns, 0.0004 ns/op
OverheadActual   9: 8781824 op, 3449.00 ns, 0.0004 ns/op
OverheadActual  10: 8781824 op, 3451.00 ns, 0.0004 ns/op
OverheadActual  11: 8781824 op, 3384.00 ns, 0.0004 ns/op
OverheadActual  12: 8781824 op, 3356.00 ns, 0.0004 ns/op
OverheadActual  13: 8781824 op, 3376.00 ns, 0.0004 ns/op
OverheadActual  14: 8781824 op, 3357.00 ns, 0.0004 ns/op
OverheadActual  15: 8781824 op, 3377.00 ns, 0.0004 ns/op
OverheadActual  16: 8781824 op, 3371.00 ns, 0.0004 ns/op
OverheadActual  17: 8781824 op, 3351.00 ns, 0.0004 ns/op
OverheadActual  18: 8781824 op, 3546.00 ns, 0.0004 ns/op
OverheadActual  19: 8781824 op, 3422.00 ns, 0.0004 ns/op
OverheadActual  20: 8781824 op, 3402.00 ns, 0.0004 ns/op

WorkloadWarmup   1: 8781824 op, 248771812.00 ns, 28.3280 ns/op
WorkloadWarmup   2: 8781824 op, 247217815.00 ns, 28.1511 ns/op
WorkloadWarmup   3: 8781824 op, 248143683.00 ns, 28.2565 ns/op
WorkloadWarmup   4: 8781824 op, 247455844.00 ns, 28.1782 ns/op
WorkloadWarmup   5: 8781824 op, 199881955.00 ns, 22.7609 ns/op
WorkloadWarmup   6: 8781824 op, 111270696.00 ns, 12.6706 ns/op
WorkloadWarmup   7: 8781824 op, 110746129.00 ns, 12.6108 ns/op
WorkloadWarmup   8: 8781824 op, 111155737.00 ns, 12.6575 ns/op
WorkloadWarmup   9: 8781824 op, 110164726.00 ns, 12.5446 ns/op
WorkloadWarmup  10: 8781824 op, 111200342.00 ns, 12.6626 ns/op
WorkloadWarmup  11: 8781824 op, 110981098.00 ns, 12.6376 ns/op
WorkloadWarmup  12: 8781824 op, 111313866.00 ns, 12.6755 ns/op
WorkloadWarmup  13: 8781824 op, 111081401.00 ns, 12.6490 ns/op
WorkloadWarmup  14: 8781824 op, 121073532.00 ns, 13.7868 ns/op
WorkloadWarmup  15: 8781824 op, 110923402.00 ns, 12.6310 ns/op
WorkloadWarmup  16: 8781824 op, 110294225.00 ns, 12.5594 ns/op

// BeforeActualRun
WorkloadActual   1: 8781824 op, 110720284.00 ns, 12.6079 ns/op
WorkloadActual   2: 8781824 op, 110642542.00 ns, 12.5990 ns/op
WorkloadActual   3: 8781824 op, 111049167.00 ns, 12.6453 ns/op
WorkloadActual   4: 8781824 op, 111918759.00 ns, 12.7444 ns/op
WorkloadActual   5: 8781824 op, 110830522.00 ns, 12.6204 ns/op
WorkloadActual   6: 8781824 op, 110787786.00 ns, 12.6156 ns/op
WorkloadActual   7: 8781824 op, 111461202.00 ns, 12.6923 ns/op
WorkloadActual   8: 8781824 op, 113973946.00 ns, 12.9784 ns/op
WorkloadActual   9: 8781824 op, 115328544.00 ns, 13.1326 ns/op
WorkloadActual  10: 8781824 op, 110864923.00 ns, 12.6244 ns/op
WorkloadActual  11: 8781824 op, 110066089.00 ns, 12.5334 ns/op
WorkloadActual  12: 8781824 op, 111278763.00 ns, 12.6715 ns/op

// AfterActualRun
WorkloadResult   1: 8781824 op, 110716834.00 ns, 12.6075 ns/op
WorkloadResult   2: 8781824 op, 110639092.00 ns, 12.5986 ns/op
WorkloadResult   3: 8781824 op, 111045717.00 ns, 12.6449 ns/op
WorkloadResult   4: 8781824 op, 111915309.00 ns, 12.7440 ns/op
WorkloadResult   5: 8781824 op, 110827072.00 ns, 12.6201 ns/op
WorkloadResult   6: 8781824 op, 110784336.00 ns, 12.6152 ns/op
WorkloadResult   7: 8781824 op, 111457752.00 ns, 12.6919 ns/op
WorkloadResult   8: 8781824 op, 110861473.00 ns, 12.6240 ns/op
WorkloadResult   9: 8781824 op, 110062639.00 ns, 12.5330 ns/op
WorkloadResult  10: 8781824 op, 111275313.00 ns, 12.6711 ns/op
// GC:  0 0 0 0 8781824
// Threading:  0 0 8781824

// AfterAll
// Benchmark Process 30082 has exited with code 0.

Mean = 12.635 ns, StdErr = 0.018 ns (0.14%), N = 10, StdDev = 0.057 ns
Min = 12.533 ns, Q1 = 12.609 ns, Median = 12.622 ns, Q3 = 12.665 ns, Max = 12.744 ns
IQR = 0.055 ns, LowerFence = 12.527 ns, UpperFence = 12.747 ns
ConfidenceInterval = [12.548 ns; 12.722 ns] (CI 99.9%), Margin = 0.087 ns (0.69% of Mean)
Skewness = 0.2, Kurtosis = 2.42, MValue = 2

// ** Remained 42 (84.0%) benchmark(s) to run. Estimated finish 2026-09-12 13:27 (0h 3m from now) **
// **************************
// Benchmark: DataAuthoredQueryBenchmarks.FacadeSelectOnly: Jit(IterationCount=12, IterationTime=250ms, WarmupCount=16) [Shape=OneTrack, Pattern=Alternating]
// *** Execute ***
// Launch: 1 / 1
// Execute: dotnet Alpha-Jit-1.dll --anonymousPipes 120 121 --benchmarkName "DataAuthoredQueryBenchmarks.FacadeSelectOnly(Shape: OneTrack, Pattern: Alternating)" --job Jit --benchmarkId 8 in /home/i/GitHub/tl-56-feat-data-authored-api/benchmarks/Alpha/bin/Release/net10.0/Alpha-Jit-1/bin/Release/net10.0
// Failed to set up high priority (Permission denied). In order to run benchmarks with high priority, make sure you have the right permissions.
// BeforeAnythingElse

// Benchmark Process Environment Information:
// BenchmarkDotNet v0.15.8
// Runtime=.NET 10.0.12 (10.0.12, 10.0.1226.42308), X64 RyuJIT x86-64-v3
// GC=Concurrent Workstation
// HardwareIntrinsics=AVX2+BMI1+BMI2+F16C+FMA+LZCNT+MOVBE,AVX,SSE3+SSSE3+SSE4.1+SSE4.2+POPCNT,X86Base+SSE+SSE2,AES+PCLMUL,AvxVnni,SERIALIZE VectorSize=256
// Job: Jit(IterationCount=12, IterationTime=250ms, WarmupCount=16)

OverheadJitting  1: 4096 op, 104703.00 ns, 25.5623 ns/op
WorkloadJitting  1: 4096 op, 241840.00 ns, 59.0430 ns/op

OverheadJitting  2: 65536 op, 128190.00 ns, 1.9560 ns/op
WorkloadJitting  2: 65536 op, 1328431.00 ns, 20.2702 ns/op

WorkloadPilot    1: 65536 op, 1616575.00 ns, 24.6670 ns/op
WorkloadPilot    2: 10158080 op, 160076195.00 ns, 15.7585 ns/op
WorkloadPilot    3: 15925248 op, 255494901.00 ns, 16.0434 ns/op
WorkloadPilot    4: 15597568 op, 252314553.00 ns, 16.1765 ns/op
WorkloadPilot    5: 15466496 op, 261590856.00 ns, 16.9134 ns/op

OverheadWarmup   1: 15466496 op, 6523.00 ns, 0.0004 ns/op
OverheadWarmup   2: 15466496 op, 5934.00 ns, 0.0004 ns/op
OverheadWarmup   3: 15466496 op, 10198.00 ns, 0.0007 ns/op
OverheadWarmup   4: 15466496 op, 5895.00 ns, 0.0004 ns/op
OverheadWarmup   5: 15466496 op, 5888.00 ns, 0.0004 ns/op
OverheadWarmup   6: 15466496 op, 5876.00 ns, 0.0004 ns/op
OverheadWarmup   7: 15466496 op, 5850.00 ns, 0.0004 ns/op
OverheadWarmup   8: 15466496 op, 5869.00 ns, 0.0004 ns/op
OverheadWarmup   9: 15466496 op, 5874.00 ns, 0.0004 ns/op
OverheadWarmup  10: 15466496 op, 5875.00 ns, 0.0004 ns/op

OverheadActual   1: 15466496 op, 6353.00 ns, 0.0004 ns/op
OverheadActual   2: 15466496 op, 6310.00 ns, 0.0004 ns/op
OverheadActual   3: 15466496 op, 6507.00 ns, 0.0004 ns/op
OverheadActual   4: 15466496 op, 5918.00 ns, 0.0004 ns/op
OverheadActual   5: 15466496 op, 6378.00 ns, 0.0004 ns/op
OverheadActual   6: 15466496 op, 5897.00 ns, 0.0004 ns/op
OverheadActual   7: 15466496 op, 5875.00 ns, 0.0004 ns/op
OverheadActual   8: 15466496 op, 5871.00 ns, 0.0004 ns/op
OverheadActual   9: 15466496 op, 5873.00 ns, 0.0004 ns/op
OverheadActual  10: 15466496 op, 5892.00 ns, 0.0004 ns/op
OverheadActual  11: 15466496 op, 10555.00 ns, 0.0007 ns/op
OverheadActual  12: 15466496 op, 5905.00 ns, 0.0004 ns/op
OverheadActual  13: 15466496 op, 6765.00 ns, 0.0004 ns/op
OverheadActual  14: 15466496 op, 6626.00 ns, 0.0004 ns/op
OverheadActual  15: 15466496 op, 7638.00 ns, 0.0005 ns/op
OverheadActual  16: 15466496 op, 6568.00 ns, 0.0004 ns/op
OverheadActual  17: 15466496 op, 7185.00 ns, 0.0005 ns/op
OverheadActual  18: 15466496 op, 6192.00 ns, 0.0004 ns/op
OverheadActual  19: 15466496 op, 5897.00 ns, 0.0004 ns/op
OverheadActual  20: 15466496 op, 5898.00 ns, 0.0004 ns/op

WorkloadWarmup   1: 15466496 op, 252510679.00 ns, 16.3263 ns/op
WorkloadWarmup   2: 15466496 op, 251215577.00 ns, 16.2426 ns/op
WorkloadWarmup   3: 15466496 op, 250634390.00 ns, 16.2050 ns/op
WorkloadWarmup   4: 15466496 op, 250598034.00 ns, 16.2026 ns/op
WorkloadWarmup   5: 15466496 op, 252133632.00 ns, 16.3019 ns/op
WorkloadWarmup   6: 15466496 op, 253505678.00 ns, 16.3906 ns/op
WorkloadWarmup   7: 15466496 op, 251154816.00 ns, 16.2386 ns/op
WorkloadWarmup   8: 15466496 op, 246174795.00 ns, 15.9166 ns/op
WorkloadWarmup   9: 15466496 op, 159265596.00 ns, 10.2975 ns/op
WorkloadWarmup  10: 15466496 op, 161197453.00 ns, 10.4224 ns/op
WorkloadWarmup  11: 15466496 op, 161730269.00 ns, 10.4568 ns/op
WorkloadWarmup  12: 15466496 op, 160845067.00 ns, 10.3996 ns/op
WorkloadWarmup  13: 15466496 op, 162302133.00 ns, 10.4938 ns/op
WorkloadWarmup  14: 15466496 op, 166074050.00 ns, 10.7377 ns/op
WorkloadWarmup  15: 15466496 op, 169715512.00 ns, 10.9731 ns/op
WorkloadWarmup  16: 15466496 op, 165479443.00 ns, 10.6992 ns/op

// BeforeActualRun
WorkloadActual   1: 15466496 op, 161064288.00 ns, 10.4138 ns/op
WorkloadActual   2: 15466496 op, 159165884.00 ns, 10.2910 ns/op
WorkloadActual   3: 15466496 op, 160588426.00 ns, 10.3830 ns/op
WorkloadActual   4: 15466496 op, 159741543.00 ns, 10.3282 ns/op
WorkloadActual   5: 15466496 op, 161097657.00 ns, 10.4159 ns/op
WorkloadActual   6: 15466496 op, 160389014.00 ns, 10.3701 ns/op
WorkloadActual   7: 15466496 op, 160954436.00 ns, 10.4067 ns/op
WorkloadActual   8: 15466496 op, 159727562.00 ns, 10.3273 ns/op
WorkloadActual   9: 15466496 op, 160191936.00 ns, 10.3574 ns/op
WorkloadActual  10: 15466496 op, 161561992.00 ns, 10.4459 ns/op
WorkloadActual  11: 15466496 op, 159655970.00 ns, 10.3227 ns/op
WorkloadActual  12: 15466496 op, 164054764.00 ns, 10.6071 ns/op

// AfterActualRun
WorkloadResult   1: 15466496 op, 161058037.00 ns, 10.4134 ns/op
WorkloadResult   2: 15466496 op, 159159633.00 ns, 10.2906 ns/op
WorkloadResult   3: 15466496 op, 160582175.00 ns, 10.3826 ns/op
WorkloadResult   4: 15466496 op, 159735292.00 ns, 10.3278 ns/op
WorkloadResult   5: 15466496 op, 161091406.00 ns, 10.4155 ns/op
WorkloadResult   6: 15466496 op, 160382763.00 ns, 10.3697 ns/op
WorkloadResult   7: 15466496 op, 160948185.00 ns, 10.4062 ns/op
WorkloadResult   8: 15466496 op, 159721311.00 ns, 10.3269 ns/op
WorkloadResult   9: 15466496 op, 160185685.00 ns, 10.3569 ns/op
WorkloadResult  10: 15466496 op, 161555741.00 ns, 10.4455 ns/op
WorkloadResult  11: 15466496 op, 159649719.00 ns, 10.3223 ns/op
// GC:  0 0 0 0 15466496
// Threading:  0 0 15466496

// AfterAll
// Benchmark Process 34790 has exited with code 0.

Mean = 10.369 ns, StdErr = 0.015 ns (0.14%), N = 11, StdDev = 0.048 ns
Min = 10.291 ns, Q1 = 10.327 ns, Median = 10.370 ns, Q3 = 10.410 ns, Max = 10.446 ns
IQR = 0.082 ns, LowerFence = 10.204 ns, UpperFence = 10.533 ns
ConfidenceInterval = [10.302 ns; 10.436 ns] (CI 99.9%), Margin = 0.067 ns (0.65% of Mean)
Skewness = -0.02, Kurtosis = 1.54, MValue = 2

// ** Remained 41 (82.0%) benchmark(s) to run. Estimated finish 2026-09-12 13:27 (0h 3m from now) **
// **************************
// Benchmark: DataAuthoredQueryBenchmarks.FacadeNoDispatch: Jit(IterationCount=12, IterationTime=250ms, WarmupCount=16) [Shape=OneTrack, Pattern=Alternating]
// *** Execute ***
// Launch: 1 / 1
// Execute: dotnet Alpha-Jit-1.dll --anonymousPipes 120 121 --benchmarkName "DataAuthoredQueryBenchmarks.FacadeNoDispatch(Shape: OneTrack, Pattern: Alternating)" --job Jit --benchmarkId 9 in /home/i/GitHub/tl-56-feat-data-authored-api/benchmarks/Alpha/bin/Release/net10.0/Alpha-Jit-1/bin/Release/net10.0
// Failed to set up high priority (Permission denied). In order to run benchmarks with high priority, make sure you have the right permissions.
// BeforeAnythingElse

// Benchmark Process Environment Information:
// BenchmarkDotNet v0.15.8
// Runtime=.NET 10.0.12 (10.0.12, 10.0.1226.42308), X64 RyuJIT x86-64-v3
// GC=Concurrent Workstation
// HardwareIntrinsics=AVX2+BMI1+BMI2+F16C+FMA+LZCNT+MOVBE,AVX,SSE3+SSSE3+SSE4.1+SSE4.2+POPCNT,X86Base+SSE+SSE2,AES+PCLMUL,AvxVnni,SERIALIZE VectorSize=256
// Job: Jit(IterationCount=12, IterationTime=250ms, WarmupCount=16)

OverheadJitting  1: 4096 op, 100240.00 ns, 24.4727 ns/op
WorkloadJitting  1: 4096 op, 200769.00 ns, 49.0159 ns/op

OverheadJitting  2: 65536 op, 119262.00 ns, 1.8198 ns/op
WorkloadJitting  2: 65536 op, 1373140.00 ns, 20.9525 ns/op

WorkloadPilot    1: 65536 op, 1153805.00 ns, 17.6057 ns/op
WorkloadPilot    2: 14221312 op, 237455082.00 ns, 16.6971 ns/op
WorkloadPilot    3: 15007744 op, 252289465.00 ns, 16.8106 ns/op
WorkloadPilot    4: 14876672 op, 249078460.00 ns, 16.7429 ns/op
WorkloadPilot    5: 14942208 op, 250702483.00 ns, 16.7781 ns/op

OverheadWarmup   1: 14942208 op, 6522.00 ns, 0.0004 ns/op
OverheadWarmup   2: 14942208 op, 5861.00 ns, 0.0004 ns/op
OverheadWarmup   3: 14942208 op, 5681.00 ns, 0.0004 ns/op
OverheadWarmup   4: 14942208 op, 5679.00 ns, 0.0004 ns/op
OverheadWarmup   5: 14942208 op, 5697.00 ns, 0.0004 ns/op
OverheadWarmup   6: 14942208 op, 5683.00 ns, 0.0004 ns/op
OverheadWarmup   7: 14942208 op, 5761.00 ns, 0.0004 ns/op
OverheadWarmup   8: 14942208 op, 5686.00 ns, 0.0004 ns/op

OverheadActual   1: 14942208 op, 7242.00 ns, 0.0005 ns/op
OverheadActual   2: 14942208 op, 6746.00 ns, 0.0005 ns/op
OverheadActual   3: 14942208 op, 6411.00 ns, 0.0004 ns/op
OverheadActual   4: 14942208 op, 5826.00 ns, 0.0004 ns/op
OverheadActual   5: 14942208 op, 6486.00 ns, 0.0004 ns/op
OverheadActual   6: 14942208 op, 5874.00 ns, 0.0004 ns/op
OverheadActual   7: 14942208 op, 7976.00 ns, 0.0005 ns/op
OverheadActual   8: 14942208 op, 7322.00 ns, 0.0005 ns/op
OverheadActual   9: 14942208 op, 5796.00 ns, 0.0004 ns/op
OverheadActual  10: 14942208 op, 5994.00 ns, 0.0004 ns/op
OverheadActual  11: 14942208 op, 5755.00 ns, 0.0004 ns/op
OverheadActual  12: 14942208 op, 5687.00 ns, 0.0004 ns/op
OverheadActual  13: 14942208 op, 5671.00 ns, 0.0004 ns/op
OverheadActual  14: 14942208 op, 5696.00 ns, 0.0004 ns/op
OverheadActual  15: 14942208 op, 6823.00 ns, 0.0005 ns/op
OverheadActual  16: 14942208 op, 5843.00 ns, 0.0004 ns/op
OverheadActual  17: 14942208 op, 5827.00 ns, 0.0004 ns/op
OverheadActual  18: 14942208 op, 5812.00 ns, 0.0004 ns/op
OverheadActual  19: 14942208 op, 5687.00 ns, 0.0004 ns/op
OverheadActual  20: 14942208 op, 5695.00 ns, 0.0004 ns/op

WorkloadWarmup   1: 14942208 op, 250720690.00 ns, 16.7794 ns/op
WorkloadWarmup   2: 14942208 op, 251640607.00 ns, 16.8409 ns/op
WorkloadWarmup   3: 14942208 op, 253571369.00 ns, 16.9701 ns/op
WorkloadWarmup   4: 14942208 op, 255518384.00 ns, 17.1004 ns/op
WorkloadWarmup   5: 14942208 op, 251380785.00 ns, 16.8235 ns/op
WorkloadWarmup   6: 14942208 op, 252655847.00 ns, 16.9089 ns/op
WorkloadWarmup   7: 14942208 op, 252412393.00 ns, 16.8926 ns/op
WorkloadWarmup   8: 14942208 op, 215770468.00 ns, 14.4403 ns/op
WorkloadWarmup   9: 14942208 op, 169989113.00 ns, 11.3764 ns/op
WorkloadWarmup  10: 14942208 op, 168871339.00 ns, 11.3016 ns/op
WorkloadWarmup  11: 14942208 op, 168375337.00 ns, 11.2684 ns/op
WorkloadWarmup  12: 14942208 op, 169033460.00 ns, 11.3125 ns/op
WorkloadWarmup  13: 14942208 op, 169552932.00 ns, 11.3472 ns/op
WorkloadWarmup  14: 14942208 op, 182219724.00 ns, 12.1950 ns/op
WorkloadWarmup  15: 14942208 op, 169523401.00 ns, 11.3453 ns/op
WorkloadWarmup  16: 14942208 op, 172105782.00 ns, 11.5181 ns/op

// BeforeActualRun
WorkloadActual   1: 14942208 op, 168105474.00 ns, 11.2504 ns/op
WorkloadActual   2: 14942208 op, 166857861.00 ns, 11.1669 ns/op
WorkloadActual   3: 14942208 op, 169347620.00 ns, 11.3335 ns/op
WorkloadActual   4: 14942208 op, 168226726.00 ns, 11.2585 ns/op
WorkloadActual   5: 14942208 op, 174086681.00 ns, 11.6507 ns/op
WorkloadActual   6: 14942208 op, 196030944.00 ns, 13.1193 ns/op
WorkloadActual   7: 14942208 op, 167443987.00 ns, 11.2061 ns/op
WorkloadActual   8: 14942208 op, 169843566.00 ns, 11.3667 ns/op
WorkloadActual   9: 14942208 op, 169186394.00 ns, 11.3227 ns/op
WorkloadActual  10: 14942208 op, 167527792.00 ns, 11.2117 ns/op
WorkloadActual  11: 14942208 op, 167793886.00 ns, 11.2295 ns/op
WorkloadActual  12: 14942208 op, 190849332.00 ns, 12.7725 ns/op

// AfterActualRun
WorkloadResult   1: 14942208 op, 168099639.00 ns, 11.2500 ns/op
WorkloadResult   2: 14942208 op, 166852026.00 ns, 11.1665 ns/op
WorkloadResult   3: 14942208 op, 169341785.00 ns, 11.3331 ns/op
WorkloadResult   4: 14942208 op, 168220891.00 ns, 11.2581 ns/op
WorkloadResult   5: 14942208 op, 174080846.00 ns, 11.6503 ns/op
WorkloadResult   6: 14942208 op, 167438152.00 ns, 11.2057 ns/op
WorkloadResult   7: 14942208 op, 169837731.00 ns, 11.3663 ns/op
WorkloadResult   8: 14942208 op, 169180559.00 ns, 11.3223 ns/op
WorkloadResult   9: 14942208 op, 167521957.00 ns, 11.2113 ns/op
WorkloadResult  10: 14942208 op, 167788051.00 ns, 11.2291 ns/op
// GC:  0 0 0 0 14942208
// Threading:  0 0 14942208

// AfterAll
// Benchmark Process 41419 has exited with code 0.

Mean = 11.299 ns, StdErr = 0.044 ns (0.39%), N = 10, StdDev = 0.138 ns
Min = 11.166 ns, Q1 = 11.216 ns, Median = 11.254 ns, Q3 = 11.330 ns, Max = 11.650 ns
IQR = 0.115 ns, LowerFence = 11.044 ns, UpperFence = 11.502 ns
ConfidenceInterval = [11.090 ns; 11.509 ns] (CI 99.9%), Margin = 0.209 ns (1.85% of Mean)
Skewness = 1.48, Kurtosis = 4.27, MValue = 2

// ** Remained 40 (80.0%) benchmark(s) to run. Estimated finish 2026-09-12 13:27 (0h 3m from now) **
// **************************
// Benchmark: DataAuthoredQueryBenchmarks.DirectShape: Jit(IterationCount=12, IterationTime=250ms, WarmupCount=16) [Shape=ThreeTracks, Pattern=Forward]
// *** Execute ***
// Launch: 1 / 1
// Execute: dotnet Alpha-Jit-1.dll --anonymousPipes 120 121 --benchmarkName "DataAuthoredQueryBenchmarks.DirectShape(Shape: ThreeTracks, Pattern: Forward)" --job Jit --benchmarkId 10 in /home/i/GitHub/tl-56-feat-data-authored-api/benchmarks/Alpha/bin/Release/net10.0/Alpha-Jit-1/bin/Release/net10.0
// Failed to set up high priority (Permission denied). In order to run benchmarks with high priority, make sure you have the right permissions.
// BeforeAnythingElse

// Benchmark Process Environment Information:
// BenchmarkDotNet v0.15.8
// Runtime=.NET 10.0.12 (10.0.12, 10.0.1226.42308), X64 RyuJIT x86-64-v3
// GC=Concurrent Workstation
// HardwareIntrinsics=AVX2+BMI1+BMI2+F16C+FMA+LZCNT+MOVBE,AVX,SSE3+SSSE3+SSE4.1+SSE4.2+POPCNT,X86Base+SSE+SSE2,AES+PCLMUL,AvxVnni,SERIALIZE VectorSize=256
// Job: Jit(IterationCount=12, IterationTime=250ms, WarmupCount=16)

OverheadJitting  1: 4096 op, 109502.00 ns, 26.7339 ns/op
WorkloadJitting  1: 4096 op, 1303411.00 ns, 318.2156 ns/op

OverheadJitting  2: 65536 op, 130763.00 ns, 1.9953 ns/op
WorkloadJitting  2: 65536 op, 446209.00 ns, 6.8086 ns/op

WorkloadPilot    1: 65536 op, 514950.00 ns, 7.8575 ns/op
WorkloadPilot    2: 31850496 op, 126256391.00 ns, 3.9640 ns/op
WorkloadPilot    3: 63111168 op, 248276425.00 ns, 3.9340 ns/op
WorkloadPilot    4: 63569920 op, 250305044.00 ns, 3.9375 ns/op
WorkloadPilot    5: 63504384 op, 251037029.00 ns, 3.9531 ns/op
WorkloadPilot    6: 63242240 op, 247457346.00 ns, 3.9128 ns/op
WorkloadPilot    7: 63897600 op, 250585184.00 ns, 3.9217 ns/op

OverheadWarmup   1: 63897600 op, 22246.00 ns, 0.0003 ns/op
OverheadWarmup   2: 63897600 op, 21690.00 ns, 0.0003 ns/op
OverheadWarmup   3: 63897600 op, 20772.00 ns, 0.0003 ns/op
OverheadWarmup   4: 63897600 op, 20781.00 ns, 0.0003 ns/op
OverheadWarmup   5: 63897600 op, 21614.00 ns, 0.0003 ns/op
OverheadWarmup   6: 63897600 op, 21545.00 ns, 0.0003 ns/op
OverheadWarmup   7: 63897600 op, 24666.00 ns, 0.0004 ns/op
OverheadWarmup   8: 63897600 op, 21549.00 ns, 0.0003 ns/op

OverheadActual   1: 63897600 op, 21873.00 ns, 0.0003 ns/op
OverheadActual   2: 63897600 op, 21414.00 ns, 0.0003 ns/op
OverheadActual   3: 63897600 op, 21404.00 ns, 0.0003 ns/op
OverheadActual   4: 63897600 op, 21292.00 ns, 0.0003 ns/op
OverheadActual   5: 63897600 op, 21763.00 ns, 0.0003 ns/op
OverheadActual   6: 63897600 op, 21262.00 ns, 0.0003 ns/op
OverheadActual   7: 63897600 op, 21166.00 ns, 0.0003 ns/op
OverheadActual   8: 63897600 op, 21170.00 ns, 0.0003 ns/op
OverheadActual   9: 63897600 op, 21177.00 ns, 0.0003 ns/op
OverheadActual  10: 63897600 op, 22787.00 ns, 0.0004 ns/op
OverheadActual  11: 63897600 op, 24875.00 ns, 0.0004 ns/op
OverheadActual  12: 63897600 op, 23314.00 ns, 0.0004 ns/op
OverheadActual  13: 63897600 op, 22519.00 ns, 0.0004 ns/op
OverheadActual  14: 63897600 op, 21207.00 ns, 0.0003 ns/op
OverheadActual  15: 63897600 op, 21197.00 ns, 0.0003 ns/op

WorkloadWarmup   1: 63897600 op, 251046248.00 ns, 3.9289 ns/op
WorkloadWarmup   2: 63897600 op, 250897957.00 ns, 3.9266 ns/op
WorkloadWarmup   3: 63897600 op, 278245901.00 ns, 4.3546 ns/op
WorkloadWarmup   4: 63897600 op, 250879828.00 ns, 3.9263 ns/op
WorkloadWarmup   5: 63897600 op, 248289552.00 ns, 3.8857 ns/op
WorkloadWarmup   6: 63897600 op, 252861153.00 ns, 3.9573 ns/op
WorkloadWarmup   7: 63897600 op, 160782757.00 ns, 2.5163 ns/op
WorkloadWarmup   8: 63897600 op, 149454861.00 ns, 2.3390 ns/op
WorkloadWarmup   9: 63897600 op, 150163432.00 ns, 2.3501 ns/op
WorkloadWarmup  10: 63897600 op, 147906965.00 ns, 2.3147 ns/op
WorkloadWarmup  11: 63897600 op, 150016144.00 ns, 2.3478 ns/op
WorkloadWarmup  12: 63897600 op, 149258221.00 ns, 2.3359 ns/op
WorkloadWarmup  13: 63897600 op, 149030572.00 ns, 2.3323 ns/op
WorkloadWarmup  14: 63897600 op, 147628286.00 ns, 2.3104 ns/op
WorkloadWarmup  15: 63897600 op, 151889016.00 ns, 2.3771 ns/op
WorkloadWarmup  16: 63897600 op, 145459634.00 ns, 2.2764 ns/op

// BeforeActualRun
WorkloadActual   1: 63897600 op, 149976995.00 ns, 2.3471 ns/op
WorkloadActual   2: 63897600 op, 149071618.00 ns, 2.3330 ns/op
WorkloadActual   3: 63897600 op, 149214510.00 ns, 2.3352 ns/op
WorkloadActual   4: 63897600 op, 147646701.00 ns, 2.3107 ns/op
WorkloadActual   5: 63897600 op, 145409262.00 ns, 2.2757 ns/op
WorkloadActual   6: 63897600 op, 149003135.00 ns, 2.3319 ns/op
WorkloadActual   7: 63897600 op, 149930245.00 ns, 2.3464 ns/op
WorkloadActual   8: 63897600 op, 149210378.00 ns, 2.3351 ns/op
WorkloadActual   9: 63897600 op, 146915589.00 ns, 2.2992 ns/op
WorkloadActual  10: 63897600 op, 145594175.00 ns, 2.2786 ns/op
WorkloadActual  11: 63897600 op, 147806583.00 ns, 2.3132 ns/op
WorkloadActual  12: 63897600 op, 147891262.00 ns, 2.3145 ns/op

// AfterActualRun
WorkloadResult   1: 63897600 op, 149955591.00 ns, 2.3468 ns/op
WorkloadResult   2: 63897600 op, 149050214.00 ns, 2.3326 ns/op
WorkloadResult   3: 63897600 op, 149193106.00 ns, 2.3349 ns/op
WorkloadResult   4: 63897600 op, 147625297.00 ns, 2.3103 ns/op
WorkloadResult   5: 63897600 op, 145387858.00 ns, 2.2753 ns/op
WorkloadResult   6: 63897600 op, 148981731.00 ns, 2.3316 ns/op
WorkloadResult   7: 63897600 op, 149908841.00 ns, 2.3461 ns/op
WorkloadResult   8: 63897600 op, 149188974.00 ns, 2.3348 ns/op
WorkloadResult   9: 63897600 op, 146894185.00 ns, 2.2989 ns/op
WorkloadResult  10: 63897600 op, 145572771.00 ns, 2.2782 ns/op
WorkloadResult  11: 63897600 op, 147785179.00 ns, 2.3128 ns/op
WorkloadResult  12: 63897600 op, 147869858.00 ns, 2.3142 ns/op
// GC:  0 0 0 0 63897600
// Threading:  0 0 63897600

// AfterAll
// Benchmark Process 48264 has exited with code 0.

Mean = 2.318 ns, StdErr = 0.007 ns (0.30%), N = 12, StdDev = 0.024 ns
Min = 2.275 ns, Q1 = 2.307 ns, Median = 2.323 ns, Q3 = 2.335 ns, Max = 2.347 ns
IQR = 0.027 ns, LowerFence = 2.266 ns, UpperFence = 2.376 ns
ConfidenceInterval = [2.287 ns; 2.349 ns] (CI 99.9%), Margin = 0.031 ns (1.34% of Mean)
Skewness = -0.52, Kurtosis = 1.82, MValue = 2

// ** Remained 39 (78.0%) benchmark(s) to run. Estimated finish 2026-09-12 13:27 (0h 3m from now) **
// **************************
// Benchmark: DataAuthoredQueryBenchmarks.GeneratedShape: Jit(IterationCount=12, IterationTime=250ms, WarmupCount=16) [Shape=ThreeTracks, Pattern=Forward]
// *** Execute ***
// Launch: 1 / 1
// Execute: dotnet Alpha-Jit-1.dll --anonymousPipes 122 123 --benchmarkName "DataAuthoredQueryBenchmarks.GeneratedShape(Shape: ThreeTracks, Pattern: Forward)" --job Jit --benchmarkId 11 in /home/i/GitHub/tl-56-feat-data-authored-api/benchmarks/Alpha/bin/Release/net10.0/Alpha-Jit-1/bin/Release/net10.0
// Failed to set up high priority (Permission denied). In order to run benchmarks with high priority, make sure you have the right permissions.
// BeforeAnythingElse

// Benchmark Process Environment Information:
// BenchmarkDotNet v0.15.8
// Runtime=.NET 10.0.12 (10.0.12, 10.0.1226.42308), X64 RyuJIT x86-64-v3
// GC=Concurrent Workstation
// HardwareIntrinsics=AVX2+BMI1+BMI2+F16C+FMA+LZCNT+MOVBE,AVX,SSE3+SSSE3+SSE4.1+SSE4.2+POPCNT,X86Base+SSE+SSE2,AES+PCLMUL,AvxVnni,SERIALIZE VectorSize=256
// Job: Jit(IterationCount=12, IterationTime=250ms, WarmupCount=16)

OverheadJitting  1: 4096 op, 110336.00 ns, 26.9375 ns/op
WorkloadJitting  1: 4096 op, 334296.00 ns, 81.6152 ns/op

OverheadJitting  2: 65536 op, 121095.00 ns, 1.8478 ns/op
WorkloadJitting  2: 65536 op, 1978526.00 ns, 30.1899 ns/op

WorkloadPilot    1: 65536 op, 1066745.00 ns, 16.2772 ns/op
WorkloadPilot    2: 15400960 op, 245683190.00 ns, 15.9525 ns/op
WorkloadPilot    3: 15728640 op, 250186344.00 ns, 15.9064 ns/op

OverheadWarmup   1: 15728640 op, 5730.00 ns, 0.0004 ns/op
OverheadWarmup   2: 15728640 op, 5297.00 ns, 0.0003 ns/op
OverheadWarmup   3: 15728640 op, 5219.00 ns, 0.0003 ns/op
OverheadWarmup   4: 15728640 op, 5206.00 ns, 0.0003 ns/op
OverheadWarmup   5: 15728640 op, 5228.00 ns, 0.0003 ns/op
OverheadWarmup   6: 15728640 op, 5243.00 ns, 0.0003 ns/op
OverheadWarmup   7: 15728640 op, 5254.00 ns, 0.0003 ns/op
OverheadWarmup   8: 15728640 op, 5223.00 ns, 0.0003 ns/op
OverheadWarmup   9: 15728640 op, 5365.00 ns, 0.0003 ns/op
OverheadWarmup  10: 15728640 op, 5353.00 ns, 0.0003 ns/op

OverheadActual   1: 15728640 op, 5455.00 ns, 0.0003 ns/op
OverheadActual   2: 15728640 op, 5500.00 ns, 0.0003 ns/op
OverheadActual   3: 15728640 op, 5468.00 ns, 0.0003 ns/op
OverheadActual   4: 15728640 op, 5762.00 ns, 0.0004 ns/op
OverheadActual   5: 15728640 op, 6024.00 ns, 0.0004 ns/op
OverheadActual   6: 15728640 op, 6023.00 ns, 0.0004 ns/op
OverheadActual   7: 15728640 op, 5759.00 ns, 0.0004 ns/op
OverheadActual   8: 15728640 op, 5307.00 ns, 0.0003 ns/op
OverheadActual   9: 15728640 op, 5316.00 ns, 0.0003 ns/op
OverheadActual  10: 15728640 op, 5317.00 ns, 0.0003 ns/op
OverheadActual  11: 15728640 op, 5328.00 ns, 0.0003 ns/op
OverheadActual  12: 15728640 op, 5302.00 ns, 0.0003 ns/op
OverheadActual  13: 15728640 op, 5328.00 ns, 0.0003 ns/op
OverheadActual  14: 15728640 op, 5295.00 ns, 0.0003 ns/op
OverheadActual  15: 15728640 op, 5336.00 ns, 0.0003 ns/op
OverheadActual  16: 15728640 op, 5334.00 ns, 0.0003 ns/op

WorkloadWarmup   1: 15728640 op, 251548642.00 ns, 15.9930 ns/op
WorkloadWarmup   2: 15728640 op, 251155760.00 ns, 15.9681 ns/op
WorkloadWarmup   3: 15728640 op, 251084739.00 ns, 15.9635 ns/op
WorkloadWarmup   4: 15728640 op, 251260684.00 ns, 15.9747 ns/op
WorkloadWarmup   5: 15728640 op, 249422473.00 ns, 15.8579 ns/op
WorkloadWarmup   6: 15728640 op, 186291345.00 ns, 11.8441 ns/op
WorkloadWarmup   7: 15728640 op, 66310466.00 ns, 4.2159 ns/op
WorkloadWarmup   8: 15728640 op, 61008189.00 ns, 3.8788 ns/op
WorkloadWarmup   9: 15728640 op, 61170859.00 ns, 3.8891 ns/op
WorkloadWarmup  10: 15728640 op, 62729499.00 ns, 3.9882 ns/op
WorkloadWarmup  11: 15728640 op, 61092551.00 ns, 3.8842 ns/op
WorkloadWarmup  12: 15728640 op, 64367272.00 ns, 4.0924 ns/op
WorkloadWarmup  13: 15728640 op, 61376230.00 ns, 3.9022 ns/op
WorkloadWarmup  14: 15728640 op, 60411891.00 ns, 3.8409 ns/op
WorkloadWarmup  15: 15728640 op, 60663093.00 ns, 3.8569 ns/op
WorkloadWarmup  16: 15728640 op, 61403851.00 ns, 3.9040 ns/op

// BeforeActualRun
WorkloadActual   1: 15728640 op, 60991130.00 ns, 3.8777 ns/op
WorkloadActual   2: 15728640 op, 60028298.00 ns, 3.8165 ns/op
WorkloadActual   3: 15728640 op, 60723500.00 ns, 3.8607 ns/op
WorkloadActual   4: 15728640 op, 60703596.00 ns, 3.8594 ns/op
WorkloadActual   5: 15728640 op, 60502403.00 ns, 3.8466 ns/op
WorkloadActual   6: 15728640 op, 61134290.00 ns, 3.8868 ns/op
WorkloadActual   7: 15728640 op, 60611595.00 ns, 3.8536 ns/op
WorkloadActual   8: 15728640 op, 60836944.00 ns, 3.8679 ns/op
WorkloadActual   9: 15728640 op, 60789604.00 ns, 3.8649 ns/op
WorkloadActual  10: 15728640 op, 60094006.00 ns, 3.8207 ns/op
WorkloadActual  11: 15728640 op, 59338438.00 ns, 3.7726 ns/op
WorkloadActual  12: 15728640 op, 57671599.00 ns, 3.6667 ns/op

// AfterActualRun
WorkloadResult   1: 15728640 op, 60985795.00 ns, 3.8774 ns/op
WorkloadResult   2: 15728640 op, 60022963.00 ns, 3.8162 ns/op
WorkloadResult   3: 15728640 op, 60718165.00 ns, 3.8604 ns/op
WorkloadResult   4: 15728640 op, 60698261.00 ns, 3.8591 ns/op
WorkloadResult   5: 15728640 op, 60497068.00 ns, 3.8463 ns/op
WorkloadResult   6: 15728640 op, 61128955.00 ns, 3.8865 ns/op
WorkloadResult   7: 15728640 op, 60606260.00 ns, 3.8532 ns/op
WorkloadResult   8: 15728640 op, 60831609.00 ns, 3.8676 ns/op
WorkloadResult   9: 15728640 op, 60784269.00 ns, 3.8646 ns/op
WorkloadResult  10: 15728640 op, 60088671.00 ns, 3.8203 ns/op
WorkloadResult  11: 15728640 op, 59333103.00 ns, 3.7723 ns/op
WorkloadResult  12: 15728640 op, 57666264.00 ns, 3.6663 ns/op
// GC:  0 0 0 0 15728640
// Threading:  0 0 15728640

// AfterAll
// Benchmark Process 55062 has exited with code 0.

Mean = 3.833 ns, StdErr = 0.018 ns (0.46%), N = 12, StdDev = 0.061 ns
Min = 3.666 ns, Q1 = 3.819 ns, Median = 3.856 ns, Q3 = 3.865 ns, Max = 3.886 ns
IQR = 0.046 ns, LowerFence = 3.750 ns, UpperFence = 3.934 ns
ConfidenceInterval = [3.754 ns; 3.911 ns] (CI 99.9%), Margin = 0.078 ns (2.04% of Mean)
Skewness = -1.63, Kurtosis = 4.77, MValue = 2

// ** Remained 38 (76.0%) benchmark(s) to run. Estimated finish 2026-09-12 13:27 (0h 3m from now) **
// **************************
// Benchmark: DataAuthoredQueryBenchmarks.DataAuthoredFacade: Jit(IterationCount=12, IterationTime=250ms, WarmupCount=16) [Shape=ThreeTracks, Pattern=Forward]
// *** Execute ***
// Launch: 1 / 1
// Execute: dotnet Alpha-Jit-1.dll --anonymousPipes 120 121 --benchmarkName "DataAuthoredQueryBenchmarks.DataAuthoredFacade(Shape: ThreeTracks, Pattern: Forward)" --job Jit --benchmarkId 12 in /home/i/GitHub/tl-56-feat-data-authored-api/benchmarks/Alpha/bin/Release/net10.0/Alpha-Jit-1/bin/Release/net10.0
// Failed to set up high priority (Permission denied). In order to run benchmarks with high priority, make sure you have the right permissions.
// BeforeAnythingElse

// Benchmark Process Environment Information:
// BenchmarkDotNet v0.15.8
// Runtime=.NET 10.0.12 (10.0.12, 10.0.1226.42308), X64 RyuJIT x86-64-v3
// GC=Concurrent Workstation
// HardwareIntrinsics=AVX2+BMI1+BMI2+F16C+FMA+LZCNT+MOVBE,AVX,SSE3+SSSE3+SSE4.1+SSE4.2+POPCNT,X86Base+SSE+SSE2,AES+PCLMUL,AvxVnni,SERIALIZE VectorSize=256
// Job: Jit(IterationCount=12, IterationTime=250ms, WarmupCount=16)

OverheadJitting  1: 4096 op, 110674.00 ns, 27.0200 ns/op
WorkloadJitting  1: 4096 op, 407450.00 ns, 99.4751 ns/op

OverheadJitting  2: 65536 op, 136333.00 ns, 2.0803 ns/op
WorkloadJitting  2: 65536 op, 4318560.00 ns, 65.8960 ns/op

WorkloadPilot    1: 65536 op, 4036528.00 ns, 61.5925 ns/op
WorkloadPilot    2: 4063232 op, 251735075.00 ns, 61.9544 ns/op

OverheadWarmup   1: 4063232 op, 1954.00 ns, 0.0005 ns/op
OverheadWarmup   2: 4063232 op, 1519.00 ns, 0.0004 ns/op
OverheadWarmup   3: 4063232 op, 1452.00 ns, 0.0004 ns/op
OverheadWarmup   4: 4063232 op, 1461.00 ns, 0.0004 ns/op
OverheadWarmup   5: 4063232 op, 1500.00 ns, 0.0004 ns/op
OverheadWarmup   6: 4063232 op, 1524.00 ns, 0.0004 ns/op
OverheadWarmup   7: 4063232 op, 1491.00 ns, 0.0004 ns/op
OverheadWarmup   8: 4063232 op, 1463.00 ns, 0.0004 ns/op
OverheadWarmup   9: 4063232 op, 1441.00 ns, 0.0004 ns/op
OverheadWarmup  10: 4063232 op, 1464.00 ns, 0.0004 ns/op

OverheadActual   1: 4063232 op, 1796.00 ns, 0.0004 ns/op
OverheadActual   2: 4063232 op, 2079.00 ns, 0.0005 ns/op
OverheadActual   3: 4063232 op, 1871.00 ns, 0.0005 ns/op
OverheadActual   4: 4063232 op, 1689.00 ns, 0.0004 ns/op
OverheadActual   5: 4063232 op, 1605.00 ns, 0.0004 ns/op
OverheadActual   6: 4063232 op, 1476.00 ns, 0.0004 ns/op
OverheadActual   7: 4063232 op, 1439.00 ns, 0.0004 ns/op
OverheadActual   8: 4063232 op, 1437.00 ns, 0.0004 ns/op
OverheadActual   9: 4063232 op, 1433.00 ns, 0.0004 ns/op
OverheadActual  10: 4063232 op, 1440.00 ns, 0.0004 ns/op
OverheadActual  11: 4063232 op, 1586.00 ns, 0.0004 ns/op
OverheadActual  12: 4063232 op, 1533.00 ns, 0.0004 ns/op
OverheadActual  13: 4063232 op, 1616.00 ns, 0.0004 ns/op
OverheadActual  14: 4063232 op, 1604.00 ns, 0.0004 ns/op
OverheadActual  15: 4063232 op, 1728.00 ns, 0.0004 ns/op
OverheadActual  16: 4063232 op, 1765.00 ns, 0.0004 ns/op
OverheadActual  17: 4063232 op, 1529.00 ns, 0.0004 ns/op
OverheadActual  18: 4063232 op, 1599.00 ns, 0.0004 ns/op
OverheadActual  19: 4063232 op, 1532.00 ns, 0.0004 ns/op
OverheadActual  20: 4063232 op, 1495.00 ns, 0.0004 ns/op

WorkloadWarmup   1: 4063232 op, 249937835.00 ns, 61.5121 ns/op
WorkloadWarmup   2: 4063232 op, 249698040.00 ns, 61.4531 ns/op
WorkloadWarmup   3: 4063232 op, 250119127.00 ns, 61.5567 ns/op
WorkloadWarmup   4: 4063232 op, 250402976.00 ns, 61.6266 ns/op
WorkloadWarmup   5: 4063232 op, 249959435.00 ns, 61.5174 ns/op
WorkloadWarmup   6: 4063232 op, 251037026.00 ns, 61.7826 ns/op
WorkloadWarmup   7: 4063232 op, 197459268.00 ns, 48.5966 ns/op
WorkloadWarmup   8: 4063232 op, 89748764.00 ns, 22.0880 ns/op
WorkloadWarmup   9: 4063232 op, 89473894.00 ns, 22.0204 ns/op
WorkloadWarmup  10: 4063232 op, 89019315.00 ns, 21.9085 ns/op
WorkloadWarmup  11: 4063232 op, 92841627.00 ns, 22.8492 ns/op
WorkloadWarmup  12: 4063232 op, 89899205.00 ns, 22.1250 ns/op
WorkloadWarmup  13: 4063232 op, 88875736.00 ns, 21.8732 ns/op
WorkloadWarmup  14: 4063232 op, 93943682.00 ns, 23.1204 ns/op
WorkloadWarmup  15: 4063232 op, 89308421.00 ns, 21.9797 ns/op
WorkloadWarmup  16: 4063232 op, 88754147.00 ns, 21.8432 ns/op

// BeforeActualRun
WorkloadActual   1: 4063232 op, 89851601.00 ns, 22.1133 ns/op
WorkloadActual   2: 4063232 op, 89705810.00 ns, 22.0775 ns/op
WorkloadActual   3: 4063232 op, 89650571.00 ns, 22.0639 ns/op
WorkloadActual   4: 4063232 op, 90520918.00 ns, 22.2781 ns/op
WorkloadActual   5: 4063232 op, 89617235.00 ns, 22.0557 ns/op
WorkloadActual   6: 4063232 op, 89373715.00 ns, 21.9957 ns/op
WorkloadActual   7: 4063232 op, 88944315.00 ns, 21.8900 ns/op
WorkloadActual   8: 4063232 op, 89822427.00 ns, 22.1062 ns/op
WorkloadActual   9: 4063232 op, 89659694.00 ns, 22.0661 ns/op
WorkloadActual  10: 4063232 op, 90280935.00 ns, 22.2190 ns/op
WorkloadActual  11: 4063232 op, 89860128.00 ns, 22.1154 ns/op
WorkloadActual  12: 4063232 op, 89361169.00 ns, 21.9926 ns/op

// AfterActualRun
WorkloadResult   1: 4063232 op, 89850008.50 ns, 22.1129 ns/op
WorkloadResult   2: 4063232 op, 89704217.50 ns, 22.0771 ns/op
WorkloadResult   3: 4063232 op, 89648978.50 ns, 22.0635 ns/op
WorkloadResult   4: 4063232 op, 89615642.50 ns, 22.0553 ns/op
WorkloadResult   5: 4063232 op, 89372122.50 ns, 21.9953 ns/op
WorkloadResult   6: 4063232 op, 88942722.50 ns, 21.8896 ns/op
WorkloadResult   7: 4063232 op, 89820834.50 ns, 22.1058 ns/op
WorkloadResult   8: 4063232 op, 89658101.50 ns, 22.0657 ns/op
WorkloadResult   9: 4063232 op, 90279342.50 ns, 22.2186 ns/op
WorkloadResult  10: 4063232 op, 89858535.50 ns, 22.1150 ns/op
WorkloadResult  11: 4063232 op, 89359576.50 ns, 21.9922 ns/op
// GC:  0 0 0 0 4063232
// Threading:  0 0 4063232

// AfterAll
// Benchmark Process 58644 has exited with code 0.

Mean = 22.063 ns, StdErr = 0.025 ns (0.12%), N = 11, StdDev = 0.084 ns
Min = 21.890 ns, Q1 = 22.025 ns, Median = 22.066 ns, Q3 = 22.109 ns, Max = 22.219 ns
IQR = 0.084 ns, LowerFence = 21.899 ns, UpperFence = 22.235 ns
ConfidenceInterval = [21.946 ns; 22.179 ns] (CI 99.9%), Margin = 0.117 ns (0.53% of Mean)
Skewness = -0.26, Kurtosis = 2.79, MValue = 2

// ** Remained 37 (74.0%) benchmark(s) to run. Estimated finish 2026-09-12 13:27 (0h 3m from now) **
// **************************
// Benchmark: DataAuthoredQueryBenchmarks.FacadeSelectOnly: Jit(IterationCount=12, IterationTime=250ms, WarmupCount=16) [Shape=ThreeTracks, Pattern=Forward]
// *** Execute ***
// Launch: 1 / 1
// Execute: dotnet Alpha-Jit-1.dll --anonymousPipes 122 123 --benchmarkName "DataAuthoredQueryBenchmarks.FacadeSelectOnly(Shape: ThreeTracks, Pattern: Forward)" --job Jit --benchmarkId 13 in /home/i/GitHub/tl-56-feat-data-authored-api/benchmarks/Alpha/bin/Release/net10.0/Alpha-Jit-1/bin/Release/net10.0
// Failed to set up high priority (Permission denied). In order to run benchmarks with high priority, make sure you have the right permissions.
// BeforeAnythingElse

// Benchmark Process Environment Information:
// BenchmarkDotNet v0.15.8
// Runtime=.NET 10.0.12 (10.0.12, 10.0.1226.42308), X64 RyuJIT x86-64-v3
// GC=Concurrent Workstation
// HardwareIntrinsics=AVX2+BMI1+BMI2+F16C+FMA+LZCNT+MOVBE,AVX,SSE3+SSSE3+SSE4.1+SSE4.2+POPCNT,X86Base+SSE+SSE2,AES+PCLMUL,AvxVnni,SERIALIZE VectorSize=256
// Job: Jit(IterationCount=12, IterationTime=250ms, WarmupCount=16)

OverheadJitting  1: 4096 op, 104547.00 ns, 25.5242 ns/op
WorkloadJitting  1: 4096 op, 198096.00 ns, 48.3633 ns/op

OverheadJitting  2: 65536 op, 127218.00 ns, 1.9412 ns/op
WorkloadJitting  2: 65536 op, 1282705.00 ns, 19.5725 ns/op

WorkloadPilot    1: 65536 op, 1460387.00 ns, 22.2837 ns/op
WorkloadPilot    2: 11272192 op, 177773862.00 ns, 15.7710 ns/op
WorkloadPilot    3: 15859712 op, 250117470.00 ns, 15.7706 ns/op

OverheadWarmup   1: 15859712 op, 5872.00 ns, 0.0004 ns/op
OverheadWarmup   2: 15859712 op, 5664.00 ns, 0.0004 ns/op
OverheadWarmup   3: 15859712 op, 5464.00 ns, 0.0003 ns/op
OverheadWarmup   4: 15859712 op, 5427.00 ns, 0.0003 ns/op
OverheadWarmup   5: 15859712 op, 5471.00 ns, 0.0003 ns/op
OverheadWarmup   6: 15859712 op, 5505.00 ns, 0.0003 ns/op
OverheadWarmup   7: 15859712 op, 5478.00 ns, 0.0003 ns/op
OverheadWarmup   8: 15859712 op, 5367.00 ns, 0.0003 ns/op
OverheadWarmup   9: 15859712 op, 5358.00 ns, 0.0003 ns/op
OverheadWarmup  10: 15859712 op, 5394.00 ns, 0.0003 ns/op

OverheadActual   1: 15859712 op, 5483.00 ns, 0.0003 ns/op
OverheadActual   2: 15859712 op, 5498.00 ns, 0.0003 ns/op
OverheadActual   3: 15859712 op, 5404.00 ns, 0.0003 ns/op
OverheadActual   4: 15859712 op, 5371.00 ns, 0.0003 ns/op
OverheadActual   5: 15859712 op, 5403.00 ns, 0.0003 ns/op
OverheadActual   6: 15859712 op, 5264.00 ns, 0.0003 ns/op
OverheadActual   7: 15859712 op, 5263.00 ns, 0.0003 ns/op
OverheadActual   8: 15859712 op, 5244.00 ns, 0.0003 ns/op
OverheadActual   9: 15859712 op, 5245.00 ns, 0.0003 ns/op
OverheadActual  10: 15859712 op, 5254.00 ns, 0.0003 ns/op
OverheadActual  11: 15859712 op, 5259.00 ns, 0.0003 ns/op
OverheadActual  12: 15859712 op, 5243.00 ns, 0.0003 ns/op
OverheadActual  13: 15859712 op, 5268.00 ns, 0.0003 ns/op
OverheadActual  14: 15859712 op, 5233.00 ns, 0.0003 ns/op
OverheadActual  15: 15859712 op, 5314.00 ns, 0.0003 ns/op

WorkloadWarmup   1: 15859712 op, 249531796.00 ns, 15.7337 ns/op
WorkloadWarmup   2: 15859712 op, 253059820.00 ns, 15.9561 ns/op
WorkloadWarmup   3: 15859712 op, 251743452.00 ns, 15.8731 ns/op
WorkloadWarmup   4: 15859712 op, 250980027.00 ns, 15.8250 ns/op
WorkloadWarmup   5: 15859712 op, 251435763.00 ns, 15.8537 ns/op
WorkloadWarmup   6: 15859712 op, 248677522.00 ns, 15.6798 ns/op
WorkloadWarmup   7: 15859712 op, 167395357.00 ns, 10.5548 ns/op
WorkloadWarmup   8: 15859712 op, 168588262.00 ns, 10.6300 ns/op
WorkloadWarmup   9: 15859712 op, 175626436.00 ns, 11.0737 ns/op
WorkloadWarmup  10: 15859712 op, 165328949.00 ns, 10.4245 ns/op
WorkloadWarmup  11: 15859712 op, 167687189.00 ns, 10.5732 ns/op
WorkloadWarmup  12: 15859712 op, 179126037.00 ns, 11.2944 ns/op
WorkloadWarmup  13: 15859712 op, 167414360.00 ns, 10.5560 ns/op
WorkloadWarmup  14: 15859712 op, 170310574.00 ns, 10.7386 ns/op
WorkloadWarmup  15: 15859712 op, 166344920.00 ns, 10.4885 ns/op
WorkloadWarmup  16: 15859712 op, 167297387.00 ns, 10.5486 ns/op

// BeforeActualRun
WorkloadActual   1: 15859712 op, 170921775.00 ns, 10.7771 ns/op
WorkloadActual   2: 15859712 op, 170435580.00 ns, 10.7464 ns/op
WorkloadActual   3: 15859712 op, 168503568.00 ns, 10.6246 ns/op
WorkloadActual   4: 15859712 op, 167068922.00 ns, 10.5342 ns/op
WorkloadActual   5: 15859712 op, 166561077.00 ns, 10.5022 ns/op
WorkloadActual   6: 15859712 op, 166063272.00 ns, 10.4708 ns/op
WorkloadActual   7: 15859712 op, 167831767.00 ns, 10.5823 ns/op
WorkloadActual   8: 15859712 op, 165770780.00 ns, 10.4523 ns/op
WorkloadActual   9: 15859712 op, 166396551.00 ns, 10.4918 ns/op
WorkloadActual  10: 15859712 op, 172351463.00 ns, 10.8673 ns/op
WorkloadActual  11: 15859712 op, 182534573.00 ns, 11.5093 ns/op
WorkloadActual  12: 15859712 op, 167274006.00 ns, 10.5471 ns/op

// AfterActualRun
WorkloadResult   1: 15859712 op, 170916511.00 ns, 10.7768 ns/op
WorkloadResult   2: 15859712 op, 170430316.00 ns, 10.7461 ns/op
WorkloadResult   3: 15859712 op, 168498304.00 ns, 10.6243 ns/op
WorkloadResult   4: 15859712 op, 167063658.00 ns, 10.5338 ns/op
WorkloadResult   5: 15859712 op, 166555813.00 ns, 10.5018 ns/op
WorkloadResult   6: 15859712 op, 166058008.00 ns, 10.4704 ns/op
WorkloadResult   7: 15859712 op, 167826503.00 ns, 10.5819 ns/op
WorkloadResult   8: 15859712 op, 165765516.00 ns, 10.4520 ns/op
WorkloadResult   9: 15859712 op, 166391287.00 ns, 10.4914 ns/op
WorkloadResult  10: 15859712 op, 172346199.00 ns, 10.8669 ns/op
WorkloadResult  11: 15859712 op, 167268742.00 ns, 10.5468 ns/op
// GC:  0 0 0 0 15859712
// Threading:  0 0 15859712

// AfterAll
// Benchmark Process 62816 has exited with code 0.

Mean = 10.599 ns, StdErr = 0.042 ns (0.39%), N = 11, StdDev = 0.139 ns
Min = 10.452 ns, Q1 = 10.497 ns, Median = 10.547 ns, Q3 = 10.685 ns, Max = 10.867 ns
IQR = 0.189 ns, LowerFence = 10.214 ns, UpperFence = 10.968 ns
ConfidenceInterval = [10.408 ns; 10.791 ns] (CI 99.9%), Margin = 0.192 ns (1.81% of Mean)
Skewness = 0.68, Kurtosis = 1.87, MValue = 2

// ** Remained 36 (72.0%) benchmark(s) to run. Estimated finish 2026-09-12 13:27 (0h 3m from now) **
// **************************
// Benchmark: DataAuthoredQueryBenchmarks.FacadeNoDispatch: Jit(IterationCount=12, IterationTime=250ms, WarmupCount=16) [Shape=ThreeTracks, Pattern=Forward]
// *** Execute ***
// Launch: 1 / 1
// Execute: dotnet Alpha-Jit-1.dll --anonymousPipes 120 121 --benchmarkName "DataAuthoredQueryBenchmarks.FacadeNoDispatch(Shape: ThreeTracks, Pattern: Forward)" --job Jit --benchmarkId 14 in /home/i/GitHub/tl-56-feat-data-authored-api/benchmarks/Alpha/bin/Release/net10.0/Alpha-Jit-1/bin/Release/net10.0
// Failed to set up high priority (Permission denied). In order to run benchmarks with high priority, make sure you have the right permissions.
// BeforeAnythingElse

// Benchmark Process Environment Information:
// BenchmarkDotNet v0.15.8
// Runtime=.NET 10.0.12 (10.0.12, 10.0.1226.42308), X64 RyuJIT x86-64-v3
// GC=Concurrent Workstation
// HardwareIntrinsics=AVX2+BMI1+BMI2+F16C+FMA+LZCNT+MOVBE,AVX,SSE3+SSSE3+SSE4.1+SSE4.2+POPCNT,X86Base+SSE+SSE2,AES+PCLMUL,AvxVnni,SERIALIZE VectorSize=256
// Job: Jit(IterationCount=12, IterationTime=250ms, WarmupCount=16)

OverheadJitting  1: 4096 op, 110829.00 ns, 27.0579 ns/op
WorkloadJitting  1: 4096 op, 220761.00 ns, 53.8967 ns/op

OverheadJitting  2: 65536 op, 126877.00 ns, 1.9360 ns/op
WorkloadJitting  2: 65536 op, 1488545.00 ns, 22.7134 ns/op

WorkloadPilot    1: 65536 op, 1259354.00 ns, 19.2162 ns/op
WorkloadPilot    2: 13041664 op, 249923539.00 ns, 19.1635 ns/op
WorkloadPilot    3: 13107200 op, 250535898.00 ns, 19.1144 ns/op

OverheadWarmup   1: 13107200 op, 4934.00 ns, 0.0004 ns/op
OverheadWarmup   2: 13107200 op, 4662.00 ns, 0.0004 ns/op
OverheadWarmup   3: 13107200 op, 4530.00 ns, 0.0003 ns/op
OverheadWarmup   4: 13107200 op, 4515.00 ns, 0.0003 ns/op
OverheadWarmup   5: 13107200 op, 4532.00 ns, 0.0003 ns/op
OverheadWarmup   6: 13107200 op, 4557.00 ns, 0.0003 ns/op
OverheadWarmup   7: 13107200 op, 4567.00 ns, 0.0003 ns/op
OverheadWarmup   8: 13107200 op, 4557.00 ns, 0.0003 ns/op
OverheadWarmup   9: 13107200 op, 4541.00 ns, 0.0003 ns/op
OverheadWarmup  10: 13107200 op, 4549.00 ns, 0.0003 ns/op

OverheadActual   1: 13107200 op, 4666.00 ns, 0.0004 ns/op
OverheadActual   2: 13107200 op, 4677.00 ns, 0.0004 ns/op
OverheadActual   3: 13107200 op, 4653.00 ns, 0.0004 ns/op
OverheadActual   4: 13107200 op, 4630.00 ns, 0.0004 ns/op
OverheadActual   5: 13107200 op, 4937.00 ns, 0.0004 ns/op
OverheadActual   6: 13107200 op, 4465.00 ns, 0.0003 ns/op
OverheadActual   7: 13107200 op, 4467.00 ns, 0.0003 ns/op
OverheadActual   8: 13107200 op, 4439.00 ns, 0.0003 ns/op
OverheadActual   9: 13107200 op, 4423.00 ns, 0.0003 ns/op
OverheadActual  10: 13107200 op, 4434.00 ns, 0.0003 ns/op
OverheadActual  11: 13107200 op, 4430.00 ns, 0.0003 ns/op
OverheadActual  12: 13107200 op, 4431.00 ns, 0.0003 ns/op
OverheadActual  13: 13107200 op, 4485.00 ns, 0.0003 ns/op
OverheadActual  14: 13107200 op, 4512.00 ns, 0.0003 ns/op
OverheadActual  15: 13107200 op, 5152.00 ns, 0.0004 ns/op

WorkloadWarmup   1: 13107200 op, 250242112.00 ns, 19.0920 ns/op
WorkloadWarmup   2: 13107200 op, 250662736.00 ns, 19.1240 ns/op
WorkloadWarmup   3: 13107200 op, 251073650.00 ns, 19.1554 ns/op
WorkloadWarmup   4: 13107200 op, 250376047.00 ns, 19.1022 ns/op
WorkloadWarmup   5: 13107200 op, 248720500.00 ns, 18.9759 ns/op
WorkloadWarmup   6: 13107200 op, 231671663.00 ns, 17.6751 ns/op
WorkloadWarmup   7: 13107200 op, 194764408.00 ns, 14.8593 ns/op
WorkloadWarmup   8: 13107200 op, 189258138.00 ns, 14.4393 ns/op
WorkloadWarmup   9: 13107200 op, 190464114.00 ns, 14.5313 ns/op
WorkloadWarmup  10: 13107200 op, 188843068.00 ns, 14.4076 ns/op
WorkloadWarmup  11: 13107200 op, 196701239.00 ns, 15.0071 ns/op
WorkloadWarmup  12: 13107200 op, 188889657.00 ns, 14.4111 ns/op
WorkloadWarmup  13: 13107200 op, 188171932.00 ns, 14.3564 ns/op
WorkloadWarmup  14: 13107200 op, 188326796.00 ns, 14.3682 ns/op
WorkloadWarmup  15: 13107200 op, 188670852.00 ns, 14.3944 ns/op
WorkloadWarmup  16: 13107200 op, 189514842.00 ns, 14.4588 ns/op

// BeforeActualRun
WorkloadActual   1: 13107200 op, 189758454.00 ns, 14.4774 ns/op
WorkloadActual   2: 13107200 op, 190084014.00 ns, 14.5023 ns/op
WorkloadActual   3: 13107200 op, 188780047.00 ns, 14.4028 ns/op
WorkloadActual   4: 13107200 op, 189803277.00 ns, 14.4808 ns/op
WorkloadActual   5: 13107200 op, 194539586.00 ns, 14.8422 ns/op
WorkloadActual   6: 13107200 op, 189076494.00 ns, 14.4254 ns/op
WorkloadActual   7: 13107200 op, 189710240.00 ns, 14.4737 ns/op
WorkloadActual   8: 13107200 op, 210431146.00 ns, 16.0546 ns/op
WorkloadActual   9: 13107200 op, 187901503.00 ns, 14.3357 ns/op
WorkloadActual  10: 13107200 op, 189318636.00 ns, 14.4439 ns/op
WorkloadActual  11: 13107200 op, 189864544.00 ns, 14.4855 ns/op
WorkloadActual  12: 13107200 op, 188537293.00 ns, 14.3843 ns/op

// AfterActualRun
WorkloadResult   1: 13107200 op, 189753969.00 ns, 14.4771 ns/op
WorkloadResult   2: 13107200 op, 190079529.00 ns, 14.5019 ns/op
WorkloadResult   3: 13107200 op, 188775562.00 ns, 14.4024 ns/op
WorkloadResult   4: 13107200 op, 189798792.00 ns, 14.4805 ns/op
WorkloadResult   5: 13107200 op, 189072009.00 ns, 14.4250 ns/op
WorkloadResult   6: 13107200 op, 189705755.00 ns, 14.4734 ns/op
WorkloadResult   7: 13107200 op, 187897018.00 ns, 14.3354 ns/op
WorkloadResult   8: 13107200 op, 189314151.00 ns, 14.4435 ns/op
WorkloadResult   9: 13107200 op, 189860059.00 ns, 14.4852 ns/op
WorkloadResult  10: 13107200 op, 188532808.00 ns, 14.3839 ns/op
// GC:  0 0 0 0 13107200
// Threading:  0 0 13107200

// AfterAll
// Benchmark Process 68960 has exited with code 0.

Mean = 14.441 ns, StdErr = 0.017 ns (0.12%), N = 10, StdDev = 0.053 ns
Min = 14.335 ns, Q1 = 14.408 ns, Median = 14.458 ns, Q3 = 14.480 ns, Max = 14.502 ns
IQR = 0.072 ns, LowerFence = 14.301 ns, UpperFence = 14.587 ns
ConfidenceInterval = [14.360 ns; 14.522 ns] (CI 99.9%), Margin = 0.081 ns (0.56% of Mean)
Skewness = -0.63, Kurtosis = 1.95, MValue = 2

// ** Remained 35 (70.0%) benchmark(s) to run. Estimated finish 2026-09-12 13:27 (0h 3m from now) **
// **************************
// Benchmark: DataAuthoredQueryBenchmarks.DirectShape: Jit(IterationCount=12, IterationTime=250ms, WarmupCount=16) [Shape=ThreeTracks, Pattern=Alternating]
// *** Execute ***
// Launch: 1 / 1
// Execute: dotnet Alpha-Jit-1.dll --anonymousPipes 120 121 --benchmarkName "DataAuthoredQueryBenchmarks.DirectShape(Shape: ThreeTracks, Pattern: Alternating)" --job Jit --benchmarkId 15 in /home/i/GitHub/tl-56-feat-data-authored-api/benchmarks/Alpha/bin/Release/net10.0/Alpha-Jit-1/bin/Release/net10.0
// Failed to set up high priority (Permission denied). In order to run benchmarks with high priority, make sure you have the right permissions.
// BeforeAnythingElse

// Benchmark Process Environment Information:
// BenchmarkDotNet v0.15.8
// Runtime=.NET 10.0.12 (10.0.12, 10.0.1226.42308), X64 RyuJIT x86-64-v3
// GC=Concurrent Workstation
// HardwareIntrinsics=AVX2+BMI1+BMI2+F16C+FMA+LZCNT+MOVBE,AVX,SSE3+SSSE3+SSE4.1+SSE4.2+POPCNT,X86Base+SSE+SSE2,AES+PCLMUL,AvxVnni,SERIALIZE VectorSize=256
// Job: Jit(IterationCount=12, IterationTime=250ms, WarmupCount=16)

OverheadJitting  1: 4096 op, 105219.00 ns, 25.6882 ns/op
WorkloadJitting  1: 4096 op, 1136348.00 ns, 277.4287 ns/op

OverheadJitting  2: 65536 op, 321779.00 ns, 4.9100 ns/op
WorkloadJitting  2: 65536 op, 645024.00 ns, 9.8423 ns/op

WorkloadPilot    1: 65536 op, 312369.00 ns, 4.7664 ns/op
WorkloadPilot    2: 52494336 op, 217716823.00 ns, 4.1474 ns/op
WorkloadPilot    3: 60293120 op, 252433810.00 ns, 4.1868 ns/op
WorkloadPilot    4: 59768832 op, 241728421.00 ns, 4.0444 ns/op
WorkloadPilot    5: 61865984 op, 251732062.00 ns, 4.0690 ns/op
WorkloadPilot    6: 61472768 op, 247739436.00 ns, 4.0301 ns/op
WorkloadPilot    7: 62062592 op, 250113622.00 ns, 4.0300 ns/op

OverheadWarmup   1: 62062592 op, 24176.00 ns, 0.0004 ns/op
OverheadWarmup   2: 62062592 op, 23920.00 ns, 0.0004 ns/op
OverheadWarmup   3: 62062592 op, 23823.00 ns, 0.0004 ns/op
OverheadWarmup   4: 62062592 op, 23809.00 ns, 0.0004 ns/op
OverheadWarmup   5: 62062592 op, 24264.00 ns, 0.0004 ns/op
OverheadWarmup   6: 62062592 op, 24273.00 ns, 0.0004 ns/op
OverheadWarmup   7: 62062592 op, 24274.00 ns, 0.0004 ns/op
OverheadWarmup   8: 62062592 op, 24260.00 ns, 0.0004 ns/op
OverheadWarmup   9: 62062592 op, 24260.00 ns, 0.0004 ns/op
OverheadWarmup  10: 62062592 op, 25205.00 ns, 0.0004 ns/op

OverheadActual   1: 62062592 op, 23625.00 ns, 0.0004 ns/op
OverheadActual   2: 62062592 op, 23721.00 ns, 0.0004 ns/op
OverheadActual   3: 62062592 op, 23643.00 ns, 0.0004 ns/op
OverheadActual   4: 62062592 op, 23533.00 ns, 0.0004 ns/op
OverheadActual   5: 62062592 op, 24217.00 ns, 0.0004 ns/op
OverheadActual   6: 62062592 op, 23400.00 ns, 0.0004 ns/op
OverheadActual   7: 62062592 op, 23388.00 ns, 0.0004 ns/op
OverheadActual   8: 62062592 op, 23356.00 ns, 0.0004 ns/op
OverheadActual   9: 62062592 op, 23371.00 ns, 0.0004 ns/op
OverheadActual  10: 62062592 op, 23378.00 ns, 0.0004 ns/op
OverheadActual  11: 62062592 op, 23366.00 ns, 0.0004 ns/op
OverheadActual  12: 62062592 op, 23390.00 ns, 0.0004 ns/op
OverheadActual  13: 62062592 op, 23381.00 ns, 0.0004 ns/op
OverheadActual  14: 62062592 op, 23350.00 ns, 0.0004 ns/op
OverheadActual  15: 62062592 op, 23390.00 ns, 0.0004 ns/op

WorkloadWarmup   1: 62062592 op, 250797570.00 ns, 4.0410 ns/op
WorkloadWarmup   2: 62062592 op, 284262163.00 ns, 4.5802 ns/op
WorkloadWarmup   3: 62062592 op, 261061043.00 ns, 4.2064 ns/op
WorkloadWarmup   4: 62062592 op, 252030124.00 ns, 4.0609 ns/op
WorkloadWarmup   5: 62062592 op, 251656527.00 ns, 4.0549 ns/op
WorkloadWarmup   6: 62062592 op, 266468525.00 ns, 4.2935 ns/op
WorkloadWarmup   7: 62062592 op, 261515704.00 ns, 4.2137 ns/op
WorkloadWarmup   8: 62062592 op, 263002471.00 ns, 4.2377 ns/op
WorkloadWarmup   9: 62062592 op, 263713241.00 ns, 4.2491 ns/op
WorkloadWarmup  10: 62062592 op, 261262179.00 ns, 4.2097 ns/op
WorkloadWarmup  11: 62062592 op, 257367197.00 ns, 4.1469 ns/op
WorkloadWarmup  12: 62062592 op, 257667316.00 ns, 4.1517 ns/op
WorkloadWarmup  13: 62062592 op, 257898670.00 ns, 4.1555 ns/op
WorkloadWarmup  14: 62062592 op, 259268155.00 ns, 4.1775 ns/op
WorkloadWarmup  15: 62062592 op, 256393324.00 ns, 4.1312 ns/op
WorkloadWarmup  16: 62062592 op, 258921575.00 ns, 4.1719 ns/op

// BeforeActualRun
WorkloadActual   1: 62062592 op, 258744564.00 ns, 4.1691 ns/op
WorkloadActual   2: 62062592 op, 260162724.00 ns, 4.1919 ns/op
WorkloadActual   3: 62062592 op, 256975354.00 ns, 4.1406 ns/op
WorkloadActual   4: 62062592 op, 260718812.00 ns, 4.2009 ns/op
WorkloadActual   5: 62062592 op, 277440117.00 ns, 4.4703 ns/op
WorkloadActual   6: 62062592 op, 257055131.00 ns, 4.1419 ns/op
WorkloadActual   7: 62062592 op, 256205806.00 ns, 4.1282 ns/op
WorkloadActual   8: 62062592 op, 256284474.00 ns, 4.1295 ns/op
WorkloadActual   9: 62062592 op, 259317888.00 ns, 4.1783 ns/op
WorkloadActual  10: 62062592 op, 257182891.00 ns, 4.1439 ns/op
WorkloadActual  11: 62062592 op, 257095137.00 ns, 4.1425 ns/op
WorkloadActual  12: 62062592 op, 254798696.00 ns, 4.1055 ns/op

// AfterActualRun
WorkloadResult   1: 62062592 op, 258721174.00 ns, 4.1687 ns/op
WorkloadResult   2: 62062592 op, 260139334.00 ns, 4.1916 ns/op
WorkloadResult   3: 62062592 op, 256951964.00 ns, 4.1402 ns/op
WorkloadResult   4: 62062592 op, 260695422.00 ns, 4.2005 ns/op
WorkloadResult   5: 62062592 op, 257031741.00 ns, 4.1415 ns/op
WorkloadResult   6: 62062592 op, 256182416.00 ns, 4.1278 ns/op
WorkloadResult   7: 62062592 op, 256261084.00 ns, 4.1291 ns/op
WorkloadResult   8: 62062592 op, 259294498.00 ns, 4.1780 ns/op
WorkloadResult   9: 62062592 op, 257159501.00 ns, 4.1436 ns/op
WorkloadResult  10: 62062592 op, 257071747.00 ns, 4.1421 ns/op
WorkloadResult  11: 62062592 op, 254775306.00 ns, 4.1051 ns/op
// GC:  0 0 0 0 62062592
// Threading:  0 0 62062592

// AfterAll
// Benchmark Process 75828 has exited with code 0.

Mean = 4.152 ns, StdErr = 0.009 ns (0.21%), N = 11, StdDev = 0.029 ns
Min = 4.105 ns, Q1 = 4.135 ns, Median = 4.142 ns, Q3 = 4.173 ns, Max = 4.201 ns
IQR = 0.039 ns, LowerFence = 4.077 ns, UpperFence = 4.231 ns
ConfidenceInterval = [4.111 ns; 4.192 ns] (CI 99.9%), Margin = 0.041 ns (0.98% of Mean)
Skewness = 0.27, Kurtosis = 1.74, MValue = 2

// ** Remained 34 (68.0%) benchmark(s) to run. Estimated finish 2026-09-12 13:27 (0h 3m from now) **
// **************************
// Benchmark: DataAuthoredQueryBenchmarks.GeneratedShape: Jit(IterationCount=12, IterationTime=250ms, WarmupCount=16) [Shape=ThreeTracks, Pattern=Alternating]
// *** Execute ***
// Launch: 1 / 1
// Execute: dotnet Alpha-Jit-1.dll --anonymousPipes 122 123 --benchmarkName "DataAuthoredQueryBenchmarks.GeneratedShape(Shape: ThreeTracks, Pattern: Alternating)" --job Jit --benchmarkId 16 in /home/i/GitHub/tl-56-feat-data-authored-api/benchmarks/Alpha/bin/Release/net10.0/Alpha-Jit-1/bin/Release/net10.0
// Failed to set up high priority (Permission denied). In order to run benchmarks with high priority, make sure you have the right permissions.
// BeforeAnythingElse

// Benchmark Process Environment Information:
// BenchmarkDotNet v0.15.8
// Runtime=.NET 10.0.12 (10.0.12, 10.0.1226.42308), X64 RyuJIT x86-64-v3
// GC=Concurrent Workstation
// HardwareIntrinsics=AVX2+BMI1+BMI2+F16C+FMA+LZCNT+MOVBE,AVX,SSE3+SSSE3+SSE4.1+SSE4.2+POPCNT,X86Base+SSE+SSE2,AES+PCLMUL,AvxVnni,SERIALIZE VectorSize=256
// Job: Jit(IterationCount=12, IterationTime=250ms, WarmupCount=16)

OverheadJitting  1: 4096 op, 105046.00 ns, 25.6460 ns/op
WorkloadJitting  1: 4096 op, 348353.00 ns, 85.0471 ns/op

OverheadJitting  2: 65536 op, 124027.00 ns, 1.8925 ns/op
WorkloadJitting  2: 65536 op, 2589306.00 ns, 39.5097 ns/op

WorkloadPilot    1: 65536 op, 1145401.00 ns, 17.4774 ns/op
WorkloadPilot    2: 14352384 op, 228044318.00 ns, 15.8890 ns/op
WorkloadPilot    3: 15794176 op, 249843671.00 ns, 15.8187 ns/op
WorkloadPilot    4: 15859712 op, 250287856.00 ns, 15.7814 ns/op

OverheadWarmup   1: 15859712 op, 6561.00 ns, 0.0004 ns/op
OverheadWarmup   2: 15859712 op, 6145.00 ns, 0.0004 ns/op
OverheadWarmup   3: 15859712 op, 6156.00 ns, 0.0004 ns/op
OverheadWarmup   4: 15859712 op, 6069.00 ns, 0.0004 ns/op
OverheadWarmup   5: 15859712 op, 6196.00 ns, 0.0004 ns/op
OverheadWarmup   6: 15859712 op, 6166.00 ns, 0.0004 ns/op

OverheadActual   1: 15859712 op, 6635.00 ns, 0.0004 ns/op
OverheadActual   2: 15859712 op, 7402.00 ns, 0.0005 ns/op
OverheadActual   3: 15859712 op, 6480.00 ns, 0.0004 ns/op
OverheadActual   4: 15859712 op, 6483.00 ns, 0.0004 ns/op
OverheadActual   5: 15859712 op, 6882.00 ns, 0.0004 ns/op
OverheadActual   6: 15859712 op, 7815.00 ns, 0.0005 ns/op
OverheadActual   7: 15859712 op, 6598.00 ns, 0.0004 ns/op
OverheadActual   8: 15859712 op, 6053.00 ns, 0.0004 ns/op
OverheadActual   9: 15859712 op, 6074.00 ns, 0.0004 ns/op
OverheadActual  10: 15859712 op, 6046.00 ns, 0.0004 ns/op
OverheadActual  11: 15859712 op, 7713.00 ns, 0.0005 ns/op
OverheadActual  12: 15859712 op, 6433.00 ns, 0.0004 ns/op
OverheadActual  13: 15859712 op, 6980.00 ns, 0.0004 ns/op
OverheadActual  14: 15859712 op, 6215.00 ns, 0.0004 ns/op
OverheadActual  15: 15859712 op, 6057.00 ns, 0.0004 ns/op
OverheadActual  16: 15859712 op, 6030.00 ns, 0.0004 ns/op
OverheadActual  17: 15859712 op, 6069.00 ns, 0.0004 ns/op
OverheadActual  18: 15859712 op, 7631.00 ns, 0.0005 ns/op
OverheadActual  19: 15859712 op, 7033.00 ns, 0.0004 ns/op
OverheadActual  20: 15859712 op, 6165.00 ns, 0.0004 ns/op

WorkloadWarmup   1: 15859712 op, 251766964.00 ns, 15.8746 ns/op
WorkloadWarmup   2: 15859712 op, 251541562.00 ns, 15.8604 ns/op
WorkloadWarmup   3: 15859712 op, 253342741.00 ns, 15.9740 ns/op
WorkloadWarmup   4: 15859712 op, 251864797.00 ns, 15.8808 ns/op
WorkloadWarmup   5: 15859712 op, 210006598.00 ns, 13.2415 ns/op
WorkloadWarmup   6: 15859712 op, 62531857.00 ns, 3.9428 ns/op
WorkloadWarmup   7: 15859712 op, 64813638.00 ns, 4.0867 ns/op
WorkloadWarmup   8: 15859712 op, 63694612.00 ns, 4.0161 ns/op
WorkloadWarmup   9: 15859712 op, 64694300.00 ns, 4.0792 ns/op
WorkloadWarmup  10: 15859712 op, 65923370.00 ns, 4.1567 ns/op
WorkloadWarmup  11: 15859712 op, 62807980.00 ns, 3.9602 ns/op
WorkloadWarmup  12: 15859712 op, 62769772.00 ns, 3.9578 ns/op
WorkloadWarmup  13: 15859712 op, 63644725.00 ns, 4.0130 ns/op
WorkloadWarmup  14: 15859712 op, 62922966.00 ns, 3.9675 ns/op
WorkloadWarmup  15: 15859712 op, 63322009.00 ns, 3.9926 ns/op
WorkloadWarmup  16: 15859712 op, 62204872.00 ns, 3.9222 ns/op

// BeforeActualRun
WorkloadActual   1: 15859712 op, 63231612.00 ns, 3.9869 ns/op
WorkloadActual   2: 15859712 op, 63579477.00 ns, 4.0089 ns/op
WorkloadActual   3: 15859712 op, 63656652.00 ns, 4.0137 ns/op
WorkloadActual   4: 15859712 op, 61879014.00 ns, 3.9016 ns/op
WorkloadActual   5: 15859712 op, 62924780.00 ns, 3.9676 ns/op
WorkloadActual   6: 15859712 op, 65262227.00 ns, 4.1150 ns/op
WorkloadActual   7: 15859712 op, 62963622.00 ns, 3.9700 ns/op
WorkloadActual   8: 15859712 op, 66602554.00 ns, 4.1995 ns/op
WorkloadActual   9: 15859712 op, 63605831.00 ns, 4.0105 ns/op
WorkloadActual  10: 15859712 op, 62212682.00 ns, 3.9227 ns/op
WorkloadActual  11: 15859712 op, 63099870.00 ns, 3.9786 ns/op
WorkloadActual  12: 15859712 op, 63305605.00 ns, 3.9916 ns/op

// AfterActualRun
WorkloadResult   1: 15859712 op, 63225130.50 ns, 3.9865 ns/op
WorkloadResult   2: 15859712 op, 63572995.50 ns, 4.0085 ns/op
WorkloadResult   3: 15859712 op, 63650170.50 ns, 4.0133 ns/op
WorkloadResult   4: 15859712 op, 61872532.50 ns, 3.9012 ns/op
WorkloadResult   5: 15859712 op, 62918298.50 ns, 3.9672 ns/op
WorkloadResult   6: 15859712 op, 62957140.50 ns, 3.9696 ns/op
WorkloadResult   7: 15859712 op, 63599349.50 ns, 4.0101 ns/op
WorkloadResult   8: 15859712 op, 62206200.50 ns, 3.9223 ns/op
WorkloadResult   9: 15859712 op, 63093388.50 ns, 3.9782 ns/op
WorkloadResult  10: 15859712 op, 63299123.50 ns, 3.9912 ns/op
// GC:  0 0 0 0 15859712
// Threading:  0 0 15859712

// AfterAll
// Benchmark Process 84878 has exited with code 0.

Mean = 3.975 ns, StdErr = 0.012 ns (0.30%), N = 10, StdDev = 0.037 ns
Min = 3.901 ns, Q1 = 3.968 ns, Median = 3.982 ns, Q3 = 4.004 ns, Max = 4.013 ns
IQR = 0.036 ns, LowerFence = 3.913 ns, UpperFence = 4.059 ns
ConfidenceInterval = [3.918 ns; 4.031 ns] (CI 99.9%), Margin = 0.056 ns (1.42% of Mean)
Skewness = -0.77, Kurtosis = 2.17, MValue = 2

// ** Remained 33 (66.0%) benchmark(s) to run. Estimated finish 2026-09-12 13:27 (0h 3m from now) **
// **************************
// Benchmark: DataAuthoredQueryBenchmarks.DataAuthoredFacade: Jit(IterationCount=12, IterationTime=250ms, WarmupCount=16) [Shape=ThreeTracks, Pattern=Alternating]
// *** Execute ***
// Launch: 1 / 1
// Execute: dotnet Alpha-Jit-1.dll --anonymousPipes 120 121 --benchmarkName "DataAuthoredQueryBenchmarks.DataAuthoredFacade(Shape: ThreeTracks, Pattern: Alternating)" --job Jit --benchmarkId 17 in /home/i/GitHub/tl-56-feat-data-authored-api/benchmarks/Alpha/bin/Release/net10.0/Alpha-Jit-1/bin/Release/net10.0
// Failed to set up high priority (Permission denied). In order to run benchmarks with high priority, make sure you have the right permissions.
// BeforeAnythingElse

// Benchmark Process Environment Information:
// BenchmarkDotNet v0.15.8
// Runtime=.NET 10.0.12 (10.0.12, 10.0.1226.42308), X64 RyuJIT x86-64-v3
// GC=Concurrent Workstation
// HardwareIntrinsics=AVX2+BMI1+BMI2+F16C+FMA+LZCNT+MOVBE,AVX,SSE3+SSSE3+SSE4.1+SSE4.2+POPCNT,X86Base+SSE+SSE2,AES+PCLMUL,AvxVnni,SERIALIZE VectorSize=256
// Job: Jit(IterationCount=12, IterationTime=250ms, WarmupCount=16)

OverheadJitting  1: 4096 op, 105431.00 ns, 25.7400 ns/op
WorkloadJitting  1: 4096 op, 385288.00 ns, 94.0645 ns/op

OverheadJitting  2: 65536 op, 119399.00 ns, 1.8219 ns/op
WorkloadJitting  2: 65536 op, 5070340.00 ns, 77.3672 ns/op

WorkloadPilot    1: 65536 op, 4116348.00 ns, 62.8105 ns/op
WorkloadPilot    2: 3997696 op, 250417395.00 ns, 62.6404 ns/op

OverheadWarmup   1: 3997696 op, 2211.00 ns, 0.0006 ns/op
OverheadWarmup   2: 3997696 op, 1707.00 ns, 0.0004 ns/op
OverheadWarmup   3: 3997696 op, 1602.00 ns, 0.0004 ns/op
OverheadWarmup   4: 3997696 op, 1599.00 ns, 0.0004 ns/op
OverheadWarmup   5: 3997696 op, 1606.00 ns, 0.0004 ns/op
OverheadWarmup   6: 3997696 op, 1591.00 ns, 0.0004 ns/op
OverheadWarmup   7: 3997696 op, 1603.00 ns, 0.0004 ns/op
OverheadWarmup   8: 3997696 op, 1598.00 ns, 0.0004 ns/op

OverheadActual   1: 3997696 op, 1968.00 ns, 0.0005 ns/op
OverheadActual   2: 3997696 op, 1882.00 ns, 0.0005 ns/op
OverheadActual   3: 3997696 op, 1870.00 ns, 0.0005 ns/op
OverheadActual   4: 3997696 op, 1691.00 ns, 0.0004 ns/op
OverheadActual   5: 3997696 op, 1770.00 ns, 0.0004 ns/op
OverheadActual   6: 3997696 op, 1610.00 ns, 0.0004 ns/op
OverheadActual   7: 3997696 op, 1741.00 ns, 0.0004 ns/op
OverheadActual   8: 3997696 op, 1874.00 ns, 0.0005 ns/op
OverheadActual   9: 3997696 op, 1920.00 ns, 0.0005 ns/op
OverheadActual  10: 3997696 op, 1755.00 ns, 0.0004 ns/op
OverheadActual  11: 3997696 op, 2007.00 ns, 0.0005 ns/op
OverheadActual  12: 3997696 op, 1643.00 ns, 0.0004 ns/op
OverheadActual  13: 3997696 op, 1597.00 ns, 0.0004 ns/op
OverheadActual  14: 3997696 op, 1581.00 ns, 0.0004 ns/op
OverheadActual  15: 3997696 op, 1587.00 ns, 0.0004 ns/op
OverheadActual  16: 3997696 op, 1627.00 ns, 0.0004 ns/op
OverheadActual  17: 3997696 op, 1588.00 ns, 0.0004 ns/op
OverheadActual  18: 3997696 op, 1734.00 ns, 0.0004 ns/op
OverheadActual  19: 3997696 op, 1714.00 ns, 0.0004 ns/op
OverheadActual  20: 3997696 op, 1583.00 ns, 0.0004 ns/op

WorkloadWarmup   1: 3997696 op, 249874202.00 ns, 62.5046 ns/op
WorkloadWarmup   2: 3997696 op, 249652617.00 ns, 62.4491 ns/op
WorkloadWarmup   3: 3997696 op, 249808508.00 ns, 62.4881 ns/op
WorkloadWarmup   4: 3997696 op, 249252873.00 ns, 62.3491 ns/op
WorkloadWarmup   5: 3997696 op, 249760861.00 ns, 62.4762 ns/op
WorkloadWarmup   6: 3997696 op, 249785729.00 ns, 62.4824 ns/op
WorkloadWarmup   7: 3997696 op, 196514852.00 ns, 49.1570 ns/op
WorkloadWarmup   8: 3997696 op, 89579344.00 ns, 22.4077 ns/op
WorkloadWarmup   9: 3997696 op, 89170415.00 ns, 22.3055 ns/op
WorkloadWarmup  10: 3997696 op, 89895909.00 ns, 22.4869 ns/op
WorkloadWarmup  11: 3997696 op, 89736539.00 ns, 22.4471 ns/op
WorkloadWarmup  12: 3997696 op, 90019970.00 ns, 22.5180 ns/op
WorkloadWarmup  13: 3997696 op, 88408855.00 ns, 22.1150 ns/op
WorkloadWarmup  14: 3997696 op, 91375155.00 ns, 22.8570 ns/op
WorkloadWarmup  15: 3997696 op, 89889542.00 ns, 22.4853 ns/op
WorkloadWarmup  16: 3997696 op, 88517003.00 ns, 22.1420 ns/op

// BeforeActualRun
WorkloadActual   1: 3997696 op, 89475877.00 ns, 22.3819 ns/op
WorkloadActual   2: 3997696 op, 89402828.00 ns, 22.3636 ns/op
WorkloadActual   3: 3997696 op, 89788800.00 ns, 22.4601 ns/op
WorkloadActual   4: 3997696 op, 89982830.00 ns, 22.5087 ns/op
WorkloadActual   5: 3997696 op, 89020864.00 ns, 22.2680 ns/op
WorkloadActual   6: 3997696 op, 89500974.00 ns, 22.3881 ns/op
WorkloadActual   7: 3997696 op, 90440378.00 ns, 22.6231 ns/op
WorkloadActual   8: 3997696 op, 90844900.00 ns, 22.7243 ns/op
WorkloadActual   9: 3997696 op, 88581240.00 ns, 22.1581 ns/op
WorkloadActual  10: 3997696 op, 89231804.00 ns, 22.3208 ns/op
WorkloadActual  11: 3997696 op, 88999764.00 ns, 22.2628 ns/op
WorkloadActual  12: 3997696 op, 89848115.00 ns, 22.4750 ns/op

// AfterActualRun
WorkloadResult   1: 3997696 op, 89474153.00 ns, 22.3814 ns/op
WorkloadResult   2: 3997696 op, 89401104.00 ns, 22.3632 ns/op
WorkloadResult   3: 3997696 op, 89787076.00 ns, 22.4597 ns/op
WorkloadResult   4: 3997696 op, 89981106.00 ns, 22.5082 ns/op
WorkloadResult   5: 3997696 op, 89019140.00 ns, 22.2676 ns/op
WorkloadResult   6: 3997696 op, 89499250.00 ns, 22.3877 ns/op
WorkloadResult   7: 3997696 op, 90438654.00 ns, 22.6227 ns/op
WorkloadResult   8: 3997696 op, 90843176.00 ns, 22.7239 ns/op
WorkloadResult   9: 3997696 op, 88579516.00 ns, 22.1576 ns/op
WorkloadResult  10: 3997696 op, 89230080.00 ns, 22.3204 ns/op
WorkloadResult  11: 3997696 op, 88998040.00 ns, 22.2623 ns/op
WorkloadResult  12: 3997696 op, 89846391.00 ns, 22.4745 ns/op
// GC:  0 0 0 0 3997696
// Threading:  0 0 3997696

// AfterAll
// Benchmark Process 88687 has exited with code 0.

Mean = 22.411 ns, StdErr = 0.046 ns (0.20%), N = 12, StdDev = 0.159 ns
Min = 22.158 ns, Q1 = 22.307 ns, Median = 22.385 ns, Q3 = 22.483 ns, Max = 22.724 ns
IQR = 0.176 ns, LowerFence = 22.044 ns, UpperFence = 22.747 ns
ConfidenceInterval = [22.207 ns; 22.614 ns] (CI 99.9%), Margin = 0.203 ns (0.91% of Mean)
Skewness = 0.38, Kurtosis = 2.21, MValue = 2

// ** Remained 32 (64.0%) benchmark(s) to run. Estimated finish 2026-09-12 13:27 (0h 2m from now) **
// **************************
// Benchmark: DataAuthoredQueryBenchmarks.FacadeSelectOnly: Jit(IterationCount=12, IterationTime=250ms, WarmupCount=16) [Shape=ThreeTracks, Pattern=Alternating]
// *** Execute ***
// Launch: 1 / 1
// Execute: dotnet Alpha-Jit-1.dll --anonymousPipes 120 121 --benchmarkName "DataAuthoredQueryBenchmarks.FacadeSelectOnly(Shape: ThreeTracks, Pattern: Alternating)" --job Jit --benchmarkId 18 in /home/i/GitHub/tl-56-feat-data-authored-api/benchmarks/Alpha/bin/Release/net10.0/Alpha-Jit-1/bin/Release/net10.0
// Failed to set up high priority (Permission denied). In order to run benchmarks with high priority, make sure you have the right permissions.
// BeforeAnythingElse

// Benchmark Process Environment Information:
// BenchmarkDotNet v0.15.8
// Runtime=.NET 10.0.12 (10.0.12, 10.0.1226.42308), X64 RyuJIT x86-64-v3
// GC=Concurrent Workstation
// HardwareIntrinsics=AVX2+BMI1+BMI2+F16C+FMA+LZCNT+MOVBE,AVX,SSE3+SSSE3+SSE4.1+SSE4.2+POPCNT,X86Base+SSE+SSE2,AES+PCLMUL,AvxVnni,SERIALIZE VectorSize=256
// Job: Jit(IterationCount=12, IterationTime=250ms, WarmupCount=16)

OverheadJitting  1: 4096 op, 103134.00 ns, 25.1792 ns/op
WorkloadJitting  1: 4096 op, 220104.00 ns, 53.7363 ns/op

OverheadJitting  2: 65536 op, 193814.00 ns, 2.9574 ns/op
WorkloadJitting  2: 65536 op, 1475162.00 ns, 22.5092 ns/op

WorkloadPilot    1: 65536 op, 1204064.00 ns, 18.3726 ns/op
WorkloadPilot    2: 13631488 op, 243106469.00 ns, 17.8342 ns/op
WorkloadPilot    3: 14024704 op, 250953920.00 ns, 17.8937 ns/op

OverheadWarmup   1: 14024704 op, 5844.00 ns, 0.0004 ns/op
OverheadWarmup   2: 14024704 op, 5513.00 ns, 0.0004 ns/op
OverheadWarmup   3: 14024704 op, 5333.00 ns, 0.0004 ns/op
OverheadWarmup   4: 14024704 op, 5349.00 ns, 0.0004 ns/op
OverheadWarmup   5: 14024704 op, 5431.00 ns, 0.0004 ns/op
OverheadWarmup   6: 14024704 op, 5353.00 ns, 0.0004 ns/op
OverheadWarmup   7: 14024704 op, 5350.00 ns, 0.0004 ns/op
OverheadWarmup   8: 14024704 op, 5351.00 ns, 0.0004 ns/op
OverheadWarmup   9: 14024704 op, 5339.00 ns, 0.0004 ns/op

OverheadActual   1: 14024704 op, 5803.00 ns, 0.0004 ns/op
OverheadActual   2: 14024704 op, 5895.00 ns, 0.0004 ns/op
OverheadActual   3: 14024704 op, 5624.00 ns, 0.0004 ns/op
OverheadActual   4: 14024704 op, 5428.00 ns, 0.0004 ns/op
OverheadActual   5: 14024704 op, 5572.00 ns, 0.0004 ns/op
OverheadActual   6: 14024704 op, 5392.00 ns, 0.0004 ns/op
OverheadActual   7: 14024704 op, 5351.00 ns, 0.0004 ns/op
OverheadActual   8: 14024704 op, 5336.00 ns, 0.0004 ns/op
OverheadActual   9: 14024704 op, 5631.00 ns, 0.0004 ns/op
OverheadActual  10: 14024704 op, 5816.00 ns, 0.0004 ns/op
OverheadActual  11: 14024704 op, 5881.00 ns, 0.0004 ns/op
OverheadActual  12: 14024704 op, 5832.00 ns, 0.0004 ns/op
OverheadActual  13: 14024704 op, 5615.00 ns, 0.0004 ns/op
OverheadActual  14: 14024704 op, 7028.00 ns, 0.0005 ns/op
OverheadActual  15: 14024704 op, 5847.00 ns, 0.0004 ns/op

WorkloadWarmup   1: 14024704 op, 252688433.00 ns, 18.0174 ns/op
WorkloadWarmup   2: 14024704 op, 252400612.00 ns, 17.9969 ns/op
WorkloadWarmup   3: 14024704 op, 252976181.00 ns, 18.0379 ns/op
WorkloadWarmup   4: 14024704 op, 254700640.00 ns, 18.1609 ns/op
WorkloadWarmup   5: 14024704 op, 257465837.00 ns, 18.3580 ns/op
WorkloadWarmup   6: 14024704 op, 226555460.00 ns, 16.1540 ns/op
WorkloadWarmup   7: 14024704 op, 182143282.00 ns, 12.9873 ns/op
WorkloadWarmup   8: 14024704 op, 179891281.00 ns, 12.8267 ns/op
WorkloadWarmup   9: 14024704 op, 177965497.00 ns, 12.6894 ns/op
WorkloadWarmup  10: 14024704 op, 177008895.00 ns, 12.6212 ns/op
WorkloadWarmup  11: 14024704 op, 180205878.00 ns, 12.8492 ns/op
WorkloadWarmup  12: 14024704 op, 183492432.00 ns, 13.0835 ns/op
WorkloadWarmup  13: 14024704 op, 176243118.00 ns, 12.5666 ns/op
WorkloadWarmup  14: 14024704 op, 178485193.00 ns, 12.7265 ns/op
WorkloadWarmup  15: 14024704 op, 175893247.00 ns, 12.5417 ns/op
WorkloadWarmup  16: 14024704 op, 175480669.00 ns, 12.5123 ns/op

// BeforeActualRun
WorkloadActual   1: 14024704 op, 175579165.00 ns, 12.5193 ns/op
WorkloadActual   2: 14024704 op, 175030434.00 ns, 12.4802 ns/op
WorkloadActual   3: 14024704 op, 175131474.00 ns, 12.4874 ns/op
WorkloadActual   4: 14024704 op, 175310603.00 ns, 12.5001 ns/op
WorkloadActual   5: 14024704 op, 175368801.00 ns, 12.5043 ns/op
WorkloadActual   6: 14024704 op, 175388512.00 ns, 12.5057 ns/op
WorkloadActual   7: 14024704 op, 174334015.00 ns, 12.4305 ns/op
WorkloadActual   8: 14024704 op, 174146514.00 ns, 12.4171 ns/op
WorkloadActual   9: 14024704 op, 174591489.00 ns, 12.4489 ns/op
WorkloadActual  10: 14024704 op, 199758123.00 ns, 14.2433 ns/op
WorkloadActual  11: 14024704 op, 175953399.00 ns, 12.5460 ns/op
WorkloadActual  12: 14024704 op, 174797192.00 ns, 12.4635 ns/op

// AfterActualRun
WorkloadResult   1: 14024704 op, 175573534.00 ns, 12.5189 ns/op
WorkloadResult   2: 14024704 op, 175024803.00 ns, 12.4798 ns/op
WorkloadResult   3: 14024704 op, 175125843.00 ns, 12.4870 ns/op
WorkloadResult   4: 14024704 op, 175304972.00 ns, 12.4997 ns/op
WorkloadResult   5: 14024704 op, 175363170.00 ns, 12.5039 ns/op
WorkloadResult   6: 14024704 op, 175382881.00 ns, 12.5053 ns/op
WorkloadResult   7: 14024704 op, 174328384.00 ns, 12.4301 ns/op
WorkloadResult   8: 14024704 op, 174140883.00 ns, 12.4167 ns/op
WorkloadResult   9: 14024704 op, 174585858.00 ns, 12.4485 ns/op
WorkloadResult  10: 14024704 op, 175947768.00 ns, 12.5456 ns/op
WorkloadResult  11: 14024704 op, 174791561.00 ns, 12.4631 ns/op
// GC:  0 0 0 0 14024704
// Threading:  0 0 14024704

// AfterAll
// Benchmark Process 92991 has exited with code 0.

Mean = 12.482 ns, StdErr = 0.012 ns (0.09%), N = 11, StdDev = 0.039 ns
Min = 12.417 ns, Q1 = 12.456 ns, Median = 12.487 ns, Q3 = 12.505 ns, Max = 12.546 ns
IQR = 0.049 ns, LowerFence = 12.383 ns, UpperFence = 12.578 ns
ConfidenceInterval = [12.428 ns; 12.536 ns] (CI 99.9%), Margin = 0.054 ns (0.43% of Mean)
Skewness = -0.17, Kurtosis = 1.79, MValue = 2

// ** Remained 31 (62.0%) benchmark(s) to run. Estimated finish 2026-09-12 13:27 (0h 2m from now) **
// **************************
// Benchmark: DataAuthoredQueryBenchmarks.FacadeNoDispatch: Jit(IterationCount=12, IterationTime=250ms, WarmupCount=16) [Shape=ThreeTracks, Pattern=Alternating]
// *** Execute ***
// Launch: 1 / 1
// Execute: dotnet Alpha-Jit-1.dll --anonymousPipes 120 121 --benchmarkName "DataAuthoredQueryBenchmarks.FacadeNoDispatch(Shape: ThreeTracks, Pattern: Alternating)" --job Jit --benchmarkId 19 in /home/i/GitHub/tl-56-feat-data-authored-api/benchmarks/Alpha/bin/Release/net10.0/Alpha-Jit-1/bin/Release/net10.0
// Failed to set up high priority (Permission denied). In order to run benchmarks with high priority, make sure you have the right permissions.
// BeforeAnythingElse

// Benchmark Process Environment Information:
// BenchmarkDotNet v0.15.8
// Runtime=.NET 10.0.12 (10.0.12, 10.0.1226.42308), X64 RyuJIT x86-64-v3
// GC=Concurrent Workstation
// HardwareIntrinsics=AVX2+BMI1+BMI2+F16C+FMA+LZCNT+MOVBE,AVX,SSE3+SSSE3+SSE4.1+SSE4.2+POPCNT,X86Base+SSE+SSE2,AES+PCLMUL,AvxVnni,SERIALIZE VectorSize=256
// Job: Jit(IterationCount=12, IterationTime=250ms, WarmupCount=16)

OverheadJitting  1: 4096 op, 104885.00 ns, 25.6067 ns/op
WorkloadJitting  1: 4096 op, 225148.00 ns, 54.9678 ns/op

OverheadJitting  2: 65536 op, 122300.00 ns, 1.8661 ns/op
WorkloadJitting  2: 65536 op, 1623028.00 ns, 24.7654 ns/op

WorkloadPilot    1: 65536 op, 1546683.00 ns, 23.6005 ns/op
WorkloadPilot    2: 10616832 op, 228307193.00 ns, 21.5043 ns/op
WorkloadPilot    3: 11665408 op, 255325169.00 ns, 21.8874 ns/op
WorkloadPilot    4: 11468800 op, 249776965.00 ns, 21.7788 ns/op
WorkloadPilot    5: 11534336 op, 250773595.00 ns, 21.7415 ns/op

OverheadWarmup   1: 11534336 op, 5148.00 ns, 0.0004 ns/op
OverheadWarmup   2: 11534336 op, 4628.00 ns, 0.0004 ns/op
OverheadWarmup   3: 11534336 op, 4473.00 ns, 0.0004 ns/op
OverheadWarmup   4: 11534336 op, 8802.00 ns, 0.0008 ns/op
OverheadWarmup   5: 11534336 op, 4502.00 ns, 0.0004 ns/op
OverheadWarmup   6: 11534336 op, 4418.00 ns, 0.0004 ns/op
OverheadWarmup   7: 11534336 op, 4386.00 ns, 0.0004 ns/op
OverheadWarmup   8: 11534336 op, 4428.00 ns, 0.0004 ns/op
OverheadWarmup   9: 11534336 op, 4433.00 ns, 0.0004 ns/op
OverheadWarmup  10: 11534336 op, 4386.00 ns, 0.0004 ns/op

OverheadActual   1: 11534336 op, 4646.00 ns, 0.0004 ns/op
OverheadActual   2: 11534336 op, 4627.00 ns, 0.0004 ns/op
OverheadActual   3: 11534336 op, 4631.00 ns, 0.0004 ns/op
OverheadActual   4: 11534336 op, 4486.00 ns, 0.0004 ns/op
OverheadActual   5: 11534336 op, 4579.00 ns, 0.0004 ns/op
OverheadActual   6: 11534336 op, 4398.00 ns, 0.0004 ns/op
OverheadActual   7: 11534336 op, 4390.00 ns, 0.0004 ns/op
OverheadActual   8: 11534336 op, 4374.00 ns, 0.0004 ns/op
OverheadActual   9: 11534336 op, 4392.00 ns, 0.0004 ns/op
OverheadActual  10: 11534336 op, 4399.00 ns, 0.0004 ns/op
OverheadActual  11: 11534336 op, 4626.00 ns, 0.0004 ns/op
OverheadActual  12: 11534336 op, 4390.00 ns, 0.0004 ns/op
OverheadActual  13: 11534336 op, 4413.00 ns, 0.0004 ns/op
OverheadActual  14: 11534336 op, 4408.00 ns, 0.0004 ns/op
OverheadActual  15: 11534336 op, 5244.00 ns, 0.0005 ns/op

WorkloadWarmup   1: 11534336 op, 252153494.00 ns, 21.8611 ns/op
WorkloadWarmup   2: 11534336 op, 251835910.00 ns, 21.8336 ns/op
WorkloadWarmup   3: 11534336 op, 253273221.00 ns, 21.9582 ns/op
WorkloadWarmup   4: 11534336 op, 250809761.00 ns, 21.7446 ns/op
WorkloadWarmup   5: 11534336 op, 252701247.00 ns, 21.9086 ns/op
WorkloadWarmup   6: 11534336 op, 253369860.00 ns, 21.9666 ns/op
WorkloadWarmup   7: 11534336 op, 254130386.00 ns, 22.0325 ns/op
WorkloadWarmup   8: 11534336 op, 226787946.00 ns, 19.6620 ns/op
WorkloadWarmup   9: 11534336 op, 176971631.00 ns, 15.3430 ns/op
WorkloadWarmup  10: 11534336 op, 175931579.00 ns, 15.2529 ns/op
WorkloadWarmup  11: 11534336 op, 176608351.00 ns, 15.3115 ns/op
WorkloadWarmup  12: 11534336 op, 181190443.00 ns, 15.7088 ns/op
WorkloadWarmup  13: 11534336 op, 177085719.00 ns, 15.3529 ns/op
WorkloadWarmup  14: 11534336 op, 185012188.00 ns, 16.0401 ns/op
WorkloadWarmup  15: 11534336 op, 176535839.00 ns, 15.3052 ns/op
WorkloadWarmup  16: 11534336 op, 177963735.00 ns, 15.4290 ns/op

// BeforeActualRun
WorkloadActual   1: 11534336 op, 175265019.00 ns, 15.1951 ns/op
WorkloadActual   2: 11534336 op, 174094664.00 ns, 15.0936 ns/op
WorkloadActual   3: 11534336 op, 175289597.00 ns, 15.1972 ns/op
WorkloadActual   4: 11534336 op, 176544583.00 ns, 15.3060 ns/op
WorkloadActual   5: 11534336 op, 177390964.00 ns, 15.3794 ns/op
WorkloadActual   6: 11534336 op, 176994284.00 ns, 15.3450 ns/op
WorkloadActual   7: 11534336 op, 179252321.00 ns, 15.5408 ns/op
WorkloadActual   8: 11534336 op, 176472511.00 ns, 15.2998 ns/op
WorkloadActual   9: 11534336 op, 174859219.00 ns, 15.1599 ns/op
WorkloadActual  10: 11534336 op, 176292966.00 ns, 15.2842 ns/op
WorkloadActual  11: 11534336 op, 177072863.00 ns, 15.3518 ns/op
WorkloadActual  12: 11534336 op, 197209580.00 ns, 17.0976 ns/op

// AfterActualRun
WorkloadResult   1: 11534336 op, 175260606.00 ns, 15.1947 ns/op
WorkloadResult   2: 11534336 op, 174090251.00 ns, 15.0932 ns/op
WorkloadResult   3: 11534336 op, 175285184.00 ns, 15.1968 ns/op
WorkloadResult   4: 11534336 op, 176540170.00 ns, 15.3056 ns/op
WorkloadResult   5: 11534336 op, 177386551.00 ns, 15.3790 ns/op
WorkloadResult   6: 11534336 op, 176989871.00 ns, 15.3446 ns/op
WorkloadResult   7: 11534336 op, 179247908.00 ns, 15.5404 ns/op
WorkloadResult   8: 11534336 op, 176468098.00 ns, 15.2994 ns/op
WorkloadResult   9: 11534336 op, 174854806.00 ns, 15.1595 ns/op
WorkloadResult  10: 11534336 op, 176288553.00 ns, 15.2838 ns/op
WorkloadResult  11: 11534336 op, 177068450.00 ns, 15.3514 ns/op
// GC:  0 0 0 0 11534336
// Threading:  0 0 11534336

// AfterAll
// Benchmark Process 99514 has exited with code 0.

Mean = 15.286 ns, StdErr = 0.037 ns (0.24%), N = 11, StdDev = 0.123 ns
Min = 15.093 ns, Q1 = 15.196 ns, Median = 15.299 ns, Q3 = 15.348 ns, Max = 15.540 ns
IQR = 0.152 ns, LowerFence = 14.967 ns, UpperFence = 15.576 ns
ConfidenceInterval = [15.116 ns; 15.456 ns] (CI 99.9%), Margin = 0.170 ns (1.11% of Mean)
Skewness = 0.34, Kurtosis = 2.41, MValue = 2

// ** Remained 30 (60.0%) benchmark(s) to run. Estimated finish 2026-09-12 13:27 (0h 2m from now) **
// **************************
// Benchmark: DataAuthoredQueryBenchmarks.DirectShape: Jit(IterationCount=12, IterationTime=250ms, WarmupCount=16) [Shape=SixteenTracks, Pattern=Forward]
// *** Execute ***
// Launch: 1 / 1
// Execute: dotnet Alpha-Jit-1.dll --anonymousPipes 120 121 --benchmarkName "DataAuthoredQueryBenchmarks.DirectShape(Shape: SixteenTracks, Pattern: Forward)" --job Jit --benchmarkId 20 in /home/i/GitHub/tl-56-feat-data-authored-api/benchmarks/Alpha/bin/Release/net10.0/Alpha-Jit-1/bin/Release/net10.0
// Failed to set up high priority (Permission denied). In order to run benchmarks with high priority, make sure you have the right permissions.
// BeforeAnythingElse

// Benchmark Process Environment Information:
// BenchmarkDotNet v0.15.8
// Runtime=.NET 10.0.12 (10.0.12, 10.0.1226.42308), X64 RyuJIT x86-64-v3
// GC=Concurrent Workstation
// HardwareIntrinsics=AVX2+BMI1+BMI2+F16C+FMA+LZCNT+MOVBE,AVX,SSE3+SSSE3+SSE4.1+SSE4.2+POPCNT,X86Base+SSE+SSE2,AES+PCLMUL,AvxVnni,SERIALIZE VectorSize=256
// Job: Jit(IterationCount=12, IterationTime=250ms, WarmupCount=16)

OverheadJitting  1: 4096 op, 111409.00 ns, 27.1995 ns/op
WorkloadJitting  1: 4096 op, 1584803.00 ns, 386.9148 ns/op

OverheadJitting  2: 65536 op, 158557.00 ns, 2.4194 ns/op
WorkloadJitting  2: 65536 op, 1385951.00 ns, 21.1479 ns/op

WorkloadPilot    1: 65536 op, 1118636.00 ns, 17.0690 ns/op
WorkloadPilot    2: 14680064 op, 244599280.00 ns, 16.6620 ns/op
WorkloadPilot    3: 15007744 op, 249680304.00 ns, 16.6368 ns/op
WorkloadPilot    4: 15073280 op, 252052012.00 ns, 16.7218 ns/op
WorkloadPilot    5: 15007744 op, 248607420.00 ns, 16.5653 ns/op
WorkloadPilot    6: 15138816 op, 254515068.00 ns, 16.8121 ns/op
WorkloadPilot    7: 14876672 op, 248270825.00 ns, 16.6886 ns/op
WorkloadPilot    8: 15007744 op, 250588033.00 ns, 16.6972 ns/op

OverheadWarmup   1: 15007744 op, 6126.00 ns, 0.0004 ns/op
OverheadWarmup   2: 15007744 op, 5775.00 ns, 0.0004 ns/op
OverheadWarmup   3: 15007744 op, 5807.00 ns, 0.0004 ns/op
OverheadWarmup   4: 15007744 op, 5684.00 ns, 0.0004 ns/op
OverheadWarmup   5: 15007744 op, 5708.00 ns, 0.0004 ns/op
OverheadWarmup   6: 15007744 op, 5677.00 ns, 0.0004 ns/op

OverheadActual   1: 15007744 op, 5914.00 ns, 0.0004 ns/op
OverheadActual   2: 15007744 op, 5899.00 ns, 0.0004 ns/op
OverheadActual   3: 15007744 op, 5994.00 ns, 0.0004 ns/op
OverheadActual   4: 15007744 op, 5803.00 ns, 0.0004 ns/op
OverheadActual   5: 15007744 op, 5865.00 ns, 0.0004 ns/op
OverheadActual   6: 15007744 op, 5720.00 ns, 0.0004 ns/op
OverheadActual   7: 15007744 op, 5681.00 ns, 0.0004 ns/op
OverheadActual   8: 15007744 op, 5686.00 ns, 0.0004 ns/op
OverheadActual   9: 15007744 op, 5702.00 ns, 0.0004 ns/op
OverheadActual  10: 15007744 op, 5710.00 ns, 0.0004 ns/op
OverheadActual  11: 15007744 op, 5690.00 ns, 0.0004 ns/op
OverheadActual  12: 15007744 op, 5717.00 ns, 0.0004 ns/op
OverheadActual  13: 15007744 op, 5619.00 ns, 0.0004 ns/op
OverheadActual  14: 15007744 op, 5704.00 ns, 0.0004 ns/op
OverheadActual  15: 15007744 op, 5712.00 ns, 0.0004 ns/op

WorkloadWarmup   1: 15007744 op, 250516288.00 ns, 16.6925 ns/op
WorkloadWarmup   2: 15007744 op, 251250289.00 ns, 16.7414 ns/op
WorkloadWarmup   3: 15007744 op, 253035405.00 ns, 16.8603 ns/op
WorkloadWarmup   4: 15007744 op, 248166603.00 ns, 16.5359 ns/op
WorkloadWarmup   5: 15007744 op, 227111607.00 ns, 15.1330 ns/op
WorkloadWarmup   6: 15007744 op, 181800968.00 ns, 12.1138 ns/op
WorkloadWarmup   7: 15007744 op, 182261163.00 ns, 12.1445 ns/op
WorkloadWarmup   8: 15007744 op, 180193625.00 ns, 12.0067 ns/op
WorkloadWarmup   9: 15007744 op, 181930393.00 ns, 12.1224 ns/op
WorkloadWarmup  10: 15007744 op, 182003606.00 ns, 12.1273 ns/op
WorkloadWarmup  11: 15007744 op, 178816725.00 ns, 11.9150 ns/op
WorkloadWarmup  12: 15007744 op, 179313337.00 ns, 11.9481 ns/op
WorkloadWarmup  13: 15007744 op, 181710301.00 ns, 12.1078 ns/op
WorkloadWarmup  14: 15007744 op, 177511524.00 ns, 11.8280 ns/op
WorkloadWarmup  15: 15007744 op, 175269351.00 ns, 11.6786 ns/op
WorkloadWarmup  16: 15007744 op, 179227256.00 ns, 11.9423 ns/op

// BeforeActualRun
WorkloadActual   1: 15007744 op, 174149590.00 ns, 11.6040 ns/op
WorkloadActual   2: 15007744 op, 177787285.00 ns, 11.8464 ns/op
WorkloadActual   3: 15007744 op, 177121621.00 ns, 11.8020 ns/op
WorkloadActual   4: 15007744 op, 177757498.00 ns, 11.8444 ns/op
WorkloadActual   5: 15007744 op, 179822396.00 ns, 11.9820 ns/op
WorkloadActual   6: 15007744 op, 172851335.00 ns, 11.5175 ns/op
WorkloadActual   7: 15007744 op, 178072949.00 ns, 11.8654 ns/op
WorkloadActual   8: 15007744 op, 179114498.00 ns, 11.9348 ns/op
WorkloadActual   9: 15007744 op, 192662491.00 ns, 12.8375 ns/op
WorkloadActual  10: 15007744 op, 179738979.00 ns, 11.9764 ns/op
WorkloadActual  11: 15007744 op, 177764278.00 ns, 11.8448 ns/op
WorkloadActual  12: 15007744 op, 176076849.00 ns, 11.7324 ns/op

// AfterActualRun
WorkloadResult   1: 15007744 op, 174143878.00 ns, 11.6036 ns/op
WorkloadResult   2: 15007744 op, 177781573.00 ns, 11.8460 ns/op
WorkloadResult   3: 15007744 op, 177115909.00 ns, 11.8016 ns/op
WorkloadResult   4: 15007744 op, 177751786.00 ns, 11.8440 ns/op
WorkloadResult   5: 15007744 op, 179816684.00 ns, 11.9816 ns/op
WorkloadResult   6: 15007744 op, 172845623.00 ns, 11.5171 ns/op
WorkloadResult   7: 15007744 op, 178067237.00 ns, 11.8650 ns/op
WorkloadResult   8: 15007744 op, 179108786.00 ns, 11.9344 ns/op
WorkloadResult   9: 15007744 op, 179733267.00 ns, 11.9760 ns/op
WorkloadResult  10: 15007744 op, 177758566.00 ns, 11.8445 ns/op
WorkloadResult  11: 15007744 op, 176071137.00 ns, 11.7320 ns/op
// GC:  0 0 0 0 15007744
// Threading:  0 0 15007744

// AfterAll
// Benchmark Process 106478 has exited with code 0.

Mean = 11.813 ns, StdErr = 0.044 ns (0.37%), N = 11, StdDev = 0.146 ns
Min = 11.517 ns, Q1 = 11.767 ns, Median = 11.844 ns, Q3 = 11.900 ns, Max = 11.982 ns
IQR = 0.133 ns, LowerFence = 11.567 ns, UpperFence = 12.099 ns
ConfidenceInterval = [11.611 ns; 12.015 ns] (CI 99.9%), Margin = 0.202 ns (1.71% of Mean)
Skewness = -0.72, Kurtosis = 2.27, MValue = 2

// ** Remained 29 (58.0%) benchmark(s) to run. Estimated finish 2026-09-12 13:27 (0h 2m from now) **
// **************************
// Benchmark: DataAuthoredQueryBenchmarks.GeneratedShape: Jit(IterationCount=12, IterationTime=250ms, WarmupCount=16) [Shape=SixteenTracks, Pattern=Forward]
// *** Execute ***
// Launch: 1 / 1
// Execute: dotnet Alpha-Jit-1.dll --anonymousPipes 120 121 --benchmarkName "DataAuthoredQueryBenchmarks.GeneratedShape(Shape: SixteenTracks, Pattern: Forward)" --job Jit --benchmarkId 21 in /home/i/GitHub/tl-56-feat-data-authored-api/benchmarks/Alpha/bin/Release/net10.0/Alpha-Jit-1/bin/Release/net10.0
// Failed to set up high priority (Permission denied). In order to run benchmarks with high priority, make sure you have the right permissions.
// BeforeAnythingElse

// Benchmark Process Environment Information:
// BenchmarkDotNet v0.15.8
// Runtime=.NET 10.0.12 (10.0.12, 10.0.1226.42308), X64 RyuJIT x86-64-v3
// GC=Concurrent Workstation
// HardwareIntrinsics=AVX2+BMI1+BMI2+F16C+FMA+LZCNT+MOVBE,AVX,SSE3+SSSE3+SSE4.1+SSE4.2+POPCNT,X86Base+SSE+SSE2,AES+PCLMUL,AvxVnni,SERIALIZE VectorSize=256
// Job: Jit(IterationCount=12, IterationTime=250ms, WarmupCount=16)

OverheadJitting  1: 4096 op, 102710.00 ns, 25.0757 ns/op
WorkloadJitting  1: 4096 op, 1033983.00 ns, 252.4373 ns/op

OverheadJitting  2: 65536 op, 123158.00 ns, 1.8792 ns/op
WorkloadJitting  2: 65536 op, 6842153.00 ns, 104.4030 ns/op

WorkloadPilot    1: 65536 op, 4993823.00 ns, 76.1997 ns/op
WorkloadPilot    2: 3342336 op, 253200764.00 ns, 75.7556 ns/op

OverheadWarmup   1: 3342336 op, 2063.00 ns, 0.0006 ns/op
OverheadWarmup   2: 3342336 op, 1320.00 ns, 0.0004 ns/op
OverheadWarmup   3: 3342336 op, 1303.00 ns, 0.0004 ns/op
OverheadWarmup   4: 3342336 op, 1311.00 ns, 0.0004 ns/op
OverheadWarmup   5: 3342336 op, 1298.00 ns, 0.0004 ns/op
OverheadWarmup   6: 3342336 op, 1312.00 ns, 0.0004 ns/op
OverheadWarmup   7: 3342336 op, 1296.00 ns, 0.0004 ns/op

OverheadActual   1: 3342336 op, 1471.00 ns, 0.0004 ns/op
OverheadActual   2: 3342336 op, 1492.00 ns, 0.0004 ns/op
OverheadActual   3: 3342336 op, 1513.00 ns, 0.0005 ns/op
OverheadActual   4: 3342336 op, 1354.00 ns, 0.0004 ns/op
OverheadActual   5: 3342336 op, 1477.00 ns, 0.0004 ns/op
OverheadActual   6: 3342336 op, 1339.00 ns, 0.0004 ns/op
OverheadActual   7: 3342336 op, 1306.00 ns, 0.0004 ns/op
OverheadActual   8: 3342336 op, 1308.00 ns, 0.0004 ns/op
OverheadActual   9: 3342336 op, 1310.00 ns, 0.0004 ns/op
OverheadActual  10: 3342336 op, 1310.00 ns, 0.0004 ns/op
OverheadActual  11: 3342336 op, 1289.00 ns, 0.0004 ns/op
OverheadActual  12: 3342336 op, 1284.00 ns, 0.0004 ns/op
OverheadActual  13: 3342336 op, 1261.00 ns, 0.0004 ns/op
OverheadActual  14: 3342336 op, 1276.00 ns, 0.0004 ns/op
OverheadActual  15: 3342336 op, 1271.00 ns, 0.0004 ns/op
OverheadActual  16: 3342336 op, 1301.00 ns, 0.0004 ns/op
OverheadActual  17: 3342336 op, 1301.00 ns, 0.0004 ns/op

WorkloadWarmup   1: 3342336 op, 252225029.00 ns, 75.4637 ns/op
WorkloadWarmup   2: 3342336 op, 253950796.00 ns, 75.9800 ns/op
WorkloadWarmup   3: 3342336 op, 252293314.00 ns, 75.4841 ns/op
WorkloadWarmup   4: 3342336 op, 253654919.00 ns, 75.8915 ns/op
WorkloadWarmup   5: 3342336 op, 253921706.00 ns, 75.9713 ns/op
WorkloadWarmup   6: 3342336 op, 253185438.00 ns, 75.7510 ns/op
WorkloadWarmup   7: 3342336 op, 171910388.00 ns, 51.4342 ns/op
WorkloadWarmup   8: 3342336 op, 74776320.00 ns, 22.3725 ns/op
WorkloadWarmup   9: 3342336 op, 75884262.00 ns, 22.7040 ns/op
WorkloadWarmup  10: 3342336 op, 74459313.00 ns, 22.2776 ns/op
WorkloadWarmup  11: 3342336 op, 76987225.00 ns, 23.0340 ns/op
WorkloadWarmup  12: 3342336 op, 76908131.00 ns, 23.0103 ns/op
WorkloadWarmup  13: 3342336 op, 75284844.00 ns, 22.5246 ns/op
WorkloadWarmup  14: 3342336 op, 73799950.00 ns, 22.0804 ns/op
WorkloadWarmup  15: 3342336 op, 76311916.00 ns, 22.8319 ns/op
WorkloadWarmup  16: 3342336 op, 74276823.00 ns, 22.2230 ns/op

// BeforeActualRun
WorkloadActual   1: 3342336 op, 73859980.00 ns, 22.0983 ns/op
WorkloadActual   2: 3342336 op, 73801830.00 ns, 22.0809 ns/op
WorkloadActual   3: 3342336 op, 74217443.00 ns, 22.2053 ns/op
WorkloadActual   4: 3342336 op, 74469441.00 ns, 22.2807 ns/op
WorkloadActual   5: 3342336 op, 74642026.00 ns, 22.3323 ns/op
WorkloadActual   6: 3342336 op, 74506828.00 ns, 22.2918 ns/op
WorkloadActual   7: 3342336 op, 74063156.00 ns, 22.1591 ns/op
WorkloadActual   8: 3342336 op, 73744973.00 ns, 22.0639 ns/op
WorkloadActual   9: 3342336 op, 74653145.00 ns, 22.3356 ns/op
WorkloadActual  10: 3342336 op, 75109399.00 ns, 22.4721 ns/op
WorkloadActual  11: 3342336 op, 74893404.00 ns, 22.4075 ns/op
WorkloadActual  12: 3342336 op, 74862289.00 ns, 22.3982 ns/op

// AfterActualRun
WorkloadResult   1: 3342336 op, 73858672.00 ns, 22.0979 ns/op
WorkloadResult   2: 3342336 op, 73800522.00 ns, 22.0805 ns/op
WorkloadResult   3: 3342336 op, 74216135.00 ns, 22.2049 ns/op
WorkloadResult   4: 3342336 op, 74468133.00 ns, 22.2803 ns/op
WorkloadResult   5: 3342336 op, 74640718.00 ns, 22.3319 ns/op
WorkloadResult   6: 3342336 op, 74505520.00 ns, 22.2915 ns/op
WorkloadResult   7: 3342336 op, 74061848.00 ns, 22.1587 ns/op
WorkloadResult   8: 3342336 op, 73743665.00 ns, 22.0635 ns/op
WorkloadResult   9: 3342336 op, 74651837.00 ns, 22.3352 ns/op
WorkloadResult  10: 3342336 op, 75108091.00 ns, 22.4717 ns/op
WorkloadResult  11: 3342336 op, 74892096.00 ns, 22.4071 ns/op
WorkloadResult  12: 3342336 op, 74860981.00 ns, 22.3978 ns/op
// GC:  0 0 0 0 3342336
// Threading:  0 0 3342336

// AfterAll
// Benchmark Process 113584 has exited with code 0.

Mean = 22.260 ns, StdErr = 0.040 ns (0.18%), N = 12, StdDev = 0.138 ns
Min = 22.064 ns, Q1 = 22.144 ns, Median = 22.286 ns, Q3 = 22.351 ns, Max = 22.472 ns
IQR = 0.207 ns, LowerFence = 21.832 ns, UpperFence = 22.662 ns
ConfidenceInterval = [22.084 ns; 22.436 ns] (CI 99.9%), Margin = 0.176 ns (0.79% of Mean)
Skewness = -0.09, Kurtosis = 1.45, MValue = 2

// ** Remained 28 (56.0%) benchmark(s) to run. Estimated finish 2026-09-12 13:27 (0h 2m from now) **
// **************************
// Benchmark: DataAuthoredQueryBenchmarks.DataAuthoredFacade: Jit(IterationCount=12, IterationTime=250ms, WarmupCount=16) [Shape=SixteenTracks, Pattern=Forward]
// *** Execute ***
// Launch: 1 / 1
// Execute: dotnet Alpha-Jit-1.dll --anonymousPipes 120 121 --benchmarkName "DataAuthoredQueryBenchmarks.DataAuthoredFacade(Shape: SixteenTracks, Pattern: Forward)" --job Jit --benchmarkId 22 in /home/i/GitHub/tl-56-feat-data-authored-api/benchmarks/Alpha/bin/Release/net10.0/Alpha-Jit-1/bin/Release/net10.0
// Failed to set up high priority (Permission denied). In order to run benchmarks with high priority, make sure you have the right permissions.
// BeforeAnythingElse

// Benchmark Process Environment Information:
// BenchmarkDotNet v0.15.8
// Runtime=.NET 10.0.12 (10.0.12, 10.0.1226.42308), X64 RyuJIT x86-64-v3
// GC=Concurrent Workstation
// HardwareIntrinsics=AVX2+BMI1+BMI2+F16C+FMA+LZCNT+MOVBE,AVX,SSE3+SSSE3+SSE4.1+SSE4.2+POPCNT,X86Base+SSE+SSE2,AES+PCLMUL,AvxVnni,SERIALIZE VectorSize=256
// Job: Jit(IterationCount=12, IterationTime=250ms, WarmupCount=16)

OverheadJitting  1: 4096 op, 103935.00 ns, 25.3748 ns/op
WorkloadJitting  1: 4096 op, 1278348.00 ns, 312.0967 ns/op

OverheadJitting  2: 65536 op, 132560.00 ns, 2.0227 ns/op
WorkloadJitting  2: 65536 op, 19768574.00 ns, 301.6445 ns/op

WorkloadPilot    1: 65536 op, 18629607.00 ns, 284.2652 ns/op
WorkloadPilot    2: 917504 op, 256746143.00 ns, 279.8311 ns/op

OverheadWarmup   1: 917504 op, 919.00 ns, 0.0010 ns/op
OverheadWarmup   2: 917504 op, 442.00 ns, 0.0005 ns/op
OverheadWarmup   3: 917504 op, 400.00 ns, 0.0004 ns/op
OverheadWarmup   4: 917504 op, 413.00 ns, 0.0005 ns/op
OverheadWarmup   5: 917504 op, 435.00 ns, 0.0005 ns/op
OverheadWarmup   6: 917504 op, 409.00 ns, 0.0004 ns/op
OverheadWarmup   7: 917504 op, 402.00 ns, 0.0004 ns/op
OverheadWarmup   8: 917504 op, 423.00 ns, 0.0005 ns/op
OverheadWarmup   9: 917504 op, 547.00 ns, 0.0006 ns/op
OverheadWarmup  10: 917504 op, 379.00 ns, 0.0004 ns/op

OverheadActual   1: 917504 op, 680.00 ns, 0.0007 ns/op
OverheadActual   2: 917504 op, 605.00 ns, 0.0007 ns/op
OverheadActual   3: 917504 op, 593.00 ns, 0.0006 ns/op
OverheadActual   4: 917504 op, 631.00 ns, 0.0007 ns/op
OverheadActual   5: 917504 op, 566.00 ns, 0.0006 ns/op
OverheadActual   6: 917504 op, 412.00 ns, 0.0004 ns/op
OverheadActual   7: 917504 op, 398.00 ns, 0.0004 ns/op
OverheadActual   8: 917504 op, 359.00 ns, 0.0004 ns/op
OverheadActual   9: 917504 op, 398.00 ns, 0.0004 ns/op
OverheadActual  10: 917504 op, 399.00 ns, 0.0004 ns/op
OverheadActual  11: 917504 op, 375.00 ns, 0.0004 ns/op
OverheadActual  12: 917504 op, 462.00 ns, 0.0005 ns/op
OverheadActual  13: 917504 op, 389.00 ns, 0.0004 ns/op
OverheadActual  14: 917504 op, 407.00 ns, 0.0004 ns/op
OverheadActual  15: 917504 op, 535.00 ns, 0.0006 ns/op
OverheadActual  16: 917504 op, 482.00 ns, 0.0005 ns/op
OverheadActual  17: 917504 op, 573.00 ns, 0.0006 ns/op
OverheadActual  18: 917504 op, 554.00 ns, 0.0006 ns/op
OverheadActual  19: 917504 op, 424.00 ns, 0.0005 ns/op
OverheadActual  20: 917504 op, 408.00 ns, 0.0004 ns/op

WorkloadWarmup   1: 917504 op, 256283217.00 ns, 279.3265 ns/op
WorkloadWarmup   2: 917504 op, 255253528.00 ns, 278.2043 ns/op
WorkloadWarmup   3: 917504 op, 256857576.00 ns, 279.9525 ns/op
WorkloadWarmup   4: 917504 op, 256801501.00 ns, 279.8914 ns/op
WorkloadWarmup   5: 917504 op, 257393097.00 ns, 280.5362 ns/op
WorkloadWarmup   6: 917504 op, 256493355.00 ns, 279.5556 ns/op
WorkloadWarmup   7: 917504 op, 132718704.00 ns, 144.6519 ns/op
WorkloadWarmup   8: 917504 op, 69390916.00 ns, 75.6301 ns/op
WorkloadWarmup   9: 917504 op, 70023060.00 ns, 76.3191 ns/op
WorkloadWarmup  10: 917504 op, 69561757.00 ns, 75.8163 ns/op
WorkloadWarmup  11: 917504 op, 70775183.00 ns, 77.1388 ns/op
WorkloadWarmup  12: 917504 op, 70695832.00 ns, 77.0523 ns/op
WorkloadWarmup  13: 917504 op, 69672792.00 ns, 75.9373 ns/op
WorkloadWarmup  14: 917504 op, 71227475.00 ns, 77.6318 ns/op
WorkloadWarmup  15: 917504 op, 71554468.00 ns, 77.9882 ns/op
WorkloadWarmup  16: 917504 op, 68075411.00 ns, 74.1963 ns/op

// BeforeActualRun
WorkloadActual   1: 917504 op, 70841496.00 ns, 77.2111 ns/op
WorkloadActual   2: 917504 op, 69106023.00 ns, 75.3196 ns/op
WorkloadActual   3: 917504 op, 71478729.00 ns, 77.9056 ns/op
WorkloadActual   4: 917504 op, 75784828.00 ns, 82.5989 ns/op
WorkloadActual   5: 917504 op, 70308902.00 ns, 76.6306 ns/op
WorkloadActual   6: 917504 op, 71603810.00 ns, 78.0420 ns/op
WorkloadActual   7: 917504 op, 69807257.00 ns, 76.0839 ns/op
WorkloadActual   8: 917504 op, 69646007.00 ns, 75.9081 ns/op
WorkloadActual   9: 917504 op, 69836438.00 ns, 76.1157 ns/op
WorkloadActual  10: 917504 op, 70240743.00 ns, 76.5563 ns/op
WorkloadActual  11: 917504 op, 69079260.00 ns, 75.2904 ns/op
WorkloadActual  12: 917504 op, 70442958.00 ns, 76.7767 ns/op

// AfterActualRun
WorkloadResult   1: 917504 op, 70841053.00 ns, 77.2106 ns/op
WorkloadResult   2: 917504 op, 69105580.00 ns, 75.3191 ns/op
WorkloadResult   3: 917504 op, 71478286.00 ns, 77.9051 ns/op
WorkloadResult   4: 917504 op, 70308459.00 ns, 76.6301 ns/op
WorkloadResult   5: 917504 op, 71603367.00 ns, 78.0415 ns/op
WorkloadResult   6: 917504 op, 69806814.00 ns, 76.0834 ns/op
WorkloadResult   7: 917504 op, 69645564.00 ns, 75.9076 ns/op
WorkloadResult   8: 917504 op, 69835995.00 ns, 76.1152 ns/op
WorkloadResult   9: 917504 op, 70240300.00 ns, 76.5559 ns/op
WorkloadResult  10: 917504 op, 69078817.00 ns, 75.2899 ns/op
WorkloadResult  11: 917504 op, 70442515.00 ns, 76.7762 ns/op
// GC:  0 0 0 0 917504
// Threading:  0 0 917504

// AfterAll
// Benchmark Process 117355 has exited with code 0.

Mean = 76.530 ns, StdErr = 0.278 ns (0.36%), N = 11, StdDev = 0.920 ns
Min = 75.290 ns, Q1 = 75.996 ns, Median = 76.556 ns, Q3 = 76.993 ns, Max = 78.041 ns
IQR = 0.998 ns, LowerFence = 74.499 ns, UpperFence = 78.490 ns
ConfidenceInterval = [75.257 ns; 77.803 ns] (CI 99.9%), Margin = 1.273 ns (1.66% of Mean)
Skewness = 0.27, Kurtosis = 1.74, MValue = 2

// ** Remained 27 (54.0%) benchmark(s) to run. Estimated finish 2026-09-12 13:27 (0h 2m from now) **
// **************************
// Benchmark: DataAuthoredQueryBenchmarks.FacadeSelectOnly: Jit(IterationCount=12, IterationTime=250ms, WarmupCount=16) [Shape=SixteenTracks, Pattern=Forward]
// *** Execute ***
// Launch: 1 / 1
// Execute: dotnet Alpha-Jit-1.dll --anonymousPipes 120 121 --benchmarkName "DataAuthoredQueryBenchmarks.FacadeSelectOnly(Shape: SixteenTracks, Pattern: Forward)" --job Jit --benchmarkId 23 in /home/i/GitHub/tl-56-feat-data-authored-api/benchmarks/Alpha/bin/Release/net10.0/Alpha-Jit-1/bin/Release/net10.0
// Failed to set up high priority (Permission denied). In order to run benchmarks with high priority, make sure you have the right permissions.
// BeforeAnythingElse

// Benchmark Process Environment Information:
// BenchmarkDotNet v0.15.8
// Runtime=.NET 10.0.12 (10.0.12, 10.0.1226.42308), X64 RyuJIT x86-64-v3
// GC=Concurrent Workstation
// HardwareIntrinsics=AVX2+BMI1+BMI2+F16C+FMA+LZCNT+MOVBE,AVX,SSE3+SSSE3+SSE4.1+SSE4.2+POPCNT,X86Base+SSE+SSE2,AES+PCLMUL,AvxVnni,SERIALIZE VectorSize=256
// Job: Jit(IterationCount=12, IterationTime=250ms, WarmupCount=16)

OverheadJitting  1: 4096 op, 120356.00 ns, 29.3838 ns/op
WorkloadJitting  1: 4096 op, 267653.00 ns, 65.3450 ns/op

OverheadJitting  2: 65536 op, 122701.00 ns, 1.8723 ns/op
WorkloadJitting  2: 65536 op, 1888429.00 ns, 28.8151 ns/op

WorkloadPilot    1: 65536 op, 1664043.00 ns, 25.3913 ns/op
WorkloadPilot    2: 9895936 op, 248823577.00 ns, 25.1440 ns/op
WorkloadPilot    3: 9961472 op, 252269131.00 ns, 25.3245 ns/op
WorkloadPilot    4: 9895936 op, 249093237.00 ns, 25.1713 ns/op
WorkloadPilot    5: 9961472 op, 251295066.00 ns, 25.2267 ns/op

OverheadWarmup   1: 9961472 op, 4281.00 ns, 0.0004 ns/op
OverheadWarmup   2: 9961472 op, 3882.00 ns, 0.0004 ns/op
OverheadWarmup   3: 9961472 op, 3893.00 ns, 0.0004 ns/op
OverheadWarmup   4: 9961472 op, 3807.00 ns, 0.0004 ns/op
OverheadWarmup   5: 9961472 op, 3821.00 ns, 0.0004 ns/op
OverheadWarmup   6: 9961472 op, 3769.00 ns, 0.0004 ns/op

OverheadActual   1: 9961472 op, 4308.00 ns, 0.0004 ns/op
OverheadActual   2: 9961472 op, 4559.00 ns, 0.0005 ns/op
OverheadActual   3: 9961472 op, 4105.00 ns, 0.0004 ns/op
OverheadActual   4: 9961472 op, 4039.00 ns, 0.0004 ns/op
OverheadActual   5: 9961472 op, 3997.00 ns, 0.0004 ns/op
OverheadActual   6: 9961472 op, 3784.00 ns, 0.0004 ns/op
OverheadActual   7: 9961472 op, 3795.00 ns, 0.0004 ns/op
OverheadActual   8: 9961472 op, 3801.00 ns, 0.0004 ns/op
OverheadActual   9: 9961472 op, 3816.00 ns, 0.0004 ns/op
OverheadActual  10: 9961472 op, 3788.00 ns, 0.0004 ns/op
OverheadActual  11: 9961472 op, 3801.00 ns, 0.0004 ns/op
OverheadActual  12: 9961472 op, 3783.00 ns, 0.0004 ns/op
OverheadActual  13: 9961472 op, 3771.00 ns, 0.0004 ns/op
OverheadActual  14: 9961472 op, 3775.00 ns, 0.0004 ns/op
OverheadActual  15: 9961472 op, 3787.00 ns, 0.0004 ns/op

WorkloadWarmup   1: 9961472 op, 251938753.00 ns, 25.2913 ns/op
WorkloadWarmup   2: 9961472 op, 254224965.00 ns, 25.5208 ns/op
WorkloadWarmup   3: 9961472 op, 251208933.00 ns, 25.2181 ns/op
WorkloadWarmup   4: 9961472 op, 253856585.00 ns, 25.4838 ns/op
WorkloadWarmup   5: 9961472 op, 249662972.00 ns, 25.0629 ns/op
WorkloadWarmup   6: 9961472 op, 249363611.00 ns, 25.0328 ns/op
WorkloadWarmup   7: 9961472 op, 254767519.00 ns, 25.5753 ns/op
WorkloadWarmup   8: 9961472 op, 236725390.00 ns, 23.7641 ns/op
WorkloadWarmup   9: 9961472 op, 203591469.00 ns, 20.4379 ns/op
WorkloadWarmup  10: 9961472 op, 207640843.00 ns, 20.8444 ns/op
WorkloadWarmup  11: 9961472 op, 205954357.00 ns, 20.6751 ns/op
WorkloadWarmup  12: 9961472 op, 203823287.00 ns, 20.4612 ns/op
WorkloadWarmup  13: 9961472 op, 212284582.00 ns, 21.3106 ns/op
WorkloadWarmup  14: 9961472 op, 208712474.00 ns, 20.9520 ns/op
WorkloadWarmup  15: 9961472 op, 205183941.00 ns, 20.5978 ns/op
WorkloadWarmup  16: 9961472 op, 206649797.00 ns, 20.7449 ns/op

// BeforeActualRun
WorkloadActual   1: 9961472 op, 206407185.00 ns, 20.7206 ns/op
WorkloadActual   2: 9961472 op, 205741770.00 ns, 20.6538 ns/op
WorkloadActual   3: 9961472 op, 204815699.00 ns, 20.5608 ns/op
WorkloadActual   4: 9961472 op, 203242216.00 ns, 20.4028 ns/op
WorkloadActual   5: 9961472 op, 204079718.00 ns, 20.4869 ns/op
WorkloadActual   6: 9961472 op, 203819501.00 ns, 20.4608 ns/op
WorkloadActual   7: 9961472 op, 205354279.00 ns, 20.6149 ns/op
WorkloadActual   8: 9961472 op, 204388365.00 ns, 20.5179 ns/op
WorkloadActual   9: 9961472 op, 225573927.00 ns, 22.6446 ns/op
WorkloadActual  10: 9961472 op, 206262940.00 ns, 20.7061 ns/op
WorkloadActual  11: 9961472 op, 207641509.00 ns, 20.8445 ns/op
WorkloadActual  12: 9961472 op, 205184327.00 ns, 20.5978 ns/op

// AfterActualRun
WorkloadResult   1: 9961472 op, 206403384.00 ns, 20.7202 ns/op
WorkloadResult   2: 9961472 op, 205737969.00 ns, 20.6534 ns/op
WorkloadResult   3: 9961472 op, 204811898.00 ns, 20.5604 ns/op
WorkloadResult   4: 9961472 op, 203238415.00 ns, 20.4024 ns/op
WorkloadResult   5: 9961472 op, 204075917.00 ns, 20.4865 ns/op
WorkloadResult   6: 9961472 op, 203815700.00 ns, 20.4604 ns/op
WorkloadResult   7: 9961472 op, 205350478.00 ns, 20.6145 ns/op
WorkloadResult   8: 9961472 op, 204384564.00 ns, 20.5175 ns/op
WorkloadResult   9: 9961472 op, 206259139.00 ns, 20.7057 ns/op
WorkloadResult  10: 9961472 op, 207637708.00 ns, 20.8441 ns/op
WorkloadResult  11: 9961472 op, 205180526.00 ns, 20.5974 ns/op
// GC:  0 0 0 0 9961472
// Threading:  0 0 9961472

// AfterAll
// Benchmark Process 121065 has exited with code 0.

Mean = 20.597 ns, StdErr = 0.039 ns (0.19%), N = 11, StdDev = 0.130 ns
Min = 20.402 ns, Q1 = 20.502 ns, Median = 20.597 ns, Q3 = 20.680 ns, Max = 20.844 ns
IQR = 0.178 ns, LowerFence = 20.236 ns, UpperFence = 20.946 ns
ConfidenceInterval = [20.417 ns; 20.776 ns] (CI 99.9%), Margin = 0.179 ns (0.87% of Mean)
Skewness = 0.28, Kurtosis = 1.96, MValue = 2

// ** Remained 26 (52.0%) benchmark(s) to run. Estimated finish 2026-09-12 13:27 (0h 2m from now) **
// **************************
// Benchmark: DataAuthoredQueryBenchmarks.FacadeNoDispatch: Jit(IterationCount=12, IterationTime=250ms, WarmupCount=16) [Shape=SixteenTracks, Pattern=Forward]
// *** Execute ***
// Launch: 1 / 1
// Execute: dotnet Alpha-Jit-1.dll --anonymousPipes 122 123 --benchmarkName "DataAuthoredQueryBenchmarks.FacadeNoDispatch(Shape: SixteenTracks, Pattern: Forward)" --job Jit --benchmarkId 24 in /home/i/GitHub/tl-56-feat-data-authored-api/benchmarks/Alpha/bin/Release/net10.0/Alpha-Jit-1/bin/Release/net10.0
// Failed to set up high priority (Permission denied). In order to run benchmarks with high priority, make sure you have the right permissions.
// BeforeAnythingElse

// Benchmark Process Environment Information:
// BenchmarkDotNet v0.15.8
// Runtime=.NET 10.0.12 (10.0.12, 10.0.1226.42308), X64 RyuJIT x86-64-v3
// GC=Concurrent Workstation
// HardwareIntrinsics=AVX2+BMI1+BMI2+F16C+FMA+LZCNT+MOVBE,AVX,SSE3+SSSE3+SSE4.1+SSE4.2+POPCNT,X86Base+SSE+SSE2,AES+PCLMUL,AvxVnni,SERIALIZE VectorSize=256
// Job: Jit(IterationCount=12, IterationTime=250ms, WarmupCount=16)

OverheadJitting  1: 4096 op, 114844.00 ns, 28.0381 ns/op
WorkloadJitting  1: 4096 op, 338668.00 ns, 82.6826 ns/op

OverheadJitting  2: 65536 op, 123780.00 ns, 1.8887 ns/op
WorkloadJitting  2: 65536 op, 3315781.00 ns, 50.5948 ns/op

WorkloadPilot    1: 65536 op, 3792474.00 ns, 57.8686 ns/op
WorkloadPilot    2: 4325376 op, 199360968.00 ns, 46.0910 ns/op
WorkloadPilot    3: 5439488 op, 250651070.00 ns, 46.0799 ns/op

OverheadWarmup   1: 5439488 op, 2752.00 ns, 0.0005 ns/op
OverheadWarmup   2: 5439488 op, 6573.00 ns, 0.0012 ns/op
OverheadWarmup   3: 5439488 op, 2132.00 ns, 0.0004 ns/op
OverheadWarmup   4: 5439488 op, 2125.00 ns, 0.0004 ns/op
OverheadWarmup   5: 5439488 op, 2254.00 ns, 0.0004 ns/op
OverheadWarmup   6: 5439488 op, 2122.00 ns, 0.0004 ns/op

OverheadActual   1: 5439488 op, 2739.00 ns, 0.0005 ns/op
OverheadActual   2: 5439488 op, 2534.00 ns, 0.0005 ns/op
OverheadActual   3: 5439488 op, 2338.00 ns, 0.0004 ns/op
OverheadActual   4: 5439488 op, 2160.00 ns, 0.0004 ns/op
OverheadActual   5: 5439488 op, 2263.00 ns, 0.0004 ns/op
OverheadActual   6: 5439488 op, 2695.00 ns, 0.0005 ns/op
OverheadActual   7: 5439488 op, 2131.00 ns, 0.0004 ns/op
OverheadActual   8: 5439488 op, 2068.00 ns, 0.0004 ns/op
OverheadActual   9: 5439488 op, 2119.00 ns, 0.0004 ns/op
OverheadActual  10: 5439488 op, 2090.00 ns, 0.0004 ns/op
OverheadActual  11: 5439488 op, 2097.00 ns, 0.0004 ns/op
OverheadActual  12: 5439488 op, 2106.00 ns, 0.0004 ns/op
OverheadActual  13: 5439488 op, 2091.00 ns, 0.0004 ns/op
OverheadActual  14: 5439488 op, 2095.00 ns, 0.0004 ns/op
OverheadActual  15: 5439488 op, 2099.00 ns, 0.0004 ns/op
OverheadActual  16: 5439488 op, 2099.00 ns, 0.0004 ns/op
OverheadActual  17: 5439488 op, 2085.00 ns, 0.0004 ns/op

WorkloadWarmup   1: 5439488 op, 251728517.00 ns, 46.2780 ns/op
WorkloadWarmup   2: 5439488 op, 251129699.00 ns, 46.1679 ns/op
WorkloadWarmup   3: 5439488 op, 252120992.00 ns, 46.3501 ns/op
WorkloadWarmup   4: 5439488 op, 251649838.00 ns, 46.2635 ns/op
WorkloadWarmup   5: 5439488 op, 250463784.00 ns, 46.0455 ns/op
WorkloadWarmup   6: 5439488 op, 243213028.00 ns, 44.7125 ns/op
WorkloadWarmup   7: 5439488 op, 193537508.00 ns, 35.5801 ns/op
WorkloadWarmup   8: 5439488 op, 193459449.00 ns, 35.5657 ns/op
WorkloadWarmup   9: 5439488 op, 192425674.00 ns, 35.3757 ns/op
WorkloadWarmup  10: 5439488 op, 193250630.00 ns, 35.5274 ns/op
WorkloadWarmup  11: 5439488 op, 191840979.00 ns, 35.2682 ns/op
WorkloadWarmup  12: 5439488 op, 202127597.00 ns, 37.1593 ns/op
WorkloadWarmup  13: 5439488 op, 198339799.00 ns, 36.4630 ns/op
WorkloadWarmup  14: 5439488 op, 195626570.00 ns, 35.9642 ns/op
WorkloadWarmup  15: 5439488 op, 193371384.00 ns, 35.5496 ns/op
WorkloadWarmup  16: 5439488 op, 192275069.00 ns, 35.3480 ns/op

// BeforeActualRun
WorkloadActual   1: 5439488 op, 199011367.00 ns, 36.5864 ns/op
WorkloadActual   2: 5439488 op, 194632521.00 ns, 35.7814 ns/op
WorkloadActual   3: 5439488 op, 191988714.00 ns, 35.2954 ns/op
WorkloadActual   4: 5439488 op, 192886771.00 ns, 35.4605 ns/op
WorkloadActual   5: 5439488 op, 193542884.00 ns, 35.5811 ns/op
WorkloadActual   6: 5439488 op, 193689296.00 ns, 35.6080 ns/op
WorkloadActual   7: 5439488 op, 194018534.00 ns, 35.6685 ns/op
WorkloadActual   8: 5439488 op, 192092660.00 ns, 35.3145 ns/op
WorkloadActual   9: 5439488 op, 215582826.00 ns, 39.6329 ns/op
WorkloadActual  10: 5439488 op, 192506190.00 ns, 35.3905 ns/op
WorkloadActual  11: 5439488 op, 192628049.00 ns, 35.4129 ns/op
WorkloadActual  12: 5439488 op, 194116925.00 ns, 35.6866 ns/op

// AfterActualRun
WorkloadResult   1: 5439488 op, 194630415.00 ns, 35.7810 ns/op
WorkloadResult   2: 5439488 op, 191986608.00 ns, 35.2950 ns/op
WorkloadResult   3: 5439488 op, 192884665.00 ns, 35.4601 ns/op
WorkloadResult   4: 5439488 op, 193540778.00 ns, 35.5807 ns/op
WorkloadResult   5: 5439488 op, 193687190.00 ns, 35.6076 ns/op
WorkloadResult   6: 5439488 op, 194016428.00 ns, 35.6681 ns/op
WorkloadResult   7: 5439488 op, 192090554.00 ns, 35.3141 ns/op
WorkloadResult   8: 5439488 op, 192504084.00 ns, 35.3901 ns/op
WorkloadResult   9: 5439488 op, 192625943.00 ns, 35.4125 ns/op
WorkloadResult  10: 5439488 op, 194114819.00 ns, 35.6862 ns/op
// GC:  0 0 0 672 5439488
// Threading:  0 0 5439488

// AfterAll
// Benchmark Process 128915 has exited with code 0.

Mean = 35.520 ns, StdErr = 0.053 ns (0.15%), N = 10, StdDev = 0.168 ns
Min = 35.295 ns, Q1 = 35.396 ns, Median = 35.520 ns, Q3 = 35.653 ns, Max = 35.781 ns
IQR = 0.257 ns, LowerFence = 35.010 ns, UpperFence = 36.039 ns
ConfidenceInterval = [35.266 ns; 35.774 ns] (CI 99.9%), Margin = 0.254 ns (0.72% of Mean)
Skewness = 0.07, Kurtosis = 1.35, MValue = 2

// ** Remained 25 (50.0%) benchmark(s) to run. Estimated finish 2026-09-12 13:27 (0h 2m from now) **
// **************************
// Benchmark: DataAuthoredQueryBenchmarks.DirectShape: Jit(IterationCount=12, IterationTime=250ms, WarmupCount=16) [Shape=SixteenTracks, Pattern=Alternating]
// *** Execute ***
// Launch: 1 / 1
// Execute: dotnet Alpha-Jit-1.dll --anonymousPipes 120 121 --benchmarkName "DataAuthoredQueryBenchmarks.DirectShape(Shape: SixteenTracks, Pattern: Alternating)" --job Jit --benchmarkId 25 in /home/i/GitHub/tl-56-feat-data-authored-api/benchmarks/Alpha/bin/Release/net10.0/Alpha-Jit-1/bin/Release/net10.0
// Failed to set up high priority (Permission denied). In order to run benchmarks with high priority, make sure you have the right permissions.
// BeforeAnythingElse

// Benchmark Process Environment Information:
// BenchmarkDotNet v0.15.8
// Runtime=.NET 10.0.12 (10.0.12, 10.0.1226.42308), X64 RyuJIT x86-64-v3
// GC=Concurrent Workstation
// HardwareIntrinsics=AVX2+BMI1+BMI2+F16C+FMA+LZCNT+MOVBE,AVX,SSE3+SSSE3+SSE4.1+SSE4.2+POPCNT,X86Base+SSE+SSE2,AES+PCLMUL,AvxVnni,SERIALIZE VectorSize=256
// Job: Jit(IterationCount=12, IterationTime=250ms, WarmupCount=16)

OverheadJitting  1: 4096 op, 104735.00 ns, 25.5701 ns/op
WorkloadJitting  1: 4096 op, 1553430.00 ns, 379.2554 ns/op

OverheadJitting  2: 65536 op, 120234.00 ns, 1.8346 ns/op
WorkloadJitting  2: 65536 op, 1273633.00 ns, 19.4341 ns/op

WorkloadPilot    1: 65536 op, 1146835.00 ns, 17.4993 ns/op
WorkloadPilot    2: 14286848 op, 243744375.00 ns, 17.0608 ns/op
WorkloadPilot    3: 14680064 op, 250277568.00 ns, 17.0488 ns/op

OverheadWarmup   1: 14680064 op, 5442.00 ns, 0.0004 ns/op
OverheadWarmup   2: 14680064 op, 4988.00 ns, 0.0003 ns/op
OverheadWarmup   3: 14680064 op, 4887.00 ns, 0.0003 ns/op
OverheadWarmup   4: 14680064 op, 4873.00 ns, 0.0003 ns/op
OverheadWarmup   5: 14680064 op, 4918.00 ns, 0.0003 ns/op
OverheadWarmup   6: 14680064 op, 4914.00 ns, 0.0003 ns/op
OverheadWarmup   7: 14680064 op, 4817.00 ns, 0.0003 ns/op
OverheadWarmup   8: 14680064 op, 4777.00 ns, 0.0003 ns/op
OverheadWarmup   9: 14680064 op, 4814.00 ns, 0.0003 ns/op
OverheadWarmup  10: 14680064 op, 4797.00 ns, 0.0003 ns/op

OverheadActual   1: 14680064 op, 5155.00 ns, 0.0004 ns/op
OverheadActual   2: 14680064 op, 5184.00 ns, 0.0004 ns/op
OverheadActual   3: 14680064 op, 5178.00 ns, 0.0004 ns/op
OverheadActual   4: 14680064 op, 5029.00 ns, 0.0003 ns/op
OverheadActual   5: 14680064 op, 5704.00 ns, 0.0004 ns/op
OverheadActual   6: 14680064 op, 5575.00 ns, 0.0004 ns/op
OverheadActual   7: 14680064 op, 5494.00 ns, 0.0004 ns/op
OverheadActual   8: 14680064 op, 5538.00 ns, 0.0004 ns/op
OverheadActual   9: 14680064 op, 5383.00 ns, 0.0004 ns/op
OverheadActual  10: 14680064 op, 4914.00 ns, 0.0003 ns/op
OverheadActual  11: 14680064 op, 4882.00 ns, 0.0003 ns/op
OverheadActual  12: 14680064 op, 4880.00 ns, 0.0003 ns/op
OverheadActual  13: 14680064 op, 4913.00 ns, 0.0003 ns/op
OverheadActual  14: 14680064 op, 4899.00 ns, 0.0003 ns/op
OverheadActual  15: 14680064 op, 4909.00 ns, 0.0003 ns/op
OverheadActual  16: 14680064 op, 4925.00 ns, 0.0003 ns/op
OverheadActual  17: 14680064 op, 4901.00 ns, 0.0003 ns/op
OverheadActual  18: 14680064 op, 5063.00 ns, 0.0003 ns/op
OverheadActual  19: 14680064 op, 4912.00 ns, 0.0003 ns/op

WorkloadWarmup   1: 14680064 op, 251785379.00 ns, 17.1515 ns/op
WorkloadWarmup   2: 14680064 op, 251355091.00 ns, 17.1222 ns/op
WorkloadWarmup   3: 14680064 op, 249945071.00 ns, 17.0262 ns/op
WorkloadWarmup   4: 14680064 op, 251241136.00 ns, 17.1144 ns/op
WorkloadWarmup   5: 14680064 op, 250148010.00 ns, 17.0400 ns/op
WorkloadWarmup   6: 14680064 op, 264702186.00 ns, 18.0314 ns/op
WorkloadWarmup   7: 14680064 op, 271626899.00 ns, 18.5031 ns/op
WorkloadWarmup   8: 14680064 op, 272695537.00 ns, 18.5759 ns/op
WorkloadWarmup   9: 14680064 op, 272100681.00 ns, 18.5354 ns/op
WorkloadWarmup  10: 14680064 op, 275264960.00 ns, 18.7509 ns/op
WorkloadWarmup  11: 14680064 op, 276085085.00 ns, 18.8068 ns/op
WorkloadWarmup  12: 14680064 op, 272889295.00 ns, 18.5891 ns/op
WorkloadWarmup  13: 14680064 op, 273775950.00 ns, 18.6495 ns/op
WorkloadWarmup  14: 14680064 op, 279295517.00 ns, 19.0255 ns/op
WorkloadWarmup  15: 14680064 op, 272466547.00 ns, 18.5603 ns/op
WorkloadWarmup  16: 14680064 op, 271544381.00 ns, 18.4975 ns/op

// BeforeActualRun
WorkloadActual   1: 14680064 op, 274251724.00 ns, 18.6819 ns/op
WorkloadActual   2: 14680064 op, 270565332.00 ns, 18.4308 ns/op
WorkloadActual   3: 14680064 op, 273323525.00 ns, 18.6187 ns/op
WorkloadActual   4: 14680064 op, 274151883.00 ns, 18.6751 ns/op
WorkloadActual   5: 14680064 op, 273884748.00 ns, 18.6569 ns/op
WorkloadActual   6: 14680064 op, 291422212.00 ns, 19.8516 ns/op
WorkloadActual   7: 14680064 op, 274782265.00 ns, 18.7181 ns/op
WorkloadActual   8: 14680064 op, 273778505.00 ns, 18.6497 ns/op
WorkloadActual   9: 14680064 op, 272952746.00 ns, 18.5934 ns/op
WorkloadActual  10: 14680064 op, 274431710.00 ns, 18.6942 ns/op
WorkloadActual  11: 14680064 op, 273961643.00 ns, 18.6622 ns/op
WorkloadActual  12: 14680064 op, 273516193.00 ns, 18.6318 ns/op

// AfterActualRun
WorkloadResult   1: 14680064 op, 274246695.00 ns, 18.6816 ns/op
WorkloadResult   2: 14680064 op, 270560303.00 ns, 18.4305 ns/op
WorkloadResult   3: 14680064 op, 273318496.00 ns, 18.6183 ns/op
WorkloadResult   4: 14680064 op, 274146854.00 ns, 18.6748 ns/op
WorkloadResult   5: 14680064 op, 273879719.00 ns, 18.6566 ns/op
WorkloadResult   6: 14680064 op, 274777236.00 ns, 18.7177 ns/op
WorkloadResult   7: 14680064 op, 273773476.00 ns, 18.6493 ns/op
WorkloadResult   8: 14680064 op, 272947717.00 ns, 18.5931 ns/op
WorkloadResult   9: 14680064 op, 274426681.00 ns, 18.6938 ns/op
WorkloadResult  10: 14680064 op, 273956614.00 ns, 18.6618 ns/op
WorkloadResult  11: 14680064 op, 273511164.00 ns, 18.6315 ns/op
// GC:  0 0 0 0 14680064
// Threading:  0 0 14680064

// AfterAll
// Benchmark Process 135715 has exited with code 0.

Mean = 18.637 ns, StdErr = 0.023 ns (0.12%), N = 11, StdDev = 0.077 ns
Min = 18.430 ns, Q1 = 18.625 ns, Median = 18.657 ns, Q3 = 18.678 ns, Max = 18.718 ns
IQR = 0.053 ns, LowerFence = 18.545 ns, UpperFence = 18.758 ns
ConfidenceInterval = [18.531 ns; 18.744 ns] (CI 99.9%), Margin = 0.106 ns (0.57% of Mean)
Skewness = -1.61, Kurtosis = 4.89, MValue = 2

// ** Remained 24 (48.0%) benchmark(s) to run. Estimated finish 2026-09-12 13:27 (0h 2m from now) **
// **************************
// Benchmark: DataAuthoredQueryBenchmarks.GeneratedShape: Jit(IterationCount=12, IterationTime=250ms, WarmupCount=16) [Shape=SixteenTracks, Pattern=Alternating]
// *** Execute ***
// Launch: 1 / 1
// Execute: dotnet Alpha-Jit-1.dll --anonymousPipes 120 121 --benchmarkName "DataAuthoredQueryBenchmarks.GeneratedShape(Shape: SixteenTracks, Pattern: Alternating)" --job Jit --benchmarkId 26 in /home/i/GitHub/tl-56-feat-data-authored-api/benchmarks/Alpha/bin/Release/net10.0/Alpha-Jit-1/bin/Release/net10.0
// Failed to set up high priority (Permission denied). In order to run benchmarks with high priority, make sure you have the right permissions.
// BeforeAnythingElse

// Benchmark Process Environment Information:
// BenchmarkDotNet v0.15.8
// Runtime=.NET 10.0.12 (10.0.12, 10.0.1226.42308), X64 RyuJIT x86-64-v3
// GC=Concurrent Workstation
// HardwareIntrinsics=AVX2+BMI1+BMI2+F16C+FMA+LZCNT+MOVBE,AVX,SSE3+SSSE3+SSE4.1+SSE4.2+POPCNT,X86Base+SSE+SSE2,AES+PCLMUL,AvxVnni,SERIALIZE VectorSize=256
// Job: Jit(IterationCount=12, IterationTime=250ms, WarmupCount=16)

OverheadJitting  1: 4096 op, 107106.00 ns, 26.1489 ns/op
WorkloadJitting  1: 4096 op, 958891.00 ns, 234.1042 ns/op

OverheadJitting  2: 65536 op, 154867.00 ns, 2.3631 ns/op
WorkloadJitting  2: 65536 op, 13238807.00 ns, 202.0082 ns/op

WorkloadPilot    1: 65536 op, 9957683.00 ns, 151.9422 ns/op
WorkloadPilot    2: 1703936 op, 245931960.00 ns, 144.3317 ns/op
WorkloadPilot    3: 1769472 op, 252413473.00 ns, 142.6490 ns/op

OverheadWarmup   1: 1769472 op, 1051.00 ns, 0.0006 ns/op
OverheadWarmup   2: 1769472 op, 716.00 ns, 0.0004 ns/op
OverheadWarmup   3: 1769472 op, 670.00 ns, 0.0004 ns/op
OverheadWarmup   4: 1769472 op, 655.00 ns, 0.0004 ns/op
OverheadWarmup   5: 1769472 op, 670.00 ns, 0.0004 ns/op
OverheadWarmup   6: 1769472 op, 686.00 ns, 0.0004 ns/op
OverheadWarmup   7: 1769472 op, 686.00 ns, 0.0004 ns/op
OverheadWarmup   8: 1769472 op, 680.00 ns, 0.0004 ns/op
OverheadWarmup   9: 1769472 op, 669.00 ns, 0.0004 ns/op
OverheadWarmup  10: 1769472 op, 658.00 ns, 0.0004 ns/op

OverheadActual   1: 1769472 op, 862.00 ns, 0.0005 ns/op
OverheadActual   2: 1769472 op, 892.00 ns, 0.0005 ns/op
OverheadActual   3: 1769472 op, 861.00 ns, 0.0005 ns/op
OverheadActual   4: 1769472 op, 847.00 ns, 0.0005 ns/op
OverheadActual   5: 1769472 op, 881.00 ns, 0.0005 ns/op
OverheadActual   6: 1769472 op, 629.00 ns, 0.0004 ns/op
OverheadActual   7: 1769472 op, 634.00 ns, 0.0004 ns/op
OverheadActual   8: 1769472 op, 616.00 ns, 0.0003 ns/op
OverheadActual   9: 1769472 op, 632.00 ns, 0.0004 ns/op
OverheadActual  10: 1769472 op, 649.00 ns, 0.0004 ns/op
OverheadActual  11: 1769472 op, 645.00 ns, 0.0004 ns/op
OverheadActual  12: 1769472 op, 657.00 ns, 0.0004 ns/op
OverheadActual  13: 1769472 op, 671.00 ns, 0.0004 ns/op
OverheadActual  14: 1769472 op, 667.00 ns, 0.0004 ns/op
OverheadActual  15: 1769472 op, 673.00 ns, 0.0004 ns/op
OverheadActual  16: 1769472 op, 695.00 ns, 0.0004 ns/op
OverheadActual  17: 1769472 op, 674.00 ns, 0.0004 ns/op
OverheadActual  18: 1769472 op, 872.00 ns, 0.0005 ns/op
OverheadActual  19: 1769472 op, 695.00 ns, 0.0004 ns/op
OverheadActual  20: 1769472 op, 718.00 ns, 0.0004 ns/op

WorkloadWarmup   1: 1769472 op, 257636933.00 ns, 145.6010 ns/op
WorkloadWarmup   2: 1769472 op, 258727616.00 ns, 146.2174 ns/op
WorkloadWarmup   3: 1769472 op, 257324351.00 ns, 145.4244 ns/op
WorkloadWarmup   4: 1769472 op, 253865786.00 ns, 143.4698 ns/op
WorkloadWarmup   5: 1769472 op, 255207115.00 ns, 144.2278 ns/op
WorkloadWarmup   6: 1769472 op, 158208127.00 ns, 89.4098 ns/op
WorkloadWarmup   7: 1769472 op, 36495797.00 ns, 20.6252 ns/op
WorkloadWarmup   8: 1769472 op, 36864752.00 ns, 20.8338 ns/op
WorkloadWarmup   9: 1769472 op, 36927612.00 ns, 20.8693 ns/op
WorkloadWarmup  10: 1769472 op, 37998049.00 ns, 21.4742 ns/op
WorkloadWarmup  11: 1769472 op, 38665165.00 ns, 21.8512 ns/op
WorkloadWarmup  12: 1769472 op, 37142027.00 ns, 20.9905 ns/op
WorkloadWarmup  13: 1769472 op, 36606703.00 ns, 20.6879 ns/op
WorkloadWarmup  14: 1769472 op, 40359073.00 ns, 22.8085 ns/op
WorkloadWarmup  15: 1769472 op, 36349479.00 ns, 20.5426 ns/op
WorkloadWarmup  16: 1769472 op, 36090902.00 ns, 20.3964 ns/op

// BeforeActualRun
WorkloadActual   1: 1769472 op, 36344524.00 ns, 20.5398 ns/op
WorkloadActual   2: 1769472 op, 35924540.00 ns, 20.3024 ns/op
WorkloadActual   3: 1769472 op, 36421462.00 ns, 20.5832 ns/op
WorkloadActual   4: 1769472 op, 36616369.00 ns, 20.6934 ns/op
WorkloadActual   5: 1769472 op, 35963695.00 ns, 20.3245 ns/op
WorkloadActual   6: 1769472 op, 36565690.00 ns, 20.6647 ns/op
WorkloadActual   7: 1769472 op, 36697988.00 ns, 20.7395 ns/op
WorkloadActual   8: 1769472 op, 35980188.00 ns, 20.3339 ns/op
WorkloadActual   9: 1769472 op, 36872530.00 ns, 20.8382 ns/op
WorkloadActual  10: 1769472 op, 36487159.00 ns, 20.6204 ns/op
WorkloadActual  11: 1769472 op, 35420912.00 ns, 20.0178 ns/op
WorkloadActual  12: 1769472 op, 35644639.00 ns, 20.1442 ns/op

// AfterActualRun
WorkloadResult   1: 1769472 op, 36343850.50 ns, 20.5394 ns/op
WorkloadResult   2: 1769472 op, 35923866.50 ns, 20.3020 ns/op
WorkloadResult   3: 1769472 op, 36420788.50 ns, 20.5829 ns/op
WorkloadResult   4: 1769472 op, 36615695.50 ns, 20.6930 ns/op
WorkloadResult   5: 1769472 op, 35963021.50 ns, 20.3242 ns/op
WorkloadResult   6: 1769472 op, 36565016.50 ns, 20.6644 ns/op
WorkloadResult   7: 1769472 op, 36697314.50 ns, 20.7391 ns/op
WorkloadResult   8: 1769472 op, 35979514.50 ns, 20.3335 ns/op
WorkloadResult   9: 1769472 op, 36871856.50 ns, 20.8378 ns/op
WorkloadResult  10: 1769472 op, 36486485.50 ns, 20.6200 ns/op
WorkloadResult  11: 1769472 op, 35420238.50 ns, 20.0174 ns/op
WorkloadResult  12: 1769472 op, 35643965.50 ns, 20.1438 ns/op
// GC:  0 0 0 0 1769472
// Threading:  0 0 1769472

// AfterAll
// Benchmark Process 144436 has exited with code 0.

Mean = 20.483 ns, StdErr = 0.073 ns (0.36%), N = 12, StdDev = 0.255 ns
Min = 20.017 ns, Q1 = 20.319 ns, Median = 20.561 ns, Q3 = 20.672 ns, Max = 20.838 ns
IQR = 0.353 ns, LowerFence = 19.789 ns, UpperFence = 21.201 ns
ConfidenceInterval = [20.157 ns; 20.809 ns] (CI 99.9%), Margin = 0.326 ns (1.59% of Mean)
Skewness = -0.37, Kurtosis = 1.71, MValue = 2

// ** Remained 23 (46.0%) benchmark(s) to run. Estimated finish 2026-09-12 13:27 (0h 2m from now) **
// **************************
// Benchmark: DataAuthoredQueryBenchmarks.DataAuthoredFacade: Jit(IterationCount=12, IterationTime=250ms, WarmupCount=16) [Shape=SixteenTracks, Pattern=Alternating]
// *** Execute ***
// Launch: 1 / 1
// Execute: dotnet Alpha-Jit-1.dll --anonymousPipes 120 121 --benchmarkName "DataAuthoredQueryBenchmarks.DataAuthoredFacade(Shape: SixteenTracks, Pattern: Alternating)" --job Jit --benchmarkId 27 in /home/i/GitHub/tl-56-feat-data-authored-api/benchmarks/Alpha/bin/Release/net10.0/Alpha-Jit-1/bin/Release/net10.0
// Failed to set up high priority (Permission denied). In order to run benchmarks with high priority, make sure you have the right permissions.
// BeforeAnythingElse

// Benchmark Process Environment Information:
// BenchmarkDotNet v0.15.8
// Runtime=.NET 10.0.12 (10.0.12, 10.0.1226.42308), X64 RyuJIT x86-64-v3
// GC=Concurrent Workstation
// HardwareIntrinsics=AVX2+BMI1+BMI2+F16C+FMA+LZCNT+MOVBE,AVX,SSE3+SSSE3+SSE4.1+SSE4.2+POPCNT,X86Base+SSE+SSE2,AES+PCLMUL,AvxVnni,SERIALIZE VectorSize=256
// Job: Jit(IterationCount=12, IterationTime=250ms, WarmupCount=16)

OverheadJitting  1: 4096 op, 104311.00 ns, 25.4666 ns/op
WorkloadJitting  1: 4096 op, 1243569.00 ns, 303.6057 ns/op

OverheadJitting  2: 65536 op, 123824.00 ns, 1.8894 ns/op
WorkloadJitting  2: 65536 op, 18854668.00 ns, 287.6994 ns/op

WorkloadPilot    1: 65536 op, 18846367.00 ns, 287.5727 ns/op
WorkloadPilot    2: 917504 op, 263054875.00 ns, 286.7071 ns/op

OverheadWarmup   1: 917504 op, 861.00 ns, 0.0009 ns/op
OverheadWarmup   2: 917504 op, 459.00 ns, 0.0005 ns/op
OverheadWarmup   3: 917504 op, 380.00 ns, 0.0004 ns/op
OverheadWarmup   4: 917504 op, 365.00 ns, 0.0004 ns/op
OverheadWarmup   5: 917504 op, 441.00 ns, 0.0005 ns/op
OverheadWarmup   6: 917504 op, 373.00 ns, 0.0004 ns/op
OverheadWarmup   7: 917504 op, 397.00 ns, 0.0004 ns/op
OverheadWarmup   8: 917504 op, 369.00 ns, 0.0004 ns/op

OverheadActual   1: 917504 op, 614.00 ns, 0.0007 ns/op
OverheadActual   2: 917504 op, 623.00 ns, 0.0007 ns/op
OverheadActual   3: 917504 op, 576.00 ns, 0.0006 ns/op
OverheadActual   4: 917504 op, 520.00 ns, 0.0006 ns/op
OverheadActual   5: 917504 op, 1104.00 ns, 0.0012 ns/op
OverheadActual   6: 917504 op, 483.00 ns, 0.0005 ns/op
OverheadActual   7: 917504 op, 499.00 ns, 0.0005 ns/op
OverheadActual   8: 917504 op, 359.00 ns, 0.0004 ns/op
OverheadActual   9: 917504 op, 375.00 ns, 0.0004 ns/op
OverheadActual  10: 917504 op, 366.00 ns, 0.0004 ns/op
OverheadActual  11: 917504 op, 411.00 ns, 0.0004 ns/op
OverheadActual  12: 917504 op, 394.00 ns, 0.0004 ns/op
OverheadActual  13: 917504 op, 387.00 ns, 0.0004 ns/op
OverheadActual  14: 917504 op, 366.00 ns, 0.0004 ns/op
OverheadActual  15: 917504 op, 381.00 ns, 0.0004 ns/op
OverheadActual  16: 917504 op, 388.00 ns, 0.0004 ns/op
OverheadActual  17: 917504 op, 390.00 ns, 0.0004 ns/op
OverheadActual  18: 917504 op, 578.00 ns, 0.0006 ns/op
OverheadActual  19: 917504 op, 414.00 ns, 0.0005 ns/op
OverheadActual  20: 917504 op, 396.00 ns, 0.0004 ns/op

WorkloadWarmup   1: 917504 op, 262946740.00 ns, 286.5892 ns/op
WorkloadWarmup   2: 917504 op, 266666314.00 ns, 290.6432 ns/op
WorkloadWarmup   3: 917504 op, 261432695.00 ns, 284.9390 ns/op
WorkloadWarmup   4: 917504 op, 268929166.00 ns, 293.1095 ns/op
WorkloadWarmup   5: 917504 op, 264661377.00 ns, 288.4580 ns/op
WorkloadWarmup   6: 917504 op, 263171677.00 ns, 286.8344 ns/op
WorkloadWarmup   7: 917504 op, 95273552.00 ns, 103.8399 ns/op
WorkloadWarmup   8: 917504 op, 72723632.00 ns, 79.2625 ns/op
WorkloadWarmup   9: 917504 op, 72623511.00 ns, 79.1533 ns/op
WorkloadWarmup  10: 917504 op, 71615717.00 ns, 78.0549 ns/op
WorkloadWarmup  11: 917504 op, 72054903.00 ns, 78.5336 ns/op
WorkloadWarmup  12: 917504 op, 71983057.00 ns, 78.4553 ns/op
WorkloadWarmup  13: 917504 op, 70991260.00 ns, 77.3743 ns/op
WorkloadWarmup  14: 917504 op, 77048786.00 ns, 83.9765 ns/op
WorkloadWarmup  15: 917504 op, 71919095.00 ns, 78.3856 ns/op
WorkloadWarmup  16: 917504 op, 71641691.00 ns, 78.0832 ns/op

// BeforeActualRun
WorkloadActual   1: 917504 op, 71726631.00 ns, 78.1758 ns/op
WorkloadActual   2: 917504 op, 70880168.00 ns, 77.2533 ns/op
WorkloadActual   3: 917504 op, 71999725.00 ns, 78.4735 ns/op
WorkloadActual   4: 917504 op, 72986761.00 ns, 79.5493 ns/op
WorkloadActual   5: 917504 op, 71245758.00 ns, 77.6517 ns/op
WorkloadActual   6: 917504 op, 72881528.00 ns, 79.4346 ns/op
WorkloadActual   7: 917504 op, 72254051.00 ns, 78.7507 ns/op
WorkloadActual   8: 917504 op, 71671394.00 ns, 78.1156 ns/op
WorkloadActual   9: 917504 op, 72224353.00 ns, 78.7183 ns/op
WorkloadActual  10: 917504 op, 73228110.00 ns, 79.8123 ns/op
WorkloadActual  11: 917504 op, 77318901.00 ns, 84.2709 ns/op
WorkloadActual  12: 917504 op, 71716790.00 ns, 78.1651 ns/op

// AfterActualRun
WorkloadResult   1: 917504 op, 71726227.50 ns, 78.1754 ns/op
WorkloadResult   2: 917504 op, 70879764.50 ns, 77.2528 ns/op
WorkloadResult   3: 917504 op, 71999321.50 ns, 78.4730 ns/op
WorkloadResult   4: 917504 op, 72986357.50 ns, 79.5488 ns/op
WorkloadResult   5: 917504 op, 71245354.50 ns, 77.6513 ns/op
WorkloadResult   6: 917504 op, 72881124.50 ns, 79.4341 ns/op
WorkloadResult   7: 917504 op, 72253647.50 ns, 78.7502 ns/op
WorkloadResult   8: 917504 op, 71670990.50 ns, 78.1152 ns/op
WorkloadResult   9: 917504 op, 72223949.50 ns, 78.7179 ns/op
WorkloadResult  10: 917504 op, 73227706.50 ns, 79.8119 ns/op
WorkloadResult  11: 917504 op, 71716386.50 ns, 78.1647 ns/op
// GC:  0 0 0 0 917504
// Threading:  0 0 917504

// AfterAll
// Benchmark Process 147333 has exited with code 0.

Mean = 78.554 ns, StdErr = 0.241 ns (0.31%), N = 11, StdDev = 0.801 ns
Min = 77.253 ns, Q1 = 78.140 ns, Median = 78.473 ns, Q3 = 79.092 ns, Max = 79.812 ns
IQR = 0.952 ns, LowerFence = 76.712 ns, UpperFence = 80.521 ns
ConfidenceInterval = [77.447 ns; 79.662 ns] (CI 99.9%), Margin = 1.108 ns (1.41% of Mean)
Skewness = 0.09, Kurtosis = 1.7, MValue = 2

// ** Remained 22 (44.0%) benchmark(s) to run. Estimated finish 2026-09-12 13:27 (0h 2m from now) **
// **************************
// Benchmark: DataAuthoredQueryBenchmarks.FacadeSelectOnly: Jit(IterationCount=12, IterationTime=250ms, WarmupCount=16) [Shape=SixteenTracks, Pattern=Alternating]
// *** Execute ***
// Launch: 1 / 1
// Execute: dotnet Alpha-Jit-1.dll --anonymousPipes 120 121 --benchmarkName "DataAuthoredQueryBenchmarks.FacadeSelectOnly(Shape: SixteenTracks, Pattern: Alternating)" --job Jit --benchmarkId 28 in /home/i/GitHub/tl-56-feat-data-authored-api/benchmarks/Alpha/bin/Release/net10.0/Alpha-Jit-1/bin/Release/net10.0
// Failed to set up high priority (Permission denied). In order to run benchmarks with high priority, make sure you have the right permissions.
// BeforeAnythingElse

// Benchmark Process Environment Information:
// BenchmarkDotNet v0.15.8
// Runtime=.NET 10.0.12 (10.0.12, 10.0.1226.42308), X64 RyuJIT x86-64-v3
// GC=Concurrent Workstation
// HardwareIntrinsics=AVX2+BMI1+BMI2+F16C+FMA+LZCNT+MOVBE,AVX,SSE3+SSSE3+SSE4.1+SSE4.2+POPCNT,X86Base+SSE+SSE2,AES+PCLMUL,AvxVnni,SERIALIZE VectorSize=256
// Job: Jit(IterationCount=12, IterationTime=250ms, WarmupCount=16)

OverheadJitting  1: 4096 op, 103263.00 ns, 25.2107 ns/op
WorkloadJitting  1: 4096 op, 253216.00 ns, 61.8203 ns/op

OverheadJitting  2: 65536 op, 118033.00 ns, 1.8010 ns/op
WorkloadJitting  2: 65536 op, 2109715.00 ns, 32.1917 ns/op

WorkloadPilot    1: 65536 op, 1936215.00 ns, 29.5443 ns/op
WorkloadPilot    2: 8519680 op, 248655670.00 ns, 29.1860 ns/op
WorkloadPilot    3: 8585216 op, 249132773.00 ns, 29.0188 ns/op
WorkloadPilot    4: 8650752 op, 254752982.00 ns, 29.4487 ns/op
WorkloadPilot    5: 8519680 op, 247618994.00 ns, 29.0644 ns/op
WorkloadPilot    6: 8650752 op, 252336755.00 ns, 29.1693 ns/op
WorkloadPilot    7: 8585216 op, 253062841.00 ns, 29.4766 ns/op

OverheadWarmup   1: 8585216 op, 3337.00 ns, 0.0004 ns/op
OverheadWarmup   2: 8585216 op, 3023.00 ns, 0.0004 ns/op
OverheadWarmup   3: 8585216 op, 2981.00 ns, 0.0003 ns/op
OverheadWarmup   4: 8585216 op, 2886.00 ns, 0.0003 ns/op
OverheadWarmup   5: 8585216 op, 2925.00 ns, 0.0003 ns/op
OverheadWarmup   6: 8585216 op, 2909.00 ns, 0.0003 ns/op
OverheadWarmup   7: 8585216 op, 2872.00 ns, 0.0003 ns/op
OverheadWarmup   8: 8585216 op, 2901.00 ns, 0.0003 ns/op
OverheadWarmup   9: 8585216 op, 2885.00 ns, 0.0003 ns/op

OverheadActual   1: 8585216 op, 3065.00 ns, 0.0004 ns/op
OverheadActual   2: 8585216 op, 3197.00 ns, 0.0004 ns/op
OverheadActual   3: 8585216 op, 3260.00 ns, 0.0004 ns/op
OverheadActual   4: 8585216 op, 3369.00 ns, 0.0004 ns/op
OverheadActual   5: 8585216 op, 3212.00 ns, 0.0004 ns/op
OverheadActual   6: 8585216 op, 3272.00 ns, 0.0004 ns/op
OverheadActual   7: 8585216 op, 3111.00 ns, 0.0004 ns/op
OverheadActual   8: 8585216 op, 3068.00 ns, 0.0004 ns/op
OverheadActual   9: 8585216 op, 2960.00 ns, 0.0003 ns/op
OverheadActual  10: 8585216 op, 2870.00 ns, 0.0003 ns/op
OverheadActual  11: 8585216 op, 2870.00 ns, 0.0003 ns/op
OverheadActual  12: 8585216 op, 2912.00 ns, 0.0003 ns/op
OverheadActual  13: 8585216 op, 2928.00 ns, 0.0003 ns/op
OverheadActual  14: 8585216 op, 2916.00 ns, 0.0003 ns/op
OverheadActual  15: 8585216 op, 2925.00 ns, 0.0003 ns/op
OverheadActual  16: 8585216 op, 2915.00 ns, 0.0003 ns/op
OverheadActual  17: 8585216 op, 2923.00 ns, 0.0003 ns/op
OverheadActual  18: 8585216 op, 3063.00 ns, 0.0004 ns/op

WorkloadWarmup   1: 8585216 op, 249776721.00 ns, 29.0938 ns/op
WorkloadWarmup   2: 8585216 op, 250038767.00 ns, 29.1243 ns/op
WorkloadWarmup   3: 8585216 op, 252398060.00 ns, 29.3992 ns/op
WorkloadWarmup   4: 8585216 op, 251124862.00 ns, 29.2508 ns/op
WorkloadWarmup   5: 8585216 op, 249903212.00 ns, 29.1086 ns/op
WorkloadWarmup   6: 8585216 op, 238925957.00 ns, 27.8299 ns/op
WorkloadWarmup   7: 8585216 op, 205583789.00 ns, 23.9463 ns/op
WorkloadWarmup   8: 8585216 op, 206789720.00 ns, 24.0867 ns/op
WorkloadWarmup   9: 8585216 op, 206786476.00 ns, 24.0863 ns/op
WorkloadWarmup  10: 8585216 op, 206030227.00 ns, 23.9983 ns/op
WorkloadWarmup  11: 8585216 op, 210427417.00 ns, 24.5104 ns/op
WorkloadWarmup  12: 8585216 op, 203088198.00 ns, 23.6556 ns/op
WorkloadWarmup  13: 8585216 op, 207397863.00 ns, 24.1576 ns/op
WorkloadWarmup  14: 8585216 op, 208896572.00 ns, 24.3321 ns/op
WorkloadWarmup  15: 8585216 op, 202792608.00 ns, 23.6211 ns/op
WorkloadWarmup  16: 8585216 op, 203025263.00 ns, 23.6482 ns/op

// BeforeActualRun
WorkloadActual   1: 8585216 op, 207069693.00 ns, 24.1193 ns/op
WorkloadActual   2: 8585216 op, 204214192.00 ns, 23.7867 ns/op
WorkloadActual   3: 8585216 op, 207312331.00 ns, 24.1476 ns/op
WorkloadActual   4: 8585216 op, 204852993.00 ns, 23.8611 ns/op
WorkloadActual   5: 8585216 op, 204542652.00 ns, 23.8250 ns/op
WorkloadActual   6: 8585216 op, 206667978.00 ns, 24.0725 ns/op
WorkloadActual   7: 8585216 op, 203713907.00 ns, 23.7285 ns/op
WorkloadActual   8: 8585216 op, 228783427.00 ns, 26.6485 ns/op
WorkloadActual   9: 8585216 op, 206043239.00 ns, 23.9998 ns/op
WorkloadActual  10: 8585216 op, 205876301.00 ns, 23.9803 ns/op
WorkloadActual  11: 8585216 op, 206851312.00 ns, 24.0939 ns/op
WorkloadActual  12: 8585216 op, 208167211.00 ns, 24.2472 ns/op

// AfterActualRun
WorkloadResult   1: 8585216 op, 207066681.50 ns, 24.1190 ns/op
WorkloadResult   2: 8585216 op, 204211180.50 ns, 23.7864 ns/op
WorkloadResult   3: 8585216 op, 207309319.50 ns, 24.1472 ns/op
WorkloadResult   4: 8585216 op, 204849981.50 ns, 23.8608 ns/op
WorkloadResult   5: 8585216 op, 204539640.50 ns, 23.8246 ns/op
WorkloadResult   6: 8585216 op, 206664966.50 ns, 24.0722 ns/op
WorkloadResult   7: 8585216 op, 203710895.50 ns, 23.7281 ns/op
WorkloadResult   8: 8585216 op, 206040227.50 ns, 23.9994 ns/op
WorkloadResult   9: 8585216 op, 205873289.50 ns, 23.9800 ns/op
WorkloadResult  10: 8585216 op, 206848300.50 ns, 24.0935 ns/op
WorkloadResult  11: 8585216 op, 208164199.50 ns, 24.2468 ns/op
// GC:  0 0 0 0 8585216
// Threading:  0 0 8585216

// AfterAll
// Benchmark Process 151046 has exited with code 0.

Mean = 23.987 ns, StdErr = 0.050 ns (0.21%), N = 11, StdDev = 0.167 ns
Min = 23.728 ns, Q1 = 23.843 ns, Median = 23.999 ns, Q3 = 24.106 ns, Max = 24.247 ns
IQR = 0.264 ns, LowerFence = 23.447 ns, UpperFence = 24.502 ns
ConfidenceInterval = [23.756 ns; 24.218 ns] (CI 99.9%), Margin = 0.231 ns (0.96% of Mean)
Skewness = -0.12, Kurtosis = 1.49, MValue = 2

// ** Remained 21 (42.0%) benchmark(s) to run. Estimated finish 2026-09-12 13:27 (0h 1m from now) **
// **************************
// Benchmark: DataAuthoredQueryBenchmarks.FacadeNoDispatch: Jit(IterationCount=12, IterationTime=250ms, WarmupCount=16) [Shape=SixteenTracks, Pattern=Alternating]
// *** Execute ***
// Launch: 1 / 1
// Execute: dotnet Alpha-Jit-1.dll --anonymousPipes 120 121 --benchmarkName "DataAuthoredQueryBenchmarks.FacadeNoDispatch(Shape: SixteenTracks, Pattern: Alternating)" --job Jit --benchmarkId 29 in /home/i/GitHub/tl-56-feat-data-authored-api/benchmarks/Alpha/bin/Release/net10.0/Alpha-Jit-1/bin/Release/net10.0
// Failed to set up high priority (Permission denied). In order to run benchmarks with high priority, make sure you have the right permissions.
// BeforeAnythingElse

// Benchmark Process Environment Information:
// BenchmarkDotNet v0.15.8
// Runtime=.NET 10.0.12 (10.0.12, 10.0.1226.42308), X64 RyuJIT x86-64-v3
// GC=Concurrent Workstation
// HardwareIntrinsics=AVX2+BMI1+BMI2+F16C+FMA+LZCNT+MOVBE,AVX,SSE3+SSSE3+SSE4.1+SSE4.2+POPCNT,X86Base+SSE+SSE2,AES+PCLMUL,AvxVnni,SERIALIZE VectorSize=256
// Job: Jit(IterationCount=12, IterationTime=250ms, WarmupCount=16)

OverheadJitting  1: 4096 op, 110672.00 ns, 27.0195 ns/op
WorkloadJitting  1: 4096 op, 333438.00 ns, 81.4058 ns/op

OverheadJitting  2: 65536 op, 127401.00 ns, 1.9440 ns/op
WorkloadJitting  2: 65536 op, 4493833.00 ns, 68.5704 ns/op

WorkloadPilot    1: 65536 op, 3449562.00 ns, 52.6361 ns/op
WorkloadPilot    2: 4784128 op, 231405898.00 ns, 48.3695 ns/op
WorkloadPilot    3: 5177344 op, 245356969.00 ns, 47.3905 ns/op
WorkloadPilot    4: 5308416 op, 251387565.00 ns, 47.3564 ns/op

OverheadWarmup   1: 5308416 op, 2419.00 ns, 0.0005 ns/op
OverheadWarmup   2: 5308416 op, 1987.00 ns, 0.0004 ns/op
OverheadWarmup   3: 5308416 op, 1915.00 ns, 0.0004 ns/op
OverheadWarmup   4: 5308416 op, 1895.00 ns, 0.0004 ns/op
OverheadWarmup   5: 5308416 op, 1905.00 ns, 0.0004 ns/op
OverheadWarmup   6: 5308416 op, 1896.00 ns, 0.0004 ns/op
OverheadWarmup   7: 5308416 op, 2316.00 ns, 0.0004 ns/op
OverheadWarmup   8: 5308416 op, 1920.00 ns, 0.0004 ns/op

OverheadActual   1: 5308416 op, 2240.00 ns, 0.0004 ns/op
OverheadActual   2: 5308416 op, 2030.00 ns, 0.0004 ns/op
OverheadActual   3: 5308416 op, 2052.00 ns, 0.0004 ns/op
OverheadActual   4: 5308416 op, 1943.00 ns, 0.0004 ns/op
OverheadActual   5: 5308416 op, 2019.00 ns, 0.0004 ns/op
OverheadActual   6: 5308416 op, 1904.00 ns, 0.0004 ns/op
OverheadActual   7: 5308416 op, 1875.00 ns, 0.0004 ns/op
OverheadActual   8: 5308416 op, 1857.00 ns, 0.0003 ns/op
OverheadActual   9: 5308416 op, 1848.00 ns, 0.0003 ns/op
OverheadActual  10: 5308416 op, 1817.00 ns, 0.0003 ns/op
OverheadActual  11: 5308416 op, 1886.00 ns, 0.0004 ns/op
OverheadActual  12: 5308416 op, 1872.00 ns, 0.0004 ns/op
OverheadActual  13: 5308416 op, 1871.00 ns, 0.0004 ns/op
OverheadActual  14: 5308416 op, 1859.00 ns, 0.0004 ns/op
OverheadActual  15: 5308416 op, 1847.00 ns, 0.0003 ns/op

WorkloadWarmup   1: 5308416 op, 252754922.00 ns, 47.6140 ns/op
WorkloadWarmup   2: 5308416 op, 256496849.00 ns, 48.3189 ns/op
WorkloadWarmup   3: 5308416 op, 252188738.00 ns, 47.5073 ns/op
WorkloadWarmup   4: 5308416 op, 252671933.00 ns, 47.5984 ns/op
WorkloadWarmup   5: 5308416 op, 230744187.00 ns, 43.4676 ns/op
WorkloadWarmup   6: 5308416 op, 202340786.00 ns, 38.1170 ns/op
WorkloadWarmup   7: 5308416 op, 201962949.00 ns, 38.0458 ns/op
WorkloadWarmup   8: 5308416 op, 201019189.00 ns, 37.8680 ns/op
WorkloadWarmup   9: 5308416 op, 202824990.00 ns, 38.2082 ns/op
WorkloadWarmup  10: 5308416 op, 209466768.00 ns, 39.4594 ns/op
WorkloadWarmup  11: 5308416 op, 202917968.00 ns, 38.2257 ns/op
WorkloadWarmup  12: 5308416 op, 204961933.00 ns, 38.6108 ns/op
WorkloadWarmup  13: 5308416 op, 203376558.00 ns, 38.3121 ns/op
WorkloadWarmup  14: 5308416 op, 203020625.00 ns, 38.2450 ns/op
WorkloadWarmup  15: 5308416 op, 202841476.00 ns, 38.2113 ns/op
WorkloadWarmup  16: 5308416 op, 203149504.00 ns, 38.2693 ns/op

// BeforeActualRun
WorkloadActual   1: 5308416 op, 203657260.00 ns, 38.3650 ns/op
WorkloadActual   2: 5308416 op, 203818825.00 ns, 38.3954 ns/op
WorkloadActual   3: 5308416 op, 202336972.00 ns, 38.1163 ns/op
WorkloadActual   4: 5308416 op, 202239598.00 ns, 38.0979 ns/op
WorkloadActual   5: 5308416 op, 202791507.00 ns, 38.2019 ns/op
WorkloadActual   6: 5308416 op, 224989288.00 ns, 42.3835 ns/op
WorkloadActual   7: 5308416 op, 201649250.00 ns, 37.9867 ns/op
WorkloadActual   8: 5308416 op, 203288511.00 ns, 38.2955 ns/op
WorkloadActual   9: 5308416 op, 202974103.00 ns, 38.2363 ns/op
WorkloadActual  10: 5308416 op, 202231796.00 ns, 38.0964 ns/op
WorkloadActual  11: 5308416 op, 203577563.00 ns, 38.3500 ns/op
WorkloadActual  12: 5308416 op, 203455603.00 ns, 38.3270 ns/op

// AfterActualRun
WorkloadResult   1: 5308416 op, 203655385.00 ns, 38.3646 ns/op
WorkloadResult   2: 5308416 op, 203816950.00 ns, 38.3951 ns/op
WorkloadResult   3: 5308416 op, 202335097.00 ns, 38.1159 ns/op
WorkloadResult   4: 5308416 op, 202237723.00 ns, 38.0976 ns/op
WorkloadResult   5: 5308416 op, 202789632.00 ns, 38.2015 ns/op
WorkloadResult   6: 5308416 op, 201647375.00 ns, 37.9864 ns/op
WorkloadResult   7: 5308416 op, 203286636.00 ns, 38.2952 ns/op
WorkloadResult   8: 5308416 op, 202972228.00 ns, 38.2359 ns/op
WorkloadResult   9: 5308416 op, 202229921.00 ns, 38.0961 ns/op
WorkloadResult  10: 5308416 op, 203575688.00 ns, 38.3496 ns/op
WorkloadResult  11: 5308416 op, 203453728.00 ns, 38.3266 ns/op
// GC:  0 0 0 0 5308416
// Threading:  0 0 5308416

// AfterAll
// Benchmark Process 159063 has exited with code 0.

Mean = 38.224 ns, StdErr = 0.041 ns (0.11%), N = 11, StdDev = 0.135 ns
Min = 37.986 ns, Q1 = 38.107 ns, Median = 38.236 ns, Q3 = 38.338 ns, Max = 38.395 ns
IQR = 0.231 ns, LowerFence = 37.760 ns, UpperFence = 38.685 ns
ConfidenceInterval = [38.038 ns; 38.410 ns] (CI 99.9%), Margin = 0.186 ns (0.49% of Mean)
Skewness = -0.28, Kurtosis = 1.51, MValue = 2

// ** Remained 20 (40.0%) benchmark(s) to run. Estimated finish 2026-09-12 13:27 (0h 1m from now) **
// **************************
// Benchmark: DataAuthoredQueryBenchmarks.DirectShape: Jit(IterationCount=12, IterationTime=250ms, WarmupCount=16) [Shape=TwoHundredFiftySixTracks, Pattern=Forward]
// *** Execute ***
// Launch: 1 / 1
// Execute: dotnet Alpha-Jit-1.dll --anonymousPipes 120 121 --benchmarkName "DataAuthoredQueryBenchmarks.DirectShape(Shape: TwoHundredFiftySixTracks, Pattern: Forward)" --job Jit --benchmarkId 30 in /home/i/GitHub/tl-56-feat-data-authored-api/benchmarks/Alpha/bin/Release/net10.0/Alpha-Jit-1/bin/Release/net10.0
// Failed to set up high priority (Permission denied). In order to run benchmarks with high priority, make sure you have the right permissions.
// BeforeAnythingElse

// Benchmark Process Environment Information:
// BenchmarkDotNet v0.15.8
// Runtime=.NET 10.0.12 (10.0.12, 10.0.1226.42308), X64 RyuJIT x86-64-v3
// GC=Concurrent Workstation
// HardwareIntrinsics=AVX2+BMI1+BMI2+F16C+FMA+LZCNT+MOVBE,AVX,SSE3+SSSE3+SSE4.1+SSE4.2+POPCNT,X86Base+SSE+SSE2,AES+PCLMUL,AvxVnni,SERIALIZE VectorSize=256
// Job: Jit(IterationCount=12, IterationTime=250ms, WarmupCount=16)

OverheadJitting  1: 4096 op, 111317.00 ns, 27.1770 ns/op
WorkloadJitting  1: 4096 op, 3330405.00 ns, 813.0872 ns/op

OverheadJitting  2: 65536 op, 136285.00 ns, 2.0795 ns/op
WorkloadJitting  2: 65536 op, 30009854.00 ns, 457.9140 ns/op

WorkloadPilot    1: 65536 op, 29842996.00 ns, 455.3680 ns/op
WorkloadPilot    2: 589824 op, 273009209.00 ns, 462.8655 ns/op

OverheadWarmup   1: 589824 op, 676.00 ns, 0.0011 ns/op
OverheadWarmup   2: 589824 op, 274.00 ns, 0.0005 ns/op
OverheadWarmup   3: 589824 op, 226.00 ns, 0.0004 ns/op
OverheadWarmup   4: 589824 op, 233.00 ns, 0.0004 ns/op
OverheadWarmup   5: 589824 op, 221.00 ns, 0.0004 ns/op
OverheadWarmup   6: 589824 op, 227.00 ns, 0.0004 ns/op
OverheadWarmup   7: 589824 op, 198.00 ns, 0.0003 ns/op

OverheadActual   1: 589824 op, 503.00 ns, 0.0009 ns/op
OverheadActual   2: 589824 op, 437.00 ns, 0.0007 ns/op
OverheadActual   3: 589824 op, 455.00 ns, 0.0008 ns/op
OverheadActual   4: 589824 op, 265.00 ns, 0.0004 ns/op
OverheadActual   5: 589824 op, 431.00 ns, 0.0007 ns/op
OverheadActual   6: 589824 op, 216.00 ns, 0.0004 ns/op
OverheadActual   7: 589824 op, 213.00 ns, 0.0004 ns/op
OverheadActual   8: 589824 op, 222.00 ns, 0.0004 ns/op
OverheadActual   9: 589824 op, 232.00 ns, 0.0004 ns/op
OverheadActual  10: 589824 op, 234.00 ns, 0.0004 ns/op
OverheadActual  11: 589824 op, 243.00 ns, 0.0004 ns/op
OverheadActual  12: 589824 op, 236.00 ns, 0.0004 ns/op
OverheadActual  13: 589824 op, 211.00 ns, 0.0004 ns/op
OverheadActual  14: 589824 op, 205.00 ns, 0.0003 ns/op
OverheadActual  15: 589824 op, 220.00 ns, 0.0004 ns/op
OverheadActual  16: 589824 op, 222.00 ns, 0.0004 ns/op
OverheadActual  17: 589824 op, 219.00 ns, 0.0004 ns/op
OverheadActual  18: 589824 op, 419.00 ns, 0.0007 ns/op
OverheadActual  19: 589824 op, 341.00 ns, 0.0006 ns/op
OverheadActual  20: 589824 op, 331.00 ns, 0.0006 ns/op

WorkloadWarmup   1: 589824 op, 272644990.00 ns, 462.2480 ns/op
WorkloadWarmup   2: 589824 op, 271936028.00 ns, 461.0461 ns/op
WorkloadWarmup   3: 589824 op, 271457105.00 ns, 460.2341 ns/op
WorkloadWarmup   4: 589824 op, 270920292.00 ns, 459.3240 ns/op
WorkloadWarmup   5: 589824 op, 279579737.00 ns, 474.0054 ns/op
WorkloadWarmup   6: 589824 op, 262582804.00 ns, 445.1884 ns/op
WorkloadWarmup   7: 589824 op, 203928816.00 ns, 345.7452 ns/op
WorkloadWarmup   8: 589824 op, 202272918.00 ns, 342.9378 ns/op
WorkloadWarmup   9: 589824 op, 204592306.00 ns, 346.8701 ns/op
WorkloadWarmup  10: 589824 op, 203954815.00 ns, 345.7893 ns/op
WorkloadWarmup  11: 589824 op, 202482395.00 ns, 343.2929 ns/op
WorkloadWarmup  12: 589824 op, 201358760.00 ns, 341.3879 ns/op
WorkloadWarmup  13: 589824 op, 201684257.00 ns, 341.9397 ns/op
WorkloadWarmup  14: 589824 op, 201940661.00 ns, 342.3744 ns/op
WorkloadWarmup  15: 589824 op, 203688971.00 ns, 345.3386 ns/op
WorkloadWarmup  16: 589824 op, 201550165.00 ns, 341.7124 ns/op

// BeforeActualRun
WorkloadActual   1: 589824 op, 201770511.00 ns, 342.0860 ns/op
WorkloadActual   2: 589824 op, 200599909.00 ns, 340.1013 ns/op
WorkloadActual   3: 589824 op, 197713593.00 ns, 335.2078 ns/op
WorkloadActual   4: 589824 op, 196894550.00 ns, 333.8192 ns/op
WorkloadActual   5: 589824 op, 196916686.00 ns, 333.8567 ns/op
WorkloadActual   6: 589824 op, 201707094.00 ns, 341.9784 ns/op
WorkloadActual   7: 589824 op, 219088056.00 ns, 371.4465 ns/op
WorkloadActual   8: 589824 op, 202082259.00 ns, 342.6145 ns/op
WorkloadActual   9: 589824 op, 201817529.00 ns, 342.1657 ns/op
WorkloadActual  10: 589824 op, 200017305.00 ns, 339.1135 ns/op
WorkloadActual  11: 589824 op, 198928781.00 ns, 337.2680 ns/op
WorkloadActual  12: 589824 op, 199109512.00 ns, 337.5744 ns/op

// AfterActualRun
WorkloadResult   1: 589824 op, 201770276.00 ns, 342.0856 ns/op
WorkloadResult   2: 589824 op, 200599674.00 ns, 340.1009 ns/op
WorkloadResult   3: 589824 op, 197713358.00 ns, 335.2074 ns/op
WorkloadResult   4: 589824 op, 196894315.00 ns, 333.8188 ns/op
WorkloadResult   5: 589824 op, 196916451.00 ns, 333.8563 ns/op
WorkloadResult   6: 589824 op, 201706859.00 ns, 341.9780 ns/op
WorkloadResult   7: 589824 op, 202082024.00 ns, 342.6141 ns/op
WorkloadResult   8: 589824 op, 201817294.00 ns, 342.1653 ns/op
WorkloadResult   9: 589824 op, 200017070.00 ns, 339.1131 ns/op
WorkloadResult  10: 589824 op, 198928546.00 ns, 337.2676 ns/op
WorkloadResult  11: 589824 op, 199109277.00 ns, 337.5741 ns/op
// GC:  0 0 0 0 589824
// Threading:  0 0 589824

// AfterAll
// Benchmark Process 166188 has exited with code 0.

Mean = 338.707 ns, StdErr = 1.020 ns (0.30%), N = 11, StdDev = 3.383 ns
Min = 333.819 ns, Q1 = 336.238 ns, Median = 339.113 ns, Q3 = 342.032 ns, Max = 342.614 ns
IQR = 5.794 ns, LowerFence = 327.546 ns, UpperFence = 350.723 ns
ConfidenceInterval = [334.028 ns; 343.387 ns] (CI 99.9%), Margin = 4.679 ns (1.38% of Mean)
Skewness = -0.24, Kurtosis = 1.32, MValue = 2

// ** Remained 19 (38.0%) benchmark(s) to run. Estimated finish 2026-09-12 13:27 (0h 1m from now) **
// **************************
// Benchmark: DataAuthoredQueryBenchmarks.GeneratedShape: Jit(IterationCount=12, IterationTime=250ms, WarmupCount=16) [Shape=TwoHundredFiftySixTracks, Pattern=Forward]
// *** Execute ***
// Launch: 1 / 1
// Execute: dotnet Alpha-Jit-1.dll --anonymousPipes 120 121 --benchmarkName "DataAuthoredQueryBenchmarks.GeneratedShape(Shape: TwoHundredFiftySixTracks, Pattern: Forward)" --job Jit --benchmarkId 31 in /home/i/GitHub/tl-56-feat-data-authored-api/benchmarks/Alpha/bin/Release/net10.0/Alpha-Jit-1/bin/Release/net10.0
// Failed to set up high priority (Permission denied). In order to run benchmarks with high priority, make sure you have the right permissions.
// BeforeAnythingElse

// Benchmark Process Environment Information:
// BenchmarkDotNet v0.15.8
// Runtime=.NET 10.0.12 (10.0.12, 10.0.1226.42308), X64 RyuJIT x86-64-v3
// GC=Concurrent Workstation
// HardwareIntrinsics=AVX2+BMI1+BMI2+F16C+FMA+LZCNT+MOVBE,AVX,SSE3+SSSE3+SSE4.1+SSE4.2+POPCNT,X86Base+SSE+SSE2,AES+PCLMUL,AvxVnni,SERIALIZE VectorSize=256
// Job: Jit(IterationCount=12, IterationTime=250ms, WarmupCount=16)

OverheadJitting  1: 4096 op, 111282.00 ns, 27.1685 ns/op
WorkloadJitting  1: 4096 op, 173004326.00 ns, 42.2374 us/op

OverheadJitting  2: 4096 op, 276.00 ns, 0.0674 ns/op
WorkloadJitting  2: 4096 op, 172550722.00 ns, 42.1266 us/op

WorkloadWarmup   1: 4096 op, 172430629.00 ns, 42.0973 us/op
WorkloadWarmup   2: 4096 op, 171674452.00 ns, 41.9127 us/op
WorkloadWarmup   3: 4096 op, 201437785.00 ns, 49.1791 us/op
WorkloadWarmup   4: 4096 op, 170722178.00 ns, 41.6802 us/op
WorkloadWarmup   5: 4096 op, 171204186.00 ns, 41.7979 us/op
WorkloadWarmup   6: 4096 op, 171372550.00 ns, 41.8390 us/op
WorkloadWarmup   7: 4096 op, 172682830.00 ns, 42.1589 us/op
WorkloadWarmup   8: 4096 op, 183467977.00 ns, 44.7920 us/op
WorkloadWarmup   9: 4096 op, 141511347.00 ns, 34.5487 us/op
WorkloadWarmup  10: 4096 op, 142432523.00 ns, 34.7736 us/op
WorkloadWarmup  11: 4096 op, 141346504.00 ns, 34.5084 us/op
WorkloadWarmup  12: 4096 op, 142751372.00 ns, 34.8514 us/op
WorkloadWarmup  13: 4096 op, 142701326.00 ns, 34.8392 us/op
WorkloadWarmup  14: 4096 op, 142657209.00 ns, 34.8284 us/op
WorkloadWarmup  15: 4096 op, 141927022.00 ns, 34.6502 us/op
WorkloadWarmup  16: 4096 op, 141056447.00 ns, 34.4376 us/op

// BeforeActualRun
WorkloadActual   1: 4096 op, 141816779.00 ns, 34.6232 us/op
WorkloadActual   2: 4096 op, 141484652.00 ns, 34.5422 us/op
WorkloadActual   3: 4096 op, 140336866.00 ns, 34.2619 us/op
WorkloadActual   4: 4096 op, 142152134.00 ns, 34.7051 us/op
WorkloadActual   5: 4096 op, 141791044.00 ns, 34.6170 us/op
WorkloadActual   6: 4096 op, 140809318.00 ns, 34.3773 us/op
WorkloadActual   7: 4096 op, 141917510.00 ns, 34.6478 us/op
WorkloadActual   8: 4096 op, 141728486.00 ns, 34.6017 us/op
WorkloadActual   9: 4096 op, 141785393.00 ns, 34.6156 us/op
WorkloadActual  10: 4096 op, 149458880.00 ns, 36.4890 us/op
WorkloadActual  11: 4096 op, 141472550.00 ns, 34.5392 us/op
WorkloadActual  12: 4096 op, 139689733.00 ns, 34.1039 us/op

// AfterActualRun
WorkloadResult   1: 4096 op, 141816779.00 ns, 34.6232 us/op
WorkloadResult   2: 4096 op, 141484652.00 ns, 34.5422 us/op
WorkloadResult   3: 4096 op, 140336866.00 ns, 34.2619 us/op
WorkloadResult   4: 4096 op, 142152134.00 ns, 34.7051 us/op
WorkloadResult   5: 4096 op, 141791044.00 ns, 34.6170 us/op
WorkloadResult   6: 4096 op, 140809318.00 ns, 34.3773 us/op
WorkloadResult   7: 4096 op, 141917510.00 ns, 34.6478 us/op
WorkloadResult   8: 4096 op, 141728486.00 ns, 34.6017 us/op
WorkloadResult   9: 4096 op, 141785393.00 ns, 34.6156 us/op
WorkloadResult  10: 4096 op, 141472550.00 ns, 34.5392 us/op
WorkloadResult  11: 4096 op, 139689733.00 ns, 34.1039 us/op
// GC:  0 0 0 0 4096
// Threading:  0 0 4096

// AfterAll
// Benchmark Process 173561 has exited with code 0.

Mean = 34.512 us, StdErr = 0.056 us (0.16%), N = 11, StdDev = 0.186 us
Min = 34.104 us, Q1 = 34.458 us, Median = 34.602 us, Q3 = 34.620 us, Max = 34.705 us
IQR = 0.162 us, LowerFence = 34.215 us, UpperFence = 34.863 us
ConfidenceInterval = [34.255 us; 34.770 us] (CI 99.9%), Margin = 0.258 us (0.75% of Mean)
Skewness = -1.02, Kurtosis = 2.59, MValue = 2

// ** Remained 18 (36.0%) benchmark(s) to run. Estimated finish 2026-09-12 13:27 (0h 1m from now) **
// **************************
// Benchmark: DataAuthoredQueryBenchmarks.DataAuthoredFacade: Jit(IterationCount=12, IterationTime=250ms, WarmupCount=16) [Shape=TwoHundredFiftySixTracks, Pattern=Forward]
// *** Execute ***
// Launch: 1 / 1
// Execute: dotnet Alpha-Jit-1.dll --anonymousPipes 120 121 --benchmarkName "DataAuthoredQueryBenchmarks.DataAuthoredFacade(Shape: TwoHundredFiftySixTracks, Pattern: Forward)" --job Jit --benchmarkId 32 in /home/i/GitHub/tl-56-feat-data-authored-api/benchmarks/Alpha/bin/Release/net10.0/Alpha-Jit-1/bin/Release/net10.0
// Failed to set up high priority (Permission denied). In order to run benchmarks with high priority, make sure you have the right permissions.
// BeforeAnythingElse

// Benchmark Process Environment Information:
// BenchmarkDotNet v0.15.8
// Runtime=.NET 10.0.12 (10.0.12, 10.0.1226.42308), X64 RyuJIT x86-64-v3
// GC=Concurrent Workstation
// HardwareIntrinsics=AVX2+BMI1+BMI2+F16C+FMA+LZCNT+MOVBE,AVX,SSE3+SSSE3+SSE4.1+SSE4.2+POPCNT,X86Base+SSE+SSE2,AES+PCLMUL,AvxVnni,SERIALIZE VectorSize=256
// Job: Jit(IterationCount=12, IterationTime=250ms, WarmupCount=16)

OverheadJitting  1: 4096 op, 123744.00 ns, 30.2109 ns/op
WorkloadJitting  1: 4096 op, 17308270.00 ns, 4.2257 us/op

WorkloadPilot    1: 16384 op, 67588262.00 ns, 4.1253 us/op
WorkloadPilot    2: 61440 op, 255042467.00 ns, 4.1511 us/op

WorkloadWarmup   1: 61440 op, 253519701.00 ns, 4.1263 us/op
WorkloadWarmup   2: 61440 op, 252884283.00 ns, 4.1160 us/op
WorkloadWarmup   3: 61440 op, 254946017.00 ns, 4.1495 us/op
WorkloadWarmup   4: 61440 op, 254871618.00 ns, 4.1483 us/op
WorkloadWarmup   5: 61440 op, 256225695.00 ns, 4.1703 us/op
WorkloadWarmup   6: 61440 op, 154489966.00 ns, 2.5145 us/op
WorkloadWarmup   7: 61440 op, 69154172.00 ns, 1.1256 us/op
WorkloadWarmup   8: 61440 op, 72960692.00 ns, 1.1875 us/op
WorkloadWarmup   9: 61440 op, 68700100.00 ns, 1.1182 us/op
WorkloadWarmup  10: 61440 op, 73887033.00 ns, 1.2026 us/op
WorkloadWarmup  11: 61440 op, 70956123.00 ns, 1.1549 us/op
WorkloadWarmup  12: 61440 op, 67875901.00 ns, 1.1048 us/op
WorkloadWarmup  13: 61440 op, 68571972.00 ns, 1.1161 us/op
WorkloadWarmup  14: 61440 op, 68064198.00 ns, 1.1078 us/op
WorkloadWarmup  15: 61440 op, 67595877.00 ns, 1.1002 us/op
WorkloadWarmup  16: 61440 op, 68673452.00 ns, 1.1177 us/op

// BeforeActualRun
WorkloadActual   1: 61440 op, 68058171.00 ns, 1.1077 us/op
WorkloadActual   2: 61440 op, 68108705.00 ns, 1.1085 us/op
WorkloadActual   3: 61440 op, 72971580.00 ns, 1.1877 us/op
WorkloadActual   4: 61440 op, 68594288.00 ns, 1.1164 us/op
WorkloadActual   5: 61440 op, 68298341.00 ns, 1.1116 us/op
WorkloadActual   6: 61440 op, 69008742.00 ns, 1.1232 us/op
WorkloadActual   7: 61440 op, 67336994.00 ns, 1.0960 us/op
WorkloadActual   8: 61440 op, 70515770.00 ns, 1.1477 us/op
WorkloadActual   9: 61440 op, 66527165.00 ns, 1.0828 us/op
WorkloadActual  10: 61440 op, 66587183.00 ns, 1.0838 us/op
WorkloadActual  11: 61440 op, 67225074.00 ns, 1.0942 us/op
WorkloadActual  12: 61440 op, 67097768.00 ns, 1.0921 us/op

// AfterActualRun
WorkloadResult   1: 61440 op, 68058171.00 ns, 1.1077 us/op
WorkloadResult   2: 61440 op, 68108705.00 ns, 1.1085 us/op
WorkloadResult   3: 61440 op, 68594288.00 ns, 1.1164 us/op
WorkloadResult   4: 61440 op, 68298341.00 ns, 1.1116 us/op
WorkloadResult   5: 61440 op, 69008742.00 ns, 1.1232 us/op
WorkloadResult   6: 61440 op, 67336994.00 ns, 1.0960 us/op
WorkloadResult   7: 61440 op, 70515770.00 ns, 1.1477 us/op
WorkloadResult   8: 61440 op, 66527165.00 ns, 1.0828 us/op
WorkloadResult   9: 61440 op, 66587183.00 ns, 1.0838 us/op
WorkloadResult  10: 61440 op, 67225074.00 ns, 1.0942 us/op
WorkloadResult  11: 61440 op, 67097768.00 ns, 1.0921 us/op
// GC:  0 0 0 0 61440
// Threading:  0 0 61440

// AfterAll
// Benchmark Process 178604 has exited with code 0.

Mean = 1.106 us, StdErr = 0.006 us (0.52%), N = 11, StdDev = 0.019 us
Min = 1.083 us, Q1 = 1.093 us, Median = 1.108 us, Q3 = 1.114 us, Max = 1.148 us
IQR = 0.021 us, LowerFence = 1.062 us, UpperFence = 1.145 us
ConfidenceInterval = [1.079 us; 1.132 us] (CI 99.9%), Margin = 0.026 us (2.39% of Mean)
Skewness = 0.68, Kurtosis = 2.57, MValue = 2

// ** Remained 17 (34.0%) benchmark(s) to run. Estimated finish 2026-09-12 13:27 (0h 1m from now) **
// **************************
// Benchmark: DataAuthoredQueryBenchmarks.FacadeSelectOnly: Jit(IterationCount=12, IterationTime=250ms, WarmupCount=16) [Shape=TwoHundredFiftySixTracks, Pattern=Forward]
// *** Execute ***
// Launch: 1 / 1
// Execute: dotnet Alpha-Jit-1.dll --anonymousPipes 120 121 --benchmarkName "DataAuthoredQueryBenchmarks.FacadeSelectOnly(Shape: TwoHundredFiftySixTracks, Pattern: Forward)" --job Jit --benchmarkId 33 in /home/i/GitHub/tl-56-feat-data-authored-api/benchmarks/Alpha/bin/Release/net10.0/Alpha-Jit-1/bin/Release/net10.0
// Failed to set up high priority (Permission denied). In order to run benchmarks with high priority, make sure you have the right permissions.
// BeforeAnythingElse

// Benchmark Process Environment Information:
// BenchmarkDotNet v0.15.8
// Runtime=.NET 10.0.12 (10.0.12, 10.0.1226.42308), X64 RyuJIT x86-64-v3
// GC=Concurrent Workstation
// HardwareIntrinsics=AVX2+BMI1+BMI2+F16C+FMA+LZCNT+MOVBE,AVX,SSE3+SSSE3+SSE4.1+SSE4.2+POPCNT,X86Base+SSE+SSE2,AES+PCLMUL,AvxVnni,SERIALIZE VectorSize=256
// Job: Jit(IterationCount=12, IterationTime=250ms, WarmupCount=16)

OverheadJitting  1: 4096 op, 105202.00 ns, 25.6841 ns/op
WorkloadJitting  1: 4096 op, 987766.00 ns, 241.1538 ns/op

OverheadJitting  2: 65536 op, 157163.00 ns, 2.3981 ns/op
WorkloadJitting  2: 65536 op, 15196384.00 ns, 231.8784 ns/op

WorkloadPilot    1: 65536 op, 14895307.00 ns, 227.2843 ns/op
WorkloadPilot    2: 1114112 op, 240383719.00 ns, 215.7626 ns/op
WorkloadPilot    3: 1179648 op, 253025552.00 ns, 214.4924 ns/op

OverheadWarmup   1: 1179648 op, 959.00 ns, 0.0008 ns/op
OverheadWarmup   2: 1179648 op, 520.00 ns, 0.0004 ns/op
OverheadWarmup   3: 1179648 op, 419.00 ns, 0.0004 ns/op
OverheadWarmup   4: 1179648 op, 440.00 ns, 0.0004 ns/op
OverheadWarmup   5: 1179648 op, 464.00 ns, 0.0004 ns/op
OverheadWarmup   6: 1179648 op, 445.00 ns, 0.0004 ns/op
OverheadWarmup   7: 1179648 op, 464.00 ns, 0.0004 ns/op
OverheadWarmup   8: 1179648 op, 485.00 ns, 0.0004 ns/op
OverheadWarmup   9: 1179648 op, 1035.00 ns, 0.0009 ns/op
OverheadWarmup  10: 1179648 op, 1115.00 ns, 0.0009 ns/op

OverheadActual   1: 1179648 op, 1093.00 ns, 0.0009 ns/op
OverheadActual   2: 1179648 op, 750.00 ns, 0.0006 ns/op
OverheadActual   3: 1179648 op, 685.00 ns, 0.0006 ns/op
OverheadActual   4: 1179648 op, 477.00 ns, 0.0004 ns/op
OverheadActual   5: 1179648 op, 641.00 ns, 0.0005 ns/op
OverheadActual   6: 1179648 op, 446.00 ns, 0.0004 ns/op
OverheadActual   7: 1179648 op, 463.00 ns, 0.0004 ns/op
OverheadActual   8: 1179648 op, 462.00 ns, 0.0004 ns/op
OverheadActual   9: 1179648 op, 441.00 ns, 0.0004 ns/op
OverheadActual  10: 1179648 op, 459.00 ns, 0.0004 ns/op
OverheadActual  11: 1179648 op, 446.00 ns, 0.0004 ns/op
OverheadActual  12: 1179648 op, 448.00 ns, 0.0004 ns/op
OverheadActual  13: 1179648 op, 474.00 ns, 0.0004 ns/op
OverheadActual  14: 1179648 op, 440.00 ns, 0.0004 ns/op
OverheadActual  15: 1179648 op, 454.00 ns, 0.0004 ns/op
OverheadActual  16: 1179648 op, 434.00 ns, 0.0004 ns/op
OverheadActual  17: 1179648 op, 444.00 ns, 0.0004 ns/op

WorkloadWarmup   1: 1179648 op, 259514488.00 ns, 219.9932 ns/op
WorkloadWarmup   2: 1179648 op, 253224224.00 ns, 214.6608 ns/op
WorkloadWarmup   3: 1179648 op, 254084926.00 ns, 215.3905 ns/op
WorkloadWarmup   4: 1179648 op, 253597364.00 ns, 214.9771 ns/op
WorkloadWarmup   5: 1179648 op, 255721764.00 ns, 216.7780 ns/op
WorkloadWarmup   6: 1179648 op, 245983890.00 ns, 208.5231 ns/op
WorkloadWarmup   7: 1179648 op, 244914698.00 ns, 207.6168 ns/op
WorkloadWarmup   8: 1179648 op, 245430519.00 ns, 208.0540 ns/op
WorkloadWarmup   9: 1179648 op, 250537644.00 ns, 212.3834 ns/op
WorkloadWarmup  10: 1179648 op, 248192160.00 ns, 210.3951 ns/op
WorkloadWarmup  11: 1179648 op, 247839540.00 ns, 210.0962 ns/op
WorkloadWarmup  12: 1179648 op, 247362440.00 ns, 209.6917 ns/op
WorkloadWarmup  13: 1179648 op, 251405820.00 ns, 213.1194 ns/op
WorkloadWarmup  14: 1179648 op, 246415453.00 ns, 208.8890 ns/op
WorkloadWarmup  15: 1179648 op, 247363458.00 ns, 209.6926 ns/op
WorkloadWarmup  16: 1179648 op, 245671823.00 ns, 208.2586 ns/op

// BeforeActualRun
WorkloadActual   1: 1179648 op, 246160030.00 ns, 208.6724 ns/op
WorkloadActual   2: 1179648 op, 246817459.00 ns, 209.2298 ns/op
WorkloadActual   3: 1179648 op, 247221768.00 ns, 209.5725 ns/op
WorkloadActual   4: 1179648 op, 247654369.00 ns, 209.9392 ns/op
WorkloadActual   5: 1179648 op, 245254442.00 ns, 207.9048 ns/op
WorkloadActual   6: 1179648 op, 264902178.00 ns, 224.5604 ns/op
WorkloadActual   7: 1179648 op, 245278801.00 ns, 207.9254 ns/op
WorkloadActual   8: 1179648 op, 245816641.00 ns, 208.3813 ns/op
WorkloadActual   9: 1179648 op, 246113938.00 ns, 208.6334 ns/op
WorkloadActual  10: 1179648 op, 250517443.00 ns, 212.3663 ns/op
WorkloadActual  11: 1179648 op, 248169771.00 ns, 210.3761 ns/op
WorkloadActual  12: 1179648 op, 244639035.00 ns, 207.3831 ns/op

// AfterActualRun
WorkloadResult   1: 1179648 op, 246159571.00 ns, 208.6721 ns/op
WorkloadResult   2: 1179648 op, 246817000.00 ns, 209.2294 ns/op
WorkloadResult   3: 1179648 op, 247221309.00 ns, 209.5721 ns/op
WorkloadResult   4: 1179648 op, 247653910.00 ns, 209.9388 ns/op
WorkloadResult   5: 1179648 op, 245253983.00 ns, 207.9044 ns/op
WorkloadResult   6: 1179648 op, 245278342.00 ns, 207.9250 ns/op
WorkloadResult   7: 1179648 op, 245816182.00 ns, 208.3810 ns/op
WorkloadResult   8: 1179648 op, 246113479.00 ns, 208.6330 ns/op
WorkloadResult   9: 1179648 op, 250516984.00 ns, 212.3659 ns/op
WorkloadResult  10: 1179648 op, 248169312.00 ns, 210.3757 ns/op
WorkloadResult  11: 1179648 op, 244638576.00 ns, 207.3827 ns/op
// GC:  0 0 0 0 1179648
// Threading:  0 0 1179648

// AfterAll
// Benchmark Process 182059 has exited with code 0.

Mean = 209.125 ns, StdErr = 0.425 ns (0.20%), N = 11, StdDev = 1.411 ns
Min = 207.383 ns, Q1 = 208.153 ns, Median = 208.672 ns, Q3 = 209.755 ns, Max = 212.366 ns
IQR = 1.602 ns, LowerFence = 205.749 ns, UpperFence = 212.159 ns
ConfidenceInterval = [207.174 ns; 211.077 ns] (CI 99.9%), Margin = 1.951 ns (0.93% of Mean)
Skewness = 0.88, Kurtosis = 2.92, MValue = 2

// ** Remained 16 (32.0%) benchmark(s) to run. Estimated finish 2026-09-12 13:27 (0h 1m from now) **
// **************************
// Benchmark: DataAuthoredQueryBenchmarks.FacadeNoDispatch: Jit(IterationCount=12, IterationTime=250ms, WarmupCount=16) [Shape=TwoHundredFiftySixTracks, Pattern=Forward]
// *** Execute ***
// Launch: 1 / 1
// Execute: dotnet Alpha-Jit-1.dll --anonymousPipes 120 121 --benchmarkName "DataAuthoredQueryBenchmarks.FacadeNoDispatch(Shape: TwoHundredFiftySixTracks, Pattern: Forward)" --job Jit --benchmarkId 34 in /home/i/GitHub/tl-56-feat-data-authored-api/benchmarks/Alpha/bin/Release/net10.0/Alpha-Jit-1/bin/Release/net10.0
// Failed to set up high priority (Permission denied). In order to run benchmarks with high priority, make sure you have the right permissions.
// BeforeAnythingElse

// Benchmark Process Environment Information:
// BenchmarkDotNet v0.15.8
// Runtime=.NET 10.0.12 (10.0.12, 10.0.1226.42308), X64 RyuJIT x86-64-v3
// GC=Concurrent Workstation
// HardwareIntrinsics=AVX2+BMI1+BMI2+F16C+FMA+LZCNT+MOVBE,AVX,SSE3+SSSE3+SSE4.1+SSE4.2+POPCNT,X86Base+SSE+SSE2,AES+PCLMUL,AvxVnni,SERIALIZE VectorSize=256
// Job: Jit(IterationCount=12, IterationTime=250ms, WarmupCount=16)

OverheadJitting  1: 4096 op, 104196.00 ns, 25.4385 ns/op
WorkloadJitting  1: 4096 op, 2259189.00 ns, 551.5598 ns/op

OverheadJitting  2: 65536 op, 138503.00 ns, 2.1134 ns/op
WorkloadJitting  2: 65536 op, 35366598.00 ns, 539.6515 ns/op

WorkloadPilot    1: 65536 op, 35667362.00 ns, 544.2408 ns/op
WorkloadPilot    2: 458752 op, 246366390.00 ns, 537.0361 ns/op
WorkloadPilot    3: 524288 op, 281476292.00 ns, 536.8734 ns/op

OverheadWarmup   1: 524288 op, 975.00 ns, 0.0019 ns/op
OverheadWarmup   2: 524288 op, 343.00 ns, 0.0007 ns/op
OverheadWarmup   3: 524288 op, 233.00 ns, 0.0004 ns/op
OverheadWarmup   4: 524288 op, 224.00 ns, 0.0004 ns/op
OverheadWarmup   5: 524288 op, 264.00 ns, 0.0005 ns/op
OverheadWarmup   6: 524288 op, 227.00 ns, 0.0004 ns/op
OverheadWarmup   7: 524288 op, 238.00 ns, 0.0005 ns/op
OverheadWarmup   8: 524288 op, 216.00 ns, 0.0004 ns/op

OverheadActual   1: 524288 op, 457.00 ns, 0.0009 ns/op
OverheadActual   2: 524288 op, 2952.00 ns, 0.0056 ns/op
OverheadActual   3: 524288 op, 1035.00 ns, 0.0020 ns/op
OverheadActual   4: 524288 op, 625.00 ns, 0.0012 ns/op
OverheadActual   5: 524288 op, 514.00 ns, 0.0010 ns/op
OverheadActual   6: 524288 op, 227.00 ns, 0.0004 ns/op
OverheadActual   7: 524288 op, 226.00 ns, 0.0004 ns/op
OverheadActual   8: 524288 op, 273.00 ns, 0.0005 ns/op
OverheadActual   9: 524288 op, 215.00 ns, 0.0004 ns/op
OverheadActual  10: 524288 op, 222.00 ns, 0.0004 ns/op
OverheadActual  11: 524288 op, 249.00 ns, 0.0005 ns/op
OverheadActual  12: 524288 op, 238.00 ns, 0.0005 ns/op
OverheadActual  13: 524288 op, 243.00 ns, 0.0005 ns/op
OverheadActual  14: 524288 op, 222.00 ns, 0.0004 ns/op
OverheadActual  15: 524288 op, 255.00 ns, 0.0005 ns/op
OverheadActual  16: 524288 op, 224.00 ns, 0.0004 ns/op
OverheadActual  17: 524288 op, 238.00 ns, 0.0005 ns/op
OverheadActual  18: 524288 op, 486.00 ns, 0.0009 ns/op
OverheadActual  19: 524288 op, 247.00 ns, 0.0005 ns/op
OverheadActual  20: 524288 op, 231.00 ns, 0.0004 ns/op

WorkloadWarmup   1: 524288 op, 280870000.00 ns, 535.7170 ns/op
WorkloadWarmup   2: 524288 op, 281973732.00 ns, 537.8222 ns/op
WorkloadWarmup   3: 524288 op, 281648456.00 ns, 537.2018 ns/op
WorkloadWarmup   4: 524288 op, 282065810.00 ns, 537.9978 ns/op
WorkloadWarmup   5: 524288 op, 244531558.00 ns, 466.4069 ns/op
WorkloadWarmup   6: 524288 op, 241746006.00 ns, 461.0939 ns/op
WorkloadWarmup   7: 524288 op, 239512666.00 ns, 456.8342 ns/op
WorkloadWarmup   8: 524288 op, 240180382.00 ns, 458.1077 ns/op
WorkloadWarmup   9: 524288 op, 245513631.00 ns, 468.2801 ns/op
WorkloadWarmup  10: 524288 op, 236668631.00 ns, 451.4096 ns/op
WorkloadWarmup  11: 524288 op, 238632130.00 ns, 455.1547 ns/op
WorkloadWarmup  12: 524288 op, 239931360.00 ns, 457.6328 ns/op
WorkloadWarmup  13: 524288 op, 239365807.00 ns, 456.5540 ns/op
WorkloadWarmup  14: 524288 op, 239489000.00 ns, 456.7890 ns/op
WorkloadWarmup  15: 524288 op, 239101393.00 ns, 456.0497 ns/op
WorkloadWarmup  16: 524288 op, 239781576.00 ns, 457.3471 ns/op

// BeforeActualRun
WorkloadActual   1: 524288 op, 238416176.00 ns, 454.7428 ns/op
WorkloadActual   2: 524288 op, 239239699.00 ns, 456.3135 ns/op
WorkloadActual   3: 524288 op, 240587476.00 ns, 458.8842 ns/op
WorkloadActual   4: 524288 op, 240907116.00 ns, 459.4939 ns/op
WorkloadActual   5: 524288 op, 261786583.00 ns, 499.3183 ns/op
WorkloadActual   6: 524288 op, 239389866.00 ns, 456.5999 ns/op
WorkloadActual   7: 524288 op, 241394523.00 ns, 460.4235 ns/op
WorkloadActual   8: 524288 op, 239427103.00 ns, 456.6710 ns/op
WorkloadActual   9: 524288 op, 238983946.00 ns, 455.8257 ns/op
WorkloadActual  10: 524288 op, 239841023.00 ns, 457.4604 ns/op
WorkloadActual  11: 524288 op, 239104345.00 ns, 456.0553 ns/op
WorkloadActual  12: 524288 op, 239570916.00 ns, 456.9453 ns/op

// AfterActualRun
WorkloadResult   1: 524288 op, 238415931.00 ns, 454.7423 ns/op
WorkloadResult   2: 524288 op, 239239454.00 ns, 456.3130 ns/op
WorkloadResult   3: 524288 op, 240587231.00 ns, 458.8837 ns/op
WorkloadResult   4: 524288 op, 240906871.00 ns, 459.4934 ns/op
WorkloadResult   5: 524288 op, 239389621.00 ns, 456.5995 ns/op
WorkloadResult   6: 524288 op, 241394278.00 ns, 460.4230 ns/op
WorkloadResult   7: 524288 op, 239426858.00 ns, 456.6705 ns/op
WorkloadResult   8: 524288 op, 238983701.00 ns, 455.8252 ns/op
WorkloadResult   9: 524288 op, 239840778.00 ns, 457.4600 ns/op
WorkloadResult  10: 524288 op, 239104100.00 ns, 456.0549 ns/op
WorkloadResult  11: 524288 op, 239570671.00 ns, 456.9448 ns/op
// GC:  0 0 0 0 524288
// Threading:  0 0 524288

// AfterAll
// Benchmark Process 190301 has exited with code 0.

Mean = 457.219 ns, StdErr = 0.516 ns (0.11%), N = 11, StdDev = 1.711 ns
Min = 454.742 ns, Q1 = 456.184 ns, Median = 456.670 ns, Q3 = 458.172 ns, Max = 460.423 ns
IQR = 1.988 ns, LowerFence = 453.202 ns, UpperFence = 461.154 ns
ConfidenceInterval = [454.853 ns; 459.586 ns] (CI 99.9%), Margin = 2.367 ns (0.52% of Mean)
Skewness = 0.52, Kurtosis = 1.95, MValue = 2

// ** Remained 15 (30.0%) benchmark(s) to run. Estimated finish 2026-09-12 13:27 (0h 1m from now) **
// **************************
// Benchmark: DataAuthoredQueryBenchmarks.DirectShape: Jit(IterationCount=12, IterationTime=250ms, WarmupCount=16) [Shape=TwoHundredFiftySixTracks, Pattern=Alternating]
// *** Execute ***
// Launch: 1 / 1
// Execute: dotnet Alpha-Jit-1.dll --anonymousPipes 122 123 --benchmarkName "DataAuthoredQueryBenchmarks.DirectShape(Shape: TwoHundredFiftySixTracks, Pattern: Alternating)" --job Jit --benchmarkId 35 in /home/i/GitHub/tl-56-feat-data-authored-api/benchmarks/Alpha/bin/Release/net10.0/Alpha-Jit-1/bin/Release/net10.0
// Failed to set up high priority (Permission denied). In order to run benchmarks with high priority, make sure you have the right permissions.
// BeforeAnythingElse

// Benchmark Process Environment Information:
// BenchmarkDotNet v0.15.8
// Runtime=.NET 10.0.12 (10.0.12, 10.0.1226.42308), X64 RyuJIT x86-64-v3
// GC=Concurrent Workstation
// HardwareIntrinsics=AVX2+BMI1+BMI2+F16C+FMA+LZCNT+MOVBE,AVX,SSE3+SSSE3+SSE4.1+SSE4.2+POPCNT,X86Base+SSE+SSE2,AES+PCLMUL,AvxVnni,SERIALIZE VectorSize=256
// Job: Jit(IterationCount=12, IterationTime=250ms, WarmupCount=16)

OverheadJitting  1: 4096 op, 115725.00 ns, 28.2532 ns/op
WorkloadJitting  1: 4096 op, 2849315.00 ns, 695.6335 ns/op

OverheadJitting  2: 65536 op, 148675.00 ns, 2.2686 ns/op
WorkloadJitting  2: 65536 op, 30143874.00 ns, 459.9590 ns/op

WorkloadPilot    1: 65536 op, 29497279.00 ns, 450.0928 ns/op
WorkloadPilot    2: 589824 op, 260787165.00 ns, 442.1440 ns/op

OverheadWarmup   1: 589824 op, 1016.00 ns, 0.0017 ns/op
OverheadWarmup   2: 589824 op, 246.00 ns, 0.0004 ns/op
OverheadWarmup   3: 589824 op, 244.00 ns, 0.0004 ns/op
OverheadWarmup   4: 589824 op, 257.00 ns, 0.0004 ns/op
OverheadWarmup   5: 589824 op, 265.00 ns, 0.0004 ns/op
OverheadWarmup   6: 589824 op, 245.00 ns, 0.0004 ns/op
OverheadWarmup   7: 589824 op, 251.00 ns, 0.0004 ns/op
OverheadWarmup   8: 589824 op, 225.00 ns, 0.0004 ns/op

OverheadActual   1: 589824 op, 668.00 ns, 0.0011 ns/op
OverheadActual   2: 589824 op, 600.00 ns, 0.0010 ns/op
OverheadActual   3: 589824 op, 462.00 ns, 0.0008 ns/op
OverheadActual   4: 589824 op, 281.00 ns, 0.0005 ns/op
OverheadActual   5: 589824 op, 456.00 ns, 0.0008 ns/op
OverheadActual   6: 589824 op, 335.00 ns, 0.0006 ns/op
OverheadActual   7: 589824 op, 285.00 ns, 0.0005 ns/op
OverheadActual   8: 589824 op, 286.00 ns, 0.0005 ns/op
OverheadActual   9: 589824 op, 338.00 ns, 0.0006 ns/op
OverheadActual  10: 589824 op, 308.00 ns, 0.0005 ns/op
OverheadActual  11: 589824 op, 303.00 ns, 0.0005 ns/op
OverheadActual  12: 589824 op, 260.00 ns, 0.0004 ns/op
OverheadActual  13: 589824 op, 266.00 ns, 0.0005 ns/op
OverheadActual  14: 589824 op, 223.00 ns, 0.0004 ns/op
OverheadActual  15: 589824 op, 242.00 ns, 0.0004 ns/op
OverheadActual  16: 589824 op, 249.00 ns, 0.0004 ns/op
OverheadActual  17: 589824 op, 259.00 ns, 0.0004 ns/op
OverheadActual  18: 589824 op, 511.00 ns, 0.0009 ns/op
OverheadActual  19: 589824 op, 247.00 ns, 0.0004 ns/op
OverheadActual  20: 589824 op, 253.00 ns, 0.0004 ns/op

WorkloadWarmup   1: 589824 op, 261843547.00 ns, 443.9351 ns/op
WorkloadWarmup   2: 589824 op, 261131548.00 ns, 442.7279 ns/op
WorkloadWarmup   3: 589824 op, 262396986.00 ns, 444.8734 ns/op
WorkloadWarmup   4: 589824 op, 260998729.00 ns, 442.5027 ns/op
WorkloadWarmup   5: 589824 op, 266400943.00 ns, 451.6618 ns/op
WorkloadWarmup   6: 589824 op, 233658591.00 ns, 396.1497 ns/op
WorkloadWarmup   7: 589824 op, 200982228.00 ns, 340.7495 ns/op
WorkloadWarmup   8: 589824 op, 199762660.00 ns, 338.6818 ns/op
WorkloadWarmup   9: 589824 op, 200065352.00 ns, 339.1950 ns/op
WorkloadWarmup  10: 589824 op, 203661043.00 ns, 345.2912 ns/op
WorkloadWarmup  11: 589824 op, 202930785.00 ns, 344.0531 ns/op
WorkloadWarmup  12: 589824 op, 201895488.00 ns, 342.2979 ns/op
WorkloadWarmup  13: 589824 op, 202152311.00 ns, 342.7333 ns/op
WorkloadWarmup  14: 589824 op, 203536995.00 ns, 345.0809 ns/op
WorkloadWarmup  15: 589824 op, 201550100.00 ns, 341.7123 ns/op
WorkloadWarmup  16: 589824 op, 199207040.00 ns, 337.7398 ns/op

// BeforeActualRun
WorkloadActual   1: 589824 op, 200399534.00 ns, 339.7616 ns/op
WorkloadActual   2: 589824 op, 202026362.00 ns, 342.5197 ns/op
WorkloadActual   3: 589824 op, 201904255.00 ns, 342.3127 ns/op
WorkloadActual   4: 589824 op, 200689027.00 ns, 340.2524 ns/op
WorkloadActual   5: 589824 op, 200744622.00 ns, 340.3466 ns/op
WorkloadActual   6: 589824 op, 200274788.00 ns, 339.5501 ns/op
WorkloadActual   7: 589824 op, 207936929.00 ns, 352.5406 ns/op
WorkloadActual   8: 589824 op, 213839127.00 ns, 362.5473 ns/op
WorkloadActual   9: 589824 op, 205019415.00 ns, 347.5942 ns/op
WorkloadActual  10: 589824 op, 200293224.00 ns, 339.5813 ns/op
WorkloadActual  11: 589824 op, 200251904.00 ns, 339.5113 ns/op
WorkloadActual  12: 589824 op, 201344174.00 ns, 341.3631 ns/op

// AfterActualRun
WorkloadResult   1: 589824 op, 200399248.50 ns, 339.7611 ns/op
WorkloadResult   2: 589824 op, 202026076.50 ns, 342.5193 ns/op
WorkloadResult   3: 589824 op, 201903969.50 ns, 342.3122 ns/op
WorkloadResult   4: 589824 op, 200688741.50 ns, 340.2519 ns/op
WorkloadResult   5: 589824 op, 200744336.50 ns, 340.3462 ns/op
WorkloadResult   6: 589824 op, 200274502.50 ns, 339.5496 ns/op
WorkloadResult   7: 589824 op, 205019129.50 ns, 347.5937 ns/op
WorkloadResult   8: 589824 op, 200292938.50 ns, 339.5809 ns/op
WorkloadResult   9: 589824 op, 200251618.50 ns, 339.5108 ns/op
WorkloadResult  10: 589824 op, 201343888.50 ns, 341.3627 ns/op
// GC:  0 0 0 0 589824
// Threading:  0 0 589824

// AfterAll
// Benchmark Process 198352 has exited with code 0.

Mean = 341.279 ns, StdErr = 0.787 ns (0.23%), N = 10, StdDev = 2.488 ns
Min = 339.511 ns, Q1 = 339.626 ns, Median = 340.299 ns, Q3 = 342.075 ns, Max = 347.594 ns
IQR = 2.449 ns, LowerFence = 335.953 ns, UpperFence = 345.748 ns
ConfidenceInterval = [337.517 ns; 345.041 ns] (CI 99.9%), Margin = 3.762 ns (1.10% of Mean)
Skewness = 1.52, Kurtosis = 4.25, MValue = 2

// ** Remained 14 (28.0%) benchmark(s) to run. Estimated finish 2026-09-12 13:27 (0h 1m from now) **
// **************************
// Benchmark: DataAuthoredQueryBenchmarks.GeneratedShape: Jit(IterationCount=12, IterationTime=250ms, WarmupCount=16) [Shape=TwoHundredFiftySixTracks, Pattern=Alternating]
// *** Execute ***
// Launch: 1 / 1
// Execute: dotnet Alpha-Jit-1.dll --anonymousPipes 120 121 --benchmarkName "DataAuthoredQueryBenchmarks.GeneratedShape(Shape: TwoHundredFiftySixTracks, Pattern: Alternating)" --job Jit --benchmarkId 36 in /home/i/GitHub/tl-56-feat-data-authored-api/benchmarks/Alpha/bin/Release/net10.0/Alpha-Jit-1/bin/Release/net10.0
// Failed to set up high priority (Permission denied). In order to run benchmarks with high priority, make sure you have the right permissions.
// BeforeAnythingElse

// Benchmark Process Environment Information:
// BenchmarkDotNet v0.15.8
// Runtime=.NET 10.0.12 (10.0.12, 10.0.1226.42308), X64 RyuJIT x86-64-v3
// GC=Concurrent Workstation
// HardwareIntrinsics=AVX2+BMI1+BMI2+F16C+FMA+LZCNT+MOVBE,AVX,SSE3+SSSE3+SSE4.1+SSE4.2+POPCNT,X86Base+SSE+SSE2,AES+PCLMUL,AvxVnni,SERIALIZE VectorSize=256
// Job: Jit(IterationCount=12, IterationTime=250ms, WarmupCount=16)

OverheadJitting  1: 4096 op, 108834.00 ns, 26.5708 ns/op
WorkloadJitting  1: 4096 op, 170919942.00 ns, 41.7285 us/op

OverheadJitting  2: 4096 op, 254.00 ns, 0.0620 ns/op
WorkloadJitting  2: 4096 op, 170548346.00 ns, 41.6378 us/op

WorkloadWarmup   1: 4096 op, 171040389.00 ns, 41.7579 us/op
WorkloadWarmup   2: 4096 op, 176796179.00 ns, 43.1631 us/op
WorkloadWarmup   3: 4096 op, 173408124.00 ns, 42.3360 us/op
WorkloadWarmup   4: 4096 op, 173194828.00 ns, 42.2839 us/op
WorkloadWarmup   5: 4096 op, 172055833.00 ns, 42.0058 us/op
WorkloadWarmup   6: 4096 op, 171830069.00 ns, 41.9507 us/op
WorkloadWarmup   7: 4096 op, 171101003.00 ns, 41.7727 us/op
WorkloadWarmup   8: 4096 op, 177573590.00 ns, 43.3529 us/op
WorkloadWarmup   9: 4096 op, 167692331.00 ns, 40.9405 us/op
WorkloadWarmup  10: 4096 op, 145376302.00 ns, 35.4923 us/op
WorkloadWarmup  11: 4096 op, 145098950.00 ns, 35.4245 us/op
WorkloadWarmup  12: 4096 op, 144634629.00 ns, 35.3112 us/op
WorkloadWarmup  13: 4096 op, 144838798.00 ns, 35.3610 us/op
WorkloadWarmup  14: 4096 op, 144269506.00 ns, 35.2220 us/op
WorkloadWarmup  15: 4096 op, 143668041.00 ns, 35.0752 us/op
WorkloadWarmup  16: 4096 op, 142668383.00 ns, 34.8311 us/op

// BeforeActualRun
WorkloadActual   1: 4096 op, 143427762.00 ns, 35.0165 us/op
WorkloadActual   2: 4096 op, 142080329.00 ns, 34.6876 us/op
WorkloadActual   3: 4096 op, 153129903.00 ns, 37.3852 us/op
WorkloadActual   4: 4096 op, 142497050.00 ns, 34.7893 us/op
WorkloadActual   5: 4096 op, 143801883.00 ns, 35.1079 us/op
WorkloadActual   6: 4096 op, 141335992.00 ns, 34.5059 us/op
WorkloadActual   7: 4096 op, 141443901.00 ns, 34.5322 us/op
WorkloadActual   8: 4096 op, 152301890.00 ns, 37.1831 us/op
WorkloadActual   9: 4096 op, 142623144.00 ns, 34.8201 us/op
WorkloadActual  10: 4096 op, 142795082.00 ns, 34.8621 us/op
WorkloadActual  11: 4096 op, 142852190.00 ns, 34.8760 us/op
WorkloadActual  12: 4096 op, 144262120.00 ns, 35.2202 us/op

// AfterActualRun
WorkloadResult   1: 4096 op, 143427762.00 ns, 35.0165 us/op
WorkloadResult   2: 4096 op, 142080329.00 ns, 34.6876 us/op
WorkloadResult   3: 4096 op, 142497050.00 ns, 34.7893 us/op
WorkloadResult   4: 4096 op, 143801883.00 ns, 35.1079 us/op
WorkloadResult   5: 4096 op, 141335992.00 ns, 34.5059 us/op
WorkloadResult   6: 4096 op, 141443901.00 ns, 34.5322 us/op
WorkloadResult   7: 4096 op, 142623144.00 ns, 34.8201 us/op
WorkloadResult   8: 4096 op, 142795082.00 ns, 34.8621 us/op
WorkloadResult   9: 4096 op, 142852190.00 ns, 34.8760 us/op
WorkloadResult  10: 4096 op, 144262120.00 ns, 35.2202 us/op
// GC:  0 0 0 0 4096
// Threading:  0 0 4096

// AfterAll
// Benchmark Process 205253 has exited with code 0.

Mean = 34.842 us, StdErr = 0.073 us (0.21%), N = 10, StdDev = 0.231 us
Min = 34.506 us, Q1 = 34.713 us, Median = 34.841 us, Q3 = 34.981 us, Max = 35.220 us
IQR = 0.268 us, LowerFence = 34.310 us, UpperFence = 35.384 us
ConfidenceInterval = [34.492 us; 35.192 us] (CI 99.9%), Margin = 0.350 us (1.00% of Mean)
Skewness = 0.06, Kurtosis = 1.71, MValue = 2

// ** Remained 13 (26.0%) benchmark(s) to run. Estimated finish 2026-09-12 13:27 (0h 1m from now) **
// **************************
// Benchmark: DataAuthoredQueryBenchmarks.DataAuthoredFacade: Jit(IterationCount=12, IterationTime=250ms, WarmupCount=16) [Shape=TwoHundredFiftySixTracks, Pattern=Alternating]
// *** Execute ***
// Launch: 1 / 1
// Execute: dotnet Alpha-Jit-1.dll --anonymousPipes 120 121 --benchmarkName "DataAuthoredQueryBenchmarks.DataAuthoredFacade(Shape: TwoHundredFiftySixTracks, Pattern: Alternating)" --job Jit --benchmarkId 37 in /home/i/GitHub/tl-56-feat-data-authored-api/benchmarks/Alpha/bin/Release/net10.0/Alpha-Jit-1/bin/Release/net10.0
// Failed to set up high priority (Permission denied). In order to run benchmarks with high priority, make sure you have the right permissions.
// BeforeAnythingElse

// Benchmark Process Environment Information:
// BenchmarkDotNet v0.15.8
// Runtime=.NET 10.0.12 (10.0.12, 10.0.1226.42308), X64 RyuJIT x86-64-v3
// GC=Concurrent Workstation
// HardwareIntrinsics=AVX2+BMI1+BMI2+F16C+FMA+LZCNT+MOVBE,AVX,SSE3+SSSE3+SSE4.1+SSE4.2+POPCNT,X86Base+SSE+SSE2,AES+PCLMUL,AvxVnni,SERIALIZE VectorSize=256
// Job: Jit(IterationCount=12, IterationTime=250ms, WarmupCount=16)

OverheadJitting  1: 4096 op, 112993.00 ns, 27.5862 ns/op
WorkloadJitting  1: 4096 op, 17718787.00 ns, 4.3259 us/op

WorkloadPilot    1: 16384 op, 71640434.00 ns, 4.3726 us/op
WorkloadPilot    2: 57344 op, 244801206.00 ns, 4.2690 us/op

WorkloadWarmup   1: 57344 op, 254827862.00 ns, 4.4438 us/op
WorkloadWarmup   2: 57344 op, 242839059.00 ns, 4.2348 us/op
WorkloadWarmup   3: 57344 op, 243937215.00 ns, 4.2539 us/op
WorkloadWarmup   4: 57344 op, 246165324.00 ns, 4.2928 us/op
WorkloadWarmup   5: 57344 op, 246489514.00 ns, 4.2984 us/op
WorkloadWarmup   6: 57344 op, 180539543.00 ns, 3.1484 us/op
WorkloadWarmup   7: 57344 op, 65181486.00 ns, 1.1367 us/op
WorkloadWarmup   8: 57344 op, 68983459.00 ns, 1.2030 us/op
WorkloadWarmup   9: 57344 op, 65670602.00 ns, 1.1452 us/op
WorkloadWarmup  10: 57344 op, 65238803.00 ns, 1.1377 us/op
WorkloadWarmup  11: 57344 op, 61718958.00 ns, 1.0763 us/op
WorkloadWarmup  12: 57344 op, 63634242.00 ns, 1.1097 us/op
WorkloadWarmup  13: 57344 op, 64823636.00 ns, 1.1304 us/op
WorkloadWarmup  14: 57344 op, 64053137.00 ns, 1.1170 us/op
WorkloadWarmup  15: 57344 op, 64476773.00 ns, 1.1244 us/op
WorkloadWarmup  16: 57344 op, 64424120.00 ns, 1.1235 us/op

// BeforeActualRun
WorkloadActual   1: 57344 op, 64260325.00 ns, 1.1206 us/op
WorkloadActual   2: 57344 op, 63688196.00 ns, 1.1106 us/op
WorkloadActual   3: 57344 op, 64876107.00 ns, 1.1313 us/op
WorkloadActual   4: 57344 op, 64864670.00 ns, 1.1312 us/op
WorkloadActual   5: 57344 op, 64028925.00 ns, 1.1166 us/op
WorkloadActual   6: 57344 op, 64228079.00 ns, 1.1200 us/op
WorkloadActual   7: 57344 op, 64416227.00 ns, 1.1233 us/op
WorkloadActual   8: 57344 op, 63261977.00 ns, 1.1032 us/op
WorkloadActual   9: 57344 op, 64720076.00 ns, 1.1286 us/op
WorkloadActual  10: 57344 op, 65009771.00 ns, 1.1337 us/op
WorkloadActual  11: 57344 op, 63666837.00 ns, 1.1103 us/op
WorkloadActual  12: 57344 op, 65269014.00 ns, 1.1382 us/op

// AfterActualRun
WorkloadResult   1: 57344 op, 64260325.00 ns, 1.1206 us/op
WorkloadResult   2: 57344 op, 63688196.00 ns, 1.1106 us/op
WorkloadResult   3: 57344 op, 64876107.00 ns, 1.1313 us/op
WorkloadResult   4: 57344 op, 64864670.00 ns, 1.1312 us/op
WorkloadResult   5: 57344 op, 64028925.00 ns, 1.1166 us/op
WorkloadResult   6: 57344 op, 64228079.00 ns, 1.1200 us/op
WorkloadResult   7: 57344 op, 64416227.00 ns, 1.1233 us/op
WorkloadResult   8: 57344 op, 63261977.00 ns, 1.1032 us/op
WorkloadResult   9: 57344 op, 64720076.00 ns, 1.1286 us/op
WorkloadResult  10: 57344 op, 65009771.00 ns, 1.1337 us/op
WorkloadResult  11: 57344 op, 63666837.00 ns, 1.1103 us/op
WorkloadResult  12: 57344 op, 65269014.00 ns, 1.1382 us/op
// GC:  0 0 0 0 57344
// Threading:  0 0 57344

// AfterAll
// Benchmark Process 210384 has exited with code 0.

Mean = 1.122 us, StdErr = 0.003 us (0.28%), N = 12, StdDev = 0.011 us
Min = 1.103 us, Q1 = 1.115 us, Median = 1.122 us, Q3 = 1.131 us, Max = 1.138 us
IQR = 0.016 us, LowerFence = 1.091 us, UpperFence = 1.155 us
ConfidenceInterval = [1.109 us; 1.136 us] (CI 99.9%), Margin = 0.014 us (1.23% of Mean)
Skewness = -0.22, Kurtosis = 1.68, MValue = 2

// ** Remained 12 (24.0%) benchmark(s) to run. Estimated finish 2026-09-12 13:27 (0h 1m from now) **
// **************************
// Benchmark: DataAuthoredQueryBenchmarks.FacadeSelectOnly: Jit(IterationCount=12, IterationTime=250ms, WarmupCount=16) [Shape=TwoHundredFiftySixTracks, Pattern=Alternating]
// *** Execute ***
// Launch: 1 / 1
// Execute: dotnet Alpha-Jit-1.dll --anonymousPipes 120 121 --benchmarkName "DataAuthoredQueryBenchmarks.FacadeSelectOnly(Shape: TwoHundredFiftySixTracks, Pattern: Alternating)" --job Jit --benchmarkId 38 in /home/i/GitHub/tl-56-feat-data-authored-api/benchmarks/Alpha/bin/Release/net10.0/Alpha-Jit-1/bin/Release/net10.0
// Failed to set up high priority (Permission denied). In order to run benchmarks with high priority, make sure you have the right permissions.
// BeforeAnythingElse

// Benchmark Process Environment Information:
// BenchmarkDotNet v0.15.8
// Runtime=.NET 10.0.12 (10.0.12, 10.0.1226.42308), X64 RyuJIT x86-64-v3
// GC=Concurrent Workstation
// HardwareIntrinsics=AVX2+BMI1+BMI2+F16C+FMA+LZCNT+MOVBE,AVX,SSE3+SSSE3+SSE4.1+SSE4.2+POPCNT,X86Base+SSE+SSE2,AES+PCLMUL,AvxVnni,SERIALIZE VectorSize=256
// Job: Jit(IterationCount=12, IterationTime=250ms, WarmupCount=16)

OverheadJitting  1: 4096 op, 108035.00 ns, 26.3757 ns/op
WorkloadJitting  1: 4096 op, 1095085.00 ns, 267.3547 ns/op

OverheadJitting  2: 65536 op, 128933.00 ns, 1.9674 ns/op
WorkloadJitting  2: 65536 op, 16604395.00 ns, 253.3630 ns/op

WorkloadPilot    1: 65536 op, 16521521.00 ns, 252.0984 ns/op
WorkloadPilot    2: 1048576 op, 251987062.00 ns, 240.3136 ns/op

OverheadWarmup   1: 1048576 op, 991.00 ns, 0.0009 ns/op
OverheadWarmup   2: 1048576 op, 519.00 ns, 0.0005 ns/op
OverheadWarmup   3: 1048576 op, 481.00 ns, 0.0005 ns/op
OverheadWarmup   4: 1048576 op, 420.00 ns, 0.0004 ns/op
OverheadWarmup   5: 1048576 op, 558.00 ns, 0.0005 ns/op
OverheadWarmup   6: 1048576 op, 478.00 ns, 0.0005 ns/op
OverheadWarmup   7: 1048576 op, 444.00 ns, 0.0004 ns/op
OverheadWarmup   8: 1048576 op, 455.00 ns, 0.0004 ns/op
OverheadWarmup   9: 1048576 op, 429.00 ns, 0.0004 ns/op

OverheadActual   1: 1048576 op, 1033.00 ns, 0.0010 ns/op
OverheadActual   2: 1048576 op, 1064.00 ns, 0.0010 ns/op
OverheadActual   3: 1048576 op, 1107.00 ns, 0.0011 ns/op
OverheadActual   4: 1048576 op, 566.00 ns, 0.0005 ns/op
OverheadActual   5: 1048576 op, 735.00 ns, 0.0007 ns/op
OverheadActual   6: 1048576 op, 434.00 ns, 0.0004 ns/op
OverheadActual   7: 1048576 op, 402.00 ns, 0.0004 ns/op
OverheadActual   8: 1048576 op, 392.00 ns, 0.0004 ns/op
OverheadActual   9: 1048576 op, 394.00 ns, 0.0004 ns/op
OverheadActual  10: 1048576 op, 390.00 ns, 0.0004 ns/op
OverheadActual  11: 1048576 op, 398.00 ns, 0.0004 ns/op
OverheadActual  12: 1048576 op, 416.00 ns, 0.0004 ns/op
OverheadActual  13: 1048576 op, 407.00 ns, 0.0004 ns/op
OverheadActual  14: 1048576 op, 414.00 ns, 0.0004 ns/op
OverheadActual  15: 1048576 op, 492.00 ns, 0.0005 ns/op
OverheadActual  16: 1048576 op, 478.00 ns, 0.0005 ns/op
OverheadActual  17: 1048576 op, 507.00 ns, 0.0005 ns/op
OverheadActual  18: 1048576 op, 610.00 ns, 0.0006 ns/op
OverheadActual  19: 1048576 op, 511.00 ns, 0.0005 ns/op
OverheadActual  20: 1048576 op, 483.00 ns, 0.0005 ns/op

WorkloadWarmup   1: 1048576 op, 253237699.00 ns, 241.5063 ns/op
WorkloadWarmup   2: 1048576 op, 254224054.00 ns, 242.4470 ns/op
WorkloadWarmup   3: 1048576 op, 252190757.00 ns, 240.5078 ns/op
WorkloadWarmup   4: 1048576 op, 252641940.00 ns, 240.9381 ns/op
WorkloadWarmup   5: 1048576 op, 253231128.00 ns, 241.5000 ns/op
WorkloadWarmup   6: 1048576 op, 257991488.00 ns, 246.0399 ns/op
WorkloadWarmup   7: 1048576 op, 246142180.00 ns, 234.7395 ns/op
WorkloadWarmup   8: 1048576 op, 246273398.00 ns, 234.8646 ns/op
WorkloadWarmup   9: 1048576 op, 245556661.00 ns, 234.1811 ns/op
WorkloadWarmup  10: 1048576 op, 252654737.00 ns, 240.9503 ns/op
WorkloadWarmup  11: 1048576 op, 247372761.00 ns, 235.9130 ns/op
WorkloadWarmup  12: 1048576 op, 247768565.00 ns, 236.2905 ns/op
WorkloadWarmup  13: 1048576 op, 245885834.00 ns, 234.4950 ns/op
WorkloadWarmup  14: 1048576 op, 248661964.00 ns, 237.1425 ns/op
WorkloadWarmup  15: 1048576 op, 246411038.00 ns, 234.9959 ns/op
WorkloadWarmup  16: 1048576 op, 246112831.00 ns, 234.7115 ns/op

// BeforeActualRun
WorkloadActual   1: 1048576 op, 252153271.00 ns, 240.4721 ns/op
WorkloadActual   2: 1048576 op, 246333303.00 ns, 234.9217 ns/op
WorkloadActual   3: 1048576 op, 245682711.00 ns, 234.3013 ns/op
WorkloadActual   4: 1048576 op, 245961775.00 ns, 234.5674 ns/op
WorkloadActual   5: 1048576 op, 244340523.00 ns, 233.0213 ns/op
WorkloadActual   6: 1048576 op, 246477227.00 ns, 235.0590 ns/op
WorkloadActual   7: 1048576 op, 268139173.00 ns, 255.7174 ns/op
WorkloadActual   8: 1048576 op, 245633187.00 ns, 234.2541 ns/op
WorkloadActual   9: 1048576 op, 244759366.00 ns, 233.4207 ns/op
WorkloadActual  10: 1048576 op, 245459084.00 ns, 234.0880 ns/op
WorkloadActual  11: 1048576 op, 243905465.00 ns, 232.6064 ns/op
WorkloadActual  12: 1048576 op, 244427895.00 ns, 233.1046 ns/op

// AfterActualRun
WorkloadResult   1: 1048576 op, 246332822.50 ns, 234.9213 ns/op
WorkloadResult   2: 1048576 op, 245682230.50 ns, 234.3008 ns/op
WorkloadResult   3: 1048576 op, 245961294.50 ns, 234.5670 ns/op
WorkloadResult   4: 1048576 op, 244340042.50 ns, 233.0208 ns/op
WorkloadResult   5: 1048576 op, 246476746.50 ns, 235.0585 ns/op
WorkloadResult   6: 1048576 op, 245632706.50 ns, 234.2536 ns/op
WorkloadResult   7: 1048576 op, 244758885.50 ns, 233.4203 ns/op
WorkloadResult   8: 1048576 op, 245458603.50 ns, 234.0876 ns/op
WorkloadResult   9: 1048576 op, 243904984.50 ns, 232.6059 ns/op
WorkloadResult  10: 1048576 op, 244427414.50 ns, 233.1041 ns/op
// GC:  0 0 0 0 1048576
// Threading:  0 0 1048576

// AfterAll
// Benchmark Process 213798 has exited with code 0.

Mean = 233.934 ns, StdErr = 0.268 ns (0.11%), N = 10, StdDev = 0.847 ns
Min = 232.606 ns, Q1 = 233.183 ns, Median = 234.171 ns, Q3 = 234.500 ns, Max = 235.059 ns
IQR = 1.317 ns, LowerFence = 231.207 ns, UpperFence = 236.476 ns
ConfidenceInterval = [232.654 ns; 235.214 ns] (CI 99.9%), Margin = 1.280 ns (0.55% of Mean)
Skewness = -0.18, Kurtosis = 1.38, MValue = 2

// ** Remained 11 (22.0%) benchmark(s) to run. Estimated finish 2026-09-12 13:27 (0h 1m from now) **
// **************************
// Benchmark: DataAuthoredQueryBenchmarks.FacadeNoDispatch: Jit(IterationCount=12, IterationTime=250ms, WarmupCount=16) [Shape=TwoHundredFiftySixTracks, Pattern=Alternating]
// *** Execute ***
// Launch: 1 / 1
// Execute: dotnet Alpha-Jit-1.dll --anonymousPipes 122 123 --benchmarkName "DataAuthoredQueryBenchmarks.FacadeNoDispatch(Shape: TwoHundredFiftySixTracks, Pattern: Alternating)" --job Jit --benchmarkId 39 in /home/i/GitHub/tl-56-feat-data-authored-api/benchmarks/Alpha/bin/Release/net10.0/Alpha-Jit-1/bin/Release/net10.0
// Failed to set up high priority (Permission denied). In order to run benchmarks with high priority, make sure you have the right permissions.
// BeforeAnythingElse

// Benchmark Process Environment Information:
// BenchmarkDotNet v0.15.8
// Runtime=.NET 10.0.12 (10.0.12, 10.0.1226.42308), X64 RyuJIT x86-64-v3
// GC=Concurrent Workstation
// HardwareIntrinsics=AVX2+BMI1+BMI2+F16C+FMA+LZCNT+MOVBE,AVX,SSE3+SSSE3+SSE4.1+SSE4.2+POPCNT,X86Base+SSE+SSE2,AES+PCLMUL,AvxVnni,SERIALIZE VectorSize=256
// Job: Jit(IterationCount=12, IterationTime=250ms, WarmupCount=16)

OverheadJitting  1: 4096 op, 107440.00 ns, 26.2305 ns/op
WorkloadJitting  1: 4096 op, 2323828.00 ns, 567.3408 ns/op

OverheadJitting  2: 65536 op, 135428.00 ns, 2.0665 ns/op
WorkloadJitting  2: 65536 op, 37023228.00 ns, 564.9296 ns/op

WorkloadPilot    1: 65536 op, 37005018.00 ns, 564.6518 ns/op
WorkloadPilot    2: 458752 op, 256857712.00 ns, 559.9054 ns/op

OverheadWarmup   1: 458752 op, 857.00 ns, 0.0019 ns/op
OverheadWarmup   2: 458752 op, 293.00 ns, 0.0006 ns/op
OverheadWarmup   3: 458752 op, 270.00 ns, 0.0006 ns/op
OverheadWarmup   4: 458752 op, 194.00 ns, 0.0004 ns/op
OverheadWarmup   5: 458752 op, 280.00 ns, 0.0006 ns/op
OverheadWarmup   6: 458752 op, 224.00 ns, 0.0005 ns/op
OverheadWarmup   7: 458752 op, 234.00 ns, 0.0005 ns/op
OverheadWarmup   8: 458752 op, 226.00 ns, 0.0005 ns/op

OverheadActual   1: 458752 op, 895.00 ns, 0.0020 ns/op
OverheadActual   2: 458752 op, 565.00 ns, 0.0012 ns/op
OverheadActual   3: 458752 op, 2484.00 ns, 0.0054 ns/op
OverheadActual   4: 458752 op, 599.00 ns, 0.0013 ns/op
OverheadActual   5: 458752 op, 432.00 ns, 0.0009 ns/op
OverheadActual   6: 458752 op, 232.00 ns, 0.0005 ns/op
OverheadActual   7: 458752 op, 215.00 ns, 0.0005 ns/op
OverheadActual   8: 458752 op, 297.00 ns, 0.0006 ns/op
OverheadActual   9: 458752 op, 294.00 ns, 0.0006 ns/op
OverheadActual  10: 458752 op, 247.00 ns, 0.0005 ns/op
OverheadActual  11: 458752 op, 282.00 ns, 0.0006 ns/op
OverheadActual  12: 458752 op, 253.00 ns, 0.0006 ns/op
OverheadActual  13: 458752 op, 261.00 ns, 0.0006 ns/op
OverheadActual  14: 458752 op, 242.00 ns, 0.0005 ns/op
OverheadActual  15: 458752 op, 242.00 ns, 0.0005 ns/op
OverheadActual  16: 458752 op, 410.00 ns, 0.0009 ns/op
OverheadActual  17: 458752 op, 277.00 ns, 0.0006 ns/op
OverheadActual  18: 458752 op, 375.00 ns, 0.0008 ns/op
OverheadActual  19: 458752 op, 291.00 ns, 0.0006 ns/op
OverheadActual  20: 458752 op, 261.00 ns, 0.0006 ns/op

WorkloadWarmup   1: 458752 op, 257179909.00 ns, 560.6077 ns/op
WorkloadWarmup   2: 458752 op, 257964126.00 ns, 562.3172 ns/op
WorkloadWarmup   3: 458752 op, 256326270.00 ns, 558.7469 ns/op
WorkloadWarmup   4: 458752 op, 256413227.00 ns, 558.9365 ns/op
WorkloadWarmup   5: 458752 op, 257888616.00 ns, 562.1526 ns/op
WorkloadWarmup   6: 458752 op, 235113636.00 ns, 512.5071 ns/op
WorkloadWarmup   7: 458752 op, 216097811.00 ns, 471.0558 ns/op
WorkloadWarmup   8: 458752 op, 215696223.00 ns, 470.1805 ns/op
WorkloadWarmup   9: 458752 op, 216251177.00 ns, 471.3902 ns/op
WorkloadWarmup  10: 458752 op, 216002322.00 ns, 470.8477 ns/op
WorkloadWarmup  11: 458752 op, 221726742.00 ns, 483.3259 ns/op
WorkloadWarmup  12: 458752 op, 215264271.00 ns, 469.2389 ns/op
WorkloadWarmup  13: 458752 op, 216701568.00 ns, 472.3719 ns/op
WorkloadWarmup  14: 458752 op, 214750701.00 ns, 468.1194 ns/op
WorkloadWarmup  15: 458752 op, 214607195.00 ns, 467.8066 ns/op
WorkloadWarmup  16: 458752 op, 215382324.00 ns, 469.4962 ns/op

// BeforeActualRun
WorkloadActual   1: 458752 op, 216066637.00 ns, 470.9879 ns/op
WorkloadActual   2: 458752 op, 215614029.00 ns, 470.0013 ns/op
WorkloadActual   3: 458752 op, 215434727.00 ns, 469.6104 ns/op
WorkloadActual   4: 458752 op, 214192084.00 ns, 466.9017 ns/op
WorkloadActual   5: 458752 op, 214762921.00 ns, 468.1460 ns/op
WorkloadActual   6: 458752 op, 215043366.00 ns, 468.7573 ns/op
WorkloadActual   7: 458752 op, 214355169.00 ns, 467.2572 ns/op
WorkloadActual   8: 458752 op, 236770437.00 ns, 516.1186 ns/op
WorkloadActual   9: 458752 op, 215214933.00 ns, 469.1313 ns/op
WorkloadActual  10: 458752 op, 215230251.00 ns, 469.1647 ns/op
WorkloadActual  11: 458752 op, 213360546.00 ns, 465.0891 ns/op
WorkloadActual  12: 458752 op, 216135567.00 ns, 471.1381 ns/op

// AfterActualRun
WorkloadResult   1: 458752 op, 216066350.50 ns, 470.9873 ns/op
WorkloadResult   2: 458752 op, 215613742.50 ns, 470.0007 ns/op
WorkloadResult   3: 458752 op, 215434440.50 ns, 469.6098 ns/op
WorkloadResult   4: 458752 op, 214191797.50 ns, 466.9011 ns/op
WorkloadResult   5: 458752 op, 214762634.50 ns, 468.1454 ns/op
WorkloadResult   6: 458752 op, 215043079.50 ns, 468.7567 ns/op
WorkloadResult   7: 458752 op, 214354882.50 ns, 467.2566 ns/op
WorkloadResult   8: 458752 op, 215214646.50 ns, 469.1307 ns/op
WorkloadResult   9: 458752 op, 215229964.50 ns, 469.1641 ns/op
WorkloadResult  10: 458752 op, 213360259.50 ns, 465.0885 ns/op
WorkloadResult  11: 458752 op, 216135280.50 ns, 471.1375 ns/op
// GC:  0 0 0 0 458752
// Threading:  0 0 458752

// AfterAll
// Benchmark Process 221760 has exited with code 0.

Mean = 468.743 ns, StdErr = 0.546 ns (0.12%), N = 11, StdDev = 1.810 ns
Min = 465.088 ns, Q1 = 467.701 ns, Median = 469.131 ns, Q3 = 469.805 ns, Max = 471.138 ns
IQR = 2.104 ns, LowerFence = 464.545 ns, UpperFence = 472.962 ns
ConfidenceInterval = [466.241 ns; 471.246 ns] (CI 99.9%), Margin = 2.503 ns (0.53% of Mean)
Skewness = -0.47, Kurtosis = 2.17, MValue = 2

// ** Remained 10 (20.0%) benchmark(s) to run. Estimated finish 2026-09-12 13:27 (0h 0m from now) **
// **************************
// Benchmark: DataAuthoredQueryBenchmarks.DirectShape: Jit(IterationCount=12, IterationTime=250ms, WarmupCount=16) [Shape=Blend, Pattern=Forward]
// *** Execute ***
// Launch: 1 / 1
// Execute: dotnet Alpha-Jit-1.dll --anonymousPipes 120 121 --benchmarkName "DataAuthoredQueryBenchmarks.DirectShape(Shape: Blend, Pattern: Forward)" --job Jit --benchmarkId 40 in /home/i/GitHub/tl-56-feat-data-authored-api/benchmarks/Alpha/bin/Release/net10.0/Alpha-Jit-1/bin/Release/net10.0
// Failed to set up high priority (Permission denied). In order to run benchmarks with high priority, make sure you have the right permissions.
// BeforeAnythingElse

// Benchmark Process Environment Information:
// BenchmarkDotNet v0.15.8
// Runtime=.NET 10.0.12 (10.0.12, 10.0.1226.42308), X64 RyuJIT x86-64-v3
// GC=Concurrent Workstation
// HardwareIntrinsics=AVX2+BMI1+BMI2+F16C+FMA+LZCNT+MOVBE,AVX,SSE3+SSSE3+SSE4.1+SSE4.2+POPCNT,X86Base+SSE+SSE2,AES+PCLMUL,AvxVnni,SERIALIZE VectorSize=256
// Job: Jit(IterationCount=12, IterationTime=250ms, WarmupCount=16)

OverheadJitting  1: 4096 op, 107103.00 ns, 26.1482 ns/op
WorkloadJitting  1: 4096 op, 1263419.00 ns, 308.4519 ns/op

OverheadJitting  2: 65536 op, 129833.00 ns, 1.9811 ns/op
WorkloadJitting  2: 65536 op, 395312.00 ns, 6.0320 ns/op

WorkloadPilot    1: 65536 op, 466690.00 ns, 7.1211 ns/op
WorkloadPilot    2: 35127296 op, 106936505.00 ns, 3.0443 ns/op
WorkloadPilot    3: 82182144 op, 250772603.00 ns, 3.0514 ns/op
WorkloadPilot    4: 81985536 op, 251319466.00 ns, 3.0654 ns/op
WorkloadPilot    5: 81592320 op, 249478754.00 ns, 3.0576 ns/op
WorkloadPilot    6: 81788928 op, 250034426.00 ns, 3.0571 ns/op

OverheadWarmup   1: 81788928 op, 28127.00 ns, 0.0003 ns/op
OverheadWarmup   2: 81788928 op, 27727.00 ns, 0.0003 ns/op
OverheadWarmup   3: 81788928 op, 28215.00 ns, 0.0003 ns/op
OverheadWarmup   4: 81788928 op, 28116.00 ns, 0.0003 ns/op
OverheadWarmup   5: 81788928 op, 28162.00 ns, 0.0003 ns/op
OverheadWarmup   6: 81788928 op, 29635.00 ns, 0.0004 ns/op
OverheadWarmup   7: 81788928 op, 28103.00 ns, 0.0003 ns/op

OverheadActual   1: 81788928 op, 28198.00 ns, 0.0003 ns/op
OverheadActual   2: 81788928 op, 27494.00 ns, 0.0003 ns/op
OverheadActual   3: 81788928 op, 27383.00 ns, 0.0003 ns/op
OverheadActual   4: 81788928 op, 27260.00 ns, 0.0003 ns/op
OverheadActual   5: 81788928 op, 27303.00 ns, 0.0003 ns/op
OverheadActual   6: 81788928 op, 27209.00 ns, 0.0003 ns/op
OverheadActual   7: 81788928 op, 27094.00 ns, 0.0003 ns/op
OverheadActual   8: 81788928 op, 27592.00 ns, 0.0003 ns/op
OverheadActual   9: 81788928 op, 27803.00 ns, 0.0003 ns/op
OverheadActual  10: 81788928 op, 28193.00 ns, 0.0003 ns/op
OverheadActual  11: 81788928 op, 28216.00 ns, 0.0003 ns/op
OverheadActual  12: 81788928 op, 28174.00 ns, 0.0003 ns/op
OverheadActual  13: 81788928 op, 27651.00 ns, 0.0003 ns/op
OverheadActual  14: 81788928 op, 27633.00 ns, 0.0003 ns/op
OverheadActual  15: 81788928 op, 27683.00 ns, 0.0003 ns/op

WorkloadWarmup   1: 81788928 op, 251468215.00 ns, 3.0746 ns/op
WorkloadWarmup   2: 81788928 op, 251079366.00 ns, 3.0698 ns/op
WorkloadWarmup   3: 81788928 op, 252329246.00 ns, 3.0851 ns/op
WorkloadWarmup   4: 81788928 op, 252443319.00 ns, 3.0865 ns/op
WorkloadWarmup   5: 81788928 op, 257575947.00 ns, 3.1493 ns/op
WorkloadWarmup   6: 81788928 op, 250831777.00 ns, 3.0668 ns/op
WorkloadWarmup   7: 81788928 op, 250215029.00 ns, 3.0593 ns/op
WorkloadWarmup   8: 81788928 op, 161793368.00 ns, 1.9782 ns/op
WorkloadWarmup   9: 81788928 op, 139842000.00 ns, 1.7098 ns/op
WorkloadWarmup  10: 81788928 op, 141295531.00 ns, 1.7276 ns/op
WorkloadWarmup  11: 81788928 op, 142075238.00 ns, 1.7371 ns/op
WorkloadWarmup  12: 81788928 op, 143980773.00 ns, 1.7604 ns/op
WorkloadWarmup  13: 81788928 op, 143258115.00 ns, 1.7516 ns/op
WorkloadWarmup  14: 81788928 op, 142321121.00 ns, 1.7401 ns/op
WorkloadWarmup  15: 81788928 op, 141009268.00 ns, 1.7241 ns/op
WorkloadWarmup  16: 81788928 op, 142423629.00 ns, 1.7414 ns/op

// BeforeActualRun
WorkloadActual   1: 81788928 op, 141079134.00 ns, 1.7249 ns/op
WorkloadActual   2: 81788928 op, 141231421.00 ns, 1.7268 ns/op
WorkloadActual   3: 81788928 op, 142446271.00 ns, 1.7416 ns/op
WorkloadActual   4: 81788928 op, 141415495.00 ns, 1.7290 ns/op
WorkloadActual   5: 81788928 op, 144416332.00 ns, 1.7657 ns/op
WorkloadActual   6: 81788928 op, 140740976.00 ns, 1.7208 ns/op
WorkloadActual   7: 81788928 op, 140574831.00 ns, 1.7188 ns/op
WorkloadActual   8: 81788928 op, 140489849.00 ns, 1.7177 ns/op
WorkloadActual   9: 81788928 op, 140135046.00 ns, 1.7134 ns/op
WorkloadActual  10: 81788928 op, 141545318.00 ns, 1.7306 ns/op
WorkloadActual  11: 81788928 op, 141415336.00 ns, 1.7290 ns/op
WorkloadActual  12: 81788928 op, 143589903.00 ns, 1.7556 ns/op

// AfterActualRun
WorkloadResult   1: 81788928 op, 141051501.00 ns, 1.7246 ns/op
WorkloadResult   2: 81788928 op, 141203788.00 ns, 1.7264 ns/op
WorkloadResult   3: 81788928 op, 142418638.00 ns, 1.7413 ns/op
WorkloadResult   4: 81788928 op, 141387862.00 ns, 1.7287 ns/op
WorkloadResult   5: 81788928 op, 140713343.00 ns, 1.7204 ns/op
WorkloadResult   6: 81788928 op, 140547198.00 ns, 1.7184 ns/op
WorkloadResult   7: 81788928 op, 140462216.00 ns, 1.7174 ns/op
WorkloadResult   8: 81788928 op, 140107413.00 ns, 1.7130 ns/op
WorkloadResult   9: 81788928 op, 141517685.00 ns, 1.7303 ns/op
WorkloadResult  10: 81788928 op, 141387703.00 ns, 1.7287 ns/op
// GC:  0 0 0 0 81788928
// Threading:  0 0 81788928

// AfterAll
// Benchmark Process 229119 has exited with code 0.

Mean = 1.725 ns, StdErr = 0.003 ns (0.15%), N = 10, StdDev = 0.008 ns
Min = 1.713 ns, Q1 = 1.719 ns, Median = 1.726 ns, Q3 = 1.729 ns, Max = 1.741 ns
IQR = 0.010 ns, LowerFence = 1.704 ns, UpperFence = 1.743 ns
ConfidenceInterval = [1.713 ns; 1.737 ns] (CI 99.9%), Margin = 0.012 ns (0.71% of Mean)
Skewness = 0.41, Kurtosis = 2.3, MValue = 2

// ** Remained 9 (18.0%) benchmark(s) to run. Estimated finish 2026-09-12 13:27 (0h 0m from now) **
// **************************
// Benchmark: DataAuthoredQueryBenchmarks.GeneratedShape: Jit(IterationCount=12, IterationTime=250ms, WarmupCount=16) [Shape=Blend, Pattern=Forward]
// *** Execute ***
// Launch: 1 / 1
// Execute: dotnet Alpha-Jit-1.dll --anonymousPipes 122 123 --benchmarkName "DataAuthoredQueryBenchmarks.GeneratedShape(Shape: Blend, Pattern: Forward)" --job Jit --benchmarkId 41 in /home/i/GitHub/tl-56-feat-data-authored-api/benchmarks/Alpha/bin/Release/net10.0/Alpha-Jit-1/bin/Release/net10.0
// Failed to set up high priority (Permission denied). In order to run benchmarks with high priority, make sure you have the right permissions.
// BeforeAnythingElse

// Benchmark Process Environment Information:
// BenchmarkDotNet v0.15.8
// Runtime=.NET 10.0.12 (10.0.12, 10.0.1226.42308), X64 RyuJIT x86-64-v3
// GC=Concurrent Workstation
// HardwareIntrinsics=AVX2+BMI1+BMI2+F16C+FMA+LZCNT+MOVBE,AVX,SSE3+SSSE3+SSE4.1+SSE4.2+POPCNT,X86Base+SSE+SSE2,AES+PCLMUL,AvxVnni,SERIALIZE VectorSize=256
// Job: Jit(IterationCount=12, IterationTime=250ms, WarmupCount=16)

OverheadJitting  1: 4096 op, 102944.00 ns, 25.1328 ns/op
WorkloadJitting  1: 4096 op, 262248.00 ns, 64.0254 ns/op

OverheadJitting  2: 65536 op, 133788.00 ns, 2.0414 ns/op
WorkloadJitting  2: 65536 op, 1442669.00 ns, 22.0134 ns/op

WorkloadPilot    1: 65536 op, 654993.00 ns, 9.9944 ns/op
WorkloadPilot    2: 25034752 op, 242322097.00 ns, 9.6794 ns/op
WorkloadPilot    3: 25886720 op, 251081874.00 ns, 9.6993 ns/op
WorkloadPilot    4: 25821184 op, 250436299.00 ns, 9.6989 ns/op

OverheadWarmup   1: 25821184 op, 9138.00 ns, 0.0004 ns/op
OverheadWarmup   2: 25821184 op, 8693.00 ns, 0.0003 ns/op
OverheadWarmup   3: 25821184 op, 8642.00 ns, 0.0003 ns/op
OverheadWarmup   4: 25821184 op, 8616.00 ns, 0.0003 ns/op
OverheadWarmup   5: 25821184 op, 8640.00 ns, 0.0003 ns/op
OverheadWarmup   6: 25821184 op, 8620.00 ns, 0.0003 ns/op
OverheadWarmup   7: 25821184 op, 8609.00 ns, 0.0003 ns/op
OverheadWarmup   8: 25821184 op, 8615.00 ns, 0.0003 ns/op
OverheadWarmup   9: 25821184 op, 8601.00 ns, 0.0003 ns/op

OverheadActual   1: 25821184 op, 8892.00 ns, 0.0003 ns/op
OverheadActual   2: 25821184 op, 8825.00 ns, 0.0003 ns/op
OverheadActual   3: 25821184 op, 9445.00 ns, 0.0004 ns/op
OverheadActual   4: 25821184 op, 9423.00 ns, 0.0004 ns/op
OverheadActual   5: 25821184 op, 8765.00 ns, 0.0003 ns/op
OverheadActual   6: 25821184 op, 8607.00 ns, 0.0003 ns/op
OverheadActual   7: 25821184 op, 9180.00 ns, 0.0004 ns/op
OverheadActual   8: 25821184 op, 9036.00 ns, 0.0003 ns/op
OverheadActual   9: 25821184 op, 9181.00 ns, 0.0004 ns/op
OverheadActual  10: 25821184 op, 9111.00 ns, 0.0004 ns/op
OverheadActual  11: 25821184 op, 9349.00 ns, 0.0004 ns/op
OverheadActual  12: 25821184 op, 9349.00 ns, 0.0004 ns/op
OverheadActual  13: 25821184 op, 8667.00 ns, 0.0003 ns/op
OverheadActual  14: 25821184 op, 8605.00 ns, 0.0003 ns/op
OverheadActual  15: 25821184 op, 8879.00 ns, 0.0003 ns/op

WorkloadWarmup   1: 25821184 op, 254344587.00 ns, 9.8502 ns/op
WorkloadWarmup   2: 25821184 op, 251534500.00 ns, 9.7414 ns/op
WorkloadWarmup   3: 25821184 op, 249254448.00 ns, 9.6531 ns/op
WorkloadWarmup   4: 25821184 op, 249445963.00 ns, 9.6605 ns/op
WorkloadWarmup   5: 25821184 op, 197980099.00 ns, 7.6674 ns/op
WorkloadWarmup   6: 25821184 op, 68063199.00 ns, 2.6359 ns/op
WorkloadWarmup   7: 25821184 op, 68103094.00 ns, 2.6375 ns/op
WorkloadWarmup   8: 25821184 op, 68046902.00 ns, 2.6353 ns/op
WorkloadWarmup   9: 25821184 op, 68777520.00 ns, 2.6636 ns/op
WorkloadWarmup  10: 25821184 op, 67676631.00 ns, 2.6210 ns/op
WorkloadWarmup  11: 25821184 op, 68081913.00 ns, 2.6367 ns/op
WorkloadWarmup  12: 25821184 op, 67184042.00 ns, 2.6019 ns/op
WorkloadWarmup  13: 25821184 op, 70723876.00 ns, 2.7390 ns/op
WorkloadWarmup  14: 25821184 op, 67664166.00 ns, 2.6205 ns/op
WorkloadWarmup  15: 25821184 op, 67803881.00 ns, 2.6259 ns/op
WorkloadWarmup  16: 25821184 op, 67401354.00 ns, 2.6103 ns/op

// BeforeActualRun
WorkloadActual   1: 25821184 op, 67842020.00 ns, 2.6274 ns/op
WorkloadActual   2: 25821184 op, 66759570.00 ns, 2.5855 ns/op
WorkloadActual   3: 25821184 op, 68919864.00 ns, 2.6691 ns/op
WorkloadActual   4: 25821184 op, 67432947.00 ns, 2.6115 ns/op
WorkloadActual   5: 25821184 op, 66526913.00 ns, 2.5764 ns/op
WorkloadActual   6: 25821184 op, 67914905.00 ns, 2.6302 ns/op
WorkloadActual   7: 25821184 op, 68091291.00 ns, 2.6370 ns/op
WorkloadActual   8: 25821184 op, 67618752.00 ns, 2.6187 ns/op
WorkloadActual   9: 25821184 op, 68935320.00 ns, 2.6697 ns/op
WorkloadActual  10: 25821184 op, 69210135.00 ns, 2.6804 ns/op
WorkloadActual  11: 25821184 op, 67691102.00 ns, 2.6215 ns/op
WorkloadActual  12: 25821184 op, 67826071.00 ns, 2.6268 ns/op

// AfterActualRun
WorkloadResult   1: 25821184 op, 67832984.00 ns, 2.6270 ns/op
WorkloadResult   2: 25821184 op, 66750534.00 ns, 2.5851 ns/op
WorkloadResult   3: 25821184 op, 68910828.00 ns, 2.6688 ns/op
WorkloadResult   4: 25821184 op, 67423911.00 ns, 2.6112 ns/op
WorkloadResult   5: 25821184 op, 66517877.00 ns, 2.5761 ns/op
WorkloadResult   6: 25821184 op, 67905869.00 ns, 2.6299 ns/op
WorkloadResult   7: 25821184 op, 68082255.00 ns, 2.6367 ns/op
WorkloadResult   8: 25821184 op, 67609716.00 ns, 2.6184 ns/op
WorkloadResult   9: 25821184 op, 68926284.00 ns, 2.6694 ns/op
WorkloadResult  10: 25821184 op, 69201099.00 ns, 2.6800 ns/op
WorkloadResult  11: 25821184 op, 67682066.00 ns, 2.6212 ns/op
WorkloadResult  12: 25821184 op, 67817035.00 ns, 2.6264 ns/op
// GC:  0 0 0 0 25821184
// Threading:  0 0 25821184

// AfterAll
// Benchmark Process 235284 has exited with code 0.

Mean = 2.629 ns, StdErr = 0.009 ns (0.35%), N = 12, StdDev = 0.032 ns
Min = 2.576 ns, Q1 = 2.617 ns, Median = 2.627 ns, Q3 = 2.645 ns, Max = 2.680 ns
IQR = 0.028 ns, LowerFence = 2.574 ns, UpperFence = 2.687 ns
ConfidenceInterval = [2.588 ns; 2.670 ns] (CI 99.9%), Margin = 0.041 ns (1.55% of Mean)
Skewness = 0.04, Kurtosis = 1.93, MValue = 2

// ** Remained 8 (16.0%) benchmark(s) to run. Estimated finish 2026-09-12 13:27 (0h 0m from now) **
// **************************
// Benchmark: DataAuthoredQueryBenchmarks.DataAuthoredFacade: Jit(IterationCount=12, IterationTime=250ms, WarmupCount=16) [Shape=Blend, Pattern=Forward]
// *** Execute ***
// Launch: 1 / 1
// Execute: dotnet Alpha-Jit-1.dll --anonymousPipes 120 121 --benchmarkName "DataAuthoredQueryBenchmarks.DataAuthoredFacade(Shape: Blend, Pattern: Forward)" --job Jit --benchmarkId 42 in /home/i/GitHub/tl-56-feat-data-authored-api/benchmarks/Alpha/bin/Release/net10.0/Alpha-Jit-1/bin/Release/net10.0
// Failed to set up high priority (Permission denied). In order to run benchmarks with high priority, make sure you have the right permissions.
// BeforeAnythingElse

// Benchmark Process Environment Information:
// BenchmarkDotNet v0.15.8
// Runtime=.NET 10.0.12 (10.0.12, 10.0.1226.42308), X64 RyuJIT x86-64-v3
// GC=Concurrent Workstation
// HardwareIntrinsics=AVX2+BMI1+BMI2+F16C+FMA+LZCNT+MOVBE,AVX,SSE3+SSSE3+SSE4.1+SSE4.2+POPCNT,X86Base+SSE+SSE2,AES+PCLMUL,AvxVnni,SERIALIZE VectorSize=256
// Job: Jit(IterationCount=12, IterationTime=250ms, WarmupCount=16)

OverheadJitting  1: 4096 op, 116922.00 ns, 28.5454 ns/op
WorkloadJitting  1: 4096 op, 305985.00 ns, 74.7034 ns/op

OverheadJitting  2: 65536 op, 128056.00 ns, 1.9540 ns/op
WorkloadJitting  2: 65536 op, 3224078.00 ns, 49.1955 ns/op

WorkloadPilot    1: 65536 op, 2493693.00 ns, 38.0507 ns/op
WorkloadPilot    2: 6619136 op, 236440774.00 ns, 35.7208 ns/op
WorkloadPilot    3: 7012352 op, 250572862.00 ns, 35.7331 ns/op

OverheadWarmup   1: 7012352 op, 3012.00 ns, 0.0004 ns/op
OverheadWarmup   2: 7012352 op, 2522.00 ns, 0.0004 ns/op
OverheadWarmup   3: 7012352 op, 2429.00 ns, 0.0003 ns/op
OverheadWarmup   4: 7012352 op, 2422.00 ns, 0.0003 ns/op
OverheadWarmup   5: 7012352 op, 2435.00 ns, 0.0003 ns/op
OverheadWarmup   6: 7012352 op, 2451.00 ns, 0.0003 ns/op
OverheadWarmup   7: 7012352 op, 2434.00 ns, 0.0003 ns/op
OverheadWarmup   8: 7012352 op, 2442.00 ns, 0.0003 ns/op
OverheadWarmup   9: 7012352 op, 2435.00 ns, 0.0003 ns/op

OverheadActual   1: 7012352 op, 3192.00 ns, 0.0005 ns/op
OverheadActual   2: 7012352 op, 3168.00 ns, 0.0005 ns/op
OverheadActual   3: 7012352 op, 3117.00 ns, 0.0004 ns/op
OverheadActual   4: 7012352 op, 2535.00 ns, 0.0004 ns/op
OverheadActual   5: 7012352 op, 2809.00 ns, 0.0004 ns/op
OverheadActual   6: 7012352 op, 2458.00 ns, 0.0004 ns/op
OverheadActual   7: 7012352 op, 2438.00 ns, 0.0003 ns/op
OverheadActual   8: 7012352 op, 2436.00 ns, 0.0003 ns/op
OverheadActual   9: 7012352 op, 2448.00 ns, 0.0003 ns/op
OverheadActual  10: 7012352 op, 2450.00 ns, 0.0003 ns/op
OverheadActual  11: 7012352 op, 2439.00 ns, 0.0003 ns/op
OverheadActual  12: 7012352 op, 2429.00 ns, 0.0003 ns/op
OverheadActual  13: 7012352 op, 2439.00 ns, 0.0003 ns/op
OverheadActual  14: 7012352 op, 2426.00 ns, 0.0003 ns/op
OverheadActual  15: 7012352 op, 2455.00 ns, 0.0004 ns/op
OverheadActual  16: 7012352 op, 2430.00 ns, 0.0003 ns/op
OverheadActual  17: 7012352 op, 2452.00 ns, 0.0003 ns/op

WorkloadWarmup   1: 7012352 op, 252134636.00 ns, 35.9558 ns/op
WorkloadWarmup   2: 7012352 op, 251520458.00 ns, 35.8682 ns/op
WorkloadWarmup   3: 7012352 op, 252654553.00 ns, 36.0299 ns/op
WorkloadWarmup   4: 7012352 op, 251975660.00 ns, 35.9331 ns/op
WorkloadWarmup   5: 7012352 op, 251097942.00 ns, 35.8079 ns/op
WorkloadWarmup   6: 7012352 op, 201818466.00 ns, 28.7804 ns/op
WorkloadWarmup   7: 7012352 op, 93063549.00 ns, 13.2714 ns/op
WorkloadWarmup   8: 7012352 op, 92729181.00 ns, 13.2237 ns/op
WorkloadWarmup   9: 7012352 op, 93404994.00 ns, 13.3201 ns/op
WorkloadWarmup  10: 7012352 op, 98866194.00 ns, 14.0989 ns/op
WorkloadWarmup  11: 7012352 op, 93606992.00 ns, 13.3489 ns/op
WorkloadWarmup  12: 7012352 op, 92873281.00 ns, 13.2442 ns/op
WorkloadWarmup  13: 7012352 op, 91778675.00 ns, 13.0881 ns/op
WorkloadWarmup  14: 7012352 op, 92738621.00 ns, 13.2250 ns/op
WorkloadWarmup  15: 7012352 op, 92752267.00 ns, 13.2270 ns/op
WorkloadWarmup  16: 7012352 op, 92165067.00 ns, 13.1432 ns/op

// BeforeActualRun
WorkloadActual   1: 7012352 op, 92758840.00 ns, 13.2279 ns/op
WorkloadActual   2: 7012352 op, 92589077.00 ns, 13.2037 ns/op
WorkloadActual   3: 7012352 op, 91407468.00 ns, 13.0352 ns/op
WorkloadActual   4: 7012352 op, 93092371.00 ns, 13.2755 ns/op
WorkloadActual   5: 7012352 op, 94622954.00 ns, 13.4938 ns/op
WorkloadActual   6: 7012352 op, 92884024.00 ns, 13.2458 ns/op
WorkloadActual   7: 7012352 op, 94390299.00 ns, 13.4606 ns/op
WorkloadActual   8: 7012352 op, 94901200.00 ns, 13.5334 ns/op
WorkloadActual   9: 7012352 op, 93597500.00 ns, 13.3475 ns/op
WorkloadActual  10: 7012352 op, 92827569.00 ns, 13.2377 ns/op
WorkloadActual  11: 7012352 op, 93722346.00 ns, 13.3653 ns/op
WorkloadActual  12: 7012352 op, 118497448.00 ns, 16.8984 ns/op

// AfterActualRun
WorkloadResult   1: 7012352 op, 92756390.00 ns, 13.2276 ns/op
WorkloadResult   2: 7012352 op, 92586627.00 ns, 13.2034 ns/op
WorkloadResult   3: 7012352 op, 91405018.00 ns, 13.0349 ns/op
WorkloadResult   4: 7012352 op, 93089921.00 ns, 13.2751 ns/op
WorkloadResult   5: 7012352 op, 94620504.00 ns, 13.4934 ns/op
WorkloadResult   6: 7012352 op, 92881574.00 ns, 13.2454 ns/op
WorkloadResult   7: 7012352 op, 94387849.00 ns, 13.4602 ns/op
WorkloadResult   8: 7012352 op, 94898750.00 ns, 13.5331 ns/op
WorkloadResult   9: 7012352 op, 93595050.00 ns, 13.3472 ns/op
WorkloadResult  10: 7012352 op, 92825119.00 ns, 13.2374 ns/op
WorkloadResult  11: 7012352 op, 93719896.00 ns, 13.3650 ns/op
// GC:  0 0 0 0 7012352
// Threading:  0 0 7012352

// AfterAll
// Benchmark Process 238932 has exited with code 0.

Mean = 13.311 ns, StdErr = 0.044 ns (0.33%), N = 11, StdDev = 0.147 ns
Min = 13.035 ns, Q1 = 13.232 ns, Median = 13.275 ns, Q3 = 13.413 ns, Max = 13.533 ns
IQR = 0.180 ns, LowerFence = 12.962 ns, UpperFence = 13.683 ns
ConfidenceInterval = [13.108 ns; 13.514 ns] (CI 99.9%), Margin = 0.203 ns (1.52% of Mean)
Skewness = -0.09, Kurtosis = 1.99, MValue = 2

// ** Remained 7 (14.0%) benchmark(s) to run. Estimated finish 2026-09-12 13:27 (0h 0m from now) **
// **************************
// Benchmark: DataAuthoredQueryBenchmarks.FacadeSelectOnly: Jit(IterationCount=12, IterationTime=250ms, WarmupCount=16) [Shape=Blend, Pattern=Forward]
// *** Execute ***
// Launch: 1 / 1
// Execute: dotnet Alpha-Jit-1.dll --anonymousPipes 120 121 --benchmarkName "DataAuthoredQueryBenchmarks.FacadeSelectOnly(Shape: Blend, Pattern: Forward)" --job Jit --benchmarkId 43 in /home/i/GitHub/tl-56-feat-data-authored-api/benchmarks/Alpha/bin/Release/net10.0/Alpha-Jit-1/bin/Release/net10.0
// Failed to set up high priority (Permission denied). In order to run benchmarks with high priority, make sure you have the right permissions.
// BeforeAnythingElse

// Benchmark Process Environment Information:
// BenchmarkDotNet v0.15.8
// Runtime=.NET 10.0.12 (10.0.12, 10.0.1226.42308), X64 RyuJIT x86-64-v3
// GC=Concurrent Workstation
// HardwareIntrinsics=AVX2+BMI1+BMI2+F16C+FMA+LZCNT+MOVBE,AVX,SSE3+SSSE3+SSE4.1+SSE4.2+POPCNT,X86Base+SSE+SSE2,AES+PCLMUL,AvxVnni,SERIALIZE VectorSize=256
// Job: Jit(IterationCount=12, IterationTime=250ms, WarmupCount=16)

OverheadJitting  1: 4096 op, 124934.00 ns, 30.5015 ns/op
WorkloadJitting  1: 4096 op, 239364.00 ns, 58.4385 ns/op

OverheadJitting  2: 65536 op, 133831.00 ns, 2.0421 ns/op
WorkloadJitting  2: 65536 op, 1339893.00 ns, 20.4451 ns/op

WorkloadPilot    1: 65536 op, 1034622.00 ns, 15.7871 ns/op
WorkloadPilot    2: 15859712 op, 238119116.00 ns, 15.0141 ns/op
WorkloadPilot    3: 16711680 op, 245915543.00 ns, 14.7152 ns/op
WorkloadPilot    4: 17039360 op, 261162711.00 ns, 15.3270 ns/op
WorkloadPilot    5: 16318464 op, 254454159.00 ns, 15.5930 ns/op
WorkloadPilot    6: 16056320 op, 250290693.00 ns, 15.5883 ns/op

OverheadWarmup   1: 16056320 op, 6001.00 ns, 0.0004 ns/op
OverheadWarmup   2: 16056320 op, 5557.00 ns, 0.0003 ns/op
OverheadWarmup   3: 16056320 op, 5479.00 ns, 0.0003 ns/op
OverheadWarmup   4: 16056320 op, 5464.00 ns, 0.0003 ns/op
OverheadWarmup   5: 16056320 op, 5515.00 ns, 0.0003 ns/op
OverheadWarmup   6: 16056320 op, 5476.00 ns, 0.0003 ns/op
OverheadWarmup   7: 16056320 op, 5376.00 ns, 0.0003 ns/op
OverheadWarmup   8: 16056320 op, 5383.00 ns, 0.0003 ns/op
OverheadWarmup   9: 16056320 op, 5380.00 ns, 0.0003 ns/op

OverheadActual   1: 16056320 op, 5976.00 ns, 0.0004 ns/op
OverheadActual   2: 16056320 op, 5720.00 ns, 0.0004 ns/op
OverheadActual   3: 16056320 op, 5583.00 ns, 0.0003 ns/op
OverheadActual   4: 16056320 op, 5429.00 ns, 0.0003 ns/op
OverheadActual   5: 16056320 op, 5492.00 ns, 0.0003 ns/op
OverheadActual   6: 16056320 op, 5374.00 ns, 0.0003 ns/op
OverheadActual   7: 16056320 op, 5377.00 ns, 0.0003 ns/op
OverheadActual   8: 16056320 op, 5478.00 ns, 0.0003 ns/op
OverheadActual   9: 16056320 op, 9651.00 ns, 0.0006 ns/op
OverheadActual  10: 16056320 op, 5469.00 ns, 0.0003 ns/op
OverheadActual  11: 16056320 op, 5460.00 ns, 0.0003 ns/op
OverheadActual  12: 16056320 op, 5478.00 ns, 0.0003 ns/op
OverheadActual  13: 16056320 op, 5472.00 ns, 0.0003 ns/op
OverheadActual  14: 16056320 op, 5467.00 ns, 0.0003 ns/op
OverheadActual  15: 16056320 op, 5474.00 ns, 0.0003 ns/op

WorkloadWarmup   1: 16056320 op, 249074537.00 ns, 15.5126 ns/op
WorkloadWarmup   2: 16056320 op, 249491719.00 ns, 15.5385 ns/op
WorkloadWarmup   3: 16056320 op, 249069774.00 ns, 15.5123 ns/op
WorkloadWarmup   4: 16056320 op, 248338451.00 ns, 15.4667 ns/op
WorkloadWarmup   5: 16056320 op, 248807478.00 ns, 15.4959 ns/op
WorkloadWarmup   6: 16056320 op, 251426201.00 ns, 15.6590 ns/op
WorkloadWarmup   7: 16056320 op, 226639776.00 ns, 14.1153 ns/op
WorkloadWarmup   8: 16056320 op, 167109298.00 ns, 10.4077 ns/op
WorkloadWarmup   9: 16056320 op, 167988546.00 ns, 10.4625 ns/op
WorkloadWarmup  10: 16056320 op, 167037447.00 ns, 10.4032 ns/op
WorkloadWarmup  11: 16056320 op, 166414125.00 ns, 10.3644 ns/op
WorkloadWarmup  12: 16056320 op, 170727431.00 ns, 10.6330 ns/op
WorkloadWarmup  13: 16056320 op, 178380412.00 ns, 11.1097 ns/op
WorkloadWarmup  14: 16056320 op, 170636335.00 ns, 10.6274 ns/op
WorkloadWarmup  15: 16056320 op, 171849364.00 ns, 10.7029 ns/op
WorkloadWarmup  16: 16056320 op, 172137575.00 ns, 10.7209 ns/op

// BeforeActualRun
WorkloadActual   1: 16056320 op, 168392419.00 ns, 10.4876 ns/op
WorkloadActual   2: 16056320 op, 169042451.00 ns, 10.5281 ns/op
WorkloadActual   3: 16056320 op, 170248899.00 ns, 10.6032 ns/op
WorkloadActual   4: 16056320 op, 173562949.00 ns, 10.8096 ns/op
WorkloadActual   5: 16056320 op, 168422470.00 ns, 10.4895 ns/op
WorkloadActual   6: 16056320 op, 172202146.00 ns, 10.7249 ns/op
WorkloadActual   7: 16056320 op, 171252525.00 ns, 10.6657 ns/op
WorkloadActual   8: 16056320 op, 170129908.00 ns, 10.5958 ns/op
WorkloadActual   9: 16056320 op, 169407843.00 ns, 10.5509 ns/op
WorkloadActual  10: 16056320 op, 169363608.00 ns, 10.5481 ns/op
WorkloadActual  11: 16056320 op, 189178550.00 ns, 11.7822 ns/op
WorkloadActual  12: 16056320 op, 170744054.00 ns, 10.6341 ns/op

// AfterActualRun
WorkloadResult   1: 16056320 op, 168386945.00 ns, 10.4873 ns/op
WorkloadResult   2: 16056320 op, 169036977.00 ns, 10.5278 ns/op
WorkloadResult   3: 16056320 op, 170243425.00 ns, 10.6029 ns/op
WorkloadResult   4: 16056320 op, 173557475.00 ns, 10.8093 ns/op
WorkloadResult   5: 16056320 op, 168416996.00 ns, 10.4891 ns/op
WorkloadResult   6: 16056320 op, 172196672.00 ns, 10.7245 ns/op
WorkloadResult   7: 16056320 op, 171247051.00 ns, 10.6654 ns/op
WorkloadResult   8: 16056320 op, 170124434.00 ns, 10.5955 ns/op
WorkloadResult   9: 16056320 op, 169402369.00 ns, 10.5505 ns/op
WorkloadResult  10: 16056320 op, 169358134.00 ns, 10.5478 ns/op
WorkloadResult  11: 16056320 op, 170738580.00 ns, 10.6337 ns/op
// GC:  0 0 0 0 16056320
// Threading:  0 0 16056320

// AfterAll
// Benchmark Process 242793 has exited with code 0.

Mean = 10.603 ns, StdErr = 0.030 ns (0.28%), N = 11, StdDev = 0.100 ns
Min = 10.487 ns, Q1 = 10.538 ns, Median = 10.595 ns, Q3 = 10.650 ns, Max = 10.809 ns
IQR = 0.112 ns, LowerFence = 10.370 ns, UpperFence = 10.817 ns
ConfidenceInterval = [10.465 ns; 10.741 ns] (CI 99.9%), Margin = 0.138 ns (1.30% of Mean)
Skewness = 0.64, Kurtosis = 2.22, MValue = 2

// ** Remained 6 (12.0%) benchmark(s) to run. Estimated finish 2026-09-12 13:27 (0h 0m from now) **
// **************************
// Benchmark: DataAuthoredQueryBenchmarks.FacadeNoDispatch: Jit(IterationCount=12, IterationTime=250ms, WarmupCount=16) [Shape=Blend, Pattern=Forward]
// *** Execute ***
// Launch: 1 / 1
// Execute: dotnet Alpha-Jit-1.dll --anonymousPipes 120 121 --benchmarkName "DataAuthoredQueryBenchmarks.FacadeNoDispatch(Shape: Blend, Pattern: Forward)" --job Jit --benchmarkId 44 in /home/i/GitHub/tl-56-feat-data-authored-api/benchmarks/Alpha/bin/Release/net10.0/Alpha-Jit-1/bin/Release/net10.0
// Failed to set up high priority (Permission denied). In order to run benchmarks with high priority, make sure you have the right permissions.
// BeforeAnythingElse

// Benchmark Process Environment Information:
// BenchmarkDotNet v0.15.8
// Runtime=.NET 10.0.12 (10.0.12, 10.0.1226.42308), X64 RyuJIT x86-64-v3
// GC=Concurrent Workstation
// HardwareIntrinsics=AVX2+BMI1+BMI2+F16C+FMA+LZCNT+MOVBE,AVX,SSE3+SSSE3+SSE4.1+SSE4.2+POPCNT,X86Base+SSE+SSE2,AES+PCLMUL,AvxVnni,SERIALIZE VectorSize=256
// Job: Jit(IterationCount=12, IterationTime=250ms, WarmupCount=16)

OverheadJitting  1: 4096 op, 107885.00 ns, 26.3391 ns/op
WorkloadJitting  1: 4096 op, 200096.00 ns, 48.8516 ns/op

OverheadJitting  2: 65536 op, 135197.00 ns, 2.0629 ns/op
WorkloadJitting  2: 65536 op, 1712742.00 ns, 26.1344 ns/op

WorkloadPilot    1: 65536 op, 1471128.00 ns, 22.4476 ns/op
WorkloadPilot    2: 11141120 op, 186632853.00 ns, 16.7517 ns/op
WorkloadPilot    3: 14942208 op, 250609344.00 ns, 16.7719 ns/op

OverheadWarmup   1: 14942208 op, 6891.00 ns, 0.0005 ns/op
OverheadWarmup   2: 14942208 op, 6470.00 ns, 0.0004 ns/op
OverheadWarmup   3: 14942208 op, 5430.00 ns, 0.0004 ns/op
OverheadWarmup   4: 14942208 op, 5461.00 ns, 0.0004 ns/op
OverheadWarmup   5: 14942208 op, 5061.00 ns, 0.0003 ns/op
OverheadWarmup   6: 14942208 op, 5027.00 ns, 0.0003 ns/op
OverheadWarmup   7: 14942208 op, 5017.00 ns, 0.0003 ns/op
OverheadWarmup   8: 14942208 op, 5035.00 ns, 0.0003 ns/op
OverheadWarmup   9: 14942208 op, 5034.00 ns, 0.0003 ns/op

OverheadActual   1: 14942208 op, 5266.00 ns, 0.0004 ns/op
OverheadActual   2: 14942208 op, 5190.00 ns, 0.0003 ns/op
OverheadActual   3: 14942208 op, 5183.00 ns, 0.0003 ns/op
OverheadActual   4: 14942208 op, 5078.00 ns, 0.0003 ns/op
OverheadActual   5: 14942208 op, 5129.00 ns, 0.0003 ns/op
OverheadActual   6: 14942208 op, 5033.00 ns, 0.0003 ns/op
OverheadActual   7: 14942208 op, 5032.00 ns, 0.0003 ns/op
OverheadActual   8: 14942208 op, 5026.00 ns, 0.0003 ns/op
OverheadActual   9: 14942208 op, 5024.00 ns, 0.0003 ns/op
OverheadActual  10: 14942208 op, 5022.00 ns, 0.0003 ns/op
OverheadActual  11: 14942208 op, 5037.00 ns, 0.0003 ns/op
OverheadActual  12: 14942208 op, 5054.00 ns, 0.0003 ns/op
OverheadActual  13: 14942208 op, 5049.00 ns, 0.0003 ns/op
OverheadActual  14: 14942208 op, 5012.00 ns, 0.0003 ns/op
OverheadActual  15: 14942208 op, 5006.00 ns, 0.0003 ns/op

WorkloadWarmup   1: 14942208 op, 250260254.00 ns, 16.7485 ns/op
WorkloadWarmup   2: 14942208 op, 251933856.00 ns, 16.8606 ns/op
WorkloadWarmup   3: 14942208 op, 252305416.00 ns, 16.8854 ns/op
WorkloadWarmup   4: 14942208 op, 252199219.00 ns, 16.8783 ns/op
WorkloadWarmup   5: 14942208 op, 253049730.00 ns, 16.9352 ns/op
WorkloadWarmup   6: 14942208 op, 243595833.00 ns, 16.3025 ns/op
WorkloadWarmup   7: 14942208 op, 167351154.00 ns, 11.1999 ns/op
WorkloadWarmup   8: 14942208 op, 171366439.00 ns, 11.4686 ns/op
WorkloadWarmup   9: 14942208 op, 165552188.00 ns, 11.0795 ns/op
WorkloadWarmup  10: 14942208 op, 167740920.00 ns, 11.2260 ns/op
WorkloadWarmup  11: 14942208 op, 166226844.00 ns, 11.1247 ns/op
WorkloadWarmup  12: 14942208 op, 175520548.00 ns, 11.7466 ns/op
WorkloadWarmup  13: 14942208 op, 165544631.00 ns, 11.0790 ns/op
WorkloadWarmup  14: 14942208 op, 171747793.00 ns, 11.4941 ns/op
WorkloadWarmup  15: 14942208 op, 173815931.00 ns, 11.6325 ns/op
WorkloadWarmup  16: 14942208 op, 167773030.00 ns, 11.2281 ns/op

// BeforeActualRun
WorkloadActual   1: 14942208 op, 168496759.00 ns, 11.2766 ns/op
WorkloadActual   2: 14942208 op, 172439490.00 ns, 11.5404 ns/op
WorkloadActual   3: 14942208 op, 172256090.00 ns, 11.5282 ns/op
WorkloadActual   4: 14942208 op, 167184399.00 ns, 11.1887 ns/op
WorkloadActual   5: 14942208 op, 167374004.00 ns, 11.2014 ns/op
WorkloadActual   6: 14942208 op, 166360814.00 ns, 11.1336 ns/op
WorkloadActual   7: 14942208 op, 168753570.00 ns, 11.2938 ns/op
WorkloadActual   8: 14942208 op, 171579020.00 ns, 11.4828 ns/op
WorkloadActual   9: 14942208 op, 168730602.00 ns, 11.2922 ns/op
WorkloadActual  10: 14942208 op, 189519840.00 ns, 12.6835 ns/op
WorkloadActual  11: 14942208 op, 167945023.00 ns, 11.2396 ns/op
WorkloadActual  12: 14942208 op, 167881980.00 ns, 11.2354 ns/op

// AfterActualRun
WorkloadResult   1: 14942208 op, 168491722.00 ns, 11.2762 ns/op
WorkloadResult   2: 14942208 op, 172434453.00 ns, 11.5401 ns/op
WorkloadResult   3: 14942208 op, 172251053.00 ns, 11.5278 ns/op
WorkloadResult   4: 14942208 op, 167179362.00 ns, 11.1884 ns/op
WorkloadResult   5: 14942208 op, 167368967.00 ns, 11.2011 ns/op
WorkloadResult   6: 14942208 op, 166355777.00 ns, 11.1333 ns/op
WorkloadResult   7: 14942208 op, 168748533.00 ns, 11.2934 ns/op
WorkloadResult   8: 14942208 op, 171573983.00 ns, 11.4825 ns/op
WorkloadResult   9: 14942208 op, 168725565.00 ns, 11.2919 ns/op
WorkloadResult  10: 14942208 op, 167939986.00 ns, 11.2393 ns/op
WorkloadResult  11: 14942208 op, 167876943.00 ns, 11.2351 ns/op
// GC:  0 0 0 0 14942208
// Threading:  0 0 14942208

// AfterAll
// Benchmark Process 249292 has exited with code 0.

Mean = 11.310 ns, StdErr = 0.043 ns (0.38%), N = 11, StdDev = 0.142 ns
Min = 11.133 ns, Q1 = 11.218 ns, Median = 11.276 ns, Q3 = 11.388 ns, Max = 11.540 ns
IQR = 0.170 ns, LowerFence = 10.963 ns, UpperFence = 11.643 ns
ConfidenceInterval = [11.114 ns; 11.506 ns] (CI 99.9%), Margin = 0.196 ns (1.73% of Mean)
Skewness = 0.59, Kurtosis = 1.66, MValue = 2

// ** Remained 5 (10.0%) benchmark(s) to run. Estimated finish 2026-09-12 13:27 (0h 0m from now) **
// **************************
// Benchmark: DataAuthoredQueryBenchmarks.DirectShape: Jit(IterationCount=12, IterationTime=250ms, WarmupCount=16) [Shape=Blend, Pattern=Alternating]
// *** Execute ***
// Launch: 1 / 1
// Execute: dotnet Alpha-Jit-1.dll --anonymousPipes 122 123 --benchmarkName "DataAuthoredQueryBenchmarks.DirectShape(Shape: Blend, Pattern: Alternating)" --job Jit --benchmarkId 45 in /home/i/GitHub/tl-56-feat-data-authored-api/benchmarks/Alpha/bin/Release/net10.0/Alpha-Jit-1/bin/Release/net10.0
// Failed to set up high priority (Permission denied). In order to run benchmarks with high priority, make sure you have the right permissions.
// BeforeAnythingElse

// Benchmark Process Environment Information:
// BenchmarkDotNet v0.15.8
// Runtime=.NET 10.0.12 (10.0.12, 10.0.1226.42308), X64 RyuJIT x86-64-v3
// GC=Concurrent Workstation
// HardwareIntrinsics=AVX2+BMI1+BMI2+F16C+FMA+LZCNT+MOVBE,AVX,SSE3+SSSE3+SSE4.1+SSE4.2+POPCNT,X86Base+SSE+SSE2,AES+PCLMUL,AvxVnni,SERIALIZE VectorSize=256
// Job: Jit(IterationCount=12, IterationTime=250ms, WarmupCount=16)

OverheadJitting  1: 4096 op, 106741.00 ns, 26.0598 ns/op
WorkloadJitting  1: 4096 op, 1081534.00 ns, 264.0464 ns/op

OverheadJitting  2: 65536 op, 143024.00 ns, 2.1824 ns/op
WorkloadJitting  2: 65536 op, 457003.00 ns, 6.9733 ns/op

WorkloadPilot    1: 65536 op, 264989.00 ns, 4.0434 ns/op
WorkloadPilot    2: 61865984 op, 229220679.00 ns, 3.7051 ns/op
WorkloadPilot    3: 67502080 op, 250097077.00 ns, 3.7050 ns/op

OverheadWarmup   1: 67502080 op, 26498.00 ns, 0.0004 ns/op
OverheadWarmup   2: 67502080 op, 25964.00 ns, 0.0004 ns/op
OverheadWarmup   3: 67502080 op, 25867.00 ns, 0.0004 ns/op
OverheadWarmup   4: 67502080 op, 25880.00 ns, 0.0004 ns/op
OverheadWarmup   5: 67502080 op, 25881.00 ns, 0.0004 ns/op
OverheadWarmup   6: 67502080 op, 25898.00 ns, 0.0004 ns/op
OverheadWarmup   7: 67502080 op, 26390.00 ns, 0.0004 ns/op
OverheadWarmup   8: 67502080 op, 26408.00 ns, 0.0004 ns/op
OverheadWarmup   9: 67502080 op, 26365.00 ns, 0.0004 ns/op
OverheadWarmup  10: 67502080 op, 26381.00 ns, 0.0004 ns/op

OverheadActual   1: 67502080 op, 25940.00 ns, 0.0004 ns/op
OverheadActual   2: 67502080 op, 25631.00 ns, 0.0004 ns/op
OverheadActual   3: 67502080 op, 25729.00 ns, 0.0004 ns/op
OverheadActual   4: 67502080 op, 25481.00 ns, 0.0004 ns/op
OverheadActual   5: 67502080 op, 30888.00 ns, 0.0005 ns/op
OverheadActual   6: 67502080 op, 29997.00 ns, 0.0004 ns/op
OverheadActual   7: 67502080 op, 27664.00 ns, 0.0004 ns/op
OverheadActual   8: 67502080 op, 32661.00 ns, 0.0005 ns/op
OverheadActual   9: 67502080 op, 28775.00 ns, 0.0004 ns/op
OverheadActual  10: 67502080 op, 27974.00 ns, 0.0004 ns/op
OverheadActual  11: 67502080 op, 28571.00 ns, 0.0004 ns/op
OverheadActual  12: 67502080 op, 25417.00 ns, 0.0004 ns/op
OverheadActual  13: 67502080 op, 25487.00 ns, 0.0004 ns/op
OverheadActual  14: 67502080 op, 25388.00 ns, 0.0004 ns/op
OverheadActual  15: 67502080 op, 25425.00 ns, 0.0004 ns/op
OverheadActual  16: 67502080 op, 25422.00 ns, 0.0004 ns/op
OverheadActual  17: 67502080 op, 25424.00 ns, 0.0004 ns/op
OverheadActual  18: 67502080 op, 26085.00 ns, 0.0004 ns/op
OverheadActual  19: 67502080 op, 25445.00 ns, 0.0004 ns/op
OverheadActual  20: 67502080 op, 25884.00 ns, 0.0004 ns/op

WorkloadWarmup   1: 67502080 op, 250204642.00 ns, 3.7066 ns/op
WorkloadWarmup   2: 67502080 op, 254262822.00 ns, 3.7667 ns/op
WorkloadWarmup   3: 67502080 op, 252228299.00 ns, 3.7366 ns/op
WorkloadWarmup   4: 67502080 op, 249914499.00 ns, 3.7023 ns/op
WorkloadWarmup   5: 67502080 op, 250554324.00 ns, 3.7118 ns/op
WorkloadWarmup   6: 67502080 op, 223004695.00 ns, 3.3037 ns/op
WorkloadWarmup   7: 67502080 op, 133020518.00 ns, 1.9706 ns/op
WorkloadWarmup   8: 67502080 op, 133069929.00 ns, 1.9713 ns/op
WorkloadWarmup   9: 67502080 op, 130550907.00 ns, 1.9340 ns/op
WorkloadWarmup  10: 67502080 op, 131474446.00 ns, 1.9477 ns/op
WorkloadWarmup  11: 67502080 op, 130968140.00 ns, 1.9402 ns/op
WorkloadWarmup  12: 67502080 op, 131004295.00 ns, 1.9407 ns/op
WorkloadWarmup  13: 67502080 op, 130462475.00 ns, 1.9327 ns/op
WorkloadWarmup  14: 67502080 op, 130461984.00 ns, 1.9327 ns/op
WorkloadWarmup  15: 67502080 op, 129300131.00 ns, 1.9155 ns/op
WorkloadWarmup  16: 67502080 op, 130446025.00 ns, 1.9325 ns/op

// BeforeActualRun
WorkloadActual   1: 67502080 op, 129930582.00 ns, 1.9248 ns/op
WorkloadActual   2: 67502080 op, 130698850.00 ns, 1.9362 ns/op
WorkloadActual   3: 67502080 op, 131293760.00 ns, 1.9450 ns/op
WorkloadActual   4: 67502080 op, 130329920.00 ns, 1.9308 ns/op
WorkloadActual   5: 67502080 op, 128858613.00 ns, 1.9090 ns/op
WorkloadActual   6: 67502080 op, 130949611.00 ns, 1.9399 ns/op
WorkloadActual   7: 67502080 op, 130393176.00 ns, 1.9317 ns/op
WorkloadActual   8: 67502080 op, 129979443.00 ns, 1.9256 ns/op
WorkloadActual   9: 67502080 op, 129976487.00 ns, 1.9255 ns/op
WorkloadActual  10: 67502080 op, 131370820.00 ns, 1.9462 ns/op
WorkloadActual  11: 67502080 op, 128690636.00 ns, 1.9065 ns/op
WorkloadActual  12: 67502080 op, 130453107.00 ns, 1.9326 ns/op

// AfterActualRun
WorkloadResult   1: 67502080 op, 129904775.50 ns, 1.9245 ns/op
WorkloadResult   2: 67502080 op, 130673043.50 ns, 1.9358 ns/op
WorkloadResult   3: 67502080 op, 131267953.50 ns, 1.9447 ns/op
WorkloadResult   4: 67502080 op, 130304113.50 ns, 1.9304 ns/op
WorkloadResult   5: 67502080 op, 128832806.50 ns, 1.9086 ns/op
WorkloadResult   6: 67502080 op, 130923804.50 ns, 1.9396 ns/op
WorkloadResult   7: 67502080 op, 130367369.50 ns, 1.9313 ns/op
WorkloadResult   8: 67502080 op, 129953636.50 ns, 1.9252 ns/op
WorkloadResult   9: 67502080 op, 129950680.50 ns, 1.9251 ns/op
WorkloadResult  10: 67502080 op, 131345013.50 ns, 1.9458 ns/op
WorkloadResult  11: 67502080 op, 128664829.50 ns, 1.9061 ns/op
WorkloadResult  12: 67502080 op, 130427300.50 ns, 1.9322 ns/op
// GC:  0 0 0 0 67502080
// Threading:  0 0 67502080

// AfterAll
// Benchmark Process 255368 has exited with code 0.

Mean = 1.929 ns, StdErr = 0.004 ns (0.19%), N = 12, StdDev = 0.012 ns
Min = 1.906 ns, Q1 = 1.925 ns, Median = 1.931 ns, Q3 = 1.937 ns, Max = 1.946 ns
IQR = 0.012 ns, LowerFence = 1.907 ns, UpperFence = 1.954 ns
ConfidenceInterval = [1.913 ns; 1.945 ns] (CI 99.9%), Margin = 0.016 ns (0.82% of Mean)
Skewness = -0.49, Kurtosis = 2.14, MValue = 2

// ** Remained 4 (8.0%) benchmark(s) to run. Estimated finish 2026-09-12 13:27 (0h 0m from now) **
// **************************
// Benchmark: DataAuthoredQueryBenchmarks.GeneratedShape: Jit(IterationCount=12, IterationTime=250ms, WarmupCount=16) [Shape=Blend, Pattern=Alternating]
// *** Execute ***
// Launch: 1 / 1
// Execute: dotnet Alpha-Jit-1.dll --anonymousPipes 122 123 --benchmarkName "DataAuthoredQueryBenchmarks.GeneratedShape(Shape: Blend, Pattern: Alternating)" --job Jit --benchmarkId 46 in /home/i/GitHub/tl-56-feat-data-authored-api/benchmarks/Alpha/bin/Release/net10.0/Alpha-Jit-1/bin/Release/net10.0
// Failed to set up high priority (Permission denied). In order to run benchmarks with high priority, make sure you have the right permissions.
// BeforeAnythingElse

// Benchmark Process Environment Information:
// BenchmarkDotNet v0.15.8
// Runtime=.NET 10.0.12 (10.0.12, 10.0.1226.42308), X64 RyuJIT x86-64-v3
// GC=Concurrent Workstation
// HardwareIntrinsics=AVX2+BMI1+BMI2+F16C+FMA+LZCNT+MOVBE,AVX,SSE3+SSSE3+SSE4.1+SSE4.2+POPCNT,X86Base+SSE+SSE2,AES+PCLMUL,AvxVnni,SERIALIZE VectorSize=256
// Job: Jit(IterationCount=12, IterationTime=250ms, WarmupCount=16)

OverheadJitting  1: 4096 op, 101171.00 ns, 24.7000 ns/op
WorkloadJitting  1: 4096 op, 265446.00 ns, 64.8062 ns/op

OverheadJitting  2: 65536 op, 120022.00 ns, 1.8314 ns/op
WorkloadJitting  2: 65536 op, 1945399.00 ns, 29.6844 ns/op

WorkloadPilot    1: 65536 op, 719755.00 ns, 10.9826 ns/op
WorkloadPilot    2: 22806528 op, 239300457.00 ns, 10.4926 ns/op
WorkloadPilot    3: 23855104 op, 250490399.00 ns, 10.5005 ns/op

OverheadWarmup   1: 23855104 op, 9806.00 ns, 0.0004 ns/op
OverheadWarmup   2: 23855104 op, 9192.00 ns, 0.0004 ns/op
OverheadWarmup   3: 23855104 op, 9051.00 ns, 0.0004 ns/op
OverheadWarmup   4: 23855104 op, 9062.00 ns, 0.0004 ns/op
OverheadWarmup   5: 23855104 op, 9090.00 ns, 0.0004 ns/op
OverheadWarmup   6: 23855104 op, 9076.00 ns, 0.0004 ns/op
OverheadWarmup   7: 23855104 op, 9249.00 ns, 0.0004 ns/op
OverheadWarmup   8: 23855104 op, 9239.00 ns, 0.0004 ns/op

OverheadActual   1: 23855104 op, 10843.00 ns, 0.0005 ns/op
OverheadActual   2: 23855104 op, 9601.00 ns, 0.0004 ns/op
OverheadActual   3: 23855104 op, 9332.00 ns, 0.0004 ns/op
OverheadActual   4: 23855104 op, 9154.00 ns, 0.0004 ns/op
OverheadActual   5: 23855104 op, 9243.00 ns, 0.0004 ns/op
OverheadActual   6: 23855104 op, 12748.00 ns, 0.0005 ns/op
OverheadActual   7: 23855104 op, 9033.00 ns, 0.0004 ns/op
OverheadActual   8: 23855104 op, 9013.00 ns, 0.0004 ns/op
OverheadActual   9: 23855104 op, 9029.00 ns, 0.0004 ns/op
OverheadActual  10: 23855104 op, 9066.00 ns, 0.0004 ns/op
OverheadActual  11: 23855104 op, 9087.00 ns, 0.0004 ns/op
OverheadActual  12: 23855104 op, 9059.00 ns, 0.0004 ns/op
OverheadActual  13: 23855104 op, 9056.00 ns, 0.0004 ns/op
OverheadActual  14: 23855104 op, 9030.00 ns, 0.0004 ns/op
OverheadActual  15: 23855104 op, 9031.00 ns, 0.0004 ns/op

WorkloadWarmup   1: 23855104 op, 250061857.00 ns, 10.4825 ns/op
WorkloadWarmup   2: 23855104 op, 248164231.00 ns, 10.4030 ns/op
WorkloadWarmup   3: 23855104 op, 248905469.00 ns, 10.4341 ns/op
WorkloadWarmup   4: 23855104 op, 250574063.00 ns, 10.5040 ns/op
WorkloadWarmup   5: 23855104 op, 249224324.00 ns, 10.4474 ns/op
WorkloadWarmup   6: 23855104 op, 206571982.00 ns, 8.6594 ns/op
WorkloadWarmup   7: 23855104 op, 67253133.00 ns, 2.8192 ns/op
WorkloadWarmup   8: 23855104 op, 69253137.00 ns, 2.9031 ns/op
WorkloadWarmup   9: 23855104 op, 68796728.00 ns, 2.8839 ns/op
WorkloadWarmup  10: 23855104 op, 70106615.00 ns, 2.9389 ns/op
WorkloadWarmup  11: 23855104 op, 69821711.00 ns, 2.9269 ns/op
WorkloadWarmup  12: 23855104 op, 74087491.00 ns, 3.1057 ns/op
WorkloadWarmup  13: 23855104 op, 70580218.00 ns, 2.9587 ns/op
WorkloadWarmup  14: 23855104 op, 67588720.00 ns, 2.8333 ns/op
WorkloadWarmup  15: 23855104 op, 68224952.00 ns, 2.8600 ns/op
WorkloadWarmup  16: 23855104 op, 67866887.00 ns, 2.8450 ns/op

// BeforeActualRun
WorkloadActual   1: 23855104 op, 67358049.00 ns, 2.8236 ns/op
WorkloadActual   2: 23855104 op, 66994266.00 ns, 2.8084 ns/op
WorkloadActual   3: 23855104 op, 69079838.00 ns, 2.8958 ns/op
WorkloadActual   4: 23855104 op, 68116698.00 ns, 2.8554 ns/op
WorkloadActual   5: 23855104 op, 69367715.00 ns, 2.9079 ns/op
WorkloadActual   6: 23855104 op, 67864392.00 ns, 2.8449 ns/op
WorkloadActual   7: 23855104 op, 69125551.00 ns, 2.8977 ns/op
WorkloadActual   8: 23855104 op, 67580682.00 ns, 2.8330 ns/op
WorkloadActual   9: 23855104 op, 67195289.00 ns, 2.8168 ns/op
WorkloadActual  10: 23855104 op, 69966078.00 ns, 2.9330 ns/op
WorkloadActual  11: 23855104 op, 68249162.00 ns, 2.8610 ns/op
WorkloadActual  12: 23855104 op, 66784098.00 ns, 2.7996 ns/op

// AfterActualRun
WorkloadResult   1: 23855104 op, 67348983.00 ns, 2.8233 ns/op
WorkloadResult   2: 23855104 op, 66985200.00 ns, 2.8080 ns/op
WorkloadResult   3: 23855104 op, 69070772.00 ns, 2.8954 ns/op
WorkloadResult   4: 23855104 op, 68107632.00 ns, 2.8551 ns/op
WorkloadResult   5: 23855104 op, 69358649.00 ns, 2.9075 ns/op
WorkloadResult   6: 23855104 op, 67855326.00 ns, 2.8445 ns/op
WorkloadResult   7: 23855104 op, 69116485.00 ns, 2.8973 ns/op
WorkloadResult   8: 23855104 op, 67571616.00 ns, 2.8326 ns/op
WorkloadResult   9: 23855104 op, 67186223.00 ns, 2.8164 ns/op
WorkloadResult  10: 23855104 op, 69957012.00 ns, 2.9326 ns/op
WorkloadResult  11: 23855104 op, 68240096.00 ns, 2.8606 ns/op
WorkloadResult  12: 23855104 op, 66775032.00 ns, 2.7992 ns/op
// GC:  0 0 0 0 23855104
// Threading:  0 0 23855104

// AfterAll
// Benchmark Process 260391 has exited with code 0.

Mean = 2.856 ns, StdErr = 0.013 ns (0.44%), N = 12, StdDev = 0.043 ns
Min = 2.799 ns, Q1 = 2.822 ns, Median = 2.850 ns, Q3 = 2.896 ns, Max = 2.933 ns
IQR = 0.074 ns, LowerFence = 2.710 ns, UpperFence = 3.007 ns
ConfidenceInterval = [2.801 ns; 2.912 ns] (CI 99.9%), Margin = 0.055 ns (1.94% of Mean)
Skewness = 0.32, Kurtosis = 1.57, MValue = 2

// ** Remained 3 (6.0%) benchmark(s) to run. Estimated finish 2026-09-12 13:27 (0h 0m from now) **
// **************************
// Benchmark: DataAuthoredQueryBenchmarks.DataAuthoredFacade: Jit(IterationCount=12, IterationTime=250ms, WarmupCount=16) [Shape=Blend, Pattern=Alternating]
// *** Execute ***
// Launch: 1 / 1
// Execute: dotnet Alpha-Jit-1.dll --anonymousPipes 120 121 --benchmarkName "DataAuthoredQueryBenchmarks.DataAuthoredFacade(Shape: Blend, Pattern: Alternating)" --job Jit --benchmarkId 47 in /home/i/GitHub/tl-56-feat-data-authored-api/benchmarks/Alpha/bin/Release/net10.0/Alpha-Jit-1/bin/Release/net10.0
// Failed to set up high priority (Permission denied). In order to run benchmarks with high priority, make sure you have the right permissions.
// BeforeAnythingElse

// Benchmark Process Environment Information:
// BenchmarkDotNet v0.15.8
// Runtime=.NET 10.0.12 (10.0.12, 10.0.1226.42308), X64 RyuJIT x86-64-v3
// GC=Concurrent Workstation
// HardwareIntrinsics=AVX2+BMI1+BMI2+F16C+FMA+LZCNT+MOVBE,AVX,SSE3+SSSE3+SSE4.1+SSE4.2+POPCNT,X86Base+SSE+SSE2,AES+PCLMUL,AvxVnni,SERIALIZE VectorSize=256
// Job: Jit(IterationCount=12, IterationTime=250ms, WarmupCount=16)

OverheadJitting  1: 4096 op, 106753.00 ns, 26.0627 ns/op
WorkloadJitting  1: 4096 op, 356355.00 ns, 87.0007 ns/op

OverheadJitting  2: 65536 op, 125440.00 ns, 1.9141 ns/op
WorkloadJitting  2: 65536 op, 3513740.00 ns, 53.6154 ns/op

WorkloadPilot    1: 65536 op, 2382969.00 ns, 36.3612 ns/op
WorkloadPilot    2: 6881280 op, 246039569.00 ns, 35.7549 ns/op
WorkloadPilot    3: 7012352 op, 249780481.00 ns, 35.6201 ns/op
WorkloadPilot    4: 7077888 op, 254083589.00 ns, 35.8982 ns/op
WorkloadPilot    5: 7012352 op, 249847272.00 ns, 35.6296 ns/op
WorkloadPilot    6: 7077888 op, 252567775.00 ns, 35.6841 ns/op
WorkloadPilot    7: 7012352 op, 249915915.00 ns, 35.6394 ns/op
WorkloadPilot    8: 7077888 op, 252728764.00 ns, 35.7068 ns/op

OverheadWarmup   1: 7077888 op, 3148.00 ns, 0.0004 ns/op
OverheadWarmup   2: 7077888 op, 2875.00 ns, 0.0004 ns/op
OverheadWarmup   3: 7077888 op, 2823.00 ns, 0.0004 ns/op
OverheadWarmup   4: 7077888 op, 2778.00 ns, 0.0004 ns/op
OverheadWarmup   5: 7077888 op, 2818.00 ns, 0.0004 ns/op
OverheadWarmup   6: 7077888 op, 2771.00 ns, 0.0004 ns/op
OverheadWarmup   7: 7077888 op, 2758.00 ns, 0.0004 ns/op
OverheadWarmup   8: 7077888 op, 5275.00 ns, 0.0007 ns/op
OverheadWarmup   9: 7077888 op, 2746.00 ns, 0.0004 ns/op

OverheadActual   1: 7077888 op, 3000.00 ns, 0.0004 ns/op
OverheadActual   2: 7077888 op, 3071.00 ns, 0.0004 ns/op
OverheadActual   3: 7077888 op, 2940.00 ns, 0.0004 ns/op
OverheadActual   4: 7077888 op, 2885.00 ns, 0.0004 ns/op
OverheadActual   5: 7077888 op, 2926.00 ns, 0.0004 ns/op
OverheadActual   6: 7077888 op, 2840.00 ns, 0.0004 ns/op
OverheadActual   7: 7077888 op, 2763.00 ns, 0.0004 ns/op
OverheadActual   8: 7077888 op, 2761.00 ns, 0.0004 ns/op
OverheadActual   9: 7077888 op, 2723.00 ns, 0.0004 ns/op
OverheadActual  10: 7077888 op, 2721.00 ns, 0.0004 ns/op
OverheadActual  11: 7077888 op, 2740.00 ns, 0.0004 ns/op
OverheadActual  12: 7077888 op, 2788.00 ns, 0.0004 ns/op
OverheadActual  13: 7077888 op, 2728.00 ns, 0.0004 ns/op
OverheadActual  14: 7077888 op, 2736.00 ns, 0.0004 ns/op
OverheadActual  15: 7077888 op, 2745.00 ns, 0.0004 ns/op

WorkloadWarmup   1: 7077888 op, 251116774.00 ns, 35.4791 ns/op
WorkloadWarmup   2: 7077888 op, 253382469.00 ns, 35.7992 ns/op
WorkloadWarmup   3: 7077888 op, 262629948.00 ns, 37.1057 ns/op
WorkloadWarmup   4: 7077888 op, 258276084.00 ns, 36.4906 ns/op
WorkloadWarmup   5: 7077888 op, 184781094.00 ns, 26.1068 ns/op
WorkloadWarmup   6: 7077888 op, 94239874.00 ns, 13.3147 ns/op
WorkloadWarmup   7: 7077888 op, 93500061.00 ns, 13.2102 ns/op
WorkloadWarmup   8: 7077888 op, 94636440.00 ns, 13.3707 ns/op
WorkloadWarmup   9: 7077888 op, 94590806.00 ns, 13.3643 ns/op
WorkloadWarmup  10: 7077888 op, 94902313.00 ns, 13.4083 ns/op
WorkloadWarmup  11: 7077888 op, 93256540.00 ns, 13.1758 ns/op
WorkloadWarmup  12: 7077888 op, 94606811.00 ns, 13.3665 ns/op
WorkloadWarmup  13: 7077888 op, 97417253.00 ns, 13.7636 ns/op
WorkloadWarmup  14: 7077888 op, 94006737.00 ns, 13.2817 ns/op
WorkloadWarmup  15: 7077888 op, 93754805.00 ns, 13.2462 ns/op
WorkloadWarmup  16: 7077888 op, 102747329.00 ns, 14.5167 ns/op

// BeforeActualRun
WorkloadActual   1: 7077888 op, 93120375.00 ns, 13.1565 ns/op
WorkloadActual   2: 7077888 op, 94152685.00 ns, 13.3024 ns/op
WorkloadActual   3: 7077888 op, 93582832.00 ns, 13.2219 ns/op
WorkloadActual   4: 7077888 op, 90441092.00 ns, 12.7780 ns/op
WorkloadActual   5: 7077888 op, 90365395.00 ns, 12.7673 ns/op
WorkloadActual   6: 7077888 op, 88452875.00 ns, 12.4971 ns/op
WorkloadActual   7: 7077888 op, 93615845.00 ns, 13.2265 ns/op
WorkloadActual   8: 7077888 op, 91032771.00 ns, 12.8616 ns/op
WorkloadActual   9: 7077888 op, 92201202.00 ns, 13.0267 ns/op
WorkloadActual  10: 7077888 op, 93709941.00 ns, 13.2398 ns/op
WorkloadActual  11: 7077888 op, 92098261.00 ns, 13.0121 ns/op
WorkloadActual  12: 7077888 op, 93510934.00 ns, 13.2117 ns/op

// AfterActualRun
WorkloadResult   1: 7077888 op, 93117612.00 ns, 13.1561 ns/op
WorkloadResult   2: 7077888 op, 94149922.00 ns, 13.3020 ns/op
WorkloadResult   3: 7077888 op, 93580069.00 ns, 13.2215 ns/op
WorkloadResult   4: 7077888 op, 90438329.00 ns, 12.7776 ns/op
WorkloadResult   5: 7077888 op, 90362632.00 ns, 12.7669 ns/op
WorkloadResult   6: 7077888 op, 88450112.00 ns, 12.4967 ns/op
WorkloadResult   7: 7077888 op, 93613082.00 ns, 13.2261 ns/op
WorkloadResult   8: 7077888 op, 91030008.00 ns, 12.8612 ns/op
WorkloadResult   9: 7077888 op, 92198439.00 ns, 13.0263 ns/op
WorkloadResult  10: 7077888 op, 93707178.00 ns, 13.2394 ns/op
WorkloadResult  11: 7077888 op, 92095498.00 ns, 13.0117 ns/op
WorkloadResult  12: 7077888 op, 93508171.00 ns, 13.2113 ns/op
// GC:  0 0 0 0 7077888
// Threading:  0 0 7077888

// AfterAll
// Benchmark Process 263873 has exited with code 0.

Mean = 13.025 ns, StdErr = 0.072 ns (0.55%), N = 12, StdDev = 0.250 ns
Min = 12.497 ns, Q1 = 12.840 ns, Median = 13.091 ns, Q3 = 13.223 ns, Max = 13.302 ns
IQR = 0.382 ns, LowerFence = 12.267 ns, UpperFence = 13.796 ns
ConfidenceInterval = [12.704 ns; 13.345 ns] (CI 99.9%), Margin = 0.320 ns (2.46% of Mean)
Skewness = -0.68, Kurtosis = 2.12, MValue = 2

// ** Remained 2 (4.0%) benchmark(s) to run. Estimated finish 2026-09-12 13:27 (0h 0m from now) **
// **************************
// Benchmark: DataAuthoredQueryBenchmarks.FacadeSelectOnly: Jit(IterationCount=12, IterationTime=250ms, WarmupCount=16) [Shape=Blend, Pattern=Alternating]
// *** Execute ***
// Launch: 1 / 1
// Execute: dotnet Alpha-Jit-1.dll --anonymousPipes 122 123 --benchmarkName "DataAuthoredQueryBenchmarks.FacadeSelectOnly(Shape: Blend, Pattern: Alternating)" --job Jit --benchmarkId 48 in /home/i/GitHub/tl-56-feat-data-authored-api/benchmarks/Alpha/bin/Release/net10.0/Alpha-Jit-1/bin/Release/net10.0
// Failed to set up high priority (Permission denied). In order to run benchmarks with high priority, make sure you have the right permissions.
// BeforeAnythingElse

// Benchmark Process Environment Information:
// BenchmarkDotNet v0.15.8
// Runtime=.NET 10.0.12 (10.0.12, 10.0.1226.42308), X64 RyuJIT x86-64-v3
// GC=Concurrent Workstation
// HardwareIntrinsics=AVX2+BMI1+BMI2+F16C+FMA+LZCNT+MOVBE,AVX,SSE3+SSSE3+SSE4.1+SSE4.2+POPCNT,X86Base+SSE+SSE2,AES+PCLMUL,AvxVnni,SERIALIZE VectorSize=256
// Job: Jit(IterationCount=12, IterationTime=250ms, WarmupCount=16)

OverheadJitting  1: 4096 op, 101028.00 ns, 24.6650 ns/op
WorkloadJitting  1: 4096 op, 192440.00 ns, 46.9824 ns/op

OverheadJitting  2: 65536 op, 117271.00 ns, 1.7894 ns/op
WorkloadJitting  2: 65536 op, 1261200.00 ns, 19.2444 ns/op

WorkloadPilot    1: 65536 op, 1528635.00 ns, 23.3251 ns/op
WorkloadPilot    2: 10747904 op, 164948898.00 ns, 15.3471 ns/op
WorkloadPilot    3: 16318464 op, 251611196.00 ns, 15.4188 ns/op
WorkloadPilot    4: 16252928 op, 249664080.00 ns, 15.3612 ns/op
WorkloadPilot    5: 16318464 op, 250295840.00 ns, 15.3382 ns/op

OverheadWarmup   1: 16318464 op, 6961.00 ns, 0.0004 ns/op
OverheadWarmup   2: 16318464 op, 6418.00 ns, 0.0004 ns/op
OverheadWarmup   3: 16318464 op, 6234.00 ns, 0.0004 ns/op
OverheadWarmup   4: 16318464 op, 6340.00 ns, 0.0004 ns/op
OverheadWarmup   5: 16318464 op, 6402.00 ns, 0.0004 ns/op
OverheadWarmup   6: 16318464 op, 6332.00 ns, 0.0004 ns/op
OverheadWarmup   7: 16318464 op, 6336.00 ns, 0.0004 ns/op
OverheadWarmup   8: 16318464 op, 6470.00 ns, 0.0004 ns/op
OverheadWarmup   9: 16318464 op, 6591.00 ns, 0.0004 ns/op
OverheadWarmup  10: 16318464 op, 7708.00 ns, 0.0005 ns/op

OverheadActual   1: 16318464 op, 6622.00 ns, 0.0004 ns/op
OverheadActual   2: 16318464 op, 6584.00 ns, 0.0004 ns/op
OverheadActual   3: 16318464 op, 6548.00 ns, 0.0004 ns/op
OverheadActual   4: 16318464 op, 6258.00 ns, 0.0004 ns/op
OverheadActual   5: 16318464 op, 6871.00 ns, 0.0004 ns/op
OverheadActual   6: 16318464 op, 6921.00 ns, 0.0004 ns/op
OverheadActual   7: 16318464 op, 7385.00 ns, 0.0005 ns/op
OverheadActual   8: 16318464 op, 6848.00 ns, 0.0004 ns/op
OverheadActual   9: 16318464 op, 7542.00 ns, 0.0005 ns/op
OverheadActual  10: 16318464 op, 7390.00 ns, 0.0005 ns/op
OverheadActual  11: 16318464 op, 6223.00 ns, 0.0004 ns/op
OverheadActual  12: 16318464 op, 6242.00 ns, 0.0004 ns/op
OverheadActual  13: 16318464 op, 6249.00 ns, 0.0004 ns/op
OverheadActual  14: 16318464 op, 6193.00 ns, 0.0004 ns/op
OverheadActual  15: 16318464 op, 6194.00 ns, 0.0004 ns/op
OverheadActual  16: 16318464 op, 6223.00 ns, 0.0004 ns/op
OverheadActual  17: 16318464 op, 6216.00 ns, 0.0004 ns/op
OverheadActual  18: 16318464 op, 6434.00 ns, 0.0004 ns/op
OverheadActual  19: 16318464 op, 6270.00 ns, 0.0004 ns/op
OverheadActual  20: 16318464 op, 6265.00 ns, 0.0004 ns/op

WorkloadWarmup   1: 16318464 op, 252652492.00 ns, 15.4826 ns/op
WorkloadWarmup   2: 16318464 op, 251936824.00 ns, 15.4388 ns/op
WorkloadWarmup   3: 16318464 op, 256820867.00 ns, 15.7381 ns/op
WorkloadWarmup   4: 16318464 op, 251037059.00 ns, 15.3836 ns/op
WorkloadWarmup   5: 16318464 op, 251023124.00 ns, 15.3828 ns/op
WorkloadWarmup   6: 16318464 op, 254629552.00 ns, 15.6038 ns/op
WorkloadWarmup   7: 16318464 op, 256908813.00 ns, 15.7434 ns/op
WorkloadWarmup   8: 16318464 op, 246523250.00 ns, 15.1070 ns/op
WorkloadWarmup   9: 16318464 op, 164774957.00 ns, 10.0975 ns/op
WorkloadWarmup  10: 16318464 op, 160548771.00 ns, 9.8385 ns/op
WorkloadWarmup  11: 16318464 op, 165682867.00 ns, 10.1531 ns/op
WorkloadWarmup  12: 16318464 op, 161650974.00 ns, 9.9060 ns/op
WorkloadWarmup  13: 16318464 op, 163752021.00 ns, 10.0348 ns/op
WorkloadWarmup  14: 16318464 op, 171834814.00 ns, 10.5301 ns/op
WorkloadWarmup  15: 16318464 op, 167272144.00 ns, 10.2505 ns/op
WorkloadWarmup  16: 16318464 op, 167832992.00 ns, 10.2849 ns/op

// BeforeActualRun
WorkloadActual   1: 16318464 op, 164195240.00 ns, 10.0619 ns/op
WorkloadActual   2: 16318464 op, 166755445.00 ns, 10.2188 ns/op
WorkloadActual   3: 16318464 op, 168564081.00 ns, 10.3297 ns/op
WorkloadActual   4: 16318464 op, 174011292.00 ns, 10.6635 ns/op
WorkloadActual   5: 16318464 op, 171720802.00 ns, 10.5231 ns/op
WorkloadActual   6: 16318464 op, 166940501.00 ns, 10.2302 ns/op
WorkloadActual   7: 16318464 op, 165919291.00 ns, 10.1676 ns/op
WorkloadActual   8: 16318464 op, 169338291.00 ns, 10.3771 ns/op
WorkloadActual   9: 16318464 op, 168681236.00 ns, 10.3368 ns/op
WorkloadActual  10: 16318464 op, 167598242.00 ns, 10.2705 ns/op
WorkloadActual  11: 16318464 op, 170565211.00 ns, 10.4523 ns/op
WorkloadActual  12: 16318464 op, 188688172.00 ns, 11.5629 ns/op

// AfterActualRun
WorkloadResult   1: 16318464 op, 164188888.00 ns, 10.0615 ns/op
WorkloadResult   2: 16318464 op, 166749093.00 ns, 10.2184 ns/op
WorkloadResult   3: 16318464 op, 168557729.00 ns, 10.3293 ns/op
WorkloadResult   4: 16318464 op, 174004940.00 ns, 10.6631 ns/op
WorkloadResult   5: 16318464 op, 171714450.00 ns, 10.5227 ns/op
WorkloadResult   6: 16318464 op, 166934149.00 ns, 10.2298 ns/op
WorkloadResult   7: 16318464 op, 165912939.00 ns, 10.1672 ns/op
WorkloadResult   8: 16318464 op, 169331939.00 ns, 10.3767 ns/op
WorkloadResult   9: 16318464 op, 168674884.00 ns, 10.3364 ns/op
WorkloadResult  10: 16318464 op, 167591890.00 ns, 10.2701 ns/op
WorkloadResult  11: 16318464 op, 170558859.00 ns, 10.4519 ns/op
// GC:  0 0 0 0 16318464
// Threading:  0 0 16318464

// AfterAll
// Benchmark Process 268774 has exited with code 0.

Mean = 10.330 ns, StdErr = 0.051 ns (0.50%), N = 11, StdDev = 0.170 ns
Min = 10.062 ns, Q1 = 10.224 ns, Median = 10.329 ns, Q3 = 10.414 ns, Max = 10.663 ns
IQR = 0.190 ns, LowerFence = 9.939 ns, UpperFence = 10.700 ns
ConfidenceInterval = [10.094 ns; 10.565 ns] (CI 99.9%), Margin = 0.235 ns (2.28% of Mean)
Skewness = 0.37, Kurtosis = 2.18, MValue = 2

// ** Remained 1 (2.0%) benchmark(s) to run. Estimated finish 2026-09-12 13:27 (0h 0m from now) **
// **************************
// Benchmark: DataAuthoredQueryBenchmarks.FacadeNoDispatch: Jit(IterationCount=12, IterationTime=250ms, WarmupCount=16) [Shape=Blend, Pattern=Alternating]
// *** Execute ***
// Launch: 1 / 1
// Execute: dotnet Alpha-Jit-1.dll --anonymousPipes 122 123 --benchmarkName "DataAuthoredQueryBenchmarks.FacadeNoDispatch(Shape: Blend, Pattern: Alternating)" --job Jit --benchmarkId 49 in /home/i/GitHub/tl-56-feat-data-authored-api/benchmarks/Alpha/bin/Release/net10.0/Alpha-Jit-1/bin/Release/net10.0
// Failed to set up high priority (Permission denied). In order to run benchmarks with high priority, make sure you have the right permissions.
// BeforeAnythingElse

// Benchmark Process Environment Information:
// BenchmarkDotNet v0.15.8
// Runtime=.NET 10.0.12 (10.0.12, 10.0.1226.42308), X64 RyuJIT x86-64-v3
// GC=Concurrent Workstation
// HardwareIntrinsics=AVX2+BMI1+BMI2+F16C+FMA+LZCNT+MOVBE,AVX,SSE3+SSSE3+SSE4.1+SSE4.2+POPCNT,X86Base+SSE+SSE2,AES+PCLMUL,AvxVnni,SERIALIZE VectorSize=256
// Job: Jit(IterationCount=12, IterationTime=250ms, WarmupCount=16)

OverheadJitting  1: 4096 op, 102176.00 ns, 24.9453 ns/op
WorkloadJitting  1: 4096 op, 200454.00 ns, 48.9390 ns/op

OverheadJitting  2: 65536 op, 121118.00 ns, 1.8481 ns/op
WorkloadJitting  2: 65536 op, 1337964.00 ns, 20.4157 ns/op

WorkloadPilot    1: 65536 op, 1093479.00 ns, 16.6852 ns/op
WorkloadPilot    2: 15007744 op, 241939141.00 ns, 16.1210 ns/op
WorkloadPilot    3: 15532032 op, 253962180.00 ns, 16.3509 ns/op
WorkloadPilot    4: 15335424 op, 249568359.00 ns, 16.2740 ns/op
WorkloadPilot    5: 15400960 op, 254019512.00 ns, 16.4937 ns/op
WorkloadPilot    6: 15204352 op, 248261762.00 ns, 16.3283 ns/op
WorkloadPilot    7: 15335424 op, 248456320.00 ns, 16.2015 ns/op
WorkloadPilot    8: 15466496 op, 249723697.00 ns, 16.1461 ns/op
WorkloadPilot    9: 15532032 op, 235172467.00 ns, 15.1411 ns/op
WorkloadPilot   10: 16515072 op, 190029362.00 ns, 11.5064 ns/op
WorkloadPilot   11: 21757952 op, 248842137.00 ns, 11.4368 ns/op
WorkloadPilot   12: 21889024 op, 242649310.00 ns, 11.0854 ns/op
WorkloadPilot   13: 22609920 op, 261123612.00 ns, 11.5491 ns/op

OverheadWarmup   1: 22609920 op, 13044.00 ns, 0.0006 ns/op
OverheadWarmup   2: 22609920 op, 11851.00 ns, 0.0005 ns/op
OverheadWarmup   3: 22609920 op, 11964.00 ns, 0.0005 ns/op
OverheadWarmup   4: 22609920 op, 11872.00 ns, 0.0005 ns/op
OverheadWarmup   5: 22609920 op, 12008.00 ns, 0.0005 ns/op
OverheadWarmup   6: 22609920 op, 14951.00 ns, 0.0007 ns/op
OverheadWarmup   7: 22609920 op, 12895.00 ns, 0.0006 ns/op

OverheadActual   1: 22609920 op, 11928.00 ns, 0.0005 ns/op
OverheadActual   2: 22609920 op, 12052.00 ns, 0.0005 ns/op
OverheadActual   3: 22609920 op, 13796.00 ns, 0.0006 ns/op
OverheadActual   4: 22609920 op, 13917.00 ns, 0.0006 ns/op
OverheadActual   5: 22609920 op, 16680.00 ns, 0.0007 ns/op
OverheadActual   6: 22609920 op, 11946.00 ns, 0.0005 ns/op
OverheadActual   7: 22609920 op, 11772.00 ns, 0.0005 ns/op
OverheadActual   8: 22609920 op, 11729.00 ns, 0.0005 ns/op
OverheadActual   9: 22609920 op, 11683.00 ns, 0.0005 ns/op
OverheadActual  10: 22609920 op, 11705.00 ns, 0.0005 ns/op
OverheadActual  11: 22609920 op, 11658.00 ns, 0.0005 ns/op
OverheadActual  12: 22609920 op, 11692.00 ns, 0.0005 ns/op
OverheadActual  13: 22609920 op, 11684.00 ns, 0.0005 ns/op
OverheadActual  14: 22609920 op, 11691.00 ns, 0.0005 ns/op
OverheadActual  15: 22609920 op, 11709.00 ns, 0.0005 ns/op

WorkloadWarmup   1: 22609920 op, 258651739.00 ns, 11.4397 ns/op
WorkloadWarmup   2: 22609920 op, 255029986.00 ns, 11.2796 ns/op
WorkloadWarmup   3: 22609920 op, 253799372.00 ns, 11.2251 ns/op
WorkloadWarmup   4: 22609920 op, 253434893.00 ns, 11.2090 ns/op
WorkloadWarmup   5: 22609920 op, 256894797.00 ns, 11.3620 ns/op
WorkloadWarmup   6: 22609920 op, 256813330.00 ns, 11.3584 ns/op
WorkloadWarmup   7: 22609920 op, 257080770.00 ns, 11.3703 ns/op
WorkloadWarmup   8: 22609920 op, 288297620.00 ns, 12.7509 ns/op
WorkloadWarmup   9: 22609920 op, 253844149.00 ns, 11.2271 ns/op
WorkloadWarmup  10: 22609920 op, 256327698.00 ns, 11.3370 ns/op
WorkloadWarmup  11: 22609920 op, 252013308.00 ns, 11.1461 ns/op
WorkloadWarmup  12: 22609920 op, 251622220.00 ns, 11.1288 ns/op
WorkloadWarmup  13: 22609920 op, 253040131.00 ns, 11.1916 ns/op
WorkloadWarmup  14: 22609920 op, 254602948.00 ns, 11.2607 ns/op
WorkloadWarmup  15: 22609920 op, 249774777.00 ns, 11.0471 ns/op
WorkloadWarmup  16: 22609920 op, 258749495.00 ns, 11.4441 ns/op

// BeforeActualRun
WorkloadActual   1: 22609920 op, 251401370.00 ns, 11.1191 ns/op
WorkloadActual   2: 22609920 op, 253475963.00 ns, 11.2108 ns/op
WorkloadActual   3: 22609920 op, 251089652.00 ns, 11.1053 ns/op
WorkloadActual   4: 22609920 op, 252608515.00 ns, 11.1725 ns/op
WorkloadActual   5: 22609920 op, 254802420.00 ns, 11.2695 ns/op
WorkloadActual   6: 22609920 op, 255626670.00 ns, 11.3060 ns/op
WorkloadActual   7: 22609920 op, 251530619.00 ns, 11.1248 ns/op
WorkloadActual   8: 22609920 op, 267254436.00 ns, 11.8202 ns/op
WorkloadActual   9: 22609920 op, 258643459.00 ns, 11.4394 ns/op
WorkloadActual  10: 22609920 op, 260213886.00 ns, 11.5088 ns/op
WorkloadActual  11: 22609920 op, 258352496.00 ns, 11.4265 ns/op
WorkloadActual  12: 22609920 op, 254034537.00 ns, 11.2355 ns/op

// AfterActualRun
WorkloadResult   1: 22609920 op, 251389641.00 ns, 11.1186 ns/op
WorkloadResult   2: 22609920 op, 253464234.00 ns, 11.2103 ns/op
WorkloadResult   3: 22609920 op, 251077923.00 ns, 11.1048 ns/op
WorkloadResult   4: 22609920 op, 252596786.00 ns, 11.1719 ns/op
WorkloadResult   5: 22609920 op, 254790691.00 ns, 11.2690 ns/op
WorkloadResult   6: 22609920 op, 255614941.00 ns, 11.3054 ns/op
WorkloadResult   7: 22609920 op, 251518890.00 ns, 11.1243 ns/op
WorkloadResult   8: 22609920 op, 267242707.00 ns, 11.8197 ns/op
WorkloadResult   9: 22609920 op, 258631730.00 ns, 11.4389 ns/op
WorkloadResult  10: 22609920 op, 260202157.00 ns, 11.5083 ns/op
WorkloadResult  11: 22609920 op, 258340767.00 ns, 11.4260 ns/op
WorkloadResult  12: 22609920 op, 254022808.00 ns, 11.2350 ns/op
// GC:  0 0 0 0 22609920
// Threading:  0 0 22609920

// AfterAll
// Benchmark Process 275330 has exited with code 0.

Mean = 11.311 ns, StdErr = 0.060 ns (0.53%), N = 12, StdDev = 0.209 ns
Min = 11.105 ns, Q1 = 11.160 ns, Median = 11.252 ns, Q3 = 11.429 ns, Max = 11.820 ns
IQR = 0.269 ns, LowerFence = 10.756 ns, UpperFence = 11.833 ns
ConfidenceInterval = [11.044 ns; 11.578 ns] (CI 99.9%), Margin = 0.267 ns (2.36% of Mean)
Skewness = 1.07, Kurtosis = 3.25, MValue = 2

// ** Remained 0 (0.0%) benchmark(s) to run. Estimated finish 2026-09-12 13:27 (0h 0m from now) **
// ***** BenchmarkRunner: Finish  *****

// * Export *
  BenchmarkDotNet.Artifacts/results/DataAuthoredQueryBenchmarks-report.csv
  BenchmarkDotNet.Artifacts/results/DataAuthoredQueryBenchmarks-report-github.md
  BenchmarkDotNet.Artifacts/results/DataAuthoredQueryBenchmarks-report.html
  BenchmarkDotNet.Artifacts/results/DataAuthoredQueryBenchmarks-report-full.json

// * Detailed results *
DataAuthoredQueryBenchmarks.DirectShape: Jit(IterationCount=12, IterationTime=250ms, WarmupCount=16) [Shape=OneTrack, Pattern=Forward]
Runtime = .NET 10.0.12 (10.0.12, 10.0.1226.42308), X64 RyuJIT x86-64-v3; GC = Concurrent Workstation
Mean = 1.402 ns, StdErr = 0.003 ns (0.23%), N = 10, StdDev = 0.010 ns
Min = 1.386 ns, Q1 = 1.396 ns, Median = 1.403 ns, Q3 = 1.407 ns, Max = 1.417 ns
IQR = 0.010 ns, LowerFence = 1.381 ns, UpperFence = 1.422 ns
ConfidenceInterval = [1.386 ns; 1.417 ns] (CI 99.9%), Margin = 0.015 ns (1.08% of Mean)
Skewness = -0.15, Kurtosis = 1.74, MValue = 2
-------------------- Histogram --------------------
[1.380 ns ; 1.423 ns) | @@@@@@@@@@
---------------------------------------------------

DataAuthoredQueryBenchmarks.GeneratedShape: Jit(IterationCount=12, IterationTime=250ms, WarmupCount=16) [Shape=OneTrack, Pattern=Forward]
Runtime = .NET 10.0.12 (10.0.12, 10.0.1226.42308), X64 RyuJIT x86-64-v3; GC = Concurrent Workstation
Mean = 1.861 ns, StdErr = 0.005 ns (0.26%), N = 12, StdDev = 0.017 ns
Min = 1.834 ns, Q1 = 1.846 ns, Median = 1.870 ns, Q3 = 1.871 ns, Max = 1.880 ns
IQR = 0.025 ns, LowerFence = 1.808 ns, UpperFence = 1.909 ns
ConfidenceInterval = [1.839 ns; 1.882 ns] (CI 99.9%), Margin = 0.021 ns (1.14% of Mean)
Skewness = -0.5, Kurtosis = 1.45, MValue = 2
-------------------- Histogram --------------------
[1.825 ns ; 1.890 ns) | @@@@@@@@@@@@
---------------------------------------------------

DataAuthoredQueryBenchmarks.DataAuthoredFacade: Jit(IterationCount=12, IterationTime=250ms, WarmupCount=16) [Shape=OneTrack, Pattern=Forward]
Runtime = .NET 10.0.12 (10.0.12, 10.0.1226.42308), X64 RyuJIT x86-64-v3; GC = Concurrent Workstation
Mean = 12.437 ns, StdErr = 0.015 ns (0.12%), N = 10, StdDev = 0.048 ns
Min = 12.346 ns, Q1 = 12.415 ns, Median = 12.444 ns, Q3 = 12.471 ns, Max = 12.500 ns
IQR = 0.055 ns, LowerFence = 12.332 ns, UpperFence = 12.554 ns
ConfidenceInterval = [12.363 ns; 12.510 ns] (CI 99.9%), Margin = 0.073 ns (0.59% of Mean)
Skewness = -0.57, Kurtosis = 1.94, MValue = 2
-------------------- Histogram --------------------
[12.316 ns ; 12.529 ns) | @@@@@@@@@@
---------------------------------------------------

DataAuthoredQueryBenchmarks.FacadeSelectOnly: Jit(IterationCount=12, IterationTime=250ms, WarmupCount=16) [Shape=OneTrack, Pattern=Forward]
Runtime = .NET 10.0.12 (10.0.12, 10.0.1226.42308), X64 RyuJIT x86-64-v3; GC = Concurrent Workstation
Mean = 9.897 ns, StdErr = 0.035 ns (0.36%), N = 11, StdDev = 0.118 ns
Min = 9.764 ns, Q1 = 9.794 ns, Median = 9.882 ns, Q3 = 9.965 ns, Max = 10.146 ns
IQR = 0.171 ns, LowerFence = 9.537 ns, UpperFence = 10.221 ns
ConfidenceInterval = [9.734 ns; 10.060 ns] (CI 99.9%), Margin = 0.163 ns (1.64% of Mean)
Skewness = 0.62, Kurtosis = 2.27, MValue = 2
-------------------- Histogram --------------------
[9.725 ns ; 10.216 ns) | @@@@@@@@@@@
---------------------------------------------------

DataAuthoredQueryBenchmarks.FacadeNoDispatch: Jit(IterationCount=12, IterationTime=250ms, WarmupCount=16) [Shape=OneTrack, Pattern=Forward]
Runtime = .NET 10.0.12 (10.0.12, 10.0.1226.42308), X64 RyuJIT x86-64-v3; GC = Concurrent Workstation
Mean = 11.159 ns, StdErr = 0.051 ns (0.45%), N = 11, StdDev = 0.167 ns
Min = 10.956 ns, Q1 = 11.076 ns, Median = 11.099 ns, Q3 = 11.217 ns, Max = 11.539 ns
IQR = 0.140 ns, LowerFence = 10.866 ns, UpperFence = 11.427 ns
ConfidenceInterval = [10.927 ns; 11.391 ns] (CI 99.9%), Margin = 0.232 ns (2.08% of Mean)
Skewness = 1, Kurtosis = 2.82, MValue = 2
-------------------- Histogram --------------------
[10.928 ns ; 11.209 ns) | @@@@@@@@
[11.209 ns ; 11.638 ns) | @@@
---------------------------------------------------

DataAuthoredQueryBenchmarks.DirectShape: Jit(IterationCount=12, IterationTime=250ms, WarmupCount=16) [Shape=OneTrack, Pattern=Alternating]
Runtime = .NET 10.0.12 (10.0.12, 10.0.1226.42308), X64 RyuJIT x86-64-v3; GC = Concurrent Workstation
Mean = 1.344 ns, StdErr = 0.005 ns (0.35%), N = 11, StdDev = 0.016 ns
Min = 1.326 ns, Q1 = 1.331 ns, Median = 1.340 ns, Q3 = 1.350 ns, Max = 1.373 ns
IQR = 0.019 ns, LowerFence = 1.303 ns, UpperFence = 1.378 ns
ConfidenceInterval = [1.322 ns; 1.365 ns] (CI 99.9%), Margin = 0.021 ns (1.60% of Mean)
Skewness = 0.67, Kurtosis = 2.01, MValue = 2
-------------------- Histogram --------------------
[1.321 ns ; 1.382 ns) | @@@@@@@@@@@
---------------------------------------------------

DataAuthoredQueryBenchmarks.GeneratedShape: Jit(IterationCount=12, IterationTime=250ms, WarmupCount=16) [Shape=OneTrack, Pattern=Alternating]
Runtime = .NET 10.0.12 (10.0.12, 10.0.1226.42308), X64 RyuJIT x86-64-v3; GC = Concurrent Workstation
Mean = 2.113 ns, StdErr = 0.008 ns (0.38%), N = 11, StdDev = 0.027 ns
Min = 2.067 ns, Q1 = 2.091 ns, Median = 2.126 ns, Q3 = 2.130 ns, Max = 2.149 ns
IQR = 0.039 ns, LowerFence = 2.033 ns, UpperFence = 2.187 ns
ConfidenceInterval = [2.076 ns; 2.150 ns] (CI 99.9%), Margin = 0.037 ns (1.74% of Mean)
Skewness = -0.46, Kurtosis = 1.6, MValue = 2
-------------------- Histogram --------------------
[2.052 ns ; 2.095 ns) | @@@
[2.095 ns ; 2.155 ns) | @@@@@@@@
---------------------------------------------------

DataAuthoredQueryBenchmarks.DataAuthoredFacade: Jit(IterationCount=12, IterationTime=250ms, WarmupCount=16) [Shape=OneTrack, Pattern=Alternating]
Runtime = .NET 10.0.12 (10.0.12, 10.0.1226.42308), X64 RyuJIT x86-64-v3; GC = Concurrent Workstation
Mean = 12.635 ns, StdErr = 0.018 ns (0.14%), N = 10, StdDev = 0.057 ns
Min = 12.533 ns, Q1 = 12.609 ns, Median = 12.622 ns, Q3 = 12.665 ns, Max = 12.744 ns
IQR = 0.055 ns, LowerFence = 12.527 ns, UpperFence = 12.747 ns
ConfidenceInterval = [12.548 ns; 12.722 ns] (CI 99.9%), Margin = 0.087 ns (0.69% of Mean)
Skewness = 0.2, Kurtosis = 2.42, MValue = 2
-------------------- Histogram --------------------
[12.498 ns ; 12.748 ns) | @@@@@@@@@@
---------------------------------------------------

DataAuthoredQueryBenchmarks.FacadeSelectOnly: Jit(IterationCount=12, IterationTime=250ms, WarmupCount=16) [Shape=OneTrack, Pattern=Alternating]
Runtime = .NET 10.0.12 (10.0.12, 10.0.1226.42308), X64 RyuJIT x86-64-v3; GC = Concurrent Workstation
Mean = 10.369 ns, StdErr = 0.015 ns (0.14%), N = 11, StdDev = 0.048 ns
Min = 10.291 ns, Q1 = 10.327 ns, Median = 10.370 ns, Q3 = 10.410 ns, Max = 10.446 ns
IQR = 0.082 ns, LowerFence = 10.204 ns, UpperFence = 10.533 ns
ConfidenceInterval = [10.302 ns; 10.436 ns] (CI 99.9%), Margin = 0.067 ns (0.65% of Mean)
Skewness = -0.02, Kurtosis = 1.54, MValue = 2
-------------------- Histogram --------------------
[10.289 ns ; 10.474 ns) | @@@@@@@@@@@
---------------------------------------------------

DataAuthoredQueryBenchmarks.FacadeNoDispatch: Jit(IterationCount=12, IterationTime=250ms, WarmupCount=16) [Shape=OneTrack, Pattern=Alternating]
Runtime = .NET 10.0.12 (10.0.12, 10.0.1226.42308), X64 RyuJIT x86-64-v3; GC = Concurrent Workstation
Mean = 11.299 ns, StdErr = 0.044 ns (0.39%), N = 10, StdDev = 0.138 ns
Min = 11.166 ns, Q1 = 11.216 ns, Median = 11.254 ns, Q3 = 11.330 ns, Max = 11.650 ns
IQR = 0.115 ns, LowerFence = 11.044 ns, UpperFence = 11.502 ns
ConfidenceInterval = [11.090 ns; 11.509 ns] (CI 99.9%), Margin = 0.209 ns (1.85% of Mean)
Skewness = 1.48, Kurtosis = 4.27, MValue = 2
-------------------- Histogram --------------------
[11.082 ns ; 11.399 ns) | @@@@@@@@@
[11.399 ns ; 11.735 ns) | @
---------------------------------------------------

DataAuthoredQueryBenchmarks.DirectShape: Jit(IterationCount=12, IterationTime=250ms, WarmupCount=16) [Shape=ThreeTracks, Pattern=Forward]
Runtime = .NET 10.0.12 (10.0.12, 10.0.1226.42308), X64 RyuJIT x86-64-v3; GC = Concurrent Workstation
Mean = 2.318 ns, StdErr = 0.007 ns (0.30%), N = 12, StdDev = 0.024 ns
Min = 2.275 ns, Q1 = 2.307 ns, Median = 2.323 ns, Q3 = 2.335 ns, Max = 2.347 ns
IQR = 0.027 ns, LowerFence = 2.266 ns, UpperFence = 2.376 ns
ConfidenceInterval = [2.287 ns; 2.349 ns] (CI 99.9%), Margin = 0.031 ns (1.34% of Mean)
Skewness = -0.52, Kurtosis = 1.82, MValue = 2
-------------------- Histogram --------------------
[2.261 ns ; 2.361 ns) | @@@@@@@@@@@@
---------------------------------------------------

DataAuthoredQueryBenchmarks.GeneratedShape: Jit(IterationCount=12, IterationTime=250ms, WarmupCount=16) [Shape=ThreeTracks, Pattern=Forward]
Runtime = .NET 10.0.12 (10.0.12, 10.0.1226.42308), X64 RyuJIT x86-64-v3; GC = Concurrent Workstation
Mean = 3.833 ns, StdErr = 0.018 ns (0.46%), N = 12, StdDev = 0.061 ns
Min = 3.666 ns, Q1 = 3.819 ns, Median = 3.856 ns, Q3 = 3.865 ns, Max = 3.886 ns
IQR = 0.046 ns, LowerFence = 3.750 ns, UpperFence = 3.934 ns
ConfidenceInterval = [3.754 ns; 3.911 ns] (CI 99.9%), Margin = 0.078 ns (2.04% of Mean)
Skewness = -1.63, Kurtosis = 4.77, MValue = 2
-------------------- Histogram --------------------
[3.631 ns ; 3.735 ns) | @
[3.735 ns ; 3.921 ns) | @@@@@@@@@@@
---------------------------------------------------

DataAuthoredQueryBenchmarks.DataAuthoredFacade: Jit(IterationCount=12, IterationTime=250ms, WarmupCount=16) [Shape=ThreeTracks, Pattern=Forward]
Runtime = .NET 10.0.12 (10.0.12, 10.0.1226.42308), X64 RyuJIT x86-64-v3; GC = Concurrent Workstation
Mean = 22.063 ns, StdErr = 0.025 ns (0.12%), N = 11, StdDev = 0.084 ns
Min = 21.890 ns, Q1 = 22.025 ns, Median = 22.066 ns, Q3 = 22.109 ns, Max = 22.219 ns
IQR = 0.084 ns, LowerFence = 21.899 ns, UpperFence = 22.235 ns
ConfidenceInterval = [21.946 ns; 22.179 ns] (CI 99.9%), Margin = 0.117 ns (0.53% of Mean)
Skewness = -0.26, Kurtosis = 2.79, MValue = 2
-------------------- Histogram --------------------
[21.840 ns ; 22.268 ns) | @@@@@@@@@@@
---------------------------------------------------

DataAuthoredQueryBenchmarks.FacadeSelectOnly: Jit(IterationCount=12, IterationTime=250ms, WarmupCount=16) [Shape=ThreeTracks, Pattern=Forward]
Runtime = .NET 10.0.12 (10.0.12, 10.0.1226.42308), X64 RyuJIT x86-64-v3; GC = Concurrent Workstation
Mean = 10.599 ns, StdErr = 0.042 ns (0.39%), N = 11, StdDev = 0.139 ns
Min = 10.452 ns, Q1 = 10.497 ns, Median = 10.547 ns, Q3 = 10.685 ns, Max = 10.867 ns
IQR = 0.189 ns, LowerFence = 10.214 ns, UpperFence = 10.968 ns
ConfidenceInterval = [10.408 ns; 10.791 ns] (CI 99.9%), Margin = 0.192 ns (1.81% of Mean)
Skewness = 0.68, Kurtosis = 1.87, MValue = 2
-------------------- Histogram --------------------
[10.412 ns ; 10.915 ns) | @@@@@@@@@@@
---------------------------------------------------

DataAuthoredQueryBenchmarks.FacadeNoDispatch: Jit(IterationCount=12, IterationTime=250ms, WarmupCount=16) [Shape=ThreeTracks, Pattern=Forward]
Runtime = .NET 10.0.12 (10.0.12, 10.0.1226.42308), X64 RyuJIT x86-64-v3; GC = Concurrent Workstation
Mean = 14.441 ns, StdErr = 0.017 ns (0.12%), N = 10, StdDev = 0.053 ns
Min = 14.335 ns, Q1 = 14.408 ns, Median = 14.458 ns, Q3 = 14.480 ns, Max = 14.502 ns
IQR = 0.072 ns, LowerFence = 14.301 ns, UpperFence = 14.587 ns
ConfidenceInterval = [14.360 ns; 14.522 ns] (CI 99.9%), Margin = 0.081 ns (0.56% of Mean)
Skewness = -0.63, Kurtosis = 1.95, MValue = 2
-------------------- Histogram --------------------
[14.303 ns ; 14.535 ns) | @@@@@@@@@@
---------------------------------------------------

DataAuthoredQueryBenchmarks.DirectShape: Jit(IterationCount=12, IterationTime=250ms, WarmupCount=16) [Shape=ThreeTracks, Pattern=Alternating]
Runtime = .NET 10.0.12 (10.0.12, 10.0.1226.42308), X64 RyuJIT x86-64-v3; GC = Concurrent Workstation
Mean = 4.152 ns, StdErr = 0.009 ns (0.21%), N = 11, StdDev = 0.029 ns
Min = 4.105 ns, Q1 = 4.135 ns, Median = 4.142 ns, Q3 = 4.173 ns, Max = 4.201 ns
IQR = 0.039 ns, LowerFence = 4.077 ns, UpperFence = 4.231 ns
ConfidenceInterval = [4.111 ns; 4.192 ns] (CI 99.9%), Margin = 0.041 ns (0.98% of Mean)
Skewness = 0.27, Kurtosis = 1.74, MValue = 2
-------------------- Histogram --------------------
[4.094 ns ; 4.218 ns) | @@@@@@@@@@@
---------------------------------------------------

DataAuthoredQueryBenchmarks.GeneratedShape: Jit(IterationCount=12, IterationTime=250ms, WarmupCount=16) [Shape=ThreeTracks, Pattern=Alternating]
Runtime = .NET 10.0.12 (10.0.12, 10.0.1226.42308), X64 RyuJIT x86-64-v3; GC = Concurrent Workstation
Mean = 3.975 ns, StdErr = 0.012 ns (0.30%), N = 10, StdDev = 0.037 ns
Min = 3.901 ns, Q1 = 3.968 ns, Median = 3.982 ns, Q3 = 4.004 ns, Max = 4.013 ns
IQR = 0.036 ns, LowerFence = 3.913 ns, UpperFence = 4.059 ns
ConfidenceInterval = [3.918 ns; 4.031 ns] (CI 99.9%), Margin = 0.056 ns (1.42% of Mean)
Skewness = -0.77, Kurtosis = 2.17, MValue = 2
-------------------- Histogram --------------------
[3.878 ns ; 4.029 ns) | @@@@@@@@@@
---------------------------------------------------

DataAuthoredQueryBenchmarks.DataAuthoredFacade: Jit(IterationCount=12, IterationTime=250ms, WarmupCount=16) [Shape=ThreeTracks, Pattern=Alternating]
Runtime = .NET 10.0.12 (10.0.12, 10.0.1226.42308), X64 RyuJIT x86-64-v3; GC = Concurrent Workstation
Mean = 22.411 ns, StdErr = 0.046 ns (0.20%), N = 12, StdDev = 0.159 ns
Min = 22.158 ns, Q1 = 22.307 ns, Median = 22.385 ns, Q3 = 22.483 ns, Max = 22.724 ns
IQR = 0.176 ns, LowerFence = 22.044 ns, UpperFence = 22.747 ns
ConfidenceInterval = [22.207 ns; 22.614 ns] (CI 99.9%), Margin = 0.203 ns (0.91% of Mean)
Skewness = 0.38, Kurtosis = 2.21, MValue = 2
-------------------- Histogram --------------------
[22.102 ns ; 22.815 ns) | @@@@@@@@@@@@
---------------------------------------------------

DataAuthoredQueryBenchmarks.FacadeSelectOnly: Jit(IterationCount=12, IterationTime=250ms, WarmupCount=16) [Shape=ThreeTracks, Pattern=Alternating]
Runtime = .NET 10.0.12 (10.0.12, 10.0.1226.42308), X64 RyuJIT x86-64-v3; GC = Concurrent Workstation
Mean = 12.482 ns, StdErr = 0.012 ns (0.09%), N = 11, StdDev = 0.039 ns
Min = 12.417 ns, Q1 = 12.456 ns, Median = 12.487 ns, Q3 = 12.505 ns, Max = 12.546 ns
IQR = 0.049 ns, LowerFence = 12.383 ns, UpperFence = 12.578 ns
ConfidenceInterval = [12.428 ns; 12.536 ns] (CI 99.9%), Margin = 0.054 ns (0.43% of Mean)
Skewness = -0.17, Kurtosis = 1.79, MValue = 2
-------------------- Histogram --------------------
[12.394 ns ; 12.569 ns) | @@@@@@@@@@@
---------------------------------------------------

DataAuthoredQueryBenchmarks.FacadeNoDispatch: Jit(IterationCount=12, IterationTime=250ms, WarmupCount=16) [Shape=ThreeTracks, Pattern=Alternating]
Runtime = .NET 10.0.12 (10.0.12, 10.0.1226.42308), X64 RyuJIT x86-64-v3; GC = Concurrent Workstation
Mean = 15.286 ns, StdErr = 0.037 ns (0.24%), N = 11, StdDev = 0.123 ns
Min = 15.093 ns, Q1 = 15.196 ns, Median = 15.299 ns, Q3 = 15.348 ns, Max = 15.540 ns
IQR = 0.152 ns, LowerFence = 14.967 ns, UpperFence = 15.576 ns
ConfidenceInterval = [15.116 ns; 15.456 ns] (CI 99.9%), Margin = 0.170 ns (1.11% of Mean)
Skewness = 0.34, Kurtosis = 2.41, MValue = 2
-------------------- Histogram --------------------
[15.021 ns ; 15.613 ns) | @@@@@@@@@@@
---------------------------------------------------

DataAuthoredQueryBenchmarks.DirectShape: Jit(IterationCount=12, IterationTime=250ms, WarmupCount=16) [Shape=SixteenTracks, Pattern=Forward]
Runtime = .NET 10.0.12 (10.0.12, 10.0.1226.42308), X64 RyuJIT x86-64-v3; GC = Concurrent Workstation
Mean = 11.813 ns, StdErr = 0.044 ns (0.37%), N = 11, StdDev = 0.146 ns
Min = 11.517 ns, Q1 = 11.767 ns, Median = 11.844 ns, Q3 = 11.900 ns, Max = 11.982 ns
IQR = 0.133 ns, LowerFence = 11.567 ns, UpperFence = 12.099 ns
ConfidenceInterval = [11.611 ns; 12.015 ns] (CI 99.9%), Margin = 0.202 ns (1.71% of Mean)
Skewness = -0.72, Kurtosis = 2.27, MValue = 2
-------------------- Histogram --------------------
[11.431 ns ; 11.676 ns) | @@
[11.676 ns ; 12.032 ns) | @@@@@@@@@
---------------------------------------------------

DataAuthoredQueryBenchmarks.GeneratedShape: Jit(IterationCount=12, IterationTime=250ms, WarmupCount=16) [Shape=SixteenTracks, Pattern=Forward]
Runtime = .NET 10.0.12 (10.0.12, 10.0.1226.42308), X64 RyuJIT x86-64-v3; GC = Concurrent Workstation
Mean = 22.260 ns, StdErr = 0.040 ns (0.18%), N = 12, StdDev = 0.138 ns
Min = 22.064 ns, Q1 = 22.144 ns, Median = 22.286 ns, Q3 = 22.351 ns, Max = 22.472 ns
IQR = 0.207 ns, LowerFence = 21.832 ns, UpperFence = 22.662 ns
ConfidenceInterval = [22.084 ns; 22.436 ns] (CI 99.9%), Margin = 0.176 ns (0.79% of Mean)
Skewness = -0.09, Kurtosis = 1.45, MValue = 2
-------------------- Histogram --------------------
[21.985 ns ; 22.551 ns) | @@@@@@@@@@@@
---------------------------------------------------

DataAuthoredQueryBenchmarks.DataAuthoredFacade: Jit(IterationCount=12, IterationTime=250ms, WarmupCount=16) [Shape=SixteenTracks, Pattern=Forward]
Runtime = .NET 10.0.12 (10.0.12, 10.0.1226.42308), X64 RyuJIT x86-64-v3; GC = Concurrent Workstation
Mean = 76.530 ns, StdErr = 0.278 ns (0.36%), N = 11, StdDev = 0.920 ns
Min = 75.290 ns, Q1 = 75.996 ns, Median = 76.556 ns, Q3 = 76.993 ns, Max = 78.041 ns
IQR = 0.998 ns, LowerFence = 74.499 ns, UpperFence = 78.490 ns
ConfidenceInterval = [75.257 ns; 77.803 ns] (CI 99.9%), Margin = 1.273 ns (1.66% of Mean)
Skewness = 0.27, Kurtosis = 1.74, MValue = 2
-------------------- Histogram --------------------
[74.747 ns ; 78.585 ns) | @@@@@@@@@@@
---------------------------------------------------

DataAuthoredQueryBenchmarks.FacadeSelectOnly: Jit(IterationCount=12, IterationTime=250ms, WarmupCount=16) [Shape=SixteenTracks, Pattern=Forward]
Runtime = .NET 10.0.12 (10.0.12, 10.0.1226.42308), X64 RyuJIT x86-64-v3; GC = Concurrent Workstation
Mean = 20.597 ns, StdErr = 0.039 ns (0.19%), N = 11, StdDev = 0.130 ns
Min = 20.402 ns, Q1 = 20.502 ns, Median = 20.597 ns, Q3 = 20.680 ns, Max = 20.844 ns
IQR = 0.178 ns, LowerFence = 20.236 ns, UpperFence = 20.946 ns
ConfidenceInterval = [20.417 ns; 20.776 ns] (CI 99.9%), Margin = 0.179 ns (0.87% of Mean)
Skewness = 0.28, Kurtosis = 1.96, MValue = 2
-------------------- Histogram --------------------
[20.326 ns ; 20.865 ns) | @@@@@@@@@@@
---------------------------------------------------

DataAuthoredQueryBenchmarks.FacadeNoDispatch: Jit(IterationCount=12, IterationTime=250ms, WarmupCount=16) [Shape=SixteenTracks, Pattern=Forward]
Runtime = .NET 10.0.12 (10.0.12, 10.0.1226.42308), X64 RyuJIT x86-64-v3; GC = Concurrent Workstation
Mean = 35.520 ns, StdErr = 0.053 ns (0.15%), N = 10, StdDev = 0.168 ns
Min = 35.295 ns, Q1 = 35.396 ns, Median = 35.520 ns, Q3 = 35.653 ns, Max = 35.781 ns
IQR = 0.257 ns, LowerFence = 35.010 ns, UpperFence = 36.039 ns
ConfidenceInterval = [35.266 ns; 35.774 ns] (CI 99.9%), Margin = 0.254 ns (0.72% of Mean)
Skewness = 0.07, Kurtosis = 1.35, MValue = 2
-------------------- Histogram --------------------
[35.193 ns ; 35.884 ns) | @@@@@@@@@@
---------------------------------------------------

DataAuthoredQueryBenchmarks.DirectShape: Jit(IterationCount=12, IterationTime=250ms, WarmupCount=16) [Shape=SixteenTracks, Pattern=Alternating]
Runtime = .NET 10.0.12 (10.0.12, 10.0.1226.42308), X64 RyuJIT x86-64-v3; GC = Concurrent Workstation
Mean = 18.637 ns, StdErr = 0.023 ns (0.12%), N = 11, StdDev = 0.077 ns
Min = 18.430 ns, Q1 = 18.625 ns, Median = 18.657 ns, Q3 = 18.678 ns, Max = 18.718 ns
IQR = 0.053 ns, LowerFence = 18.545 ns, UpperFence = 18.758 ns
ConfidenceInterval = [18.531 ns; 18.744 ns] (CI 99.9%), Margin = 0.106 ns (0.57% of Mean)
Skewness = -1.61, Kurtosis = 4.89, MValue = 2
-------------------- Histogram --------------------
[18.385 ns ; 18.763 ns) | @@@@@@@@@@@
---------------------------------------------------

DataAuthoredQueryBenchmarks.GeneratedShape: Jit(IterationCount=12, IterationTime=250ms, WarmupCount=16) [Shape=SixteenTracks, Pattern=Alternating]
Runtime = .NET 10.0.12 (10.0.12, 10.0.1226.42308), X64 RyuJIT x86-64-v3; GC = Concurrent Workstation
Mean = 20.483 ns, StdErr = 0.073 ns (0.36%), N = 12, StdDev = 0.255 ns
Min = 20.017 ns, Q1 = 20.319 ns, Median = 20.561 ns, Q3 = 20.672 ns, Max = 20.838 ns
IQR = 0.353 ns, LowerFence = 19.789 ns, UpperFence = 21.201 ns
ConfidenceInterval = [20.157 ns; 20.809 ns] (CI 99.9%), Margin = 0.326 ns (1.59% of Mean)
Skewness = -0.37, Kurtosis = 1.71, MValue = 2
-------------------- Histogram --------------------
[19.871 ns ; 20.846 ns) | @@@@@@@@@@@@
---------------------------------------------------

DataAuthoredQueryBenchmarks.DataAuthoredFacade: Jit(IterationCount=12, IterationTime=250ms, WarmupCount=16) [Shape=SixteenTracks, Pattern=Alternating]
Runtime = .NET 10.0.12 (10.0.12, 10.0.1226.42308), X64 RyuJIT x86-64-v3; GC = Concurrent Workstation
Mean = 78.554 ns, StdErr = 0.241 ns (0.31%), N = 11, StdDev = 0.801 ns
Min = 77.253 ns, Q1 = 78.140 ns, Median = 78.473 ns, Q3 = 79.092 ns, Max = 79.812 ns
IQR = 0.952 ns, LowerFence = 76.712 ns, UpperFence = 80.521 ns
ConfidenceInterval = [77.447 ns; 79.662 ns] (CI 99.9%), Margin = 1.108 ns (1.41% of Mean)
Skewness = 0.09, Kurtosis = 1.7, MValue = 2
-------------------- Histogram --------------------
[76.780 ns ; 80.285 ns) | @@@@@@@@@@@
---------------------------------------------------

DataAuthoredQueryBenchmarks.FacadeSelectOnly: Jit(IterationCount=12, IterationTime=250ms, WarmupCount=16) [Shape=SixteenTracks, Pattern=Alternating]
Runtime = .NET 10.0.12 (10.0.12, 10.0.1226.42308), X64 RyuJIT x86-64-v3; GC = Concurrent Workstation
Mean = 23.987 ns, StdErr = 0.050 ns (0.21%), N = 11, StdDev = 0.167 ns
Min = 23.728 ns, Q1 = 23.843 ns, Median = 23.999 ns, Q3 = 24.106 ns, Max = 24.247 ns
IQR = 0.264 ns, LowerFence = 23.447 ns, UpperFence = 24.502 ns
ConfidenceInterval = [23.756 ns; 24.218 ns] (CI 99.9%), Margin = 0.231 ns (0.96% of Mean)
Skewness = -0.12, Kurtosis = 1.49, MValue = 2
-------------------- Histogram --------------------
[23.630 ns ; 24.304 ns) | @@@@@@@@@@@
---------------------------------------------------

DataAuthoredQueryBenchmarks.FacadeNoDispatch: Jit(IterationCount=12, IterationTime=250ms, WarmupCount=16) [Shape=SixteenTracks, Pattern=Alternating]
Runtime = .NET 10.0.12 (10.0.12, 10.0.1226.42308), X64 RyuJIT x86-64-v3; GC = Concurrent Workstation
Mean = 38.224 ns, StdErr = 0.041 ns (0.11%), N = 11, StdDev = 0.135 ns
Min = 37.986 ns, Q1 = 38.107 ns, Median = 38.236 ns, Q3 = 38.338 ns, Max = 38.395 ns
IQR = 0.231 ns, LowerFence = 37.760 ns, UpperFence = 38.685 ns
ConfidenceInterval = [38.038 ns; 38.410 ns] (CI 99.9%), Margin = 0.186 ns (0.49% of Mean)
Skewness = -0.28, Kurtosis = 1.51, MValue = 2
-------------------- Histogram --------------------
[37.907 ns ; 38.475 ns) | @@@@@@@@@@@
---------------------------------------------------

DataAuthoredQueryBenchmarks.DirectShape: Jit(IterationCount=12, IterationTime=250ms, WarmupCount=16) [Shape=TwoHundredFiftySixTracks, Pattern=Forward]
Runtime = .NET 10.0.12 (10.0.12, 10.0.1226.42308), X64 RyuJIT x86-64-v3; GC = Concurrent Workstation
Mean = 338.707 ns, StdErr = 1.020 ns (0.30%), N = 11, StdDev = 3.383 ns
Min = 333.819 ns, Q1 = 336.238 ns, Median = 339.113 ns, Q3 = 342.032 ns, Max = 342.614 ns
IQR = 5.794 ns, LowerFence = 327.546 ns, UpperFence = 350.723 ns
ConfidenceInterval = [334.028 ns; 343.387 ns] (CI 99.9%), Margin = 4.679 ns (1.38% of Mean)
Skewness = -0.24, Kurtosis = 1.32, MValue = 2
-------------------- Histogram --------------------
[331.822 ns ; 344.611 ns) | @@@@@@@@@@@
---------------------------------------------------

DataAuthoredQueryBenchmarks.GeneratedShape: Jit(IterationCount=12, IterationTime=250ms, WarmupCount=16) [Shape=TwoHundredFiftySixTracks, Pattern=Forward]
Runtime = .NET 10.0.12 (10.0.12, 10.0.1226.42308), X64 RyuJIT x86-64-v3; GC = Concurrent Workstation
Mean = 34.512 us, StdErr = 0.056 us (0.16%), N = 11, StdDev = 0.186 us
Min = 34.104 us, Q1 = 34.458 us, Median = 34.602 us, Q3 = 34.620 us, Max = 34.705 us
IQR = 0.162 us, LowerFence = 34.215 us, UpperFence = 34.863 us
ConfidenceInterval = [34.255 us; 34.770 us] (CI 99.9%), Margin = 0.258 us (0.75% of Mean)
Skewness = -1.02, Kurtosis = 2.59, MValue = 2
-------------------- Histogram --------------------
[33.994 us ; 34.815 us) | @@@@@@@@@@@
---------------------------------------------------

DataAuthoredQueryBenchmarks.DataAuthoredFacade: Jit(IterationCount=12, IterationTime=250ms, WarmupCount=16) [Shape=TwoHundredFiftySixTracks, Pattern=Forward]
Runtime = .NET 10.0.12 (10.0.12, 10.0.1226.42308), X64 RyuJIT x86-64-v3; GC = Concurrent Workstation
Mean = 1.106 us, StdErr = 0.006 us (0.52%), N = 11, StdDev = 0.019 us
Min = 1.083 us, Q1 = 1.093 us, Median = 1.108 us, Q3 = 1.114 us, Max = 1.148 us
IQR = 0.021 us, LowerFence = 1.062 us, UpperFence = 1.145 us
ConfidenceInterval = [1.079 us; 1.132 us] (CI 99.9%), Margin = 0.026 us (2.39% of Mean)
Skewness = 0.68, Kurtosis = 2.57, MValue = 2
-------------------- Histogram --------------------
[1.072 us ; 1.113 us) | @@@@@@@@
[1.113 us ; 1.159 us) | @@@
---------------------------------------------------

DataAuthoredQueryBenchmarks.FacadeSelectOnly: Jit(IterationCount=12, IterationTime=250ms, WarmupCount=16) [Shape=TwoHundredFiftySixTracks, Pattern=Forward]
Runtime = .NET 10.0.12 (10.0.12, 10.0.1226.42308), X64 RyuJIT x86-64-v3; GC = Concurrent Workstation
Mean = 209.125 ns, StdErr = 0.425 ns (0.20%), N = 11, StdDev = 1.411 ns
Min = 207.383 ns, Q1 = 208.153 ns, Median = 208.672 ns, Q3 = 209.755 ns, Max = 212.366 ns
IQR = 1.602 ns, LowerFence = 205.749 ns, UpperFence = 212.159 ns
ConfidenceInterval = [207.174 ns; 211.077 ns] (CI 99.9%), Margin = 1.951 ns (0.93% of Mean)
Skewness = 0.88, Kurtosis = 2.92, MValue = 2
-------------------- Histogram --------------------
[206.550 ns ; 213.199 ns) | @@@@@@@@@@@
---------------------------------------------------

DataAuthoredQueryBenchmarks.FacadeNoDispatch: Jit(IterationCount=12, IterationTime=250ms, WarmupCount=16) [Shape=TwoHundredFiftySixTracks, Pattern=Forward]
Runtime = .NET 10.0.12 (10.0.12, 10.0.1226.42308), X64 RyuJIT x86-64-v3; GC = Concurrent Workstation
Mean = 457.219 ns, StdErr = 0.516 ns (0.11%), N = 11, StdDev = 1.711 ns
Min = 454.742 ns, Q1 = 456.184 ns, Median = 456.670 ns, Q3 = 458.172 ns, Max = 460.423 ns
IQR = 1.988 ns, LowerFence = 453.202 ns, UpperFence = 461.154 ns
ConfidenceInterval = [454.853 ns; 459.586 ns] (CI 99.9%), Margin = 2.367 ns (0.52% of Mean)
Skewness = 0.52, Kurtosis = 1.95, MValue = 2
-------------------- Histogram --------------------
[453.732 ns ; 461.433 ns) | @@@@@@@@@@@
---------------------------------------------------

DataAuthoredQueryBenchmarks.DirectShape: Jit(IterationCount=12, IterationTime=250ms, WarmupCount=16) [Shape=TwoHundredFiftySixTracks, Pattern=Alternating]
Runtime = .NET 10.0.12 (10.0.12, 10.0.1226.42308), X64 RyuJIT x86-64-v3; GC = Concurrent Workstation
Mean = 341.279 ns, StdErr = 0.787 ns (0.23%), N = 10, StdDev = 2.488 ns
Min = 339.511 ns, Q1 = 339.626 ns, Median = 340.299 ns, Q3 = 342.075 ns, Max = 347.594 ns
IQR = 2.449 ns, LowerFence = 335.953 ns, UpperFence = 345.748 ns
ConfidenceInterval = [337.517 ns; 345.041 ns] (CI 99.9%), Margin = 3.762 ns (1.10% of Mean)
Skewness = 1.52, Kurtosis = 4.25, MValue = 2
-------------------- Histogram --------------------
[337.995 ns ; 349.110 ns) | @@@@@@@@@@
---------------------------------------------------

DataAuthoredQueryBenchmarks.GeneratedShape: Jit(IterationCount=12, IterationTime=250ms, WarmupCount=16) [Shape=TwoHundredFiftySixTracks, Pattern=Alternating]
Runtime = .NET 10.0.12 (10.0.12, 10.0.1226.42308), X64 RyuJIT x86-64-v3; GC = Concurrent Workstation
Mean = 34.842 us, StdErr = 0.073 us (0.21%), N = 10, StdDev = 0.231 us
Min = 34.506 us, Q1 = 34.713 us, Median = 34.841 us, Q3 = 34.981 us, Max = 35.220 us
IQR = 0.268 us, LowerFence = 34.310 us, UpperFence = 35.384 us
ConfidenceInterval = [34.492 us; 35.192 us] (CI 99.9%), Margin = 0.350 us (1.00% of Mean)
Skewness = 0.06, Kurtosis = 1.71, MValue = 2
-------------------- Histogram --------------------
[34.434 us ; 35.361 us) | @@@@@@@@@@
---------------------------------------------------

DataAuthoredQueryBenchmarks.DataAuthoredFacade: Jit(IterationCount=12, IterationTime=250ms, WarmupCount=16) [Shape=TwoHundredFiftySixTracks, Pattern=Alternating]
Runtime = .NET 10.0.12 (10.0.12, 10.0.1226.42308), X64 RyuJIT x86-64-v3; GC = Concurrent Workstation
Mean = 1.122 us, StdErr = 0.003 us (0.28%), N = 12, StdDev = 0.011 us
Min = 1.103 us, Q1 = 1.115 us, Median = 1.122 us, Q3 = 1.131 us, Max = 1.138 us
IQR = 0.016 us, LowerFence = 1.091 us, UpperFence = 1.155 us
ConfidenceInterval = [1.109 us; 1.136 us] (CI 99.9%), Margin = 0.014 us (1.23% of Mean)
Skewness = -0.22, Kurtosis = 1.68, MValue = 2
-------------------- Histogram --------------------
[1.097 us ; 1.144 us) | @@@@@@@@@@@@
---------------------------------------------------

DataAuthoredQueryBenchmarks.FacadeSelectOnly: Jit(IterationCount=12, IterationTime=250ms, WarmupCount=16) [Shape=TwoHundredFiftySixTracks, Pattern=Alternating]
Runtime = .NET 10.0.12 (10.0.12, 10.0.1226.42308), X64 RyuJIT x86-64-v3; GC = Concurrent Workstation
Mean = 233.934 ns, StdErr = 0.268 ns (0.11%), N = 10, StdDev = 0.847 ns
Min = 232.606 ns, Q1 = 233.183 ns, Median = 234.171 ns, Q3 = 234.500 ns, Max = 235.059 ns
IQR = 1.317 ns, LowerFence = 231.207 ns, UpperFence = 236.476 ns
ConfidenceInterval = [232.654 ns; 235.214 ns] (CI 99.9%), Margin = 1.280 ns (0.55% of Mean)
Skewness = -0.18, Kurtosis = 1.38, MValue = 2
-------------------- Histogram --------------------
[232.090 ns ; 235.574 ns) | @@@@@@@@@@
---------------------------------------------------

DataAuthoredQueryBenchmarks.FacadeNoDispatch: Jit(IterationCount=12, IterationTime=250ms, WarmupCount=16) [Shape=TwoHundredFiftySixTracks, Pattern=Alternating]
Runtime = .NET 10.0.12 (10.0.12, 10.0.1226.42308), X64 RyuJIT x86-64-v3; GC = Concurrent Workstation
Mean = 468.743 ns, StdErr = 0.546 ns (0.12%), N = 11, StdDev = 1.810 ns
Min = 465.088 ns, Q1 = 467.701 ns, Median = 469.131 ns, Q3 = 469.805 ns, Max = 471.138 ns
IQR = 2.104 ns, LowerFence = 464.545 ns, UpperFence = 472.962 ns
ConfidenceInterval = [466.241 ns; 471.246 ns] (CI 99.9%), Margin = 2.503 ns (0.53% of Mean)
Skewness = -0.47, Kurtosis = 2.17, MValue = 2
-------------------- Histogram --------------------
[464.021 ns ; 472.206 ns) | @@@@@@@@@@@
---------------------------------------------------

DataAuthoredQueryBenchmarks.DirectShape: Jit(IterationCount=12, IterationTime=250ms, WarmupCount=16) [Shape=Blend, Pattern=Forward]
Runtime = .NET 10.0.12 (10.0.12, 10.0.1226.42308), X64 RyuJIT x86-64-v3; GC = Concurrent Workstation
Mean = 1.725 ns, StdErr = 0.003 ns (0.15%), N = 10, StdDev = 0.008 ns
Min = 1.713 ns, Q1 = 1.719 ns, Median = 1.726 ns, Q3 = 1.729 ns, Max = 1.741 ns
IQR = 0.010 ns, LowerFence = 1.704 ns, UpperFence = 1.743 ns
ConfidenceInterval = [1.713 ns; 1.737 ns] (CI 99.9%), Margin = 0.012 ns (0.71% of Mean)
Skewness = 0.41, Kurtosis = 2.3, MValue = 2
-------------------- Histogram --------------------
[1.708 ns ; 1.743 ns) | @@@@@@@@@@
---------------------------------------------------

DataAuthoredQueryBenchmarks.GeneratedShape: Jit(IterationCount=12, IterationTime=250ms, WarmupCount=16) [Shape=Blend, Pattern=Forward]
Runtime = .NET 10.0.12 (10.0.12, 10.0.1226.42308), X64 RyuJIT x86-64-v3; GC = Concurrent Workstation
Mean = 2.629 ns, StdErr = 0.009 ns (0.35%), N = 12, StdDev = 0.032 ns
Min = 2.576 ns, Q1 = 2.617 ns, Median = 2.627 ns, Q3 = 2.645 ns, Max = 2.680 ns
IQR = 0.028 ns, LowerFence = 2.574 ns, UpperFence = 2.687 ns
ConfidenceInterval = [2.588 ns; 2.670 ns] (CI 99.9%), Margin = 0.041 ns (1.55% of Mean)
Skewness = 0.04, Kurtosis = 1.93, MValue = 2
-------------------- Histogram --------------------
[2.558 ns ; 2.698 ns) | @@@@@@@@@@@@
---------------------------------------------------

DataAuthoredQueryBenchmarks.DataAuthoredFacade: Jit(IterationCount=12, IterationTime=250ms, WarmupCount=16) [Shape=Blend, Pattern=Forward]
Runtime = .NET 10.0.12 (10.0.12, 10.0.1226.42308), X64 RyuJIT x86-64-v3; GC = Concurrent Workstation
Mean = 13.311 ns, StdErr = 0.044 ns (0.33%), N = 11, StdDev = 0.147 ns
Min = 13.035 ns, Q1 = 13.232 ns, Median = 13.275 ns, Q3 = 13.413 ns, Max = 13.533 ns
IQR = 0.180 ns, LowerFence = 12.962 ns, UpperFence = 13.683 ns
ConfidenceInterval = [13.108 ns; 13.514 ns] (CI 99.9%), Margin = 0.203 ns (1.52% of Mean)
Skewness = -0.09, Kurtosis = 1.99, MValue = 2
-------------------- Histogram --------------------
[12.948 ns ; 13.620 ns) | @@@@@@@@@@@
---------------------------------------------------

DataAuthoredQueryBenchmarks.FacadeSelectOnly: Jit(IterationCount=12, IterationTime=250ms, WarmupCount=16) [Shape=Blend, Pattern=Forward]
Runtime = .NET 10.0.12 (10.0.12, 10.0.1226.42308), X64 RyuJIT x86-64-v3; GC = Concurrent Workstation
Mean = 10.603 ns, StdErr = 0.030 ns (0.28%), N = 11, StdDev = 0.100 ns
Min = 10.487 ns, Q1 = 10.538 ns, Median = 10.595 ns, Q3 = 10.650 ns, Max = 10.809 ns
IQR = 0.112 ns, LowerFence = 10.370 ns, UpperFence = 10.817 ns
ConfidenceInterval = [10.465 ns; 10.741 ns] (CI 99.9%), Margin = 0.138 ns (1.30% of Mean)
Skewness = 0.64, Kurtosis = 2.22, MValue = 2
-------------------- Histogram --------------------
[10.428 ns ; 10.651 ns) | @@@@@@@@
[10.651 ns ; 10.868 ns) | @@@
---------------------------------------------------

DataAuthoredQueryBenchmarks.FacadeNoDispatch: Jit(IterationCount=12, IterationTime=250ms, WarmupCount=16) [Shape=Blend, Pattern=Forward]
Runtime = .NET 10.0.12 (10.0.12, 10.0.1226.42308), X64 RyuJIT x86-64-v3; GC = Concurrent Workstation
Mean = 11.310 ns, StdErr = 0.043 ns (0.38%), N = 11, StdDev = 0.142 ns
Min = 11.133 ns, Q1 = 11.218 ns, Median = 11.276 ns, Q3 = 11.388 ns, Max = 11.540 ns
IQR = 0.170 ns, LowerFence = 10.963 ns, UpperFence = 11.643 ns
ConfidenceInterval = [11.114 ns; 11.506 ns] (CI 99.9%), Margin = 0.196 ns (1.73% of Mean)
Skewness = 0.59, Kurtosis = 1.66, MValue = 2
-------------------- Histogram --------------------
[11.101 ns ; 11.624 ns) | @@@@@@@@@@@
---------------------------------------------------

DataAuthoredQueryBenchmarks.DirectShape: Jit(IterationCount=12, IterationTime=250ms, WarmupCount=16) [Shape=Blend, Pattern=Alternating]
Runtime = .NET 10.0.12 (10.0.12, 10.0.1226.42308), X64 RyuJIT x86-64-v3; GC = Concurrent Workstation
Mean = 1.929 ns, StdErr = 0.004 ns (0.19%), N = 12, StdDev = 0.012 ns
Min = 1.906 ns, Q1 = 1.925 ns, Median = 1.931 ns, Q3 = 1.937 ns, Max = 1.946 ns
IQR = 0.012 ns, LowerFence = 1.907 ns, UpperFence = 1.954 ns
ConfidenceInterval = [1.913 ns; 1.945 ns] (CI 99.9%), Margin = 0.016 ns (0.82% of Mean)
Skewness = -0.49, Kurtosis = 2.14, MValue = 2
-------------------- Histogram --------------------
[1.899 ns ; 1.949 ns) | @@@@@@@@@@@@
---------------------------------------------------

DataAuthoredQueryBenchmarks.GeneratedShape: Jit(IterationCount=12, IterationTime=250ms, WarmupCount=16) [Shape=Blend, Pattern=Alternating]
Runtime = .NET 10.0.12 (10.0.12, 10.0.1226.42308), X64 RyuJIT x86-64-v3; GC = Concurrent Workstation
Mean = 2.856 ns, StdErr = 0.013 ns (0.44%), N = 12, StdDev = 0.043 ns
Min = 2.799 ns, Q1 = 2.822 ns, Median = 2.850 ns, Q3 = 2.896 ns, Max = 2.933 ns
IQR = 0.074 ns, LowerFence = 2.710 ns, UpperFence = 3.007 ns
ConfidenceInterval = [2.801 ns; 2.912 ns] (CI 99.9%), Margin = 0.055 ns (1.94% of Mean)
Skewness = 0.32, Kurtosis = 1.57, MValue = 2
-------------------- Histogram --------------------
[2.774 ns ; 2.867 ns) | @@@@@@@@
[2.867 ns ; 2.943 ns) | @@@@
---------------------------------------------------

DataAuthoredQueryBenchmarks.DataAuthoredFacade: Jit(IterationCount=12, IterationTime=250ms, WarmupCount=16) [Shape=Blend, Pattern=Alternating]
Runtime = .NET 10.0.12 (10.0.12, 10.0.1226.42308), X64 RyuJIT x86-64-v3; GC = Concurrent Workstation
Mean = 13.025 ns, StdErr = 0.072 ns (0.55%), N = 12, StdDev = 0.250 ns
Min = 12.497 ns, Q1 = 12.840 ns, Median = 13.091 ns, Q3 = 13.223 ns, Max = 13.302 ns
IQR = 0.382 ns, LowerFence = 12.267 ns, UpperFence = 13.796 ns
ConfidenceInterval = [12.704 ns; 13.345 ns] (CI 99.9%), Margin = 0.320 ns (2.46% of Mean)
Skewness = -0.68, Kurtosis = 2.12, MValue = 2
-------------------- Histogram --------------------
[12.353 ns ; 12.671 ns) | @
[12.671 ns ; 12.982 ns) | @@@
[12.982 ns ; 13.445 ns) | @@@@@@@@
---------------------------------------------------

DataAuthoredQueryBenchmarks.FacadeSelectOnly: Jit(IterationCount=12, IterationTime=250ms, WarmupCount=16) [Shape=Blend, Pattern=Alternating]
Runtime = .NET 10.0.12 (10.0.12, 10.0.1226.42308), X64 RyuJIT x86-64-v3; GC = Concurrent Workstation
Mean = 10.330 ns, StdErr = 0.051 ns (0.50%), N = 11, StdDev = 0.170 ns
Min = 10.062 ns, Q1 = 10.224 ns, Median = 10.329 ns, Q3 = 10.414 ns, Max = 10.663 ns
IQR = 0.190 ns, LowerFence = 9.939 ns, UpperFence = 10.700 ns
ConfidenceInterval = [10.094 ns; 10.565 ns] (CI 99.9%), Margin = 0.235 ns (2.28% of Mean)
Skewness = 0.37, Kurtosis = 2.18, MValue = 2
-------------------- Histogram --------------------
[ 9.961 ns ; 10.194 ns) | @@
[10.194 ns ; 10.764 ns) | @@@@@@@@@
---------------------------------------------------

DataAuthoredQueryBenchmarks.FacadeNoDispatch: Jit(IterationCount=12, IterationTime=250ms, WarmupCount=16) [Shape=Blend, Pattern=Alternating]
Runtime = .NET 10.0.12 (10.0.12, 10.0.1226.42308), X64 RyuJIT x86-64-v3; GC = Concurrent Workstation
Mean = 11.311 ns, StdErr = 0.060 ns (0.53%), N = 12, StdDev = 0.209 ns
Min = 11.105 ns, Q1 = 11.160 ns, Median = 11.252 ns, Q3 = 11.429 ns, Max = 11.820 ns
IQR = 0.269 ns, LowerFence = 10.756 ns, UpperFence = 11.833 ns
ConfidenceInterval = [11.044 ns; 11.578 ns] (CI 99.9%), Margin = 0.267 ns (2.36% of Mean)
Skewness = 1.07, Kurtosis = 3.25, MValue = 2
-------------------- Histogram --------------------
[11.085 ns ; 11.325 ns) | @@@@@@@@
[11.325 ns ; 11.587 ns) | @@@
[11.587 ns ; 11.939 ns) | @
---------------------------------------------------

// * Summary *

BenchmarkDotNet v0.15.8, Linux Omarchy
Intel Core i9-14900K 0.80GHz, 1 CPU, 32 logical and 24 physical cores
.NET SDK 10.0.401
  [Host] : .NET 10.0.12 (10.0.12, 10.0.1226.42308), X64 RyuJIT x86-64-v3
  Jit    : .NET 10.0.12 (10.0.12, 10.0.1226.42308), X64 RyuJIT x86-64-v3

Job=Jit  IterationCount=12  IterationTime=250ms  
WarmupCount=16  

| Method             | Shape                    | Pattern     | Mean          | Error       | StdDev      | Median        | Ratio  | RatioSD | Allocated | Alloc Ratio |
|------------------- |------------------------- |------------ |--------------:|------------:|------------:|--------------:|-------:|--------:|----------:|------------:|
| DirectShape        | OneTrack                 | Forward     |      1.402 ns |   0.0151 ns |   0.0100 ns |      1.403 ns |   1.00 |    0.01 |         - |          NA |
| GeneratedShape     | OneTrack                 | Forward     |      1.861 ns |   0.0213 ns |   0.0166 ns |      1.870 ns |   1.33 |    0.01 |         - |          NA |
| DataAuthoredFacade | OneTrack                 | Forward     |     12.437 ns |   0.0731 ns |   0.0484 ns |     12.444 ns |   8.87 |    0.07 |         - |          NA |
| FacadeSelectOnly   | OneTrack                 | Forward     |      9.897 ns |   0.1628 ns |   0.1177 ns |      9.882 ns |   7.06 |    0.09 |         - |          NA |
| FacadeNoDispatch   | OneTrack                 | Forward     |     11.159 ns |   0.2316 ns |   0.1675 ns |     11.099 ns |   7.96 |    0.13 |         - |          NA |
|                    |                          |             |               |             |             |               |        |         |           |             |
| DirectShape        | OneTrack                 | Alternating |      1.344 ns |   0.0215 ns |   0.0155 ns |      1.340 ns |   1.00 |    0.02 |         - |          NA |
| GeneratedShape     | OneTrack                 | Alternating |      2.113 ns |   0.0368 ns |   0.0266 ns |      2.126 ns |   1.57 |    0.03 |         - |          NA |
| DataAuthoredFacade | OneTrack                 | Alternating |     12.635 ns |   0.0869 ns |   0.0575 ns |     12.622 ns |   9.40 |    0.11 |         - |          NA |
| FacadeSelectOnly   | OneTrack                 | Alternating |     10.369 ns |   0.0670 ns |   0.0485 ns |     10.370 ns |   7.72 |    0.09 |         - |          NA |
| FacadeNoDispatch   | OneTrack                 | Alternating |     11.299 ns |   0.2093 ns |   0.1385 ns |     11.254 ns |   8.41 |    0.13 |         - |          NA |
|                    |                          |             |               |             |             |               |        |         |           |             |
| DirectShape        | ThreeTracks              | Forward     |      2.318 ns |   0.0310 ns |   0.0242 ns |      2.323 ns |   1.00 |    0.01 |         - |          NA |
| GeneratedShape     | ThreeTracks              | Forward     |      3.833 ns |   0.0781 ns |   0.0610 ns |      3.856 ns |   1.65 |    0.03 |         - |          NA |
| DataAuthoredFacade | ThreeTracks              | Forward     |     22.063 ns |   0.1167 ns |   0.0843 ns |     22.066 ns |   9.52 |    0.10 |         - |          NA |
| FacadeSelectOnly   | ThreeTracks              | Forward     |     10.599 ns |   0.1917 ns |   0.1386 ns |     10.547 ns |   4.57 |    0.07 |         - |          NA |
| FacadeNoDispatch   | ThreeTracks              | Forward     |     14.441 ns |   0.0808 ns |   0.0535 ns |     14.458 ns |   6.23 |    0.07 |         - |          NA |
|                    |                          |             |               |             |             |               |        |         |           |             |
| DirectShape        | ThreeTracks              | Alternating |      4.152 ns |   0.0405 ns |   0.0293 ns |      4.142 ns |   1.00 |    0.01 |         - |          NA |
| GeneratedShape     | ThreeTracks              | Alternating |      3.975 ns |   0.0564 ns |   0.0373 ns |      3.982 ns |   0.96 |    0.01 |         - |          NA |
| DataAuthoredFacade | ThreeTracks              | Alternating |     22.411 ns |   0.2034 ns |   0.1588 ns |     22.385 ns |   5.40 |    0.05 |         - |          NA |
| FacadeSelectOnly   | ThreeTracks              | Alternating |     12.482 ns |   0.0539 ns |   0.0390 ns |     12.487 ns |   3.01 |    0.02 |         - |          NA |
| FacadeNoDispatch   | ThreeTracks              | Alternating |     15.286 ns |   0.1700 ns |   0.1229 ns |     15.299 ns |   3.68 |    0.04 |         - |          NA |
|                    |                          |             |               |             |             |               |        |         |           |             |
| DirectShape        | SixteenTracks            | Forward     |     11.813 ns |   0.2021 ns |   0.1461 ns |     11.844 ns |   1.00 |    0.02 |         - |          NA |
| GeneratedShape     | SixteenTracks            | Forward     |     22.260 ns |   0.1762 ns |   0.1375 ns |     22.286 ns |   1.88 |    0.03 |         - |          NA |
| DataAuthoredFacade | SixteenTracks            | Forward     |     76.530 ns |   1.2730 ns |   0.9205 ns |     76.556 ns |   6.48 |    0.11 |         - |          NA |
| FacadeSelectOnly   | SixteenTracks            | Forward     |     20.597 ns |   0.1792 ns |   0.1296 ns |     20.597 ns |   1.74 |    0.02 |         - |          NA |
| FacadeNoDispatch   | SixteenTracks            | Forward     |     35.520 ns |   0.2540 ns |   0.1680 ns |     35.520 ns |   3.01 |    0.04 |         - |          NA |
|                    |                          |             |               |             |             |               |        |         |           |             |
| DirectShape        | SixteenTracks            | Alternating |     18.637 ns |   0.1065 ns |   0.0770 ns |     18.657 ns |   1.00 |    0.01 |         - |          NA |
| GeneratedShape     | SixteenTracks            | Alternating |     20.483 ns |   0.3260 ns |   0.2545 ns |     20.561 ns |   1.10 |    0.01 |         - |          NA |
| DataAuthoredFacade | SixteenTracks            | Alternating |     78.554 ns |   1.1076 ns |   0.8009 ns |     78.473 ns |   4.21 |    0.04 |         - |          NA |
| FacadeSelectOnly   | SixteenTracks            | Alternating |     23.987 ns |   0.2310 ns |   0.1670 ns |     23.999 ns |   1.29 |    0.01 |         - |          NA |
| FacadeNoDispatch   | SixteenTracks            | Alternating |     38.224 ns |   0.1864 ns |   0.1347 ns |     38.236 ns |   2.05 |    0.01 |         - |          NA |
|                    |                          |             |               |             |             |               |        |         |           |             |
| DirectShape        | TwoHundredFiftySixTracks | Forward     |    338.707 ns |   4.6793 ns |   3.3834 ns |    339.113 ns |   1.00 |    0.01 |         - |          NA |
| GeneratedShape     | TwoHundredFiftySixTracks | Forward     | 34,512.262 ns | 257.5311 ns | 186.2119 ns | 34,601.681 ns | 101.90 |    1.11 |         - |          NA |
| DataAuthoredFacade | TwoHundredFiftySixTracks | Forward     |  1,105.821 ns |  26.4296 ns |  19.1103 ns |  1,107.718 ns |   3.27 |    0.06 |         - |          NA |
| FacadeSelectOnly   | TwoHundredFiftySixTracks | Forward     |    209.125 ns |   1.9513 ns |   1.4109 ns |    208.672 ns |   0.62 |    0.01 |         - |          NA |
| FacadeNoDispatch   | TwoHundredFiftySixTracks | Forward     |    457.219 ns |   2.3665 ns |   1.7112 ns |    456.670 ns |   1.35 |    0.01 |         - |          NA |
|                    |                          |             |               |             |             |               |        |         |           |             |
| DirectShape        | TwoHundredFiftySixTracks | Alternating |    341.279 ns |   3.7618 ns |   2.4882 ns |    340.299 ns |   1.00 |    0.01 |         - |          NA |
| GeneratedShape     | TwoHundredFiftySixTracks | Alternating | 34,841.784 ns | 349.8221 ns | 231.3857 ns | 34,841.092 ns | 102.10 |    0.95 |         - |          NA |
| DataAuthoredFacade | TwoHundredFiftySixTracks | Alternating |  1,122.306 ns |  13.7635 ns |  10.7457 ns |  1,121.970 ns |   3.29 |    0.04 |         - |          NA |
| FacadeSelectOnly   | TwoHundredFiftySixTracks | Alternating |    233.934 ns |   1.2799 ns |   0.8466 ns |    234.171 ns |   0.69 |    0.01 |         - |          NA |
| FacadeNoDispatch   | TwoHundredFiftySixTracks | Alternating |    468.743 ns |   2.5027 ns |   1.8096 ns |    469.131 ns |   1.37 |    0.01 |         - |          NA |
|                    |                          |             |               |             |             |               |        |         |           |             |
| DirectShape        | Blend                    | Forward     |      1.725 ns |   0.0122 ns |   0.0081 ns |      1.726 ns |   1.00 |    0.01 |         - |          NA |
| GeneratedShape     | Blend                    | Forward     |      2.629 ns |   0.0407 ns |   0.0318 ns |      2.627 ns |   1.52 |    0.02 |         - |          NA |
| DataAuthoredFacade | Blend                    | Forward     |     13.311 ns |   0.2027 ns |   0.1466 ns |     13.275 ns |   7.72 |    0.09 |         - |          NA |
| FacadeSelectOnly   | Blend                    | Forward     |     10.603 ns |   0.1383 ns |   0.1000 ns |     10.595 ns |   6.15 |    0.06 |         - |          NA |
| FacadeNoDispatch   | Blend                    | Forward     |     11.310 ns |   0.1958 ns |   0.1416 ns |     11.276 ns |   6.56 |    0.08 |         - |          NA |
|                    |                          |             |               |             |             |               |        |         |           |             |
| DirectShape        | Blend                    | Alternating |      1.929 ns |   0.0159 ns |   0.0124 ns |      1.931 ns |   1.00 |    0.01 |         - |          NA |
| GeneratedShape     | Blend                    | Alternating |      2.856 ns |   0.0555 ns |   0.0433 ns |      2.850 ns |   1.48 |    0.02 |         - |          NA |
| DataAuthoredFacade | Blend                    | Alternating |     13.025 ns |   0.3202 ns |   0.2500 ns |     13.091 ns |   6.75 |    0.13 |         - |          NA |
| FacadeSelectOnly   | Blend                    | Alternating |     10.330 ns |   0.2354 ns |   0.1702 ns |     10.329 ns |   5.35 |    0.09 |         - |          NA |
| FacadeNoDispatch   | Blend                    | Alternating |     11.311 ns |   0.2672 ns |   0.2086 ns |     11.252 ns |   5.86 |    0.11 |         - |          NA |

// * Warnings *
MinIterationTime
  DataAuthoredQueryBenchmarks.GeneratedShape: Jit     -> The minimum observed iteration time is 56.144ms which is very small. It's recommended to increase it to at least 100ms using more operations.
  DataAuthoredQueryBenchmarks.GeneratedShape: Jit     -> The minimum observed iteration time is 59.358ms which is very small. It's recommended to increase it to at least 100ms using more operations.
  DataAuthoredQueryBenchmarks.GeneratedShape: Jit     -> The minimum observed iteration time is 57.672ms which is very small. It's recommended to increase it to at least 100ms using more operations.
  DataAuthoredQueryBenchmarks.DataAuthoredFacade: Jit -> The minimum observed iteration time is 88.944ms which is very small. It's recommended to increase it to at least 100ms using more operations.
  DataAuthoredQueryBenchmarks.GeneratedShape: Jit     -> The minimum observed iteration time is 61.879ms which is very small. It's recommended to increase it to at least 100ms using more operations.
  DataAuthoredQueryBenchmarks.DataAuthoredFacade: Jit -> The minimum observed iteration time is 88.581ms which is very small. It's recommended to increase it to at least 100ms using more operations.
  DataAuthoredQueryBenchmarks.GeneratedShape: Jit     -> The minimum observed iteration time is 73.745ms which is very small. It's recommended to increase it to at least 100ms using more operations.
  DataAuthoredQueryBenchmarks.DataAuthoredFacade: Jit -> The minimum observed iteration time is 69.079ms which is very small. It's recommended to increase it to at least 100ms using more operations.
  DataAuthoredQueryBenchmarks.GeneratedShape: Jit     -> The minimum observed iteration time is 35.421ms which is very small. It's recommended to increase it to at least 100ms using more operations.
  DataAuthoredQueryBenchmarks.DataAuthoredFacade: Jit -> The minimum observed iteration time is 70.88ms which is very small. It's recommended to increase it to at least 100ms using more operations.
  DataAuthoredQueryBenchmarks.DataAuthoredFacade: Jit -> The minimum observed iteration time is 66.527ms which is very small. It's recommended to increase it to at least 100ms using more operations.
  DataAuthoredQueryBenchmarks.DataAuthoredFacade: Jit -> The minimum observed iteration time is 63.262ms which is very small. It's recommended to increase it to at least 100ms using more operations.
  DataAuthoredQueryBenchmarks.DataAuthoredFacade: Jit -> The minimum observed iteration time is 91.407ms which is very small. It's recommended to increase it to at least 100ms using more operations.
  DataAuthoredQueryBenchmarks.GeneratedShape: Jit     -> The minimum observed iteration time is 66.784ms which is very small. It's recommended to increase it to at least 100ms using more operations.
  DataAuthoredQueryBenchmarks.DataAuthoredFacade: Jit -> The minimum observed iteration time is 88.453ms which is very small. It's recommended to increase it to at least 100ms using more operations.

// * Hints *
Outliers
  DataAuthoredQueryBenchmarks.DirectShape: Jit        -> 2 outliers were removed (1.45 ns, 1.64 ns)
  DataAuthoredQueryBenchmarks.DataAuthoredFacade: Jit -> 2 outliers were removed, 3 outliers were detected (12.35 ns, 12.58 ns, 12.59 ns)
  DataAuthoredQueryBenchmarks.FacadeSelectOnly: Jit   -> 1 outlier  was  removed (11.14 ns)
  DataAuthoredQueryBenchmarks.FacadeNoDispatch: Jit   -> 1 outlier  was  removed (13.69 ns)
  DataAuthoredQueryBenchmarks.DirectShape: Jit        -> 1 outlier  was  removed (1.39 ns)
  DataAuthoredQueryBenchmarks.GeneratedShape: Jit     -> 1 outlier  was  removed (2.23 ns)
  DataAuthoredQueryBenchmarks.DataAuthoredFacade: Jit -> 2 outliers were removed (12.98 ns, 13.13 ns)
  DataAuthoredQueryBenchmarks.FacadeSelectOnly: Jit   -> 1 outlier  was  removed (10.61 ns)
  DataAuthoredQueryBenchmarks.FacadeNoDispatch: Jit   -> 2 outliers were removed (12.77 ns, 13.12 ns)
  DataAuthoredQueryBenchmarks.GeneratedShape: Jit     -> 1 outlier  was  detected (3.67 ns)
  DataAuthoredQueryBenchmarks.DataAuthoredFacade: Jit -> 1 outlier  was  removed, 2 outliers were detected (21.89 ns, 22.28 ns)
  DataAuthoredQueryBenchmarks.FacadeSelectOnly: Jit   -> 1 outlier  was  removed (11.51 ns)
  DataAuthoredQueryBenchmarks.FacadeNoDispatch: Jit   -> 2 outliers were removed (14.84 ns, 16.05 ns)
  DataAuthoredQueryBenchmarks.DirectShape: Jit        -> 1 outlier  was  removed (4.47 ns)
  DataAuthoredQueryBenchmarks.GeneratedShape: Jit     -> 2 outliers were removed, 3 outliers were detected (3.90 ns, 4.11 ns, 4.20 ns)
  DataAuthoredQueryBenchmarks.FacadeSelectOnly: Jit   -> 1 outlier  was  removed (14.24 ns)
  DataAuthoredQueryBenchmarks.FacadeNoDispatch: Jit   -> 1 outlier  was  removed (17.10 ns)
  DataAuthoredQueryBenchmarks.DirectShape: Jit        -> 1 outlier  was  removed, 2 outliers were detected (11.52 ns, 12.84 ns)
  DataAuthoredQueryBenchmarks.DataAuthoredFacade: Jit -> 1 outlier  was  removed (82.60 ns)
  DataAuthoredQueryBenchmarks.FacadeSelectOnly: Jit   -> 1 outlier  was  removed (22.64 ns)
  DataAuthoredQueryBenchmarks.FacadeNoDispatch: Jit   -> 2 outliers were removed (36.59 ns, 39.63 ns)
  DataAuthoredQueryBenchmarks.DirectShape: Jit        -> 1 outlier  was  removed, 2 outliers were detected (18.43 ns, 19.85 ns)
  DataAuthoredQueryBenchmarks.DataAuthoredFacade: Jit -> 1 outlier  was  removed (84.27 ns)
  DataAuthoredQueryBenchmarks.FacadeSelectOnly: Jit   -> 1 outlier  was  removed (26.65 ns)
  DataAuthoredQueryBenchmarks.FacadeNoDispatch: Jit   -> 1 outlier  was  removed (42.38 ns)
  DataAuthoredQueryBenchmarks.DirectShape: Jit        -> 1 outlier  was  removed (371.45 ns)
  DataAuthoredQueryBenchmarks.GeneratedShape: Jit     -> 1 outlier  was  removed, 3 outliers were detected (34.10 us, 34.26 us, 36.49 us)
  DataAuthoredQueryBenchmarks.DataAuthoredFacade: Jit -> 1 outlier  was  removed (1.19 us)
  DataAuthoredQueryBenchmarks.FacadeSelectOnly: Jit   -> 1 outlier  was  removed (224.56 ns)
  DataAuthoredQueryBenchmarks.FacadeNoDispatch: Jit   -> 1 outlier  was  removed (499.32 ns)
  DataAuthoredQueryBenchmarks.DirectShape: Jit        -> 2 outliers were removed (352.54 ns, 362.55 ns)
  DataAuthoredQueryBenchmarks.GeneratedShape: Jit     -> 2 outliers were removed (37.18 us, 37.39 us)
  DataAuthoredQueryBenchmarks.FacadeSelectOnly: Jit   -> 2 outliers were removed (240.47 ns, 255.72 ns)
  DataAuthoredQueryBenchmarks.FacadeNoDispatch: Jit   -> 1 outlier  was  removed (516.12 ns)
  DataAuthoredQueryBenchmarks.DirectShape: Jit        -> 2 outliers were removed (1.76 ns, 1.77 ns)
  DataAuthoredQueryBenchmarks.DataAuthoredFacade: Jit -> 1 outlier  was  removed (16.90 ns)
  DataAuthoredQueryBenchmarks.FacadeSelectOnly: Jit   -> 1 outlier  was  removed (11.78 ns)
  DataAuthoredQueryBenchmarks.FacadeNoDispatch: Jit   -> 1 outlier  was  removed (12.68 ns)
  DataAuthoredQueryBenchmarks.DirectShape: Jit        -> 1 outlier  was  detected (1.91 ns)
  DataAuthoredQueryBenchmarks.FacadeSelectOnly: Jit   -> 1 outlier  was  removed (11.56 ns)

// * Legends *
  Shape       : Value of the 'Shape' parameter
  Pattern     : Value of the 'Pattern' parameter
  Mean        : Arithmetic mean of all measurements
  Error       : Half of 99.9% confidence interval
  StdDev      : Standard deviation of all measurements
  Median      : Value separating the higher half of all measurements (50th percentile)
  Ratio       : Mean of the ratio distribution ([Current]/[Baseline])
  RatioSD     : Standard deviation of the ratio distribution ([Current]/[Baseline])
  Allocated   : Allocated memory per single operation (managed only, inclusive, 1KB = 1024B)
  Alloc Ratio : Allocated memory ratio distribution ([Current]/[Baseline])
  1 ns        : 1 Nanosecond (0.000000001 sec)

// * Diagnostic Output - MemoryDiagnoser *


// ***** BenchmarkRunner: End *****
Run time: 00:04:52 (292.47 sec), executed benchmarks: 50

Global total time: 00:05:00 (300.58 sec), executed benchmarks: 50
// * Artifacts cleanup *
Artifacts cleanup is finished
