// Validating benchmarks:
// ***** BenchmarkRunner: Start   *****
// ***** Found 39 benchmark(s) in total *****
// ***** Building 1 exe(s) in Parallel: Start   *****
// start dotnet  restore --nodeReuse:false /p:UseSharedCompilation=false /p:Deterministic=true /p:Optimize=true /p:ArtifactsPath="/home/i/Work/tl-v1-coordination-16-signed-seek-integration/benchmarks/Alpha/bin/Release/net10.0/Alpha-Jit-1/" /p:OutDir="/home/i/Work/tl-v1-coordination-16-signed-seek-integration/benchmarks/Alpha/bin/Release/net10.0/Alpha-Jit-1/bin/Release/net10.0/" /p:OutputPath="/home/i/Work/tl-v1-coordination-16-signed-seek-integration/benchmarks/Alpha/bin/Release/net10.0/Alpha-Jit-1/bin/Release/net10.0/" /p:PublishDir="/home/i/Work/tl-v1-coordination-16-signed-seek-integration/benchmarks/Alpha/bin/Release/net10.0/Alpha-Jit-1/publish/" in /home/i/Work/tl-v1-coordination-16-signed-seek-integration/benchmarks/Alpha/bin/Release/net10.0/Alpha-Jit-1
// command took 0.66 sec and exited with 0
// start dotnet  build -c Release --no-restore --nodeReuse:false /p:UseSharedCompilation=false /p:Deterministic=true /p:Optimize=true /p:ArtifactsPath="/home/i/Work/tl-v1-coordination-16-signed-seek-integration/benchmarks/Alpha/bin/Release/net10.0/Alpha-Jit-1/" /p:OutDir="/home/i/Work/tl-v1-coordination-16-signed-seek-integration/benchmarks/Alpha/bin/Release/net10.0/Alpha-Jit-1/bin/Release/net10.0/" /p:OutputPath="/home/i/Work/tl-v1-coordination-16-signed-seek-integration/benchmarks/Alpha/bin/Release/net10.0/Alpha-Jit-1/bin/Release/net10.0/" /p:PublishDir="/home/i/Work/tl-v1-coordination-16-signed-seek-integration/benchmarks/Alpha/bin/Release/net10.0/Alpha-Jit-1/publish/" --output "/home/i/Work/tl-v1-coordination-16-signed-seek-integration/benchmarks/Alpha/bin/Release/net10.0/Alpha-Jit-1/bin/Release/net10.0/" in /home/i/Work/tl-v1-coordination-16-signed-seek-integration/benchmarks/Alpha/bin/Release/net10.0/Alpha-Jit-1
// command took 5.68 sec and exited with 0
// ***** Done, took 00:00:06 (6.37 sec)   *****
// Found 39 benchmarks:
//   SignedSeekBenchmarks.Direct: Jit(IterationCount=12, IterationTime=250ms, WarmupCount=16) [Case=LiteralPositiveOne]
//   SignedSeekBenchmarks.Typed: Jit(IterationCount=12, IterationTime=250ms, WarmupCount=16) [Case=LiteralPositiveOne]
//   SignedSeekBenchmarks.Dynamic: Jit(IterationCount=12, IterationTime=250ms, WarmupCount=16) [Case=LiteralPositiveOne]
//   SignedSeekBenchmarks.Direct: Jit(IterationCount=12, IterationTime=250ms, WarmupCount=16) [Case=LiteralNegativeOne]
//   SignedSeekBenchmarks.Typed: Jit(IterationCount=12, IterationTime=250ms, WarmupCount=16) [Case=LiteralNegativeOne]
//   SignedSeekBenchmarks.Dynamic: Jit(IterationCount=12, IterationTime=250ms, WarmupCount=16) [Case=LiteralNegativeOne]
//   SignedSeekBenchmarks.Direct: Jit(IterationCount=12, IterationTime=250ms, WarmupCount=16) [Case=RuntimePositiveOne]
//   SignedSeekBenchmarks.Typed: Jit(IterationCount=12, IterationTime=250ms, WarmupCount=16) [Case=RuntimePositiveOne]
//   SignedSeekBenchmarks.Dynamic: Jit(IterationCount=12, IterationTime=250ms, WarmupCount=16) [Case=RuntimePositiveOne]
//   SignedSeekBenchmarks.Direct: Jit(IterationCount=12, IterationTime=250ms, WarmupCount=16) [Case=RuntimeNegativeOne]
//   SignedSeekBenchmarks.Typed: Jit(IterationCount=12, IterationTime=250ms, WarmupCount=16) [Case=RuntimeNegativeOne]
//   SignedSeekBenchmarks.Dynamic: Jit(IterationCount=12, IterationTime=250ms, WarmupCount=16) [Case=RuntimeNegativeOne]
//   SignedSeekBenchmarks.Direct: Jit(IterationCount=12, IterationTime=250ms, WarmupCount=16) [Case=AlternatingOne]
//   SignedSeekBenchmarks.Typed: Jit(IterationCount=12, IterationTime=250ms, WarmupCount=16) [Case=AlternatingOne]
//   SignedSeekBenchmarks.Dynamic: Jit(IterationCount=12, IterationTime=250ms, WarmupCount=16) [Case=AlternatingOne]
//   SignedSeekBenchmarks.Direct: Jit(IterationCount=12, IterationTime=250ms, WarmupCount=16) [Case=LiteralPositiveFive]
//   SignedSeekBenchmarks.Typed: Jit(IterationCount=12, IterationTime=250ms, WarmupCount=16) [Case=LiteralPositiveFive]
//   SignedSeekBenchmarks.Dynamic: Jit(IterationCount=12, IterationTime=250ms, WarmupCount=16) [Case=LiteralPositiveFive]
//   SignedSeekBenchmarks.Direct: Jit(IterationCount=12, IterationTime=250ms, WarmupCount=16) [Case=LiteralNegativeFive]
//   SignedSeekBenchmarks.Typed: Jit(IterationCount=12, IterationTime=250ms, WarmupCount=16) [Case=LiteralNegativeFive]
//   SignedSeekBenchmarks.Dynamic: Jit(IterationCount=12, IterationTime=250ms, WarmupCount=16) [Case=LiteralNegativeFive]
//   SignedSeekBenchmarks.Direct: Jit(IterationCount=12, IterationTime=250ms, WarmupCount=16) [Case=RuntimePositiveFive]
//   SignedSeekBenchmarks.Typed: Jit(IterationCount=12, IterationTime=250ms, WarmupCount=16) [Case=RuntimePositiveFive]
//   SignedSeekBenchmarks.Dynamic: Jit(IterationCount=12, IterationTime=250ms, WarmupCount=16) [Case=RuntimePositiveFive]
//   SignedSeekBenchmarks.Direct: Jit(IterationCount=12, IterationTime=250ms, WarmupCount=16) [Case=RuntimeNegativeFive]
//   SignedSeekBenchmarks.Typed: Jit(IterationCount=12, IterationTime=250ms, WarmupCount=16) [Case=RuntimeNegativeFive]
//   SignedSeekBenchmarks.Dynamic: Jit(IterationCount=12, IterationTime=250ms, WarmupCount=16) [Case=RuntimeNegativeFive]
//   SignedSeekBenchmarks.Direct: Jit(IterationCount=12, IterationTime=250ms, WarmupCount=16) [Case=RepeatedPositiveOneFive]
//   SignedSeekBenchmarks.Typed: Jit(IterationCount=12, IterationTime=250ms, WarmupCount=16) [Case=RepeatedPositiveOneFive]
//   SignedSeekBenchmarks.Dynamic: Jit(IterationCount=12, IterationTime=250ms, WarmupCount=16) [Case=RepeatedPositiveOneFive]
//   SignedSeekBenchmarks.Direct: Jit(IterationCount=12, IterationTime=250ms, WarmupCount=16) [Case=RepeatedNegativeOneFive]
//   SignedSeekBenchmarks.Typed: Jit(IterationCount=12, IterationTime=250ms, WarmupCount=16) [Case=RepeatedNegativeOneFive]
//   SignedSeekBenchmarks.Dynamic: Jit(IterationCount=12, IterationTime=250ms, WarmupCount=16) [Case=RepeatedNegativeOneFive]
//   SignedSeekBenchmarks.Direct: Jit(IterationCount=12, IterationTime=250ms, WarmupCount=16) [Case=LiteralPositiveSixtyFour]
//   SignedSeekBenchmarks.Typed: Jit(IterationCount=12, IterationTime=250ms, WarmupCount=16) [Case=LiteralPositiveSixtyFour]
//   SignedSeekBenchmarks.Dynamic: Jit(IterationCount=12, IterationTime=250ms, WarmupCount=16) [Case=LiteralPositiveSixtyFour]
//   SignedSeekBenchmarks.Direct: Jit(IterationCount=12, IterationTime=250ms, WarmupCount=16) [Case=RuntimePositiveSixtyFour]
//   SignedSeekBenchmarks.Typed: Jit(IterationCount=12, IterationTime=250ms, WarmupCount=16) [Case=RuntimePositiveSixtyFour]
//   SignedSeekBenchmarks.Dynamic: Jit(IterationCount=12, IterationTime=250ms, WarmupCount=16) [Case=RuntimePositiveSixtyFour]

// **************************
// Benchmark: SignedSeekBenchmarks.Direct: Jit(IterationCount=12, IterationTime=250ms, WarmupCount=16) [Case=LiteralPositiveOne]
// *** Execute ***
// Launch: 1 / 1
// Execute: dotnet Alpha-Jit-1.dll --anonymousPipes 161 162 --benchmarkName "SignedSeekBenchmarks.Direct(Case: LiteralPositiveOne)" --job Jit --benchmarkId 0 in /home/i/Work/tl-v1-coordination-16-signed-seek-integration/benchmarks/Alpha/bin/Release/net10.0/Alpha-Jit-1/bin/Release/net10.0
// Failed to set up high priority (Permission denied). In order to run benchmarks with high priority, make sure you have the right permissions.
// BeforeAnythingElse

// Benchmark Process Environment Information:
// BenchmarkDotNet v0.15.8
// Runtime=.NET 10.0.12 (10.0.12, 10.0.1226.42308), X64 RyuJIT x86-64-v3
// GC=Concurrent Workstation
// HardwareIntrinsics=AVX2+BMI1+BMI2+F16C+FMA+LZCNT+MOVBE,AVX,SSE3+SSSE3+SSE4.1+SSE4.2+POPCNT,X86Base+SSE+SSE2,AES+PCLMUL,AvxVnni,SERIALIZE VectorSize=256
// Job: Jit(IterationCount=12, IterationTime=250ms, WarmupCount=16)

OverheadJitting  1: 4096 op, 99548.00 ns, 24.3037 ns/op
WorkloadJitting  1: 4096 op, 254602.00 ns, 62.1587 ns/op

OverheadJitting  2: 65536 op, 117621.00 ns, 1.7948 ns/op
WorkloadJitting  2: 65536 op, 1530997.00 ns, 23.3612 ns/op

WorkloadPilot    1: 65536 op, 760265.00 ns, 11.6007 ns/op
WorkloadPilot    2: 21561344 op, 182136767.00 ns, 8.4474 ns/op
WorkloadPilot    3: 29622272 op, 247737641.00 ns, 8.3632 ns/op
WorkloadPilot    4: 29949952 op, 250312418.00 ns, 8.3577 ns/op

OverheadWarmup   1: 29949952 op, 10960.00 ns, 0.0004 ns/op
OverheadWarmup   2: 29949952 op, 10822.00 ns, 0.0004 ns/op
OverheadWarmup   3: 29949952 op, 10800.00 ns, 0.0004 ns/op
OverheadWarmup   4: 29949952 op, 10745.00 ns, 0.0004 ns/op
OverheadWarmup   5: 29949952 op, 10803.00 ns, 0.0004 ns/op
OverheadWarmup   6: 29949952 op, 10744.00 ns, 0.0004 ns/op
OverheadWarmup   7: 29949952 op, 10810.00 ns, 0.0004 ns/op
OverheadWarmup   8: 29949952 op, 10814.00 ns, 0.0004 ns/op
OverheadWarmup   9: 29949952 op, 10771.00 ns, 0.0004 ns/op

OverheadActual   1: 29949952 op, 10894.00 ns, 0.0004 ns/op
OverheadActual   2: 29949952 op, 10909.00 ns, 0.0004 ns/op
OverheadActual   3: 29949952 op, 12102.00 ns, 0.0004 ns/op
OverheadActual   4: 29949952 op, 10862.00 ns, 0.0004 ns/op
OverheadActual   5: 29949952 op, 10935.00 ns, 0.0004 ns/op
OverheadActual   6: 29949952 op, 10768.00 ns, 0.0004 ns/op
OverheadActual   7: 29949952 op, 10762.00 ns, 0.0004 ns/op
OverheadActual   8: 29949952 op, 10779.00 ns, 0.0004 ns/op
OverheadActual   9: 29949952 op, 10781.00 ns, 0.0004 ns/op
OverheadActual  10: 29949952 op, 10756.00 ns, 0.0004 ns/op
OverheadActual  11: 29949952 op, 10777.00 ns, 0.0004 ns/op
OverheadActual  12: 29949952 op, 10792.00 ns, 0.0004 ns/op
OverheadActual  13: 29949952 op, 10784.00 ns, 0.0004 ns/op
OverheadActual  14: 29949952 op, 10750.00 ns, 0.0004 ns/op
OverheadActual  15: 29949952 op, 10778.00 ns, 0.0004 ns/op

WorkloadWarmup   1: 29949952 op, 249867202.00 ns, 8.3428 ns/op
WorkloadWarmup   2: 29949952 op, 251097470.00 ns, 8.3839 ns/op
WorkloadWarmup   3: 29949952 op, 250829556.00 ns, 8.3750 ns/op
WorkloadWarmup   4: 29949952 op, 250199812.00 ns, 8.3539 ns/op
WorkloadWarmup   5: 29949952 op, 264788911.00 ns, 8.8410 ns/op
WorkloadWarmup   6: 29949952 op, 106065774.00 ns, 3.5414 ns/op
WorkloadWarmup   7: 29949952 op, 86338990.00 ns, 2.8828 ns/op
WorkloadWarmup   8: 29949952 op, 73760636.00 ns, 2.4628 ns/op
WorkloadWarmup   9: 29949952 op, 71051935.00 ns, 2.3724 ns/op
WorkloadWarmup  10: 29949952 op, 69440212.00 ns, 2.3185 ns/op
WorkloadWarmup  11: 29949952 op, 68105058.00 ns, 2.2740 ns/op
WorkloadWarmup  12: 29949952 op, 85186436.00 ns, 2.8443 ns/op
WorkloadWarmup  13: 29949952 op, 71830968.00 ns, 2.3984 ns/op
WorkloadWarmup  14: 29949952 op, 68319623.00 ns, 2.2811 ns/op
WorkloadWarmup  15: 29949952 op, 67373945.00 ns, 2.2496 ns/op
WorkloadWarmup  16: 29949952 op, 92801304.00 ns, 3.0985 ns/op

// BeforeActualRun
WorkloadActual   1: 29949952 op, 68307197.00 ns, 2.2807 ns/op
WorkloadActual   2: 29949952 op, 67431474.00 ns, 2.2515 ns/op
WorkloadActual   3: 29949952 op, 65752302.00 ns, 2.1954 ns/op
WorkloadActual   4: 29949952 op, 68783376.00 ns, 2.2966 ns/op
WorkloadActual   5: 29949952 op, 67326401.00 ns, 2.2480 ns/op
WorkloadActual   6: 29949952 op, 67672891.00 ns, 2.2595 ns/op
WorkloadActual   7: 29949952 op, 65995664.00 ns, 2.2035 ns/op
WorkloadActual   8: 29949952 op, 65801342.00 ns, 2.1970 ns/op
WorkloadActual   9: 29949952 op, 67777999.00 ns, 2.2630 ns/op
WorkloadActual  10: 29949952 op, 66522061.00 ns, 2.2211 ns/op
WorkloadActual  11: 29949952 op, 67280808.00 ns, 2.2464 ns/op
WorkloadActual  12: 29949952 op, 66974322.00 ns, 2.2362 ns/op

// AfterActualRun
WorkloadResult   1: 29949952 op, 68296416.00 ns, 2.2804 ns/op
WorkloadResult   2: 29949952 op, 67420693.00 ns, 2.2511 ns/op
WorkloadResult   3: 29949952 op, 65741521.00 ns, 2.1950 ns/op
WorkloadResult   4: 29949952 op, 68772595.00 ns, 2.2963 ns/op
WorkloadResult   5: 29949952 op, 67315620.00 ns, 2.2476 ns/op
WorkloadResult   6: 29949952 op, 67662110.00 ns, 2.2592 ns/op
WorkloadResult   7: 29949952 op, 65984883.00 ns, 2.2032 ns/op
WorkloadResult   8: 29949952 op, 65790561.00 ns, 2.1967 ns/op
WorkloadResult   9: 29949952 op, 67767218.00 ns, 2.2627 ns/op
WorkloadResult  10: 29949952 op, 66511280.00 ns, 2.2207 ns/op
WorkloadResult  11: 29949952 op, 67270027.00 ns, 2.2461 ns/op
WorkloadResult  12: 29949952 op, 66963541.00 ns, 2.2358 ns/op
// GC:  0 0 0 0 29949952
// Threading:  0 0 29949952

// AfterAll
// Benchmark Process 510711 has exited with code 0.

Mean = 2.241 ns, StdErr = 0.009 ns (0.42%), N = 12, StdDev = 0.032 ns
Min = 2.195 ns, Q1 = 2.216 ns, Median = 2.247 ns, Q3 = 2.260 ns, Max = 2.296 ns
IQR = 0.044 ns, LowerFence = 2.151 ns, UpperFence = 2.326 ns
ConfidenceInterval = [2.200 ns; 2.283 ns] (CI 99.9%), Margin = 0.041 ns (1.85% of Mean)
Skewness = -0.02, Kurtosis = 1.72, MValue = 2

// ** Remained 38 (97.4 %) benchmark(s) to run. Estimated finish 2026-09-10 17:56 (0h 2m from now) **
// **************************
// Benchmark: SignedSeekBenchmarks.Typed: Jit(IterationCount=12, IterationTime=250ms, WarmupCount=16) [Case=LiteralPositiveOne]
// *** Execute ***
// Launch: 1 / 1
// Execute: dotnet Alpha-Jit-1.dll --anonymousPipes 161 162 --benchmarkName "SignedSeekBenchmarks.Typed(Case: LiteralPositiveOne)" --job Jit --benchmarkId 1 in /home/i/Work/tl-v1-coordination-16-signed-seek-integration/benchmarks/Alpha/bin/Release/net10.0/Alpha-Jit-1/bin/Release/net10.0
// Failed to set up high priority (Permission denied). In order to run benchmarks with high priority, make sure you have the right permissions.
// BeforeAnythingElse

// Benchmark Process Environment Information:
// BenchmarkDotNet v0.15.8
// Runtime=.NET 10.0.12 (10.0.12, 10.0.1226.42308), X64 RyuJIT x86-64-v3
// GC=Concurrent Workstation
// HardwareIntrinsics=AVX2+BMI1+BMI2+F16C+FMA+LZCNT+MOVBE,AVX,SSE3+SSSE3+SSE4.1+SSE4.2+POPCNT,X86Base+SSE+SSE2,AES+PCLMUL,AvxVnni,SERIALIZE VectorSize=256
// Job: Jit(IterationCount=12, IterationTime=250ms, WarmupCount=16)

OverheadJitting  1: 4096 op, 118786.00 ns, 29.0005 ns/op
WorkloadJitting  1: 4096 op, 288893.00 ns, 70.5305 ns/op

OverheadJitting  2: 65536 op, 125202.00 ns, 1.9104 ns/op
WorkloadJitting  2: 65536 op, 1566899.00 ns, 23.9090 ns/op

WorkloadPilot    1: 65536 op, 626956.00 ns, 9.5666 ns/op
WorkloadPilot    2: 26148864 op, 229900743.00 ns, 8.7920 ns/op
WorkloadPilot    3: 28442624 op, 249483186.00 ns, 8.7715 ns/op
WorkloadPilot    4: 28508160 op, 250031319.00 ns, 8.7705 ns/op

OverheadWarmup   1: 28508160 op, 10670.00 ns, 0.0004 ns/op
OverheadWarmup   2: 28508160 op, 10275.00 ns, 0.0004 ns/op
OverheadWarmup   3: 28508160 op, 10272.00 ns, 0.0004 ns/op
OverheadWarmup   4: 28508160 op, 10211.00 ns, 0.0004 ns/op
OverheadWarmup   5: 28508160 op, 10278.00 ns, 0.0004 ns/op
OverheadWarmup   6: 28508160 op, 10211.00 ns, 0.0004 ns/op
OverheadWarmup   7: 28508160 op, 10253.00 ns, 0.0004 ns/op
OverheadWarmup   8: 28508160 op, 10241.00 ns, 0.0004 ns/op

OverheadActual   1: 28508160 op, 14413.00 ns, 0.0005 ns/op
OverheadActual   2: 28508160 op, 10369.00 ns, 0.0004 ns/op
OverheadActual   3: 28508160 op, 10400.00 ns, 0.0004 ns/op
OverheadActual   4: 28508160 op, 10279.00 ns, 0.0004 ns/op
OverheadActual   5: 28508160 op, 10391.00 ns, 0.0004 ns/op
OverheadActual   6: 28508160 op, 10244.00 ns, 0.0004 ns/op
OverheadActual   7: 28508160 op, 10228.00 ns, 0.0004 ns/op
OverheadActual   8: 28508160 op, 10260.00 ns, 0.0004 ns/op
OverheadActual   9: 28508160 op, 10203.00 ns, 0.0004 ns/op
OverheadActual  10: 28508160 op, 10203.00 ns, 0.0004 ns/op
OverheadActual  11: 28508160 op, 10261.00 ns, 0.0004 ns/op
OverheadActual  12: 28508160 op, 10259.00 ns, 0.0004 ns/op
OverheadActual  13: 28508160 op, 10229.00 ns, 0.0004 ns/op
OverheadActual  14: 28508160 op, 10222.00 ns, 0.0004 ns/op
OverheadActual  15: 28508160 op, 10241.00 ns, 0.0004 ns/op

WorkloadWarmup   1: 28508160 op, 249515452.00 ns, 8.7524 ns/op
WorkloadWarmup   2: 28508160 op, 255515476.00 ns, 8.9629 ns/op
WorkloadWarmup   3: 28508160 op, 263965635.00 ns, 9.2593 ns/op
WorkloadWarmup   4: 28508160 op, 249756398.00 ns, 8.7609 ns/op
WorkloadWarmup   5: 28508160 op, 234545238.00 ns, 8.2273 ns/op
WorkloadWarmup   6: 28508160 op, 66230653.00 ns, 2.3232 ns/op
WorkloadWarmup   7: 28508160 op, 50479020.00 ns, 1.7707 ns/op
WorkloadWarmup   8: 28508160 op, 49501028.00 ns, 1.7364 ns/op
WorkloadWarmup   9: 28508160 op, 51435112.00 ns, 1.8042 ns/op
WorkloadWarmup  10: 28508160 op, 51057984.00 ns, 1.7910 ns/op
WorkloadWarmup  11: 28508160 op, 49422876.00 ns, 1.7336 ns/op
WorkloadWarmup  12: 28508160 op, 49377418.00 ns, 1.7320 ns/op
WorkloadWarmup  13: 28508160 op, 52307043.00 ns, 1.8348 ns/op
WorkloadWarmup  14: 28508160 op, 49401462.00 ns, 1.7329 ns/op
WorkloadWarmup  15: 28508160 op, 49386926.00 ns, 1.7324 ns/op
WorkloadWarmup  16: 28508160 op, 49666492.00 ns, 1.7422 ns/op

// BeforeActualRun
WorkloadActual   1: 28508160 op, 49713270.00 ns, 1.7438 ns/op
WorkloadActual   2: 28508160 op, 49416598.00 ns, 1.7334 ns/op
WorkloadActual   3: 28508160 op, 48959920.00 ns, 1.7174 ns/op
WorkloadActual   4: 28508160 op, 49913355.00 ns, 1.7508 ns/op
WorkloadActual   5: 28508160 op, 49329880.00 ns, 1.7304 ns/op
WorkloadActual   6: 28508160 op, 48686243.00 ns, 1.7078 ns/op
WorkloadActual   7: 28508160 op, 49494642.00 ns, 1.7362 ns/op
WorkloadActual   8: 28508160 op, 49243773.00 ns, 1.7274 ns/op
WorkloadActual   9: 28508160 op, 49093818.00 ns, 1.7221 ns/op
WorkloadActual  10: 28508160 op, 49567874.00 ns, 1.7387 ns/op
WorkloadActual  11: 28508160 op, 49217375.00 ns, 1.7264 ns/op
WorkloadActual  12: 28508160 op, 49536651.00 ns, 1.7376 ns/op

// AfterActualRun
WorkloadResult   1: 28508160 op, 49703011.00 ns, 1.7435 ns/op
WorkloadResult   2: 28508160 op, 49406339.00 ns, 1.7331 ns/op
WorkloadResult   3: 28508160 op, 48949661.00 ns, 1.7170 ns/op
WorkloadResult   4: 28508160 op, 49903096.00 ns, 1.7505 ns/op
WorkloadResult   5: 28508160 op, 49319621.00 ns, 1.7300 ns/op
WorkloadResult   6: 28508160 op, 48675984.00 ns, 1.7074 ns/op
WorkloadResult   7: 28508160 op, 49484383.00 ns, 1.7358 ns/op
WorkloadResult   8: 28508160 op, 49233514.00 ns, 1.7270 ns/op
WorkloadResult   9: 28508160 op, 49083559.00 ns, 1.7217 ns/op
WorkloadResult  10: 28508160 op, 49557615.00 ns, 1.7384 ns/op
WorkloadResult  11: 28508160 op, 49207116.00 ns, 1.7261 ns/op
WorkloadResult  12: 28508160 op, 49526392.00 ns, 1.7373 ns/op
// GC:  0 0 0 0 28508160
// Threading:  0 0 28508160

// AfterAll
// Benchmark Process 510751 has exited with code 0.

Mean = 1.731 ns, StdErr = 0.003 ns (0.20%), N = 12, StdDev = 0.012 ns
Min = 1.707 ns, Q1 = 1.725 ns, Median = 1.732 ns, Q3 = 1.738 ns, Max = 1.750 ns
IQR = 0.013 ns, LowerFence = 1.706 ns, UpperFence = 1.756 ns
ConfidenceInterval = [1.716 ns; 1.746 ns] (CI 99.9%), Margin = 0.015 ns (0.87% of Mean)
Skewness = -0.26, Kurtosis = 2.23, MValue = 2

// ** Remained 37 (94.9 %) benchmark(s) to run. Estimated finish 2026-09-10 17:56 (0h 2m from now) **
// **************************
// Benchmark: SignedSeekBenchmarks.Dynamic: Jit(IterationCount=12, IterationTime=250ms, WarmupCount=16) [Case=LiteralPositiveOne]
// *** Execute ***
// Launch: 1 / 1
// Execute: dotnet Alpha-Jit-1.dll --anonymousPipes 161 162 --benchmarkName "SignedSeekBenchmarks.Dynamic(Case: LiteralPositiveOne)" --job Jit --benchmarkId 2 in /home/i/Work/tl-v1-coordination-16-signed-seek-integration/benchmarks/Alpha/bin/Release/net10.0/Alpha-Jit-1/bin/Release/net10.0
// Failed to set up high priority (Permission denied). In order to run benchmarks with high priority, make sure you have the right permissions.
// BeforeAnythingElse

// Benchmark Process Environment Information:
// BenchmarkDotNet v0.15.8
// Runtime=.NET 10.0.12 (10.0.12, 10.0.1226.42308), X64 RyuJIT x86-64-v3
// GC=Concurrent Workstation
// HardwareIntrinsics=AVX2+BMI1+BMI2+F16C+FMA+LZCNT+MOVBE,AVX,SSE3+SSSE3+SSE4.1+SSE4.2+POPCNT,X86Base+SSE+SSE2,AES+PCLMUL,AvxVnni,SERIALIZE VectorSize=256
// Job: Jit(IterationCount=12, IterationTime=250ms, WarmupCount=16)

OverheadJitting  1: 4096 op, 104102.00 ns, 25.4155 ns/op
WorkloadJitting  1: 4096 op, 352697.00 ns, 86.1077 ns/op

OverheadJitting  2: 65536 op, 120341.00 ns, 1.8363 ns/op
WorkloadJitting  2: 65536 op, 3640464.00 ns, 55.5491 ns/op

WorkloadPilot    1: 65536 op, 3141043.00 ns, 47.9285 ns/op
WorkloadPilot    2: 5242880 op, 247846944.00 ns, 47.2731 ns/op
WorkloadPilot    3: 5308416 op, 250506484.00 ns, 47.1904 ns/op

OverheadWarmup   1: 5308416 op, 2275.00 ns, 0.0004 ns/op
OverheadWarmup   2: 5308416 op, 2006.00 ns, 0.0004 ns/op
OverheadWarmup   3: 5308416 op, 1971.00 ns, 0.0004 ns/op
OverheadWarmup   4: 5308416 op, 1976.00 ns, 0.0004 ns/op
OverheadWarmup   5: 5308416 op, 1991.00 ns, 0.0004 ns/op
OverheadWarmup   6: 5308416 op, 1982.00 ns, 0.0004 ns/op
OverheadWarmup   7: 5308416 op, 1986.00 ns, 0.0004 ns/op
OverheadWarmup   8: 5308416 op, 1982.00 ns, 0.0004 ns/op

OverheadActual   1: 5308416 op, 2135.00 ns, 0.0004 ns/op
OverheadActual   2: 5308416 op, 2149.00 ns, 0.0004 ns/op
OverheadActual   3: 5308416 op, 2137.00 ns, 0.0004 ns/op
OverheadActual   4: 5308416 op, 2045.00 ns, 0.0004 ns/op
OverheadActual   5: 5308416 op, 2156.00 ns, 0.0004 ns/op
OverheadActual   6: 5308416 op, 2003.00 ns, 0.0004 ns/op
OverheadActual   7: 5308416 op, 1970.00 ns, 0.0004 ns/op
OverheadActual   8: 5308416 op, 1957.00 ns, 0.0004 ns/op
OverheadActual   9: 5308416 op, 1956.00 ns, 0.0004 ns/op
OverheadActual  10: 5308416 op, 1976.00 ns, 0.0004 ns/op
OverheadActual  11: 5308416 op, 1991.00 ns, 0.0004 ns/op
OverheadActual  12: 5308416 op, 1986.00 ns, 0.0004 ns/op
OverheadActual  13: 5308416 op, 1996.00 ns, 0.0004 ns/op
OverheadActual  14: 5308416 op, 1972.00 ns, 0.0004 ns/op
OverheadActual  15: 5308416 op, 1992.00 ns, 0.0004 ns/op

WorkloadWarmup   1: 5308416 op, 250492333.00 ns, 47.1878 ns/op
WorkloadWarmup   2: 5308416 op, 250898464.00 ns, 47.2643 ns/op
WorkloadWarmup   3: 5308416 op, 251777842.00 ns, 47.4299 ns/op
WorkloadWarmup   4: 5308416 op, 250963239.00 ns, 47.2765 ns/op
WorkloadWarmup   5: 5308416 op, 250575671.00 ns, 47.2035 ns/op
WorkloadWarmup   6: 5308416 op, 215649789.00 ns, 40.6241 ns/op
WorkloadWarmup   7: 5308416 op, 60462311.00 ns, 11.3899 ns/op
WorkloadWarmup   8: 5308416 op, 47393664.00 ns, 8.9280 ns/op
WorkloadWarmup   9: 5308416 op, 37267730.00 ns, 7.0205 ns/op
WorkloadWarmup  10: 5308416 op, 38872694.00 ns, 7.3228 ns/op
WorkloadWarmup  11: 5308416 op, 38593398.00 ns, 7.2702 ns/op
WorkloadWarmup  12: 5308416 op, 37150694.00 ns, 6.9985 ns/op
WorkloadWarmup  13: 5308416 op, 36868062.00 ns, 6.9452 ns/op
WorkloadWarmup  14: 5308416 op, 40694732.00 ns, 7.6661 ns/op
WorkloadWarmup  15: 5308416 op, 36828127.00 ns, 6.9377 ns/op
WorkloadWarmup  16: 5308416 op, 37077988.00 ns, 6.9848 ns/op

// BeforeActualRun
WorkloadActual   1: 5308416 op, 36918603.00 ns, 6.9547 ns/op
WorkloadActual   2: 5308416 op, 36906086.00 ns, 6.9524 ns/op
WorkloadActual   3: 5308416 op, 36856752.00 ns, 6.9431 ns/op
WorkloadActual   4: 5308416 op, 36846331.00 ns, 6.9411 ns/op
WorkloadActual   5: 5308416 op, 36886639.00 ns, 6.9487 ns/op
WorkloadActual   6: 5308416 op, 37111528.00 ns, 6.9911 ns/op
WorkloadActual   7: 5308416 op, 36872196.00 ns, 6.9460 ns/op
WorkloadActual   8: 5308416 op, 37164255.00 ns, 7.0010 ns/op
WorkloadActual   9: 5308416 op, 36936206.00 ns, 6.9580 ns/op
WorkloadActual  10: 5308416 op, 36588636.00 ns, 6.8926 ns/op
WorkloadActual  11: 5308416 op, 37670596.00 ns, 7.0964 ns/op
WorkloadActual  12: 5308416 op, 36901755.00 ns, 6.9516 ns/op

// AfterActualRun
WorkloadResult   1: 5308416 op, 36916611.00 ns, 6.9544 ns/op
WorkloadResult   2: 5308416 op, 36904094.00 ns, 6.9520 ns/op
WorkloadResult   3: 5308416 op, 36854760.00 ns, 6.9427 ns/op
WorkloadResult   4: 5308416 op, 36844339.00 ns, 6.9407 ns/op
WorkloadResult   5: 5308416 op, 36884647.00 ns, 6.9483 ns/op
WorkloadResult   6: 5308416 op, 37109536.00 ns, 6.9907 ns/op
WorkloadResult   7: 5308416 op, 36870204.00 ns, 6.9456 ns/op
WorkloadResult   8: 5308416 op, 36934214.00 ns, 6.9577 ns/op
WorkloadResult   9: 5308416 op, 36586644.00 ns, 6.8922 ns/op
WorkloadResult  10: 5308416 op, 36899763.00 ns, 6.9512 ns/op
// GC:  0 0 0 0 5308416
// Threading:  0 0 5308416

// AfterAll
// Benchmark Process 510784 has exited with code 0.

Mean = 6.948 ns, StdErr = 0.008 ns (0.11%), N = 10, StdDev = 0.024 ns
Min = 6.892 ns, Q1 = 6.943 ns, Median = 6.950 ns, Q3 = 6.954 ns, Max = 6.991 ns
IQR = 0.010 ns, LowerFence = 6.928 ns, UpperFence = 6.969 ns
ConfidenceInterval = [6.911 ns; 6.984 ns] (CI 99.9%), Margin = 0.036 ns (0.52% of Mean)
Skewness = -0.64, Kurtosis = 3.88, MValue = 2

// ** Remained 36 (92.3 %) benchmark(s) to run. Estimated finish 2026-09-10 17:56 (0h 2m from now) **
// **************************
// Benchmark: SignedSeekBenchmarks.Direct: Jit(IterationCount=12, IterationTime=250ms, WarmupCount=16) [Case=LiteralNegativeOne]
// *** Execute ***
// Launch: 1 / 1
// Execute: dotnet Alpha-Jit-1.dll --anonymousPipes 161 162 --benchmarkName "SignedSeekBenchmarks.Direct(Case: LiteralNegativeOne)" --job Jit --benchmarkId 3 in /home/i/Work/tl-v1-coordination-16-signed-seek-integration/benchmarks/Alpha/bin/Release/net10.0/Alpha-Jit-1/bin/Release/net10.0
// Failed to set up high priority (Permission denied). In order to run benchmarks with high priority, make sure you have the right permissions.
// BeforeAnythingElse

// Benchmark Process Environment Information:
// BenchmarkDotNet v0.15.8
// Runtime=.NET 10.0.12 (10.0.12, 10.0.1226.42308), X64 RyuJIT x86-64-v3
// GC=Concurrent Workstation
// HardwareIntrinsics=AVX2+BMI1+BMI2+F16C+FMA+LZCNT+MOVBE,AVX,SSE3+SSSE3+SSE4.1+SSE4.2+POPCNT,X86Base+SSE+SSE2,AES+PCLMUL,AvxVnni,SERIALIZE VectorSize=256
// Job: Jit(IterationCount=12, IterationTime=250ms, WarmupCount=16)

OverheadJitting  1: 4096 op, 98722.00 ns, 24.1021 ns/op
WorkloadJitting  1: 4096 op, 230054.00 ns, 56.1655 ns/op

OverheadJitting  2: 65536 op, 117980.00 ns, 1.8002 ns/op
WorkloadJitting  2: 65536 op, 1326559.00 ns, 20.2417 ns/op

WorkloadPilot    1: 65536 op, 592070.00 ns, 9.0343 ns/op
WorkloadPilot    2: 27721728 op, 211119339.00 ns, 7.6157 ns/op
WorkloadPilot    3: 32833536 op, 248694562.00 ns, 7.5744 ns/op
WorkloadPilot    4: 33030144 op, 249298821.00 ns, 7.5476 ns/op
WorkloadPilot    5: 33161216 op, 259845628.00 ns, 7.8358 ns/op
WorkloadPilot    6: 31916032 op, 269789117.00 ns, 8.4531 ns/op
WorkloadPilot    7: 29622272 op, 224172933.00 ns, 7.5677 ns/op
WorkloadPilot    8: 33095680 op, 250185703.00 ns, 7.5595 ns/op

OverheadWarmup   1: 33095680 op, 12138.00 ns, 0.0004 ns/op
OverheadWarmup   2: 33095680 op, 11906.00 ns, 0.0004 ns/op
OverheadWarmup   3: 33095680 op, 11880.00 ns, 0.0004 ns/op
OverheadWarmup   4: 33095680 op, 11859.00 ns, 0.0004 ns/op
OverheadWarmup   5: 33095680 op, 11890.00 ns, 0.0004 ns/op
OverheadWarmup   6: 33095680 op, 11855.00 ns, 0.0004 ns/op
OverheadWarmup   7: 33095680 op, 11869.00 ns, 0.0004 ns/op
OverheadWarmup   8: 33095680 op, 11853.00 ns, 0.0004 ns/op

OverheadActual   1: 33095680 op, 11980.00 ns, 0.0004 ns/op
OverheadActual   2: 33095680 op, 12017.00 ns, 0.0004 ns/op
OverheadActual   3: 33095680 op, 12047.00 ns, 0.0004 ns/op
OverheadActual   4: 33095680 op, 11924.00 ns, 0.0004 ns/op
OverheadActual   5: 33095680 op, 12035.00 ns, 0.0004 ns/op
OverheadActual   6: 33095680 op, 11858.00 ns, 0.0004 ns/op
OverheadActual   7: 33095680 op, 11850.00 ns, 0.0004 ns/op
OverheadActual   8: 33095680 op, 11849.00 ns, 0.0004 ns/op
OverheadActual   9: 33095680 op, 11879.00 ns, 0.0004 ns/op
OverheadActual  10: 33095680 op, 11871.00 ns, 0.0004 ns/op
OverheadActual  11: 33095680 op, 11896.00 ns, 0.0004 ns/op
OverheadActual  12: 33095680 op, 11855.00 ns, 0.0004 ns/op
OverheadActual  13: 33095680 op, 11839.00 ns, 0.0004 ns/op
OverheadActual  14: 33095680 op, 11868.00 ns, 0.0004 ns/op
OverheadActual  15: 33095680 op, 11855.00 ns, 0.0004 ns/op

WorkloadWarmup   1: 33095680 op, 249942726.00 ns, 7.5521 ns/op
WorkloadWarmup   2: 33095680 op, 251948740.00 ns, 7.6127 ns/op
WorkloadWarmup   3: 33095680 op, 249839229.00 ns, 7.5490 ns/op
WorkloadWarmup   4: 33095680 op, 249743325.00 ns, 7.5461 ns/op
WorkloadWarmup   5: 33095680 op, 237722348.00 ns, 7.1829 ns/op
WorkloadWarmup   6: 33095680 op, 75315792.00 ns, 2.2757 ns/op
WorkloadWarmup   7: 33095680 op, 78370464.00 ns, 2.3680 ns/op
WorkloadWarmup   8: 33095680 op, 75422157.00 ns, 2.2789 ns/op
WorkloadWarmup   9: 33095680 op, 76859616.00 ns, 2.3223 ns/op
WorkloadWarmup  10: 33095680 op, 78664322.00 ns, 2.3769 ns/op
WorkloadWarmup  11: 33095680 op, 75437429.00 ns, 2.2794 ns/op
WorkloadWarmup  12: 33095680 op, 74480808.00 ns, 2.2505 ns/op
WorkloadWarmup  13: 33095680 op, 75284214.00 ns, 2.2747 ns/op
WorkloadWarmup  14: 33095680 op, 75018307.00 ns, 2.2667 ns/op
WorkloadWarmup  15: 33095680 op, 75100719.00 ns, 2.2692 ns/op
WorkloadWarmup  16: 33095680 op, 75034754.00 ns, 2.2672 ns/op

// BeforeActualRun
WorkloadActual   1: 33095680 op, 75225762.00 ns, 2.2730 ns/op
WorkloadActual   2: 33095680 op, 75045723.00 ns, 2.2675 ns/op
WorkloadActual   3: 33095680 op, 75057260.00 ns, 2.2679 ns/op
WorkloadActual   4: 33095680 op, 75003655.00 ns, 2.2663 ns/op
WorkloadActual   5: 33095680 op, 74987003.00 ns, 2.2658 ns/op
WorkloadActual   6: 33095680 op, 75163660.00 ns, 2.2711 ns/op
WorkloadActual   7: 33095680 op, 75230635.00 ns, 2.2731 ns/op
WorkloadActual   8: 33095680 op, 75316171.00 ns, 2.2757 ns/op
WorkloadActual   9: 33095680 op, 74629514.00 ns, 2.2550 ns/op
WorkloadActual  10: 33095680 op, 75279454.00 ns, 2.2746 ns/op
WorkloadActual  11: 33095680 op, 75123812.00 ns, 2.2699 ns/op
WorkloadActual  12: 33095680 op, 75079560.00 ns, 2.2686 ns/op

// AfterActualRun
WorkloadResult   1: 33095680 op, 75213891.00 ns, 2.2726 ns/op
WorkloadResult   2: 33095680 op, 75033852.00 ns, 2.2672 ns/op
WorkloadResult   3: 33095680 op, 75045389.00 ns, 2.2675 ns/op
WorkloadResult   4: 33095680 op, 74991784.00 ns, 2.2659 ns/op
WorkloadResult   5: 33095680 op, 74975132.00 ns, 2.2654 ns/op
WorkloadResult   6: 33095680 op, 75151789.00 ns, 2.2707 ns/op
WorkloadResult   7: 33095680 op, 75218764.00 ns, 2.2728 ns/op
WorkloadResult   8: 33095680 op, 75304300.00 ns, 2.2754 ns/op
WorkloadResult   9: 33095680 op, 74617643.00 ns, 2.2546 ns/op
WorkloadResult  10: 33095680 op, 75267583.00 ns, 2.2742 ns/op
WorkloadResult  11: 33095680 op, 75111941.00 ns, 2.2695 ns/op
WorkloadResult  12: 33095680 op, 75067689.00 ns, 2.2682 ns/op
// GC:  0 0 0 0 33095680
// Threading:  0 0 33095680

// AfterAll
// Benchmark Process 510826 has exited with code 0.

Mean = 2.269 ns, StdErr = 0.002 ns (0.07%), N = 12, StdDev = 0.006 ns
Min = 2.255 ns, Q1 = 2.267 ns, Median = 2.269 ns, Q3 = 2.273 ns, Max = 2.275 ns
IQR = 0.006 ns, LowerFence = 2.258 ns, UpperFence = 2.281 ns
ConfidenceInterval = [2.262 ns; 2.276 ns] (CI 99.9%), Margin = 0.007 ns (0.31% of Mean)
Skewness = -1.12, Kurtosis = 3.9, MValue = 2

// ** Remained 35 (89.7 %) benchmark(s) to run. Estimated finish 2026-09-10 17:56 (0h 2m from now) **
// **************************
// Benchmark: SignedSeekBenchmarks.Typed: Jit(IterationCount=12, IterationTime=250ms, WarmupCount=16) [Case=LiteralNegativeOne]
// *** Execute ***
// Launch: 1 / 1
// Execute: dotnet Alpha-Jit-1.dll --anonymousPipes 161 162 --benchmarkName "SignedSeekBenchmarks.Typed(Case: LiteralNegativeOne)" --job Jit --benchmarkId 4 in /home/i/Work/tl-v1-coordination-16-signed-seek-integration/benchmarks/Alpha/bin/Release/net10.0/Alpha-Jit-1/bin/Release/net10.0
// Failed to set up high priority (Permission denied). In order to run benchmarks with high priority, make sure you have the right permissions.
// BeforeAnythingElse

// Benchmark Process Environment Information:
// BenchmarkDotNet v0.15.8
// Runtime=.NET 10.0.12 (10.0.12, 10.0.1226.42308), X64 RyuJIT x86-64-v3
// GC=Concurrent Workstation
// HardwareIntrinsics=AVX2+BMI1+BMI2+F16C+FMA+LZCNT+MOVBE,AVX,SSE3+SSSE3+SSE4.1+SSE4.2+POPCNT,X86Base+SSE+SSE2,AES+PCLMUL,AvxVnni,SERIALIZE VectorSize=256
// Job: Jit(IterationCount=12, IterationTime=250ms, WarmupCount=16)

OverheadJitting  1: 4096 op, 101630.00 ns, 24.8120 ns/op
WorkloadJitting  1: 4096 op, 308820.00 ns, 75.3955 ns/op

OverheadJitting  2: 65536 op, 119858.00 ns, 1.8289 ns/op
WorkloadJitting  2: 65536 op, 1728256.00 ns, 26.3711 ns/op

WorkloadPilot    1: 65536 op, 786560.00 ns, 12.0020 ns/op
WorkloadPilot    2: 20840448 op, 225039149.00 ns, 10.7982 ns/op
WorkloadPilot    3: 23199744 op, 249070428.00 ns, 10.7359 ns/op
WorkloadPilot    4: 23330816 op, 250346430.00 ns, 10.7303 ns/op

OverheadWarmup   1: 23330816 op, 8681.00 ns, 0.0004 ns/op
OverheadWarmup   2: 23330816 op, 8421.00 ns, 0.0004 ns/op
OverheadWarmup   3: 23330816 op, 8395.00 ns, 0.0004 ns/op
OverheadWarmup   4: 23330816 op, 8397.00 ns, 0.0004 ns/op
OverheadWarmup   5: 23330816 op, 8427.00 ns, 0.0004 ns/op
OverheadWarmup   6: 23330816 op, 8377.00 ns, 0.0004 ns/op
OverheadWarmup   7: 23330816 op, 8390.00 ns, 0.0004 ns/op
OverheadWarmup   8: 23330816 op, 8393.00 ns, 0.0004 ns/op
OverheadWarmup   9: 23330816 op, 8378.00 ns, 0.0004 ns/op

OverheadActual   1: 23330816 op, 8578.00 ns, 0.0004 ns/op
OverheadActual   2: 23330816 op, 8539.00 ns, 0.0004 ns/op
OverheadActual   3: 23330816 op, 8561.00 ns, 0.0004 ns/op
OverheadActual   4: 23330816 op, 8427.00 ns, 0.0004 ns/op
OverheadActual   5: 23330816 op, 8569.00 ns, 0.0004 ns/op
OverheadActual   6: 23330816 op, 8983.00 ns, 0.0004 ns/op
OverheadActual   7: 23330816 op, 8377.00 ns, 0.0004 ns/op
OverheadActual   8: 23330816 op, 8378.00 ns, 0.0004 ns/op
OverheadActual   9: 23330816 op, 8359.00 ns, 0.0004 ns/op
OverheadActual  10: 23330816 op, 8362.00 ns, 0.0004 ns/op
OverheadActual  11: 23330816 op, 8371.00 ns, 0.0004 ns/op
OverheadActual  12: 23330816 op, 8374.00 ns, 0.0004 ns/op
OverheadActual  13: 23330816 op, 8372.00 ns, 0.0004 ns/op
OverheadActual  14: 23330816 op, 8385.00 ns, 0.0004 ns/op
OverheadActual  15: 23330816 op, 8395.00 ns, 0.0004 ns/op

WorkloadWarmup   1: 23330816 op, 250447651.00 ns, 10.7346 ns/op
WorkloadWarmup   2: 23330816 op, 250423359.00 ns, 10.7336 ns/op
WorkloadWarmup   3: 23330816 op, 250512050.00 ns, 10.7374 ns/op
WorkloadWarmup   4: 23330816 op, 249389872.00 ns, 10.6893 ns/op
WorkloadWarmup   5: 23330816 op, 224099203.00 ns, 9.6053 ns/op
WorkloadWarmup   6: 23330816 op, 41652833.00 ns, 1.7853 ns/op
WorkloadWarmup   7: 23330816 op, 41973590.00 ns, 1.7991 ns/op
WorkloadWarmup   8: 23330816 op, 41799651.00 ns, 1.7916 ns/op
WorkloadWarmup   9: 23330816 op, 43621576.00 ns, 1.8697 ns/op
WorkloadWarmup  10: 23330816 op, 42901539.00 ns, 1.8388 ns/op
WorkloadWarmup  11: 23330816 op, 41879027.00 ns, 1.7950 ns/op
WorkloadWarmup  12: 23330816 op, 41716774.00 ns, 1.7881 ns/op
WorkloadWarmup  13: 23330816 op, 45539524.00 ns, 1.9519 ns/op
WorkloadWarmup  14: 23330816 op, 42289822.00 ns, 1.8126 ns/op
WorkloadWarmup  15: 23330816 op, 41613269.00 ns, 1.7836 ns/op
WorkloadWarmup  16: 23330816 op, 41746588.00 ns, 1.7893 ns/op

// BeforeActualRun
WorkloadActual   1: 23330816 op, 41573275.00 ns, 1.7819 ns/op
WorkloadActual   2: 23330816 op, 41548798.00 ns, 1.7809 ns/op
WorkloadActual   3: 23330816 op, 41436801.00 ns, 1.7761 ns/op
WorkloadActual   4: 23330816 op, 41607568.00 ns, 1.7834 ns/op
WorkloadActual   5: 23330816 op, 41658758.00 ns, 1.7856 ns/op
WorkloadActual   6: 23330816 op, 41253301.00 ns, 1.7682 ns/op
WorkloadActual   7: 23330816 op, 41593973.00 ns, 1.7828 ns/op
WorkloadActual   8: 23330816 op, 41527247.00 ns, 1.7799 ns/op
WorkloadActual   9: 23330816 op, 41205081.00 ns, 1.7661 ns/op
WorkloadActual  10: 23330816 op, 41458630.00 ns, 1.7770 ns/op
WorkloadActual  11: 23330816 op, 41712467.00 ns, 1.7879 ns/op
WorkloadActual  12: 23330816 op, 41269201.00 ns, 1.7689 ns/op

// AfterActualRun
WorkloadResult   1: 23330816 op, 41564890.00 ns, 1.7815 ns/op
WorkloadResult   2: 23330816 op, 41540413.00 ns, 1.7805 ns/op
WorkloadResult   3: 23330816 op, 41428416.00 ns, 1.7757 ns/op
WorkloadResult   4: 23330816 op, 41599183.00 ns, 1.7830 ns/op
WorkloadResult   5: 23330816 op, 41650373.00 ns, 1.7852 ns/op
WorkloadResult   6: 23330816 op, 41244916.00 ns, 1.7678 ns/op
WorkloadResult   7: 23330816 op, 41585588.00 ns, 1.7824 ns/op
WorkloadResult   8: 23330816 op, 41518862.00 ns, 1.7796 ns/op
WorkloadResult   9: 23330816 op, 41196696.00 ns, 1.7658 ns/op
WorkloadResult  10: 23330816 op, 41450245.00 ns, 1.7766 ns/op
WorkloadResult  11: 23330816 op, 41704082.00 ns, 1.7875 ns/op
WorkloadResult  12: 23330816 op, 41260816.00 ns, 1.7685 ns/op
// GC:  0 0 0 0 23330816
// Threading:  0 0 23330816

// AfterAll
// Benchmark Process 510868 has exited with code 0.

Mean = 1.778 ns, StdErr = 0.002 ns (0.12%), N = 12, StdDev = 0.007 ns
Min = 1.766 ns, Q1 = 1.774 ns, Median = 1.780 ns, Q3 = 1.783 ns, Max = 1.788 ns
IQR = 0.009 ns, LowerFence = 1.761 ns, UpperFence = 1.796 ns
ConfidenceInterval = [1.769 ns; 1.787 ns] (CI 99.9%), Margin = 0.009 ns (0.51% of Mean)
Skewness = -0.46, Kurtosis = 1.68, MValue = 2

// ** Remained 34 (87.2 %) benchmark(s) to run. Estimated finish 2026-09-10 17:56 (0h 2m from now) **
// **************************
// Benchmark: SignedSeekBenchmarks.Dynamic: Jit(IterationCount=12, IterationTime=250ms, WarmupCount=16) [Case=LiteralNegativeOne]
// *** Execute ***
// Launch: 1 / 1
// Execute: dotnet Alpha-Jit-1.dll --anonymousPipes 161 162 --benchmarkName "SignedSeekBenchmarks.Dynamic(Case: LiteralNegativeOne)" --job Jit --benchmarkId 5 in /home/i/Work/tl-v1-coordination-16-signed-seek-integration/benchmarks/Alpha/bin/Release/net10.0/Alpha-Jit-1/bin/Release/net10.0
// Failed to set up high priority (Permission denied). In order to run benchmarks with high priority, make sure you have the right permissions.
// BeforeAnythingElse

// Benchmark Process Environment Information:
// BenchmarkDotNet v0.15.8
// Runtime=.NET 10.0.12 (10.0.12, 10.0.1226.42308), X64 RyuJIT x86-64-v3
// GC=Concurrent Workstation
// HardwareIntrinsics=AVX2+BMI1+BMI2+F16C+FMA+LZCNT+MOVBE,AVX,SSE3+SSSE3+SSE4.1+SSE4.2+POPCNT,X86Base+SSE+SSE2,AES+PCLMUL,AvxVnni,SERIALIZE VectorSize=256
// Job: Jit(IterationCount=12, IterationTime=250ms, WarmupCount=16)

OverheadJitting  1: 4096 op, 114304.00 ns, 27.9063 ns/op
WorkloadJitting  1: 4096 op, 380317.00 ns, 92.8508 ns/op

OverheadJitting  2: 65536 op, 115382.00 ns, 1.7606 ns/op
WorkloadJitting  2: 65536 op, 3949591.00 ns, 60.2660 ns/op

WorkloadPilot    1: 65536 op, 3362514.00 ns, 51.3079 ns/op
WorkloadPilot    2: 4915200 op, 247875551.00 ns, 50.4304 ns/op
WorkloadPilot    3: 4980736 op, 250983293.00 ns, 50.3908 ns/op

OverheadWarmup   1: 4980736 op, 2226.00 ns, 0.0004 ns/op
OverheadWarmup   2: 4980736 op, 1921.00 ns, 0.0004 ns/op
OverheadWarmup   3: 4980736 op, 1861.00 ns, 0.0004 ns/op
OverheadWarmup   4: 4980736 op, 1836.00 ns, 0.0004 ns/op
OverheadWarmup   5: 4980736 op, 1897.00 ns, 0.0004 ns/op
OverheadWarmup   6: 4980736 op, 1869.00 ns, 0.0004 ns/op
OverheadWarmup   7: 4980736 op, 1848.00 ns, 0.0004 ns/op
OverheadWarmup   8: 4980736 op, 1851.00 ns, 0.0004 ns/op
OverheadWarmup   9: 4980736 op, 1854.00 ns, 0.0004 ns/op
OverheadWarmup  10: 4980736 op, 1851.00 ns, 0.0004 ns/op

OverheadActual   1: 4980736 op, 2033.00 ns, 0.0004 ns/op
OverheadActual   2: 4980736 op, 2022.00 ns, 0.0004 ns/op
OverheadActual   3: 4980736 op, 2038.00 ns, 0.0004 ns/op
OverheadActual   4: 4980736 op, 1914.00 ns, 0.0004 ns/op
OverheadActual   5: 4980736 op, 2023.00 ns, 0.0004 ns/op
OverheadActual   6: 4980736 op, 1884.00 ns, 0.0004 ns/op
OverheadActual   7: 4980736 op, 1844.00 ns, 0.0004 ns/op
OverheadActual   8: 4980736 op, 1857.00 ns, 0.0004 ns/op
OverheadActual   9: 4980736 op, 1862.00 ns, 0.0004 ns/op
OverheadActual  10: 4980736 op, 1926.00 ns, 0.0004 ns/op
OverheadActual  11: 4980736 op, 1927.00 ns, 0.0004 ns/op
OverheadActual  12: 4980736 op, 1866.00 ns, 0.0004 ns/op
OverheadActual  13: 4980736 op, 1865.00 ns, 0.0004 ns/op
OverheadActual  14: 4980736 op, 1825.00 ns, 0.0004 ns/op
OverheadActual  15: 4980736 op, 1864.00 ns, 0.0004 ns/op

WorkloadWarmup   1: 4980736 op, 250388972.00 ns, 50.2715 ns/op
WorkloadWarmup   2: 4980736 op, 250833070.00 ns, 50.3606 ns/op
WorkloadWarmup   3: 4980736 op, 250414327.00 ns, 50.2766 ns/op
WorkloadWarmup   4: 4980736 op, 250513746.00 ns, 50.2965 ns/op
WorkloadWarmup   5: 4980736 op, 250180665.00 ns, 50.2297 ns/op
WorkloadWarmup   6: 4980736 op, 218292471.00 ns, 43.8274 ns/op
WorkloadWarmup   7: 4980736 op, 52162080.00 ns, 10.4728 ns/op
WorkloadWarmup   8: 4980736 op, 37138921.00 ns, 7.4565 ns/op
WorkloadWarmup   9: 4980736 op, 36600356.00 ns, 7.3484 ns/op
WorkloadWarmup  10: 4980736 op, 38087351.00 ns, 7.6469 ns/op
WorkloadWarmup  11: 4980736 op, 37652635.00 ns, 7.5597 ns/op
WorkloadWarmup  12: 4980736 op, 36499880.00 ns, 7.3282 ns/op
WorkloadWarmup  13: 4980736 op, 36090970.00 ns, 7.2461 ns/op
WorkloadWarmup  14: 4980736 op, 36061276.00 ns, 7.2402 ns/op
WorkloadWarmup  15: 4980736 op, 36042735.00 ns, 7.2364 ns/op
WorkloadWarmup  16: 4980736 op, 36067331.00 ns, 7.2414 ns/op

// BeforeActualRun
WorkloadActual   1: 4980736 op, 36067415.00 ns, 7.2414 ns/op
WorkloadActual   2: 4980736 op, 36046233.00 ns, 7.2371 ns/op
WorkloadActual   3: 4980736 op, 36048872.00 ns, 7.2377 ns/op
WorkloadActual   4: 4980736 op, 36013767.00 ns, 7.2306 ns/op
WorkloadActual   5: 4980736 op, 36051233.00 ns, 7.2381 ns/op
WorkloadActual   6: 4980736 op, 36036395.00 ns, 7.2352 ns/op
WorkloadActual   7: 4980736 op, 36050722.00 ns, 7.2380 ns/op
WorkloadActual   8: 4980736 op, 36049611.00 ns, 7.2378 ns/op
WorkloadActual   9: 4980736 op, 36050865.00 ns, 7.2381 ns/op
WorkloadActual  10: 4980736 op, 36068376.00 ns, 7.2416 ns/op
WorkloadActual  11: 4980736 op, 36070793.00 ns, 7.2421 ns/op
WorkloadActual  12: 4980736 op, 36033263.00 ns, 7.2345 ns/op

// AfterActualRun
WorkloadResult   1: 4980736 op, 36065531.00 ns, 7.2410 ns/op
WorkloadResult   2: 4980736 op, 36044349.00 ns, 7.2368 ns/op
WorkloadResult   3: 4980736 op, 36046988.00 ns, 7.2373 ns/op
WorkloadResult   4: 4980736 op, 36011883.00 ns, 7.2302 ns/op
WorkloadResult   5: 4980736 op, 36049349.00 ns, 7.2378 ns/op
WorkloadResult   6: 4980736 op, 36034511.00 ns, 7.2348 ns/op
WorkloadResult   7: 4980736 op, 36048838.00 ns, 7.2377 ns/op
WorkloadResult   8: 4980736 op, 36047727.00 ns, 7.2374 ns/op
WorkloadResult   9: 4980736 op, 36048981.00 ns, 7.2377 ns/op
WorkloadResult  10: 4980736 op, 36066492.00 ns, 7.2412 ns/op
WorkloadResult  11: 4980736 op, 36068909.00 ns, 7.2417 ns/op
WorkloadResult  12: 4980736 op, 36031379.00 ns, 7.2341 ns/op
// GC:  0 0 0 0 4980736
// Threading:  0 0 4980736

// AfterAll
// Benchmark Process 510907 has exited with code 0.

Mean = 7.237 ns, StdErr = 0.001 ns (0.01%), N = 12, StdDev = 0.003 ns
Min = 7.230 ns, Q1 = 7.236 ns, Median = 7.238 ns, Q3 = 7.239 ns, Max = 7.242 ns
IQR = 0.002 ns, LowerFence = 7.233 ns, UpperFence = 7.242 ns
ConfidenceInterval = [7.233 ns; 7.241 ns] (CI 99.9%), Margin = 0.004 ns (0.06% of Mean)
Skewness = -0.51, Kurtosis = 2.6, MValue = 2

// ** Remained 33 (84.6 %) benchmark(s) to run. Estimated finish 2026-09-10 17:56 (0h 1m from now) **
// **************************
// Benchmark: SignedSeekBenchmarks.Direct: Jit(IterationCount=12, IterationTime=250ms, WarmupCount=16) [Case=RuntimePositiveOne]
// *** Execute ***
// Launch: 1 / 1
// Execute: dotnet Alpha-Jit-1.dll --anonymousPipes 111 112 --benchmarkName "SignedSeekBenchmarks.Direct(Case: RuntimePositiveOne)" --job Jit --benchmarkId 6 in /home/i/Work/tl-v1-coordination-16-signed-seek-integration/benchmarks/Alpha/bin/Release/net10.0/Alpha-Jit-1/bin/Release/net10.0
// Failed to set up high priority (Permission denied). In order to run benchmarks with high priority, make sure you have the right permissions.
// BeforeAnythingElse

// Benchmark Process Environment Information:
// BenchmarkDotNet v0.15.8
// Runtime=.NET 10.0.12 (10.0.12, 10.0.1226.42308), X64 RyuJIT x86-64-v3
// GC=Concurrent Workstation
// HardwareIntrinsics=AVX2+BMI1+BMI2+F16C+FMA+LZCNT+MOVBE,AVX,SSE3+SSSE3+SSE4.1+SSE4.2+POPCNT,X86Base+SSE+SSE2,AES+PCLMUL,AvxVnni,SERIALIZE VectorSize=256
// Job: Jit(IterationCount=12, IterationTime=250ms, WarmupCount=16)

OverheadJitting  1: 4096 op, 101665.00 ns, 24.8206 ns/op
WorkloadJitting  1: 4096 op, 258403.00 ns, 63.0867 ns/op

OverheadJitting  2: 65536 op, 119357.00 ns, 1.8212 ns/op
WorkloadJitting  2: 65536 op, 1588850.00 ns, 24.2439 ns/op

WorkloadPilot    1: 65536 op, 775625.00 ns, 11.8351 ns/op
WorkloadPilot    2: 21168128 op, 191376803.00 ns, 9.0408 ns/op
WorkloadPilot    3: 27656192 op, 248613895.00 ns, 8.9894 ns/op
WorkloadPilot    4: 27852800 op, 249934670.00 ns, 8.9734 ns/op
WorkloadPilot    5: 27918336 op, 250914821.00 ns, 8.9875 ns/op
WorkloadPilot    6: 27852800 op, 250317943.00 ns, 8.9872 ns/op

OverheadWarmup   1: 27852800 op, 10417.00 ns, 0.0004 ns/op
OverheadWarmup   2: 27852800 op, 9986.00 ns, 0.0004 ns/op
OverheadWarmup   3: 27852800 op, 9966.00 ns, 0.0004 ns/op
OverheadWarmup   4: 27852800 op, 9984.00 ns, 0.0004 ns/op
OverheadWarmup   5: 27852800 op, 9990.00 ns, 0.0004 ns/op
OverheadWarmup   6: 27852800 op, 9948.00 ns, 0.0004 ns/op
OverheadWarmup   7: 27852800 op, 9940.00 ns, 0.0004 ns/op
OverheadWarmup   8: 27852800 op, 9939.00 ns, 0.0004 ns/op
OverheadWarmup   9: 27852800 op, 9974.00 ns, 0.0004 ns/op
OverheadWarmup  10: 27852800 op, 9972.00 ns, 0.0004 ns/op

OverheadActual   1: 27852800 op, 10168.00 ns, 0.0004 ns/op
OverheadActual   2: 27852800 op, 10184.00 ns, 0.0004 ns/op
OverheadActual   3: 27852800 op, 10181.00 ns, 0.0004 ns/op
OverheadActual   4: 27852800 op, 10024.00 ns, 0.0004 ns/op
OverheadActual   5: 27852800 op, 10148.00 ns, 0.0004 ns/op
OverheadActual   6: 27852800 op, 9992.00 ns, 0.0004 ns/op
OverheadActual   7: 27852800 op, 10004.00 ns, 0.0004 ns/op
OverheadActual   8: 27852800 op, 10687.00 ns, 0.0004 ns/op
OverheadActual   9: 27852800 op, 9984.00 ns, 0.0004 ns/op
OverheadActual  10: 27852800 op, 9977.00 ns, 0.0004 ns/op
OverheadActual  11: 27852800 op, 9939.00 ns, 0.0004 ns/op
OverheadActual  12: 27852800 op, 9973.00 ns, 0.0004 ns/op
OverheadActual  13: 27852800 op, 9953.00 ns, 0.0004 ns/op
OverheadActual  14: 27852800 op, 9984.00 ns, 0.0004 ns/op
OverheadActual  15: 27852800 op, 9999.00 ns, 0.0004 ns/op

WorkloadWarmup   1: 27852800 op, 252081457.00 ns, 9.0505 ns/op
WorkloadWarmup   2: 27852800 op, 250157090.00 ns, 8.9814 ns/op
WorkloadWarmup   3: 27852800 op, 249738342.00 ns, 8.9664 ns/op
WorkloadWarmup   4: 27852800 op, 250115773.00 ns, 8.9799 ns/op
WorkloadWarmup   5: 27852800 op, 252132588.00 ns, 9.0523 ns/op
WorkloadWarmup   6: 27852800 op, 252377329.00 ns, 9.0611 ns/op
WorkloadWarmup   7: 27852800 op, 243890347.00 ns, 8.7564 ns/op
WorkloadWarmup   8: 27852800 op, 68887360.00 ns, 2.4733 ns/op
WorkloadWarmup   9: 27852800 op, 69974555.00 ns, 2.5123 ns/op
WorkloadWarmup  10: 27852800 op, 69196289.00 ns, 2.4844 ns/op
WorkloadWarmup  11: 27852800 op, 70960615.00 ns, 2.5477 ns/op
WorkloadWarmup  12: 27852800 op, 69779610.00 ns, 2.5053 ns/op
WorkloadWarmup  13: 27852800 op, 69018661.00 ns, 2.4780 ns/op
WorkloadWarmup  14: 27852800 op, 68927934.00 ns, 2.4747 ns/op
WorkloadWarmup  15: 27852800 op, 68754561.00 ns, 2.4685 ns/op
WorkloadWarmup  16: 27852800 op, 68793851.00 ns, 2.4699 ns/op

// BeforeActualRun
WorkloadActual   1: 27852800 op, 68807658.00 ns, 2.4704 ns/op
WorkloadActual   2: 27852800 op, 68739622.00 ns, 2.4680 ns/op
WorkloadActual   3: 27852800 op, 68754359.00 ns, 2.4685 ns/op
WorkloadActual   4: 27852800 op, 68771801.00 ns, 2.4691 ns/op
WorkloadActual   5: 27852800 op, 68648862.00 ns, 2.4647 ns/op
WorkloadActual   6: 27852800 op, 68772443.00 ns, 2.4691 ns/op
WorkloadActual   7: 27852800 op, 68718681.00 ns, 2.4672 ns/op
WorkloadActual   8: 27852800 op, 68828926.00 ns, 2.4712 ns/op
WorkloadActual   9: 27852800 op, 68650564.00 ns, 2.4648 ns/op
WorkloadActual  10: 27852800 op, 68726584.00 ns, 2.4675 ns/op
WorkloadActual  11: 27852800 op, 68797691.00 ns, 2.4700 ns/op
WorkloadActual  12: 27852800 op, 68894732.00 ns, 2.4735 ns/op

// AfterActualRun
WorkloadResult   1: 27852800 op, 68797659.00 ns, 2.4700 ns/op
WorkloadResult   2: 27852800 op, 68729623.00 ns, 2.4676 ns/op
WorkloadResult   3: 27852800 op, 68744360.00 ns, 2.4681 ns/op
WorkloadResult   4: 27852800 op, 68761802.00 ns, 2.4688 ns/op
WorkloadResult   5: 27852800 op, 68638863.00 ns, 2.4643 ns/op
WorkloadResult   6: 27852800 op, 68762444.00 ns, 2.4688 ns/op
WorkloadResult   7: 27852800 op, 68708682.00 ns, 2.4669 ns/op
WorkloadResult   8: 27852800 op, 68818927.00 ns, 2.4708 ns/op
WorkloadResult   9: 27852800 op, 68640565.00 ns, 2.4644 ns/op
WorkloadResult  10: 27852800 op, 68716585.00 ns, 2.4671 ns/op
WorkloadResult  11: 27852800 op, 68787692.00 ns, 2.4697 ns/op
WorkloadResult  12: 27852800 op, 68884733.00 ns, 2.4732 ns/op
// GC:  0 0 0 0 27852800
// Threading:  0 0 27852800

// AfterAll
// Benchmark Process 510917 has exited with code 0.

Mean = 2.468 ns, StdErr = 0.001 ns (0.03%), N = 12, StdDev = 0.003 ns
Min = 2.464 ns, Q1 = 2.467 ns, Median = 2.468 ns, Q3 = 2.470 ns, Max = 2.473 ns
IQR = 0.003 ns, LowerFence = 2.463 ns, UpperFence = 2.474 ns
ConfidenceInterval = [2.465 ns; 2.472 ns] (CI 99.9%), Margin = 0.003 ns (0.13% of Mean)
Skewness = 0.06, Kurtosis = 2.24, MValue = 2

// ** Remained 32 (82.1 %) benchmark(s) to run. Estimated finish 2026-09-10 17:56 (0h 1m from now) **
// **************************
// Benchmark: SignedSeekBenchmarks.Typed: Jit(IterationCount=12, IterationTime=250ms, WarmupCount=16) [Case=RuntimePositiveOne]
// *** Execute ***
// Launch: 1 / 1
// Execute: dotnet Alpha-Jit-1.dll --anonymousPipes 111 112 --benchmarkName "SignedSeekBenchmarks.Typed(Case: RuntimePositiveOne)" --job Jit --benchmarkId 7 in /home/i/Work/tl-v1-coordination-16-signed-seek-integration/benchmarks/Alpha/bin/Release/net10.0/Alpha-Jit-1/bin/Release/net10.0
// Failed to set up high priority (Permission denied). In order to run benchmarks with high priority, make sure you have the right permissions.
// BeforeAnythingElse

// Benchmark Process Environment Information:
// BenchmarkDotNet v0.15.8
// Runtime=.NET 10.0.12 (10.0.12, 10.0.1226.42308), X64 RyuJIT x86-64-v3
// GC=Concurrent Workstation
// HardwareIntrinsics=AVX2+BMI1+BMI2+F16C+FMA+LZCNT+MOVBE,AVX,SSE3+SSSE3+SSE4.1+SSE4.2+POPCNT,X86Base+SSE+SSE2,AES+PCLMUL,AvxVnni,SERIALIZE VectorSize=256
// Job: Jit(IterationCount=12, IterationTime=250ms, WarmupCount=16)

OverheadJitting  1: 4096 op, 98501.00 ns, 24.0481 ns/op
WorkloadJitting  1: 4096 op, 258274.00 ns, 63.0552 ns/op

OverheadJitting  2: 65536 op, 114137.00 ns, 1.7416 ns/op
WorkloadJitting  2: 65536 op, 2795340.00 ns, 42.6535 ns/op

WorkloadPilot    1: 65536 op, 642378.00 ns, 9.8019 ns/op
WorkloadPilot    2: 25559040 op, 230607080.00 ns, 9.0225 ns/op
WorkloadPilot    3: 27721728 op, 249204698.00 ns, 8.9895 ns/op
WorkloadPilot    4: 27852800 op, 250211243.00 ns, 8.9833 ns/op

OverheadWarmup   1: 27852800 op, 10261.00 ns, 0.0004 ns/op
OverheadWarmup   2: 27852800 op, 10020.00 ns, 0.0004 ns/op
OverheadWarmup   3: 27852800 op, 9991.00 ns, 0.0004 ns/op
OverheadWarmup   4: 27852800 op, 9981.00 ns, 0.0004 ns/op
OverheadWarmup   5: 27852800 op, 10001.00 ns, 0.0004 ns/op
OverheadWarmup   6: 27852800 op, 9972.00 ns, 0.0004 ns/op
OverheadWarmup   7: 27852800 op, 9980.00 ns, 0.0004 ns/op
OverheadWarmup   8: 27852800 op, 9972.00 ns, 0.0004 ns/op

OverheadActual   1: 27852800 op, 10293.00 ns, 0.0004 ns/op
OverheadActual   2: 27852800 op, 10155.00 ns, 0.0004 ns/op
OverheadActual   3: 27852800 op, 10194.00 ns, 0.0004 ns/op
OverheadActual   4: 27852800 op, 10000.00 ns, 0.0004 ns/op
OverheadActual   5: 27852800 op, 10136.00 ns, 0.0004 ns/op
OverheadActual   6: 27852800 op, 10010.00 ns, 0.0004 ns/op
OverheadActual   7: 27852800 op, 14260.00 ns, 0.0005 ns/op
OverheadActual   8: 27852800 op, 9979.00 ns, 0.0004 ns/op
OverheadActual   9: 27852800 op, 9948.00 ns, 0.0004 ns/op
OverheadActual  10: 27852800 op, 9947.00 ns, 0.0004 ns/op
OverheadActual  11: 27852800 op, 10000.00 ns, 0.0004 ns/op
OverheadActual  12: 27852800 op, 9992.00 ns, 0.0004 ns/op
OverheadActual  13: 27852800 op, 10003.00 ns, 0.0004 ns/op
OverheadActual  14: 27852800 op, 9967.00 ns, 0.0004 ns/op
OverheadActual  15: 27852800 op, 9953.00 ns, 0.0004 ns/op

WorkloadWarmup   1: 27852800 op, 250737798.00 ns, 9.0022 ns/op
WorkloadWarmup   2: 27852800 op, 250822732.00 ns, 9.0053 ns/op
WorkloadWarmup   3: 27852800 op, 250445679.00 ns, 8.9918 ns/op
WorkloadWarmup   4: 27852800 op, 250652889.00 ns, 8.9992 ns/op
WorkloadWarmup   5: 27852800 op, 222394053.00 ns, 7.9846 ns/op
WorkloadWarmup   6: 27852800 op, 60811911.00 ns, 2.1833 ns/op
WorkloadWarmup   7: 27852800 op, 61447756.00 ns, 2.2062 ns/op
WorkloadWarmup   8: 27852800 op, 61051186.00 ns, 2.1919 ns/op
WorkloadWarmup   9: 27852800 op, 62838017.00 ns, 2.2561 ns/op
WorkloadWarmup  10: 27852800 op, 61847259.00 ns, 2.2205 ns/op
WorkloadWarmup  11: 27852800 op, 60530378.00 ns, 2.1732 ns/op
WorkloadWarmup  12: 27852800 op, 60983452.00 ns, 2.1895 ns/op
WorkloadWarmup  13: 27852800 op, 63291218.00 ns, 2.2723 ns/op
WorkloadWarmup  14: 27852800 op, 60885218.00 ns, 2.1860 ns/op
WorkloadWarmup  15: 27852800 op, 60657046.00 ns, 2.1778 ns/op
WorkloadWarmup  16: 27852800 op, 60337981.00 ns, 2.1663 ns/op

// BeforeActualRun
WorkloadActual   1: 27852800 op, 60455036.00 ns, 2.1705 ns/op
WorkloadActual   2: 27852800 op, 60481928.00 ns, 2.1715 ns/op
WorkloadActual   3: 27852800 op, 60646535.00 ns, 2.1774 ns/op
WorkloadActual   4: 27852800 op, 62111390.00 ns, 2.2300 ns/op
WorkloadActual   5: 27852800 op, 60772834.00 ns, 2.1819 ns/op
WorkloadActual   6: 27852800 op, 60456849.00 ns, 2.1706 ns/op
WorkloadActual   7: 27852800 op, 60354673.00 ns, 2.1669 ns/op
WorkloadActual   8: 27852800 op, 60473567.00 ns, 2.1712 ns/op
WorkloadActual   9: 27852800 op, 60214030.00 ns, 2.1619 ns/op
WorkloadActual  10: 27852800 op, 60429669.00 ns, 2.1696 ns/op
WorkloadActual  11: 27852800 op, 60516925.00 ns, 2.1727 ns/op
WorkloadActual  12: 27852800 op, 60463628.00 ns, 2.1708 ns/op

// AfterActualRun
WorkloadResult   1: 27852800 op, 60445036.00 ns, 2.1702 ns/op
WorkloadResult   2: 27852800 op, 60471928.00 ns, 2.1711 ns/op
WorkloadResult   3: 27852800 op, 60636535.00 ns, 2.1770 ns/op
WorkloadResult   4: 27852800 op, 60446849.00 ns, 2.1702 ns/op
WorkloadResult   5: 27852800 op, 60344673.00 ns, 2.1666 ns/op
WorkloadResult   6: 27852800 op, 60463567.00 ns, 2.1708 ns/op
WorkloadResult   7: 27852800 op, 60204030.00 ns, 2.1615 ns/op
WorkloadResult   8: 27852800 op, 60419669.00 ns, 2.1692 ns/op
WorkloadResult   9: 27852800 op, 60506925.00 ns, 2.1724 ns/op
WorkloadResult  10: 27852800 op, 60453628.00 ns, 2.1705 ns/op
// GC:  0 0 0 0 27852800
// Threading:  0 0 27852800

// AfterAll
// Benchmark Process 510962 has exited with code 0.

Mean = 2.170 ns, StdErr = 0.001 ns (0.06%), N = 10, StdDev = 0.004 ns
Min = 2.162 ns, Q1 = 2.169 ns, Median = 2.170 ns, Q3 = 2.171 ns, Max = 2.177 ns
IQR = 0.002 ns, LowerFence = 2.167 ns, UpperFence = 2.173 ns
ConfidenceInterval = [2.164 ns; 2.176 ns] (CI 99.9%), Margin = 0.006 ns (0.28% of Mean)
Skewness = -0.43, Kurtosis = 3.13, MValue = 2

// ** Remained 31 (79.5 %) benchmark(s) to run. Estimated finish 2026-09-10 17:56 (0h 1m from now) **
// **************************
// Benchmark: SignedSeekBenchmarks.Dynamic: Jit(IterationCount=12, IterationTime=250ms, WarmupCount=16) [Case=RuntimePositiveOne]
// *** Execute ***
// Launch: 1 / 1
// Execute: dotnet Alpha-Jit-1.dll --anonymousPipes 111 112 --benchmarkName "SignedSeekBenchmarks.Dynamic(Case: RuntimePositiveOne)" --job Jit --benchmarkId 8 in /home/i/Work/tl-v1-coordination-16-signed-seek-integration/benchmarks/Alpha/bin/Release/net10.0/Alpha-Jit-1/bin/Release/net10.0
// Failed to set up high priority (Permission denied). In order to run benchmarks with high priority, make sure you have the right permissions.
// BeforeAnythingElse

// Benchmark Process Environment Information:
// BenchmarkDotNet v0.15.8
// Runtime=.NET 10.0.12 (10.0.12, 10.0.1226.42308), X64 RyuJIT x86-64-v3
// GC=Concurrent Workstation
// HardwareIntrinsics=AVX2+BMI1+BMI2+F16C+FMA+LZCNT+MOVBE,AVX,SSE3+SSSE3+SSE4.1+SSE4.2+POPCNT,X86Base+SSE+SSE2,AES+PCLMUL,AvxVnni,SERIALIZE VectorSize=256
// Job: Jit(IterationCount=12, IterationTime=250ms, WarmupCount=16)

OverheadJitting  1: 4096 op, 100782.00 ns, 24.6050 ns/op
WorkloadJitting  1: 4096 op, 338432.00 ns, 82.6250 ns/op

OverheadJitting  2: 65536 op, 115719.00 ns, 1.7657 ns/op
WorkloadJitting  2: 65536 op, 3633515.00 ns, 55.4430 ns/op

WorkloadPilot    1: 65536 op, 3141162.00 ns, 47.9303 ns/op
WorkloadPilot    2: 5242880 op, 246754768.00 ns, 47.0647 ns/op
WorkloadPilot    3: 5373952 op, 252405555.00 ns, 46.9683 ns/op

OverheadWarmup   1: 5373952 op, 2561.00 ns, 0.0005 ns/op
OverheadWarmup   2: 5373952 op, 2022.00 ns, 0.0004 ns/op
OverheadWarmup   3: 5373952 op, 1990.00 ns, 0.0004 ns/op
OverheadWarmup   4: 5373952 op, 1971.00 ns, 0.0004 ns/op
OverheadWarmup   5: 5373952 op, 1979.00 ns, 0.0004 ns/op
OverheadWarmup   6: 5373952 op, 1980.00 ns, 0.0004 ns/op
OverheadWarmup   7: 5373952 op, 1973.00 ns, 0.0004 ns/op
OverheadWarmup   8: 5373952 op, 1981.00 ns, 0.0004 ns/op
OverheadWarmup   9: 5373952 op, 1978.00 ns, 0.0004 ns/op

OverheadActual   1: 5373952 op, 2176.00 ns, 0.0004 ns/op
OverheadActual   2: 5373952 op, 2171.00 ns, 0.0004 ns/op
OverheadActual   3: 5373952 op, 2180.00 ns, 0.0004 ns/op
OverheadActual   4: 5373952 op, 2020.00 ns, 0.0004 ns/op
OverheadActual   5: 5373952 op, 2180.00 ns, 0.0004 ns/op
OverheadActual   6: 5373952 op, 1997.00 ns, 0.0004 ns/op
OverheadActual   7: 5373952 op, 1988.00 ns, 0.0004 ns/op
OverheadActual   8: 5373952 op, 2047.00 ns, 0.0004 ns/op
OverheadActual   9: 5373952 op, 1956.00 ns, 0.0004 ns/op
OverheadActual  10: 5373952 op, 1986.00 ns, 0.0004 ns/op
OverheadActual  11: 5373952 op, 1961.00 ns, 0.0004 ns/op
OverheadActual  12: 5373952 op, 1981.00 ns, 0.0004 ns/op
OverheadActual  13: 5373952 op, 2040.00 ns, 0.0004 ns/op
OverheadActual  14: 5373952 op, 1971.00 ns, 0.0004 ns/op
OverheadActual  15: 5373952 op, 1989.00 ns, 0.0004 ns/op

WorkloadWarmup   1: 5373952 op, 252032973.00 ns, 46.8990 ns/op
WorkloadWarmup   2: 5373952 op, 259386580.00 ns, 48.2674 ns/op
WorkloadWarmup   3: 5373952 op, 252154132.00 ns, 46.9215 ns/op
WorkloadWarmup   4: 5373952 op, 252273484.00 ns, 46.9438 ns/op
WorkloadWarmup   5: 5373952 op, 251937422.00 ns, 46.8812 ns/op
WorkloadWarmup   6: 5373952 op, 196074775.00 ns, 36.4861 ns/op
WorkloadWarmup   7: 5373952 op, 37925969.00 ns, 7.0574 ns/op
WorkloadWarmup   8: 5373952 op, 38583050.00 ns, 7.1796 ns/op
WorkloadWarmup   9: 5373952 op, 38694004.00 ns, 7.2003 ns/op
WorkloadWarmup  10: 5373952 op, 39565532.00 ns, 7.3625 ns/op
WorkloadWarmup  11: 5373952 op, 38682830.00 ns, 7.1982 ns/op
WorkloadWarmup  12: 5373952 op, 37845622.00 ns, 7.0424 ns/op
WorkloadWarmup  13: 5373952 op, 37905801.00 ns, 7.0536 ns/op
WorkloadWarmup  14: 5373952 op, 40373245.00 ns, 7.5128 ns/op
WorkloadWarmup  15: 5373952 op, 37623832.00 ns, 7.0011 ns/op
WorkloadWarmup  16: 5373952 op, 37589951.00 ns, 6.9948 ns/op

// BeforeActualRun
WorkloadActual   1: 5373952 op, 37529978.00 ns, 6.9837 ns/op
WorkloadActual   2: 5373952 op, 37545215.00 ns, 6.9865 ns/op
WorkloadActual   3: 5373952 op, 37658594.00 ns, 7.0076 ns/op
WorkloadActual   4: 5373952 op, 37529172.00 ns, 6.9835 ns/op
WorkloadActual   5: 5373952 op, 37810899.00 ns, 7.0360 ns/op
WorkloadActual   6: 5373952 op, 37551118.00 ns, 6.9876 ns/op
WorkloadActual   7: 5373952 op, 37512615.00 ns, 6.9805 ns/op
WorkloadActual   8: 5373952 op, 38149820.00 ns, 7.0990 ns/op
WorkloadActual   9: 5373952 op, 37549194.00 ns, 6.9873 ns/op
WorkloadActual  10: 5373952 op, 37781067.00 ns, 7.0304 ns/op
WorkloadActual  11: 5373952 op, 38019262.00 ns, 7.0747 ns/op
WorkloadActual  12: 5373952 op, 37496429.00 ns, 6.9774 ns/op

// AfterActualRun
WorkloadResult   1: 5373952 op, 37527981.00 ns, 6.9833 ns/op
WorkloadResult   2: 5373952 op, 37543218.00 ns, 6.9861 ns/op
WorkloadResult   3: 5373952 op, 37656597.00 ns, 7.0072 ns/op
WorkloadResult   4: 5373952 op, 37527175.00 ns, 6.9832 ns/op
WorkloadResult   5: 5373952 op, 37808902.00 ns, 7.0356 ns/op
WorkloadResult   6: 5373952 op, 37549121.00 ns, 6.9872 ns/op
WorkloadResult   7: 5373952 op, 37510618.00 ns, 6.9801 ns/op
WorkloadResult   8: 5373952 op, 38147823.00 ns, 7.0987 ns/op
WorkloadResult   9: 5373952 op, 37547197.00 ns, 6.9869 ns/op
WorkloadResult  10: 5373952 op, 37779070.00 ns, 7.0300 ns/op
WorkloadResult  11: 5373952 op, 38017265.00 ns, 7.0744 ns/op
WorkloadResult  12: 5373952 op, 37494432.00 ns, 6.9771 ns/op
// GC:  0 0 0 0 5373952
// Threading:  0 0 5373952

// AfterAll
// Benchmark Process 511005 has exited with code 0.

Mean = 7.011 ns, StdErr = 0.012 ns (0.17%), N = 12, StdDev = 0.041 ns
Min = 6.977 ns, Q1 = 6.983 ns, Median = 6.987 ns, Q3 = 7.031 ns, Max = 7.099 ns
IQR = 0.048 ns, LowerFence = 6.911 ns, UpperFence = 7.104 ns
ConfidenceInterval = [6.959 ns; 7.063 ns] (CI 99.9%), Margin = 0.052 ns (0.74% of Mean)
Skewness = 1.01, Kurtosis = 2.49, MValue = 2

// ** Remained 30 (76.9 %) benchmark(s) to run. Estimated finish 2026-09-10 17:56 (0h 1m from now) **
// **************************
// Benchmark: SignedSeekBenchmarks.Direct: Jit(IterationCount=12, IterationTime=250ms, WarmupCount=16) [Case=RuntimeNegativeOne]
// *** Execute ***
// Launch: 1 / 1
// Execute: dotnet Alpha-Jit-1.dll --anonymousPipes 111 112 --benchmarkName "SignedSeekBenchmarks.Direct(Case: RuntimeNegativeOne)" --job Jit --benchmarkId 9 in /home/i/Work/tl-v1-coordination-16-signed-seek-integration/benchmarks/Alpha/bin/Release/net10.0/Alpha-Jit-1/bin/Release/net10.0
// Failed to set up high priority (Permission denied). In order to run benchmarks with high priority, make sure you have the right permissions.
// BeforeAnythingElse

// Benchmark Process Environment Information:
// BenchmarkDotNet v0.15.8
// Runtime=.NET 10.0.12 (10.0.12, 10.0.1226.42308), X64 RyuJIT x86-64-v3
// GC=Concurrent Workstation
// HardwareIntrinsics=AVX2+BMI1+BMI2+F16C+FMA+LZCNT+MOVBE,AVX,SSE3+SSSE3+SSE4.1+SSE4.2+POPCNT,X86Base+SSE+SSE2,AES+PCLMUL,AvxVnni,SERIALIZE VectorSize=256
// Job: Jit(IterationCount=12, IterationTime=250ms, WarmupCount=16)

OverheadJitting  1: 4096 op, 105142.00 ns, 25.6694 ns/op
WorkloadJitting  1: 4096 op, 249323.00 ns, 60.8699 ns/op

OverheadJitting  2: 65536 op, 124275.00 ns, 1.8963 ns/op
WorkloadJitting  2: 65536 op, 1388837.00 ns, 21.1920 ns/op

WorkloadPilot    1: 65536 op, 618943.00 ns, 9.4443 ns/op
WorkloadPilot    2: 26476544 op, 212796231.00 ns, 8.0372 ns/op
WorkloadPilot    3: 31129600 op, 249828856.00 ns, 8.0254 ns/op
WorkloadPilot    4: 31195136 op, 249902813.00 ns, 8.0110 ns/op
WorkloadPilot    5: 31260672 op, 250331689.00 ns, 8.0079 ns/op

OverheadWarmup   1: 31260672 op, 11475.00 ns, 0.0004 ns/op
OverheadWarmup   2: 31260672 op, 11286.00 ns, 0.0004 ns/op
OverheadWarmup   3: 31260672 op, 11194.00 ns, 0.0004 ns/op
OverheadWarmup   4: 31260672 op, 11177.00 ns, 0.0004 ns/op
OverheadWarmup   5: 31260672 op, 11216.00 ns, 0.0004 ns/op
OverheadWarmup   6: 31260672 op, 11180.00 ns, 0.0004 ns/op
OverheadWarmup   7: 31260672 op, 11170.00 ns, 0.0004 ns/op
OverheadWarmup   8: 31260672 op, 11211.00 ns, 0.0004 ns/op
OverheadWarmup   9: 31260672 op, 11169.00 ns, 0.0004 ns/op

OverheadActual   1: 31260672 op, 11419.00 ns, 0.0004 ns/op
OverheadActual   2: 31260672 op, 11383.00 ns, 0.0004 ns/op
OverheadActual   3: 31260672 op, 11378.00 ns, 0.0004 ns/op
OverheadActual   4: 31260672 op, 11189.00 ns, 0.0004 ns/op
OverheadActual   5: 31260672 op, 11371.00 ns, 0.0004 ns/op
OverheadActual   6: 31260672 op, 11165.00 ns, 0.0004 ns/op
OverheadActual   7: 31260672 op, 11192.00 ns, 0.0004 ns/op
OverheadActual   8: 31260672 op, 11172.00 ns, 0.0004 ns/op
OverheadActual   9: 31260672 op, 11148.00 ns, 0.0004 ns/op
OverheadActual  10: 31260672 op, 11167.00 ns, 0.0004 ns/op
OverheadActual  11: 31260672 op, 11179.00 ns, 0.0004 ns/op
OverheadActual  12: 31260672 op, 11192.00 ns, 0.0004 ns/op
OverheadActual  13: 31260672 op, 11182.00 ns, 0.0004 ns/op
OverheadActual  14: 31260672 op, 11177.00 ns, 0.0004 ns/op
OverheadActual  15: 31260672 op, 11180.00 ns, 0.0004 ns/op

WorkloadWarmup   1: 31260672 op, 258562885.00 ns, 8.2712 ns/op
WorkloadWarmup   2: 31260672 op, 250471787.00 ns, 8.0124 ns/op
WorkloadWarmup   3: 31260672 op, 250583093.00 ns, 8.0159 ns/op
WorkloadWarmup   4: 31260672 op, 250701276.00 ns, 8.0197 ns/op
WorkloadWarmup   5: 31260672 op, 254897153.00 ns, 8.1539 ns/op
WorkloadWarmup   6: 31260672 op, 250647678.00 ns, 8.0180 ns/op
WorkloadWarmup   7: 31260672 op, 252353432.00 ns, 8.0726 ns/op
WorkloadWarmup   8: 31260672 op, 213566328.00 ns, 6.8318 ns/op
WorkloadWarmup   9: 31260672 op, 78277111.00 ns, 2.5040 ns/op
WorkloadWarmup  10: 31260672 op, 78840316.00 ns, 2.5220 ns/op
WorkloadWarmup  11: 31260672 op, 78848631.00 ns, 2.5223 ns/op
WorkloadWarmup  12: 31260672 op, 79939392.00 ns, 2.5572 ns/op
WorkloadWarmup  13: 31260672 op, 79965999.00 ns, 2.5580 ns/op
WorkloadWarmup  14: 31260672 op, 78567743.00 ns, 2.5133 ns/op
WorkloadWarmup  15: 31260672 op, 78088849.00 ns, 2.4980 ns/op
WorkloadWarmup  16: 31260672 op, 77824648.00 ns, 2.4895 ns/op

// BeforeActualRun
WorkloadActual   1: 31260672 op, 77385876.00 ns, 2.4755 ns/op
WorkloadActual   2: 31260672 op, 77564826.00 ns, 2.4812 ns/op
WorkloadActual   3: 31260672 op, 77706719.00 ns, 2.4858 ns/op
WorkloadActual   4: 31260672 op, 77578032.00 ns, 2.4816 ns/op
WorkloadActual   5: 31260672 op, 77563341.00 ns, 2.4812 ns/op
WorkloadActual   6: 31260672 op, 77530643.00 ns, 2.4801 ns/op
WorkloadActual   7: 31260672 op, 77210424.00 ns, 2.4699 ns/op
WorkloadActual   8: 31260672 op, 77699624.00 ns, 2.4855 ns/op
WorkloadActual   9: 31260672 op, 77785750.00 ns, 2.4883 ns/op
WorkloadActual  10: 31260672 op, 78879116.00 ns, 2.5233 ns/op
WorkloadActual  11: 31260672 op, 77208128.00 ns, 2.4698 ns/op
WorkloadActual  12: 31260672 op, 77700315.00 ns, 2.4856 ns/op

// AfterActualRun
WorkloadResult   1: 31260672 op, 77374694.00 ns, 2.4751 ns/op
WorkloadResult   2: 31260672 op, 77553644.00 ns, 2.4809 ns/op
WorkloadResult   3: 31260672 op, 77695537.00 ns, 2.4854 ns/op
WorkloadResult   4: 31260672 op, 77566850.00 ns, 2.4813 ns/op
WorkloadResult   5: 31260672 op, 77552159.00 ns, 2.4808 ns/op
WorkloadResult   6: 31260672 op, 77519461.00 ns, 2.4798 ns/op
WorkloadResult   7: 31260672 op, 77199242.00 ns, 2.4695 ns/op
WorkloadResult   8: 31260672 op, 77688442.00 ns, 2.4852 ns/op
WorkloadResult   9: 31260672 op, 77774568.00 ns, 2.4879 ns/op
WorkloadResult  10: 31260672 op, 77196946.00 ns, 2.4695 ns/op
WorkloadResult  11: 31260672 op, 77689133.00 ns, 2.4852 ns/op
// GC:  0 0 0 0 31260672
// Threading:  0 0 31260672

// AfterAll
// Benchmark Process 511019 has exited with code 0.

Mean = 2.480 ns, StdErr = 0.002 ns (0.08%), N = 11, StdDev = 0.006 ns
Min = 2.469 ns, Q1 = 2.477 ns, Median = 2.481 ns, Q3 = 2.485 ns, Max = 2.488 ns
IQR = 0.008 ns, LowerFence = 2.466 ns, UpperFence = 2.497 ns
ConfidenceInterval = [2.471 ns; 2.489 ns] (CI 99.9%), Margin = 0.009 ns (0.35% of Mean)
Skewness = -0.57, Kurtosis = 1.85, MValue = 2

// ** Remained 29 (74.4 %) benchmark(s) to run. Estimated finish 2026-09-10 17:56 (0h 1m from now) **
// **************************
// Benchmark: SignedSeekBenchmarks.Typed: Jit(IterationCount=12, IterationTime=250ms, WarmupCount=16) [Case=RuntimeNegativeOne]
// *** Execute ***
// Launch: 1 / 1
// Execute: dotnet Alpha-Jit-1.dll --anonymousPipes 111 112 --benchmarkName "SignedSeekBenchmarks.Typed(Case: RuntimeNegativeOne)" --job Jit --benchmarkId 10 in /home/i/Work/tl-v1-coordination-16-signed-seek-integration/benchmarks/Alpha/bin/Release/net10.0/Alpha-Jit-1/bin/Release/net10.0
// Failed to set up high priority (Permission denied). In order to run benchmarks with high priority, make sure you have the right permissions.
// BeforeAnythingElse

// Benchmark Process Environment Information:
// BenchmarkDotNet v0.15.8
// Runtime=.NET 10.0.12 (10.0.12, 10.0.1226.42308), X64 RyuJIT x86-64-v3
// GC=Concurrent Workstation
// HardwareIntrinsics=AVX2+BMI1+BMI2+F16C+FMA+LZCNT+MOVBE,AVX,SSE3+SSSE3+SSE4.1+SSE4.2+POPCNT,X86Base+SSE+SSE2,AES+PCLMUL,AvxVnni,SERIALIZE VectorSize=256
// Job: Jit(IterationCount=12, IterationTime=250ms, WarmupCount=16)

OverheadJitting  1: 4096 op, 105495.00 ns, 25.7556 ns/op
WorkloadJitting  1: 4096 op, 320550.00 ns, 78.2593 ns/op

OverheadJitting  2: 65536 op, 121009.00 ns, 1.8465 ns/op
WorkloadJitting  2: 65536 op, 2997899.00 ns, 45.7443 ns/op

WorkloadPilot    1: 65536 op, 768377.00 ns, 11.7245 ns/op
WorkloadPilot    2: 21364736 op, 216803606.00 ns, 10.1477 ns/op
WorkloadPilot    3: 24641536 op, 249755447.00 ns, 10.1355 ns/op
WorkloadPilot    4: 24707072 op, 251687293.00 ns, 10.1869 ns/op
WorkloadPilot    5: 24576000 op, 249073143.00 ns, 10.1348 ns/op
WorkloadPilot    6: 24707072 op, 250087963.00 ns, 10.1221 ns/op

OverheadWarmup   1: 24707072 op, 9345.00 ns, 0.0004 ns/op
OverheadWarmup   2: 24707072 op, 8926.00 ns, 0.0004 ns/op
OverheadWarmup   3: 24707072 op, 8850.00 ns, 0.0004 ns/op
OverheadWarmup   4: 24707072 op, 8828.00 ns, 0.0004 ns/op
OverheadWarmup   5: 24707072 op, 8864.00 ns, 0.0004 ns/op
OverheadWarmup   6: 24707072 op, 8850.00 ns, 0.0004 ns/op
OverheadWarmup   7: 24707072 op, 8838.00 ns, 0.0004 ns/op
OverheadWarmup   8: 24707072 op, 8865.00 ns, 0.0004 ns/op
OverheadWarmup   9: 24707072 op, 8846.00 ns, 0.0004 ns/op

OverheadActual   1: 24707072 op, 9049.00 ns, 0.0004 ns/op
OverheadActual   2: 24707072 op, 9057.00 ns, 0.0004 ns/op
OverheadActual   3: 24707072 op, 9057.00 ns, 0.0004 ns/op
OverheadActual   4: 24707072 op, 8898.00 ns, 0.0004 ns/op
OverheadActual   5: 24707072 op, 9031.00 ns, 0.0004 ns/op
OverheadActual   6: 24707072 op, 8864.00 ns, 0.0004 ns/op
OverheadActual   7: 24707072 op, 8855.00 ns, 0.0004 ns/op
OverheadActual   8: 24707072 op, 8828.00 ns, 0.0004 ns/op
OverheadActual   9: 24707072 op, 8841.00 ns, 0.0004 ns/op
OverheadActual  10: 24707072 op, 8869.00 ns, 0.0004 ns/op
OverheadActual  11: 24707072 op, 8855.00 ns, 0.0004 ns/op
OverheadActual  12: 24707072 op, 8860.00 ns, 0.0004 ns/op
OverheadActual  13: 24707072 op, 8856.00 ns, 0.0004 ns/op
OverheadActual  14: 24707072 op, 8850.00 ns, 0.0004 ns/op
OverheadActual  15: 24707072 op, 8831.00 ns, 0.0004 ns/op

WorkloadWarmup   1: 24707072 op, 250585574.00 ns, 10.1423 ns/op
WorkloadWarmup   2: 24707072 op, 255081087.00 ns, 10.3242 ns/op
WorkloadWarmup   3: 24707072 op, 270146674.00 ns, 10.9340 ns/op
WorkloadWarmup   4: 24707072 op, 250583775.00 ns, 10.1422 ns/op
WorkloadWarmup   5: 24707072 op, 249786903.00 ns, 10.1099 ns/op
WorkloadWarmup   6: 24707072 op, 250313342.00 ns, 10.1312 ns/op
WorkloadWarmup   7: 24707072 op, 223773337.00 ns, 9.0571 ns/op
WorkloadWarmup   8: 24707072 op, 58592918.00 ns, 2.3715 ns/op
WorkloadWarmup   9: 24707072 op, 59526308.00 ns, 2.4093 ns/op
WorkloadWarmup  10: 24707072 op, 59056743.00 ns, 2.3903 ns/op
WorkloadWarmup  11: 24707072 op, 60808833.00 ns, 2.4612 ns/op
WorkloadWarmup  12: 24707072 op, 59787615.00 ns, 2.4199 ns/op
WorkloadWarmup  13: 24707072 op, 58741438.00 ns, 2.3775 ns/op
WorkloadWarmup  14: 24707072 op, 58441717.00 ns, 2.3654 ns/op
WorkloadWarmup  15: 24707072 op, 61857287.00 ns, 2.5036 ns/op
WorkloadWarmup  16: 24707072 op, 59568659.00 ns, 2.4110 ns/op

// BeforeActualRun
WorkloadActual   1: 24707072 op, 58528479.00 ns, 2.3689 ns/op
WorkloadActual   2: 24707072 op, 58391709.00 ns, 2.3634 ns/op
WorkloadActual   3: 24707072 op, 58654164.00 ns, 2.3740 ns/op
WorkloadActual   4: 24707072 op, 58296175.00 ns, 2.3595 ns/op
WorkloadActual   5: 24707072 op, 58631175.00 ns, 2.3731 ns/op
WorkloadActual   6: 24707072 op, 58281540.00 ns, 2.3589 ns/op
WorkloadActual   7: 24707072 op, 58507791.00 ns, 2.3681 ns/op
WorkloadActual   8: 24707072 op, 58193635.00 ns, 2.3553 ns/op
WorkloadActual   9: 24707072 op, 58494516.00 ns, 2.3675 ns/op
WorkloadActual  10: 24707072 op, 58580138.00 ns, 2.3710 ns/op
WorkloadActual  11: 24707072 op, 58503262.00 ns, 2.3679 ns/op
WorkloadActual  12: 24707072 op, 58487118.00 ns, 2.3672 ns/op

// AfterActualRun
WorkloadResult   1: 24707072 op, 58519619.00 ns, 2.3685 ns/op
WorkloadResult   2: 24707072 op, 58382849.00 ns, 2.3630 ns/op
WorkloadResult   3: 24707072 op, 58645304.00 ns, 2.3736 ns/op
WorkloadResult   4: 24707072 op, 58287315.00 ns, 2.3591 ns/op
WorkloadResult   5: 24707072 op, 58622315.00 ns, 2.3727 ns/op
WorkloadResult   6: 24707072 op, 58272680.00 ns, 2.3585 ns/op
WorkloadResult   7: 24707072 op, 58498931.00 ns, 2.3677 ns/op
WorkloadResult   8: 24707072 op, 58184775.00 ns, 2.3550 ns/op
WorkloadResult   9: 24707072 op, 58485656.00 ns, 2.3672 ns/op
WorkloadResult  10: 24707072 op, 58571278.00 ns, 2.3706 ns/op
WorkloadResult  11: 24707072 op, 58494402.00 ns, 2.3675 ns/op
WorkloadResult  12: 24707072 op, 58478258.00 ns, 2.3669 ns/op
// GC:  0 0 0 0 24707072
// Threading:  0 0 24707072

// AfterAll
// Benchmark Process 511087 has exited with code 0.

Mean = 2.366 ns, StdErr = 0.002 ns (0.07%), N = 12, StdDev = 0.006 ns
Min = 2.355 ns, Q1 = 2.362 ns, Median = 2.367 ns, Q3 = 2.369 ns, Max = 2.374 ns
IQR = 0.007 ns, LowerFence = 2.351 ns, UpperFence = 2.380 ns
ConfidenceInterval = [2.358 ns; 2.373 ns] (CI 99.9%), Margin = 0.007 ns (0.31% of Mean)
Skewness = -0.46, Kurtosis = 1.86, MValue = 2

// ** Remained 28 (71.8 %) benchmark(s) to run. Estimated finish 2026-09-10 17:56 (0h 1m from now) **
// **************************
// Benchmark: SignedSeekBenchmarks.Dynamic: Jit(IterationCount=12, IterationTime=250ms, WarmupCount=16) [Case=RuntimeNegativeOne]
// *** Execute ***
// Launch: 1 / 1
// Execute: dotnet Alpha-Jit-1.dll --anonymousPipes 111 112 --benchmarkName "SignedSeekBenchmarks.Dynamic(Case: RuntimeNegativeOne)" --job Jit --benchmarkId 11 in /home/i/Work/tl-v1-coordination-16-signed-seek-integration/benchmarks/Alpha/bin/Release/net10.0/Alpha-Jit-1/bin/Release/net10.0
// Failed to set up high priority (Permission denied). In order to run benchmarks with high priority, make sure you have the right permissions.
// BeforeAnythingElse

// Benchmark Process Environment Information:
// BenchmarkDotNet v0.15.8
// Runtime=.NET 10.0.12 (10.0.12, 10.0.1226.42308), X64 RyuJIT x86-64-v3
// GC=Concurrent Workstation
// HardwareIntrinsics=AVX2+BMI1+BMI2+F16C+FMA+LZCNT+MOVBE,AVX,SSE3+SSSE3+SSE4.1+SSE4.2+POPCNT,X86Base+SSE+SSE2,AES+PCLMUL,AvxVnni,SERIALIZE VectorSize=256
// Job: Jit(IterationCount=12, IterationTime=250ms, WarmupCount=16)

OverheadJitting  1: 4096 op, 100087.00 ns, 24.4353 ns/op
WorkloadJitting  1: 4096 op, 383472.00 ns, 93.6211 ns/op

OverheadJitting  2: 65536 op, 118941.00 ns, 1.8149 ns/op
WorkloadJitting  2: 65536 op, 3931923.00 ns, 59.9964 ns/op

WorkloadPilot    1: 65536 op, 3368594.00 ns, 51.4007 ns/op
WorkloadPilot    2: 4915200 op, 247399493.00 ns, 50.3336 ns/op
WorkloadPilot    3: 4980736 op, 250172894.00 ns, 50.2281 ns/op

OverheadWarmup   1: 4980736 op, 2373.00 ns, 0.0005 ns/op
OverheadWarmup   2: 4980736 op, 1887.00 ns, 0.0004 ns/op
OverheadWarmup   3: 4980736 op, 1856.00 ns, 0.0004 ns/op
OverheadWarmup   4: 4980736 op, 1815.00 ns, 0.0004 ns/op
OverheadWarmup   5: 4980736 op, 1861.00 ns, 0.0004 ns/op
OverheadWarmup   6: 4980736 op, 1834.00 ns, 0.0004 ns/op
OverheadWarmup   7: 4980736 op, 1823.00 ns, 0.0004 ns/op
OverheadWarmup   8: 4980736 op, 1840.00 ns, 0.0004 ns/op
OverheadWarmup   9: 4980736 op, 1882.00 ns, 0.0004 ns/op
OverheadWarmup  10: 4980736 op, 1845.00 ns, 0.0004 ns/op

OverheadActual   1: 4980736 op, 2011.00 ns, 0.0004 ns/op
OverheadActual   2: 4980736 op, 2028.00 ns, 0.0004 ns/op
OverheadActual   3: 4980736 op, 2034.00 ns, 0.0004 ns/op
OverheadActual   4: 4980736 op, 1861.00 ns, 0.0004 ns/op
OverheadActual   5: 4980736 op, 1993.00 ns, 0.0004 ns/op
OverheadActual   6: 4980736 op, 1851.00 ns, 0.0004 ns/op
OverheadActual   7: 4980736 op, 1881.00 ns, 0.0004 ns/op
OverheadActual   8: 4980736 op, 1836.00 ns, 0.0004 ns/op
OverheadActual   9: 4980736 op, 1822.00 ns, 0.0004 ns/op
OverheadActual  10: 4980736 op, 1851.00 ns, 0.0004 ns/op
OverheadActual  11: 4980736 op, 1835.00 ns, 0.0004 ns/op
OverheadActual  12: 4980736 op, 1823.00 ns, 0.0004 ns/op
OverheadActual  13: 4980736 op, 1844.00 ns, 0.0004 ns/op
OverheadActual  14: 4980736 op, 1817.00 ns, 0.0004 ns/op
OverheadActual  15: 4980736 op, 1849.00 ns, 0.0004 ns/op

WorkloadWarmup   1: 4980736 op, 250258028.00 ns, 50.2452 ns/op
WorkloadWarmup   2: 4980736 op, 249900042.00 ns, 50.1733 ns/op
WorkloadWarmup   3: 4980736 op, 250628224.00 ns, 50.3195 ns/op
WorkloadWarmup   4: 4980736 op, 250735270.00 ns, 50.3410 ns/op
WorkloadWarmup   5: 4980736 op, 249996930.00 ns, 50.1928 ns/op
WorkloadWarmup   6: 4980736 op, 200098665.00 ns, 40.1745 ns/op
WorkloadWarmup   7: 4980736 op, 42421966.00 ns, 8.5172 ns/op
WorkloadWarmup   8: 4980736 op, 42964094.00 ns, 8.6261 ns/op
WorkloadWarmup   9: 4980736 op, 42387466.00 ns, 8.5103 ns/op
WorkloadWarmup  10: 4980736 op, 45027290.00 ns, 9.0403 ns/op
WorkloadWarmup  11: 4980736 op, 43039448.00 ns, 8.6412 ns/op
WorkloadWarmup  12: 4980736 op, 41950087.00 ns, 8.4225 ns/op
WorkloadWarmup  13: 4980736 op, 41718204.00 ns, 8.3759 ns/op
WorkloadWarmup  14: 4980736 op, 45891152.00 ns, 9.2137 ns/op
WorkloadWarmup  15: 4980736 op, 41782186.00 ns, 8.3888 ns/op
WorkloadWarmup  16: 4980736 op, 42252252.00 ns, 8.4831 ns/op

// BeforeActualRun
WorkloadActual   1: 4980736 op, 41940035.00 ns, 8.4204 ns/op
WorkloadActual   2: 4980736 op, 42032068.00 ns, 8.4389 ns/op
WorkloadActual   3: 4980736 op, 42130904.00 ns, 8.4588 ns/op
WorkloadActual   4: 4980736 op, 42248263.00 ns, 8.4823 ns/op
WorkloadActual   5: 4980736 op, 41971588.00 ns, 8.4268 ns/op
WorkloadActual   6: 4980736 op, 41686303.00 ns, 8.3695 ns/op
WorkloadActual   7: 4980736 op, 42066895.00 ns, 8.4459 ns/op
WorkloadActual   8: 4980736 op, 42359013.00 ns, 8.5046 ns/op
WorkloadActual   9: 4980736 op, 41470447.00 ns, 8.3262 ns/op
WorkloadActual  10: 4980736 op, 41827549.00 ns, 8.3979 ns/op
WorkloadActual  11: 4980736 op, 41832295.00 ns, 8.3988 ns/op
WorkloadActual  12: 4980736 op, 42096750.00 ns, 8.4519 ns/op

// AfterActualRun
WorkloadResult   1: 4980736 op, 41938184.00 ns, 8.4201 ns/op
WorkloadResult   2: 4980736 op, 42030217.00 ns, 8.4386 ns/op
WorkloadResult   3: 4980736 op, 42129053.00 ns, 8.4584 ns/op
WorkloadResult   4: 4980736 op, 42246412.00 ns, 8.4820 ns/op
WorkloadResult   5: 4980736 op, 41969737.00 ns, 8.4264 ns/op
WorkloadResult   6: 4980736 op, 41684452.00 ns, 8.3691 ns/op
WorkloadResult   7: 4980736 op, 42065044.00 ns, 8.4455 ns/op
WorkloadResult   8: 4980736 op, 42357162.00 ns, 8.5042 ns/op
WorkloadResult   9: 4980736 op, 41468596.00 ns, 8.3258 ns/op
WorkloadResult  10: 4980736 op, 41825698.00 ns, 8.3975 ns/op
WorkloadResult  11: 4980736 op, 41830444.00 ns, 8.3984 ns/op
WorkloadResult  12: 4980736 op, 42094899.00 ns, 8.4515 ns/op
// GC:  0 0 0 0 4980736
// Threading:  0 0 4980736

// AfterAll
// Benchmark Process 511130 has exited with code 0.

Mean = 8.426 ns, StdErr = 0.014 ns (0.17%), N = 12, StdDev = 0.049 ns
Min = 8.326 ns, Q1 = 8.398 ns, Median = 8.432 ns, Q3 = 8.453 ns, Max = 8.504 ns
IQR = 0.055 ns, LowerFence = 8.316 ns, UpperFence = 8.536 ns
ConfidenceInterval = [8.364 ns; 8.489 ns] (CI 99.9%), Margin = 0.063 ns (0.74% of Mean)
Skewness = -0.4, Kurtosis = 2.36, MValue = 2

// ** Remained 27 (69.2 %) benchmark(s) to run. Estimated finish 2026-09-10 17:56 (0h 1m from now) **
// **************************
// Benchmark: SignedSeekBenchmarks.Direct: Jit(IterationCount=12, IterationTime=250ms, WarmupCount=16) [Case=AlternatingOne]
// *** Execute ***
// Launch: 1 / 1
// Execute: dotnet Alpha-Jit-1.dll --anonymousPipes 111 112 --benchmarkName "SignedSeekBenchmarks.Direct(Case: AlternatingOne)" --job Jit --benchmarkId 12 in /home/i/Work/tl-v1-coordination-16-signed-seek-integration/benchmarks/Alpha/bin/Release/net10.0/Alpha-Jit-1/bin/Release/net10.0
// Failed to set up high priority (Permission denied). In order to run benchmarks with high priority, make sure you have the right permissions.
// BeforeAnythingElse

// Benchmark Process Environment Information:
// BenchmarkDotNet v0.15.8
// Runtime=.NET 10.0.12 (10.0.12, 10.0.1226.42308), X64 RyuJIT x86-64-v3
// GC=Concurrent Workstation
// HardwareIntrinsics=AVX2+BMI1+BMI2+F16C+FMA+LZCNT+MOVBE,AVX,SSE3+SSSE3+SSE4.1+SSE4.2+POPCNT,X86Base+SSE+SSE2,AES+PCLMUL,AvxVnni,SERIALIZE VectorSize=256
// Job: Jit(IterationCount=12, IterationTime=250ms, WarmupCount=16)

OverheadJitting  1: 4096 op, 98997.00 ns, 24.1692 ns/op
WorkloadJitting  1: 4096 op, 261763.00 ns, 63.9070 ns/op

OverheadJitting  2: 65536 op, 119259.00 ns, 1.8197 ns/op
WorkloadJitting  2: 65536 op, 1740237.00 ns, 26.5539 ns/op

WorkloadPilot    1: 65536 op, 993002.00 ns, 15.1520 ns/op
WorkloadPilot    2: 16515072 op, 205037873.00 ns, 12.4152 ns/op
WorkloadPilot    3: 20185088 op, 247573331.00 ns, 12.2652 ns/op
WorkloadPilot    4: 20381696 op, 249403935.00 ns, 12.2367 ns/op
WorkloadPilot    5: 20447232 op, 249858510.00 ns, 12.2197 ns/op
WorkloadPilot    6: 20512768 op, 250585096.00 ns, 12.2161 ns/op

OverheadWarmup   1: 20512768 op, 6809.00 ns, 0.0003 ns/op
OverheadWarmup   2: 20512768 op, 6551.00 ns, 0.0003 ns/op
OverheadWarmup   3: 20512768 op, 6510.00 ns, 0.0003 ns/op
OverheadWarmup   4: 20512768 op, 6457.00 ns, 0.0003 ns/op
OverheadWarmup   5: 20512768 op, 6486.00 ns, 0.0003 ns/op
OverheadWarmup   6: 20512768 op, 6472.00 ns, 0.0003 ns/op
OverheadWarmup   7: 20512768 op, 6476.00 ns, 0.0003 ns/op
OverheadWarmup   8: 20512768 op, 6488.00 ns, 0.0003 ns/op
OverheadWarmup   9: 20512768 op, 6492.00 ns, 0.0003 ns/op
OverheadWarmup  10: 20512768 op, 6468.00 ns, 0.0003 ns/op

OverheadActual   1: 20512768 op, 6690.00 ns, 0.0003 ns/op
OverheadActual   2: 20512768 op, 6681.00 ns, 0.0003 ns/op
OverheadActual   3: 20512768 op, 6690.00 ns, 0.0003 ns/op
OverheadActual   4: 20512768 op, 6484.00 ns, 0.0003 ns/op
OverheadActual   5: 20512768 op, 6636.00 ns, 0.0003 ns/op
OverheadActual   6: 20512768 op, 10750.00 ns, 0.0005 ns/op
OverheadActual   7: 20512768 op, 6471.00 ns, 0.0003 ns/op
OverheadActual   8: 20512768 op, 6460.00 ns, 0.0003 ns/op
OverheadActual   9: 20512768 op, 10027.00 ns, 0.0005 ns/op
OverheadActual  10: 20512768 op, 6475.00 ns, 0.0003 ns/op
OverheadActual  11: 20512768 op, 6467.00 ns, 0.0003 ns/op
OverheadActual  12: 20512768 op, 6489.00 ns, 0.0003 ns/op
OverheadActual  13: 20512768 op, 6468.00 ns, 0.0003 ns/op
OverheadActual  14: 20512768 op, 6491.00 ns, 0.0003 ns/op
OverheadActual  15: 20512768 op, 6512.00 ns, 0.0003 ns/op

WorkloadWarmup   1: 20512768 op, 252190018.00 ns, 12.2943 ns/op
WorkloadWarmup   2: 20512768 op, 251388050.00 ns, 12.2552 ns/op
WorkloadWarmup   3: 20512768 op, 251023830.00 ns, 12.2374 ns/op
WorkloadWarmup   4: 20512768 op, 250903010.00 ns, 12.2316 ns/op
WorkloadWarmup   5: 20512768 op, 251252569.00 ns, 12.2486 ns/op
WorkloadWarmup   6: 20512768 op, 251600081.00 ns, 12.2655 ns/op
WorkloadWarmup   7: 20512768 op, 241487651.00 ns, 11.7726 ns/op
WorkloadWarmup   8: 20512768 op, 91059578.00 ns, 4.4392 ns/op
WorkloadWarmup   9: 20512768 op, 91766593.00 ns, 4.4736 ns/op
WorkloadWarmup  10: 20512768 op, 91777275.00 ns, 4.4742 ns/op
WorkloadWarmup  11: 20512768 op, 92878809.00 ns, 4.5279 ns/op
WorkloadWarmup  12: 20512768 op, 92138149.00 ns, 4.4917 ns/op
WorkloadWarmup  13: 20512768 op, 91690593.00 ns, 4.4699 ns/op
WorkloadWarmup  14: 20512768 op, 91796579.00 ns, 4.4751 ns/op
WorkloadWarmup  15: 20512768 op, 94400008.00 ns, 4.6020 ns/op
WorkloadWarmup  16: 20512768 op, 91088667.00 ns, 4.4406 ns/op

// BeforeActualRun
WorkloadActual   1: 20512768 op, 90974003.00 ns, 4.4350 ns/op
WorkloadActual   2: 20512768 op, 90930016.00 ns, 4.4328 ns/op
WorkloadActual   3: 20512768 op, 91224322.00 ns, 4.4472 ns/op
WorkloadActual   4: 20512768 op, 90975557.00 ns, 4.4351 ns/op
WorkloadActual   5: 20512768 op, 90699256.00 ns, 4.4216 ns/op
WorkloadActual   6: 20512768 op, 90937582.00 ns, 4.4332 ns/op
WorkloadActual   7: 20512768 op, 92584637.00 ns, 4.5135 ns/op
WorkloadActual   8: 20512768 op, 91416598.00 ns, 4.4566 ns/op
WorkloadActual   9: 20512768 op, 90832413.00 ns, 4.4281 ns/op
WorkloadActual  10: 20512768 op, 90884764.00 ns, 4.4306 ns/op
WorkloadActual  11: 20512768 op, 90840668.00 ns, 4.4285 ns/op
WorkloadActual  12: 20512768 op, 90734171.00 ns, 4.4233 ns/op

// AfterActualRun
WorkloadResult   1: 20512768 op, 90967512.00 ns, 4.4347 ns/op
WorkloadResult   2: 20512768 op, 90923525.00 ns, 4.4325 ns/op
WorkloadResult   3: 20512768 op, 91217831.00 ns, 4.4469 ns/op
WorkloadResult   4: 20512768 op, 90969066.00 ns, 4.4348 ns/op
WorkloadResult   5: 20512768 op, 90692765.00 ns, 4.4213 ns/op
WorkloadResult   6: 20512768 op, 90931091.00 ns, 4.4329 ns/op
WorkloadResult   7: 20512768 op, 90825922.00 ns, 4.4278 ns/op
WorkloadResult   8: 20512768 op, 90878273.00 ns, 4.4303 ns/op
WorkloadResult   9: 20512768 op, 90834177.00 ns, 4.4282 ns/op
WorkloadResult  10: 20512768 op, 90727680.00 ns, 4.4230 ns/op
// GC:  0 0 0 0 20512768
// Threading:  0 0 20512768

// AfterAll
// Benchmark Process 511172 has exited with code 0.

Mean = 4.431 ns, StdErr = 0.002 ns (0.05%), N = 10, StdDev = 0.007 ns
Min = 4.421 ns, Q1 = 4.428 ns, Median = 4.431 ns, Q3 = 4.434 ns, Max = 4.447 ns
IQR = 0.006 ns, LowerFence = 4.418 ns, UpperFence = 4.444 ns
ConfidenceInterval = [4.420 ns; 4.442 ns] (CI 99.9%), Margin = 0.011 ns (0.24% of Mean)
Skewness = 0.63, Kurtosis = 2.84, MValue = 2

// ** Remained 26 (66.7 %) benchmark(s) to run. Estimated finish 2026-09-10 17:56 (0h 1m from now) **
// **************************
// Benchmark: SignedSeekBenchmarks.Typed: Jit(IterationCount=12, IterationTime=250ms, WarmupCount=16) [Case=AlternatingOne]
// *** Execute ***
// Launch: 1 / 1
// Execute: dotnet Alpha-Jit-1.dll --anonymousPipes 111 112 --benchmarkName "SignedSeekBenchmarks.Typed(Case: AlternatingOne)" --job Jit --benchmarkId 13 in /home/i/Work/tl-v1-coordination-16-signed-seek-integration/benchmarks/Alpha/bin/Release/net10.0/Alpha-Jit-1/bin/Release/net10.0
// Failed to set up high priority (Permission denied). In order to run benchmarks with high priority, make sure you have the right permissions.
// BeforeAnythingElse

// Benchmark Process Environment Information:
// BenchmarkDotNet v0.15.8
// Runtime=.NET 10.0.12 (10.0.12, 10.0.1226.42308), X64 RyuJIT x86-64-v3
// GC=Concurrent Workstation
// HardwareIntrinsics=AVX2+BMI1+BMI2+F16C+FMA+LZCNT+MOVBE,AVX,SSE3+SSSE3+SSE4.1+SSE4.2+POPCNT,X86Base+SSE+SSE2,AES+PCLMUL,AvxVnni,SERIALIZE VectorSize=256
// Job: Jit(IterationCount=12, IterationTime=250ms, WarmupCount=16)

OverheadJitting  1: 4096 op, 98858.00 ns, 24.1353 ns/op
WorkloadJitting  1: 4096 op, 272890.00 ns, 66.6235 ns/op

OverheadJitting  2: 65536 op, 119942.00 ns, 1.8302 ns/op
WorkloadJitting  2: 65536 op, 3238449.00 ns, 49.4148 ns/op

WorkloadPilot    1: 65536 op, 893504.00 ns, 13.6338 ns/op
WorkloadPilot    2: 18350080 op, 194636503.00 ns, 10.6068 ns/op
WorkloadPilot    3: 23592960 op, 248761255.00 ns, 10.5439 ns/op
WorkloadPilot    4: 23724032 op, 248375378.00 ns, 10.4694 ns/op
WorkloadPilot    5: 23920640 op, 250182079.00 ns, 10.4588 ns/op

OverheadWarmup   1: 23920640 op, 12473.00 ns, 0.0005 ns/op
OverheadWarmup   2: 23920640 op, 7548.00 ns, 0.0003 ns/op
OverheadWarmup   3: 23920640 op, 7561.00 ns, 0.0003 ns/op
OverheadWarmup   4: 23920640 op, 7519.00 ns, 0.0003 ns/op
OverheadWarmup   5: 23920640 op, 7545.00 ns, 0.0003 ns/op
OverheadWarmup   6: 23920640 op, 10623.00 ns, 0.0004 ns/op
OverheadWarmup   7: 23920640 op, 7537.00 ns, 0.0003 ns/op

OverheadActual   1: 23920640 op, 7754.00 ns, 0.0003 ns/op
OverheadActual   2: 23920640 op, 7727.00 ns, 0.0003 ns/op
OverheadActual   3: 23920640 op, 7723.00 ns, 0.0003 ns/op
OverheadActual   4: 23920640 op, 7668.00 ns, 0.0003 ns/op
OverheadActual   5: 23920640 op, 7719.00 ns, 0.0003 ns/op
OverheadActual   6: 23920640 op, 7546.00 ns, 0.0003 ns/op
OverheadActual   7: 23920640 op, 7575.00 ns, 0.0003 ns/op
OverheadActual   8: 23920640 op, 7545.00 ns, 0.0003 ns/op
OverheadActual   9: 23920640 op, 7530.00 ns, 0.0003 ns/op
OverheadActual  10: 23920640 op, 7552.00 ns, 0.0003 ns/op
OverheadActual  11: 23920640 op, 7558.00 ns, 0.0003 ns/op
OverheadActual  12: 23920640 op, 7560.00 ns, 0.0003 ns/op
OverheadActual  13: 23920640 op, 7578.00 ns, 0.0003 ns/op
OverheadActual  14: 23920640 op, 7558.00 ns, 0.0003 ns/op
OverheadActual  15: 23920640 op, 7542.00 ns, 0.0003 ns/op

WorkloadWarmup   1: 23920640 op, 250724774.00 ns, 10.4815 ns/op
WorkloadWarmup   2: 23920640 op, 250531462.00 ns, 10.4734 ns/op
WorkloadWarmup   3: 23920640 op, 250041392.00 ns, 10.4530 ns/op
WorkloadWarmup   4: 23920640 op, 250410372.00 ns, 10.4684 ns/op
WorkloadWarmup   5: 23920640 op, 250346468.00 ns, 10.4657 ns/op
WorkloadWarmup   6: 23920640 op, 252905623.00 ns, 10.5727 ns/op
WorkloadWarmup   7: 23920640 op, 255414764.00 ns, 10.6776 ns/op
WorkloadWarmup   8: 23920640 op, 251226532.00 ns, 10.5025 ns/op
WorkloadWarmup   9: 23920640 op, 63476621.00 ns, 2.6536 ns/op
WorkloadWarmup  10: 23920640 op, 61509245.00 ns, 2.5714 ns/op
WorkloadWarmup  11: 23920640 op, 60999304.00 ns, 2.5501 ns/op
WorkloadWarmup  12: 23920640 op, 63311186.00 ns, 2.6467 ns/op
WorkloadWarmup  13: 23920640 op, 61457123.00 ns, 2.5692 ns/op
WorkloadWarmup  14: 23920640 op, 60562747.00 ns, 2.5318 ns/op
WorkloadWarmup  15: 23920640 op, 60088962.00 ns, 2.5120 ns/op
WorkloadWarmup  16: 23920640 op, 64090411.00 ns, 2.6793 ns/op

// BeforeActualRun
WorkloadActual   1: 23920640 op, 60163546.00 ns, 2.5151 ns/op
WorkloadActual   2: 23920640 op, 59859909.00 ns, 2.5024 ns/op
WorkloadActual   3: 23920640 op, 60623866.00 ns, 2.5344 ns/op
WorkloadActual   4: 23920640 op, 60021408.00 ns, 2.5092 ns/op
WorkloadActual   5: 23920640 op, 60239577.00 ns, 2.5183 ns/op
WorkloadActual   6: 23920640 op, 60200400.00 ns, 2.5167 ns/op
WorkloadActual   7: 23920640 op, 59954108.00 ns, 2.5064 ns/op
WorkloadActual   8: 23920640 op, 60099678.00 ns, 2.5125 ns/op
WorkloadActual   9: 23920640 op, 60263479.00 ns, 2.5193 ns/op
WorkloadActual  10: 23920640 op, 60242263.00 ns, 2.5184 ns/op
WorkloadActual  11: 23920640 op, 60136870.00 ns, 2.5140 ns/op
WorkloadActual  12: 23920640 op, 60087460.00 ns, 2.5120 ns/op

// AfterActualRun
WorkloadResult   1: 23920640 op, 60155986.00 ns, 2.5148 ns/op
WorkloadResult   2: 23920640 op, 59852349.00 ns, 2.5021 ns/op
WorkloadResult   3: 23920640 op, 60013848.00 ns, 2.5089 ns/op
WorkloadResult   4: 23920640 op, 60232017.00 ns, 2.5180 ns/op
WorkloadResult   5: 23920640 op, 60192840.00 ns, 2.5164 ns/op
WorkloadResult   6: 23920640 op, 59946548.00 ns, 2.5061 ns/op
WorkloadResult   7: 23920640 op, 60092118.00 ns, 2.5121 ns/op
WorkloadResult   8: 23920640 op, 60255919.00 ns, 2.5190 ns/op
WorkloadResult   9: 23920640 op, 60234703.00 ns, 2.5181 ns/op
WorkloadResult  10: 23920640 op, 60129310.00 ns, 2.5137 ns/op
WorkloadResult  11: 23920640 op, 60079900.00 ns, 2.5116 ns/op
// GC:  0 0 0 0 23920640
// Threading:  0 0 23920640

// AfterAll
// Benchmark Process 511214 has exited with code 0.

Mean = 2.513 ns, StdErr = 0.002 ns (0.06%), N = 11, StdDev = 0.005 ns
Min = 2.502 ns, Q1 = 2.510 ns, Median = 2.514 ns, Q3 = 2.517 ns, Max = 2.519 ns
IQR = 0.007 ns, LowerFence = 2.500 ns, UpperFence = 2.528 ns
ConfidenceInterval = [2.505 ns; 2.520 ns] (CI 99.9%), Margin = 0.007 ns (0.30% of Mean)
Skewness = -0.59, Kurtosis = 2.03, MValue = 2

// ** Remained 25 (64.1 %) benchmark(s) to run. Estimated finish 2026-09-10 17:56 (0h 1m from now) **
// **************************
// Benchmark: SignedSeekBenchmarks.Dynamic: Jit(IterationCount=12, IterationTime=250ms, WarmupCount=16) [Case=AlternatingOne]
// *** Execute ***
// Launch: 1 / 1
// Execute: dotnet Alpha-Jit-1.dll --anonymousPipes 111 112 --benchmarkName "SignedSeekBenchmarks.Dynamic(Case: AlternatingOne)" --job Jit --benchmarkId 14 in /home/i/Work/tl-v1-coordination-16-signed-seek-integration/benchmarks/Alpha/bin/Release/net10.0/Alpha-Jit-1/bin/Release/net10.0
// Failed to set up high priority (Permission denied). In order to run benchmarks with high priority, make sure you have the right permissions.
// BeforeAnythingElse

// Benchmark Process Environment Information:
// BenchmarkDotNet v0.15.8
// Runtime=.NET 10.0.12 (10.0.12, 10.0.1226.42308), X64 RyuJIT x86-64-v3
// GC=Concurrent Workstation
// HardwareIntrinsics=AVX2+BMI1+BMI2+F16C+FMA+LZCNT+MOVBE,AVX,SSE3+SSSE3+SSE4.1+SSE4.2+POPCNT,X86Base+SSE+SSE2,AES+PCLMUL,AvxVnni,SERIALIZE VectorSize=256
// Job: Jit(IterationCount=12, IterationTime=250ms, WarmupCount=16)

OverheadJitting  1: 4096 op, 103103.00 ns, 25.1716 ns/op
WorkloadJitting  1: 4096 op, 356752.00 ns, 87.0977 ns/op

OverheadJitting  2: 65536 op, 117665.00 ns, 1.7954 ns/op
WorkloadJitting  2: 65536 op, 3892530.00 ns, 59.3953 ns/op

WorkloadPilot    1: 65536 op, 3312212.00 ns, 50.5403 ns/op
WorkloadPilot    2: 4980736 op, 241829587.00 ns, 48.5530 ns/op
WorkloadPilot    3: 5177344 op, 250004438.00 ns, 48.2882 ns/op

OverheadWarmup   1: 5177344 op, 1985.00 ns, 0.0004 ns/op
OverheadWarmup   2: 5177344 op, 1683.00 ns, 0.0003 ns/op
OverheadWarmup   3: 5177344 op, 1690.00 ns, 0.0003 ns/op
OverheadWarmup   4: 5177344 op, 1662.00 ns, 0.0003 ns/op
OverheadWarmup   5: 5177344 op, 1683.00 ns, 0.0003 ns/op
OverheadWarmup   6: 5177344 op, 1670.00 ns, 0.0003 ns/op

OverheadActual   1: 5177344 op, 1902.00 ns, 0.0004 ns/op
OverheadActual   2: 5177344 op, 1911.00 ns, 0.0004 ns/op
OverheadActual   3: 5177344 op, 1884.00 ns, 0.0004 ns/op
OverheadActual   4: 5177344 op, 1744.00 ns, 0.0003 ns/op
OverheadActual   5: 5177344 op, 1871.00 ns, 0.0004 ns/op
OverheadActual   6: 5177344 op, 1694.00 ns, 0.0003 ns/op
OverheadActual   7: 5177344 op, 1677.00 ns, 0.0003 ns/op
OverheadActual   8: 5177344 op, 1672.00 ns, 0.0003 ns/op
OverheadActual   9: 5177344 op, 1699.00 ns, 0.0003 ns/op
OverheadActual  10: 5177344 op, 1661.00 ns, 0.0003 ns/op
OverheadActual  11: 5177344 op, 1674.00 ns, 0.0003 ns/op
OverheadActual  12: 5177344 op, 1694.00 ns, 0.0003 ns/op
OverheadActual  13: 5177344 op, 1680.00 ns, 0.0003 ns/op
OverheadActual  14: 5177344 op, 1666.00 ns, 0.0003 ns/op
OverheadActual  15: 5177344 op, 1679.00 ns, 0.0003 ns/op
OverheadActual  16: 5177344 op, 1665.00 ns, 0.0003 ns/op
OverheadActual  17: 5177344 op, 1691.00 ns, 0.0003 ns/op

WorkloadWarmup   1: 5177344 op, 249601411.00 ns, 48.2103 ns/op
WorkloadWarmup   2: 5177344 op, 249694412.00 ns, 48.2283 ns/op
WorkloadWarmup   3: 5177344 op, 249753337.00 ns, 48.2397 ns/op
WorkloadWarmup   4: 5177344 op, 249419636.00 ns, 48.1752 ns/op
WorkloadWarmup   5: 5177344 op, 249478081.00 ns, 48.1865 ns/op
WorkloadWarmup   6: 5177344 op, 234271510.00 ns, 45.2494 ns/op
WorkloadWarmup   7: 5177344 op, 35359079.00 ns, 6.8296 ns/op
WorkloadWarmup   8: 5177344 op, 35542173.00 ns, 6.8649 ns/op
WorkloadWarmup   9: 5177344 op, 35077900.00 ns, 6.7753 ns/op
WorkloadWarmup  10: 5177344 op, 36664430.00 ns, 7.0817 ns/op
WorkloadWarmup  11: 5177344 op, 35375784.00 ns, 6.8328 ns/op
WorkloadWarmup  12: 5177344 op, 34644470.00 ns, 6.6916 ns/op
WorkloadWarmup  13: 5177344 op, 34555537.00 ns, 6.6744 ns/op
WorkloadWarmup  14: 5177344 op, 38039222.00 ns, 7.3472 ns/op
WorkloadWarmup  15: 5177344 op, 34398948.00 ns, 6.6441 ns/op
WorkloadWarmup  16: 5177344 op, 34355562.00 ns, 6.6358 ns/op

// BeforeActualRun
WorkloadActual   1: 5177344 op, 34443557.00 ns, 6.6527 ns/op
WorkloadActual   2: 5177344 op, 34222713.00 ns, 6.6101 ns/op
WorkloadActual   3: 5177344 op, 34495517.00 ns, 6.6628 ns/op
WorkloadActual   4: 5177344 op, 34436152.00 ns, 6.6513 ns/op
WorkloadActual   5: 5177344 op, 34145800.00 ns, 6.5952 ns/op
WorkloadActual   6: 5177344 op, 34197646.00 ns, 6.6052 ns/op
WorkloadActual   7: 5177344 op, 34244766.00 ns, 6.6144 ns/op
WorkloadActual   8: 5177344 op, 34290564.00 ns, 6.6232 ns/op
WorkloadActual   9: 5177344 op, 34404925.00 ns, 6.6453 ns/op
WorkloadActual  10: 5177344 op, 34391937.00 ns, 6.6428 ns/op
WorkloadActual  11: 5177344 op, 34771698.00 ns, 6.7161 ns/op
WorkloadActual  12: 5177344 op, 34294802.00 ns, 6.6240 ns/op

// AfterActualRun
WorkloadResult   1: 5177344 op, 34441866.00 ns, 6.6524 ns/op
WorkloadResult   2: 5177344 op, 34221022.00 ns, 6.6098 ns/op
WorkloadResult   3: 5177344 op, 34493826.00 ns, 6.6625 ns/op
WorkloadResult   4: 5177344 op, 34434461.00 ns, 6.6510 ns/op
WorkloadResult   5: 5177344 op, 34144109.00 ns, 6.5949 ns/op
WorkloadResult   6: 5177344 op, 34195955.00 ns, 6.6049 ns/op
WorkloadResult   7: 5177344 op, 34243075.00 ns, 6.6140 ns/op
WorkloadResult   8: 5177344 op, 34288873.00 ns, 6.6229 ns/op
WorkloadResult   9: 5177344 op, 34403234.00 ns, 6.6450 ns/op
WorkloadResult  10: 5177344 op, 34390246.00 ns, 6.6424 ns/op
WorkloadResult  11: 5177344 op, 34293111.00 ns, 6.6237 ns/op
// GC:  0 0 0 0 5177344
// Threading:  0 0 5177344

// AfterAll
// Benchmark Process 511314 has exited with code 0.

Mean = 6.629 ns, StdErr = 0.007 ns (0.10%), N = 11, StdDev = 0.022 ns
Min = 6.595 ns, Q1 = 6.612 ns, Median = 6.624 ns, Q3 = 6.648 ns, Max = 6.662 ns
IQR = 0.036 ns, LowerFence = 6.558 ns, UpperFence = 6.702 ns
ConfidenceInterval = [6.599 ns; 6.660 ns] (CI 99.9%), Margin = 0.031 ns (0.47% of Mean)
Skewness = -0.03, Kurtosis = 1.37, MValue = 2

// ** Remained 24 (61.5 %) benchmark(s) to run. Estimated finish 2026-09-10 17:56 (0h 1m from now) **
// **************************
// Benchmark: SignedSeekBenchmarks.Direct: Jit(IterationCount=12, IterationTime=250ms, WarmupCount=16) [Case=LiteralPositiveFive]
// *** Execute ***
// Launch: 1 / 1
// Execute: dotnet Alpha-Jit-1.dll --anonymousPipes 111 112 --benchmarkName "SignedSeekBenchmarks.Direct(Case: LiteralPositiveFive)" --job Jit --benchmarkId 15 in /home/i/Work/tl-v1-coordination-16-signed-seek-integration/benchmarks/Alpha/bin/Release/net10.0/Alpha-Jit-1/bin/Release/net10.0
// Failed to set up high priority (Permission denied). In order to run benchmarks with high priority, make sure you have the right permissions.
// BeforeAnythingElse

// Benchmark Process Environment Information:
// BenchmarkDotNet v0.15.8
// Runtime=.NET 10.0.12 (10.0.12, 10.0.1226.42308), X64 RyuJIT x86-64-v3
// GC=Concurrent Workstation
// HardwareIntrinsics=AVX2+BMI1+BMI2+F16C+FMA+LZCNT+MOVBE,AVX,SSE3+SSSE3+SSE4.1+SSE4.2+POPCNT,X86Base+SSE+SSE2,AES+PCLMUL,AvxVnni,SERIALIZE VectorSize=256
// Job: Jit(IterationCount=12, IterationTime=250ms, WarmupCount=16)

OverheadJitting  1: 4096 op, 101857.00 ns, 24.8674 ns/op
WorkloadJitting  1: 4096 op, 609738.00 ns, 148.8618 ns/op

OverheadJitting  2: 65536 op, 119922.00 ns, 1.8299 ns/op
WorkloadJitting  2: 65536 op, 3023218.00 ns, 46.1306 ns/op

WorkloadPilot    1: 65536 op, 2210605.00 ns, 33.7312 ns/op
WorkloadPilot    2: 7471104 op, 234868105.00 ns, 31.4369 ns/op
WorkloadPilot    3: 7995392 op, 249593024.00 ns, 31.2171 ns/op
WorkloadPilot    4: 8060928 op, 251298457.00 ns, 31.1749 ns/op

OverheadWarmup   1: 8060928 op, 3159.00 ns, 0.0004 ns/op
OverheadWarmup   2: 8060928 op, 2999.00 ns, 0.0004 ns/op
OverheadWarmup   3: 8060928 op, 2973.00 ns, 0.0004 ns/op
OverheadWarmup   4: 8060928 op, 2948.00 ns, 0.0004 ns/op
OverheadWarmup   5: 8060928 op, 2981.00 ns, 0.0004 ns/op
OverheadWarmup   6: 8060928 op, 2975.00 ns, 0.0004 ns/op
OverheadWarmup   7: 8060928 op, 2962.00 ns, 0.0004 ns/op
OverheadWarmup   8: 8060928 op, 2953.00 ns, 0.0004 ns/op
OverheadWarmup   9: 8060928 op, 2956.00 ns, 0.0004 ns/op
OverheadWarmup  10: 8060928 op, 2965.00 ns, 0.0004 ns/op

OverheadActual   1: 8060928 op, 3101.00 ns, 0.0004 ns/op
OverheadActual   2: 8060928 op, 3126.00 ns, 0.0004 ns/op
OverheadActual   3: 8060928 op, 3174.00 ns, 0.0004 ns/op
OverheadActual   4: 8060928 op, 2990.00 ns, 0.0004 ns/op
OverheadActual   5: 8060928 op, 3117.00 ns, 0.0004 ns/op
OverheadActual   6: 8060928 op, 3011.00 ns, 0.0004 ns/op
OverheadActual   7: 8060928 op, 2952.00 ns, 0.0004 ns/op
OverheadActual   8: 8060928 op, 2957.00 ns, 0.0004 ns/op
OverheadActual   9: 8060928 op, 2953.00 ns, 0.0004 ns/op
OverheadActual  10: 8060928 op, 2943.00 ns, 0.0004 ns/op
OverheadActual  11: 8060928 op, 2945.00 ns, 0.0004 ns/op
OverheadActual  12: 8060928 op, 2945.00 ns, 0.0004 ns/op
OverheadActual  13: 8060928 op, 2968.00 ns, 0.0004 ns/op
OverheadActual  14: 8060928 op, 2941.00 ns, 0.0004 ns/op
OverheadActual  15: 8060928 op, 2957.00 ns, 0.0004 ns/op

WorkloadWarmup   1: 8060928 op, 282753603.00 ns, 35.0771 ns/op
WorkloadWarmup   2: 8060928 op, 261142520.00 ns, 32.3961 ns/op
WorkloadWarmup   3: 8060928 op, 251081155.00 ns, 31.1479 ns/op
WorkloadWarmup   4: 8060928 op, 250856430.00 ns, 31.1200 ns/op
WorkloadWarmup   5: 8060928 op, 187591034.00 ns, 23.2716 ns/op
WorkloadWarmup   6: 8060928 op, 61955082.00 ns, 7.6858 ns/op
WorkloadWarmup   7: 8060928 op, 63042143.00 ns, 7.8207 ns/op
WorkloadWarmup   8: 8060928 op, 62147444.00 ns, 7.7097 ns/op
WorkloadWarmup   9: 8060928 op, 64053750.00 ns, 7.9462 ns/op
WorkloadWarmup  10: 8060928 op, 62955921.00 ns, 7.8100 ns/op
WorkloadWarmup  11: 8060928 op, 62169153.00 ns, 7.7124 ns/op
WorkloadWarmup  12: 8060928 op, 62159042.00 ns, 7.7112 ns/op
WorkloadWarmup  13: 8060928 op, 62002144.00 ns, 7.6917 ns/op
WorkloadWarmup  14: 8060928 op, 61781038.00 ns, 7.6643 ns/op
WorkloadWarmup  15: 8060928 op, 61992564.00 ns, 7.6905 ns/op
WorkloadWarmup  16: 8060928 op, 62287603.00 ns, 7.7271 ns/op

// BeforeActualRun
WorkloadActual   1: 8060928 op, 61622572.00 ns, 7.6446 ns/op
WorkloadActual   2: 8060928 op, 62019060.00 ns, 7.6938 ns/op
WorkloadActual   3: 8060928 op, 61976856.00 ns, 7.6886 ns/op
WorkloadActual   4: 8060928 op, 61636575.00 ns, 7.6463 ns/op
WorkloadActual   5: 8060928 op, 62035696.00 ns, 7.6959 ns/op
WorkloadActual   6: 8060928 op, 61807218.00 ns, 7.6675 ns/op
WorkloadActual   7: 8060928 op, 61711641.00 ns, 7.6556 ns/op
WorkloadActual   8: 8060928 op, 61893459.00 ns, 7.6782 ns/op
WorkloadActual   9: 8060928 op, 61691767.00 ns, 7.6532 ns/op
WorkloadActual  10: 8060928 op, 62010367.00 ns, 7.6927 ns/op
WorkloadActual  11: 8060928 op, 61683578.00 ns, 7.6522 ns/op
WorkloadActual  12: 8060928 op, 62242499.00 ns, 7.7215 ns/op

// AfterActualRun
WorkloadResult   1: 8060928 op, 61619615.00 ns, 7.6442 ns/op
WorkloadResult   2: 8060928 op, 62016103.00 ns, 7.6934 ns/op
WorkloadResult   3: 8060928 op, 61973899.00 ns, 7.6882 ns/op
WorkloadResult   4: 8060928 op, 61633618.00 ns, 7.6460 ns/op
WorkloadResult   5: 8060928 op, 62032739.00 ns, 7.6955 ns/op
WorkloadResult   6: 8060928 op, 61804261.00 ns, 7.6671 ns/op
WorkloadResult   7: 8060928 op, 61708684.00 ns, 7.6553 ns/op
WorkloadResult   8: 8060928 op, 61890502.00 ns, 7.6778 ns/op
WorkloadResult   9: 8060928 op, 61688810.00 ns, 7.6528 ns/op
WorkloadResult  10: 8060928 op, 62007410.00 ns, 7.6923 ns/op
WorkloadResult  11: 8060928 op, 61680621.00 ns, 7.6518 ns/op
WorkloadResult  12: 8060928 op, 62239542.00 ns, 7.7211 ns/op
// GC:  0 0 0 0 8060928
// Threading:  0 0 8060928

// AfterAll
// Benchmark Process 511323 has exited with code 0.

Mean = 7.674 ns, StdErr = 0.007 ns (0.09%), N = 12, StdDev = 0.025 ns
Min = 7.644 ns, Q1 = 7.653 ns, Median = 7.672 ns, Q3 = 7.693 ns, Max = 7.721 ns
IQR = 0.040 ns, LowerFence = 7.592 ns, UpperFence = 7.753 ns
ConfidenceInterval = [7.642 ns; 7.705 ns] (CI 99.9%), Margin = 0.031 ns (0.41% of Mean)
Skewness = 0.33, Kurtosis = 1.72, MValue = 2

// ** Remained 23 (59.0 %) benchmark(s) to run. Estimated finish 2026-09-10 17:56 (0h 1m from now) **
// **************************
// Benchmark: SignedSeekBenchmarks.Typed: Jit(IterationCount=12, IterationTime=250ms, WarmupCount=16) [Case=LiteralPositiveFive]
// *** Execute ***
// Launch: 1 / 1
// Execute: dotnet Alpha-Jit-1.dll --anonymousPipes 111 112 --benchmarkName "SignedSeekBenchmarks.Typed(Case: LiteralPositiveFive)" --job Jit --benchmarkId 16 in /home/i/Work/tl-v1-coordination-16-signed-seek-integration/benchmarks/Alpha/bin/Release/net10.0/Alpha-Jit-1/bin/Release/net10.0
// Failed to set up high priority (Permission denied). In order to run benchmarks with high priority, make sure you have the right permissions.
// BeforeAnythingElse

// Benchmark Process Environment Information:
// BenchmarkDotNet v0.15.8
// Runtime=.NET 10.0.12 (10.0.12, 10.0.1226.42308), X64 RyuJIT x86-64-v3
// GC=Concurrent Workstation
// HardwareIntrinsics=AVX2+BMI1+BMI2+F16C+FMA+LZCNT+MOVBE,AVX,SSE3+SSSE3+SSE4.1+SSE4.2+POPCNT,X86Base+SSE+SSE2,AES+PCLMUL,AvxVnni,SERIALIZE VectorSize=256
// Job: Jit(IterationCount=12, IterationTime=250ms, WarmupCount=16)

OverheadJitting  1: 4096 op, 101888.00 ns, 24.8750 ns/op
WorkloadJitting  1: 4096 op, 561781.00 ns, 137.1536 ns/op

OverheadJitting  2: 65536 op, 118255.00 ns, 1.8044 ns/op
WorkloadJitting  2: 65536 op, 3071941.00 ns, 46.8741 ns/op

WorkloadPilot    1: 65536 op, 2005126.00 ns, 30.5958 ns/op
WorkloadPilot    2: 8192000 op, 242191153.00 ns, 29.5643 ns/op
WorkloadPilot    3: 8454144 op, 248516896.00 ns, 29.3959 ns/op
WorkloadPilot    4: 8519680 op, 250078232.00 ns, 29.3530 ns/op

OverheadWarmup   1: 8519680 op, 3472.00 ns, 0.0004 ns/op
OverheadWarmup   2: 8519680 op, 3164.00 ns, 0.0004 ns/op
OverheadWarmup   3: 8519680 op, 3124.00 ns, 0.0004 ns/op
OverheadWarmup   4: 8519680 op, 3127.00 ns, 0.0004 ns/op
OverheadWarmup   5: 8519680 op, 3149.00 ns, 0.0004 ns/op
OverheadWarmup   6: 8519680 op, 3096.00 ns, 0.0004 ns/op
OverheadWarmup   7: 8519680 op, 3117.00 ns, 0.0004 ns/op
OverheadWarmup   8: 8519680 op, 3124.00 ns, 0.0004 ns/op
OverheadWarmup   9: 8519680 op, 3136.00 ns, 0.0004 ns/op
OverheadWarmup  10: 8519680 op, 3135.00 ns, 0.0004 ns/op

OverheadActual   1: 8519680 op, 3296.00 ns, 0.0004 ns/op
OverheadActual   2: 8519680 op, 3293.00 ns, 0.0004 ns/op
OverheadActual   3: 8519680 op, 3285.00 ns, 0.0004 ns/op
OverheadActual   4: 8519680 op, 3157.00 ns, 0.0004 ns/op
OverheadActual   5: 8519680 op, 3290.00 ns, 0.0004 ns/op
OverheadActual   6: 8519680 op, 3108.00 ns, 0.0004 ns/op
OverheadActual   7: 8519680 op, 3120.00 ns, 0.0004 ns/op
OverheadActual   8: 8519680 op, 3121.00 ns, 0.0004 ns/op
OverheadActual   9: 8519680 op, 3112.00 ns, 0.0004 ns/op
OverheadActual  10: 8519680 op, 3109.00 ns, 0.0004 ns/op
OverheadActual  11: 8519680 op, 3121.00 ns, 0.0004 ns/op
OverheadActual  12: 8519680 op, 3121.00 ns, 0.0004 ns/op
OverheadActual  13: 8519680 op, 3109.00 ns, 0.0004 ns/op
OverheadActual  14: 8519680 op, 3115.00 ns, 0.0004 ns/op
OverheadActual  15: 8519680 op, 3134.00 ns, 0.0004 ns/op

WorkloadWarmup   1: 8519680 op, 250424061.00 ns, 29.3936 ns/op
WorkloadWarmup   2: 8519680 op, 250524432.00 ns, 29.4054 ns/op
WorkloadWarmup   3: 8519680 op, 251327754.00 ns, 29.4997 ns/op
WorkloadWarmup   4: 8519680 op, 251367172.00 ns, 29.5043 ns/op
WorkloadWarmup   5: 8519680 op, 214373602.00 ns, 25.1622 ns/op
WorkloadWarmup   6: 8519680 op, 61391836.00 ns, 7.2059 ns/op
WorkloadWarmup   7: 8519680 op, 62720391.00 ns, 7.3618 ns/op
WorkloadWarmup   8: 8519680 op, 61883379.00 ns, 7.2636 ns/op
WorkloadWarmup   9: 8519680 op, 63803012.00 ns, 7.4889 ns/op
WorkloadWarmup  10: 8519680 op, 62862186.00 ns, 7.3785 ns/op
WorkloadWarmup  11: 8519680 op, 61869483.00 ns, 7.2619 ns/op
WorkloadWarmup  12: 8519680 op, 62511371.00 ns, 7.3373 ns/op
WorkloadWarmup  13: 8519680 op, 61455345.00 ns, 7.2133 ns/op
WorkloadWarmup  14: 8519680 op, 61667035.00 ns, 7.2382 ns/op
WorkloadWarmup  15: 8519680 op, 61670994.00 ns, 7.2387 ns/op
WorkloadWarmup  16: 8519680 op, 61855589.00 ns, 7.2603 ns/op

// BeforeActualRun
WorkloadActual   1: 8519680 op, 61749446.00 ns, 7.2479 ns/op
WorkloadActual   2: 8519680 op, 61707666.00 ns, 7.2430 ns/op
WorkloadActual   3: 8519680 op, 61923481.00 ns, 7.2683 ns/op
WorkloadActual   4: 8519680 op, 61996926.00 ns, 7.2769 ns/op
WorkloadActual   5: 8519680 op, 61615266.00 ns, 7.2321 ns/op
WorkloadActual   6: 8519680 op, 61477676.00 ns, 7.2160 ns/op
WorkloadActual   7: 8519680 op, 61509091.00 ns, 7.2196 ns/op
WorkloadActual   8: 8519680 op, 61968105.00 ns, 7.2735 ns/op
WorkloadActual   9: 8519680 op, 62141707.00 ns, 7.2939 ns/op
WorkloadActual  10: 8519680 op, 61868109.00 ns, 7.2618 ns/op
WorkloadActual  11: 8519680 op, 63375198.00 ns, 7.4387 ns/op
WorkloadActual  12: 8519680 op, 61665293.00 ns, 7.2380 ns/op

// AfterActualRun
WorkloadResult   1: 8519680 op, 61746325.00 ns, 7.2475 ns/op
WorkloadResult   2: 8519680 op, 61704545.00 ns, 7.2426 ns/op
WorkloadResult   3: 8519680 op, 61920360.00 ns, 7.2679 ns/op
WorkloadResult   4: 8519680 op, 61993805.00 ns, 7.2765 ns/op
WorkloadResult   5: 8519680 op, 61612145.00 ns, 7.2317 ns/op
WorkloadResult   6: 8519680 op, 61474555.00 ns, 7.2156 ns/op
WorkloadResult   7: 8519680 op, 61505970.00 ns, 7.2193 ns/op
WorkloadResult   8: 8519680 op, 61964984.00 ns, 7.2732 ns/op
WorkloadResult   9: 8519680 op, 62138586.00 ns, 7.2935 ns/op
WorkloadResult  10: 8519680 op, 61864988.00 ns, 7.2614 ns/op
WorkloadResult  11: 8519680 op, 61662172.00 ns, 7.2376 ns/op
// GC:  0 0 0 0 8519680
// Threading:  0 0 8519680

// AfterAll
// Benchmark Process 511364 has exited with code 0.

Mean = 7.252 ns, StdErr = 0.008 ns (0.10%), N = 11, StdDev = 0.025 ns
Min = 7.216 ns, Q1 = 7.235 ns, Median = 7.247 ns, Q3 = 7.271 ns, Max = 7.294 ns
IQR = 0.036 ns, LowerFence = 7.181 ns, UpperFence = 7.324 ns
ConfidenceInterval = [7.217 ns; 7.286 ns] (CI 99.9%), Margin = 0.035 ns (0.48% of Mean)
Skewness = 0.08, Kurtosis = 1.58, MValue = 2

// ** Remained 22 (56.4 %) benchmark(s) to run. Estimated finish 2026-09-10 17:56 (0h 1m from now) **
// **************************
// Benchmark: SignedSeekBenchmarks.Dynamic: Jit(IterationCount=12, IterationTime=250ms, WarmupCount=16) [Case=LiteralPositiveFive]
// *** Execute ***
// Launch: 1 / 1
// Execute: dotnet Alpha-Jit-1.dll --anonymousPipes 111 112 --benchmarkName "SignedSeekBenchmarks.Dynamic(Case: LiteralPositiveFive)" --job Jit --benchmarkId 17 in /home/i/Work/tl-v1-coordination-16-signed-seek-integration/benchmarks/Alpha/bin/Release/net10.0/Alpha-Jit-1/bin/Release/net10.0
// Failed to set up high priority (Permission denied). In order to run benchmarks with high priority, make sure you have the right permissions.
// BeforeAnythingElse

// Benchmark Process Environment Information:
// BenchmarkDotNet v0.15.8
// Runtime=.NET 10.0.12 (10.0.12, 10.0.1226.42308), X64 RyuJIT x86-64-v3
// GC=Concurrent Workstation
// HardwareIntrinsics=AVX2+BMI1+BMI2+F16C+FMA+LZCNT+MOVBE,AVX,SSE3+SSSE3+SSE4.1+SSE4.2+POPCNT,X86Base+SSE+SSE2,AES+PCLMUL,AvxVnni,SERIALIZE VectorSize=256
// Job: Jit(IterationCount=12, IterationTime=250ms, WarmupCount=16)

OverheadJitting  1: 4096 op, 101828.00 ns, 24.8604 ns/op
WorkloadJitting  1: 4096 op, 673496.00 ns, 164.4277 ns/op

OverheadJitting  2: 65536 op, 120697.00 ns, 1.8417 ns/op
WorkloadJitting  2: 65536 op, 8099206.00 ns, 123.5841 ns/op

WorkloadPilot    1: 65536 op, 7516149.00 ns, 114.6873 ns/op
WorkloadPilot    2: 2228224 op, 250127184.00 ns, 112.2541 ns/op

OverheadWarmup   1: 2228224 op, 1413.00 ns, 0.0006 ns/op
OverheadWarmup   2: 2228224 op, 923.00 ns, 0.0004 ns/op
OverheadWarmup   3: 2228224 op, 880.00 ns, 0.0004 ns/op
OverheadWarmup   4: 2228224 op, 888.00 ns, 0.0004 ns/op
OverheadWarmup   5: 2228224 op, 917.00 ns, 0.0004 ns/op
OverheadWarmup   6: 2228224 op, 890.00 ns, 0.0004 ns/op
OverheadWarmup   7: 2228224 op, 891.00 ns, 0.0004 ns/op
OverheadWarmup   8: 2228224 op, 880.00 ns, 0.0004 ns/op

OverheadActual   1: 2228224 op, 1035.00 ns, 0.0005 ns/op
OverheadActual   2: 2228224 op, 1046.00 ns, 0.0005 ns/op
OverheadActual   3: 2228224 op, 1035.00 ns, 0.0005 ns/op
OverheadActual   4: 2228224 op, 946.00 ns, 0.0004 ns/op
OverheadActual   5: 2228224 op, 1028.00 ns, 0.0005 ns/op
OverheadActual   6: 2228224 op, 907.00 ns, 0.0004 ns/op
OverheadActual   7: 2228224 op, 870.00 ns, 0.0004 ns/op
OverheadActual   8: 2228224 op, 877.00 ns, 0.0004 ns/op
OverheadActual   9: 2228224 op, 865.00 ns, 0.0004 ns/op
OverheadActual  10: 2228224 op, 872.00 ns, 0.0004 ns/op
OverheadActual  11: 2228224 op, 891.00 ns, 0.0004 ns/op
OverheadActual  12: 2228224 op, 890.00 ns, 0.0004 ns/op
OverheadActual  13: 2228224 op, 876.00 ns, 0.0004 ns/op
OverheadActual  14: 2228224 op, 891.00 ns, 0.0004 ns/op
OverheadActual  15: 2228224 op, 885.00 ns, 0.0004 ns/op
OverheadActual  16: 2228224 op, 891.00 ns, 0.0004 ns/op
OverheadActual  17: 2228224 op, 888.00 ns, 0.0004 ns/op
OverheadActual  18: 2228224 op, 994.00 ns, 0.0004 ns/op
OverheadActual  19: 2228224 op, 881.00 ns, 0.0004 ns/op
OverheadActual  20: 2228224 op, 891.00 ns, 0.0004 ns/op

WorkloadWarmup   1: 2228224 op, 248797505.00 ns, 111.6573 ns/op
WorkloadWarmup   2: 2228224 op, 250189208.00 ns, 112.2819 ns/op
WorkloadWarmup   3: 2228224 op, 249490157.00 ns, 111.9682 ns/op
WorkloadWarmup   4: 2228224 op, 248900610.00 ns, 111.7036 ns/op
WorkloadWarmup   5: 2228224 op, 248843097.00 ns, 111.6778 ns/op
WorkloadWarmup   6: 2228224 op, 249152579.00 ns, 111.8167 ns/op
WorkloadWarmup   7: 2228224 op, 194366067.00 ns, 87.2291 ns/op
WorkloadWarmup   8: 2228224 op, 27514295.00 ns, 12.3481 ns/op
WorkloadWarmup   9: 2228224 op, 27539000.00 ns, 12.3592 ns/op
WorkloadWarmup  10: 2228224 op, 26869862.00 ns, 12.0589 ns/op
WorkloadWarmup  11: 2228224 op, 28673615.00 ns, 12.8684 ns/op
WorkloadWarmup  12: 2228224 op, 27678514.00 ns, 12.4218 ns/op
WorkloadWarmup  13: 2228224 op, 26755547.00 ns, 12.0076 ns/op
WorkloadWarmup  14: 2228224 op, 26501026.00 ns, 11.8933 ns/op
WorkloadWarmup  15: 2228224 op, 26531168.00 ns, 11.9069 ns/op
WorkloadWarmup  16: 2228224 op, 26566185.00 ns, 11.9226 ns/op

// BeforeActualRun
WorkloadActual   1: 2228224 op, 26617946.00 ns, 11.9458 ns/op
WorkloadActual   2: 2228224 op, 26577826.00 ns, 11.9278 ns/op
WorkloadActual   3: 2228224 op, 26417384.00 ns, 11.8558 ns/op
WorkloadActual   4: 2228224 op, 26516261.00 ns, 11.9002 ns/op
WorkloadActual   5: 2228224 op, 26678227.00 ns, 11.9729 ns/op
WorkloadActual   6: 2228224 op, 26452154.00 ns, 11.8714 ns/op
WorkloadActual   7: 2228224 op, 26519759.00 ns, 11.9017 ns/op
WorkloadActual   8: 2228224 op, 26587277.00 ns, 11.9320 ns/op
WorkloadActual   9: 2228224 op, 26613825.00 ns, 11.9440 ns/op
WorkloadActual  10: 2228224 op, 26544762.00 ns, 11.9130 ns/op
WorkloadActual  11: 2228224 op, 26646202.00 ns, 11.9585 ns/op
WorkloadActual  12: 2228224 op, 26565279.00 ns, 11.9222 ns/op

// AfterActualRun
WorkloadResult   1: 2228224 op, 26617055.00 ns, 11.9454 ns/op
WorkloadResult   2: 2228224 op, 26576935.00 ns, 11.9274 ns/op
WorkloadResult   3: 2228224 op, 26416493.00 ns, 11.8554 ns/op
WorkloadResult   4: 2228224 op, 26515370.00 ns, 11.8998 ns/op
WorkloadResult   5: 2228224 op, 26677336.00 ns, 11.9725 ns/op
WorkloadResult   6: 2228224 op, 26451263.00 ns, 11.8710 ns/op
WorkloadResult   7: 2228224 op, 26518868.00 ns, 11.9013 ns/op
WorkloadResult   8: 2228224 op, 26586386.00 ns, 11.9316 ns/op
WorkloadResult   9: 2228224 op, 26612934.00 ns, 11.9436 ns/op
WorkloadResult  10: 2228224 op, 26543871.00 ns, 11.9126 ns/op
WorkloadResult  11: 2228224 op, 26645311.00 ns, 11.9581 ns/op
WorkloadResult  12: 2228224 op, 26564388.00 ns, 11.9218 ns/op
// GC:  0 0 0 0 2228224
// Threading:  0 0 2228224

// AfterAll
// Benchmark Process 511411 has exited with code 0.

Mean = 11.920 ns, StdErr = 0.010 ns (0.08%), N = 12, StdDev = 0.034 ns
Min = 11.855 ns, Q1 = 11.901 ns, Median = 11.925 ns, Q3 = 11.944 ns, Max = 11.972 ns
IQR = 0.043 ns, LowerFence = 11.836 ns, UpperFence = 12.009 ns
ConfidenceInterval = [11.876 ns; 11.964 ns] (CI 99.9%), Margin = 0.044 ns (0.37% of Mean)
Skewness = -0.35, Kurtosis = 2.03, MValue = 2

// ** Remained 21 (53.8 %) benchmark(s) to run. Estimated finish 2026-09-10 17:56 (0h 1m from now) **
// **************************
// Benchmark: SignedSeekBenchmarks.Direct: Jit(IterationCount=12, IterationTime=250ms, WarmupCount=16) [Case=LiteralNegativeFive]
// *** Execute ***
// Launch: 1 / 1
// Execute: dotnet Alpha-Jit-1.dll --anonymousPipes 111 112 --benchmarkName "SignedSeekBenchmarks.Direct(Case: LiteralNegativeFive)" --job Jit --benchmarkId 18 in /home/i/Work/tl-v1-coordination-16-signed-seek-integration/benchmarks/Alpha/bin/Release/net10.0/Alpha-Jit-1/bin/Release/net10.0
// Failed to set up high priority (Permission denied). In order to run benchmarks with high priority, make sure you have the right permissions.
// BeforeAnythingElse

// Benchmark Process Environment Information:
// BenchmarkDotNet v0.15.8
// Runtime=.NET 10.0.12 (10.0.12, 10.0.1226.42308), X64 RyuJIT x86-64-v3
// GC=Concurrent Workstation
// HardwareIntrinsics=AVX2+BMI1+BMI2+F16C+FMA+LZCNT+MOVBE,AVX,SSE3+SSSE3+SSE4.1+SSE4.2+POPCNT,X86Base+SSE+SSE2,AES+PCLMUL,AvxVnni,SERIALIZE VectorSize=256
// Job: Jit(IterationCount=12, IterationTime=250ms, WarmupCount=16)

OverheadJitting  1: 4096 op, 100732.00 ns, 24.5928 ns/op
WorkloadJitting  1: 4096 op, 563191.00 ns, 137.4978 ns/op

OverheadJitting  2: 65536 op, 117889.00 ns, 1.7988 ns/op
WorkloadJitting  2: 65536 op, 2854781.00 ns, 43.5605 ns/op

WorkloadPilot    1: 65536 op, 2072116.00 ns, 31.6180 ns/op
WorkloadPilot    2: 7929856 op, 241210618.00 ns, 30.4180 ns/op
WorkloadPilot    3: 8257536 op, 250178870.00 ns, 30.2970 ns/op

OverheadWarmup   1: 8257536 op, 3319.00 ns, 0.0004 ns/op
OverheadWarmup   2: 8257536 op, 3045.00 ns, 0.0004 ns/op
OverheadWarmup   3: 8257536 op, 3006.00 ns, 0.0004 ns/op
OverheadWarmup   4: 8257536 op, 3011.00 ns, 0.0004 ns/op
OverheadWarmup   5: 8257536 op, 3030.00 ns, 0.0004 ns/op
OverheadWarmup   6: 8257536 op, 3014.00 ns, 0.0004 ns/op
OverheadWarmup   7: 8257536 op, 3002.00 ns, 0.0004 ns/op
OverheadWarmup   8: 8257536 op, 6114.00 ns, 0.0007 ns/op
OverheadWarmup   9: 8257536 op, 3008.00 ns, 0.0004 ns/op

OverheadActual   1: 8257536 op, 3209.00 ns, 0.0004 ns/op
OverheadActual   2: 8257536 op, 3195.00 ns, 0.0004 ns/op
OverheadActual   3: 8257536 op, 3219.00 ns, 0.0004 ns/op
OverheadActual   4: 8257536 op, 3061.00 ns, 0.0004 ns/op
OverheadActual   5: 8257536 op, 3223.00 ns, 0.0004 ns/op
OverheadActual   6: 8257536 op, 3049.00 ns, 0.0004 ns/op
OverheadActual   7: 8257536 op, 3025.00 ns, 0.0004 ns/op
OverheadActual   8: 8257536 op, 3026.00 ns, 0.0004 ns/op
OverheadActual   9: 8257536 op, 3001.00 ns, 0.0004 ns/op
OverheadActual  10: 8257536 op, 3021.00 ns, 0.0004 ns/op
OverheadActual  11: 8257536 op, 3020.00 ns, 0.0004 ns/op
OverheadActual  12: 8257536 op, 3033.00 ns, 0.0004 ns/op
OverheadActual  13: 8257536 op, 3034.00 ns, 0.0004 ns/op
OverheadActual  14: 8257536 op, 3020.00 ns, 0.0004 ns/op
OverheadActual  15: 8257536 op, 3043.00 ns, 0.0004 ns/op

WorkloadWarmup   1: 8257536 op, 250018297.00 ns, 30.2776 ns/op
WorkloadWarmup   2: 8257536 op, 250408650.00 ns, 30.3249 ns/op
WorkloadWarmup   3: 8257536 op, 251546901.00 ns, 30.4627 ns/op
WorkloadWarmup   4: 8257536 op, 249851237.00 ns, 30.2574 ns/op
WorkloadWarmup   5: 8257536 op, 249967031.00 ns, 30.2714 ns/op
WorkloadWarmup   6: 8257536 op, 216203704.00 ns, 26.1826 ns/op
WorkloadWarmup   7: 8257536 op, 70407402.00 ns, 8.5264 ns/op
WorkloadWarmup   8: 8257536 op, 71336208.00 ns, 8.6389 ns/op
WorkloadWarmup   9: 8257536 op, 73988535.00 ns, 8.9601 ns/op
WorkloadWarmup  10: 8257536 op, 72238921.00 ns, 8.7482 ns/op
WorkloadWarmup  11: 8257536 op, 72341231.00 ns, 8.7606 ns/op
WorkloadWarmup  12: 8257536 op, 71513246.00 ns, 8.6604 ns/op
WorkloadWarmup  13: 8257536 op, 70619068.00 ns, 8.5521 ns/op
WorkloadWarmup  14: 8257536 op, 71366280.00 ns, 8.6426 ns/op
WorkloadWarmup  15: 8257536 op, 70654007.00 ns, 8.5563 ns/op
WorkloadWarmup  16: 8257536 op, 70761845.00 ns, 8.5694 ns/op

// BeforeActualRun
WorkloadActual   1: 8257536 op, 70483913.00 ns, 8.5357 ns/op
WorkloadActual   2: 8257536 op, 70334941.00 ns, 8.5177 ns/op
WorkloadActual   3: 8257536 op, 69891892.00 ns, 8.4640 ns/op
WorkloadActual   4: 8257536 op, 70104871.00 ns, 8.4898 ns/op
WorkloadActual   5: 8257536 op, 70343026.00 ns, 8.5186 ns/op
WorkloadActual   6: 8257536 op, 70061421.00 ns, 8.4845 ns/op
WorkloadActual   7: 8257536 op, 70261563.00 ns, 8.5088 ns/op
WorkloadActual   8: 8257536 op, 70415782.00 ns, 8.5275 ns/op
WorkloadActual   9: 8257536 op, 70488944.00 ns, 8.5363 ns/op
WorkloadActual  10: 8257536 op, 70102735.00 ns, 8.4895 ns/op
WorkloadActual  11: 8257536 op, 70177561.00 ns, 8.4986 ns/op
WorkloadActual  12: 8257536 op, 70731620.00 ns, 8.5657 ns/op

// AfterActualRun
WorkloadResult   1: 8257536 op, 70480879.00 ns, 8.5353 ns/op
WorkloadResult   2: 8257536 op, 70331907.00 ns, 8.5173 ns/op
WorkloadResult   3: 8257536 op, 69888858.00 ns, 8.4636 ns/op
WorkloadResult   4: 8257536 op, 70101837.00 ns, 8.4894 ns/op
WorkloadResult   5: 8257536 op, 70339992.00 ns, 8.5183 ns/op
WorkloadResult   6: 8257536 op, 70058387.00 ns, 8.4842 ns/op
WorkloadResult   7: 8257536 op, 70258529.00 ns, 8.5084 ns/op
WorkloadResult   8: 8257536 op, 70412748.00 ns, 8.5271 ns/op
WorkloadResult   9: 8257536 op, 70485910.00 ns, 8.5359 ns/op
WorkloadResult  10: 8257536 op, 70099701.00 ns, 8.4892 ns/op
WorkloadResult  11: 8257536 op, 70174527.00 ns, 8.4982 ns/op
WorkloadResult  12: 8257536 op, 70728586.00 ns, 8.5653 ns/op
// GC:  0 0 0 0 8257536
// Threading:  0 0 8257536

// AfterAll
// Benchmark Process 511421 has exited with code 0.

Mean = 8.511 ns, StdErr = 0.008 ns (0.09%), N = 12, StdDev = 0.028 ns
Min = 8.464 ns, Q1 = 8.489 ns, Median = 8.513 ns, Q3 = 8.529 ns, Max = 8.565 ns
IQR = 0.040 ns, LowerFence = 8.430 ns, UpperFence = 8.589 ns
ConfidenceInterval = [8.475 ns; 8.547 ns] (CI 99.9%), Margin = 0.036 ns (0.42% of Mean)
Skewness = 0.18, Kurtosis = 2.12, MValue = 2

// ** Remained 20 (51.3 %) benchmark(s) to run. Estimated finish 2026-09-10 17:56 (0h 1m from now) **
// **************************
// Benchmark: SignedSeekBenchmarks.Typed: Jit(IterationCount=12, IterationTime=250ms, WarmupCount=16) [Case=LiteralNegativeFive]
// *** Execute ***
// Launch: 1 / 1
// Execute: dotnet Alpha-Jit-1.dll --anonymousPipes 111 112 --benchmarkName "SignedSeekBenchmarks.Typed(Case: LiteralNegativeFive)" --job Jit --benchmarkId 19 in /home/i/Work/tl-v1-coordination-16-signed-seek-integration/benchmarks/Alpha/bin/Release/net10.0/Alpha-Jit-1/bin/Release/net10.0
// Failed to set up high priority (Permission denied). In order to run benchmarks with high priority, make sure you have the right permissions.
// BeforeAnythingElse

// Benchmark Process Environment Information:
// BenchmarkDotNet v0.15.8
// Runtime=.NET 10.0.12 (10.0.12, 10.0.1226.42308), X64 RyuJIT x86-64-v3
// GC=Concurrent Workstation
// HardwareIntrinsics=AVX2+BMI1+BMI2+F16C+FMA+LZCNT+MOVBE,AVX,SSE3+SSSE3+SSE4.1+SSE4.2+POPCNT,X86Base+SSE+SSE2,AES+PCLMUL,AvxVnni,SERIALIZE VectorSize=256
// Job: Jit(IterationCount=12, IterationTime=250ms, WarmupCount=16)

OverheadJitting  1: 4096 op, 98644.00 ns, 24.0830 ns/op
WorkloadJitting  1: 4096 op, 663966.00 ns, 162.1011 ns/op

OverheadJitting  2: 65536 op, 122493.00 ns, 1.8691 ns/op
WorkloadJitting  2: 65536 op, 3501181.00 ns, 53.4238 ns/op

WorkloadPilot    1: 65536 op, 2348365.00 ns, 35.8332 ns/op
WorkloadPilot    2: 7012352 op, 239125369.00 ns, 34.1006 ns/op
WorkloadPilot    3: 7340032 op, 249683291.00 ns, 34.0166 ns/op
WorkloadPilot    4: 7405568 op, 250385816.00 ns, 33.8105 ns/op

OverheadWarmup   1: 7405568 op, 3015.00 ns, 0.0004 ns/op
OverheadWarmup   2: 7405568 op, 2780.00 ns, 0.0004 ns/op
OverheadWarmup   3: 7405568 op, 2724.00 ns, 0.0004 ns/op
OverheadWarmup   4: 7405568 op, 2707.00 ns, 0.0004 ns/op
OverheadWarmup   5: 7405568 op, 2753.00 ns, 0.0004 ns/op
OverheadWarmup   6: 7405568 op, 2710.00 ns, 0.0004 ns/op
OverheadWarmup   7: 7405568 op, 2722.00 ns, 0.0004 ns/op
OverheadWarmup   8: 7405568 op, 2729.00 ns, 0.0004 ns/op
OverheadWarmup   9: 7405568 op, 2726.00 ns, 0.0004 ns/op

OverheadActual   1: 7405568 op, 2886.00 ns, 0.0004 ns/op
OverheadActual   2: 7405568 op, 2892.00 ns, 0.0004 ns/op
OverheadActual   3: 7405568 op, 2895.00 ns, 0.0004 ns/op
OverheadActual   4: 7405568 op, 2757.00 ns, 0.0004 ns/op
OverheadActual   5: 7405568 op, 2886.00 ns, 0.0004 ns/op
OverheadActual   6: 7405568 op, 2713.00 ns, 0.0004 ns/op
OverheadActual   7: 7405568 op, 2724.00 ns, 0.0004 ns/op
OverheadActual   8: 7405568 op, 2717.00 ns, 0.0004 ns/op
OverheadActual   9: 7405568 op, 2722.00 ns, 0.0004 ns/op
OverheadActual  10: 7405568 op, 2730.00 ns, 0.0004 ns/op
OverheadActual  11: 7405568 op, 2733.00 ns, 0.0004 ns/op
OverheadActual  12: 7405568 op, 2712.00 ns, 0.0004 ns/op
OverheadActual  13: 7405568 op, 2704.00 ns, 0.0004 ns/op
OverheadActual  14: 7405568 op, 2688.00 ns, 0.0004 ns/op
OverheadActual  15: 7405568 op, 2718.00 ns, 0.0004 ns/op

WorkloadWarmup   1: 7405568 op, 250068495.00 ns, 33.7676 ns/op
WorkloadWarmup   2: 7405568 op, 249733874.00 ns, 33.7224 ns/op
WorkloadWarmup   3: 7405568 op, 250478562.00 ns, 33.8230 ns/op
WorkloadWarmup   4: 7405568 op, 250357044.00 ns, 33.8066 ns/op
WorkloadWarmup   5: 7405568 op, 210367011.00 ns, 28.4066 ns/op
WorkloadWarmup   6: 7405568 op, 52324130.00 ns, 7.0655 ns/op
WorkloadWarmup   7: 7405568 op, 53402449.00 ns, 7.2111 ns/op
WorkloadWarmup   8: 7405568 op, 52659764.00 ns, 7.1108 ns/op
WorkloadWarmup   9: 7405568 op, 55575273.00 ns, 7.5045 ns/op
WorkloadWarmup  10: 7405568 op, 53325000.00 ns, 7.2007 ns/op
WorkloadWarmup  11: 7405568 op, 52484621.00 ns, 7.0872 ns/op
WorkloadWarmup  12: 7405568 op, 52265671.00 ns, 7.0576 ns/op
WorkloadWarmup  13: 7405568 op, 55756767.00 ns, 7.5290 ns/op
WorkloadWarmup  14: 7405568 op, 52282989.00 ns, 7.0600 ns/op
WorkloadWarmup  15: 7405568 op, 52269957.00 ns, 7.0582 ns/op
WorkloadWarmup  16: 7405568 op, 52845006.00 ns, 7.1358 ns/op

// BeforeActualRun
WorkloadActual   1: 7405568 op, 52768841.00 ns, 7.1256 ns/op
WorkloadActual   2: 7405568 op, 52312912.00 ns, 7.0640 ns/op
WorkloadActual   3: 7405568 op, 52292517.00 ns, 7.0612 ns/op
WorkloadActual   4: 7405568 op, 52858989.00 ns, 7.1377 ns/op
WorkloadActual   5: 7405568 op, 52332174.00 ns, 7.0666 ns/op
WorkloadActual   6: 7405568 op, 52284550.00 ns, 7.0602 ns/op
WorkloadActual   7: 7405568 op, 52287333.00 ns, 7.0605 ns/op
WorkloadActual   8: 7405568 op, 52269865.00 ns, 7.0582 ns/op
WorkloadActual   9: 7405568 op, 52257967.00 ns, 7.0566 ns/op
WorkloadActual  10: 7405568 op, 52257953.00 ns, 7.0566 ns/op
WorkloadActual  11: 7405568 op, 52273540.00 ns, 7.0587 ns/op
WorkloadActual  12: 7405568 op, 52245018.00 ns, 7.0548 ns/op

// AfterActualRun
WorkloadResult   1: 7405568 op, 52310188.00 ns, 7.0636 ns/op
WorkloadResult   2: 7405568 op, 52289793.00 ns, 7.0609 ns/op
WorkloadResult   3: 7405568 op, 52329450.00 ns, 7.0662 ns/op
WorkloadResult   4: 7405568 op, 52281826.00 ns, 7.0598 ns/op
WorkloadResult   5: 7405568 op, 52284609.00 ns, 7.0602 ns/op
WorkloadResult   6: 7405568 op, 52267141.00 ns, 7.0578 ns/op
WorkloadResult   7: 7405568 op, 52255243.00 ns, 7.0562 ns/op
WorkloadResult   8: 7405568 op, 52255229.00 ns, 7.0562 ns/op
WorkloadResult   9: 7405568 op, 52270816.00 ns, 7.0583 ns/op
WorkloadResult  10: 7405568 op, 52242294.00 ns, 7.0545 ns/op
// GC:  0 0 0 0 7405568
// Threading:  0 0 7405568

// AfterAll
// Benchmark Process 511464 has exited with code 0.

Mean = 7.059 ns, StdErr = 0.001 ns (0.02%), N = 10, StdDev = 0.004 ns
Min = 7.054 ns, Q1 = 7.057 ns, Median = 7.059 ns, Q3 = 7.061 ns, Max = 7.066 ns
IQR = 0.004 ns, LowerFence = 7.050 ns, UpperFence = 7.067 ns
ConfidenceInterval = [7.054 ns; 7.065 ns] (CI 99.9%), Margin = 0.005 ns (0.08% of Mean)
Skewness = 0.47, Kurtosis = 2.01, MValue = 2

// ** Remained 19 (48.7 %) benchmark(s) to run. Estimated finish 2026-09-10 17:56 (0h 1m from now) **
// **************************
// Benchmark: SignedSeekBenchmarks.Dynamic: Jit(IterationCount=12, IterationTime=250ms, WarmupCount=16) [Case=LiteralNegativeFive]
// *** Execute ***
// Launch: 1 / 1
// Execute: dotnet Alpha-Jit-1.dll --anonymousPipes 111 112 --benchmarkName "SignedSeekBenchmarks.Dynamic(Case: LiteralNegativeFive)" --job Jit --benchmarkId 20 in /home/i/Work/tl-v1-coordination-16-signed-seek-integration/benchmarks/Alpha/bin/Release/net10.0/Alpha-Jit-1/bin/Release/net10.0
// Failed to set up high priority (Permission denied). In order to run benchmarks with high priority, make sure you have the right permissions.
// BeforeAnythingElse

// Benchmark Process Environment Information:
// BenchmarkDotNet v0.15.8
// Runtime=.NET 10.0.12 (10.0.12, 10.0.1226.42308), X64 RyuJIT x86-64-v3
// GC=Concurrent Workstation
// HardwareIntrinsics=AVX2+BMI1+BMI2+F16C+FMA+LZCNT+MOVBE,AVX,SSE3+SSSE3+SSE4.1+SSE4.2+POPCNT,X86Base+SSE+SSE2,AES+PCLMUL,AvxVnni,SERIALIZE VectorSize=256
// Job: Jit(IterationCount=12, IterationTime=250ms, WarmupCount=16)

OverheadJitting  1: 4096 op, 97627.00 ns, 23.8347 ns/op
WorkloadJitting  1: 4096 op, 718472.00 ns, 175.4082 ns/op

OverheadJitting  2: 65536 op, 119629.00 ns, 1.8254 ns/op
WorkloadJitting  2: 65536 op, 8757264.00 ns, 133.6252 ns/op

WorkloadPilot    1: 65536 op, 8251578.00 ns, 125.9091 ns/op
WorkloadPilot    2: 2031616 op, 253559772.00 ns, 124.8069 ns/op

OverheadWarmup   1: 2031616 op, 1046.00 ns, 0.0005 ns/op
OverheadWarmup   2: 2031616 op, 843.00 ns, 0.0004 ns/op
OverheadWarmup   3: 2031616 op, 814.00 ns, 0.0004 ns/op
OverheadWarmup   4: 2031616 op, 825.00 ns, 0.0004 ns/op
OverheadWarmup   5: 2031616 op, 858.00 ns, 0.0004 ns/op
OverheadWarmup   6: 2031616 op, 820.00 ns, 0.0004 ns/op
OverheadWarmup   7: 2031616 op, 812.00 ns, 0.0004 ns/op
OverheadWarmup   8: 2031616 op, 818.00 ns, 0.0004 ns/op
OverheadWarmup   9: 2031616 op, 833.00 ns, 0.0004 ns/op
OverheadWarmup  10: 2031616 op, 816.00 ns, 0.0004 ns/op

OverheadActual   1: 2031616 op, 955.00 ns, 0.0005 ns/op
OverheadActual   2: 2031616 op, 1006.00 ns, 0.0005 ns/op
OverheadActual   3: 2031616 op, 982.00 ns, 0.0005 ns/op
OverheadActual   4: 2031616 op, 959.00 ns, 0.0005 ns/op
OverheadActual   5: 2031616 op, 995.00 ns, 0.0005 ns/op
OverheadActual   6: 2031616 op, 833.00 ns, 0.0004 ns/op
OverheadActual   7: 2031616 op, 820.00 ns, 0.0004 ns/op
OverheadActual   8: 2031616 op, 788.00 ns, 0.0004 ns/op
OverheadActual   9: 2031616 op, 808.00 ns, 0.0004 ns/op
OverheadActual  10: 2031616 op, 822.00 ns, 0.0004 ns/op
OverheadActual  11: 2031616 op, 812.00 ns, 0.0004 ns/op
OverheadActual  12: 2031616 op, 795.00 ns, 0.0004 ns/op
OverheadActual  13: 2031616 op, 809.00 ns, 0.0004 ns/op
OverheadActual  14: 2031616 op, 791.00 ns, 0.0004 ns/op
OverheadActual  15: 2031616 op, 783.00 ns, 0.0004 ns/op
OverheadActual  16: 2031616 op, 792.00 ns, 0.0004 ns/op
OverheadActual  17: 2031616 op, 784.00 ns, 0.0004 ns/op
OverheadActual  18: 2031616 op, 986.00 ns, 0.0005 ns/op
OverheadActual  19: 2031616 op, 858.00 ns, 0.0004 ns/op
OverheadActual  20: 2031616 op, 833.00 ns, 0.0004 ns/op

WorkloadWarmup   1: 2031616 op, 249960609.00 ns, 123.0354 ns/op
WorkloadWarmup   2: 2031616 op, 249241418.00 ns, 122.6814 ns/op
WorkloadWarmup   3: 2031616 op, 249264142.00 ns, 122.6925 ns/op
WorkloadWarmup   4: 2031616 op, 249376507.00 ns, 122.7479 ns/op
WorkloadWarmup   5: 2031616 op, 249564683.00 ns, 122.8405 ns/op
WorkloadWarmup   6: 2031616 op, 249424463.00 ns, 122.7715 ns/op
WorkloadWarmup   7: 2031616 op, 178855421.00 ns, 88.0360 ns/op
WorkloadWarmup   8: 2031616 op, 24911626.00 ns, 12.2620 ns/op
WorkloadWarmup   9: 2031616 op, 25741271.00 ns, 12.6703 ns/op
WorkloadWarmup  10: 2031616 op, 25043115.00 ns, 12.3267 ns/op
WorkloadWarmup  11: 2031616 op, 26838302.00 ns, 13.2103 ns/op
WorkloadWarmup  12: 2031616 op, 26017421.00 ns, 12.8063 ns/op
WorkloadWarmup  13: 2031616 op, 25003053.00 ns, 12.3070 ns/op
WorkloadWarmup  14: 2031616 op, 25042558.00 ns, 12.3264 ns/op
WorkloadWarmup  15: 2031616 op, 28398286.00 ns, 13.9782 ns/op
WorkloadWarmup  16: 2031616 op, 24766406.00 ns, 12.1905 ns/op

// BeforeActualRun
WorkloadActual   1: 2031616 op, 24719506.00 ns, 12.1674 ns/op
WorkloadActual   2: 2031616 op, 24773352.00 ns, 12.1939 ns/op
WorkloadActual   3: 2031616 op, 24777792.00 ns, 12.1961 ns/op
WorkloadActual   4: 2031616 op, 24812583.00 ns, 12.2132 ns/op
WorkloadActual   5: 2031616 op, 24768549.00 ns, 12.1916 ns/op
WorkloadActual   6: 2031616 op, 24674002.00 ns, 12.1450 ns/op
WorkloadActual   7: 2031616 op, 24701663.00 ns, 12.1586 ns/op
WorkloadActual   8: 2031616 op, 24774277.00 ns, 12.1944 ns/op
WorkloadActual   9: 2031616 op, 24769042.00 ns, 12.1918 ns/op
WorkloadActual  10: 2031616 op, 24691968.00 ns, 12.1539 ns/op
WorkloadActual  11: 2031616 op, 24737717.00 ns, 12.1764 ns/op
WorkloadActual  12: 2031616 op, 24791052.00 ns, 12.2026 ns/op

// AfterActualRun
WorkloadResult   1: 2031616 op, 24718685.00 ns, 12.1670 ns/op
WorkloadResult   2: 2031616 op, 24772531.00 ns, 12.1935 ns/op
WorkloadResult   3: 2031616 op, 24776971.00 ns, 12.1957 ns/op
WorkloadResult   4: 2031616 op, 24811762.00 ns, 12.2128 ns/op
WorkloadResult   5: 2031616 op, 24767728.00 ns, 12.1911 ns/op
WorkloadResult   6: 2031616 op, 24673181.00 ns, 12.1446 ns/op
WorkloadResult   7: 2031616 op, 24700842.00 ns, 12.1582 ns/op
WorkloadResult   8: 2031616 op, 24773456.00 ns, 12.1940 ns/op
WorkloadResult   9: 2031616 op, 24768221.00 ns, 12.1914 ns/op
WorkloadResult  10: 2031616 op, 24691147.00 ns, 12.1535 ns/op
WorkloadResult  11: 2031616 op, 24736896.00 ns, 12.1760 ns/op
WorkloadResult  12: 2031616 op, 24790231.00 ns, 12.2022 ns/op
// GC:  0 0 0 0 2031616
// Threading:  0 0 2031616

// AfterAll
// Benchmark Process 511510 has exited with code 0.

Mean = 12.182 ns, StdErr = 0.006 ns (0.05%), N = 12, StdDev = 0.021 ns
Min = 12.145 ns, Q1 = 12.165 ns, Median = 12.191 ns, Q3 = 12.194 ns, Max = 12.213 ns
IQR = 0.030 ns, LowerFence = 12.120 ns, UpperFence = 12.239 ns
ConfidenceInterval = [12.154 ns; 12.209 ns] (CI 99.9%), Margin = 0.027 ns (0.22% of Mean)
Skewness = -0.36, Kurtosis = 1.63, MValue = 2

// ** Remained 18 (46.2 %) benchmark(s) to run. Estimated finish 2026-09-10 17:56 (0h 1m from now) **
// **************************
// Benchmark: SignedSeekBenchmarks.Direct: Jit(IterationCount=12, IterationTime=250ms, WarmupCount=16) [Case=RuntimePositiveFive]
// *** Execute ***
// Launch: 1 / 1
// Execute: dotnet Alpha-Jit-1.dll --anonymousPipes 111 112 --benchmarkName "SignedSeekBenchmarks.Direct(Case: RuntimePositiveFive)" --job Jit --benchmarkId 21 in /home/i/Work/tl-v1-coordination-16-signed-seek-integration/benchmarks/Alpha/bin/Release/net10.0/Alpha-Jit-1/bin/Release/net10.0
// Failed to set up high priority (Permission denied). In order to run benchmarks with high priority, make sure you have the right permissions.
// BeforeAnythingElse

// Benchmark Process Environment Information:
// BenchmarkDotNet v0.15.8
// Runtime=.NET 10.0.12 (10.0.12, 10.0.1226.42308), X64 RyuJIT x86-64-v3
// GC=Concurrent Workstation
// HardwareIntrinsics=AVX2+BMI1+BMI2+F16C+FMA+LZCNT+MOVBE,AVX,SSE3+SSSE3+SSE4.1+SSE4.2+POPCNT,X86Base+SSE+SSE2,AES+PCLMUL,AvxVnni,SERIALIZE VectorSize=256
// Job: Jit(IterationCount=12, IterationTime=250ms, WarmupCount=16)

OverheadJitting  1: 4096 op, 124603.00 ns, 30.4207 ns/op
WorkloadJitting  1: 4096 op, 558208.00 ns, 136.2813 ns/op

OverheadJitting  2: 65536 op, 117580.00 ns, 1.7941 ns/op
WorkloadJitting  2: 65536 op, 3375594.00 ns, 51.5075 ns/op

WorkloadPilot    1: 65536 op, 2464054.00 ns, 37.5985 ns/op
WorkloadPilot    2: 6684672 op, 238516694.00 ns, 35.6811 ns/op
WorkloadPilot    3: 7012352 op, 252101366.00 ns, 35.9510 ns/op

OverheadWarmup   1: 7012352 op, 3012.00 ns, 0.0004 ns/op
OverheadWarmup   2: 7012352 op, 2626.00 ns, 0.0004 ns/op
OverheadWarmup   3: 7012352 op, 2576.00 ns, 0.0004 ns/op
OverheadWarmup   4: 7012352 op, 2543.00 ns, 0.0004 ns/op
OverheadWarmup   5: 7012352 op, 2576.00 ns, 0.0004 ns/op
OverheadWarmup   6: 7012352 op, 2563.00 ns, 0.0004 ns/op
OverheadWarmup   7: 7012352 op, 2550.00 ns, 0.0004 ns/op
OverheadWarmup   8: 7012352 op, 2551.00 ns, 0.0004 ns/op
OverheadWarmup   9: 7012352 op, 2544.00 ns, 0.0004 ns/op

OverheadActual   1: 7012352 op, 2808.00 ns, 0.0004 ns/op
OverheadActual   2: 7012352 op, 2780.00 ns, 0.0004 ns/op
OverheadActual   3: 7012352 op, 2795.00 ns, 0.0004 ns/op
OverheadActual   4: 7012352 op, 2593.00 ns, 0.0004 ns/op
OverheadActual   5: 7012352 op, 2751.00 ns, 0.0004 ns/op
OverheadActual   6: 7012352 op, 2566.00 ns, 0.0004 ns/op
OverheadActual   7: 7012352 op, 2555.00 ns, 0.0004 ns/op
OverheadActual   8: 7012352 op, 2544.00 ns, 0.0004 ns/op
OverheadActual   9: 7012352 op, 2562.00 ns, 0.0004 ns/op
OverheadActual  10: 7012352 op, 2558.00 ns, 0.0004 ns/op
OverheadActual  11: 7012352 op, 2562.00 ns, 0.0004 ns/op
OverheadActual  12: 7012352 op, 2569.00 ns, 0.0004 ns/op
OverheadActual  13: 7012352 op, 2583.00 ns, 0.0004 ns/op
OverheadActual  14: 7012352 op, 2564.00 ns, 0.0004 ns/op
OverheadActual  15: 7012352 op, 2571.00 ns, 0.0004 ns/op

WorkloadWarmup   1: 7012352 op, 249611142.00 ns, 35.5959 ns/op
WorkloadWarmup   2: 7012352 op, 251554177.00 ns, 35.8730 ns/op
WorkloadWarmup   3: 7012352 op, 249029638.00 ns, 35.5130 ns/op
WorkloadWarmup   4: 7012352 op, 248668799.00 ns, 35.4615 ns/op
WorkloadWarmup   5: 7012352 op, 248861104.00 ns, 35.4890 ns/op
WorkloadWarmup   6: 7012352 op, 204236191.00 ns, 29.1252 ns/op
WorkloadWarmup   7: 7012352 op, 61956572.00 ns, 8.8353 ns/op
WorkloadWarmup   8: 7012352 op, 62396982.00 ns, 8.8982 ns/op
WorkloadWarmup   9: 7012352 op, 61658866.00 ns, 8.7929 ns/op
WorkloadWarmup  10: 7012352 op, 63067163.00 ns, 8.9937 ns/op
WorkloadWarmup  11: 7012352 op, 62561531.00 ns, 8.9216 ns/op
WorkloadWarmup  12: 7012352 op, 61884170.00 ns, 8.8250 ns/op
WorkloadWarmup  13: 7012352 op, 61580354.00 ns, 8.7817 ns/op
WorkloadWarmup  14: 7012352 op, 61039703.00 ns, 8.7046 ns/op
WorkloadWarmup  15: 7012352 op, 61298555.00 ns, 8.7415 ns/op
WorkloadWarmup  16: 7012352 op, 60809836.00 ns, 8.6718 ns/op

// BeforeActualRun
WorkloadActual   1: 7012352 op, 61526108.00 ns, 8.7740 ns/op
WorkloadActual   2: 7012352 op, 60934340.00 ns, 8.6896 ns/op
WorkloadActual   3: 7012352 op, 60991420.00 ns, 8.6977 ns/op
WorkloadActual   4: 7012352 op, 60874714.00 ns, 8.6811 ns/op
WorkloadActual   5: 7012352 op, 61044650.00 ns, 8.7053 ns/op
WorkloadActual   6: 7012352 op, 61511818.00 ns, 8.7719 ns/op
WorkloadActual   7: 7012352 op, 60954920.00 ns, 8.6925 ns/op
WorkloadActual   8: 7012352 op, 61213107.00 ns, 8.7293 ns/op
WorkloadActual   9: 7012352 op, 60714107.00 ns, 8.6582 ns/op
WorkloadActual  10: 7012352 op, 61383868.00 ns, 8.7537 ns/op
WorkloadActual  11: 7012352 op, 61114639.00 ns, 8.7153 ns/op
WorkloadActual  12: 7012352 op, 61004951.00 ns, 8.6996 ns/op

// AfterActualRun
WorkloadResult   1: 7012352 op, 61523539.00 ns, 8.7736 ns/op
WorkloadResult   2: 7012352 op, 60931771.00 ns, 8.6892 ns/op
WorkloadResult   3: 7012352 op, 60988851.00 ns, 8.6973 ns/op
WorkloadResult   4: 7012352 op, 60872145.00 ns, 8.6807 ns/op
WorkloadResult   5: 7012352 op, 61042081.00 ns, 8.7049 ns/op
WorkloadResult   6: 7012352 op, 61509249.00 ns, 8.7716 ns/op
WorkloadResult   7: 7012352 op, 60952351.00 ns, 8.6921 ns/op
WorkloadResult   8: 7012352 op, 61210538.00 ns, 8.7290 ns/op
WorkloadResult   9: 7012352 op, 60711538.00 ns, 8.6578 ns/op
WorkloadResult  10: 7012352 op, 61381299.00 ns, 8.7533 ns/op
WorkloadResult  11: 7012352 op, 61112070.00 ns, 8.7149 ns/op
WorkloadResult  12: 7012352 op, 61002382.00 ns, 8.6993 ns/op
// GC:  0 0 0 0 7012352
// Threading:  0 0 7012352

// AfterAll
// Benchmark Process 511517 has exited with code 0.

Mean = 8.714 ns, StdErr = 0.011 ns (0.12%), N = 12, StdDev = 0.036 ns
Min = 8.658 ns, Q1 = 8.691 ns, Median = 8.702 ns, Q3 = 8.735 ns, Max = 8.774 ns
IQR = 0.044 ns, LowerFence = 8.626 ns, UpperFence = 8.801 ns
ConfidenceInterval = [8.667 ns; 8.760 ns] (CI 99.9%), Margin = 0.047 ns (0.53% of Mean)
Skewness = 0.4, Kurtosis = 1.82, MValue = 2

// ** Remained 17 (43.6 %) benchmark(s) to run. Estimated finish 2026-09-10 17:56 (0h 1m from now) **
// **************************
// Benchmark: SignedSeekBenchmarks.Typed: Jit(IterationCount=12, IterationTime=250ms, WarmupCount=16) [Case=RuntimePositiveFive]
// *** Execute ***
// Launch: 1 / 1
// Execute: dotnet Alpha-Jit-1.dll --anonymousPipes 111 112 --benchmarkName "SignedSeekBenchmarks.Typed(Case: RuntimePositiveFive)" --job Jit --benchmarkId 22 in /home/i/Work/tl-v1-coordination-16-signed-seek-integration/benchmarks/Alpha/bin/Release/net10.0/Alpha-Jit-1/bin/Release/net10.0
// Failed to set up high priority (Permission denied). In order to run benchmarks with high priority, make sure you have the right permissions.
// BeforeAnythingElse

// Benchmark Process Environment Information:
// BenchmarkDotNet v0.15.8
// Runtime=.NET 10.0.12 (10.0.12, 10.0.1226.42308), X64 RyuJIT x86-64-v3
// GC=Concurrent Workstation
// HardwareIntrinsics=AVX2+BMI1+BMI2+F16C+FMA+LZCNT+MOVBE,AVX,SSE3+SSSE3+SSE4.1+SSE4.2+POPCNT,X86Base+SSE+SSE2,AES+PCLMUL,AvxVnni,SERIALIZE VectorSize=256
// Job: Jit(IterationCount=12, IterationTime=250ms, WarmupCount=16)

OverheadJitting  1: 4096 op, 101979.00 ns, 24.8972 ns/op
WorkloadJitting  1: 4096 op, 562549.00 ns, 137.3411 ns/op

OverheadJitting  2: 65536 op, 119817.00 ns, 1.8283 ns/op
WorkloadJitting  2: 65536 op, 4352804.00 ns, 66.4185 ns/op

WorkloadPilot    1: 65536 op, 2067441.00 ns, 31.5466 ns/op
WorkloadPilot    2: 7929856 op, 239659798.00 ns, 30.2225 ns/op
WorkloadPilot    3: 8323072 op, 250582346.00 ns, 30.1070 ns/op

OverheadWarmup   1: 8323072 op, 3413.00 ns, 0.0004 ns/op
OverheadWarmup   2: 8323072 op, 3140.00 ns, 0.0004 ns/op
OverheadWarmup   3: 8323072 op, 3040.00 ns, 0.0004 ns/op
OverheadWarmup   4: 8323072 op, 3022.00 ns, 0.0004 ns/op
OverheadWarmup   5: 8323072 op, 3030.00 ns, 0.0004 ns/op
OverheadWarmup   6: 8323072 op, 3050.00 ns, 0.0004 ns/op
OverheadWarmup   7: 8323072 op, 3007.00 ns, 0.0004 ns/op
OverheadWarmup   8: 8323072 op, 3038.00 ns, 0.0004 ns/op
OverheadWarmup   9: 8323072 op, 3031.00 ns, 0.0004 ns/op

OverheadActual   1: 8323072 op, 3308.00 ns, 0.0004 ns/op
OverheadActual   2: 8323072 op, 3232.00 ns, 0.0004 ns/op
OverheadActual   3: 8323072 op, 3216.00 ns, 0.0004 ns/op
OverheadActual   4: 8323072 op, 3051.00 ns, 0.0004 ns/op
OverheadActual   5: 8323072 op, 3203.00 ns, 0.0004 ns/op
OverheadActual   6: 8323072 op, 3031.00 ns, 0.0004 ns/op
OverheadActual   7: 8323072 op, 3010.00 ns, 0.0004 ns/op
OverheadActual   8: 8323072 op, 3011.00 ns, 0.0004 ns/op
OverheadActual   9: 8323072 op, 3027.00 ns, 0.0004 ns/op
OverheadActual  10: 8323072 op, 3020.00 ns, 0.0004 ns/op
OverheadActual  11: 8323072 op, 3006.00 ns, 0.0004 ns/op
OverheadActual  12: 8323072 op, 3025.00 ns, 0.0004 ns/op
OverheadActual  13: 8323072 op, 3026.00 ns, 0.0004 ns/op
OverheadActual  14: 8323072 op, 3017.00 ns, 0.0004 ns/op
OverheadActual  15: 8323072 op, 3035.00 ns, 0.0004 ns/op

WorkloadWarmup   1: 8323072 op, 249831576.00 ns, 30.0168 ns/op
WorkloadWarmup   2: 8323072 op, 249839298.00 ns, 30.0177 ns/op
WorkloadWarmup   3: 8323072 op, 250163654.00 ns, 30.0566 ns/op
WorkloadWarmup   4: 8323072 op, 249896405.00 ns, 30.0245 ns/op
WorkloadWarmup   5: 8323072 op, 249658555.00 ns, 29.9960 ns/op
WorkloadWarmup   6: 8323072 op, 224200882.00 ns, 26.9373 ns/op
WorkloadWarmup   7: 8323072 op, 60867691.00 ns, 7.3131 ns/op
WorkloadWarmup   8: 8323072 op, 61695221.00 ns, 7.4126 ns/op
WorkloadWarmup   9: 8323072 op, 61853088.00 ns, 7.4315 ns/op
WorkloadWarmup  10: 8323072 op, 62985099.00 ns, 7.5675 ns/op
WorkloadWarmup  11: 8323072 op, 62820302.00 ns, 7.5477 ns/op
WorkloadWarmup  12: 8323072 op, 61696550.00 ns, 7.4127 ns/op
WorkloadWarmup  13: 8323072 op, 61181400.00 ns, 7.3508 ns/op
WorkloadWarmup  14: 8323072 op, 64103905.00 ns, 7.7020 ns/op
WorkloadWarmup  15: 8323072 op, 61295709.00 ns, 7.3646 ns/op
WorkloadWarmup  16: 8323072 op, 61682350.00 ns, 7.4110 ns/op

// BeforeActualRun
WorkloadActual   1: 8323072 op, 61024370.00 ns, 7.3320 ns/op
WorkloadActual   2: 8323072 op, 60645742.00 ns, 7.2865 ns/op
WorkloadActual   3: 8323072 op, 60239671.00 ns, 7.2377 ns/op
WorkloadActual   4: 8323072 op, 61300411.00 ns, 7.3651 ns/op
WorkloadActual   5: 8323072 op, 60682089.00 ns, 7.2908 ns/op
WorkloadActual   6: 8323072 op, 61015487.00 ns, 7.3309 ns/op
WorkloadActual   7: 8323072 op, 61345684.00 ns, 7.3706 ns/op
WorkloadActual   8: 8323072 op, 60810251.00 ns, 7.3062 ns/op
WorkloadActual   9: 8323072 op, 62252604.00 ns, 7.4795 ns/op
WorkloadActual  10: 8323072 op, 61869713.00 ns, 7.4335 ns/op
WorkloadActual  11: 8323072 op, 61710255.00 ns, 7.4144 ns/op
WorkloadActual  12: 8323072 op, 61278567.00 ns, 7.3625 ns/op

// AfterActualRun
WorkloadResult   1: 8323072 op, 61021343.00 ns, 7.3316 ns/op
WorkloadResult   2: 8323072 op, 60642715.00 ns, 7.2861 ns/op
WorkloadResult   3: 8323072 op, 60236644.00 ns, 7.2373 ns/op
WorkloadResult   4: 8323072 op, 61297384.00 ns, 7.3648 ns/op
WorkloadResult   5: 8323072 op, 60679062.00 ns, 7.2905 ns/op
WorkloadResult   6: 8323072 op, 61012460.00 ns, 7.3305 ns/op
WorkloadResult   7: 8323072 op, 61342657.00 ns, 7.3702 ns/op
WorkloadResult   8: 8323072 op, 60807224.00 ns, 7.3059 ns/op
WorkloadResult   9: 8323072 op, 62249577.00 ns, 7.4792 ns/op
WorkloadResult  10: 8323072 op, 61866686.00 ns, 7.4332 ns/op
WorkloadResult  11: 8323072 op, 61707228.00 ns, 7.4140 ns/op
WorkloadResult  12: 8323072 op, 61275540.00 ns, 7.3621 ns/op
// GC:  0 0 0 0 8323072
// Threading:  0 0 8323072

// AfterAll
// Benchmark Process 511560 has exited with code 0.

Mean = 7.350 ns, StdErr = 0.020 ns (0.27%), N = 12, StdDev = 0.068 ns
Min = 7.237 ns, Q1 = 7.302 ns, Median = 7.347 ns, Q3 = 7.381 ns, Max = 7.479 ns
IQR = 0.079 ns, LowerFence = 7.183 ns, UpperFence = 7.500 ns
ConfidenceInterval = [7.263 ns; 7.438 ns] (CI 99.9%), Margin = 0.088 ns (1.19% of Mean)
Skewness = 0.24, Kurtosis = 2.04, MValue = 2

// ** Remained 16 (41.0 %) benchmark(s) to run. Estimated finish 2026-09-10 17:56 (0h 0m from now) **
// **************************
// Benchmark: SignedSeekBenchmarks.Dynamic: Jit(IterationCount=12, IterationTime=250ms, WarmupCount=16) [Case=RuntimePositiveFive]
// *** Execute ***
// Launch: 1 / 1
// Execute: dotnet Alpha-Jit-1.dll --anonymousPipes 111 112 --benchmarkName "SignedSeekBenchmarks.Dynamic(Case: RuntimePositiveFive)" --job Jit --benchmarkId 23 in /home/i/Work/tl-v1-coordination-16-signed-seek-integration/benchmarks/Alpha/bin/Release/net10.0/Alpha-Jit-1/bin/Release/net10.0
// Failed to set up high priority (Permission denied). In order to run benchmarks with high priority, make sure you have the right permissions.
// BeforeAnythingElse

// Benchmark Process Environment Information:
// BenchmarkDotNet v0.15.8
// Runtime=.NET 10.0.12 (10.0.12, 10.0.1226.42308), X64 RyuJIT x86-64-v3
// GC=Concurrent Workstation
// HardwareIntrinsics=AVX2+BMI1+BMI2+F16C+FMA+LZCNT+MOVBE,AVX,SSE3+SSSE3+SSE4.1+SSE4.2+POPCNT,X86Base+SSE+SSE2,AES+PCLMUL,AvxVnni,SERIALIZE VectorSize=256
// Job: Jit(IterationCount=12, IterationTime=250ms, WarmupCount=16)

OverheadJitting  1: 4096 op, 113856.00 ns, 27.7969 ns/op
WorkloadJitting  1: 4096 op, 650061.00 ns, 158.7063 ns/op

OverheadJitting  2: 65536 op, 145213.00 ns, 2.2158 ns/op
WorkloadJitting  2: 65536 op, 8054662.00 ns, 122.9044 ns/op

WorkloadPilot    1: 65536 op, 7420624.00 ns, 113.2297 ns/op
WorkloadPilot    2: 2228224 op, 251865847.00 ns, 113.0343 ns/op

OverheadWarmup   1: 2228224 op, 1181.00 ns, 0.0005 ns/op
OverheadWarmup   2: 2228224 op, 922.00 ns, 0.0004 ns/op
OverheadWarmup   3: 2228224 op, 870.00 ns, 0.0004 ns/op
OverheadWarmup   4: 2228224 op, 844.00 ns, 0.0004 ns/op
OverheadWarmup   5: 2228224 op, 862.00 ns, 0.0004 ns/op
OverheadWarmup   6: 2228224 op, 866.00 ns, 0.0004 ns/op
OverheadWarmup   7: 2228224 op, 862.00 ns, 0.0004 ns/op
OverheadWarmup   8: 2228224 op, 842.00 ns, 0.0004 ns/op
OverheadWarmup   9: 2228224 op, 844.00 ns, 0.0004 ns/op
OverheadWarmup  10: 2228224 op, 838.00 ns, 0.0004 ns/op

OverheadActual   1: 2228224 op, 1034.00 ns, 0.0005 ns/op
OverheadActual   2: 2228224 op, 1062.00 ns, 0.0005 ns/op
OverheadActual   3: 2228224 op, 1052.00 ns, 0.0005 ns/op
OverheadActual   4: 2228224 op, 929.00 ns, 0.0004 ns/op
OverheadActual   5: 2228224 op, 1001.00 ns, 0.0004 ns/op
OverheadActual   6: 2228224 op, 851.00 ns, 0.0004 ns/op
OverheadActual   7: 2228224 op, 864.00 ns, 0.0004 ns/op
OverheadActual   8: 2228224 op, 867.00 ns, 0.0004 ns/op
OverheadActual   9: 2228224 op, 865.00 ns, 0.0004 ns/op
OverheadActual  10: 2228224 op, 855.00 ns, 0.0004 ns/op
OverheadActual  11: 2228224 op, 833.00 ns, 0.0004 ns/op
OverheadActual  12: 2228224 op, 869.00 ns, 0.0004 ns/op
OverheadActual  13: 2228224 op, 846.00 ns, 0.0004 ns/op
OverheadActual  14: 2228224 op, 859.00 ns, 0.0004 ns/op
OverheadActual  15: 2228224 op, 868.00 ns, 0.0004 ns/op
OverheadActual  16: 2228224 op, 865.00 ns, 0.0004 ns/op
OverheadActual  17: 2228224 op, 869.00 ns, 0.0004 ns/op
OverheadActual  18: 2228224 op, 985.00 ns, 0.0004 ns/op
OverheadActual  19: 2228224 op, 854.00 ns, 0.0004 ns/op
OverheadActual  20: 2228224 op, 860.00 ns, 0.0004 ns/op

WorkloadWarmup   1: 2228224 op, 250946533.00 ns, 112.6218 ns/op
WorkloadWarmup   2: 2228224 op, 253651065.00 ns, 113.8355 ns/op
WorkloadWarmup   3: 2228224 op, 250937923.00 ns, 112.6179 ns/op
WorkloadWarmup   4: 2228224 op, 250994380.00 ns, 112.6432 ns/op
WorkloadWarmup   5: 2228224 op, 250072481.00 ns, 112.2295 ns/op
WorkloadWarmup   6: 2228224 op, 251013156.00 ns, 112.6517 ns/op
WorkloadWarmup   7: 2228224 op, 187170152.00 ns, 83.9997 ns/op
WorkloadWarmup   8: 2228224 op, 26681677.00 ns, 11.9744 ns/op
WorkloadWarmup   9: 2228224 op, 27882942.00 ns, 12.5135 ns/op
WorkloadWarmup  10: 2228224 op, 27137069.00 ns, 12.1788 ns/op
WorkloadWarmup  11: 2228224 op, 28754903.00 ns, 12.9049 ns/op
WorkloadWarmup  12: 2228224 op, 27968033.00 ns, 12.5517 ns/op
WorkloadWarmup  13: 2228224 op, 27321794.00 ns, 12.2617 ns/op
WorkloadWarmup  14: 2228224 op, 26857187.00 ns, 12.0532 ns/op
WorkloadWarmup  15: 2228224 op, 30227235.00 ns, 13.5656 ns/op
WorkloadWarmup  16: 2228224 op, 26718594.00 ns, 11.9910 ns/op

// BeforeActualRun
WorkloadActual   1: 2228224 op, 26706220.00 ns, 11.9854 ns/op
WorkloadActual   2: 2228224 op, 26618250.00 ns, 11.9459 ns/op
WorkloadActual   3: 2228224 op, 26682034.00 ns, 11.9746 ns/op
WorkloadActual   4: 2228224 op, 26720319.00 ns, 11.9918 ns/op
WorkloadActual   5: 2228224 op, 26733864.00 ns, 11.9978 ns/op
WorkloadActual   6: 2228224 op, 26735809.00 ns, 11.9987 ns/op
WorkloadActual   7: 2228224 op, 26751907.00 ns, 12.0059 ns/op
WorkloadActual   8: 2228224 op, 26723368.00 ns, 11.9931 ns/op
WorkloadActual   9: 2228224 op, 26732537.00 ns, 11.9972 ns/op
WorkloadActual  10: 2228224 op, 26734725.00 ns, 11.9982 ns/op
WorkloadActual  11: 2228224 op, 26945976.00 ns, 12.0930 ns/op
WorkloadActual  12: 2228224 op, 26750278.00 ns, 12.0052 ns/op

// AfterActualRun
WorkloadResult   1: 2228224 op, 26705354.00 ns, 11.9850 ns/op
WorkloadResult   2: 2228224 op, 26617384.00 ns, 11.9456 ns/op
WorkloadResult   3: 2228224 op, 26681168.00 ns, 11.9742 ns/op
WorkloadResult   4: 2228224 op, 26719453.00 ns, 11.9914 ns/op
WorkloadResult   5: 2228224 op, 26732998.00 ns, 11.9974 ns/op
WorkloadResult   6: 2228224 op, 26734943.00 ns, 11.9983 ns/op
WorkloadResult   7: 2228224 op, 26751041.00 ns, 12.0055 ns/op
WorkloadResult   8: 2228224 op, 26722502.00 ns, 11.9927 ns/op
WorkloadResult   9: 2228224 op, 26731671.00 ns, 11.9969 ns/op
WorkloadResult  10: 2228224 op, 26733859.00 ns, 11.9978 ns/op
WorkloadResult  11: 2228224 op, 26749412.00 ns, 12.0048 ns/op
// GC:  0 0 0 0 2228224
// Threading:  0 0 2228224

// AfterAll
// Benchmark Process 511628 has exited with code 0.

Mean = 11.990 ns, StdErr = 0.005 ns (0.04%), N = 11, StdDev = 0.017 ns
Min = 11.946 ns, Q1 = 11.988 ns, Median = 11.997 ns, Q3 = 11.998 ns, Max = 12.006 ns
IQR = 0.010 ns, LowerFence = 11.973 ns, UpperFence = 12.013 ns
ConfidenceInterval = [11.966 ns; 12.014 ns] (CI 99.9%), Margin = 0.024 ns (0.20% of Mean)
Skewness = -1.48, Kurtosis = 4.25, MValue = 2

// ** Remained 15 (38.5 %) benchmark(s) to run. Estimated finish 2026-09-10 17:56 (0h 0m from now) **
// **************************
// Benchmark: SignedSeekBenchmarks.Direct: Jit(IterationCount=12, IterationTime=250ms, WarmupCount=16) [Case=RuntimeNegativeFive]
// *** Execute ***
// Launch: 1 / 1
// Execute: dotnet Alpha-Jit-1.dll --anonymousPipes 111 112 --benchmarkName "SignedSeekBenchmarks.Direct(Case: RuntimeNegativeFive)" --job Jit --benchmarkId 24 in /home/i/Work/tl-v1-coordination-16-signed-seek-integration/benchmarks/Alpha/bin/Release/net10.0/Alpha-Jit-1/bin/Release/net10.0
// Failed to set up high priority (Permission denied). In order to run benchmarks with high priority, make sure you have the right permissions.
// BeforeAnythingElse

// Benchmark Process Environment Information:
// BenchmarkDotNet v0.15.8
// Runtime=.NET 10.0.12 (10.0.12, 10.0.1226.42308), X64 RyuJIT x86-64-v3
// GC=Concurrent Workstation
// HardwareIntrinsics=AVX2+BMI1+BMI2+F16C+FMA+LZCNT+MOVBE,AVX,SSE3+SSSE3+SSE4.1+SSE4.2+POPCNT,X86Base+SSE+SSE2,AES+PCLMUL,AvxVnni,SERIALIZE VectorSize=256
// Job: Jit(IterationCount=12, IterationTime=250ms, WarmupCount=16)

OverheadJitting  1: 4096 op, 101184.00 ns, 24.7031 ns/op
WorkloadJitting  1: 4096 op, 554658.00 ns, 135.4146 ns/op

OverheadJitting  2: 65536 op, 120773.00 ns, 1.8428 ns/op
WorkloadJitting  2: 65536 op, 2921394.00 ns, 44.5769 ns/op

WorkloadPilot    1: 65536 op, 2138052.00 ns, 32.6241 ns/op
WorkloadPilot    2: 7667712 op, 244167081.00 ns, 31.8435 ns/op
WorkloadPilot    3: 7864320 op, 249608692.00 ns, 31.7394 ns/op
WorkloadPilot    4: 7929856 op, 251971598.00 ns, 31.7751 ns/op

OverheadWarmup   1: 7929856 op, 3078.00 ns, 0.0004 ns/op
OverheadWarmup   2: 7929856 op, 2898.00 ns, 0.0004 ns/op
OverheadWarmup   3: 7929856 op, 2899.00 ns, 0.0004 ns/op
OverheadWarmup   4: 7929856 op, 2874.00 ns, 0.0004 ns/op
OverheadWarmup   5: 7929856 op, 2887.00 ns, 0.0004 ns/op
OverheadWarmup   6: 7929856 op, 2905.00 ns, 0.0004 ns/op
OverheadWarmup   7: 7929856 op, 2891.00 ns, 0.0004 ns/op

OverheadActual   1: 7929856 op, 3127.00 ns, 0.0004 ns/op
OverheadActual   2: 7929856 op, 3087.00 ns, 0.0004 ns/op
OverheadActual   3: 7929856 op, 3080.00 ns, 0.0004 ns/op
OverheadActual   4: 7929856 op, 2901.00 ns, 0.0004 ns/op
OverheadActual   5: 7929856 op, 3045.00 ns, 0.0004 ns/op
OverheadActual   6: 7929856 op, 2893.00 ns, 0.0004 ns/op
OverheadActual   7: 7929856 op, 2899.00 ns, 0.0004 ns/op
OverheadActual   8: 7929856 op, 2893.00 ns, 0.0004 ns/op
OverheadActual   9: 7929856 op, 2874.00 ns, 0.0004 ns/op
OverheadActual  10: 7929856 op, 2872.00 ns, 0.0004 ns/op
OverheadActual  11: 7929856 op, 2872.00 ns, 0.0004 ns/op
OverheadActual  12: 7929856 op, 2882.00 ns, 0.0004 ns/op
OverheadActual  13: 7929856 op, 2871.00 ns, 0.0004 ns/op
OverheadActual  14: 7929856 op, 2886.00 ns, 0.0004 ns/op
OverheadActual  15: 7929856 op, 2881.00 ns, 0.0004 ns/op

WorkloadWarmup   1: 7929856 op, 252086177.00 ns, 31.7895 ns/op
WorkloadWarmup   2: 7929856 op, 252310107.00 ns, 31.8177 ns/op
WorkloadWarmup   3: 7929856 op, 253124094.00 ns, 31.9204 ns/op
WorkloadWarmup   4: 7929856 op, 253035805.00 ns, 31.9093 ns/op
WorkloadWarmup   5: 7929856 op, 206208717.00 ns, 26.0041 ns/op
WorkloadWarmup   6: 7929856 op, 69549390.00 ns, 8.7706 ns/op
WorkloadWarmup   7: 7929856 op, 69058000.00 ns, 8.7086 ns/op
WorkloadWarmup   8: 7929856 op, 68507715.00 ns, 8.6392 ns/op
WorkloadWarmup   9: 7929856 op, 70443591.00 ns, 8.8833 ns/op
WorkloadWarmup  10: 7929856 op, 69141290.00 ns, 8.7191 ns/op
WorkloadWarmup  11: 7929856 op, 68701402.00 ns, 8.6636 ns/op
WorkloadWarmup  12: 7929856 op, 68021400.00 ns, 8.5779 ns/op
WorkloadWarmup  13: 7929856 op, 71468217.00 ns, 9.0125 ns/op
WorkloadWarmup  14: 7929856 op, 68216195.00 ns, 8.6025 ns/op
WorkloadWarmup  15: 7929856 op, 68073801.00 ns, 8.5845 ns/op
WorkloadWarmup  16: 7929856 op, 67961167.00 ns, 8.5703 ns/op

// BeforeActualRun
WorkloadActual   1: 7929856 op, 68231886.00 ns, 8.6044 ns/op
WorkloadActual   2: 7929856 op, 68004526.00 ns, 8.5758 ns/op
WorkloadActual   3: 7929856 op, 68366860.00 ns, 8.6215 ns/op
WorkloadActual   4: 7929856 op, 68288965.00 ns, 8.6116 ns/op
WorkloadActual   5: 7929856 op, 68452566.00 ns, 8.6323 ns/op
WorkloadActual   6: 7929856 op, 74283812.00 ns, 9.3676 ns/op
WorkloadActual   7: 7929856 op, 67923876.00 ns, 8.5656 ns/op
WorkloadActual   8: 7929856 op, 68367755.00 ns, 8.6216 ns/op
WorkloadActual   9: 7929856 op, 67897631.00 ns, 8.5623 ns/op
WorkloadActual  10: 7929856 op, 67878827.00 ns, 8.5599 ns/op
WorkloadActual  11: 7929856 op, 68118246.00 ns, 8.5901 ns/op
WorkloadActual  12: 7929856 op, 68117994.00 ns, 8.5901 ns/op

// AfterActualRun
WorkloadResult   1: 7929856 op, 68228993.00 ns, 8.6041 ns/op
WorkloadResult   2: 7929856 op, 68001633.00 ns, 8.5754 ns/op
WorkloadResult   3: 7929856 op, 68363967.00 ns, 8.6211 ns/op
WorkloadResult   4: 7929856 op, 68286072.00 ns, 8.6113 ns/op
WorkloadResult   5: 7929856 op, 68449673.00 ns, 8.6319 ns/op
WorkloadResult   6: 7929856 op, 67920983.00 ns, 8.5652 ns/op
WorkloadResult   7: 7929856 op, 68364862.00 ns, 8.6212 ns/op
WorkloadResult   8: 7929856 op, 67894738.00 ns, 8.5619 ns/op
WorkloadResult   9: 7929856 op, 67875934.00 ns, 8.5595 ns/op
WorkloadResult  10: 7929856 op, 68115353.00 ns, 8.5897 ns/op
WorkloadResult  11: 7929856 op, 68115101.00 ns, 8.5897 ns/op
// GC:  0 0 0 0 7929856
// Threading:  0 0 7929856

// AfterAll
// Benchmark Process 511638 has exited with code 0.

Mean = 8.594 ns, StdErr = 0.008 ns (0.09%), N = 11, StdDev = 0.026 ns
Min = 8.560 ns, Q1 = 8.570 ns, Median = 8.590 ns, Q3 = 8.616 ns, Max = 8.632 ns
IQR = 0.046 ns, LowerFence = 8.502 ns, UpperFence = 8.685 ns
ConfidenceInterval = [8.558 ns; 8.630 ns] (CI 99.9%), Margin = 0.036 ns (0.42% of Mean)
Skewness = 0.01, Kurtosis = 1.31, MValue = 2

// ** Remained 14 (35.9 %) benchmark(s) to run. Estimated finish 2026-09-10 17:56 (0h 0m from now) **
// **************************
// Benchmark: SignedSeekBenchmarks.Typed: Jit(IterationCount=12, IterationTime=250ms, WarmupCount=16) [Case=RuntimeNegativeFive]
// *** Execute ***
// Launch: 1 / 1
// Execute: dotnet Alpha-Jit-1.dll --anonymousPipes 111 112 --benchmarkName "SignedSeekBenchmarks.Typed(Case: RuntimeNegativeFive)" --job Jit --benchmarkId 25 in /home/i/Work/tl-v1-coordination-16-signed-seek-integration/benchmarks/Alpha/bin/Release/net10.0/Alpha-Jit-1/bin/Release/net10.0
// Failed to set up high priority (Permission denied). In order to run benchmarks with high priority, make sure you have the right permissions.
// BeforeAnythingElse

// Benchmark Process Environment Information:
// BenchmarkDotNet v0.15.8
// Runtime=.NET 10.0.12 (10.0.12, 10.0.1226.42308), X64 RyuJIT x86-64-v3
// GC=Concurrent Workstation
// HardwareIntrinsics=AVX2+BMI1+BMI2+F16C+FMA+LZCNT+MOVBE,AVX,SSE3+SSSE3+SSE4.1+SSE4.2+POPCNT,X86Base+SSE+SSE2,AES+PCLMUL,AvxVnni,SERIALIZE VectorSize=256
// Job: Jit(IterationCount=12, IterationTime=250ms, WarmupCount=16)

OverheadJitting  1: 4096 op, 100126.00 ns, 24.4448 ns/op
WorkloadJitting  1: 4096 op, 649353.00 ns, 158.5334 ns/op

OverheadJitting  2: 65536 op, 124637.00 ns, 1.9018 ns/op
WorkloadJitting  2: 65536 op, 4678417.00 ns, 71.3870 ns/op

WorkloadPilot    1: 65536 op, 2348547.00 ns, 35.8360 ns/op
WorkloadPilot    2: 7012352 op, 240791393.00 ns, 34.3382 ns/op
WorkloadPilot    3: 7340032 op, 251239406.00 ns, 34.2287 ns/op

OverheadWarmup   1: 7340032 op, 2986.00 ns, 0.0004 ns/op
OverheadWarmup   2: 7340032 op, 2757.00 ns, 0.0004 ns/op
OverheadWarmup   3: 7340032 op, 2698.00 ns, 0.0004 ns/op
OverheadWarmup   4: 7340032 op, 2677.00 ns, 0.0004 ns/op
OverheadWarmup   5: 7340032 op, 2655.00 ns, 0.0004 ns/op
OverheadWarmup   6: 7340032 op, 2671.00 ns, 0.0004 ns/op
OverheadWarmup   7: 7340032 op, 2653.00 ns, 0.0004 ns/op
OverheadWarmup   8: 7340032 op, 2673.00 ns, 0.0004 ns/op
OverheadWarmup   9: 7340032 op, 2662.00 ns, 0.0004 ns/op

OverheadActual   1: 7340032 op, 2852.00 ns, 0.0004 ns/op
OverheadActual   2: 7340032 op, 2850.00 ns, 0.0004 ns/op
OverheadActual   3: 7340032 op, 2882.00 ns, 0.0004 ns/op
OverheadActual   4: 7340032 op, 2709.00 ns, 0.0004 ns/op
OverheadActual   5: 7340032 op, 2867.00 ns, 0.0004 ns/op
OverheadActual   6: 7340032 op, 2666.00 ns, 0.0004 ns/op
OverheadActual   7: 7340032 op, 2655.00 ns, 0.0004 ns/op
OverheadActual   8: 7340032 op, 2667.00 ns, 0.0004 ns/op
OverheadActual   9: 7340032 op, 2667.00 ns, 0.0004 ns/op
OverheadActual  10: 7340032 op, 2662.00 ns, 0.0004 ns/op
OverheadActual  11: 7340032 op, 2668.00 ns, 0.0004 ns/op
OverheadActual  12: 7340032 op, 2688.00 ns, 0.0004 ns/op
OverheadActual  13: 7340032 op, 2687.00 ns, 0.0004 ns/op
OverheadActual  14: 7340032 op, 2667.00 ns, 0.0004 ns/op
OverheadActual  15: 7340032 op, 2684.00 ns, 0.0004 ns/op

WorkloadWarmup   1: 7340032 op, 251091168.00 ns, 34.2085 ns/op
WorkloadWarmup   2: 7340032 op, 250553871.00 ns, 34.1353 ns/op
WorkloadWarmup   3: 7340032 op, 250966064.00 ns, 34.1914 ns/op
WorkloadWarmup   4: 7340032 op, 250607471.00 ns, 34.1426 ns/op
WorkloadWarmup   5: 7340032 op, 250667690.00 ns, 34.1508 ns/op
WorkloadWarmup   6: 7340032 op, 217045257.00 ns, 29.5701 ns/op
WorkloadWarmup   7: 7340032 op, 54408821.00 ns, 7.4126 ns/op
WorkloadWarmup   8: 7340032 op, 55680786.00 ns, 7.5859 ns/op
WorkloadWarmup   9: 7340032 op, 54787063.00 ns, 7.4641 ns/op
WorkloadWarmup  10: 7340032 op, 56708397.00 ns, 7.7259 ns/op
WorkloadWarmup  11: 7340032 op, 55610958.00 ns, 7.5764 ns/op
WorkloadWarmup  12: 7340032 op, 54537687.00 ns, 7.4302 ns/op
WorkloadWarmup  13: 7340032 op, 54680900.00 ns, 7.4497 ns/op
WorkloadWarmup  14: 7340032 op, 54605826.00 ns, 7.4395 ns/op
WorkloadWarmup  15: 7340032 op, 54663465.00 ns, 7.4473 ns/op
WorkloadWarmup  16: 7340032 op, 54404417.00 ns, 7.4120 ns/op

// BeforeActualRun
WorkloadActual   1: 7340032 op, 54082963.00 ns, 7.3682 ns/op
WorkloadActual   2: 7340032 op, 54008853.00 ns, 7.3581 ns/op
WorkloadActual   3: 7340032 op, 54478666.00 ns, 7.4221 ns/op
WorkloadActual   4: 7340032 op, 54728928.00 ns, 7.4562 ns/op
WorkloadActual   5: 7340032 op, 54573760.00 ns, 7.4351 ns/op
WorkloadActual   6: 7340032 op, 54549147.00 ns, 7.4317 ns/op
WorkloadActual   7: 7340032 op, 54632892.00 ns, 7.4431 ns/op
WorkloadActual   8: 7340032 op, 54606425.00 ns, 7.4395 ns/op
WorkloadActual   9: 7340032 op, 54516367.00 ns, 7.4273 ns/op
WorkloadActual  10: 7340032 op, 54454479.00 ns, 7.4188 ns/op
WorkloadActual  11: 7340032 op, 54478720.00 ns, 7.4221 ns/op
WorkloadActual  12: 7340032 op, 54744672.00 ns, 7.4584 ns/op

// AfterActualRun
WorkloadResult   1: 7340032 op, 54080279.00 ns, 7.3679 ns/op
WorkloadResult   2: 7340032 op, 54006169.00 ns, 7.3578 ns/op
WorkloadResult   3: 7340032 op, 54475982.00 ns, 7.4218 ns/op
WorkloadResult   4: 7340032 op, 54726244.00 ns, 7.4559 ns/op
WorkloadResult   5: 7340032 op, 54571076.00 ns, 7.4347 ns/op
WorkloadResult   6: 7340032 op, 54546463.00 ns, 7.4314 ns/op
WorkloadResult   7: 7340032 op, 54630208.00 ns, 7.4428 ns/op
WorkloadResult   8: 7340032 op, 54603741.00 ns, 7.4392 ns/op
WorkloadResult   9: 7340032 op, 54513683.00 ns, 7.4269 ns/op
WorkloadResult  10: 7340032 op, 54451795.00 ns, 7.4185 ns/op
WorkloadResult  11: 7340032 op, 54476036.00 ns, 7.4218 ns/op
WorkloadResult  12: 7340032 op, 54741988.00 ns, 7.4580 ns/op
// GC:  0 0 0 0 7340032
// Threading:  0 0 7340032

// AfterAll
// Benchmark Process 511677 has exited with code 0.

Mean = 7.423 ns, StdErr = 0.009 ns (0.12%), N = 12, StdDev = 0.031 ns
Min = 7.358 ns, Q1 = 7.421 ns, Median = 7.429 ns, Q3 = 7.440 ns, Max = 7.458 ns
IQR = 0.019 ns, LowerFence = 7.392 ns, UpperFence = 7.469 ns
ConfidenceInterval = [7.383 ns; 7.463 ns] (CI 99.9%), Margin = 0.040 ns (0.53% of Mean)
Skewness = -1, Kurtosis = 2.77, MValue = 2

// ** Remained 13 (33.3 %) benchmark(s) to run. Estimated finish 2026-09-10 17:56 (0h 0m from now) **
// **************************
// Benchmark: SignedSeekBenchmarks.Dynamic: Jit(IterationCount=12, IterationTime=250ms, WarmupCount=16) [Case=RuntimeNegativeFive]
// *** Execute ***
// Launch: 1 / 1
// Execute: dotnet Alpha-Jit-1.dll --anonymousPipes 111 112 --benchmarkName "SignedSeekBenchmarks.Dynamic(Case: RuntimeNegativeFive)" --job Jit --benchmarkId 26 in /home/i/Work/tl-v1-coordination-16-signed-seek-integration/benchmarks/Alpha/bin/Release/net10.0/Alpha-Jit-1/bin/Release/net10.0
// Failed to set up high priority (Permission denied). In order to run benchmarks with high priority, make sure you have the right permissions.
// BeforeAnythingElse

// Benchmark Process Environment Information:
// BenchmarkDotNet v0.15.8
// Runtime=.NET 10.0.12 (10.0.12, 10.0.1226.42308), X64 RyuJIT x86-64-v3
// GC=Concurrent Workstation
// HardwareIntrinsics=AVX2+BMI1+BMI2+F16C+FMA+LZCNT+MOVBE,AVX,SSE3+SSSE3+SSE4.1+SSE4.2+POPCNT,X86Base+SSE+SSE2,AES+PCLMUL,AvxVnni,SERIALIZE VectorSize=256
// Job: Jit(IterationCount=12, IterationTime=250ms, WarmupCount=16)

OverheadJitting  1: 4096 op, 103026.00 ns, 25.1528 ns/op
WorkloadJitting  1: 4096 op, 722253.00 ns, 176.3313 ns/op

OverheadJitting  2: 65536 op, 126815.00 ns, 1.9350 ns/op
WorkloadJitting  2: 65536 op, 8957888.00 ns, 136.6865 ns/op

WorkloadPilot    1: 65536 op, 8467835.00 ns, 129.2089 ns/op
WorkloadPilot    2: 1966080 op, 244702555.00 ns, 124.4622 ns/op
WorkloadPilot    3: 2031616 op, 251431928.00 ns, 123.7596 ns/op

OverheadWarmup   1: 2031616 op, 1051.00 ns, 0.0005 ns/op
OverheadWarmup   2: 2031616 op, 854.00 ns, 0.0004 ns/op
OverheadWarmup   3: 2031616 op, 793.00 ns, 0.0004 ns/op
OverheadWarmup   4: 2031616 op, 787.00 ns, 0.0004 ns/op
OverheadWarmup   5: 2031616 op, 806.00 ns, 0.0004 ns/op
OverheadWarmup   6: 2031616 op, 819.00 ns, 0.0004 ns/op
OverheadWarmup   7: 2031616 op, 783.00 ns, 0.0004 ns/op
OverheadWarmup   8: 2031616 op, 757.00 ns, 0.0004 ns/op
OverheadWarmup   9: 2031616 op, 785.00 ns, 0.0004 ns/op
OverheadWarmup  10: 2031616 op, 766.00 ns, 0.0004 ns/op

OverheadActual   1: 2031616 op, 982.00 ns, 0.0005 ns/op
OverheadActual   2: 2031616 op, 979.00 ns, 0.0005 ns/op
OverheadActual   3: 2031616 op, 964.00 ns, 0.0005 ns/op
OverheadActual   4: 2031616 op, 813.00 ns, 0.0004 ns/op
OverheadActual   5: 2031616 op, 967.00 ns, 0.0005 ns/op
OverheadActual   6: 2031616 op, 795.00 ns, 0.0004 ns/op
OverheadActual   7: 2031616 op, 798.00 ns, 0.0004 ns/op
OverheadActual   8: 2031616 op, 780.00 ns, 0.0004 ns/op
OverheadActual   9: 2031616 op, 952.00 ns, 0.0005 ns/op
OverheadActual  10: 2031616 op, 788.00 ns, 0.0004 ns/op
OverheadActual  11: 2031616 op, 776.00 ns, 0.0004 ns/op
OverheadActual  12: 2031616 op, 780.00 ns, 0.0004 ns/op
OverheadActual  13: 2031616 op, 806.00 ns, 0.0004 ns/op
OverheadActual  14: 2031616 op, 806.00 ns, 0.0004 ns/op
OverheadActual  15: 2031616 op, 808.00 ns, 0.0004 ns/op
OverheadActual  16: 2031616 op, 786.00 ns, 0.0004 ns/op
OverheadActual  17: 2031616 op, 794.00 ns, 0.0004 ns/op
OverheadActual  18: 2031616 op, 932.00 ns, 0.0005 ns/op
OverheadActual  19: 2031616 op, 797.00 ns, 0.0004 ns/op
OverheadActual  20: 2031616 op, 804.00 ns, 0.0004 ns/op

WorkloadWarmup   1: 2031616 op, 251584468.00 ns, 123.8347 ns/op
WorkloadWarmup   2: 2031616 op, 253486748.00 ns, 124.7710 ns/op
WorkloadWarmup   3: 2031616 op, 252203459.00 ns, 124.1393 ns/op
WorkloadWarmup   4: 2031616 op, 251472806.00 ns, 123.7797 ns/op
WorkloadWarmup   5: 2031616 op, 251731032.00 ns, 123.9068 ns/op
WorkloadWarmup   6: 2031616 op, 187539830.00 ns, 92.3107 ns/op
WorkloadWarmup   7: 2031616 op, 25034894.00 ns, 12.3227 ns/op
WorkloadWarmup   8: 2031616 op, 25965574.00 ns, 12.7807 ns/op
WorkloadWarmup   9: 2031616 op, 25466490.00 ns, 12.5351 ns/op
WorkloadWarmup  10: 2031616 op, 27284974.00 ns, 13.4302 ns/op
WorkloadWarmup  11: 2031616 op, 26313877.00 ns, 12.9522 ns/op
WorkloadWarmup  12: 2031616 op, 24998010.00 ns, 12.3045 ns/op
WorkloadWarmup  13: 2031616 op, 24860911.00 ns, 12.2370 ns/op
WorkloadWarmup  14: 2031616 op, 28190731.00 ns, 13.8760 ns/op
WorkloadWarmup  15: 2031616 op, 24850507.00 ns, 12.2319 ns/op
WorkloadWarmup  16: 2031616 op, 24819750.00 ns, 12.2168 ns/op

// BeforeActualRun
WorkloadActual   1: 2031616 op, 24956714.00 ns, 12.2842 ns/op
WorkloadActual   2: 2031616 op, 24999238.00 ns, 12.3051 ns/op
WorkloadActual   3: 2031616 op, 24812978.00 ns, 12.2134 ns/op
WorkloadActual   4: 2031616 op, 24909234.00 ns, 12.2608 ns/op
WorkloadActual   5: 2031616 op, 24844605.00 ns, 12.2290 ns/op
WorkloadActual   6: 2031616 op, 24809712.00 ns, 12.2118 ns/op
WorkloadActual   7: 2031616 op, 24811843.00 ns, 12.2129 ns/op
WorkloadActual   8: 2031616 op, 24896970.00 ns, 12.2548 ns/op
WorkloadActual   9: 2031616 op, 24795894.00 ns, 12.2050 ns/op
WorkloadActual  10: 2031616 op, 24941947.00 ns, 12.2769 ns/op
WorkloadActual  11: 2031616 op, 24883715.00 ns, 12.2482 ns/op
WorkloadActual  12: 2031616 op, 24725771.00 ns, 12.1705 ns/op

// AfterActualRun
WorkloadResult   1: 2031616 op, 24955909.00 ns, 12.2838 ns/op
WorkloadResult   2: 2031616 op, 24998433.00 ns, 12.3047 ns/op
WorkloadResult   3: 2031616 op, 24812173.00 ns, 12.2130 ns/op
WorkloadResult   4: 2031616 op, 24908429.00 ns, 12.2604 ns/op
WorkloadResult   5: 2031616 op, 24843800.00 ns, 12.2286 ns/op
WorkloadResult   6: 2031616 op, 24808907.00 ns, 12.2114 ns/op
WorkloadResult   7: 2031616 op, 24811038.00 ns, 12.2125 ns/op
WorkloadResult   8: 2031616 op, 24896165.00 ns, 12.2544 ns/op
WorkloadResult   9: 2031616 op, 24795089.00 ns, 12.2046 ns/op
WorkloadResult  10: 2031616 op, 24941142.00 ns, 12.2765 ns/op
WorkloadResult  11: 2031616 op, 24882910.00 ns, 12.2478 ns/op
WorkloadResult  12: 2031616 op, 24724966.00 ns, 12.1701 ns/op
// GC:  0 0 0 0 2031616
// Threading:  0 0 2031616

// AfterAll
// Benchmark Process 511709 has exited with code 0.

Mean = 12.239 ns, StdErr = 0.011 ns (0.09%), N = 12, StdDev = 0.039 ns
Min = 12.170 ns, Q1 = 12.212 ns, Median = 12.238 ns, Q3 = 12.264 ns, Max = 12.305 ns
IQR = 0.052 ns, LowerFence = 12.134 ns, UpperFence = 12.343 ns
ConfidenceInterval = [12.189 ns; 12.289 ns] (CI 99.9%), Margin = 0.050 ns (0.41% of Mean)
Skewness = 0.02, Kurtosis = 1.83, MValue = 2

// ** Remained 12 (30.8 %) benchmark(s) to run. Estimated finish 2026-09-10 17:56 (0h 0m from now) **
// **************************
// Benchmark: SignedSeekBenchmarks.Direct: Jit(IterationCount=12, IterationTime=250ms, WarmupCount=16) [Case=RepeatedPositiveOneFive]
// *** Execute ***
// Launch: 1 / 1
// Execute: dotnet Alpha-Jit-1.dll --anonymousPipes 111 112 --benchmarkName "SignedSeekBenchmarks.Direct(Case: RepeatedPositiveOneFive)" --job Jit --benchmarkId 27 in /home/i/Work/tl-v1-coordination-16-signed-seek-integration/benchmarks/Alpha/bin/Release/net10.0/Alpha-Jit-1/bin/Release/net10.0
// Failed to set up high priority (Permission denied). In order to run benchmarks with high priority, make sure you have the right permissions.
// BeforeAnythingElse

// Benchmark Process Environment Information:
// BenchmarkDotNet v0.15.8
// Runtime=.NET 10.0.12 (10.0.12, 10.0.1226.42308), X64 RyuJIT x86-64-v3
// GC=Concurrent Workstation
// HardwareIntrinsics=AVX2+BMI1+BMI2+F16C+FMA+LZCNT+MOVBE,AVX,SSE3+SSSE3+SSE4.1+SSE4.2+POPCNT,X86Base+SSE+SSE2,AES+PCLMUL,AvxVnni,SERIALIZE VectorSize=256
// Job: Jit(IterationCount=12, IterationTime=250ms, WarmupCount=16)

OverheadJitting  1: 4096 op, 101018.00 ns, 24.6626 ns/op
WorkloadJitting  1: 4096 op, 559524.00 ns, 136.6025 ns/op

OverheadJitting  2: 65536 op, 119498.00 ns, 1.8234 ns/op
WorkloadJitting  2: 65536 op, 3142855.00 ns, 47.9562 ns/op

WorkloadPilot    1: 65536 op, 2240628.00 ns, 34.1893 ns/op
WorkloadPilot    2: 7340032 op, 238331430.00 ns, 32.4701 ns/op
WorkloadPilot    3: 7733248 op, 249868754.00 ns, 32.3110 ns/op
WorkloadPilot    4: 7798784 op, 251386333.00 ns, 32.2340 ns/op

OverheadWarmup   1: 7798784 op, 3144.00 ns, 0.0004 ns/op
OverheadWarmup   2: 7798784 op, 2832.00 ns, 0.0004 ns/op
OverheadWarmup   3: 7798784 op, 2823.00 ns, 0.0004 ns/op
OverheadWarmup   4: 7798784 op, 2839.00 ns, 0.0004 ns/op
OverheadWarmup   5: 7798784 op, 2840.00 ns, 0.0004 ns/op
OverheadWarmup   6: 7798784 op, 2830.00 ns, 0.0004 ns/op
OverheadWarmup   7: 7798784 op, 2826.00 ns, 0.0004 ns/op
OverheadWarmup   8: 7798784 op, 2824.00 ns, 0.0004 ns/op
OverheadWarmup   9: 7798784 op, 2804.00 ns, 0.0004 ns/op
OverheadWarmup  10: 7798784 op, 2816.00 ns, 0.0004 ns/op

OverheadActual   1: 7798784 op, 3020.00 ns, 0.0004 ns/op
OverheadActual   2: 7798784 op, 3020.00 ns, 0.0004 ns/op
OverheadActual   3: 7798784 op, 3018.00 ns, 0.0004 ns/op
OverheadActual   4: 7798784 op, 2923.00 ns, 0.0004 ns/op
OverheadActual   5: 7798784 op, 3025.00 ns, 0.0004 ns/op
OverheadActual   6: 7798784 op, 2841.00 ns, 0.0004 ns/op
OverheadActual   7: 7798784 op, 2800.00 ns, 0.0004 ns/op
OverheadActual   8: 7798784 op, 2818.00 ns, 0.0004 ns/op
OverheadActual   9: 7798784 op, 2828.00 ns, 0.0004 ns/op
OverheadActual  10: 7798784 op, 2799.00 ns, 0.0004 ns/op
OverheadActual  11: 7798784 op, 2795.00 ns, 0.0004 ns/op
OverheadActual  12: 7798784 op, 2813.00 ns, 0.0004 ns/op
OverheadActual  13: 7798784 op, 2817.00 ns, 0.0004 ns/op
OverheadActual  14: 7798784 op, 2791.00 ns, 0.0004 ns/op
OverheadActual  15: 7798784 op, 2845.00 ns, 0.0004 ns/op

WorkloadWarmup   1: 7798784 op, 251204861.00 ns, 32.2108 ns/op
WorkloadWarmup   2: 7798784 op, 251425688.00 ns, 32.2391 ns/op
WorkloadWarmup   3: 7798784 op, 251097496.00 ns, 32.1970 ns/op
WorkloadWarmup   4: 7798784 op, 250918833.00 ns, 32.1741 ns/op
WorkloadWarmup   5: 7798784 op, 213529386.00 ns, 27.3798 ns/op
WorkloadWarmup   6: 7798784 op, 58750843.00 ns, 7.5333 ns/op
WorkloadWarmup   7: 7798784 op, 59872641.00 ns, 7.6772 ns/op
WorkloadWarmup   8: 7798784 op, 59959133.00 ns, 7.6883 ns/op
WorkloadWarmup   9: 7798784 op, 61070085.00 ns, 7.8307 ns/op
WorkloadWarmup  10: 7798784 op, 59925459.00 ns, 7.6839 ns/op
WorkloadWarmup  11: 7798784 op, 59339023.00 ns, 7.6088 ns/op
WorkloadWarmup  12: 7798784 op, 60167715.00 ns, 7.7150 ns/op
WorkloadWarmup  13: 7798784 op, 62258830.00 ns, 7.9831 ns/op
WorkloadWarmup  14: 7798784 op, 58991582.00 ns, 7.5642 ns/op
WorkloadWarmup  15: 7798784 op, 58829553.00 ns, 7.5434 ns/op
WorkloadWarmup  16: 7798784 op, 59120333.00 ns, 7.5807 ns/op

// BeforeActualRun
WorkloadActual   1: 7798784 op, 58960479.00 ns, 7.5602 ns/op
WorkloadActual   2: 7798784 op, 59352470.00 ns, 7.6105 ns/op
WorkloadActual   3: 7798784 op, 58881614.00 ns, 7.5501 ns/op
WorkloadActual   4: 7798784 op, 59086206.00 ns, 7.5763 ns/op
WorkloadActual   5: 7798784 op, 58983871.00 ns, 7.5632 ns/op
WorkloadActual   6: 7798784 op, 59084102.00 ns, 7.5761 ns/op
WorkloadActual   7: 7798784 op, 59326750.00 ns, 7.6072 ns/op
WorkloadActual   8: 7798784 op, 58849713.00 ns, 7.5460 ns/op
WorkloadActual   9: 7798784 op, 59265985.00 ns, 7.5994 ns/op
WorkloadActual  10: 7798784 op, 59095840.00 ns, 7.5776 ns/op
WorkloadActual  11: 7798784 op, 59095385.00 ns, 7.5775 ns/op
WorkloadActual  12: 7798784 op, 59115287.00 ns, 7.5801 ns/op

// AfterActualRun
WorkloadResult   1: 7798784 op, 58957651.00 ns, 7.5599 ns/op
WorkloadResult   2: 7798784 op, 59349642.00 ns, 7.6101 ns/op
WorkloadResult   3: 7798784 op, 58878786.00 ns, 7.5497 ns/op
WorkloadResult   4: 7798784 op, 59083378.00 ns, 7.5760 ns/op
WorkloadResult   5: 7798784 op, 58981043.00 ns, 7.5629 ns/op
WorkloadResult   6: 7798784 op, 59081274.00 ns, 7.5757 ns/op
WorkloadResult   7: 7798784 op, 59323922.00 ns, 7.6068 ns/op
WorkloadResult   8: 7798784 op, 58846885.00 ns, 7.5456 ns/op
WorkloadResult   9: 7798784 op, 59263157.00 ns, 7.5990 ns/op
WorkloadResult  10: 7798784 op, 59093012.00 ns, 7.5772 ns/op
WorkloadResult  11: 7798784 op, 59092557.00 ns, 7.5772 ns/op
WorkloadResult  12: 7798784 op, 59112459.00 ns, 7.5797 ns/op
// GC:  0 0 0 0 7798784
// Threading:  0 0 7798784

// AfterAll
// Benchmark Process 511736 has exited with code 0.

Mean = 7.577 ns, StdErr = 0.006 ns (0.08%), N = 12, StdDev = 0.021 ns
Min = 7.546 ns, Q1 = 7.562 ns, Median = 7.577 ns, Q3 = 7.585 ns, Max = 7.610 ns
IQR = 0.022 ns, LowerFence = 7.528 ns, UpperFence = 7.618 ns
ConfidenceInterval = [7.550 ns; 7.603 ns] (CI 99.9%), Margin = 0.026 ns (0.35% of Mean)
Skewness = 0.18, Kurtosis = 1.78, MValue = 2

// ** Remained 11 (28.2 %) benchmark(s) to run. Estimated finish 2026-09-10 17:56 (0h 0m from now) **
// **************************
// Benchmark: SignedSeekBenchmarks.Typed: Jit(IterationCount=12, IterationTime=250ms, WarmupCount=16) [Case=RepeatedPositiveOneFive]
// *** Execute ***
// Launch: 1 / 1
// Execute: dotnet Alpha-Jit-1.dll --anonymousPipes 111 112 --benchmarkName "SignedSeekBenchmarks.Typed(Case: RepeatedPositiveOneFive)" --job Jit --benchmarkId 28 in /home/i/Work/tl-v1-coordination-16-signed-seek-integration/benchmarks/Alpha/bin/Release/net10.0/Alpha-Jit-1/bin/Release/net10.0
// Failed to set up high priority (Permission denied). In order to run benchmarks with high priority, make sure you have the right permissions.
// BeforeAnythingElse

// Benchmark Process Environment Information:
// BenchmarkDotNet v0.15.8
// Runtime=.NET 10.0.12 (10.0.12, 10.0.1226.42308), X64 RyuJIT x86-64-v3
// GC=Concurrent Workstation
// HardwareIntrinsics=AVX2+BMI1+BMI2+F16C+FMA+LZCNT+MOVBE,AVX,SSE3+SSSE3+SSE4.1+SSE4.2+POPCNT,X86Base+SSE+SSE2,AES+PCLMUL,AvxVnni,SERIALIZE VectorSize=256
// Job: Jit(IterationCount=12, IterationTime=250ms, WarmupCount=16)

OverheadJitting  1: 4096 op, 98300.00 ns, 23.9990 ns/op
WorkloadJitting  1: 4096 op, 734396.00 ns, 179.2959 ns/op

OverheadJitting  2: 65536 op, 115051.00 ns, 1.7555 ns/op
WorkloadJitting  2: 65536 op, 6414550.00 ns, 97.8783 ns/op

WorkloadPilot    1: 65536 op, 4030552.00 ns, 61.5013 ns/op
WorkloadPilot    2: 4063232 op, 246564012.00 ns, 60.6817 ns/op
WorkloadPilot    3: 4128768 op, 249847906.00 ns, 60.5139 ns/op
WorkloadPilot    4: 4194304 op, 254050941.00 ns, 60.5705 ns/op
WorkloadPilot    5: 4128768 op, 249955440.00 ns, 60.5400 ns/op

OverheadWarmup   1: 4128768 op, 1887.00 ns, 0.0005 ns/op
OverheadWarmup   2: 4128768 op, 1520.00 ns, 0.0004 ns/op
OverheadWarmup   3: 4128768 op, 1528.00 ns, 0.0004 ns/op
OverheadWarmup   4: 4128768 op, 1490.00 ns, 0.0004 ns/op
OverheadWarmup   5: 4128768 op, 1513.00 ns, 0.0004 ns/op
OverheadWarmup   6: 4128768 op, 1514.00 ns, 0.0004 ns/op
OverheadWarmup   7: 4128768 op, 1524.00 ns, 0.0004 ns/op
OverheadWarmup   8: 4128768 op, 1525.00 ns, 0.0004 ns/op
OverheadWarmup   9: 4128768 op, 1524.00 ns, 0.0004 ns/op

OverheadActual   1: 4128768 op, 1706.00 ns, 0.0004 ns/op
OverheadActual   2: 4128768 op, 1716.00 ns, 0.0004 ns/op
OverheadActual   3: 4128768 op, 1709.00 ns, 0.0004 ns/op
OverheadActual   4: 4128768 op, 1611.00 ns, 0.0004 ns/op
OverheadActual   5: 4128768 op, 1722.00 ns, 0.0004 ns/op
OverheadActual   6: 4128768 op, 1516.00 ns, 0.0004 ns/op
OverheadActual   7: 4128768 op, 1515.00 ns, 0.0004 ns/op
OverheadActual   8: 4128768 op, 1504.00 ns, 0.0004 ns/op
OverheadActual   9: 4128768 op, 1483.00 ns, 0.0004 ns/op
OverheadActual  10: 4128768 op, 1492.00 ns, 0.0004 ns/op
OverheadActual  11: 4128768 op, 1484.00 ns, 0.0004 ns/op
OverheadActual  12: 4128768 op, 1509.00 ns, 0.0004 ns/op
OverheadActual  13: 4128768 op, 1525.00 ns, 0.0004 ns/op
OverheadActual  14: 4128768 op, 1491.00 ns, 0.0004 ns/op
OverheadActual  15: 4128768 op, 1505.00 ns, 0.0004 ns/op
OverheadActual  16: 4128768 op, 1515.00 ns, 0.0004 ns/op
OverheadActual  17: 4128768 op, 1499.00 ns, 0.0004 ns/op
OverheadActual  18: 4128768 op, 1722.00 ns, 0.0004 ns/op
OverheadActual  19: 4128768 op, 1509.00 ns, 0.0004 ns/op
OverheadActual  20: 4128768 op, 1534.00 ns, 0.0004 ns/op

WorkloadWarmup   1: 4128768 op, 249913484.00 ns, 60.5298 ns/op
WorkloadWarmup   2: 4128768 op, 249796288.00 ns, 60.5014 ns/op
WorkloadWarmup   3: 4128768 op, 249409506.00 ns, 60.4077 ns/op
WorkloadWarmup   4: 4128768 op, 249706943.00 ns, 60.4798 ns/op
WorkloadWarmup   5: 4128768 op, 249627619.00 ns, 60.4606 ns/op
WorkloadWarmup   6: 4128768 op, 249551326.00 ns, 60.4421 ns/op
WorkloadWarmup   7: 4128768 op, 249522817.00 ns, 60.4352 ns/op
WorkloadWarmup   8: 4128768 op, 210836000.00 ns, 51.0651 ns/op
WorkloadWarmup   9: 4128768 op, 51591936.00 ns, 12.4957 ns/op
WorkloadWarmup  10: 4128768 op, 52449811.00 ns, 12.7035 ns/op
WorkloadWarmup  11: 4128768 op, 51787956.00 ns, 12.5432 ns/op
WorkloadWarmup  12: 4128768 op, 53540174.00 ns, 12.9676 ns/op
WorkloadWarmup  13: 4128768 op, 52607411.00 ns, 12.7417 ns/op
WorkloadWarmup  14: 4128768 op, 51898127.00 ns, 12.5699 ns/op
WorkloadWarmup  15: 4128768 op, 51481586.00 ns, 12.4690 ns/op
WorkloadWarmup  16: 4128768 op, 54887019.00 ns, 13.2938 ns/op

// BeforeActualRun
WorkloadActual   1: 4128768 op, 51607492.00 ns, 12.4995 ns/op
WorkloadActual   2: 4128768 op, 51447412.00 ns, 12.4607 ns/op
WorkloadActual   3: 4128768 op, 51445206.00 ns, 12.4602 ns/op
WorkloadActual   4: 4128768 op, 51535765.00 ns, 12.4821 ns/op
WorkloadActual   5: 4128768 op, 51406720.00 ns, 12.4509 ns/op
WorkloadActual   6: 4128768 op, 51547889.00 ns, 12.4851 ns/op
WorkloadActual   7: 4128768 op, 51399579.00 ns, 12.4491 ns/op
WorkloadActual   8: 4128768 op, 51483424.00 ns, 12.4694 ns/op
WorkloadActual   9: 4128768 op, 51853300.00 ns, 12.5590 ns/op
WorkloadActual  10: 4128768 op, 51802014.00 ns, 12.5466 ns/op
WorkloadActual  11: 4128768 op, 51549235.00 ns, 12.4854 ns/op
WorkloadActual  12: 4128768 op, 51499929.00 ns, 12.4734 ns/op

// AfterActualRun
WorkloadResult   1: 4128768 op, 51605977.00 ns, 12.4991 ns/op
WorkloadResult   2: 4128768 op, 51445897.00 ns, 12.4604 ns/op
WorkloadResult   3: 4128768 op, 51443691.00 ns, 12.4598 ns/op
WorkloadResult   4: 4128768 op, 51534250.00 ns, 12.4818 ns/op
WorkloadResult   5: 4128768 op, 51405205.00 ns, 12.4505 ns/op
WorkloadResult   6: 4128768 op, 51546374.00 ns, 12.4847 ns/op
WorkloadResult   7: 4128768 op, 51398064.00 ns, 12.4488 ns/op
WorkloadResult   8: 4128768 op, 51481909.00 ns, 12.4691 ns/op
WorkloadResult   9: 4128768 op, 51547720.00 ns, 12.4850 ns/op
WorkloadResult  10: 4128768 op, 51498414.00 ns, 12.4731 ns/op
// GC:  0 0 0 0 4128768
// Threading:  0 0 4128768

// AfterAll
// Benchmark Process 511781 has exited with code 0.

Mean = 12.471 ns, StdErr = 0.005 ns (0.04%), N = 10, StdDev = 0.017 ns
Min = 12.449 ns, Q1 = 12.460 ns, Median = 12.471 ns, Q3 = 12.484 ns, Max = 12.499 ns
IQR = 0.024 ns, LowerFence = 12.424 ns, UpperFence = 12.520 ns
ConfidenceInterval = [12.446 ns; 12.496 ns] (CI 99.9%), Margin = 0.025 ns (0.20% of Mean)
Skewness = 0.11, Kurtosis = 1.56, MValue = 2

// ** Remained 10 (25.6 %) benchmark(s) to run. Estimated finish 2026-09-10 17:56 (0h 0m from now) **
// **************************
// Benchmark: SignedSeekBenchmarks.Dynamic: Jit(IterationCount=12, IterationTime=250ms, WarmupCount=16) [Case=RepeatedPositiveOneFive]
// *** Execute ***
// Launch: 1 / 1
// Execute: dotnet Alpha-Jit-1.dll --anonymousPipes 111 112 --benchmarkName "SignedSeekBenchmarks.Dynamic(Case: RepeatedPositiveOneFive)" --job Jit --benchmarkId 29 in /home/i/Work/tl-v1-coordination-16-signed-seek-integration/benchmarks/Alpha/bin/Release/net10.0/Alpha-Jit-1/bin/Release/net10.0
// Failed to set up high priority (Permission denied). In order to run benchmarks with high priority, make sure you have the right permissions.
// BeforeAnythingElse

// Benchmark Process Environment Information:
// BenchmarkDotNet v0.15.8
// Runtime=.NET 10.0.12 (10.0.12, 10.0.1226.42308), X64 RyuJIT x86-64-v3
// GC=Concurrent Workstation
// HardwareIntrinsics=AVX2+BMI1+BMI2+F16C+FMA+LZCNT+MOVBE,AVX,SSE3+SSSE3+SSE4.1+SSE4.2+POPCNT,X86Base+SSE+SSE2,AES+PCLMUL,AvxVnni,SERIALIZE VectorSize=256
// Job: Jit(IterationCount=12, IterationTime=250ms, WarmupCount=16)

OverheadJitting  1: 4096 op, 102651.00 ns, 25.0613 ns/op
WorkloadJitting  1: 4096 op, 1125080.00 ns, 274.6777 ns/op

OverheadJitting  2: 65536 op, 118415.00 ns, 1.8069 ns/op
WorkloadJitting  2: 65536 op, 22147642.00 ns, 337.9462 ns/op

WorkloadPilot    1: 65536 op, 23239459.00 ns, 354.6060 ns/op
WorkloadPilot    2: 720896 op, 174572031.00 ns, 242.1598 ns/op
WorkloadPilot    3: 1048576 op, 243912620.00 ns, 232.6132 ns/op
WorkloadPilot    4: 1114112 op, 260747422.00 ns, 234.0406 ns/op

OverheadWarmup   1: 1114112 op, 730.00 ns, 0.0007 ns/op
OverheadWarmup   2: 1114112 op, 482.00 ns, 0.0004 ns/op
OverheadWarmup   3: 1114112 op, 448.00 ns, 0.0004 ns/op
OverheadWarmup   4: 1114112 op, 431.00 ns, 0.0004 ns/op
OverheadWarmup   5: 1114112 op, 429.00 ns, 0.0004 ns/op
OverheadWarmup   6: 1114112 op, 424.00 ns, 0.0004 ns/op
OverheadWarmup   7: 1114112 op, 415.00 ns, 0.0004 ns/op
OverheadWarmup   8: 1114112 op, 439.00 ns, 0.0004 ns/op
OverheadWarmup   9: 1114112 op, 426.00 ns, 0.0004 ns/op
OverheadWarmup  10: 1114112 op, 450.00 ns, 0.0004 ns/op

OverheadActual   1: 1114112 op, 637.00 ns, 0.0006 ns/op
OverheadActual   2: 1114112 op, 637.00 ns, 0.0006 ns/op
OverheadActual   3: 1114112 op, 658.00 ns, 0.0006 ns/op
OverheadActual   4: 1114112 op, 481.00 ns, 0.0004 ns/op
OverheadActual   5: 1114112 op, 633.00 ns, 0.0006 ns/op
OverheadActual   6: 1114112 op, 461.00 ns, 0.0004 ns/op
OverheadActual   7: 1114112 op, 468.00 ns, 0.0004 ns/op
OverheadActual   8: 1114112 op, 449.00 ns, 0.0004 ns/op
OverheadActual   9: 1114112 op, 427.00 ns, 0.0004 ns/op
OverheadActual  10: 1114112 op, 416.00 ns, 0.0004 ns/op
OverheadActual  11: 1114112 op, 414.00 ns, 0.0004 ns/op
OverheadActual  12: 1114112 op, 420.00 ns, 0.0004 ns/op
OverheadActual  13: 1114112 op, 441.00 ns, 0.0004 ns/op
OverheadActual  14: 1114112 op, 437.00 ns, 0.0004 ns/op
OverheadActual  15: 1114112 op, 447.00 ns, 0.0004 ns/op
OverheadActual  16: 1114112 op, 447.00 ns, 0.0004 ns/op
OverheadActual  17: 1114112 op, 449.00 ns, 0.0004 ns/op
OverheadActual  18: 1114112 op, 630.00 ns, 0.0006 ns/op
OverheadActual  19: 1114112 op, 478.00 ns, 0.0004 ns/op
OverheadActual  20: 1114112 op, 465.00 ns, 0.0004 ns/op

WorkloadWarmup   1: 1114112 op, 260739074.00 ns, 234.0331 ns/op
WorkloadWarmup   2: 1114112 op, 259460658.00 ns, 232.8856 ns/op
WorkloadWarmup   3: 1114112 op, 259082243.00 ns, 232.5460 ns/op
WorkloadWarmup   4: 1114112 op, 259415409.00 ns, 232.8450 ns/op
WorkloadWarmup   5: 1114112 op, 181061594.00 ns, 162.5165 ns/op
WorkloadWarmup   6: 1114112 op, 38442505.00 ns, 34.5051 ns/op
WorkloadWarmup   7: 1114112 op, 39497954.00 ns, 35.4524 ns/op
WorkloadWarmup   8: 1114112 op, 38732966.00 ns, 34.7658 ns/op
WorkloadWarmup   9: 1114112 op, 40551057.00 ns, 36.3976 ns/op
WorkloadWarmup  10: 1114112 op, 39635589.00 ns, 35.5759 ns/op
WorkloadWarmup  11: 1114112 op, 38541198.00 ns, 34.5936 ns/op
WorkloadWarmup  12: 1114112 op, 38636191.00 ns, 34.6789 ns/op
WorkloadWarmup  13: 1114112 op, 38600392.00 ns, 34.6468 ns/op
WorkloadWarmup  14: 1114112 op, 38514478.00 ns, 34.5697 ns/op
WorkloadWarmup  15: 1114112 op, 38525998.00 ns, 34.5800 ns/op
WorkloadWarmup  16: 1114112 op, 38431666.00 ns, 34.4953 ns/op

// BeforeActualRun
WorkloadActual   1: 1114112 op, 38292353.00 ns, 34.3703 ns/op
WorkloadActual   2: 1114112 op, 38431758.00 ns, 34.4954 ns/op
WorkloadActual   3: 1114112 op, 38436034.00 ns, 34.4993 ns/op
WorkloadActual   4: 1114112 op, 38471424.00 ns, 34.5310 ns/op
WorkloadActual   5: 1114112 op, 38420891.00 ns, 34.4857 ns/op
WorkloadActual   6: 1114112 op, 38255774.00 ns, 34.3375 ns/op
WorkloadActual   7: 1114112 op, 38655672.00 ns, 34.6964 ns/op
WorkloadActual   8: 1114112 op, 38338495.00 ns, 34.4117 ns/op
WorkloadActual   9: 1114112 op, 38252130.00 ns, 34.3342 ns/op
WorkloadActual  10: 1114112 op, 38347241.00 ns, 34.4196 ns/op
WorkloadActual  11: 1114112 op, 38333350.00 ns, 34.4071 ns/op
WorkloadActual  12: 1114112 op, 38395181.00 ns, 34.4626 ns/op

// AfterActualRun
WorkloadResult   1: 1114112 op, 38291898.00 ns, 34.3699 ns/op
WorkloadResult   2: 1114112 op, 38431303.00 ns, 34.4950 ns/op
WorkloadResult   3: 1114112 op, 38435579.00 ns, 34.4988 ns/op
WorkloadResult   4: 1114112 op, 38470969.00 ns, 34.5306 ns/op
WorkloadResult   5: 1114112 op, 38420436.00 ns, 34.4853 ns/op
WorkloadResult   6: 1114112 op, 38255319.00 ns, 34.3370 ns/op
WorkloadResult   7: 1114112 op, 38338040.00 ns, 34.4113 ns/op
WorkloadResult   8: 1114112 op, 38251675.00 ns, 34.3338 ns/op
WorkloadResult   9: 1114112 op, 38346786.00 ns, 34.4191 ns/op
WorkloadResult  10: 1114112 op, 38332895.00 ns, 34.4067 ns/op
WorkloadResult  11: 1114112 op, 38394726.00 ns, 34.4622 ns/op
// GC:  0 0 0 0 1114112
// Threading:  0 0 1114112

// AfterAll
// Benchmark Process 511823 has exited with code 0.

Mean = 34.432 ns, StdErr = 0.020 ns (0.06%), N = 11, StdDev = 0.068 ns
Min = 34.334 ns, Q1 = 34.388 ns, Median = 34.419 ns, Q3 = 34.490 ns, Max = 34.531 ns
IQR = 0.102 ns, LowerFence = 34.236 ns, UpperFence = 34.643 ns
ConfidenceInterval = [34.338 ns; 34.525 ns] (CI 99.9%), Margin = 0.093 ns (0.27% of Mean)
Skewness = -0.1, Kurtosis = 1.43, MValue = 2

// ** Remained 9 (23.1 %) benchmark(s) to run. Estimated finish 2026-09-10 17:56 (0h 0m from now) **
// **************************
// Benchmark: SignedSeekBenchmarks.Direct: Jit(IterationCount=12, IterationTime=250ms, WarmupCount=16) [Case=RepeatedNegativeOneFive]
// *** Execute ***
// Launch: 1 / 1
// Execute: dotnet Alpha-Jit-1.dll --anonymousPipes 111 112 --benchmarkName "SignedSeekBenchmarks.Direct(Case: RepeatedNegativeOneFive)" --job Jit --benchmarkId 30 in /home/i/Work/tl-v1-coordination-16-signed-seek-integration/benchmarks/Alpha/bin/Release/net10.0/Alpha-Jit-1/bin/Release/net10.0
// Failed to set up high priority (Permission denied). In order to run benchmarks with high priority, make sure you have the right permissions.
// BeforeAnythingElse

// Benchmark Process Environment Information:
// BenchmarkDotNet v0.15.8
// Runtime=.NET 10.0.12 (10.0.12, 10.0.1226.42308), X64 RyuJIT x86-64-v3
// GC=Concurrent Workstation
// HardwareIntrinsics=AVX2+BMI1+BMI2+F16C+FMA+LZCNT+MOVBE,AVX,SSE3+SSSE3+SSE4.1+SSE4.2+POPCNT,X86Base+SSE+SSE2,AES+PCLMUL,AvxVnni,SERIALIZE VectorSize=256
// Job: Jit(IterationCount=12, IterationTime=250ms, WarmupCount=16)

OverheadJitting  1: 4096 op, 105804.00 ns, 25.8311 ns/op
WorkloadJitting  1: 4096 op, 544908.00 ns, 133.0342 ns/op

OverheadJitting  2: 65536 op, 119915.00 ns, 1.8298 ns/op
WorkloadJitting  2: 65536 op, 2948055.00 ns, 44.9837 ns/op

WorkloadPilot    1: 65536 op, 2089693.00 ns, 31.8862 ns/op
WorkloadPilot    2: 7864320 op, 246061852.00 ns, 31.2884 ns/op
WorkloadPilot    3: 7995392 op, 247774175.00 ns, 30.9896 ns/op
WorkloadPilot    4: 8126464 op, 251880261.00 ns, 30.9951 ns/op

OverheadWarmup   1: 8126464 op, 3374.00 ns, 0.0004 ns/op
OverheadWarmup   2: 8126464 op, 2984.00 ns, 0.0004 ns/op
OverheadWarmup   3: 8126464 op, 2950.00 ns, 0.0004 ns/op
OverheadWarmup   4: 8126464 op, 2934.00 ns, 0.0004 ns/op
OverheadWarmup   5: 8126464 op, 2940.00 ns, 0.0004 ns/op
OverheadWarmup   6: 8126464 op, 2929.00 ns, 0.0004 ns/op
OverheadWarmup   7: 8126464 op, 2943.00 ns, 0.0004 ns/op
OverheadWarmup   8: 8126464 op, 2917.00 ns, 0.0004 ns/op

OverheadActual   1: 8126464 op, 3148.00 ns, 0.0004 ns/op
OverheadActual   2: 8126464 op, 3137.00 ns, 0.0004 ns/op
OverheadActual   3: 8126464 op, 3137.00 ns, 0.0004 ns/op
OverheadActual   4: 8126464 op, 2987.00 ns, 0.0004 ns/op
OverheadActual   5: 8126464 op, 3128.00 ns, 0.0004 ns/op
OverheadActual   6: 8126464 op, 2946.00 ns, 0.0004 ns/op
OverheadActual   7: 8126464 op, 2935.00 ns, 0.0004 ns/op
OverheadActual   8: 8126464 op, 2916.00 ns, 0.0004 ns/op
OverheadActual   9: 8126464 op, 2916.00 ns, 0.0004 ns/op
OverheadActual  10: 8126464 op, 2913.00 ns, 0.0004 ns/op
OverheadActual  11: 8126464 op, 2919.00 ns, 0.0004 ns/op
OverheadActual  12: 8126464 op, 2929.00 ns, 0.0004 ns/op
OverheadActual  13: 8126464 op, 2950.00 ns, 0.0004 ns/op
OverheadActual  14: 8126464 op, 2940.00 ns, 0.0004 ns/op
OverheadActual  15: 8126464 op, 2934.00 ns, 0.0004 ns/op

WorkloadWarmup   1: 8126464 op, 251612696.00 ns, 30.9621 ns/op
WorkloadWarmup   2: 8126464 op, 250996212.00 ns, 30.8863 ns/op
WorkloadWarmup   3: 8126464 op, 250860027.00 ns, 30.8695 ns/op
WorkloadWarmup   4: 8126464 op, 251405026.00 ns, 30.9366 ns/op
WorkloadWarmup   5: 8126464 op, 227184503.00 ns, 27.9561 ns/op
WorkloadWarmup   6: 8126464 op, 96618408.00 ns, 11.8894 ns/op
WorkloadWarmup   7: 8126464 op, 63319057.00 ns, 7.7917 ns/op
WorkloadWarmup   8: 8126464 op, 61234916.00 ns, 7.5352 ns/op
WorkloadWarmup   9: 8126464 op, 63523194.00 ns, 7.8168 ns/op
WorkloadWarmup  10: 8126464 op, 62904545.00 ns, 7.7407 ns/op
WorkloadWarmup  11: 8126464 op, 62115576.00 ns, 7.6436 ns/op
WorkloadWarmup  12: 8126464 op, 61070538.00 ns, 7.5150 ns/op
WorkloadWarmup  13: 8126464 op, 61551880.00 ns, 7.5743 ns/op
WorkloadWarmup  14: 8126464 op, 62457186.00 ns, 7.6857 ns/op
WorkloadWarmup  15: 8126464 op, 61773425.00 ns, 7.6015 ns/op
WorkloadWarmup  16: 8126464 op, 61309988.00 ns, 7.5445 ns/op

// BeforeActualRun
WorkloadActual   1: 8126464 op, 60725937.00 ns, 7.4726 ns/op
WorkloadActual   2: 8126464 op, 61788590.00 ns, 7.6034 ns/op
WorkloadActual   3: 8126464 op, 61272772.00 ns, 7.5399 ns/op
WorkloadActual   4: 8126464 op, 61309556.00 ns, 7.5444 ns/op
WorkloadActual   5: 8126464 op, 61682595.00 ns, 7.5903 ns/op
WorkloadActual   6: 8126464 op, 61539322.00 ns, 7.5727 ns/op
WorkloadActual   7: 8126464 op, 61678506.00 ns, 7.5898 ns/op
WorkloadActual   8: 8126464 op, 61698416.00 ns, 7.5923 ns/op
WorkloadActual   9: 8126464 op, 60982107.00 ns, 7.5041 ns/op
WorkloadActual  10: 8126464 op, 61697813.00 ns, 7.5922 ns/op
WorkloadActual  11: 8126464 op, 61268468.00 ns, 7.5394 ns/op
WorkloadActual  12: 8126464 op, 61645186.00 ns, 7.5857 ns/op

// AfterActualRun
WorkloadResult   1: 8126464 op, 60722997.00 ns, 7.4723 ns/op
WorkloadResult   2: 8126464 op, 61785650.00 ns, 7.6030 ns/op
WorkloadResult   3: 8126464 op, 61269832.00 ns, 7.5395 ns/op
WorkloadResult   4: 8126464 op, 61306616.00 ns, 7.5441 ns/op
WorkloadResult   5: 8126464 op, 61679655.00 ns, 7.5900 ns/op
WorkloadResult   6: 8126464 op, 61536382.00 ns, 7.5723 ns/op
WorkloadResult   7: 8126464 op, 61675566.00 ns, 7.5895 ns/op
WorkloadResult   8: 8126464 op, 61695476.00 ns, 7.5919 ns/op
WorkloadResult   9: 8126464 op, 60979167.00 ns, 7.5038 ns/op
WorkloadResult  10: 8126464 op, 61694873.00 ns, 7.5918 ns/op
WorkloadResult  11: 8126464 op, 61265528.00 ns, 7.5390 ns/op
WorkloadResult  12: 8126464 op, 61642246.00 ns, 7.5854 ns/op
// GC:  0 0 0 0 8126464
// Threading:  0 0 8126464

// AfterAll
// Benchmark Process 511832 has exited with code 0.

Mean = 7.560 ns, StdErr = 0.012 ns (0.16%), N = 12, StdDev = 0.041 ns
Min = 7.472 ns, Q1 = 7.539 ns, Median = 7.579 ns, Q3 = 7.590 ns, Max = 7.603 ns
IQR = 0.051 ns, LowerFence = 7.463 ns, UpperFence = 7.667 ns
ConfidenceInterval = [7.508 ns; 7.613 ns] (CI 99.9%), Margin = 0.052 ns (0.69% of Mean)
Skewness = -0.82, Kurtosis = 2.31, MValue = 2

// ** Remained 8 (20.5 %) benchmark(s) to run. Estimated finish 2026-09-10 17:56 (0h 0m from now) **
// **************************
// Benchmark: SignedSeekBenchmarks.Typed: Jit(IterationCount=12, IterationTime=250ms, WarmupCount=16) [Case=RepeatedNegativeOneFive]
// *** Execute ***
// Launch: 1 / 1
// Execute: dotnet Alpha-Jit-1.dll --anonymousPipes 111 112 --benchmarkName "SignedSeekBenchmarks.Typed(Case: RepeatedNegativeOneFive)" --job Jit --benchmarkId 31 in /home/i/Work/tl-v1-coordination-16-signed-seek-integration/benchmarks/Alpha/bin/Release/net10.0/Alpha-Jit-1/bin/Release/net10.0
// Failed to set up high priority (Permission denied). In order to run benchmarks with high priority, make sure you have the right permissions.
// BeforeAnythingElse

// Benchmark Process Environment Information:
// BenchmarkDotNet v0.15.8
// Runtime=.NET 10.0.12 (10.0.12, 10.0.1226.42308), X64 RyuJIT x86-64-v3
// GC=Concurrent Workstation
// HardwareIntrinsics=AVX2+BMI1+BMI2+F16C+FMA+LZCNT+MOVBE,AVX,SSE3+SSSE3+SSE4.1+SSE4.2+POPCNT,X86Base+SSE+SSE2,AES+PCLMUL,AvxVnni,SERIALIZE VectorSize=256
// Job: Jit(IterationCount=12, IterationTime=250ms, WarmupCount=16)

OverheadJitting  1: 4096 op, 107250.00 ns, 26.1841 ns/op
WorkloadJitting  1: 4096 op, 870188.00 ns, 212.4482 ns/op

OverheadJitting  2: 65536 op, 118564.00 ns, 1.8091 ns/op
WorkloadJitting  2: 65536 op, 7224781.00 ns, 110.2414 ns/op

WorkloadPilot    1: 65536 op, 4429331.00 ns, 67.5862 ns/op
WorkloadPilot    2: 3735552 op, 245543672.00 ns, 65.7316 ns/op
WorkloadPilot    3: 3866624 op, 253308260.00 ns, 65.5115 ns/op

OverheadWarmup   1: 3866624 op, 1848.00 ns, 0.0005 ns/op
OverheadWarmup   2: 3866624 op, 1487.00 ns, 0.0004 ns/op
OverheadWarmup   3: 3866624 op, 1432.00 ns, 0.0004 ns/op
OverheadWarmup   4: 3866624 op, 1415.00 ns, 0.0004 ns/op
OverheadWarmup   5: 3866624 op, 1428.00 ns, 0.0004 ns/op
OverheadWarmup   6: 3866624 op, 1432.00 ns, 0.0004 ns/op
OverheadWarmup   7: 3866624 op, 1442.00 ns, 0.0004 ns/op
OverheadWarmup   8: 3866624 op, 1421.00 ns, 0.0004 ns/op
OverheadWarmup   9: 3866624 op, 1423.00 ns, 0.0004 ns/op
OverheadWarmup  10: 3866624 op, 1421.00 ns, 0.0004 ns/op

OverheadActual   1: 3866624 op, 1651.00 ns, 0.0004 ns/op
OverheadActual   2: 3866624 op, 1651.00 ns, 0.0004 ns/op
OverheadActual   3: 3866624 op, 1652.00 ns, 0.0004 ns/op
OverheadActual   4: 3866624 op, 1464.00 ns, 0.0004 ns/op
OverheadActual   5: 3866624 op, 1653.00 ns, 0.0004 ns/op
OverheadActual   6: 3866624 op, 1440.00 ns, 0.0004 ns/op
OverheadActual   7: 3866624 op, 1431.00 ns, 0.0004 ns/op
OverheadActual   8: 3866624 op, 1415.00 ns, 0.0004 ns/op
OverheadActual   9: 3866624 op, 1424.00 ns, 0.0004 ns/op
OverheadActual  10: 3866624 op, 1400.00 ns, 0.0004 ns/op
OverheadActual  11: 3866624 op, 1398.00 ns, 0.0004 ns/op
OverheadActual  12: 3866624 op, 1424.00 ns, 0.0004 ns/op
OverheadActual  13: 3866624 op, 1438.00 ns, 0.0004 ns/op
OverheadActual  14: 3866624 op, 1418.00 ns, 0.0004 ns/op
OverheadActual  15: 3866624 op, 1434.00 ns, 0.0004 ns/op
OverheadActual  16: 3866624 op, 1432.00 ns, 0.0004 ns/op
OverheadActual  17: 3866624 op, 1433.00 ns, 0.0004 ns/op

WorkloadWarmup   1: 3866624 op, 252865583.00 ns, 65.3970 ns/op
WorkloadWarmup   2: 3866624 op, 283671982.00 ns, 73.3643 ns/op
WorkloadWarmup   3: 3866624 op, 253472788.00 ns, 65.5540 ns/op
WorkloadWarmup   4: 3866624 op, 253028459.00 ns, 65.4391 ns/op
WorkloadWarmup   5: 3866624 op, 253400709.00 ns, 65.5354 ns/op
WorkloadWarmup   6: 3866624 op, 177831626.00 ns, 45.9914 ns/op
WorkloadWarmup   7: 3866624 op, 52963440.00 ns, 13.6976 ns/op
WorkloadWarmup   8: 3866624 op, 54299104.00 ns, 14.0430 ns/op
WorkloadWarmup   9: 3866624 op, 53411369.00 ns, 13.8134 ns/op
WorkloadWarmup  10: 3866624 op, 54984634.00 ns, 14.2203 ns/op
WorkloadWarmup  11: 3866624 op, 54230145.00 ns, 14.0252 ns/op
WorkloadWarmup  12: 3866624 op, 54086974.00 ns, 13.9882 ns/op
WorkloadWarmup  13: 3866624 op, 53919853.00 ns, 13.9449 ns/op
WorkloadWarmup  14: 3866624 op, 52748379.00 ns, 13.6420 ns/op
WorkloadWarmup  15: 3866624 op, 54189903.00 ns, 14.0148 ns/op
WorkloadWarmup  16: 3866624 op, 53837086.00 ns, 13.9235 ns/op

// BeforeActualRun
WorkloadActual   1: 3866624 op, 53782965.00 ns, 13.9095 ns/op
WorkloadActual   2: 3866624 op, 53843746.00 ns, 13.9253 ns/op
WorkloadActual   3: 3866624 op, 53405741.00 ns, 13.8120 ns/op
WorkloadActual   4: 3866624 op, 53036056.00 ns, 13.7164 ns/op
WorkloadActual   5: 3866624 op, 53732053.00 ns, 13.8964 ns/op
WorkloadActual   6: 3866624 op, 53776325.00 ns, 13.9078 ns/op
WorkloadActual   7: 3866624 op, 53017626.00 ns, 13.7116 ns/op
WorkloadActual   8: 3866624 op, 53285436.00 ns, 13.7809 ns/op
WorkloadActual   9: 3866624 op, 53805504.00 ns, 13.9154 ns/op
WorkloadActual  10: 3866624 op, 53986753.00 ns, 13.9622 ns/op
WorkloadActual  11: 3866624 op, 53156929.00 ns, 13.7476 ns/op
WorkloadActual  12: 3866624 op, 54375868.00 ns, 14.0629 ns/op

// AfterActualRun
WorkloadResult   1: 3866624 op, 53781532.00 ns, 13.9092 ns/op
WorkloadResult   2: 3866624 op, 53842313.00 ns, 13.9249 ns/op
WorkloadResult   3: 3866624 op, 53404308.00 ns, 13.8116 ns/op
WorkloadResult   4: 3866624 op, 53034623.00 ns, 13.7160 ns/op
WorkloadResult   5: 3866624 op, 53730620.00 ns, 13.8960 ns/op
WorkloadResult   6: 3866624 op, 53774892.00 ns, 13.9075 ns/op
WorkloadResult   7: 3866624 op, 53016193.00 ns, 13.7112 ns/op
WorkloadResult   8: 3866624 op, 53284003.00 ns, 13.7805 ns/op
WorkloadResult   9: 3866624 op, 53804071.00 ns, 13.9150 ns/op
WorkloadResult  10: 3866624 op, 53985320.00 ns, 13.9619 ns/op
WorkloadResult  11: 3866624 op, 53155496.00 ns, 13.7473 ns/op
WorkloadResult  12: 3866624 op, 54374435.00 ns, 14.0625 ns/op
// GC:  0 0 0 0 3866624
// Threading:  0 0 3866624

// AfterAll
// Benchmark Process 511873 has exited with code 0.

Mean = 13.862 ns, StdErr = 0.031 ns (0.23%), N = 12, StdDev = 0.108 ns
Min = 13.711 ns, Q1 = 13.772 ns, Median = 13.902 ns, Q3 = 13.917 ns, Max = 14.063 ns
IQR = 0.145 ns, LowerFence = 13.554 ns, UpperFence = 14.135 ns
ConfidenceInterval = [13.723 ns; 14.001 ns] (CI 99.9%), Margin = 0.139 ns (1.00% of Mean)
Skewness = 0.07, Kurtosis = 1.79, MValue = 2

// ** Remained 7 (17.9 %) benchmark(s) to run. Estimated finish 2026-09-10 17:56 (0h 0m from now) **
// **************************
// Benchmark: SignedSeekBenchmarks.Dynamic: Jit(IterationCount=12, IterationTime=250ms, WarmupCount=16) [Case=RepeatedNegativeOneFive]
// *** Execute ***
// Launch: 1 / 1
// Execute: dotnet Alpha-Jit-1.dll --anonymousPipes 111 112 --benchmarkName "SignedSeekBenchmarks.Dynamic(Case: RepeatedNegativeOneFive)" --job Jit --benchmarkId 32 in /home/i/Work/tl-v1-coordination-16-signed-seek-integration/benchmarks/Alpha/bin/Release/net10.0/Alpha-Jit-1/bin/Release/net10.0
// Failed to set up high priority (Permission denied). In order to run benchmarks with high priority, make sure you have the right permissions.
// BeforeAnythingElse

// Benchmark Process Environment Information:
// BenchmarkDotNet v0.15.8
// Runtime=.NET 10.0.12 (10.0.12, 10.0.1226.42308), X64 RyuJIT x86-64-v3
// GC=Concurrent Workstation
// HardwareIntrinsics=AVX2+BMI1+BMI2+F16C+FMA+LZCNT+MOVBE,AVX,SSE3+SSSE3+SSE4.1+SSE4.2+POPCNT,X86Base+SSE+SSE2,AES+PCLMUL,AvxVnni,SERIALIZE VectorSize=256
// Job: Jit(IterationCount=12, IterationTime=250ms, WarmupCount=16)

OverheadJitting  1: 4096 op, 104483.00 ns, 25.5085 ns/op
WorkloadJitting  1: 4096 op, 1207371.00 ns, 294.7683 ns/op

OverheadJitting  2: 65536 op, 131805.00 ns, 2.0112 ns/op
WorkloadJitting  2: 65536 op, 16907145.00 ns, 257.9826 ns/op

WorkloadPilot    1: 65536 op, 16371966.00 ns, 249.8164 ns/op
WorkloadPilot    2: 1048576 op, 259654466.00 ns, 247.6258 ns/op

OverheadWarmup   1: 1048576 op, 696.00 ns, 0.0007 ns/op
OverheadWarmup   2: 1048576 op, 478.00 ns, 0.0005 ns/op
OverheadWarmup   3: 1048576 op, 424.00 ns, 0.0004 ns/op
OverheadWarmup   4: 1048576 op, 406.00 ns, 0.0004 ns/op
OverheadWarmup   5: 1048576 op, 410.00 ns, 0.0004 ns/op
OverheadWarmup   6: 1048576 op, 394.00 ns, 0.0004 ns/op
OverheadWarmup   7: 1048576 op, 528.00 ns, 0.0005 ns/op
OverheadWarmup   8: 1048576 op, 425.00 ns, 0.0004 ns/op

OverheadActual   1: 1048576 op, 608.00 ns, 0.0006 ns/op
OverheadActual   2: 1048576 op, 630.00 ns, 0.0006 ns/op
OverheadActual   3: 1048576 op, 649.00 ns, 0.0006 ns/op
OverheadActual   4: 1048576 op, 467.00 ns, 0.0004 ns/op
OverheadActual   5: 1048576 op, 607.00 ns, 0.0006 ns/op
OverheadActual   6: 1048576 op, 427.00 ns, 0.0004 ns/op
OverheadActual   7: 1048576 op, 403.00 ns, 0.0004 ns/op
OverheadActual   8: 1048576 op, 398.00 ns, 0.0004 ns/op
OverheadActual   9: 1048576 op, 397.00 ns, 0.0004 ns/op
OverheadActual  10: 1048576 op, 405.00 ns, 0.0004 ns/op
OverheadActual  11: 1048576 op, 428.00 ns, 0.0004 ns/op
OverheadActual  12: 1048576 op, 417.00 ns, 0.0004 ns/op
OverheadActual  13: 1048576 op, 447.00 ns, 0.0004 ns/op
OverheadActual  14: 1048576 op, 410.00 ns, 0.0004 ns/op
OverheadActual  15: 1048576 op, 411.00 ns, 0.0004 ns/op
OverheadActual  16: 1048576 op, 423.00 ns, 0.0004 ns/op
OverheadActual  17: 1048576 op, 415.00 ns, 0.0004 ns/op
OverheadActual  18: 1048576 op, 614.00 ns, 0.0006 ns/op
OverheadActual  19: 1048576 op, 438.00 ns, 0.0004 ns/op
OverheadActual  20: 1048576 op, 463.00 ns, 0.0004 ns/op

WorkloadWarmup   1: 1048576 op, 259229488.00 ns, 247.2205 ns/op
WorkloadWarmup   2: 1048576 op, 263340728.00 ns, 251.1413 ns/op
WorkloadWarmup   3: 1048576 op, 260882706.00 ns, 248.7971 ns/op
WorkloadWarmup   4: 1048576 op, 259017517.00 ns, 247.0184 ns/op
WorkloadWarmup   5: 1048576 op, 258610250.00 ns, 246.6300 ns/op
WorkloadWarmup   6: 1048576 op, 258807043.00 ns, 246.8176 ns/op
WorkloadWarmup   7: 1048576 op, 129482275.00 ns, 123.4839 ns/op
WorkloadWarmup   8: 1048576 op, 39751426.00 ns, 37.9099 ns/op
WorkloadWarmup   9: 1048576 op, 44024136.00 ns, 41.9847 ns/op
WorkloadWarmup  10: 1048576 op, 42486150.00 ns, 40.5180 ns/op
WorkloadWarmup  11: 1048576 op, 43699654.00 ns, 41.6752 ns/op
WorkloadWarmup  12: 1048576 op, 42082802.00 ns, 40.1333 ns/op
WorkloadWarmup  13: 1048576 op, 40527915.00 ns, 38.6504 ns/op
WorkloadWarmup  14: 1048576 op, 40806456.00 ns, 38.9161 ns/op
WorkloadWarmup  15: 1048576 op, 40891544.00 ns, 38.9972 ns/op
WorkloadWarmup  16: 1048576 op, 42075282.00 ns, 40.1261 ns/op

// BeforeActualRun
WorkloadActual   1: 1048576 op, 40658632.00 ns, 38.7751 ns/op
WorkloadActual   2: 1048576 op, 40273698.00 ns, 38.4080 ns/op
WorkloadActual   3: 1048576 op, 40143590.00 ns, 38.2839 ns/op
WorkloadActual   4: 1048576 op, 40883537.00 ns, 38.9896 ns/op
WorkloadActual   5: 1048576 op, 40520312.00 ns, 38.6432 ns/op
WorkloadActual   6: 1048576 op, 40594299.00 ns, 38.7137 ns/op
WorkloadActual   7: 1048576 op, 41139688.00 ns, 39.2339 ns/op
WorkloadActual   8: 1048576 op, 40490801.00 ns, 38.6150 ns/op
WorkloadActual   9: 1048576 op, 41491171.00 ns, 39.5691 ns/op
WorkloadActual  10: 1048576 op, 41088588.00 ns, 39.1851 ns/op
WorkloadActual  11: 1048576 op, 42133080.00 ns, 40.1812 ns/op
WorkloadActual  12: 1048576 op, 40313983.00 ns, 38.4464 ns/op

// AfterActualRun
WorkloadResult   1: 1048576 op, 40658204.50 ns, 38.7747 ns/op
WorkloadResult   2: 1048576 op, 40273270.50 ns, 38.4076 ns/op
WorkloadResult   3: 1048576 op, 40143162.50 ns, 38.2835 ns/op
WorkloadResult   4: 1048576 op, 40883109.50 ns, 38.9892 ns/op
WorkloadResult   5: 1048576 op, 40519884.50 ns, 38.6428 ns/op
WorkloadResult   6: 1048576 op, 40593871.50 ns, 38.7133 ns/op
WorkloadResult   7: 1048576 op, 41139260.50 ns, 39.2335 ns/op
WorkloadResult   8: 1048576 op, 40490373.50 ns, 38.6146 ns/op
WorkloadResult   9: 1048576 op, 41490743.50 ns, 39.5687 ns/op
WorkloadResult  10: 1048576 op, 41088160.50 ns, 39.1847 ns/op
WorkloadResult  11: 1048576 op, 40313555.50 ns, 38.4460 ns/op
// GC:  0 0 0 0 1048576
// Threading:  0 0 1048576

// AfterAll
// Benchmark Process 511916 has exited with code 0.

Mean = 38.805 ns, StdErr = 0.120 ns (0.31%), N = 11, StdDev = 0.397 ns
Min = 38.284 ns, Q1 = 38.530 ns, Median = 38.713 ns, Q3 = 39.087 ns, Max = 39.569 ns
IQR = 0.557 ns, LowerFence = 37.695 ns, UpperFence = 39.922 ns
ConfidenceInterval = [38.256 ns; 39.354 ns] (CI 99.9%), Margin = 0.549 ns (1.41% of Mean)
Skewness = 0.47, Kurtosis = 1.88, MValue = 2

// ** Remained 6 (15.4 %) benchmark(s) to run. Estimated finish 2026-09-10 17:56 (0h 0m from now) **
// **************************
// Benchmark: SignedSeekBenchmarks.Direct: Jit(IterationCount=12, IterationTime=250ms, WarmupCount=16) [Case=LiteralPositiveSixtyFour]
// *** Execute ***
// Launch: 1 / 1
// Execute: dotnet Alpha-Jit-1.dll --anonymousPipes 111 112 --benchmarkName "SignedSeekBenchmarks.Direct(Case: LiteralPositiveSixtyFour)" --job Jit --benchmarkId 33 in /home/i/Work/tl-v1-coordination-16-signed-seek-integration/benchmarks/Alpha/bin/Release/net10.0/Alpha-Jit-1/bin/Release/net10.0
// Failed to set up high priority (Permission denied). In order to run benchmarks with high priority, make sure you have the right permissions.
// BeforeAnythingElse

// Benchmark Process Environment Information:
// BenchmarkDotNet v0.15.8
// Runtime=.NET 10.0.12 (10.0.12, 10.0.1226.42308), X64 RyuJIT x86-64-v3
// GC=Concurrent Workstation
// HardwareIntrinsics=AVX2+BMI1+BMI2+F16C+FMA+LZCNT+MOVBE,AVX,SSE3+SSSE3+SSE4.1+SSE4.2+POPCNT,X86Base+SSE+SSE2,AES+PCLMUL,AvxVnni,SERIALIZE VectorSize=256
// Job: Jit(IterationCount=12, IterationTime=250ms, WarmupCount=16)

OverheadJitting  1: 4096 op, 102711.00 ns, 25.0759 ns/op
WorkloadJitting  1: 4096 op, 4617591.00 ns, 1.1273 us/op

OverheadJitting  2: 65536 op, 143379.00 ns, 2.1878 ns/op
WorkloadJitting  2: 65536 op, 26171582.00 ns, 399.3466 ns/op

WorkloadPilot    1: 65536 op, 24429047.00 ns, 372.7577 ns/op
WorkloadPilot    2: 720896 op, 268882395.00 ns, 372.9836 ns/op

OverheadWarmup   1: 720896 op, 608.00 ns, 0.0008 ns/op
OverheadWarmup   2: 720896 op, 408.00 ns, 0.0006 ns/op
OverheadWarmup   3: 720896 op, 361.00 ns, 0.0005 ns/op
OverheadWarmup   4: 720896 op, 341.00 ns, 0.0005 ns/op
OverheadWarmup   5: 720896 op, 370.00 ns, 0.0005 ns/op
OverheadWarmup   6: 720896 op, 343.00 ns, 0.0005 ns/op
OverheadWarmup   7: 720896 op, 345.00 ns, 0.0005 ns/op
OverheadWarmup   8: 720896 op, 330.00 ns, 0.0005 ns/op

OverheadActual   1: 720896 op, 510.00 ns, 0.0007 ns/op
OverheadActual   2: 720896 op, 503.00 ns, 0.0007 ns/op
OverheadActual   3: 720896 op, 509.00 ns, 0.0007 ns/op
OverheadActual   4: 720896 op, 374.00 ns, 0.0005 ns/op
OverheadActual   5: 720896 op, 495.00 ns, 0.0007 ns/op
OverheadActual   6: 720896 op, 347.00 ns, 0.0005 ns/op
OverheadActual   7: 720896 op, 346.00 ns, 0.0005 ns/op
OverheadActual   8: 720896 op, 335.00 ns, 0.0005 ns/op
OverheadActual   9: 720896 op, 325.00 ns, 0.0005 ns/op
OverheadActual  10: 720896 op, 331.00 ns, 0.0005 ns/op
OverheadActual  11: 720896 op, 359.00 ns, 0.0005 ns/op
OverheadActual  12: 720896 op, 371.00 ns, 0.0005 ns/op
OverheadActual  13: 720896 op, 354.00 ns, 0.0005 ns/op
OverheadActual  14: 720896 op, 326.00 ns, 0.0005 ns/op
OverheadActual  15: 720896 op, 350.00 ns, 0.0005 ns/op
OverheadActual  16: 720896 op, 349.00 ns, 0.0005 ns/op
OverheadActual  17: 720896 op, 348.00 ns, 0.0005 ns/op
OverheadActual  18: 720896 op, 504.00 ns, 0.0007 ns/op
OverheadActual  19: 720896 op, 385.00 ns, 0.0005 ns/op
OverheadActual  20: 720896 op, 350.00 ns, 0.0005 ns/op

WorkloadWarmup   1: 720896 op, 267390612.00 ns, 370.9143 ns/op
WorkloadWarmup   2: 720896 op, 266708581.00 ns, 369.9682 ns/op
WorkloadWarmup   3: 720896 op, 267287815.00 ns, 370.7717 ns/op
WorkloadWarmup   4: 720896 op, 267445533.00 ns, 370.9905 ns/op
WorkloadWarmup   5: 720896 op, 267581478.00 ns, 371.1790 ns/op
WorkloadWarmup   6: 720896 op, 267986747.00 ns, 371.7412 ns/op
WorkloadWarmup   7: 720896 op, 93150694.00 ns, 129.2152 ns/op
WorkloadWarmup   8: 720896 op, 81477776.00 ns, 113.0229 ns/op
WorkloadWarmup   9: 720896 op, 82986943.00 ns, 115.1164 ns/op
WorkloadWarmup  10: 720896 op, 78977908.00 ns, 109.5552 ns/op
WorkloadWarmup  11: 720896 op, 83209758.00 ns, 115.4255 ns/op
WorkloadWarmup  12: 720896 op, 75313972.00 ns, 104.4727 ns/op
WorkloadWarmup  13: 720896 op, 81034178.00 ns, 112.4076 ns/op
WorkloadWarmup  14: 720896 op, 86242009.00 ns, 119.6317 ns/op
WorkloadWarmup  15: 720896 op, 81717451.00 ns, 113.3554 ns/op
WorkloadWarmup  16: 720896 op, 81160645.00 ns, 112.5830 ns/op

// BeforeActualRun
WorkloadActual   1: 720896 op, 83127924.00 ns, 115.3120 ns/op
WorkloadActual   2: 720896 op, 80324064.00 ns, 111.4225 ns/op
WorkloadActual   3: 720896 op, 82033847.00 ns, 113.7943 ns/op
WorkloadActual   4: 720896 op, 77708504.00 ns, 107.7943 ns/op
WorkloadActual   5: 720896 op, 82066531.00 ns, 113.8396 ns/op
WorkloadActual   6: 720896 op, 87519160.00 ns, 121.4033 ns/op
WorkloadActual   7: 720896 op, 86241747.00 ns, 119.6313 ns/op
WorkloadActual   8: 720896 op, 79952847.00 ns, 110.9076 ns/op
WorkloadActual   9: 720896 op, 79897546.00 ns, 110.8309 ns/op
WorkloadActual  10: 720896 op, 85711542.00 ns, 118.8958 ns/op
WorkloadActual  11: 720896 op, 86064394.00 ns, 119.3853 ns/op
WorkloadActual  12: 720896 op, 83042423.00 ns, 115.1933 ns/op

// AfterActualRun
WorkloadResult   1: 720896 op, 83127572.00 ns, 115.3115 ns/op
WorkloadResult   2: 720896 op, 80323712.00 ns, 111.4221 ns/op
WorkloadResult   3: 720896 op, 82033495.00 ns, 113.7938 ns/op
WorkloadResult   4: 720896 op, 77708152.00 ns, 107.7938 ns/op
WorkloadResult   5: 720896 op, 82066179.00 ns, 113.8391 ns/op
WorkloadResult   6: 720896 op, 87518808.00 ns, 121.4028 ns/op
WorkloadResult   7: 720896 op, 86241395.00 ns, 119.6308 ns/op
WorkloadResult   8: 720896 op, 79952495.00 ns, 110.9071 ns/op
WorkloadResult   9: 720896 op, 79897194.00 ns, 110.8304 ns/op
WorkloadResult  10: 720896 op, 85711190.00 ns, 118.8954 ns/op
WorkloadResult  11: 720896 op, 86064042.00 ns, 119.3848 ns/op
WorkloadResult  12: 720896 op, 83042071.00 ns, 115.1929 ns/op
// GC:  0 0 0 0 720896
// Threading:  0 0 720896

// AfterAll
// Benchmark Process 511924 has exited with code 0.

Mean = 114.867 ns, StdErr = 1.226 ns (1.07%), N = 12, StdDev = 4.247 ns
Min = 107.794 ns, Q1 = 111.293 ns, Median = 114.516 ns, Q3 = 119.018 ns, Max = 121.403 ns
IQR = 7.724 ns, LowerFence = 99.707 ns, UpperFence = 130.604 ns
ConfidenceInterval = [109.427 ns; 120.307 ns] (CI 99.9%), Margin = 5.440 ns (4.74% of Mean)
Skewness = 0.02, Kurtosis = 1.58, MValue = 2

// ** Remained 5 (12.8 %) benchmark(s) to run. Estimated finish 2026-09-10 17:56 (0h 0m from now) **
// **************************
// Benchmark: SignedSeekBenchmarks.Typed: Jit(IterationCount=12, IterationTime=250ms, WarmupCount=16) [Case=LiteralPositiveSixtyFour]
// *** Execute ***
// Launch: 1 / 1
// Execute: dotnet Alpha-Jit-1.dll --anonymousPipes 111 112 --benchmarkName "SignedSeekBenchmarks.Typed(Case: LiteralPositiveSixtyFour)" --job Jit --benchmarkId 34 in /home/i/Work/tl-v1-coordination-16-signed-seek-integration/benchmarks/Alpha/bin/Release/net10.0/Alpha-Jit-1/bin/Release/net10.0
// Failed to set up high priority (Permission denied). In order to run benchmarks with high priority, make sure you have the right permissions.
// BeforeAnythingElse

// Benchmark Process Environment Information:
// BenchmarkDotNet v0.15.8
// Runtime=.NET 10.0.12 (10.0.12, 10.0.1226.42308), X64 RyuJIT x86-64-v3
// GC=Concurrent Workstation
// HardwareIntrinsics=AVX2+BMI1+BMI2+F16C+FMA+LZCNT+MOVBE,AVX,SSE3+SSSE3+SSE4.1+SSE4.2+POPCNT,X86Base+SSE+SSE2,AES+PCLMUL,AvxVnni,SERIALIZE VectorSize=256
// Job: Jit(IterationCount=12, IterationTime=250ms, WarmupCount=16)

OverheadJitting  1: 4096 op, 96066.00 ns, 23.4536 ns/op
WorkloadJitting  1: 4096 op, 4339744.00 ns, 1.0595 us/op

OverheadJitting  2: 65536 op, 147203.00 ns, 2.2461 ns/op
WorkloadJitting  2: 65536 op, 22771921.00 ns, 347.4719 ns/op

WorkloadPilot    1: 65536 op, 21004937.00 ns, 320.5099 ns/op
WorkloadPilot    2: 786432 op, 249779307.00 ns, 317.6108 ns/op

OverheadWarmup   1: 786432 op, 696.00 ns, 0.0009 ns/op
OverheadWarmup   2: 786432 op, 419.00 ns, 0.0005 ns/op
OverheadWarmup   3: 786432 op, 365.00 ns, 0.0005 ns/op
OverheadWarmup   4: 786432 op, 356.00 ns, 0.0005 ns/op
OverheadWarmup   5: 786432 op, 394.00 ns, 0.0005 ns/op
OverheadWarmup   6: 786432 op, 354.00 ns, 0.0005 ns/op
OverheadWarmup   7: 786432 op, 358.00 ns, 0.0005 ns/op
OverheadWarmup   8: 786432 op, 347.00 ns, 0.0004 ns/op

OverheadActual   1: 786432 op, 513.00 ns, 0.0007 ns/op
OverheadActual   2: 786432 op, 522.00 ns, 0.0007 ns/op
OverheadActual   3: 786432 op, 511.00 ns, 0.0006 ns/op
OverheadActual   4: 786432 op, 534.00 ns, 0.0007 ns/op
OverheadActual   5: 786432 op, 548.00 ns, 0.0007 ns/op
OverheadActual   6: 786432 op, 380.00 ns, 0.0005 ns/op
OverheadActual   7: 786432 op, 350.00 ns, 0.0004 ns/op
OverheadActual   8: 786432 op, 343.00 ns, 0.0004 ns/op
OverheadActual   9: 786432 op, 353.00 ns, 0.0004 ns/op
OverheadActual  10: 786432 op, 357.00 ns, 0.0005 ns/op
OverheadActual  11: 786432 op, 371.00 ns, 0.0005 ns/op
OverheadActual  12: 786432 op, 367.00 ns, 0.0005 ns/op
OverheadActual  13: 786432 op, 369.00 ns, 0.0005 ns/op
OverheadActual  14: 786432 op, 350.00 ns, 0.0004 ns/op
OverheadActual  15: 786432 op, 371.00 ns, 0.0005 ns/op
OverheadActual  16: 786432 op, 364.00 ns, 0.0005 ns/op
OverheadActual  17: 786432 op, 366.00 ns, 0.0005 ns/op
OverheadActual  18: 786432 op, 498.00 ns, 0.0006 ns/op
OverheadActual  19: 786432 op, 386.00 ns, 0.0005 ns/op
OverheadActual  20: 786432 op, 375.00 ns, 0.0005 ns/op

WorkloadWarmup   1: 786432 op, 250030965.00 ns, 317.9308 ns/op
WorkloadWarmup   2: 786432 op, 250102236.00 ns, 318.0214 ns/op
WorkloadWarmup   3: 786432 op, 249574479.00 ns, 317.3504 ns/op
WorkloadWarmup   4: 786432 op, 250608602.00 ns, 318.6653 ns/op
WorkloadWarmup   5: 786432 op, 249833021.00 ns, 317.6791 ns/op
WorkloadWarmup   6: 786432 op, 251382792.00 ns, 319.6497 ns/op
WorkloadWarmup   7: 786432 op, 174474933.00 ns, 221.8563 ns/op
WorkloadWarmup   8: 786432 op, 71103437.00 ns, 90.4127 ns/op
WorkloadWarmup   9: 786432 op, 72067710.00 ns, 91.6388 ns/op
WorkloadWarmup  10: 786432 op, 71449338.00 ns, 90.8525 ns/op
WorkloadWarmup  11: 786432 op, 72973817.00 ns, 92.7910 ns/op
WorkloadWarmup  12: 786432 op, 72317068.00 ns, 91.9559 ns/op
WorkloadWarmup  13: 786432 op, 71399984.00 ns, 90.7898 ns/op
WorkloadWarmup  14: 786432 op, 71459560.00 ns, 90.8655 ns/op
WorkloadWarmup  15: 786432 op, 70972255.00 ns, 90.2459 ns/op
WorkloadWarmup  16: 786432 op, 70957010.00 ns, 90.2265 ns/op

// BeforeActualRun
WorkloadActual   1: 786432 op, 70960594.00 ns, 90.2311 ns/op
WorkloadActual   2: 786432 op, 70987937.00 ns, 90.2658 ns/op
WorkloadActual   3: 786432 op, 71003762.00 ns, 90.2860 ns/op
WorkloadActual   4: 786432 op, 71317121.00 ns, 90.6844 ns/op
WorkloadActual   5: 786432 op, 71490702.00 ns, 90.9051 ns/op
WorkloadActual   6: 786432 op, 71022599.00 ns, 90.3099 ns/op
WorkloadActual   7: 786432 op, 70995603.00 ns, 90.2756 ns/op
WorkloadActual   8: 786432 op, 70985618.00 ns, 90.2629 ns/op
WorkloadActual   9: 786432 op, 70988523.00 ns, 90.2666 ns/op
WorkloadActual  10: 786432 op, 71004040.00 ns, 90.2863 ns/op
WorkloadActual  11: 786432 op, 70991796.00 ns, 90.2707 ns/op
WorkloadActual  12: 786432 op, 70988286.00 ns, 90.2663 ns/op

// AfterActualRun
WorkloadResult   1: 786432 op, 70960223.00 ns, 90.2306 ns/op
WorkloadResult   2: 786432 op, 70987566.00 ns, 90.2654 ns/op
WorkloadResult   3: 786432 op, 71003391.00 ns, 90.2855 ns/op
WorkloadResult   4: 786432 op, 71022228.00 ns, 90.3094 ns/op
WorkloadResult   5: 786432 op, 70995232.00 ns, 90.2751 ns/op
WorkloadResult   6: 786432 op, 70985247.00 ns, 90.2624 ns/op
WorkloadResult   7: 786432 op, 70988152.00 ns, 90.2661 ns/op
WorkloadResult   8: 786432 op, 71003669.00 ns, 90.2858 ns/op
WorkloadResult   9: 786432 op, 70991425.00 ns, 90.2703 ns/op
WorkloadResult  10: 786432 op, 70987915.00 ns, 90.2658 ns/op
// GC:  0 0 0 0 786432
// Threading:  0 0 786432

// AfterAll
// Benchmark Process 511964 has exited with code 0.

Mean = 90.272 ns, StdErr = 0.006 ns (0.01%), N = 10, StdDev = 0.020 ns
Min = 90.231 ns, Q1 = 90.265 ns, Median = 90.268 ns, Q3 = 90.283 ns, Max = 90.309 ns
IQR = 0.017 ns, LowerFence = 90.239 ns, UpperFence = 90.309 ns
ConfidenceInterval = [90.241 ns; 90.302 ns] (CI 99.9%), Margin = 0.031 ns (0.03% of Mean)
Skewness = -0.13, Kurtosis = 2.92, MValue = 2

// ** Remained 4 (10.3 %) benchmark(s) to run. Estimated finish 2026-09-10 17:56 (0h 0m from now) **
// **************************
// Benchmark: SignedSeekBenchmarks.Dynamic: Jit(IterationCount=12, IterationTime=250ms, WarmupCount=16) [Case=LiteralPositiveSixtyFour]
// *** Execute ***
// Launch: 1 / 1
// Execute: dotnet Alpha-Jit-1.dll --anonymousPipes 111 112 --benchmarkName "SignedSeekBenchmarks.Dynamic(Case: LiteralPositiveSixtyFour)" --job Jit --benchmarkId 35 in /home/i/Work/tl-v1-coordination-16-signed-seek-integration/benchmarks/Alpha/bin/Release/net10.0/Alpha-Jit-1/bin/Release/net10.0
// Failed to set up high priority (Permission denied). In order to run benchmarks with high priority, make sure you have the right permissions.
// BeforeAnythingElse

// Benchmark Process Environment Information:
// BenchmarkDotNet v0.15.8
// Runtime=.NET 10.0.12 (10.0.12, 10.0.1226.42308), X64 RyuJIT x86-64-v3
// GC=Concurrent Workstation
// HardwareIntrinsics=AVX2+BMI1+BMI2+F16C+FMA+LZCNT+MOVBE,AVX,SSE3+SSSE3+SSE4.1+SSE4.2+POPCNT,X86Base+SSE+SSE2,AES+PCLMUL,AvxVnni,SERIALIZE VectorSize=256
// Job: Jit(IterationCount=12, IterationTime=250ms, WarmupCount=16)

OverheadJitting  1: 4096 op, 99786.00 ns, 24.3618 ns/op
WorkloadJitting  1: 4096 op, 4421050.00 ns, 1.0794 us/op

OverheadJitting  2: 65536 op, 125115.00 ns, 1.9091 ns/op
WorkloadJitting  2: 65536 op, 67188438.00 ns, 1.0252 us/op

WorkloadPilot    1: 65536 op, 66881764.00 ns, 1.0205 us/op
WorkloadPilot    2: 262144 op, 266348924.00 ns, 1.0160 us/op

OverheadWarmup   1: 262144 op, 328.00 ns, 0.0013 ns/op
OverheadWarmup   2: 262144 op, 235.00 ns, 0.0009 ns/op
OverheadWarmup   3: 262144 op, 184.00 ns, 0.0007 ns/op
OverheadWarmup   4: 262144 op, 161.00 ns, 0.0006 ns/op
OverheadWarmup   5: 262144 op, 206.00 ns, 0.0008 ns/op
OverheadWarmup   6: 262144 op, 172.00 ns, 0.0007 ns/op
OverheadWarmup   7: 262144 op, 156.00 ns, 0.0006 ns/op
OverheadWarmup   8: 262144 op, 151.00 ns, 0.0006 ns/op
OverheadWarmup   9: 262144 op, 168.00 ns, 0.0006 ns/op
OverheadWarmup  10: 262144 op, 163.00 ns, 0.0006 ns/op

OverheadActual   1: 262144 op, 352.00 ns, 0.0013 ns/op
OverheadActual   2: 262144 op, 348.00 ns, 0.0013 ns/op
OverheadActual   3: 262144 op, 344.00 ns, 0.0013 ns/op
OverheadActual   4: 262144 op, 242.00 ns, 0.0009 ns/op
OverheadActual   5: 262144 op, 333.00 ns, 0.0013 ns/op
OverheadActual   6: 262144 op, 198.00 ns, 0.0008 ns/op
OverheadActual   7: 262144 op, 165.00 ns, 0.0006 ns/op
OverheadActual   8: 262144 op, 167.00 ns, 0.0006 ns/op
OverheadActual   9: 262144 op, 161.00 ns, 0.0006 ns/op
OverheadActual  10: 262144 op, 165.00 ns, 0.0006 ns/op
OverheadActual  11: 262144 op, 160.00 ns, 0.0006 ns/op
OverheadActual  12: 262144 op, 162.00 ns, 0.0006 ns/op
OverheadActual  13: 262144 op, 162.00 ns, 0.0006 ns/op
OverheadActual  14: 262144 op, 150.00 ns, 0.0006 ns/op
OverheadActual  15: 262144 op, 163.00 ns, 0.0006 ns/op
OverheadActual  16: 262144 op, 165.00 ns, 0.0006 ns/op
OverheadActual  17: 262144 op, 179.00 ns, 0.0007 ns/op
OverheadActual  18: 262144 op, 347.00 ns, 0.0013 ns/op
OverheadActual  19: 262144 op, 196.00 ns, 0.0007 ns/op
OverheadActual  20: 262144 op, 197.00 ns, 0.0008 ns/op

WorkloadWarmup   1: 262144 op, 265666403.00 ns, 1.0134 us/op
WorkloadWarmup   2: 262144 op, 265784630.00 ns, 1.0139 us/op
WorkloadWarmup   3: 262144 op, 267249703.00 ns, 1.0195 us/op
WorkloadWarmup   4: 262144 op, 266119529.00 ns, 1.0152 us/op
WorkloadWarmup   5: 262144 op, 266201444.00 ns, 1.0155 us/op
WorkloadWarmup   6: 262144 op, 211807424.00 ns, 807.9812 ns/op
WorkloadWarmup   7: 262144 op, 25141887.00 ns, 95.9087 ns/op
WorkloadWarmup   8: 262144 op, 24935552.00 ns, 95.1216 ns/op
WorkloadWarmup   9: 262144 op, 24341838.00 ns, 92.8567 ns/op
WorkloadWarmup  10: 262144 op, 25512723.00 ns, 97.3233 ns/op
WorkloadWarmup  11: 262144 op, 24889221.00 ns, 94.9448 ns/op
WorkloadWarmup  12: 262144 op, 24131204.00 ns, 92.0532 ns/op
WorkloadWarmup  13: 262144 op, 24362182.00 ns, 92.9343 ns/op
WorkloadWarmup  14: 262144 op, 26673485.00 ns, 101.7513 ns/op
WorkloadWarmup  15: 262144 op, 23850137.00 ns, 90.9811 ns/op
WorkloadWarmup  16: 262144 op, 23841534.00 ns, 90.9482 ns/op

// BeforeActualRun
WorkloadActual   1: 262144 op, 23849590.00 ns, 90.9790 ns/op
WorkloadActual   2: 262144 op, 23846017.00 ns, 90.9653 ns/op
WorkloadActual   3: 262144 op, 23828106.00 ns, 90.8970 ns/op
WorkloadActual   4: 262144 op, 23843781.00 ns, 90.9568 ns/op
WorkloadActual   5: 262144 op, 23876743.00 ns, 91.0825 ns/op
WorkloadActual   6: 262144 op, 23846207.00 ns, 90.9661 ns/op
WorkloadActual   7: 262144 op, 23842612.00 ns, 90.9523 ns/op
WorkloadActual   8: 262144 op, 23845482.00 ns, 90.9633 ns/op
WorkloadActual   9: 262144 op, 23835961.00 ns, 90.9270 ns/op
WorkloadActual  10: 262144 op, 23830788.00 ns, 90.9072 ns/op
WorkloadActual  11: 262144 op, 23816568.00 ns, 90.8530 ns/op
WorkloadActual  12: 262144 op, 23836388.00 ns, 90.9286 ns/op

// AfterActualRun
WorkloadResult   1: 262144 op, 23849417.00 ns, 90.9783 ns/op
WorkloadResult   2: 262144 op, 23845844.00 ns, 90.9647 ns/op
WorkloadResult   3: 262144 op, 23827933.00 ns, 90.8964 ns/op
WorkloadResult   4: 262144 op, 23843608.00 ns, 90.9561 ns/op
WorkloadResult   5: 262144 op, 23846034.00 ns, 90.9654 ns/op
WorkloadResult   6: 262144 op, 23842439.00 ns, 90.9517 ns/op
WorkloadResult   7: 262144 op, 23845309.00 ns, 90.9626 ns/op
WorkloadResult   8: 262144 op, 23835788.00 ns, 90.9263 ns/op
WorkloadResult   9: 262144 op, 23830615.00 ns, 90.9066 ns/op
WorkloadResult  10: 262144 op, 23816395.00 ns, 90.8523 ns/op
WorkloadResult  11: 262144 op, 23836215.00 ns, 90.9279 ns/op
// GC:  0 0 0 0 262144
// Threading:  0 0 262144

// AfterAll
// Benchmark Process 512002 has exited with code 0.

Mean = 90.935 ns, StdErr = 0.011 ns (0.01%), N = 11, StdDev = 0.038 ns
Min = 90.852 ns, Q1 = 90.916 ns, Median = 90.952 ns, Q3 = 90.964 ns, Max = 90.978 ns
IQR = 0.047 ns, LowerFence = 90.846 ns, UpperFence = 91.034 ns
ConfidenceInterval = [90.883 ns; 90.988 ns] (CI 99.9%), Margin = 0.053 ns (0.06% of Mean)
Skewness = -0.81, Kurtosis = 2.45, MValue = 2

// ** Remained 3 (7.7 %) benchmark(s) to run. Estimated finish 2026-09-10 17:56 (0h 0m from now) **
// **************************
// Benchmark: SignedSeekBenchmarks.Direct: Jit(IterationCount=12, IterationTime=250ms, WarmupCount=16) [Case=RuntimePositiveSixtyFour]
// *** Execute ***
// Launch: 1 / 1
// Execute: dotnet Alpha-Jit-1.dll --anonymousPipes 111 112 --benchmarkName "SignedSeekBenchmarks.Direct(Case: RuntimePositiveSixtyFour)" --job Jit --benchmarkId 36 in /home/i/Work/tl-v1-coordination-16-signed-seek-integration/benchmarks/Alpha/bin/Release/net10.0/Alpha-Jit-1/bin/Release/net10.0
// Failed to set up high priority (Permission denied). In order to run benchmarks with high priority, make sure you have the right permissions.
// BeforeAnythingElse

// Benchmark Process Environment Information:
// BenchmarkDotNet v0.15.8
// Runtime=.NET 10.0.12 (10.0.12, 10.0.1226.42308), X64 RyuJIT x86-64-v3
// GC=Concurrent Workstation
// HardwareIntrinsics=AVX2+BMI1+BMI2+F16C+FMA+LZCNT+MOVBE,AVX,SSE3+SSSE3+SSE4.1+SSE4.2+POPCNT,X86Base+SSE+SSE2,AES+PCLMUL,AvxVnni,SERIALIZE VectorSize=256
// Job: Jit(IterationCount=12, IterationTime=250ms, WarmupCount=16)

OverheadJitting  1: 4096 op, 103788.00 ns, 25.3389 ns/op
WorkloadJitting  1: 4096 op, 5973002.00 ns, 1.4583 us/op

OverheadJitting  2: 65536 op, 118751.00 ns, 1.8120 ns/op
WorkloadJitting  2: 65536 op, 26563034.00 ns, 405.3197 ns/op

WorkloadPilot    1: 65536 op, 24742468.00 ns, 377.5401 ns/op
WorkloadPilot    2: 720896 op, 271697291.00 ns, 376.8883 ns/op

OverheadWarmup   1: 720896 op, 540.00 ns, 0.0007 ns/op
OverheadWarmup   2: 720896 op, 359.00 ns, 0.0005 ns/op
OverheadWarmup   3: 720896 op, 339.00 ns, 0.0005 ns/op
OverheadWarmup   4: 720896 op, 322.00 ns, 0.0004 ns/op
OverheadWarmup   5: 720896 op, 345.00 ns, 0.0005 ns/op
OverheadWarmup   6: 720896 op, 320.00 ns, 0.0004 ns/op
OverheadWarmup   7: 720896 op, 317.00 ns, 0.0004 ns/op
OverheadWarmup   8: 720896 op, 296.00 ns, 0.0004 ns/op
OverheadWarmup   9: 720896 op, 318.00 ns, 0.0004 ns/op
OverheadWarmup  10: 720896 op, 318.00 ns, 0.0004 ns/op

OverheadActual   1: 720896 op, 503.00 ns, 0.0007 ns/op
OverheadActual   2: 720896 op, 497.00 ns, 0.0007 ns/op
OverheadActual   3: 720896 op, 516.00 ns, 0.0007 ns/op
OverheadActual   4: 720896 op, 335.00 ns, 0.0005 ns/op
OverheadActual   5: 720896 op, 505.00 ns, 0.0007 ns/op
OverheadActual   6: 720896 op, 325.00 ns, 0.0005 ns/op
OverheadActual   7: 720896 op, 305.00 ns, 0.0004 ns/op
OverheadActual   8: 720896 op, 324.00 ns, 0.0004 ns/op
OverheadActual   9: 720896 op, 322.00 ns, 0.0004 ns/op
OverheadActual  10: 720896 op, 336.00 ns, 0.0005 ns/op
OverheadActual  11: 720896 op, 307.00 ns, 0.0004 ns/op
OverheadActual  12: 720896 op, 313.00 ns, 0.0004 ns/op
OverheadActual  13: 720896 op, 330.00 ns, 0.0005 ns/op
OverheadActual  14: 720896 op, 313.00 ns, 0.0004 ns/op
OverheadActual  15: 720896 op, 307.00 ns, 0.0004 ns/op
OverheadActual  16: 720896 op, 305.00 ns, 0.0004 ns/op
OverheadActual  17: 720896 op, 310.00 ns, 0.0004 ns/op

WorkloadWarmup   1: 720896 op, 272985708.00 ns, 378.6756 ns/op
WorkloadWarmup   2: 720896 op, 272229418.00 ns, 377.6265 ns/op
WorkloadWarmup   3: 720896 op, 272087133.00 ns, 377.4291 ns/op
WorkloadWarmup   4: 720896 op, 270701754.00 ns, 375.5074 ns/op
WorkloadWarmup   5: 720896 op, 273557075.00 ns, 379.4682 ns/op
WorkloadWarmup   6: 720896 op, 257830961.00 ns, 357.6535 ns/op
WorkloadWarmup   7: 720896 op, 81917222.00 ns, 113.6325 ns/op
WorkloadWarmup   8: 720896 op, 77184597.00 ns, 107.0676 ns/op
WorkloadWarmup   9: 720896 op, 76385966.00 ns, 105.9598 ns/op
WorkloadWarmup  10: 720896 op, 77943809.00 ns, 108.1207 ns/op
WorkloadWarmup  11: 720896 op, 77380313.00 ns, 107.3391 ns/op
WorkloadWarmup  12: 720896 op, 76788041.00 ns, 106.5175 ns/op
WorkloadWarmup  13: 720896 op, 76780450.00 ns, 106.5070 ns/op
WorkloadWarmup  14: 720896 op, 76045244.00 ns, 105.4871 ns/op
WorkloadWarmup  15: 720896 op, 76128738.00 ns, 105.6029 ns/op
WorkloadWarmup  16: 720896 op, 75650401.00 ns, 104.9394 ns/op

// BeforeActualRun
WorkloadActual   1: 720896 op, 76245485.00 ns, 105.7649 ns/op
WorkloadActual   2: 720896 op, 76403669.00 ns, 105.9843 ns/op
WorkloadActual   3: 720896 op, 75285731.00 ns, 104.4336 ns/op
WorkloadActual   4: 720896 op, 75448691.00 ns, 104.6596 ns/op
WorkloadActual   5: 720896 op, 75469658.00 ns, 104.6887 ns/op
WorkloadActual   6: 720896 op, 75695516.00 ns, 105.0020 ns/op
WorkloadActual   7: 720896 op, 76360106.00 ns, 105.9239 ns/op
WorkloadActual   8: 720896 op, 75697808.00 ns, 105.0052 ns/op
WorkloadActual   9: 720896 op, 77554262.00 ns, 107.5804 ns/op
WorkloadActual  10: 720896 op, 75576422.00 ns, 104.8368 ns/op
WorkloadActual  11: 720896 op, 76547082.00 ns, 106.1833 ns/op
WorkloadActual  12: 720896 op, 75651728.00 ns, 104.9413 ns/op

// AfterActualRun
WorkloadResult   1: 720896 op, 76245161.00 ns, 105.7644 ns/op
WorkloadResult   2: 720896 op, 76403345.00 ns, 105.9839 ns/op
WorkloadResult   3: 720896 op, 75285407.00 ns, 104.4331 ns/op
WorkloadResult   4: 720896 op, 75448367.00 ns, 104.6592 ns/op
WorkloadResult   5: 720896 op, 75469334.00 ns, 104.6882 ns/op
WorkloadResult   6: 720896 op, 75695192.00 ns, 105.0015 ns/op
WorkloadResult   7: 720896 op, 76359782.00 ns, 105.9234 ns/op
WorkloadResult   8: 720896 op, 75697484.00 ns, 105.0047 ns/op
WorkloadResult   9: 720896 op, 77553938.00 ns, 107.5799 ns/op
WorkloadResult  10: 720896 op, 75576098.00 ns, 104.8363 ns/op
WorkloadResult  11: 720896 op, 76546758.00 ns, 106.1828 ns/op
WorkloadResult  12: 720896 op, 75651404.00 ns, 104.9408 ns/op
// GC:  0 0 0 0 720896
// Threading:  0 0 720896

// AfterAll
// Benchmark Process 512015 has exited with code 0.

Mean = 105.417 ns, StdErr = 0.260 ns (0.25%), N = 12, StdDev = 0.902 ns
Min = 104.433 ns, Q1 = 104.799 ns, Median = 105.003 ns, Q3 = 105.939 ns, Max = 107.580 ns
IQR = 1.139 ns, LowerFence = 103.090 ns, UpperFence = 107.647 ns
ConfidenceInterval = [104.262 ns; 106.571 ns] (CI 99.9%), Margin = 1.155 ns (1.10% of Mean)
Skewness = 0.99, Kurtosis = 3.05, MValue = 2

// ** Remained 2 (5.1 %) benchmark(s) to run. Estimated finish 2026-09-10 17:56 (0h 0m from now) **
// **************************
// Benchmark: SignedSeekBenchmarks.Typed: Jit(IterationCount=12, IterationTime=250ms, WarmupCount=16) [Case=RuntimePositiveSixtyFour]
// *** Execute ***
// Launch: 1 / 1
// Execute: dotnet Alpha-Jit-1.dll --anonymousPipes 111 112 --benchmarkName "SignedSeekBenchmarks.Typed(Case: RuntimePositiveSixtyFour)" --job Jit --benchmarkId 37 in /home/i/Work/tl-v1-coordination-16-signed-seek-integration/benchmarks/Alpha/bin/Release/net10.0/Alpha-Jit-1/bin/Release/net10.0
// Failed to set up high priority (Permission denied). In order to run benchmarks with high priority, make sure you have the right permissions.
// BeforeAnythingElse

// Benchmark Process Environment Information:
// BenchmarkDotNet v0.15.8
// Runtime=.NET 10.0.12 (10.0.12, 10.0.1226.42308), X64 RyuJIT x86-64-v3
// GC=Concurrent Workstation
// HardwareIntrinsics=AVX2+BMI1+BMI2+F16C+FMA+LZCNT+MOVBE,AVX,SSE3+SSSE3+SSE4.1+SSE4.2+POPCNT,X86Base+SSE+SSE2,AES+PCLMUL,AvxVnni,SERIALIZE VectorSize=256
// Job: Jit(IterationCount=12, IterationTime=250ms, WarmupCount=16)

OverheadJitting  1: 4096 op, 103508.00 ns, 25.2705 ns/op
WorkloadJitting  1: 4096 op, 4348364.00 ns, 1.0616 us/op

OverheadJitting  2: 65536 op, 128570.00 ns, 1.9618 ns/op
WorkloadJitting  2: 65536 op, 24212945.00 ns, 369.4602 ns/op

WorkloadPilot    1: 65536 op, 21089753.00 ns, 321.8041 ns/op
WorkloadPilot    2: 786432 op, 251038590.00 ns, 319.2121 ns/op

OverheadWarmup   1: 786432 op, 587.00 ns, 0.0007 ns/op
OverheadWarmup   2: 786432 op, 375.00 ns, 0.0005 ns/op
OverheadWarmup   3: 786432 op, 346.00 ns, 0.0004 ns/op
OverheadWarmup   4: 786432 op, 316.00 ns, 0.0004 ns/op
OverheadWarmup   5: 786432 op, 349.00 ns, 0.0004 ns/op
OverheadWarmup   6: 786432 op, 325.00 ns, 0.0004 ns/op
OverheadWarmup   7: 786432 op, 324.00 ns, 0.0004 ns/op
OverheadWarmup   8: 786432 op, 361.00 ns, 0.0005 ns/op
OverheadWarmup   9: 786432 op, 328.00 ns, 0.0004 ns/op

OverheadActual   1: 786432 op, 537.00 ns, 0.0007 ns/op
OverheadActual   2: 786432 op, 530.00 ns, 0.0007 ns/op
OverheadActual   3: 786432 op, 537.00 ns, 0.0007 ns/op
OverheadActual   4: 786432 op, 377.00 ns, 0.0005 ns/op
OverheadActual   5: 786432 op, 503.00 ns, 0.0006 ns/op
OverheadActual   6: 786432 op, 333.00 ns, 0.0004 ns/op
OverheadActual   7: 786432 op, 324.00 ns, 0.0004 ns/op
OverheadActual   8: 786432 op, 329.00 ns, 0.0004 ns/op
OverheadActual   9: 786432 op, 329.00 ns, 0.0004 ns/op
OverheadActual  10: 786432 op, 341.00 ns, 0.0004 ns/op
OverheadActual  11: 786432 op, 350.00 ns, 0.0004 ns/op
OverheadActual  12: 786432 op, 346.00 ns, 0.0004 ns/op
OverheadActual  13: 786432 op, 338.00 ns, 0.0004 ns/op
OverheadActual  14: 786432 op, 323.00 ns, 0.0004 ns/op
OverheadActual  15: 786432 op, 345.00 ns, 0.0004 ns/op
OverheadActual  16: 786432 op, 355.00 ns, 0.0005 ns/op
OverheadActual  17: 786432 op, 351.00 ns, 0.0004 ns/op
OverheadActual  18: 786432 op, 503.00 ns, 0.0006 ns/op
OverheadActual  19: 786432 op, 364.00 ns, 0.0005 ns/op
OverheadActual  20: 786432 op, 348.00 ns, 0.0004 ns/op

WorkloadWarmup   1: 786432 op, 250316708.00 ns, 318.2942 ns/op
WorkloadWarmup   2: 786432 op, 250747888.00 ns, 318.8424 ns/op
WorkloadWarmup   3: 786432 op, 251016662.00 ns, 319.1842 ns/op
WorkloadWarmup   4: 786432 op, 250924741.00 ns, 319.0673 ns/op
WorkloadWarmup   5: 786432 op, 250710139.00 ns, 318.7944 ns/op
WorkloadWarmup   6: 786432 op, 249023984.00 ns, 316.6504 ns/op
WorkloadWarmup   7: 786432 op, 175541510.00 ns, 223.2126 ns/op
WorkloadWarmup   8: 786432 op, 71149317.00 ns, 90.4710 ns/op
WorkloadWarmup   9: 786432 op, 72078067.00 ns, 91.6520 ns/op
WorkloadWarmup  10: 786432 op, 71415300.00 ns, 90.8092 ns/op
WorkloadWarmup  11: 786432 op, 73317734.00 ns, 93.2283 ns/op
WorkloadWarmup  12: 786432 op, 72244513.00 ns, 91.8636 ns/op
WorkloadWarmup  13: 786432 op, 71293057.00 ns, 90.6538 ns/op
WorkloadWarmup  14: 786432 op, 71062251.00 ns, 90.3603 ns/op
WorkloadWarmup  15: 786432 op, 75226914.00 ns, 95.6560 ns/op
WorkloadWarmup  16: 786432 op, 71004614.00 ns, 90.2870 ns/op

// BeforeActualRun
WorkloadActual   1: 786432 op, 71059030.00 ns, 90.3562 ns/op
WorkloadActual   2: 786432 op, 71039317.00 ns, 90.3312 ns/op
WorkloadActual   3: 786432 op, 71112102.00 ns, 90.4237 ns/op
WorkloadActual   4: 786432 op, 71083342.00 ns, 90.3871 ns/op
WorkloadActual   5: 786432 op, 71084294.00 ns, 90.3884 ns/op
WorkloadActual   6: 786432 op, 71099369.00 ns, 90.4075 ns/op
WorkloadActual   7: 786432 op, 71014198.00 ns, 90.2992 ns/op
WorkloadActual   8: 786432 op, 71029736.00 ns, 90.3190 ns/op
WorkloadActual   9: 786432 op, 71018355.00 ns, 90.3045 ns/op
WorkloadActual  10: 786432 op, 71001393.00 ns, 90.2829 ns/op
WorkloadActual  11: 786432 op, 71006116.00 ns, 90.2889 ns/op
WorkloadActual  12: 786432 op, 71028430.00 ns, 90.3173 ns/op

// AfterActualRun
WorkloadResult   1: 786432 op, 71058681.00 ns, 90.3558 ns/op
WorkloadResult   2: 786432 op, 71038968.00 ns, 90.3307 ns/op
WorkloadResult   3: 786432 op, 71111753.00 ns, 90.4233 ns/op
WorkloadResult   4: 786432 op, 71082993.00 ns, 90.3867 ns/op
WorkloadResult   5: 786432 op, 71083945.00 ns, 90.3879 ns/op
WorkloadResult   6: 786432 op, 71099020.00 ns, 90.4071 ns/op
WorkloadResult   7: 786432 op, 71013849.00 ns, 90.2988 ns/op
WorkloadResult   8: 786432 op, 71029387.00 ns, 90.3185 ns/op
WorkloadResult   9: 786432 op, 71018006.00 ns, 90.3041 ns/op
WorkloadResult  10: 786432 op, 71001044.00 ns, 90.2825 ns/op
WorkloadResult  11: 786432 op, 71005767.00 ns, 90.2885 ns/op
WorkloadResult  12: 786432 op, 71028081.00 ns, 90.3169 ns/op
// GC:  0 0 0 0 786432
// Threading:  0 0 786432

// AfterAll
// Benchmark Process 512063 has exited with code 0.

Mean = 90.342 ns, StdErr = 0.014 ns (0.02%), N = 12, StdDev = 0.049 ns
Min = 90.282 ns, Q1 = 90.303 ns, Median = 90.325 ns, Q3 = 90.387 ns, Max = 90.423 ns
IQR = 0.084 ns, LowerFence = 90.176 ns, UpperFence = 90.513 ns
ConfidenceInterval = [90.279 ns; 90.404 ns] (CI 99.9%), Margin = 0.062 ns (0.07% of Mean)
Skewness = 0.35, Kurtosis = 1.44, MValue = 2

// ** Remained 1 (2.6 %) benchmark(s) to run. Estimated finish 2026-09-10 17:56 (0h 0m from now) **
// **************************
// Benchmark: SignedSeekBenchmarks.Dynamic: Jit(IterationCount=12, IterationTime=250ms, WarmupCount=16) [Case=RuntimePositiveSixtyFour]
// *** Execute ***
// Launch: 1 / 1
// Execute: dotnet Alpha-Jit-1.dll --anonymousPipes 111 112 --benchmarkName "SignedSeekBenchmarks.Dynamic(Case: RuntimePositiveSixtyFour)" --job Jit --benchmarkId 38 in /home/i/Work/tl-v1-coordination-16-signed-seek-integration/benchmarks/Alpha/bin/Release/net10.0/Alpha-Jit-1/bin/Release/net10.0
// Failed to set up high priority (Permission denied). In order to run benchmarks with high priority, make sure you have the right permissions.
// BeforeAnythingElse

// Benchmark Process Environment Information:
// BenchmarkDotNet v0.15.8
// Runtime=.NET 10.0.12 (10.0.12, 10.0.1226.42308), X64 RyuJIT x86-64-v3
// GC=Concurrent Workstation
// HardwareIntrinsics=AVX2+BMI1+BMI2+F16C+FMA+LZCNT+MOVBE,AVX,SSE3+SSSE3+SSE4.1+SSE4.2+POPCNT,X86Base+SSE+SSE2,AES+PCLMUL,AvxVnni,SERIALIZE VectorSize=256
// Job: Jit(IterationCount=12, IterationTime=250ms, WarmupCount=16)

OverheadJitting  1: 4096 op, 100090.00 ns, 24.4360 ns/op
WorkloadJitting  1: 4096 op, 4473507.00 ns, 1.0922 us/op

OverheadJitting  2: 65536 op, 122169.00 ns, 1.8642 ns/op
WorkloadJitting  2: 65536 op, 68538148.00 ns, 1.0458 us/op

WorkloadPilot    1: 65536 op, 67620204.00 ns, 1.0318 us/op
WorkloadPilot    2: 262144 op, 269849821.00 ns, 1.0294 us/op

OverheadWarmup   1: 262144 op, 480.00 ns, 0.0018 ns/op
OverheadWarmup   2: 262144 op, 212.00 ns, 0.0008 ns/op
OverheadWarmup   3: 262144 op, 169.00 ns, 0.0006 ns/op
OverheadWarmup   4: 262144 op, 146.00 ns, 0.0006 ns/op
OverheadWarmup   5: 262144 op, 183.00 ns, 0.0007 ns/op
OverheadWarmup   6: 262144 op, 145.00 ns, 0.0006 ns/op
OverheadWarmup   7: 262144 op, 159.00 ns, 0.0006 ns/op
OverheadWarmup   8: 262144 op, 164.00 ns, 0.0006 ns/op
OverheadWarmup   9: 262144 op, 146.00 ns, 0.0006 ns/op

OverheadActual   1: 262144 op, 344.00 ns, 0.0013 ns/op
OverheadActual   2: 262144 op, 373.00 ns, 0.0014 ns/op
OverheadActual   3: 262144 op, 349.00 ns, 0.0013 ns/op
OverheadActual   4: 262144 op, 228.00 ns, 0.0009 ns/op
OverheadActual   5: 262144 op, 347.00 ns, 0.0013 ns/op
OverheadActual   6: 262144 op, 148.00 ns, 0.0006 ns/op
OverheadActual   7: 262144 op, 170.00 ns, 0.0006 ns/op
OverheadActual   8: 262144 op, 154.00 ns, 0.0006 ns/op
OverheadActual   9: 262144 op, 157.00 ns, 0.0006 ns/op
OverheadActual  10: 262144 op, 148.00 ns, 0.0006 ns/op
OverheadActual  11: 262144 op, 158.00 ns, 0.0006 ns/op
OverheadActual  12: 262144 op, 155.00 ns, 0.0006 ns/op
OverheadActual  13: 262144 op, 186.00 ns, 0.0007 ns/op
OverheadActual  14: 262144 op, 159.00 ns, 0.0006 ns/op
OverheadActual  15: 262144 op, 162.00 ns, 0.0006 ns/op
OverheadActual  16: 262144 op, 152.00 ns, 0.0006 ns/op
OverheadActual  17: 262144 op, 151.00 ns, 0.0006 ns/op
OverheadActual  18: 262144 op, 309.00 ns, 0.0012 ns/op
OverheadActual  19: 262144 op, 159.00 ns, 0.0006 ns/op
OverheadActual  20: 262144 op, 160.00 ns, 0.0006 ns/op

WorkloadWarmup   1: 262144 op, 269742245.00 ns, 1.0290 us/op
WorkloadWarmup   2: 262144 op, 269927818.00 ns, 1.0297 us/op
WorkloadWarmup   3: 262144 op, 270021925.00 ns, 1.0301 us/op
WorkloadWarmup   4: 262144 op, 269620709.00 ns, 1.0285 us/op
WorkloadWarmup   5: 262144 op, 269506667.00 ns, 1.0281 us/op
WorkloadWarmup   6: 262144 op, 191673586.00 ns, 731.1767 ns/op
WorkloadWarmup   7: 262144 op, 25272040.00 ns, 96.4052 ns/op
WorkloadWarmup   8: 262144 op, 24989383.00 ns, 95.3269 ns/op
WorkloadWarmup   9: 262144 op, 24284869.00 ns, 92.6394 ns/op
WorkloadWarmup  10: 262144 op, 25090419.00 ns, 95.7124 ns/op
WorkloadWarmup  11: 262144 op, 25600255.00 ns, 97.6572 ns/op
WorkloadWarmup  12: 262144 op, 24678370.00 ns, 94.1405 ns/op
WorkloadWarmup  13: 262144 op, 24049169.00 ns, 91.7403 ns/op
WorkloadWarmup  14: 262144 op, 23892099.00 ns, 91.1411 ns/op
WorkloadWarmup  15: 262144 op, 23870342.00 ns, 91.0581 ns/op
WorkloadWarmup  16: 262144 op, 23899920.00 ns, 91.1710 ns/op

// BeforeActualRun
WorkloadActual   1: 262144 op, 23860897.00 ns, 91.0221 ns/op
WorkloadActual   2: 262144 op, 23899390.00 ns, 91.1689 ns/op
WorkloadActual   3: 262144 op, 23846699.00 ns, 90.9679 ns/op
WorkloadActual   4: 262144 op, 23856781.00 ns, 91.0064 ns/op
WorkloadActual   5: 262144 op, 23844322.00 ns, 90.9589 ns/op
WorkloadActual   6: 262144 op, 23827723.00 ns, 90.8955 ns/op
WorkloadActual   7: 262144 op, 23849918.00 ns, 90.9802 ns/op
WorkloadActual   8: 262144 op, 23849698.00 ns, 90.9794 ns/op
WorkloadActual   9: 262144 op, 23863807.00 ns, 91.0332 ns/op
WorkloadActual  10: 262144 op, 23860708.00 ns, 91.0214 ns/op
WorkloadActual  11: 262144 op, 23870133.00 ns, 91.0573 ns/op
WorkloadActual  12: 262144 op, 23852484.00 ns, 90.9900 ns/op

// AfterActualRun
WorkloadResult   1: 262144 op, 23860737.50 ns, 91.0215 ns/op
WorkloadResult   2: 262144 op, 23846539.50 ns, 90.9673 ns/op
WorkloadResult   3: 262144 op, 23856621.50 ns, 91.0058 ns/op
WorkloadResult   4: 262144 op, 23844162.50 ns, 90.9583 ns/op
WorkloadResult   5: 262144 op, 23827563.50 ns, 90.8949 ns/op
WorkloadResult   6: 262144 op, 23849758.50 ns, 90.9796 ns/op
WorkloadResult   7: 262144 op, 23849538.50 ns, 90.9788 ns/op
WorkloadResult   8: 262144 op, 23863647.50 ns, 91.0326 ns/op
WorkloadResult   9: 262144 op, 23860548.50 ns, 91.0208 ns/op
WorkloadResult  10: 262144 op, 23869973.50 ns, 91.0567 ns/op
WorkloadResult  11: 262144 op, 23852324.50 ns, 90.9894 ns/op
// GC:  0 0 0 0 262144
// Threading:  0 0 262144

// AfterAll
// Benchmark Process 512103 has exited with code 0.

Mean = 90.991 ns, StdErr = 0.013 ns (0.01%), N = 11, StdDev = 0.044 ns
Min = 90.895 ns, Q1 = 90.973 ns, Median = 90.989 ns, Q3 = 91.021 ns, Max = 91.057 ns
IQR = 0.048 ns, LowerFence = 90.901 ns, UpperFence = 91.093 ns
ConfidenceInterval = [90.931 ns; 91.052 ns] (CI 99.9%), Margin = 0.061 ns (0.07% of Mean)
Skewness = -0.59, Kurtosis = 2.73, MValue = 2

// ** Remained 0 (0.0 %) benchmark(s) to run. Estimated finish 2026-09-10 17:56 (0h 0m from now) **
// ***** BenchmarkRunner: Finish  *****

// * Export *
  tmp/tl16-rebased-bdn-r3/results/SignedSeekBenchmarks-report.csv
  tmp/tl16-rebased-bdn-r3/results/SignedSeekBenchmarks-report-github.md
  tmp/tl16-rebased-bdn-r3/results/SignedSeekBenchmarks-report.html
  tmp/tl16-rebased-bdn-r3/results/SignedSeekBenchmarks-report-full.json

// * Detailed results *
SignedSeekBenchmarks.Direct: Jit(IterationCount=12, IterationTime=250ms, WarmupCount=16) [Case=LiteralPositiveOne]
Runtime = .NET 10.0.12 (10.0.12, 10.0.1226.42308), X64 RyuJIT x86-64-v3; GC = Concurrent Workstation
Mean = 2.241 ns, StdErr = 0.009 ns (0.42%), N = 12, StdDev = 0.032 ns
Min = 2.195 ns, Q1 = 2.216 ns, Median = 2.247 ns, Q3 = 2.260 ns, Max = 2.296 ns
IQR = 0.044 ns, LowerFence = 2.151 ns, UpperFence = 2.326 ns
ConfidenceInterval = [2.200 ns; 2.283 ns] (CI 99.9%), Margin = 0.041 ns (1.85% of Mean)
Skewness = -0.02, Kurtosis = 1.72, MValue = 2
-------------------- Histogram --------------------
[2.186 ns ; 2.315 ns) | @@@@@@@@@@@@
---------------------------------------------------

SignedSeekBenchmarks.Typed: Jit(IterationCount=12, IterationTime=250ms, WarmupCount=16) [Case=LiteralPositiveOne]
Runtime = .NET 10.0.12 (10.0.12, 10.0.1226.42308), X64 RyuJIT x86-64-v3; GC = Concurrent Workstation
Mean = 1.731 ns, StdErr = 0.003 ns (0.20%), N = 12, StdDev = 0.012 ns
Min = 1.707 ns, Q1 = 1.725 ns, Median = 1.732 ns, Q3 = 1.738 ns, Max = 1.750 ns
IQR = 0.013 ns, LowerFence = 1.706 ns, UpperFence = 1.756 ns
ConfidenceInterval = [1.716 ns; 1.746 ns] (CI 99.9%), Margin = 0.015 ns (0.87% of Mean)
Skewness = -0.26, Kurtosis = 2.23, MValue = 2
-------------------- Histogram --------------------
[1.701 ns ; 1.757 ns) | @@@@@@@@@@@@
---------------------------------------------------

SignedSeekBenchmarks.Dynamic: Jit(IterationCount=12, IterationTime=250ms, WarmupCount=16) [Case=LiteralPositiveOne]
Runtime = .NET 10.0.12 (10.0.12, 10.0.1226.42308), X64 RyuJIT x86-64-v3; GC = Concurrent Workstation
Mean = 6.948 ns, StdErr = 0.008 ns (0.11%), N = 10, StdDev = 0.024 ns
Min = 6.892 ns, Q1 = 6.943 ns, Median = 6.950 ns, Q3 = 6.954 ns, Max = 6.991 ns
IQR = 0.010 ns, LowerFence = 6.928 ns, UpperFence = 6.969 ns
ConfidenceInterval = [6.911 ns; 6.984 ns] (CI 99.9%), Margin = 0.036 ns (0.52% of Mean)
Skewness = -0.64, Kurtosis = 3.88, MValue = 2
-------------------- Histogram --------------------
[6.878 ns ; 7.005 ns) | @@@@@@@@@@
---------------------------------------------------

SignedSeekBenchmarks.Direct: Jit(IterationCount=12, IterationTime=250ms, WarmupCount=16) [Case=LiteralNegativeOne]
Runtime = .NET 10.0.12 (10.0.12, 10.0.1226.42308), X64 RyuJIT x86-64-v3; GC = Concurrent Workstation
Mean = 2.269 ns, StdErr = 0.002 ns (0.07%), N = 12, StdDev = 0.006 ns
Min = 2.255 ns, Q1 = 2.267 ns, Median = 2.269 ns, Q3 = 2.273 ns, Max = 2.275 ns
IQR = 0.006 ns, LowerFence = 2.258 ns, UpperFence = 2.281 ns
ConfidenceInterval = [2.262 ns; 2.276 ns] (CI 99.9%), Margin = 0.007 ns (0.31% of Mean)
Skewness = -1.12, Kurtosis = 3.9, MValue = 2
-------------------- Histogram --------------------
[2.251 ns ; 2.279 ns) | @@@@@@@@@@@@
---------------------------------------------------

SignedSeekBenchmarks.Typed: Jit(IterationCount=12, IterationTime=250ms, WarmupCount=16) [Case=LiteralNegativeOne]
Runtime = .NET 10.0.12 (10.0.12, 10.0.1226.42308), X64 RyuJIT x86-64-v3; GC = Concurrent Workstation
Mean = 1.778 ns, StdErr = 0.002 ns (0.12%), N = 12, StdDev = 0.007 ns
Min = 1.766 ns, Q1 = 1.774 ns, Median = 1.780 ns, Q3 = 1.783 ns, Max = 1.788 ns
IQR = 0.009 ns, LowerFence = 1.761 ns, UpperFence = 1.796 ns
ConfidenceInterval = [1.769 ns; 1.787 ns] (CI 99.9%), Margin = 0.009 ns (0.51% of Mean)
Skewness = -0.46, Kurtosis = 1.68, MValue = 2
-------------------- Histogram --------------------
[1.762 ns ; 1.792 ns) | @@@@@@@@@@@@
---------------------------------------------------

SignedSeekBenchmarks.Dynamic: Jit(IterationCount=12, IterationTime=250ms, WarmupCount=16) [Case=LiteralNegativeOne]
Runtime = .NET 10.0.12 (10.0.12, 10.0.1226.42308), X64 RyuJIT x86-64-v3; GC = Concurrent Workstation
Mean = 7.237 ns, StdErr = 0.001 ns (0.01%), N = 12, StdDev = 0.003 ns
Min = 7.230 ns, Q1 = 7.236 ns, Median = 7.238 ns, Q3 = 7.239 ns, Max = 7.242 ns
IQR = 0.002 ns, LowerFence = 7.233 ns, UpperFence = 7.242 ns
ConfidenceInterval = [7.233 ns; 7.241 ns] (CI 99.9%), Margin = 0.004 ns (0.06% of Mean)
Skewness = -0.51, Kurtosis = 2.6, MValue = 2
-------------------- Histogram --------------------
[7.228 ns ; 7.244 ns) | @@@@@@@@@@@@
---------------------------------------------------

SignedSeekBenchmarks.Direct: Jit(IterationCount=12, IterationTime=250ms, WarmupCount=16) [Case=RuntimePositiveOne]
Runtime = .NET 10.0.12 (10.0.12, 10.0.1226.42308), X64 RyuJIT x86-64-v3; GC = Concurrent Workstation
Mean = 2.468 ns, StdErr = 0.001 ns (0.03%), N = 12, StdDev = 0.003 ns
Min = 2.464 ns, Q1 = 2.467 ns, Median = 2.468 ns, Q3 = 2.470 ns, Max = 2.473 ns
IQR = 0.003 ns, LowerFence = 2.463 ns, UpperFence = 2.474 ns
ConfidenceInterval = [2.465 ns; 2.472 ns] (CI 99.9%), Margin = 0.003 ns (0.13% of Mean)
Skewness = 0.06, Kurtosis = 2.24, MValue = 2
-------------------- Histogram --------------------
[2.463 ns ; 2.475 ns) | @@@@@@@@@@@@
---------------------------------------------------

SignedSeekBenchmarks.Typed: Jit(IterationCount=12, IterationTime=250ms, WarmupCount=16) [Case=RuntimePositiveOne]
Runtime = .NET 10.0.12 (10.0.12, 10.0.1226.42308), X64 RyuJIT x86-64-v3; GC = Concurrent Workstation
Mean = 2.170 ns, StdErr = 0.001 ns (0.06%), N = 10, StdDev = 0.004 ns
Min = 2.162 ns, Q1 = 2.169 ns, Median = 2.170 ns, Q3 = 2.171 ns, Max = 2.177 ns
IQR = 0.002 ns, LowerFence = 2.167 ns, UpperFence = 2.173 ns
ConfidenceInterval = [2.164 ns; 2.176 ns] (CI 99.9%), Margin = 0.006 ns (0.28% of Mean)
Skewness = -0.43, Kurtosis = 3.13, MValue = 2
-------------------- Histogram --------------------
[2.159 ns ; 2.179 ns) | @@@@@@@@@@
---------------------------------------------------

SignedSeekBenchmarks.Dynamic: Jit(IterationCount=12, IterationTime=250ms, WarmupCount=16) [Case=RuntimePositiveOne]
Runtime = .NET 10.0.12 (10.0.12, 10.0.1226.42308), X64 RyuJIT x86-64-v3; GC = Concurrent Workstation
Mean = 7.011 ns, StdErr = 0.012 ns (0.17%), N = 12, StdDev = 0.041 ns
Min = 6.977 ns, Q1 = 6.983 ns, Median = 6.987 ns, Q3 = 7.031 ns, Max = 7.099 ns
IQR = 0.048 ns, LowerFence = 6.911 ns, UpperFence = 7.104 ns
ConfidenceInterval = [6.959 ns; 7.063 ns] (CI 99.9%), Margin = 0.052 ns (0.74% of Mean)
Skewness = 1.01, Kurtosis = 2.49, MValue = 2
-------------------- Histogram --------------------
[6.954 ns ; 7.122 ns) | @@@@@@@@@@@@
---------------------------------------------------

SignedSeekBenchmarks.Direct: Jit(IterationCount=12, IterationTime=250ms, WarmupCount=16) [Case=RuntimeNegativeOne]
Runtime = .NET 10.0.12 (10.0.12, 10.0.1226.42308), X64 RyuJIT x86-64-v3; GC = Concurrent Workstation
Mean = 2.480 ns, StdErr = 0.002 ns (0.08%), N = 11, StdDev = 0.006 ns
Min = 2.469 ns, Q1 = 2.477 ns, Median = 2.481 ns, Q3 = 2.485 ns, Max = 2.488 ns
IQR = 0.008 ns, LowerFence = 2.466 ns, UpperFence = 2.497 ns
ConfidenceInterval = [2.471 ns; 2.489 ns] (CI 99.9%), Margin = 0.009 ns (0.35% of Mean)
Skewness = -0.57, Kurtosis = 1.85, MValue = 2
-------------------- Histogram --------------------
[2.466 ns ; 2.492 ns) | @@@@@@@@@@@
---------------------------------------------------

SignedSeekBenchmarks.Typed: Jit(IterationCount=12, IterationTime=250ms, WarmupCount=16) [Case=RuntimeNegativeOne]
Runtime = .NET 10.0.12 (10.0.12, 10.0.1226.42308), X64 RyuJIT x86-64-v3; GC = Concurrent Workstation
Mean = 2.366 ns, StdErr = 0.002 ns (0.07%), N = 12, StdDev = 0.006 ns
Min = 2.355 ns, Q1 = 2.362 ns, Median = 2.367 ns, Q3 = 2.369 ns, Max = 2.374 ns
IQR = 0.007 ns, LowerFence = 2.351 ns, UpperFence = 2.380 ns
ConfidenceInterval = [2.358 ns; 2.373 ns] (CI 99.9%), Margin = 0.007 ns (0.31% of Mean)
Skewness = -0.46, Kurtosis = 1.86, MValue = 2
-------------------- Histogram --------------------
[2.352 ns ; 2.377 ns) | @@@@@@@@@@@@
---------------------------------------------------

SignedSeekBenchmarks.Dynamic: Jit(IterationCount=12, IterationTime=250ms, WarmupCount=16) [Case=RuntimeNegativeOne]
Runtime = .NET 10.0.12 (10.0.12, 10.0.1226.42308), X64 RyuJIT x86-64-v3; GC = Concurrent Workstation
Mean = 8.426 ns, StdErr = 0.014 ns (0.17%), N = 12, StdDev = 0.049 ns
Min = 8.326 ns, Q1 = 8.398 ns, Median = 8.432 ns, Q3 = 8.453 ns, Max = 8.504 ns
IQR = 0.055 ns, LowerFence = 8.316 ns, UpperFence = 8.536 ns
ConfidenceInterval = [8.364 ns; 8.489 ns] (CI 99.9%), Margin = 0.063 ns (0.74% of Mean)
Skewness = -0.4, Kurtosis = 2.36, MValue = 2
-------------------- Histogram --------------------
[8.298 ns ; 8.509 ns) | @@@@@@@@@@@@
---------------------------------------------------

SignedSeekBenchmarks.Direct: Jit(IterationCount=12, IterationTime=250ms, WarmupCount=16) [Case=AlternatingOne]
Runtime = .NET 10.0.12 (10.0.12, 10.0.1226.42308), X64 RyuJIT x86-64-v3; GC = Concurrent Workstation
Mean = 4.431 ns, StdErr = 0.002 ns (0.05%), N = 10, StdDev = 0.007 ns
Min = 4.421 ns, Q1 = 4.428 ns, Median = 4.431 ns, Q3 = 4.434 ns, Max = 4.447 ns
IQR = 0.006 ns, LowerFence = 4.418 ns, UpperFence = 4.444 ns
ConfidenceInterval = [4.420 ns; 4.442 ns] (CI 99.9%), Margin = 0.011 ns (0.24% of Mean)
Skewness = 0.63, Kurtosis = 2.84, MValue = 2
-------------------- Histogram --------------------
[4.417 ns ; 4.451 ns) | @@@@@@@@@@
---------------------------------------------------

SignedSeekBenchmarks.Typed: Jit(IterationCount=12, IterationTime=250ms, WarmupCount=16) [Case=AlternatingOne]
Runtime = .NET 10.0.12 (10.0.12, 10.0.1226.42308), X64 RyuJIT x86-64-v3; GC = Concurrent Workstation
Mean = 2.513 ns, StdErr = 0.002 ns (0.06%), N = 11, StdDev = 0.005 ns
Min = 2.502 ns, Q1 = 2.510 ns, Median = 2.514 ns, Q3 = 2.517 ns, Max = 2.519 ns
IQR = 0.007 ns, LowerFence = 2.500 ns, UpperFence = 2.528 ns
ConfidenceInterval = [2.505 ns; 2.520 ns] (CI 99.9%), Margin = 0.007 ns (0.30% of Mean)
Skewness = -0.59, Kurtosis = 2.03, MValue = 2
-------------------- Histogram --------------------
[2.499 ns ; 2.522 ns) | @@@@@@@@@@@
---------------------------------------------------

SignedSeekBenchmarks.Dynamic: Jit(IterationCount=12, IterationTime=250ms, WarmupCount=16) [Case=AlternatingOne]
Runtime = .NET 10.0.12 (10.0.12, 10.0.1226.42308), X64 RyuJIT x86-64-v3; GC = Concurrent Workstation
Mean = 6.629 ns, StdErr = 0.007 ns (0.10%), N = 11, StdDev = 0.022 ns
Min = 6.595 ns, Q1 = 6.612 ns, Median = 6.624 ns, Q3 = 6.648 ns, Max = 6.662 ns
IQR = 0.036 ns, LowerFence = 6.558 ns, UpperFence = 6.702 ns
ConfidenceInterval = [6.599 ns; 6.660 ns] (CI 99.9%), Margin = 0.031 ns (0.47% of Mean)
Skewness = -0.03, Kurtosis = 1.37, MValue = 2
-------------------- Histogram --------------------
[6.582 ns ; 6.676 ns) | @@@@@@@@@@@
---------------------------------------------------

SignedSeekBenchmarks.Direct: Jit(IterationCount=12, IterationTime=250ms, WarmupCount=16) [Case=LiteralPositiveFive]
Runtime = .NET 10.0.12 (10.0.12, 10.0.1226.42308), X64 RyuJIT x86-64-v3; GC = Concurrent Workstation
Mean = 7.674 ns, StdErr = 0.007 ns (0.09%), N = 12, StdDev = 0.025 ns
Min = 7.644 ns, Q1 = 7.653 ns, Median = 7.672 ns, Q3 = 7.693 ns, Max = 7.721 ns
IQR = 0.040 ns, LowerFence = 7.592 ns, UpperFence = 7.753 ns
ConfidenceInterval = [7.642 ns; 7.705 ns] (CI 99.9%), Margin = 0.031 ns (0.41% of Mean)
Skewness = 0.33, Kurtosis = 1.72, MValue = 2
-------------------- Histogram --------------------
[7.630 ns ; 7.735 ns) | @@@@@@@@@@@@
---------------------------------------------------

SignedSeekBenchmarks.Typed: Jit(IterationCount=12, IterationTime=250ms, WarmupCount=16) [Case=LiteralPositiveFive]
Runtime = .NET 10.0.12 (10.0.12, 10.0.1226.42308), X64 RyuJIT x86-64-v3; GC = Concurrent Workstation
Mean = 7.252 ns, StdErr = 0.008 ns (0.10%), N = 11, StdDev = 0.025 ns
Min = 7.216 ns, Q1 = 7.235 ns, Median = 7.247 ns, Q3 = 7.271 ns, Max = 7.294 ns
IQR = 0.036 ns, LowerFence = 7.181 ns, UpperFence = 7.324 ns
ConfidenceInterval = [7.217 ns; 7.286 ns] (CI 99.9%), Margin = 0.035 ns (0.48% of Mean)
Skewness = 0.08, Kurtosis = 1.58, MValue = 2
-------------------- Histogram --------------------
[7.201 ns ; 7.308 ns) | @@@@@@@@@@@
---------------------------------------------------

SignedSeekBenchmarks.Dynamic: Jit(IterationCount=12, IterationTime=250ms, WarmupCount=16) [Case=LiteralPositiveFive]
Runtime = .NET 10.0.12 (10.0.12, 10.0.1226.42308), X64 RyuJIT x86-64-v3; GC = Concurrent Workstation
Mean = 11.920 ns, StdErr = 0.010 ns (0.08%), N = 12, StdDev = 0.034 ns
Min = 11.855 ns, Q1 = 11.901 ns, Median = 11.925 ns, Q3 = 11.944 ns, Max = 11.972 ns
IQR = 0.043 ns, LowerFence = 11.836 ns, UpperFence = 12.009 ns
ConfidenceInterval = [11.876 ns; 11.964 ns] (CI 99.9%), Margin = 0.044 ns (0.37% of Mean)
Skewness = -0.35, Kurtosis = 2.03, MValue = 2
-------------------- Histogram --------------------
[11.836 ns ; 11.992 ns) | @@@@@@@@@@@@
---------------------------------------------------

SignedSeekBenchmarks.Direct: Jit(IterationCount=12, IterationTime=250ms, WarmupCount=16) [Case=LiteralNegativeFive]
Runtime = .NET 10.0.12 (10.0.12, 10.0.1226.42308), X64 RyuJIT x86-64-v3; GC = Concurrent Workstation
Mean = 8.511 ns, StdErr = 0.008 ns (0.09%), N = 12, StdDev = 0.028 ns
Min = 8.464 ns, Q1 = 8.489 ns, Median = 8.513 ns, Q3 = 8.529 ns, Max = 8.565 ns
IQR = 0.040 ns, LowerFence = 8.430 ns, UpperFence = 8.589 ns
ConfidenceInterval = [8.475 ns; 8.547 ns] (CI 99.9%), Margin = 0.036 ns (0.42% of Mean)
Skewness = 0.18, Kurtosis = 2.12, MValue = 2
-------------------- Histogram --------------------
[8.447 ns ; 8.581 ns) | @@@@@@@@@@@@
---------------------------------------------------

SignedSeekBenchmarks.Typed: Jit(IterationCount=12, IterationTime=250ms, WarmupCount=16) [Case=LiteralNegativeFive]
Runtime = .NET 10.0.12 (10.0.12, 10.0.1226.42308), X64 RyuJIT x86-64-v3; GC = Concurrent Workstation
Mean = 7.059 ns, StdErr = 0.001 ns (0.02%), N = 10, StdDev = 0.004 ns
Min = 7.054 ns, Q1 = 7.057 ns, Median = 7.059 ns, Q3 = 7.061 ns, Max = 7.066 ns
IQR = 0.004 ns, LowerFence = 7.050 ns, UpperFence = 7.067 ns
ConfidenceInterval = [7.054 ns; 7.065 ns] (CI 99.9%), Margin = 0.005 ns (0.08% of Mean)
Skewness = 0.47, Kurtosis = 2.01, MValue = 2
-------------------- Histogram --------------------
[7.052 ns ; 7.069 ns) | @@@@@@@@@@
---------------------------------------------------

SignedSeekBenchmarks.Dynamic: Jit(IterationCount=12, IterationTime=250ms, WarmupCount=16) [Case=LiteralNegativeFive]
Runtime = .NET 10.0.12 (10.0.12, 10.0.1226.42308), X64 RyuJIT x86-64-v3; GC = Concurrent Workstation
Mean = 12.182 ns, StdErr = 0.006 ns (0.05%), N = 12, StdDev = 0.021 ns
Min = 12.145 ns, Q1 = 12.165 ns, Median = 12.191 ns, Q3 = 12.194 ns, Max = 12.213 ns
IQR = 0.030 ns, LowerFence = 12.120 ns, UpperFence = 12.239 ns
ConfidenceInterval = [12.154 ns; 12.209 ns] (CI 99.9%), Margin = 0.027 ns (0.22% of Mean)
Skewness = -0.36, Kurtosis = 1.63, MValue = 2
-------------------- Histogram --------------------
[12.132 ns ; 12.225 ns) | @@@@@@@@@@@@
---------------------------------------------------

SignedSeekBenchmarks.Direct: Jit(IterationCount=12, IterationTime=250ms, WarmupCount=16) [Case=RuntimePositiveFive]
Runtime = .NET 10.0.12 (10.0.12, 10.0.1226.42308), X64 RyuJIT x86-64-v3; GC = Concurrent Workstation
Mean = 8.714 ns, StdErr = 0.011 ns (0.12%), N = 12, StdDev = 0.036 ns
Min = 8.658 ns, Q1 = 8.691 ns, Median = 8.702 ns, Q3 = 8.735 ns, Max = 8.774 ns
IQR = 0.044 ns, LowerFence = 8.626 ns, UpperFence = 8.801 ns
ConfidenceInterval = [8.667 ns; 8.760 ns] (CI 99.9%), Margin = 0.047 ns (0.53% of Mean)
Skewness = 0.4, Kurtosis = 1.82, MValue = 2
-------------------- Histogram --------------------
[8.637 ns ; 8.795 ns) | @@@@@@@@@@@@
---------------------------------------------------

SignedSeekBenchmarks.Typed: Jit(IterationCount=12, IterationTime=250ms, WarmupCount=16) [Case=RuntimePositiveFive]
Runtime = .NET 10.0.12 (10.0.12, 10.0.1226.42308), X64 RyuJIT x86-64-v3; GC = Concurrent Workstation
Mean = 7.350 ns, StdErr = 0.020 ns (0.27%), N = 12, StdDev = 0.068 ns
Min = 7.237 ns, Q1 = 7.302 ns, Median = 7.347 ns, Q3 = 7.381 ns, Max = 7.479 ns
IQR = 0.079 ns, LowerFence = 7.183 ns, UpperFence = 7.500 ns
ConfidenceInterval = [7.263 ns; 7.438 ns] (CI 99.9%), Margin = 0.088 ns (1.19% of Mean)
Skewness = 0.24, Kurtosis = 2.04, MValue = 2
-------------------- Histogram --------------------
[7.198 ns ; 7.519 ns) | @@@@@@@@@@@@
---------------------------------------------------

SignedSeekBenchmarks.Dynamic: Jit(IterationCount=12, IterationTime=250ms, WarmupCount=16) [Case=RuntimePositiveFive]
Runtime = .NET 10.0.12 (10.0.12, 10.0.1226.42308), X64 RyuJIT x86-64-v3; GC = Concurrent Workstation
Mean = 11.990 ns, StdErr = 0.005 ns (0.04%), N = 11, StdDev = 0.017 ns
Min = 11.946 ns, Q1 = 11.988 ns, Median = 11.997 ns, Q3 = 11.998 ns, Max = 12.006 ns
IQR = 0.010 ns, LowerFence = 11.973 ns, UpperFence = 12.013 ns
ConfidenceInterval = [11.966 ns; 12.014 ns] (CI 99.9%), Margin = 0.024 ns (0.20% of Mean)
Skewness = -1.48, Kurtosis = 4.25, MValue = 2
-------------------- Histogram --------------------
[11.935 ns ; 12.016 ns) | @@@@@@@@@@@
---------------------------------------------------

SignedSeekBenchmarks.Direct: Jit(IterationCount=12, IterationTime=250ms, WarmupCount=16) [Case=RuntimeNegativeFive]
Runtime = .NET 10.0.12 (10.0.12, 10.0.1226.42308), X64 RyuJIT x86-64-v3; GC = Concurrent Workstation
Mean = 8.594 ns, StdErr = 0.008 ns (0.09%), N = 11, StdDev = 0.026 ns
Min = 8.560 ns, Q1 = 8.570 ns, Median = 8.590 ns, Q3 = 8.616 ns, Max = 8.632 ns
IQR = 0.046 ns, LowerFence = 8.502 ns, UpperFence = 8.685 ns
ConfidenceInterval = [8.558 ns; 8.630 ns] (CI 99.9%), Margin = 0.036 ns (0.42% of Mean)
Skewness = 0.01, Kurtosis = 1.31, MValue = 2
-------------------- Histogram --------------------
[8.544 ns ; 8.647 ns) | @@@@@@@@@@@
---------------------------------------------------

SignedSeekBenchmarks.Typed: Jit(IterationCount=12, IterationTime=250ms, WarmupCount=16) [Case=RuntimeNegativeFive]
Runtime = .NET 10.0.12 (10.0.12, 10.0.1226.42308), X64 RyuJIT x86-64-v3; GC = Concurrent Workstation
Mean = 7.423 ns, StdErr = 0.009 ns (0.12%), N = 12, StdDev = 0.031 ns
Min = 7.358 ns, Q1 = 7.421 ns, Median = 7.429 ns, Q3 = 7.440 ns, Max = 7.458 ns
IQR = 0.019 ns, LowerFence = 7.392 ns, UpperFence = 7.469 ns
ConfidenceInterval = [7.383 ns; 7.463 ns] (CI 99.9%), Margin = 0.040 ns (0.53% of Mean)
Skewness = -1, Kurtosis = 2.77, MValue = 2
-------------------- Histogram --------------------
[7.340 ns ; 7.476 ns) | @@@@@@@@@@@@
---------------------------------------------------

SignedSeekBenchmarks.Dynamic: Jit(IterationCount=12, IterationTime=250ms, WarmupCount=16) [Case=RuntimeNegativeFive]
Runtime = .NET 10.0.12 (10.0.12, 10.0.1226.42308), X64 RyuJIT x86-64-v3; GC = Concurrent Workstation
Mean = 12.239 ns, StdErr = 0.011 ns (0.09%), N = 12, StdDev = 0.039 ns
Min = 12.170 ns, Q1 = 12.212 ns, Median = 12.238 ns, Q3 = 12.264 ns, Max = 12.305 ns
IQR = 0.052 ns, LowerFence = 12.134 ns, UpperFence = 12.343 ns
ConfidenceInterval = [12.189 ns; 12.289 ns] (CI 99.9%), Margin = 0.050 ns (0.41% of Mean)
Skewness = 0.02, Kurtosis = 1.83, MValue = 2
-------------------- Histogram --------------------
[12.148 ns ; 12.327 ns) | @@@@@@@@@@@@
---------------------------------------------------

SignedSeekBenchmarks.Direct: Jit(IterationCount=12, IterationTime=250ms, WarmupCount=16) [Case=RepeatedPositiveOneFive]
Runtime = .NET 10.0.12 (10.0.12, 10.0.1226.42308), X64 RyuJIT x86-64-v3; GC = Concurrent Workstation
Mean = 7.577 ns, StdErr = 0.006 ns (0.08%), N = 12, StdDev = 0.021 ns
Min = 7.546 ns, Q1 = 7.562 ns, Median = 7.577 ns, Q3 = 7.585 ns, Max = 7.610 ns
IQR = 0.022 ns, LowerFence = 7.528 ns, UpperFence = 7.618 ns
ConfidenceInterval = [7.550 ns; 7.603 ns] (CI 99.9%), Margin = 0.026 ns (0.35% of Mean)
Skewness = 0.18, Kurtosis = 1.78, MValue = 2
-------------------- Histogram --------------------
[7.534 ns ; 7.622 ns) | @@@@@@@@@@@@
---------------------------------------------------

SignedSeekBenchmarks.Typed: Jit(IterationCount=12, IterationTime=250ms, WarmupCount=16) [Case=RepeatedPositiveOneFive]
Runtime = .NET 10.0.12 (10.0.12, 10.0.1226.42308), X64 RyuJIT x86-64-v3; GC = Concurrent Workstation
Mean = 12.471 ns, StdErr = 0.005 ns (0.04%), N = 10, StdDev = 0.017 ns
Min = 12.449 ns, Q1 = 12.460 ns, Median = 12.471 ns, Q3 = 12.484 ns, Max = 12.499 ns
IQR = 0.024 ns, LowerFence = 12.424 ns, UpperFence = 12.520 ns
ConfidenceInterval = [12.446 ns; 12.496 ns] (CI 99.9%), Margin = 0.025 ns (0.20% of Mean)
Skewness = 0.11, Kurtosis = 1.56, MValue = 2
-------------------- Histogram --------------------
[12.439 ns ; 12.509 ns) | @@@@@@@@@@
---------------------------------------------------

SignedSeekBenchmarks.Dynamic: Jit(IterationCount=12, IterationTime=250ms, WarmupCount=16) [Case=RepeatedPositiveOneFive]
Runtime = .NET 10.0.12 (10.0.12, 10.0.1226.42308), X64 RyuJIT x86-64-v3; GC = Concurrent Workstation
Mean = 34.432 ns, StdErr = 0.020 ns (0.06%), N = 11, StdDev = 0.068 ns
Min = 34.334 ns, Q1 = 34.388 ns, Median = 34.419 ns, Q3 = 34.490 ns, Max = 34.531 ns
IQR = 0.102 ns, LowerFence = 34.236 ns, UpperFence = 34.643 ns
ConfidenceInterval = [34.338 ns; 34.525 ns] (CI 99.9%), Margin = 0.093 ns (0.27% of Mean)
Skewness = -0.1, Kurtosis = 1.43, MValue = 2
-------------------- Histogram --------------------
[34.294 ns ; 34.571 ns) | @@@@@@@@@@@
---------------------------------------------------

SignedSeekBenchmarks.Direct: Jit(IterationCount=12, IterationTime=250ms, WarmupCount=16) [Case=RepeatedNegativeOneFive]
Runtime = .NET 10.0.12 (10.0.12, 10.0.1226.42308), X64 RyuJIT x86-64-v3; GC = Concurrent Workstation
Mean = 7.560 ns, StdErr = 0.012 ns (0.16%), N = 12, StdDev = 0.041 ns
Min = 7.472 ns, Q1 = 7.539 ns, Median = 7.579 ns, Q3 = 7.590 ns, Max = 7.603 ns
IQR = 0.051 ns, LowerFence = 7.463 ns, UpperFence = 7.667 ns
ConfidenceInterval = [7.508 ns; 7.613 ns] (CI 99.9%), Margin = 0.052 ns (0.69% of Mean)
Skewness = -0.82, Kurtosis = 2.31, MValue = 2
-------------------- Histogram --------------------
[7.449 ns ; 7.627 ns) | @@@@@@@@@@@@
---------------------------------------------------

SignedSeekBenchmarks.Typed: Jit(IterationCount=12, IterationTime=250ms, WarmupCount=16) [Case=RepeatedNegativeOneFive]
Runtime = .NET 10.0.12 (10.0.12, 10.0.1226.42308), X64 RyuJIT x86-64-v3; GC = Concurrent Workstation
Mean = 13.862 ns, StdErr = 0.031 ns (0.23%), N = 12, StdDev = 0.108 ns
Min = 13.711 ns, Q1 = 13.772 ns, Median = 13.902 ns, Q3 = 13.917 ns, Max = 14.063 ns
IQR = 0.145 ns, LowerFence = 13.554 ns, UpperFence = 14.135 ns
ConfidenceInterval = [13.723 ns; 14.001 ns] (CI 99.9%), Margin = 0.139 ns (1.00% of Mean)
Skewness = 0.07, Kurtosis = 1.79, MValue = 2
-------------------- Histogram --------------------
[13.649 ns ; 14.068 ns) | @@@@@@@@@@@@
---------------------------------------------------

SignedSeekBenchmarks.Dynamic: Jit(IterationCount=12, IterationTime=250ms, WarmupCount=16) [Case=RepeatedNegativeOneFive]
Runtime = .NET 10.0.12 (10.0.12, 10.0.1226.42308), X64 RyuJIT x86-64-v3; GC = Concurrent Workstation
Mean = 38.805 ns, StdErr = 0.120 ns (0.31%), N = 11, StdDev = 0.397 ns
Min = 38.284 ns, Q1 = 38.530 ns, Median = 38.713 ns, Q3 = 39.087 ns, Max = 39.569 ns
IQR = 0.557 ns, LowerFence = 37.695 ns, UpperFence = 39.922 ns
ConfidenceInterval = [38.256 ns; 39.354 ns] (CI 99.9%), Margin = 0.549 ns (1.41% of Mean)
Skewness = 0.47, Kurtosis = 1.88, MValue = 2
-------------------- Histogram --------------------
[38.205 ns ; 39.803 ns) | @@@@@@@@@@@
---------------------------------------------------

SignedSeekBenchmarks.Direct: Jit(IterationCount=12, IterationTime=250ms, WarmupCount=16) [Case=LiteralPositiveSixtyFour]
Runtime = .NET 10.0.12 (10.0.12, 10.0.1226.42308), X64 RyuJIT x86-64-v3; GC = Concurrent Workstation
Mean = 114.867 ns, StdErr = 1.226 ns (1.07%), N = 12, StdDev = 4.247 ns
Min = 107.794 ns, Q1 = 111.293 ns, Median = 114.516 ns, Q3 = 119.018 ns, Max = 121.403 ns
IQR = 7.724 ns, LowerFence = 99.707 ns, UpperFence = 130.604 ns
ConfidenceInterval = [109.427 ns; 120.307 ns] (CI 99.9%), Margin = 5.440 ns (4.74% of Mean)
Skewness = 0.02, Kurtosis = 1.58, MValue = 2
-------------------- Histogram --------------------
[105.359 ns ; 110.636 ns) | @
[110.636 ns ; 115.506 ns) | @@@@@@@
[115.506 ns ; 122.584 ns) | @@@@
---------------------------------------------------

SignedSeekBenchmarks.Typed: Jit(IterationCount=12, IterationTime=250ms, WarmupCount=16) [Case=LiteralPositiveSixtyFour]
Runtime = .NET 10.0.12 (10.0.12, 10.0.1226.42308), X64 RyuJIT x86-64-v3; GC = Concurrent Workstation
Mean = 90.272 ns, StdErr = 0.006 ns (0.01%), N = 10, StdDev = 0.020 ns
Min = 90.231 ns, Q1 = 90.265 ns, Median = 90.268 ns, Q3 = 90.283 ns, Max = 90.309 ns
IQR = 0.017 ns, LowerFence = 90.239 ns, UpperFence = 90.309 ns
ConfidenceInterval = [90.241 ns; 90.302 ns] (CI 99.9%), Margin = 0.031 ns (0.03% of Mean)
Skewness = -0.13, Kurtosis = 2.92, MValue = 2
-------------------- Histogram --------------------
[90.218 ns ; 90.322 ns) | @@@@@@@@@@
---------------------------------------------------

SignedSeekBenchmarks.Dynamic: Jit(IterationCount=12, IterationTime=250ms, WarmupCount=16) [Case=LiteralPositiveSixtyFour]
Runtime = .NET 10.0.12 (10.0.12, 10.0.1226.42308), X64 RyuJIT x86-64-v3; GC = Concurrent Workstation
Mean = 90.935 ns, StdErr = 0.011 ns (0.01%), N = 11, StdDev = 0.038 ns
Min = 90.852 ns, Q1 = 90.916 ns, Median = 90.952 ns, Q3 = 90.964 ns, Max = 90.978 ns
IQR = 0.047 ns, LowerFence = 90.846 ns, UpperFence = 91.034 ns
ConfidenceInterval = [90.883 ns; 90.988 ns] (CI 99.9%), Margin = 0.053 ns (0.06% of Mean)
Skewness = -0.81, Kurtosis = 2.45, MValue = 2
-------------------- Histogram --------------------
[90.830 ns ; 91.001 ns) | @@@@@@@@@@@
---------------------------------------------------

SignedSeekBenchmarks.Direct: Jit(IterationCount=12, IterationTime=250ms, WarmupCount=16) [Case=RuntimePositiveSixtyFour]
Runtime = .NET 10.0.12 (10.0.12, 10.0.1226.42308), X64 RyuJIT x86-64-v3; GC = Concurrent Workstation
Mean = 105.417 ns, StdErr = 0.260 ns (0.25%), N = 12, StdDev = 0.902 ns
Min = 104.433 ns, Q1 = 104.799 ns, Median = 105.003 ns, Q3 = 105.939 ns, Max = 107.580 ns
IQR = 1.139 ns, LowerFence = 103.090 ns, UpperFence = 107.647 ns
ConfidenceInterval = [104.262 ns; 106.571 ns] (CI 99.9%), Margin = 1.155 ns (1.10% of Mean)
Skewness = 0.99, Kurtosis = 3.05, MValue = 2
-------------------- Histogram --------------------
[103.916 ns ; 108.097 ns) | @@@@@@@@@@@@
---------------------------------------------------

SignedSeekBenchmarks.Typed: Jit(IterationCount=12, IterationTime=250ms, WarmupCount=16) [Case=RuntimePositiveSixtyFour]
Runtime = .NET 10.0.12 (10.0.12, 10.0.1226.42308), X64 RyuJIT x86-64-v3; GC = Concurrent Workstation
Mean = 90.342 ns, StdErr = 0.014 ns (0.02%), N = 12, StdDev = 0.049 ns
Min = 90.282 ns, Q1 = 90.303 ns, Median = 90.325 ns, Q3 = 90.387 ns, Max = 90.423 ns
IQR = 0.084 ns, LowerFence = 90.176 ns, UpperFence = 90.513 ns
ConfidenceInterval = [90.279 ns; 90.404 ns] (CI 99.9%), Margin = 0.062 ns (0.07% of Mean)
Skewness = 0.35, Kurtosis = 1.44, MValue = 2
-------------------- Histogram --------------------
[90.254 ns ; 90.451 ns) | @@@@@@@@@@@@
---------------------------------------------------

SignedSeekBenchmarks.Dynamic: Jit(IterationCount=12, IterationTime=250ms, WarmupCount=16) [Case=RuntimePositiveSixtyFour]
Runtime = .NET 10.0.12 (10.0.12, 10.0.1226.42308), X64 RyuJIT x86-64-v3; GC = Concurrent Workstation
Mean = 90.991 ns, StdErr = 0.013 ns (0.01%), N = 11, StdDev = 0.044 ns
Min = 90.895 ns, Q1 = 90.973 ns, Median = 90.989 ns, Q3 = 91.021 ns, Max = 91.057 ns
IQR = 0.048 ns, LowerFence = 90.901 ns, UpperFence = 91.093 ns
ConfidenceInterval = [90.931 ns; 91.052 ns] (CI 99.9%), Margin = 0.061 ns (0.07% of Mean)
Skewness = -0.59, Kurtosis = 2.73, MValue = 2
-------------------- Histogram --------------------
[90.869 ns ; 91.083 ns) | @@@@@@@@@@@
---------------------------------------------------

// * Summary *

BenchmarkDotNet v0.15.8, Linux Omarchy
Intel Core i9-14900K 0.80GHz, 1 CPU, 32 logical and 24 physical cores
.NET SDK 10.0.401
  [Host] : .NET 10.0.12 (10.0.12, 10.0.1226.42308), X64 RyuJIT x86-64-v3
  Jit    : .NET 10.0.12 (10.0.12, 10.0.1226.42308), X64 RyuJIT x86-64-v3

Job=Jit  IterationCount=12  IterationTime=250ms  
WarmupCount=16  

| Method  | Case                     | Mean       | Error     | StdDev    | Median     | Ratio | RatioSD | Allocated | Alloc Ratio |
|-------- |------------------------- |-----------:|----------:|----------:|-----------:|------:|--------:|----------:|------------:|
| Direct  | LiteralPositiveOne       |   2.241 ns | 0.0414 ns | 0.0324 ns |   2.247 ns |  1.00 |    0.02 |         - |          NA |
| Typed   | LiteralPositiveOne       |   1.731 ns | 0.0151 ns | 0.0118 ns |   1.732 ns |  0.77 |    0.01 |         - |          NA |
| Dynamic | LiteralPositiveOne       |   6.948 ns | 0.0363 ns | 0.0240 ns |   6.950 ns |  3.10 |    0.04 |         - |          NA |
|         |                          |            |           |           |            |       |         |           |             |
| Direct  | LiteralNegativeOne       |   2.269 ns | 0.0070 ns | 0.0055 ns |   2.269 ns |  1.00 |    0.00 |         - |          NA |
| Typed   | LiteralNegativeOne       |   1.778 ns | 0.0091 ns | 0.0071 ns |   1.780 ns |  0.78 |    0.00 |         - |          NA |
| Dynamic | LiteralNegativeOne       |   7.237 ns | 0.0041 ns | 0.0032 ns |   7.238 ns |  3.19 |    0.01 |         - |          NA |
|         |                          |            |           |           |            |       |         |           |             |
| Direct  | RuntimePositiveOne       |   2.468 ns | 0.0032 ns | 0.0025 ns |   2.468 ns |  1.00 |    0.00 |         - |          NA |
| Typed   | RuntimePositiveOne       |   2.170 ns | 0.0060 ns | 0.0040 ns |   2.170 ns |  0.88 |    0.00 |         - |          NA |
| Dynamic | RuntimePositiveOne       |   7.011 ns | 0.0519 ns | 0.0406 ns |   6.987 ns |  2.84 |    0.02 |         - |          NA |
|         |                          |            |           |           |            |       |         |           |             |
| Direct  | RuntimeNegativeOne       |   2.480 ns | 0.0087 ns | 0.0063 ns |   2.481 ns |  1.00 |    0.00 |         - |          NA |
| Typed   | RuntimeNegativeOne       |   2.366 ns | 0.0074 ns | 0.0058 ns |   2.367 ns |  0.95 |    0.00 |         - |          NA |
| Dynamic | RuntimeNegativeOne       |   8.426 ns | 0.0627 ns | 0.0490 ns |   8.432 ns |  3.40 |    0.02 |         - |          NA |
|         |                          |            |           |           |            |       |         |           |             |
| Direct  | AlternatingOne           |   4.431 ns | 0.0108 ns | 0.0072 ns |   4.431 ns |  1.00 |    0.00 |         - |          NA |
| Typed   | AlternatingOne           |   2.513 ns | 0.0074 ns | 0.0054 ns |   2.514 ns |  0.57 |    0.00 |         - |          NA |
| Dynamic | AlternatingOne           |   6.629 ns | 0.0309 ns | 0.0223 ns |   6.624 ns |  1.50 |    0.01 |         - |          NA |
|         |                          |            |           |           |            |       |         |           |             |
| Direct  | LiteralPositiveFive      |   7.674 ns | 0.0314 ns | 0.0245 ns |   7.672 ns |  1.00 |    0.00 |         - |          NA |
| Typed   | LiteralPositiveFive      |   7.252 ns | 0.0345 ns | 0.0250 ns |   7.247 ns |  0.94 |    0.00 |         - |          NA |
| Dynamic | LiteralPositiveFive      |  11.920 ns | 0.0440 ns | 0.0344 ns |  11.925 ns |  1.55 |    0.01 |         - |          NA |
|         |                          |            |           |           |            |       |         |           |             |
| Direct  | LiteralNegativeFive      |   8.511 ns | 0.0358 ns | 0.0279 ns |   8.513 ns |  1.00 |    0.00 |         - |          NA |
| Typed   | LiteralNegativeFive      |   7.059 ns | 0.0054 ns | 0.0036 ns |   7.059 ns |  0.83 |    0.00 |         - |          NA |
| Dynamic | LiteralNegativeFive      |  12.182 ns | 0.0274 ns | 0.0214 ns |  12.191 ns |  1.43 |    0.01 |         - |          NA |
|         |                          |            |           |           |            |       |         |           |             |
| Direct  | RuntimePositiveFive      |   8.714 ns | 0.0466 ns | 0.0364 ns |   8.702 ns |  1.00 |    0.01 |         - |          NA |
| Typed   | RuntimePositiveFive      |   7.350 ns | 0.0876 ns | 0.0684 ns |   7.347 ns |  0.84 |    0.01 |         - |          NA |
| Dynamic | RuntimePositiveFive      |  11.990 ns | 0.0238 ns | 0.0172 ns |  11.997 ns |  1.38 |    0.01 |         - |          NA |
|         |                          |            |           |           |            |       |         |           |             |
| Direct  | RuntimeNegativeFive      |   8.594 ns | 0.0359 ns | 0.0260 ns |   8.590 ns |  1.00 |    0.00 |         - |          NA |
| Typed   | RuntimeNegativeFive      |   7.423 ns | 0.0396 ns | 0.0309 ns |   7.429 ns |  0.86 |    0.00 |         - |          NA |
| Dynamic | RuntimeNegativeFive      |  12.239 ns | 0.0499 ns | 0.0389 ns |  12.238 ns |  1.42 |    0.01 |         - |          NA |
|         |                          |            |           |           |            |       |         |           |             |
| Direct  | RepeatedPositiveOneFive  |   7.577 ns | 0.0265 ns | 0.0207 ns |   7.577 ns |  1.00 |    0.00 |         - |          NA |
| Typed   | RepeatedPositiveOneFive  |  12.471 ns | 0.0249 ns | 0.0165 ns |  12.471 ns |  1.65 |    0.00 |         - |          NA |
| Dynamic | RepeatedPositiveOneFive  |  34.432 ns | 0.0935 ns | 0.0676 ns |  34.419 ns |  4.54 |    0.01 |         - |          NA |
|         |                          |            |           |           |            |       |         |           |             |
| Direct  | RepeatedNegativeOneFive  |   7.560 ns | 0.0524 ns | 0.0409 ns |   7.579 ns |  1.00 |    0.01 |         - |          NA |
| Typed   | RepeatedNegativeOneFive  |  13.862 ns | 0.1386 ns | 0.1082 ns |  13.902 ns |  1.83 |    0.02 |         - |          NA |
| Dynamic | RepeatedNegativeOneFive  |  38.805 ns | 0.5490 ns | 0.3969 ns |  38.713 ns |  5.13 |    0.06 |         - |          NA |
|         |                          |            |           |           |            |       |         |           |             |
| Direct  | LiteralPositiveSixtyFour | 114.867 ns | 5.4401 ns | 4.2473 ns | 114.516 ns |  1.00 |    0.05 |         - |          NA |
| Typed   | LiteralPositiveSixtyFour |  90.272 ns | 0.0307 ns | 0.0203 ns |  90.268 ns |  0.79 |    0.03 |         - |          NA |
| Dynamic | LiteralPositiveSixtyFour |  90.935 ns | 0.0525 ns | 0.0380 ns |  90.952 ns |  0.79 |    0.03 |         - |          NA |
|         |                          |            |           |           |            |       |         |           |             |
| Direct  | RuntimePositiveSixtyFour | 105.417 ns | 1.1549 ns | 0.9017 ns | 105.003 ns |  1.00 |    0.01 |         - |          NA |
| Typed   | RuntimePositiveSixtyFour |  90.342 ns | 0.0625 ns | 0.0488 ns |  90.325 ns |  0.86 |    0.01 |         - |          NA |
| Dynamic | RuntimePositiveSixtyFour |  90.991 ns | 0.0606 ns | 0.0438 ns |  90.989 ns |  0.86 |    0.01 |         - |          NA |

// * Warnings *
MinIterationTime
  SignedSeekBenchmarks.Direct: Jit  -> The minimum observed iteration time is 65.752ms which is very small. It's recommended to increase it to at least 100ms using more operations.
  SignedSeekBenchmarks.Typed: Jit   -> The minimum observed iteration time is 48.686ms which is very small. It's recommended to increase it to at least 100ms using more operations.
  SignedSeekBenchmarks.Dynamic: Jit -> The minimum observed iteration time is 36.589ms which is very small. It's recommended to increase it to at least 100ms using more operations.
  SignedSeekBenchmarks.Direct: Jit  -> The minimum observed iteration time is 74.63ms which is very small. It's recommended to increase it to at least 100ms using more operations.
  SignedSeekBenchmarks.Typed: Jit   -> The minimum observed iteration time is 41.205ms which is very small. It's recommended to increase it to at least 100ms using more operations.
  SignedSeekBenchmarks.Dynamic: Jit -> The minimum observed iteration time is 36.014ms which is very small. It's recommended to increase it to at least 100ms using more operations.
  SignedSeekBenchmarks.Direct: Jit  -> The minimum observed iteration time is 68.649ms which is very small. It's recommended to increase it to at least 100ms using more operations.
  SignedSeekBenchmarks.Typed: Jit   -> The minimum observed iteration time is 60.214ms which is very small. It's recommended to increase it to at least 100ms using more operations.
  SignedSeekBenchmarks.Dynamic: Jit -> The minimum observed iteration time is 37.496ms which is very small. It's recommended to increase it to at least 100ms using more operations.
  SignedSeekBenchmarks.Direct: Jit  -> The minimum observed iteration time is 77.208ms which is very small. It's recommended to increase it to at least 100ms using more operations.
  SignedSeekBenchmarks.Typed: Jit   -> The minimum observed iteration time is 58.194ms which is very small. It's recommended to increase it to at least 100ms using more operations.
  SignedSeekBenchmarks.Dynamic: Jit -> The minimum observed iteration time is 41.47ms which is very small. It's recommended to increase it to at least 100ms using more operations.
  SignedSeekBenchmarks.Direct: Jit  -> The minimum observed iteration time is 90.699ms which is very small. It's recommended to increase it to at least 100ms using more operations.
  SignedSeekBenchmarks.Typed: Jit   -> The minimum observed iteration time is 59.86ms which is very small. It's recommended to increase it to at least 100ms using more operations.
  SignedSeekBenchmarks.Dynamic: Jit -> The minimum observed iteration time is 34.146ms which is very small. It's recommended to increase it to at least 100ms using more operations.
  SignedSeekBenchmarks.Direct: Jit  -> The minimum observed iteration time is 61.623ms which is very small. It's recommended to increase it to at least 100ms using more operations.
  SignedSeekBenchmarks.Typed: Jit   -> The minimum observed iteration time is 61.478ms which is very small. It's recommended to increase it to at least 100ms using more operations.
  SignedSeekBenchmarks.Dynamic: Jit -> The minimum observed iteration time is 26.417ms which is very small. It's recommended to increase it to at least 100ms using more operations.
  SignedSeekBenchmarks.Direct: Jit  -> The minimum observed iteration time is 69.892ms which is very small. It's recommended to increase it to at least 100ms using more operations.
  SignedSeekBenchmarks.Typed: Jit   -> The minimum observed iteration time is 52.245ms which is very small. It's recommended to increase it to at least 100ms using more operations.
  SignedSeekBenchmarks.Dynamic: Jit -> The minimum observed iteration time is 24.674ms which is very small. It's recommended to increase it to at least 100ms using more operations.
  SignedSeekBenchmarks.Direct: Jit  -> The minimum observed iteration time is 60.714ms which is very small. It's recommended to increase it to at least 100ms using more operations.
  SignedSeekBenchmarks.Typed: Jit   -> The minimum observed iteration time is 60.24ms which is very small. It's recommended to increase it to at least 100ms using more operations.
  SignedSeekBenchmarks.Dynamic: Jit -> The minimum observed iteration time is 26.618ms which is very small. It's recommended to increase it to at least 100ms using more operations.
  SignedSeekBenchmarks.Direct: Jit  -> The minimum observed iteration time is 67.879ms which is very small. It's recommended to increase it to at least 100ms using more operations.
  SignedSeekBenchmarks.Typed: Jit   -> The minimum observed iteration time is 54.009ms which is very small. It's recommended to increase it to at least 100ms using more operations.
  SignedSeekBenchmarks.Dynamic: Jit -> The minimum observed iteration time is 24.726ms which is very small. It's recommended to increase it to at least 100ms using more operations.
  SignedSeekBenchmarks.Direct: Jit  -> The minimum observed iteration time is 58.85ms which is very small. It's recommended to increase it to at least 100ms using more operations.
  SignedSeekBenchmarks.Typed: Jit   -> The minimum observed iteration time is 51.4ms which is very small. It's recommended to increase it to at least 100ms using more operations.
  SignedSeekBenchmarks.Dynamic: Jit -> The minimum observed iteration time is 38.252ms which is very small. It's recommended to increase it to at least 100ms using more operations.
  SignedSeekBenchmarks.Direct: Jit  -> The minimum observed iteration time is 60.726ms which is very small. It's recommended to increase it to at least 100ms using more operations.
  SignedSeekBenchmarks.Typed: Jit   -> The minimum observed iteration time is 53.018ms which is very small. It's recommended to increase it to at least 100ms using more operations.
  SignedSeekBenchmarks.Dynamic: Jit -> The minimum observed iteration time is 40.144ms which is very small. It's recommended to increase it to at least 100ms using more operations.
  SignedSeekBenchmarks.Direct: Jit  -> The minimum observed iteration time is 77.709ms which is very small. It's recommended to increase it to at least 100ms using more operations.
  SignedSeekBenchmarks.Typed: Jit   -> The minimum observed iteration time is 70.961ms which is very small. It's recommended to increase it to at least 100ms using more operations.
  SignedSeekBenchmarks.Dynamic: Jit -> The minimum observed iteration time is 23.817ms which is very small. It's recommended to increase it to at least 100ms using more operations.
  SignedSeekBenchmarks.Direct: Jit  -> The minimum observed iteration time is 75.286ms which is very small. It's recommended to increase it to at least 100ms using more operations.
  SignedSeekBenchmarks.Typed: Jit   -> The minimum observed iteration time is 71.001ms which is very small. It's recommended to increase it to at least 100ms using more operations.
  SignedSeekBenchmarks.Dynamic: Jit -> The minimum observed iteration time is 23.828ms which is very small. It's recommended to increase it to at least 100ms using more operations.

// * Hints *
Outliers
  SignedSeekBenchmarks.Dynamic: Jit -> 2 outliers were removed, 3 outliers were detected (6.89 ns, 7.00 ns, 7.10 ns)
  SignedSeekBenchmarks.Direct: Jit  -> 1 outlier  was  detected (2.25 ns)
  SignedSeekBenchmarks.Dynamic: Jit -> 1 outlier  was  detected (7.23 ns)
  SignedSeekBenchmarks.Typed: Jit   -> 2 outliers were removed, 3 outliers were detected (2.16 ns, 2.18 ns, 2.23 ns)
  SignedSeekBenchmarks.Direct: Jit  -> 1 outlier  was  removed (2.52 ns)
  SignedSeekBenchmarks.Direct: Jit  -> 2 outliers were removed (4.46 ns, 4.51 ns)
  SignedSeekBenchmarks.Typed: Jit   -> 1 outlier  was  removed (2.53 ns)
  SignedSeekBenchmarks.Dynamic: Jit -> 1 outlier  was  removed (6.72 ns)
  SignedSeekBenchmarks.Typed: Jit   -> 1 outlier  was  removed (7.44 ns)
  SignedSeekBenchmarks.Typed: Jit   -> 2 outliers were removed (7.13 ns, 7.14 ns)
  SignedSeekBenchmarks.Dynamic: Jit -> 1 outlier  was  removed, 3 outliers were detected (11.95 ns, 11.97 ns, 12.09 ns)
  SignedSeekBenchmarks.Direct: Jit  -> 1 outlier  was  removed (9.37 ns)
  SignedSeekBenchmarks.Typed: Jit   -> 2 outliers were detected (7.36 ns, 7.37 ns)
  SignedSeekBenchmarks.Typed: Jit   -> 2 outliers were removed (12.55 ns, 12.56 ns)
  SignedSeekBenchmarks.Dynamic: Jit -> 1 outlier  was  removed (34.70 ns)
  SignedSeekBenchmarks.Dynamic: Jit -> 1 outlier  was  removed (40.18 ns)
  SignedSeekBenchmarks.Typed: Jit   -> 2 outliers were removed (90.68 ns, 90.91 ns)
  SignedSeekBenchmarks.Dynamic: Jit -> 1 outlier  was  removed, 2 outliers were detected (90.85 ns, 91.08 ns)
  SignedSeekBenchmarks.Dynamic: Jit -> 1 outlier  was  removed, 2 outliers were detected (90.90 ns, 91.17 ns)

// * Legends *
  Case        : Value of the 'Case' parameter
  Mean        : Arithmetic mean of all measurements
  Error       : Half of 99.9% confidence interval
  StdDev      : Standard deviation of all measurements
  Median      : Value separating the higher half of all measurements (50th percentile)
  Ratio       : Mean of the ratio distribution ([Current]/[Baseline])
  RatioSD     : Standard deviation of the ratio distribution ([Current]/[Baseline])
  Allocated   : Allocated memory per single operation (managed only, inclusive, 1KB = 1024B)
  Alloc Ratio : Allocated memory ratio distribution ([Current]/[Baseline])
  1 ns        : 1 Nanosecond (0.000000001 sec)

// * Diagnostic Output - MemoryDiagnoser *


// ***** BenchmarkRunner: End *****
Run time: 00:02:15 (135.64 sec), executed benchmarks: 39

Global total time: 00:02:22 (142.12 sec), executed benchmarks: 39
// * Artifacts cleanup *
Artifacts cleanup is finished
